statecode,countycode,v052_rawvalue,v052_numerator,v052_denominator,v052_flag_CT
00,000,0.21502604320446125,73132720,340110988,
01,000,0.22003164589480698,1134857,5157699,
01,001,0.23324222308993883,14336,61464,
01,003,0.207371334209963,54250,261608,
01,005,0.20371130634699072,4962,24358,
01,007,0.19925420073681374,4435,22258,
01,009,0.22806376011834517,13721,60163,
01,011,0.2021007978992021,2001,9901,
01,013,0.22069456617002628,4029,18256,
01,015,0.21391086260059952,24905,116427,
01,017,0.20977138970218556,7093,33813,
01,019,0.18149820185171014,4744,26138,
01,021,0.24245694215225763,11459,47262,
01,023,0.18992698307334882,2289,12052,
01,025,0.2201698130250203,4875,22142,
01,027,0.2106889528759042,3000,14239,
01,029,0.23049355548569633,3666,15905,
01,031,0.24092409240924093,13578,56358,
01,033,0.2140341923960194,12582,58785,
01,035,0.2028985507246377,2254,11109,
01,037,0.15984841123311633,1645,10291,
01,039,0.2230846667373106,8421,37748,
01,041,0.2283818819582126,2995,13114,
01,043,0.2225713792060818,20611,92604,
01,045,0.23336728783430202,11684,50067,
01,047,0.22979321986214657,8168,35545,
01,049,0.23493613413199857,17179,73122,
01,051,0.21200105445838185,19301,91042,
01,053,0.22536172536172536,8255,36630,
01,055,0.220014146327284,22707,103207,
01,057,0.21181365441593644,3360,15863,
01,059,0.2513961222312857,8013,31874,
01,061,0.21743277449649656,5927,27259,
01,063,0.213975024554511,1525,7127,
01,065,0.24735379730087326,3739,15116,
01,067,0.2056115980375944,3730,18141,
01,069,0.2266517930618291,24788,109366,
01,071,0.20840461137969504,11208,53780,
01,073,0.22670832681453312,150703,664744,
01,075,0.21841541755888652,2958,13543,
01,077,0.190652499435909,18589,97502,
01,079,0.21628385021002772,7260,33567,
01,081,0.20403306946610805,38327,187847,
01,083,0.2191572363000454,26067,118942,
01,085,0.21897733263046917,2077,9485,
01,087,0.16245387961892174,2950,18159,
01,089,0.21331034238405122,90306,423355,
01,091,0.2216400172860847,4103,18512,
01,093,0.20959656242539987,6146,29323,
01,095,0.2618348408316692,26748,102156,
01,097,0.22935739767521385,94573,412339,
01,099,0.20800755627853282,3964,19057,
01,101,0.2405995732511709,54350,225894,
01,103,0.23190888613939914,29240,126084,
01,105,0.2137582588418189,1650,7719,
01,107,0.1873244002593473,3467,18508,
01,109,0.19674556213017752,6517,33124,
01,111,0.20817618242510946,4802,23067,
01,113,0.24214354912724986,14247,58837,
01,115,0.21823640471695194,21153,96927,
01,117,0.22174522924621454,52325,235969,
01,119,0.19290083570259325,2239,11607,
01,121,0.20318279569892472,16534,81375,
01,123,0.19740042752893192,8034,40699,
01,125,0.20142861880835117,48587,241212,
01,127,0.2339564817652467,15268,65260,
01,129,0.2135437475029964,3207,15018,
01,131,0.21743537759756715,2145,9865,
01,133,0.2047006577569232,4886,23869,
02,000,0.23637238172058264,174947,740133,
02,013,0.053138766519823785,193,3632,
02,016,0.08738938053097345,474,5424,
02,020,0.23128798342541437,66981,289600,
02,050,0.35422492734550637,6460,18237,
02,060,0.20588235294117646,182,884,
02,063,0.21032707450030286,1389,6604,
02,066,0.24401368301026224,642,2631,
02,068,0.18877236273904996,306,1621,
02,070,0.3095648427401982,1437,4642,
02,090,0.23303598698275954,22127,94951,
02,100,0.17157794676806085,361,2104,
02,105,0.1647923875432526,381,2312,
02,110,0.19881540605599898,6277,31572,
02,122,0.2149724938376402,13169,61259,
02,130,0.1915624771514221,2620,13677,
02,150,0.23138928402086298,2928,12654,
02,158,0.41542914674049836,3301,7946,
02,164,0.2737642585551331,360,1315,
02,170,0.2502104359211992,29428,117613,
02,180,0.33387555917039446,3284,9836,
02,185,0.24148926193378975,2575,10663,
02,188,0.37706756377908607,2690,7134,
02,195,0.19266589057043074,662,3436,
02,198,0.2203271841280891,1266,5746,
02,220,0.18348294434470377,1533,8355,
02,230,0.15013404825737264,168,1119,
02,240,0.2563927252837413,1875,7313,
02,275,0.187015503875969,386,2064,
02,282,0.19855072463768117,137,690,
02,290,0.26573838007452444,1355,5099,
04,000,0.20945589144522356,1588175,7582384,
04,001,0.2501851851851852,16212,64800,
04,003,0.20001908199693097,25157,125773,
04,005,0.18699237398474797,27144,145161,
04,007,0.18567492094021046,10040,54073,
04,009,0.25647333631529246,10321,40242,
04,011,0.26578108395324124,2501,9410,
04,012,0.15095338983050846,2565,16992,
04,013,0.21714298186897937,1014730,4673096,
04,015,0.15805880456907703,35797,226479,
04,017,0.24523357317652214,26857,109516,
04,019,0.1902024628083718,205447,1080149,
04,021,0.21100801382472337,108429,513862,
04,023,0.24556505900055436,12403,50508,
04,025,0.14999623035319606,37801,252013,
04,027,0.23953066134083792,52771,220310,
05,000,0.22725503617784748,701844,3088354,
05,001,0.23096573208722743,3707,16050,
05,003,0.22497775800711745,4046,17984,
05,005,0.1733903783105076,7457,43007,
05,007,0.24753238837439281,79598,321566,
05,009,0.224143286054457,8660,38636,
05,011,0.23915450427780574,2376,9935,
05,013,0.18422174840085287,864,4690,
05,015,0.2140292736813035,6200,28968,
05,017,0.2092320966350302,1940,9272,
05,019,0.20683556405353729,4327,20920,
05,021,0.21024659863945577,2967,14112,
05,023,0.1880605162598456,4823,25646,
05,025,0.20999049816750373,1547,7367,
05,027,0.2104068289139121,4634,22024,
05,029,0.2253757819064513,4828,21422,
05,031,0.2496461001968028,28922,115852,
05,033,0.23489350766166597,14624,62258,
05,035,0.2650269122724251,12359,46633,
05,037,0.236754353464246,3834,16194,
05,039,0.1978275181040158,1202,6076,
05,041,0.24280592965797887,2506,10321,
05,043,0.21806908768821967,3693,16935,
05,045,0.22220787016282834,29245,131611,
05,047,0.2222790856363016,3909,17586,
05,049,0.2106647537063606,2643,12546,
05,051,0.19351964925627116,19333,99902,
05,053,0.21945432977461446,4070,18546,
05,055,0.23391152403682236,10977,46928,
05,057,0.2486783564511908,4751,19105,
05,059,0.1890853420586558,6299,33313,
05,061,0.2535722935335432,3141,12387,
05,063,0.2360412048506976,9051,38345,
05,065,0.1731859212091526,2475,14291,
05,067,0.19648533557248246,3276,16673,
05,069,0.21254240482472672,13533,63672,
05,071,0.23720006113403638,6208,26172,
05,073,0.1827098919368246,1099,6015,
05,075,0.22238577123581724,3626,16305,
05,077,0.175715695952616,1424,8104,
05,079,0.15239353434877215,1961,12868,
05,081,0.21047651814897644,2447,11626,
05,083,0.21927576082397354,4705,21457,
05,085,0.24042728665121943,18366,76389,
05,087,0.23196193674783094,4144,17865,
05,089,0.18240209174103336,3209,17593,
05,091,0.22798989465656133,9566,41958,
05,093,0.2548890930568316,9710,38095,
05,095,0.23881527669524552,1532,6415,
05,097,0.1809635722679201,1540,8510,
05,099,0.21576711644177912,1727,8004,
05,101,0.18089951608311983,1271,7026,
05,103,0.21983951300498064,4767,21684,
05,105,0.2181250609696615,2236,10251,
05,107,0.2487552008730646,3647,14661,
05,109,0.21841029221103023,2190,10027,
05,111,0.24286995515695067,5416,22300,
05,113,0.22048986312647936,4285,19434,
05,115,0.22801524009316818,14782,64829,
05,117,0.21172022684310018,1680,7935,
05,119,0.22926205543744033,91982,401209,
05,121,0.2464810924369748,4693,19040,
05,123,0.2093300339107323,4568,21822,
05,125,0.2292231737421144,30086,131252,
05,127,0.22943986987902815,2257,9837,
05,129,0.20929045431342522,1640,7836,
05,131,0.23341408082439344,30352,130035,
05,133,0.2758182395932634,4340,15735,
05,135,0.20038610038610039,3633,18130,
05,137,0.19139616738365273,2447,12785,
05,139,0.2365974924340683,8756,37008,
05,141,0.1853021297672115,2993,16152,
05,143,0.22815420911850448,60731,266184,
05,145,0.22675146350406494,17934,79091,
05,147,0.21952479338842976,1275,5808,
05,149,0.23850203635641204,4802,20134,
06,000,0.21349942557001028,8418552,39431263,
06,001,0.19201059997816938,316637,1649060,
06,003,0.15559599636032756,171,1099,
06,005,0.15626041022224338,6567,42026,
06,007,0.2014361554043027,41966,208334,
06,009,0.17477690570906354,8128,46505,
06,011,0.26483645918274895,5846,22074,
06,013,0.21445804092931392,251475,1172607,
06,015,0.20385797326816987,5506,27009,
06,017,0.19055818030006794,36744,192823,
06,019,0.2717051141218113,278260,1024125,
06,021,0.2614824759751272,7401,28304,
06,023,0.18188548119051215,24078,132380,
06,025,0.27874689088948074,50655,181724,
06,027,0.19561806870435489,3616,18485,
06,029,0.2788421827389708,257240,922529,
06,031,0.26275393285263343,40704,154913,
06,033,0.2188034944808453,14827,67764,
06,035,0.18877911079745943,5350,28340,
06,037,0.19933486922808324,1944946,9757179,
06,039,0.2656801586150201,43952,165432,
06,041,0.18657566302652107,47838,256400,
06,043,0.17251290473955888,2941,17048,
06,045,0.20551724137931035,18327,89175,
06,047,0.2781780075073962,82556,296774,
06,049,0.18478388882346014,1569,8491,
06,051,0.17442845046570704,2266,12991,
06,053,0.2516922597312098,109801,436251,
06,055,0.18538805216723048,24606,132727,
06,057,0.16699447135378442,17066,102195,
06,059,0.20278132180599823,642905,3170435,
06,061,0.21317498882029956,92480,433822,
06,063,0.16549856642242752,3117,18834,
06,065,0.23383860363100525,591596,2529933,
06,067,0.22362342829799078,360309,1611231,
06,069,0.24635983747596119,17038,69159,
06,071,0.24800285058671415,549148,2214281,
06,073,0.20358712367743534,671593,3298799,
06,075,0.13504953318687268,111757,827526,
06,077,0.2533794546800178,206785,816108,
06,079,0.17120169739890648,48252,281843,
06,081,0.18870281453722137,140186,742893,
06,083,0.2217570303712036,98571,444500,
06,085,0.19406590269035598,373834,1926325,
06,087,0.17604780378497442,46196,262406,
06,089,0.2123221492814196,38456,181121,
06,091,0.15130099582396403,471,3113,
06,093,0.19327968374982352,8214,42498,
06,095,0.21427331515421852,97516,455101,
06,097,0.18419778521761523,89405,485375,
06,099,0.2598550735045927,144732,556972,
06,101,0.24514688720888933,24158,98545,
06,103,0.2391429147724628,15413,64451,
06,105,0.17158931082981715,2684,15642,
06,107,0.2896952926919052,140081,483546,
06,109,0.17130239548735457,9232,53893,
06,111,0.21116985685164594,176417,835427,
06,113,0.19219448526310648,43292,225251,
06,115,0.2706673221369857,23675,87469,
08,000,0.20363683180156486,1213165,5957493,
08,001,0.23883139677295187,129679,542973,
08,003,0.2394391515369405,3996,16689,
08,005,0.22045738756488803,147027,666918,
08,007,0.16291099773242632,2299,14112,
08,009,0.22304722304722305,751,3367,
08,011,0.15469804464440215,894,5779,
08,013,0.16585619901774953,54776,330262,
08,014,0.1916550693921326,15011,78323,
08,015,0.1451395572666025,3016,20780,
08,017,0.25934579439252337,444,1712,
08,019,0.12307183781401498,1117,9076,
08,021,0.2539409193270632,1917,7549,
08,023,0.1850244167118828,682,3686,
08,025,0.11428571428571428,640,5600,
08,027,0.15000900414190527,833,5553,
08,029,0.18525531584665528,5968,32215,
08,031,0.17623546162720038,128479,729019,
08,033,0.16822051074179165,415,2467,
08,035,0.22291907257706317,87829,393995,
08,037,0.1909626357445242,10375,54330,
08,039,0.21145599346538696,6213,29382,
08,041,0.22525944110567342,169569,752772,
08,043,0.15315513145549278,7672,50093,
08,045,0.2360093086580018,14908,63167,
08,047,0.12191849740063726,727,5963,
08,049,0.15073665965086047,2435,16154,
08,051,0.15233968804159445,2637,17310,
08,053,0.11914323962516733,89,747,
08,055,0.14510589582140812,1014,6988,
08,057,0.16967792615868027,216,1273,
08,059,0.17679371790373238,102281,578533,
08,061,0.24856321839080459,346,1392,
08,063,0.2577683615819209,1825,7080,
08,065,0.20002714072465735,1474,7369,
08,067,0.16651707935167098,9462,56823,
08,069,0.1756475356004421,65793,374574,
08,071,0.17309546769527484,2513,14518,
08,073,0.19667738478027866,1101,5598,
08,075,0.18067935437244037,3750,20755,
08,077,0.19495845218901153,31439,161260,
08,079,0.1264737406216506,118,933,
08,081,0.23664586820879624,3110,13142,
08,083,0.20532021906784398,5511,26841,
08,085,0.19537561933669598,8754,44806,
08,087,0.2636963696369637,7990,30300,
08,089,0.22922572397309765,4124,17991,
08,091,0.12930536848181642,672,5197,
08,093,0.14184319720462985,2598,18316,
08,095,0.24621212121212122,1105,4488,
08,097,0.14528630655530853,2418,16643,
08,099,0.26034958601655933,3113,11957,
08,101,0.21236150848315732,36073,169866,
08,103,0.22566974421068564,1491,6607,
08,105,0.20319798778296802,2262,11132,
08,107,0.17022540902428396,4297,25243,
08,109,0.18065967016491755,1205,6670,
08,111,0.11693057247259439,96,821,
08,113,0.15065865200153472,1178,7819,
08,115,0.19184758529020823,433,2257,
08,117,0.15478272132633897,4780,30882,
08,119,0.15582012710160084,3874,24862,
08,121,0.22259484384824985,1062,4771,
08,123,0.2499154822918498,92405,369745,
08,125,0.2870222929936306,2884,10048,
09,000,0.19804444487981043,727827,3675069,
09,001,,,,U
09,003,,,,U
09,005,,,,U
09,007,,,,U
09,009,,,,U
09,011,,,,U
09,013,,,,U
09,015,,,,U
09,110,0.19738822077078552,195712,991508,A
09,120,0.21779983674247616,73108,335666,A
09,130,0.16191280838120986,28746,177540,A
09,140,0.1999783652806023,92434,462220,A
09,150,0.18122639481683914,17706,97701,A
09,160,0.17438935679792464,19898,114101,A
09,170,0.19171588193883318,110566,576718,A
09,180,0.18744736413755034,52973,282602,A
09,190,0.21457018930539878,136684,637013,A
10,000,0.20316526874268598,213713,1051917,
10,001,0.2246198557268151,43282,192690,
10,003,0.20852994339330685,122635,588093,
10,005,0.17628183850052004,47796,271134,
11,000,0.18487860448558205,129831,702250,
11,001,0.18487860448558205,129831,702250,
12,000,0.19252313056336337,4499692,23372215,
12,001,0.17625144799884845,51427,291782,
12,003,0.24484228473998296,7180,29325,
12,005,0.2131805846243203,42576,199718,
12,007,0.20968833481745325,5887,28075,
12,009,0.17795509737306114,117174,658447,
12,011,0.2039360540905593,415514,2037472,
12,013,0.19965356228347642,2651,13278,
12,015,0.11654142427470984,24721,212122,
12,017,0.14501040111885483,24677,170174,
12,019,0.2241172495353945,53062,236760,
12,021,0.16130148258307248,67139,416233,
12,023,0.22050096651662002,16312,73977,
12,027,0.18021989984759418,6622,36744,
12,029,0.17843760644941523,3143,17614,
12,031,0.22068522374353058,232858,1055159,
12,033,0.2056237265112067,68118,331275,
12,035,0.15561194641081144,21279,136744,
12,037,0.14839355882579552,1926,12979,
12,039,0.21725442232339018,9592,44151,
12,041,0.21183215538970987,4286,20233,
12,043,0.12473347547974413,1638,13132,
12,045,0.1571554547745024,2495,15876,
12,047,0.1974326775498814,2830,14334,
12,049,0.24735307656897346,6448,26068,
12,051,0.24452633860828094,11280,46130,
12,053,0.1830666972266789,39936,218150,
12,055,0.16433165115050374,18040,109778,
12,057,0.21165770639916126,334721,1581426,
12,059,0.2045180116723687,4065,19876,
12,061,0.14739251418911462,25372,172139,
12,063,0.18817527010804322,9405,49980,
12,065,0.16738898310407638,2665,15921,
12,067,0.1795138888888889,1551,8640,
12,069,0.18725405444345392,83179,444204,
12,071,0.17135891488444863,147533,860959,
12,073,0.18274939431857512,54914,300488,
12,075,0.1908929132209777,9118,47765,
12,077,0.17686989314896293,1407,7955,
12,079,0.18596166412546286,3415,18364,
12,081,0.17034724403951548,78079,458352,
12,083,0.18514822629719868,79411,428905,
12,085,0.15802276870329457,26179,165666,
12,086,0.19739253067066978,560291,2838461,
12,087,0.1563009838334899,12646,80908,
12,089,0.1886161569709512,19687,104376,
12,091,0.22463863427112293,49529,220483,
12,093,0.2154169321909887,9127,42369,
12,095,0.21018214111991945,322345,1533646,
12,097,0.23474013904259727,109872,468058,
12,099,0.1871692197806018,296112,1582055,
12,101,0.20087875542015493,132402,659114,
12,103,0.14901694845061964,143931,965870,
12,105,0.21802532132380012,185949,852878,
12,107,0.20870363902148742,16133,77301,
12,109,0.21231727416041657,71111,334928,
12,111,0.19495994061484118,76165,390670,
12,113,0.21360635290604998,44356,207653,
12,115,0.13937566617149666,66427,476604,
12,117,0.20090577329384054,99369,494605,
12,119,0.07392060403508885,11435,154693,
12,121,0.20302507573207673,9651,47536,
12,123,0.21517190862061072,4700,21843,
12,125,0.20860338035328505,3283,15738,
12,127,0.17200367634860278,103679,602772,
12,129,0.2045264717769096,7591,37115,
12,131,0.21122833627015813,18940,89666,
12,133,0.1937893823340754,5136,26503,
13,000,0.2272407408434293,2540751,11180878,
13,001,0.23691681396968237,4423,18669,
13,003,0.25311203319502074,2135,8435,
13,005,0.244545043005885,2701,11045,
13,007,0.17240117130307467,471,2732,
13,009,0.17922280267619833,7822,43644,
13,011,0.2132591790530564,4333,20318,
13,013,0.2461212536606642,23700,96294,
13,015,0.2254399700445927,26491,117508,
13,017,0.23788728238418413,4031,16945,
13,019,0.2304725168756027,4302,18666,
13,021,0.24287515281173594,38145,157056,
13,023,0.2030730239188975,2564,12626,
13,025,0.2269220537376962,4265,18795,
13,027,0.20276554087126775,3314,16344,
13,029,0.2842383328441444,14526,51105,
13,031,0.19615231586584594,16762,85454,
13,033,0.23631088591042823,5783,24472,
13,035,0.20794780108379105,5641,27127,
13,037,0.1461128469031428,795,5441,
13,039,0.23941183437960034,14149,59099,
13,043,0.2572327044025157,2863,11130,
13,045,0.23535343427423389,30575,129911,
13,047,0.20762982303452276,14314,68940,
13,049,0.1727209891713386,2249,13021,
13,051,0.20066637165838042,61672,307336,
13,053,0.23373888628919046,1998,8548,
13,055,0.2183671856476725,5526,25306,
13,057,0.21702616238463032,63700,293513,
13,059,0.16273702834724413,21155,129995,
13,061,0.1946714031971581,548,2815,
13,063,0.25594972170250213,76197,297703,
13,065,0.24450589433852424,1680,6871,
13,067,0.21893673702094374,172421,787538,
13,069,0.24850060431917173,10897,43851,
13,071,0.25584860676501264,12019,46977,
13,073,0.24195686443106906,40521,167472,
13,075,0.25361432384341637,4561,17984,
13,077,0.22550289762565331,35682,158233,
13,079,0.19928739169163495,2461,12349,
13,081,0.2298643928498048,4475,19468,
13,083,0.18950709484690068,3045,16068,
13,085,0.2033305677373474,6862,33748,
13,087,0.23952910754993026,7040,29391,
13,089,0.22199071279373028,171001,770307,
13,091,0.17987773815588384,3531,19630,
13,093,0.15072411943500805,1686,11186,
13,095,0.23931665412895242,19724,82418,
13,097,0.24707183629935411,37527,151887,
13,099,0.23879739563385677,2494,10444,
13,101,0.25797728501892914,954,3698,
13,103,0.2583529283097282,18898,73148,
13,105,0.22444422389837237,4523,20152,
13,107,0.24289528074405786,5641,23224,
13,109,0.24004048210506945,2609,10869,
13,111,0.15258760733348806,3945,25854,
13,113,0.2174858321276987,27209,125107,
13,115,0.22480520761416314,22793,101390,
13,117,0.2469546155603793,69171,280096,
13,119,0.2213979688987623,5581,25208,
13,121,0.2038805745656915,222302,1090354,
13,123,0.17808383592882648,5935,33327,
13,125,0.21409574468085107,644,3008,
13,127,0.20266928587936214,17539,86540,
13,129,0.22746646918456348,13822,60765,
13,131,0.24285333637851622,6380,26271,
13,133,0.16243895500450428,3426,21091,
13,135,0.2518346517324472,252809,1003869,
13,137,0.2160072485653881,10728,49665,
13,139,0.23153622404112834,51342,221745,
13,141,0.14050443395139928,1220,8683,
13,143,0.23997037402789778,7776,32404,
13,145,0.21018711581683772,7762,36929,
13,147,0.19852416939968628,5569,28052,
13,149,0.22485353577027808,2725,12119,
13,151,0.24614079401500105,63828,259315,
13,153,0.2517824776868671,44036,174897,
13,155,0.23069361004915348,2112,9155,
13,157,0.24783373301358913,23253,93825,
13,159,0.23108194436378418,3979,17219,
13,161,0.2511409484754283,3797,15119,
13,163,0.2253811838338105,3385,15019,
13,165,0.19771389769126302,1747,8836,
13,167,0.1745478317716278,1602,9178,
13,169,0.21823251970943644,6339,29047,
13,171,0.21058482358627356,4357,20690,
13,173,0.2271597859327217,2377,10464,
13,175,0.24702209318511742,12422,50287,
13,177,0.24491532885275732,8345,34073,
13,179,0.2818371303219788,19336,68607,
13,181,0.19182507143744565,1544,8049,
13,183,0.27486667645188123,5618,20439,
13,185,0.24308251830736718,29676,122082,
13,187,0.16539871168369613,5957,36016,
13,189,0.24205109354897997,5268,21764,
13,191,0.15169491525423728,1790,11800,
13,193,0.17690812272842532,2093,11831,
13,195,0.23319398248451376,7642,32771,
13,197,0.20720366732154552,1582,7635,
13,199,0.20490694528662717,4393,21439,
13,201,0.22785027472527472,1327,5824,
13,205,0.23242658271434896,4725,20329,
13,207,0.209243884594586,6578,31437,
13,209,0.20242820452953536,1734,8566,
13,211,0.2193254329990884,4812,21940,
13,213,0.22971730080356279,9491,41316,
13,215,0.24672744388842094,49797,201830,
13,217,0.24664946375292315,30587,124010,
13,219,0.2515474514535988,11257,44751,
13,221,0.2171654711847638,3512,16172,
13,223,0.24890081623344595,46930,188549,
13,225,0.2071680416253038,6052,29213,
13,227,0.18316019682886822,6700,36580,
13,229,0.24408534520296096,5045,20669,
13,231,0.22894189365716774,4732,20669,
13,233,0.25030262273032955,11166,44610,
13,235,0.17711198428290767,1803,10180,
13,237,0.18761493392635675,4387,23383,
13,239,0.18768833405079638,436,2323,
13,241,0.16272373101462367,2882,17711,
13,243,0.20361544782251437,1239,6085,
13,245,0.227034992220181,46838,206303,
13,247,0.2308574941092101,22534,97610,
13,249,0.22340661781034865,1006,4503,
13,251,0.20984293193717277,3006,14325,
13,253,0.19322838041837395,1792,9274,
13,255,0.22947134809082115,16130,70292,
13,257,0.21550658229689432,5926,27498,
13,259,0.12767727178207527,614,4809,
13,261,0.2219039072207649,6429,28972,
13,263,0.16107732406602954,927,5755,
13,265,0.18395061728395062,298,1620,
13,267,0.20173017507723995,4897,24275,
13,269,0.18810227418733136,1464,7783,
13,271,0.17681818181818182,1945,11000,
13,273,0.2174063002989193,1891,8698,
13,275,0.23311764450427758,10736,46054,
13,277,0.2450608995876091,10221,41708,
13,279,0.26225989522700816,7209,27488,
13,281,0.12985436893203883,1712,13184,
13,283,0.22227414330218068,1427,6420,
13,285,0.24315858655069708,17389,71513,
13,287,0.2494735675495955,2251,9023,
13,289,0.1869824016563147,1445,7728,
13,291,0.14666135284953444,4048,27601,
13,293,0.22596798081670075,6408,28358,
13,295,0.20826362849725988,14441,69340,
13,297,0.23472566307199066,25771,109792,
13,299,0.24631439456683785,8922,36222,
13,301,0.20998445998446,1081,5148,
13,303,0.2092870827871332,4151,19834,
13,305,0.24000995891945723,7712,32132,
13,307,0.15593952483801296,361,2315,
13,309,0.1582815149802148,1120,7076,
13,311,0.18942968855332346,5620,29668,
13,313,0.2422670600552013,25455,105070,
13,315,0.18362533692722371,1635,8904,
13,317,0.20027176753423226,1916,9567,
13,319,0.21876081689165802,1896,8667,
13,321,0.21602013621557595,4377,20262,
15,000,0.20284881332866805,293349,1446146,
15,001,0.20195910195910197,42369,209790,
15,003,0.2020912202990347,201838,998747,
15,005,0.07407407407407407,6,81,
15,007,0.20820693391115927,15374,73840,
15,009,0.2062582473974879,33762,163688,
16,000,0.23403404943698075,468447,2001619,
16,001,0.21070961311984532,112898,535799,
16,003,0.16146458583433373,807,4998,
16,005,0.24328095813646852,22141,91010,
16,007,0.25431479569258003,1724,6779,
16,009,0.2202488365466806,2319,10529,
16,011,0.2806107410245829,14280,50889,
16,013,0.17940699101381577,4532,25261,
16,015,0.15557627316163616,1335,8581,
16,017,0.19568158650727457,10558,53955,
16,019,0.2872407291011942,38388,133644,
16,021,0.2324074074074074,3263,14040,
16,023,0.229981718464351,629,2735,
16,025,0.21010425020048115,262,1247,
16,027,0.2596930593648367,69310,266892,
16,029,0.2718607542478243,1968,7239,
16,031,0.3015090853095165,7832,25976,
16,033,0.23425692695214106,186,794,
16,035,0.14730630532182276,1348,9151,
16,037,0.1696758755710246,780,4597,
16,039,0.24033771738033569,7145,29729,
16,041,0.297224709042077,4648,15638,
16,043,0.23189110354885756,3339,14399,
16,045,0.21613213158255937,4724,21857,
16,047,0.2520229785656928,4080,16189,
16,049,0.19830281375614114,3552,17912,
16,051,0.31247489527744304,10891,34854,
16,053,0.2892615904206325,7537,26056,
16,055,0.21921379757119416,41283,188323,
16,057,0.19177335229966808,8089,42180,
16,059,0.1775634155055377,1491,8397,
16,061,0.20332618025751073,758,3728,
16,063,0.2550395968322534,1417,5556,
16,065,0.2057822823093125,11431,55549,
16,067,0.2753073905953902,6247,22691,
16,069,0.2052885849651084,8796,42847,
16,071,0.2696945337620579,1342,4976,
16,073,0.2302321932852212,2935,12748,
16,075,0.24784903477695033,6856,27662,
16,077,0.2831404367020642,2373,8381,
16,079,0.2076168821941168,2922,14074,
16,081,0.205536653263223,2658,12932,
16,083,0.2550850179775979,24618,96509,
16,085,0.1766455349456054,2257,12777,
16,087,0.21648323078256348,2498,11539,
17,000,0.21222875435537467,2697461,12710158,
17,001,0.22079583209845732,14155,64109,
17,003,0.20592076621680452,946,4594,
17,005,0.17157335907335908,2844,16576,
17,007,0.2297563446063812,12249,53313,
17,009,0.16537180910099888,1043,6307,
17,011,0.20051714584744199,6514,32486,
17,013,0.19294507575757575,815,4224,
17,015,0.17618492618492618,2721,15444,
17,017,0.2433729253520019,3094,12713,
17,019,0.18643054234510817,39593,212374,
17,021,0.18801696393659578,6251,33247,
17,023,0.21690103475723002,3270,15076,
17,025,0.2247874580765931,2882,12821,
17,027,0.21427993636584247,7947,37087,
17,029,0.18346509273420503,8517,46423,
17,031,0.20321702336869576,1053196,5182617,
17,033,0.2005655862519034,3688,18388,
17,035,0.22096069868995633,2277,10305,
17,037,0.21101297676025066,21383,101335,
17,039,0.20921731183497616,3205,15319,
17,041,0.24197941888619856,4797,19824,
17,043,0.2167462348288733,203122,937142,
17,045,0.19587754604220026,3212,16398,
17,047,0.21039438502673796,1259,5984,
17,049,0.23703832148430726,8202,34602,
17,051,0.19837406059460225,4197,21157,
17,053,0.23031744851683889,3098,13451,
17,055,0.21934490859503686,8123,37033,
17,057,0.19354044909258689,6292,32510,
17,059,0.19488272921108743,914,4690,
17,061,0.21187702548830692,2419,11417,
17,063,0.2359060091018854,12700,53835,
17,065,0.21412125863392173,1674,7818,
17,067,0.2086665098777046,3549,17008,
17,069,0.18028169014084508,640,3550,
17,071,0.18551587301587302,1122,6048,
17,073,0.20846046868837828,10043,48177,
17,075,0.21329650515978058,5560,26067,
17,077,0.18744713246489594,9972,53199,
17,079,0.22690277166739992,2063,9092,
17,081,0.21979117622621652,7936,36107,
17,083,0.19513002364066193,4127,21150,
17,085,0.17674656261612784,3805,21528,
17,087,0.16381381381381382,2182,13320,
17,089,0.22877482979748442,119191,520997,
17,091,0.22261065689314913,23688,106410,
17,093,0.26133784076384187,37416,143171,
17,095,0.20057065440512356,9771,48716,
17,097,0.225661142993916,162161,718604,
17,099,0.20905987637235907,22660,108390,
17,101,0.1803256536720492,2669,14801,
17,103,0.190466253279275,6389,33544,
17,105,0.21741342756183746,7691,35375,
17,107,0.1897666981612036,5222,27518,
17,109,0.18453229315130149,4920,26662,
17,111,0.22104133764190922,69840,315959,
17,113,0.2068879344913959,35599,172069,
17,115,0.22563705490534758,22730,100737,
17,117,0.20173140448798269,8855,43895,
17,119,0.20807780485672028,54728,263017,
17,121,0.23179734884869777,8446,36437,
17,123,0.2017832409972299,2331,11552,
17,125,0.2025033883440963,2540,12543,
17,127,0.20114478608644604,2741,13627,
17,129,0.21365878124216334,2556,11963,
17,131,0.20638242218153283,3156,15292,
17,133,0.21024335840315708,7352,34969,
17,135,0.19670468948035488,5432,27615,
17,137,0.19158133545894904,6249,32618,
17,139,0.2431604594500522,3493,14365,
17,141,0.21739215113448243,11162,51345,
17,143,0.2390970327896231,42949,179630,
17,145,0.18468823993685873,3744,20272,
17,147,0.21596102958864566,3591,16628,
17,149,0.22913452097068313,3267,14258,
17,151,0.1064002160410478,394,3703,
17,153,0.20414019266243083,996,4879,
17,155,0.1865790875199716,1051,5633,
17,157,0.19944487175199813,5964,29903,
17,159,0.22008853013930477,3381,15362,
17,161,0.22365849044706476,31923,142731,
17,163,0.22293538895237489,55990,251149,
17,165,0.20516078156488216,4683,22826,
17,167,0.2140368931539273,41597,194345,
17,169,0.17303703703703704,1168,6750,
17,171,0.19918032786885245,972,4880,
17,173,0.21039820854834,4322,20542,
17,175,0.22325493171471927,1177,5272,
17,177,0.20771444485703677,8950,43088,
17,179,0.211991896534459,27521,129821,
17,181,0.2054364562359351,3469,16886,
17,183,0.232483897280117,16531,71106,
17,185,0.2053010292376355,2254,10979,
17,187,0.22161928840106063,3594,16217,
17,189,0.20029553010712967,2711,13535,
17,191,0.22256403817177298,3545,15928,
17,193,0.21000373273609557,2813,13395,
17,195,0.2186179263406334,11949,54657,
17,197,0.22803821147275619,161584,708583,
17,199,0.20508767744244305,13754,67064,
17,201,0.23255576306423764,65997,283790,
17,203,0.2359362757900235,9034,38290,
18,000,0.2290616707164288,1586086,6924275,
18,001,0.3097802317953204,11333,36584,
18,003,0.25023854543633156,99919,399295,
18,005,0.2363200811885628,20026,84741,
18,007,0.24375917767988253,2158,8853,
18,009,0.21894041976980366,2587,11816,
18,011,0.24923514402142866,19633,78773,
18,013,0.16140575079872205,2526,15650,
18,015,0.21338024774666217,4427,20747,
18,017,0.23118293884288718,8683,37559,
18,019,0.21589438260419364,27522,127479,
18,021,0.2244550408719346,5931,26424,
18,023,0.25934032527739775,8531,32895,
18,025,0.20925591561341822,2202,10523,
18,027,0.29850133442824883,10178,34097,
18,029,0.212209584912997,10915,51435,
18,031,0.23087695393815524,6100,26421,
18,033,0.23564177757726146,10446,44330,
18,035,0.17995413940558294,20326,112951,
18,037,0.2381672740608311,10391,43629,
18,039,0.26666056036560676,55315,207436,
18,041,0.21919862866938075,5115,23335,
18,043,0.22046600187963042,18063,81931,
18,045,0.2247965306243688,3784,16833,
18,047,0.21775587828492393,5038,23136,
18,049,0.22600479904019197,4521,20004,
18,051,0.2289182153883407,7563,33038,
18,053,0.2136085949020434,14196,66458,
18,055,0.21262692591050322,6638,31219,
18,057,0.24425341845226808,92744,379704,
18,059,0.2300529219682468,20431,88810,
18,061,0.21729451198158986,8687,39978,
18,063,0.24270179248697732,46266,190629,
18,065,0.19969030785843808,9801,49081,
18,067,0.2265645441354868,19050,84082,
18,069,0.21535296665223042,7956,36944,
18,071,0.25782370307886965,12226,47420,
18,073,0.2244586216191931,7494,33387,
18,075,0.25813330688355485,5205,20164,
18,077,0.1952249324139607,6427,32921,
18,079,0.23007888832597526,6358,27634,
18,081,0.2389252933522454,40764,170614,
18,083,0.21231043710972347,7616,35872,
18,085,0.23052225762064735,18596,80669,
18,087,0.31000437721900687,12748,41122,
18,089,0.22676780228847512,114054,502955,
18,091,0.2084096705823185,23206,111348,
18,093,0.20824482209240575,9411,45192,
18,095,0.2117313108134285,28419,134222,
18,097,0.24762842950690078,243079,981628,
18,099,0.23824896694214875,11070,46464,
18,101,0.21786293592862935,2149,9864,
18,103,0.20512172521270322,7305,35613,
18,105,0.1539352674446703,21659,140702,
18,107,0.22571376802215723,8720,38633,
18,109,0.2164036572976634,15976,73825,
18,111,0.21067157313707452,2977,14131,
18,113,0.2418899416452281,11565,47811,
18,115,0.19379586390927284,1162,5996,
18,117,0.22735068603712671,4507,19824,
18,119,0.20291977483868015,4434,21851,
18,121,0.2260116307244972,3731,16508,
18,123,0.20025879917184264,3869,19320,
18,125,0.21682073291515352,2627,12116,
18,127,0.2078755828499943,36557,175860,
18,129,0.21203175489687637,5315,25067,
18,131,0.21858143466709604,2715,12421,
18,133,0.19823299121786053,7494,37804,
18,135,0.2273082138307926,5532,24337,
18,137,0.23225166016293558,6785,29214,
18,139,0.21850945760486903,3662,16759,
18,141,0.22847624057513588,62544,273744,
18,143,0.22055674518201285,5459,24751,
18,145,0.22039689840977789,10062,45654,
18,147,0.2134013470681458,4309,20192,
18,149,0.22111409453181605,5188,23463,
18,151,0.19367793012449086,6752,34862,
18,153,0.1832627118644068,3806,20768,
18,155,0.23368041649979976,2334,9988,
18,157,0.19863814244716932,38069,191650,
18,159,0.20164447924823806,3090,15324,
18,161,0.20293434049970946,1397,6884,
18,163,0.21482701081563527,38752,180387,
18,165,0.21255478216035062,3298,15516,
18,167,0.20334193621310023,21588,106166,
18,169,0.21077427949442765,6487,30777,
18,171,0.2096793278901905,1772,8451,
18,173,0.2255083736565218,14960,66339,
18,175,0.22282589521961546,6316,28345,
18,177,0.22415298900767958,14886,66410,
18,179,0.24466976873393986,7046,28798,
18,181,0.22836548141585794,5671,24833,
18,183,0.22599971334384406,7884,34885,
19,000,0.22538260206423716,730575,3241488,
19,001,0.2272910779168349,1689,7431,
19,003,0.21935662784248475,791,3606,
19,005,0.24407783417935702,3462,14184,
19,007,0.2160085907814307,2615,12106,
19,009,0.21449119021934557,1193,5562,
19,011,0.22334198999961238,5762,25799,
19,013,0.2192250732916251,29014,132348,
19,015,0.20344943694115006,5438,26729,
19,017,0.22109917877447885,5600,25328,
19,019,0.2483480441807746,5149,20733,
19,021,0.26277863182167566,5470,20816,
19,023,0.21969482904775361,3110,14156,
19,025,0.21697044588610853,2107,9711,
19,027,0.2417797814475425,4934,20407,
19,029,0.22612100737100738,2945,13024,
19,031,0.20443201140913828,3727,18231,
19,033,0.2051632033511402,8718,42493,
19,035,0.23022816949734087,2684,11658,
19,037,0.22851779162044544,2678,11719,
19,039,0.25461990760184794,2425,9524,
19,041,0.22198616000971227,3657,16474,
19,043,0.213927115941173,3622,16931,
19,045,0.22844724546343584,10512,46015,
19,047,0.2599829038954695,4258,16378,
19,049,0.2583078296905751,29794,115343,
19,051,0.29272272381159575,2691,9193,
19,053,0.21956635318704285,1681,7656,
19,055,0.22692941109659834,3996,17609,
19,057,0.21751581578193746,8355,38411,
19,059,0.18625399273047694,3382,18158,
19,061,0.22176094798573184,22008,99242,
19,063,0.19308011351233356,1769,9162,
19,065,0.2109440267335004,4040,19152,
19,067,0.226545842217484,3400,15008,
19,069,0.24321628092577813,2438,10024,
19,071,0.2174314752078842,1412,6494,
19,073,0.22073424151466173,1912,8662,
19,075,0.23514711809754132,2917,12405,
19,077,0.20837200668275477,2245,10774,
19,079,0.23667205169628433,3516,14856,
19,081,0.21684250188394877,2302,10616,
19,083,0.18646744412050534,3070,16464,
19,085,0.22911253931355122,3351,14626,
19,087,0.20784050410619287,4024,19361,
19,089,0.24583333333333332,2301,9360,
19,091,0.23780804824789437,2287,9617,
19,093,0.24361233480176211,1659,6810,
19,095,0.23369664494915668,3838,16423,
19,097,0.21913357400722022,4249,19390,
19,099,0.21725667200251922,8279,38107,
19,101,0.16291743235536404,2571,15781,
19,103,0.1888305847076462,30228,160080,
19,105,0.19762265580602387,4173,21116,
19,107,0.22232369355657028,2191,9855,
19,109,0.21932259855635758,3160,14408,
19,111,0.21336792685940204,6908,32376,
19,113,0.22127872558918202,51284,231762,
19,115,0.2114769520225776,2248,10630,
19,117,0.24115094770495546,2112,8758,
19,119,0.2705606721602844,3349,12378,
19,121,0.24450789581026747,4196,17161,
19,123,0.22959970953980213,5059,22034,
19,125,0.22618068609022557,7701,34048,
19,127,0.2509902951079422,10138,40392,
19,129,0.22592919752666984,3325,14717,
19,131,0.23767870579382994,2527,10632,
19,133,0.2143789298849211,1807,8429,
19,135,0.22799403227994033,1681,7373,
19,137,0.220808903905396,2222,10063,
19,139,0.23129687648343303,9745,42132,
19,141,0.2453015427769986,3498,14260,
19,143,0.21736249171636846,1312,6036,
19,145,0.17888017023540365,2690,15038,
19,147,0.22624588489045294,1993,8809,
19,149,0.2458083252662149,6348,25825,
19,151,0.23065943477019699,1616,7006,
19,153,0.23915844125652624,123450,516185,
19,155,0.22316073089629954,20872,93529,
19,157,0.19291210577652543,3560,18454,
19,159,0.22352430555555555,1030,4608,
19,161,0.2242735759991608,2138,9533,
19,163,0.22518094999459,39542,175601,
19,165,0.2273919296167837,2688,11821,
19,167,0.26826065546862177,9806,36554,
19,169,0.1602275166344709,16423,102498,
19,171,0.231628629465886,3877,16738,
19,173,0.22849785407725323,1331,5825,
19,175,0.21764951902969468,2602,11955,
19,177,0.23735624220590273,1713,7217,
19,179,0.23586782881645693,8416,35681,
19,181,0.23976359086310634,13509,56343,
19,183,0.24325040873138615,5505,22631,
19,185,0.25792811839323465,1708,6622,
19,187,0.2138502804194099,7893,36909,
19,189,0.21313685832610998,2213,10383,
19,191,0.1861278710135375,3671,19723,
19,193,0.2538668804833251,27229,107257,
19,195,0.21253592445600109,1553,7307,
19,197,0.2583078010841386,3288,12729,
20,000,0.233144011693237,692579,2970606,
20,001,0.22237424547283702,2763,12425,
20,003,0.24936772888214467,1972,7908,
20,005,0.21410548341436397,3479,16249,
20,007,0.22702702702702704,924,4070,
20,009,0.2387759210791222,5930,24835,
20,011,0.25734886300610094,3712,14424,
20,013,0.24141325749288997,2207,9142,
20,015,0.23862749067353017,16503,69158,
20,017,0.19625049860390906,492,2507,
20,019,0.2222222222222222,742,3339,
20,021,0.22500391992891863,4305,19133,
20,023,0.24263038548752835,642,2646,
20,025,0.23064602242391885,432,1873,
20,027,0.22800853306562932,1817,7969,
20,029,0.23650120371431846,2063,8723,
20,031,0.21274545235513795,1766,8301,
20,033,0.2384887839433294,404,1694,
20,035,0.2342186860118177,8007,34186,
20,037,0.22236787990952087,8651,38904,
20,039,0.2106038291605302,572,2716,
20,041,0.2341442457440524,4360,18621,
20,043,0.20924092409240924,1585,7575,
20,045,0.17003992163227832,20743,121989,
20,047,0.2273892347125595,621,2731,
20,049,0.2200328407224959,536,2436,
20,051,0.19629744544420313,5694,29007,
20,053,0.17843571880937303,1127,6316,
20,055,0.29639672524378163,11368,38354,
20,057,0.2975463723878845,10138,34072,
20,059,0.2245651429223918,5900,26273,
20,061,0.32068022222848924,11371,35459,
20,063,0.25357411587659895,674,2658,
20,065,0.19831223628691982,470,2370,
20,067,0.3035085247287586,2154,7097,
20,069,0.28638743455497384,1641,5730,
20,071,0.265625,306,1152,
20,073,0.21052631578947367,1236,5871,
20,075,0.2970257234726688,739,2488,
20,077,0.25752817291705155,1394,5413,
20,079,0.23110992212115808,7775,33642,
20,081,0.26677805625174045,958,3591,
20,083,0.24088463837417812,403,1673,
20,085,0.24961182994454714,3376,13525,
20,087,0.21394283220597862,3922,18332,
20,089,0.21110727837185236,612,2899,
20,091,0.22768695949237358,143961,632276,
20,093,0.2970063025210084,1131,3808,
20,095,0.2353872732507918,1635,6946,
20,097,0.24466338259441708,596,2436,
20,099,0.2387263863497867,4701,19692,
20,101,0.24426450742240216,362,1482,
20,103,0.2336719026809968,19785,84670,
20,105,0.2182377049180328,639,2928,
20,107,0.21766080682857433,2142,9841,
20,109,0.2602078693392725,701,2694,
20,111,0.22109471094710947,7190,32520,
20,113,0.217907298740687,6610,30334,
20,115,0.20865467009425878,2435,11670,
20,117,0.24,2388,9950,
20,119,0.26156217882836585,1018,3892,
20,121,0.22679575789797687,8105,35737,
20,123,0.24090987420299845,1398,5803,
20,125,0.2288978627006796,6972,30459,
20,127,0.20041674559575678,1058,5279,
20,129,0.23340040241448692,580,2485,
20,131,0.2646591134963228,2663,10062,
20,133,0.24106224279835392,3749,15552,
20,135,0.2216278181123424,580,2617,
20,137,0.19062792877225868,1017,5335,
20,139,0.22316832941475503,3512,15737,
20,141,0.22666269012824336,760,3353,
20,143,0.23492226208781822,1375,5853,
20,145,0.16051230871590152,965,6012,
20,147,0.2203676315233467,1043,4733,
20,149,0.282445304360768,7591,26876,
20,151,0.23935646273393893,2187,9137,
20,153,0.23396381578947367,569,2432,
20,155,0.21505446374782228,13208,61417,
20,157,0.2291350531107739,1057,4613,
20,159,0.2398750538560965,2227,9284,
20,161,0.1599983461278719,11609,72557,
20,163,0.21714406065711878,1031,4748,
20,165,0.200711743772242,564,2810,
20,167,0.21435045317220544,1419,6620,
20,169,0.2242092070558746,11986,53459,
20,171,0.26109076109076107,1283,4914,
20,173,0.24297634126186154,130255,536081,
20,175,0.31312276743748824,6662,21276,
20,177,0.22528689123422238,40088,177942,
20,179,0.23404255319148937,561,2397,
20,181,0.2324016563146998,1347,5796,
20,183,0.20417961027958204,723,3541,
20,185,0.23378620866444502,912,3901,
20,187,0.28247223563495893,585,2071,
20,189,0.2830188679245283,1425,5035,
20,191,0.23925501432664756,5344,22336,
20,193,0.239682132786465,1870,7802,
20,195,0.18925739005046863,525,2774,
20,197,0.22694038245219347,1614,7112,
20,199,0.2751358695652174,405,1472,
20,201,0.2442569992821249,1361,5572,
20,203,0.2948841698841699,611,2072,
20,205,0.23719933317456537,1992,8398,
20,207,0.20411443265830922,635,3111,
20,209,0.26783458664368603,45376,169418,
21,000,0.2235372371725745,1025672,4588372,
21,001,0.20099797286761267,3867,19239,
21,003,0.22757181104506058,5015,22037,
21,005,0.22915243338825705,5702,24883,
21,007,0.2014162077104642,1536,7626,
21,009,0.24008419390909688,10950,45609,
21,011,0.2535711528067331,3284,12951,
21,013,0.22029413040648996,5078,23051,
21,015,0.24950914073611544,35963,144135,
21,017,0.22588894899916392,4593,20333,
21,019,0.2076522175942399,9921,47777,
21,021,0.20500732624068294,6436,31394,
21,023,0.22996351653524774,1954,8497,
21,025,0.21032489846922836,2693,12804,
21,027,0.22567268271994723,4789,21221,
21,029,0.2065569567142957,17723,85802,
21,031,0.2333678591347303,2929,12551,
21,033,0.2313852985488859,2918,12611,
21,035,0.18329698524695318,7144,38975,
21,037,0.2007807846140754,18875,94008,
21,039,0.23571279045426,1126,4777,
21,041,0.2682926829268293,2981,11111,
21,043,0.2211280557897157,5771,26098,
21,045,0.2291196388261851,3654,15948,
21,047,0.28852491338760106,20487,71006,
21,049,0.22302444721683964,8402,37673,
21,051,0.20860555328705593,4087,19592,
21,053,0.21234890558640968,1950,9183,
21,055,0.22110888443553775,1986,8982,
21,057,0.2272201091450306,1374,6047,
21,059,0.24190815359430196,25269,104457,
21,061,0.17578155916106056,2221,12635,
21,063,0.16356877323420074,1188,7263,
21,065,0.2081845450649907,2915,14002,
21,067,0.20652203607973604,68036,329437,
21,069,0.2456545442883715,3830,15591,
21,071,0.2214757326537704,7648,34532,
21,073,0.20782960222722247,10899,52442,
21,075,0.2212671123845909,1390,6282,
21,077,0.2303236797274276,2028,8805,
21,079,0.21829268292682927,3938,18040,
21,081,0.2597387450431537,6681,25722,
21,083,0.24065071562423618,8861,36821,
21,085,0.23505725895825638,6363,27070,
21,087,0.2075831024930748,2398,11552,
21,089,0.20709891418365323,7305,35273,
21,091,0.2306668146011317,2079,9013,
21,093,0.24386223033697907,27514,112826,
21,095,0.2398211719623184,6008,25052,
21,097,0.2302176696542894,4495,19525,
21,099,0.2395221603172213,4772,19923,
21,101,0.22277306168647426,9841,44175,
21,103,0.23163353500432152,3752,16198,
21,105,0.19644889597086274,863,4393,
21,107,0.2270334822415852,10266,45218,
21,109,0.23192094624943854,3098,13358,
21,111,0.22214790377902985,176359,793881,
21,113,0.23131250553146296,13068,56495,
21,115,0.22011041723232871,4864,22098,
21,117,0.227196303370658,39728,174862,
21,119,0.1967554695639232,2644,13438,
21,121,0.23168223353677042,6871,29657,
21,123,0.21893178212585934,3312,15128,
21,125,0.2226413903051158,14105,63353,
21,127,0.2334472718065578,3688,15798,
21,129,0.17544099548748804,1283,7313,
21,131,0.21471888169390482,2089,9729,
21,133,0.21480709071949947,4326,20139,
21,135,0.22788349514563105,2934,12875,
21,137,0.24050582095543957,5991,24910,
21,139,0.19965967101531482,1760,8815,
21,141,0.2426669476938209,6908,28467,
21,143,0.1417713152676801,1287,9078,
21,145,0.21394522575869726,14452,67550,
21,147,0.21374227294341416,3596,16824,
21,149,0.23065965373657682,2105,9126,
21,151,0.20660360306079412,20574,99582,
21,153,0.2217125382262997,2465,11118,
21,155,0.2310211072490051,4586,19851,
21,157,0.19578370202306675,6213,31734,
21,159,0.1925953627524308,2060,10696,
21,161,0.22971219627270584,3895,16956,
21,163,0.2149661651665462,6544,30442,
21,165,0.18908689481154392,1199,6341,
21,167,0.21488411652136935,5053,23515,
21,169,0.23063080128812274,2435,10558,
21,171,0.23774970885962554,2654,11163,
21,173,0.2299190156755066,6615,28771,
21,175,0.18335664335664337,2622,14300,
21,177,0.20952412165705298,6393,30512,
21,179,0.22393544943128157,10907,48706,
21,181,0.24513817809621288,1916,7816,
21,183,0.2287218484937116,5474,23933,
21,185,0.23875221552640907,16838,70525,
21,187,0.20612155662439877,2357,11435,
21,189,0.23167006109979632,910,3928,
21,191,0.22426569657774184,3329,14844,
21,193,0.23415236171883766,6261,26739,
21,195,0.20117265018942812,11151,55430,
21,197,0.23816522277227722,3079,12928,
21,199,0.21558301666616797,14410,66842,
21,201,0.21578505457598657,514,2382,
21,203,0.21095772217428818,3423,16226,
21,205,0.20145896656534953,4971,24675,
21,207,0.22873550763896414,4222,18458,
21,209,0.23636952998379254,14584,61700,
21,211,0.21815896576490304,10935,50124,
21,213,0.23248157248157247,4731,20350,
21,215,0.22393507179561062,4663,20823,
21,217,0.23156402700585624,6208,26809,
21,219,0.26832327349690366,3423,12757,
21,221,0.21718524623943952,3162,14559,
21,223,0.2156908392503783,1853,8591,
21,225,0.19122780391561695,2520,13178,
21,227,0.23863697815271467,35303,147936,
21,229,0.2271578775776347,2787,12269,
21,231,0.19883845330887973,3903,19629,
21,233,0.24420413878948188,3139,12854,
21,235,0.26336851717562376,9806,37233,
21,237,0.23318667504714016,1484,6364,
21,239,0.2122403346797461,5885,27728,
22,000,0.23193873511768826,1066394,4597740,
22,001,0.25671330648010743,14531,56604,
22,003,0.23065641527043243,5190,22501,
22,005,0.2572902781314122,34357,133534,
22,007,0.1974064837905237,3958,20050,
22,009,0.23930888906262215,9183,38373,
22,011,0.25194168142798745,9245,36695,
22,013,0.2236545278762488,2776,12412,
22,015,0.24587725587710332,32235,131102,
22,017,0.2313322335510665,52025,224893,
22,019,0.2461991385519745,50929,206861,
22,021,0.22229319706164163,2088,9393,
22,023,0.2165455322787516,1013,4678,
22,025,0.2147342995169082,1778,8280,
22,027,0.1877077639063308,2541,13537,
22,029,0.2291959318986346,4079,17797,
22,031,0.23667228862653075,6455,27274,
22,033,0.2253268053207129,102078,453022,
22,035,0.1950087057457922,1344,6892,
22,037,0.17460234407701966,3337,19112,
22,039,0.2418018585604032,7676,31745,
22,041,0.24954205265086093,4768,19107,
22,043,0.20634130896919806,4562,22109,
22,045,0.24946698252887178,16849,67540,
22,047,0.20701471477524694,6162,29766,
22,049,0.20639318780833954,3054,14797,
22,051,0.22266900407955006,95136,427253,
22,053,0.2501908639776053,7865,31436,
22,055,0.24006356173866528,61034,254241,
22,057,0.2251263871116612,21464,95342,
22,059,0.2108556658957965,3100,14702,
22,061,0.19675393321310863,9492,48243,
22,063,0.2521617414282537,38552,152886,
22,065,0.24755306279555703,2251,9093,
22,067,0.22693067641989323,5398,23787,
22,069,0.22425101439608694,8069,35982,
22,071,0.19511939586601637,70770,362701,
22,073,0.24178142062657562,38171,157874,
22,075,0.2365740948449908,5273,22289,
22,077,0.21380700428319477,4243,19845,
22,079,0.24768266626422766,31183,125899,
22,081,0.22727272727272727,1645,7238,
22,083,0.23275467087512092,4572,19643,
22,085,0.22486894141451302,4890,21746,
22,087,0.25406962463434785,11378,44783,
22,089,0.23382936507936508,11785,50400,
22,091,0.19683153725706917,2137,10857,
22,093,0.21789638932496075,4164,19110,
22,095,0.23570312893636317,9356,39694,
22,097,0.2632158181750733,21286,80869,
22,099,0.23841227693389042,12211,51218,
22,101,0.2468642492360948,11553,46799,
22,103,0.23093852997856745,64112,277615,
22,105,0.2434291926221008,34037,139823,
22,107,0.20967741935483872,806,3844,
22,109,0.24307748594315642,25247,103864,
22,111,0.2128340689722074,4388,20617,
22,113,0.25037733557710656,14432,57641,
22,115,0.2555926580676139,11711,45819,
22,117,0.23637170104235972,10658,45090,
22,119,0.22490336516598453,7913,35184,
22,121,0.24063324538258576,6840,28425,
22,123,0.22130970391182192,2048,9254,
22,125,0.1559881227317717,2364,15155,
22,127,0.19746363297277136,2647,13405,
23,000,0.17585757274670963,247082,1405012,
23,001,0.20187035880352558,23270,115272,
23,003,0.18571043488678568,12401,66776,
23,005,0.17622821525195262,55302,313809,
23,007,0.16685004206847454,5156,30902,
23,009,0.15595476416253995,8881,56946,
23,011,0.18228878803683607,23417,128461,
23,013,0.16200190332105122,6639,40981,
23,015,0.15905291715765532,5804,36491,
23,017,0.1720215193457586,10328,60039,
23,019,0.1713147156337669,26869,156840,
23,021,0.16337769619091327,2848,17432,
23,023,0.17412591134053537,6544,37582,
23,025,0.18064591530640073,9274,51338,
23,027,0.17066745451411972,6932,40617,
23,029,0.18468597648408375,5796,31383,
23,031,0.17089346470248884,37621,220143,
24,000,0.2189348290495943,1371237,6263220,
24,001,0.1777575748543154,11927,67097,
24,003,0.22093301236822446,133079,602350,
24,005,0.21574214740299733,183904,852425,
24,009,0.22696574757936216,21542,94913,
24,011,0.24240831581406214,8302,34248,
24,013,0.22031190008356483,39019,177108,
24,015,0.21929354216640798,23312,106305,
24,017,0.23418425245589702,40860,174478,
24,019,0.20538354758887079,6806,33138,
24,021,0.23096917315087348,69133,299317,
24,023,0.1721198887049625,4887,28393,
24,025,0.2194422892954797,58265,265514,
24,027,0.2312463935372187,78547,339668,
24,029,0.14905149051490515,2915,19557,
24,031,0.22497188786932687,243481,1082273,
24,033,0.2173501933006355,210097,966629,
24,035,0.2063589628967367,11079,53688,
24,037,0.23699010037005555,27602,116469,
24,039,0.1785983122697199,4508,25241,
24,041,0.18266917686434472,6986,38244,
24,043,0.21442745566947363,33714,157228,
24,045,0.2250938126005135,23934,106329,
24,047,0.1683383329959328,9147,54337,
24,510,0.2079835149075001,118191,568271,
25,000,0.18997849126653496,1355719,7136171,
25,001,0.13571397858709205,31563,232570,
25,003,0.1533645106660659,19742,128726,
25,005,0.20047639030705428,117999,588593,
25,007,0.17287878068467785,3641,21061,
25,009,0.20635654624498445,170025,823938,
25,011,0.16116606228217464,11422,70871,
25,013,0.2051961538378674,95242,464151,
25,015,0.13508546000882715,22343,165399,
25,017,0.19165634085020816,319866,1668956,
25,019,0.1978186775732788,2902,14670,
25,021,0.20016226709541898,148271,740754,
25,023,0.2022800641959822,109654,542090,
25,025,0.15780488788921054,125162,793144,
25,027,0.20185804677003522,177887,881248,
26,000,0.20801257615656255,2109343,10140459,
26,001,0.12791792168674698,1359,10624,
26,003,0.1418056354226567,1233,8695,
26,005,0.22420341585735407,27449,122429,
26,007,0.18437532436079299,5329,28903,
26,009,0.1647782849690251,4043,24536,
26,011,0.18320408298535162,2764,15087,
26,013,0.1738278859101481,1420,8169,
26,015,0.21157360406091372,13546,64025,
26,017,0.1910551285423425,19612,102651,
26,019,0.1661987041036717,3078,18520,
26,021,0.20760561351119494,31702,152703,
26,023,0.231558663693247,10695,46187,
26,025,0.22424038569346338,30000,133785,
26,027,0.196003879728419,10104,51550,
26,029,0.16981421183681286,4433,26105,
26,031,0.1498228316130026,3890,25964,
26,033,0.1763991945494166,6395,36253,
26,035,0.19286737780608185,6057,31405,
26,037,0.20682073703935042,16556,80050,
26,039,0.17626296051180235,2397,13599,
26,041,0.1844250006814403,6766,36687,
26,043,0.19392190805924217,5041,25995,
26,045,0.20159095475551173,22073,109494,
26,047,0.17411411234498808,5911,33949,
26,049,0.21796564076175987,87683,402279,
26,051,0.1884977880361608,4900,25995,
26,053,0.16248153618906944,2310,14217,
26,055,0.18911254851228979,18273,96625,
26,057,0.19186889683844147,7938,41372,
26,059,0.2131169116034218,9716,45590,
26,061,0.1950264188638574,7419,38041,
26,063,0.18619233268356075,5731,30780,
26,065,0.19254408164530157,55920,290427,
26,067,0.2027622641509434,13433,66250,
26,069,0.16994598004810535,4310,25361,
26,071,0.17004014006319926,1991,11709,
26,073,0.1773112859601672,11538,65072,
26,075,0.20393427071826653,32677,160233,
26,077,0.2081123951960118,55104,264780,
26,079,0.19653023955312063,3659,18618,
26,081,0.2301048139530046,154861,673002,
26,083,0.15594632114761683,337,2161,
26,085,0.1455594002306805,1893,13005,
26,087,0.19361205813744842,17264,89168,
26,089,0.15032136767084955,3438,22871,
26,091,0.2008982464755591,19637,97746,
26,093,0.19637417756477946,38681,196976,
26,095,0.154551201011378,978,6328,
26,097,0.14886934673366833,1659,11144,
26,099,0.20270826868282224,179635,886175,
26,101,0.16274148673537364,4153,25519,
26,103,0.17037614557436856,11582,67979,
26,105,0.18695218781150105,5439,29093,
26,107,0.1873077931675686,7857,41947,
26,109,0.16477223427331888,3798,23050,
26,111,0.2054104877294042,17259,84022,
26,113,0.21700899009121333,3307,15239,
26,115,0.2038258194751514,31806,156045,
26,117,0.2020226794009868,14003,69314,
26,119,0.15374440374440373,1511,9828,
26,121,0.21844917374935185,38759,177428,
26,123,0.2138668841255048,11015,51504,
26,125,0.19796003972586684,256732,1296888,
26,127,0.20530095506033907,5546,27014,
26,129,0.17412437455325233,3654,20985,
26,131,0.12190934065934066,710,5824,
26,133,0.21759495826946007,5110,23484,
26,135,0.19416007445323405,1669,8596,
26,137,0.20388758961775869,5318,26083,
26,139,0.22237823893415187,68100,306235,
26,141,0.15253212396069538,2018,13230,
26,143,0.14085742938325255,3371,23932,
26,145,0.2094622670658555,39319,187714,
26,147,0.1972702547595878,31624,160308,
26,149,0.23905118438475748,14623,61171,
26,151,0.20445238627056808,8238,40293,
26,153,0.17204695524578137,1407,8178,
26,155,0.20343620370097967,13830,67982,
26,157,0.19586026498853232,10333,52757,
26,159,0.22513102759789305,17139,76129,
26,161,0.1784232698094283,66708,373875,
26,163,0.2331368223490638,412900,1771063,
26,165,0.22248984329657573,7667,34460,
27,000,0.22424014150502897,1299057,5793151,
27,001,0.15065809611264155,2461,16335,
27,003,0.23237182889289884,87567,376840,
27,005,0.22466425911296695,7963,35444,
27,007,0.23983148710491425,11215,46762,
27,009,0.24483656073159665,10254,41881,
27,011,0.22182751134793763,1124,5067,
27,013,0.19314002828854315,13655,70700,
27,015,0.21898094126798912,5630,25710,
27,017,0.20941624710845014,7695,36745,
27,019,0.24243527364420925,27305,112628,
27,021,0.19279944023917053,6062,31442,
27,023,0.2502642491259452,3078,12299,
27,025,0.21842483715421707,12910,59105,
27,027,0.2397977501196745,16030,66848,
27,029,0.2443800695249131,2109,8630,
27,031,0.1439597917788548,802,5571,
27,033,0.2546304462868231,2887,11338,
27,035,0.19763410157046707,13566,68642,
27,037,0.23456381466867923,106294,453156,
27,039,0.24296205630354958,5161,21242,
27,041,0.21087822102020884,8421,39933,
27,043,0.2163329972634308,3004,13886,
27,045,0.23974513998697797,5155,21502,
27,047,0.21214620307448703,6431,30314,
27,049,0.21366345712975698,10252,47982,
27,051,0.23260762808970373,1421,6109,
27,053,0.21229700926858153,270325,1273334,
27,055,0.20155841325196164,3699,18352,
27,057,0.19682539682539682,4340,22050,
27,059,0.227207178336805,9926,43687,
27,061,0.19741648695039832,8971,45442,
27,063,0.20576006490213974,2029,9861,
27,065,0.20857418111753373,3464,16608,
27,067,0.2438554864126785,10894,44674,
27,069,0.22019038076152306,879,3992,
27,071,0.1744868035190616,2023,11594,
27,073,0.21654611211573238,1437,6636,
27,075,0.18433352028416528,1972,10698,
27,077,0.18567289965762443,705,3797,
27,079,0.2249643560323172,6627,29458,
27,081,0.22358015815959742,1244,5564,
27,083,0.25874809399069476,6618,25577,
27,085,0.21307775965198478,7837,36780,
27,087,0.3106117824773414,1645,5296,
27,089,0.22688404970926918,1990,8771,
27,091,0.2286692909360462,4473,19561,
27,093,0.23200374611553362,5450,23491,
27,095,0.2272545962214889,6267,27577,
27,097,0.22511587485515644,7771,34520,
27,099,0.251760391198044,10297,40900,
27,101,0.21133764296369964,1700,8044,
27,103,0.20792624590496622,7172,34493,
27,105,0.294642450726023,6473,21969,
27,107,0.22899427116486315,1439,6284,
27,109,0.23293515358361774,38766,166424,
27,111,0.2156231522239012,13128,60884,
27,113,0.2212862584236742,3021,13652,
27,115,0.1854612619149708,5623,30319,
27,117,0.26868131868131867,2445,9100,
27,119,0.24052214513530398,7315,30413,
27,121,0.21931274467159634,2521,11495,
27,123,0.2262538859625656,122633,542015,
27,125,0.23621844410097886,917,3882,
27,127,0.24400157335780778,3722,15254,
27,129,0.2327544454438525,3364,14453,
27,131,0.20990945309670409,14489,69025,
27,133,0.2253018372703412,2146,9525,
27,135,0.23517851293809366,3590,15265,
27,137,0.1807573931491977,36295,200794,
27,139,0.2476559418851698,38933,157206,
27,141,0.25182662358454866,25953,103059,
27,143,0.2233776490720021,3394,15194,
27,145,0.23629090776050782,38751,163997,
27,147,0.23628252390874607,8845,37434,
27,149,0.22660148691312762,2225,9819,
27,151,0.2270846265259673,2195,9666,
27,153,0.24981699094586785,6484,25955,
27,155,0.21952776005105296,688,3134,
27,157,0.21525910818577917,4644,21574,
27,159,0.26598323751471914,3840,14437,
27,161,0.2186897880539499,4086,18684,
27,163,0.23530778982955347,66818,283960,
27,165,0.2724027133166726,3052,11204,
27,167,0.22463305679642628,1408,6268,
27,169,0.16861104996698217,8426,49973,
27,171,0.26564592187227104,41067,154593,
27,173,0.2298090259255308,2154,9373,
28,000,0.22922585281570618,674622,2943045,
28,001,0.193520262258492,5549,28674,
28,003,0.220491994858011,7547,34228,
28,005,0.19910047385752147,2479,12451,
28,007,0.2496225757751713,4299,17222,
28,009,0.20737509912767646,1569,7566,
28,011,0.24571227328755063,6977,28395,
28,013,0.21750039203387173,2774,12754,
28,015,0.16474728087012155,1545,9378,
28,017,0.24979134374627399,4190,16774,
28,019,0.21591892225930046,1747,8091,
28,021,0.22876138882048758,1858,8122,
28,023,0.21517650940283733,3261,15155,
28,025,0.22291769615110085,4060,18213,
28,027,0.26371549365829394,5302,20105,
28,029,0.2219639744334689,6112,27536,
28,031,0.24424091035248405,4400,18015,
28,033,0.24329788483236417,47655,195871,
28,035,0.22491234780391406,17641,78435,
28,037,0.2300425758382118,1729,7516,
28,039,0.2634853168469861,6819,25880,
28,041,0.1842778793418647,2520,13675,
28,043,0.2401223066265348,5026,20931,
28,045,0.18770971349909663,8727,46492,
28,047,0.23033734150563795,49230,213730,
28,049,0.23011675905177498,48779,211975,
28,051,0.23823907455012852,3707,15560,
28,053,0.24462856340401629,1742,7121,
28,055,0.06023166023166023,78,1295,
28,057,0.2106372427473345,5097,24198,
28,059,0.22437789962041332,32984,147002,
28,061,0.2290018355592126,3618,15799,
28,063,0.21695652173913044,1497,6900,
28,065,0.20074147752961388,2220,11059,
28,067,0.24660904962255267,16236,65837,
28,069,0.1740247605699603,1490,8562,
28,071,0.17783199371689254,10642,59843,
28,073,0.23721041747834687,15830,66734,
28,075,0.22899076330254434,16164,70588,
28,077,0.23843385880740234,2783,11672,
28,079,0.23623147889292703,5070,21462,
28,081,0.2439285886377873,20249,83012,
28,083,0.26600909890277935,6958,26157,
28,085,0.2262558645153908,7909,34956,
28,087,0.2364271980423003,13526,57210,
28,089,0.237721778252383,27159,114247,
28,091,0.2255914695101633,5416,24008,
28,093,0.20541688485483214,7061,34374,
28,095,0.2206791506137443,7389,33483,
28,097,0.22229306131123153,2092,9411,
28,099,0.2710454561143133,7853,28973,
28,101,0.24531168399563216,5167,21063,
28,103,0.24926208651399492,2449,9825,
28,105,0.1754257673434042,9116,51965,
28,107,0.24249175924795507,7945,32764,
28,109,0.22964594274097916,13556,59030,
28,111,0.2183938278099246,2491,11406,
28,113,0.24976911236531554,9736,38980,
28,115,0.25529455863059913,8173,32014,
28,117,0.2202126407469889,5613,25489,
28,119,0.23403103572717432,1297,5542,
28,121,0.21872917613795595,35122,160573,
28,123,0.2812115954601316,7780,27666,
28,125,0.23438466295609153,758,3234,
28,127,0.2291284134859554,5865,25597,
28,129,0.2281688136075724,3206,14051,
28,131,0.20864632837651387,4083,19569,
28,133,0.21572799513656693,4968,23029,
28,135,0.20474315538870066,2236,10921,
28,137,0.21561416412735104,6156,28551,
28,139,0.2321336880922373,4973,21423,
28,141,0.21328087101816418,3957,18553,
28,143,0.2709402642786939,2481,9157,
28,145,0.2439093184782992,6918,28363,
28,147,0.22277621215405738,3083,13839,
28,149,0.23154019712623203,9749,42105,
28,151,0.25526334960297226,10512,41181,
28,153,0.24877208972606207,4913,19749,
28,155,0.24205598167148124,2430,10039,
28,157,0.19130434782608696,1496,7820,
28,159,0.21466299230680905,3739,17418,
28,161,0.21391876705731258,2665,12458,
28,163,0.23558026407227242,5424,23024,
29,000,0.21969409488419278,1372092,6245466,
29,001,0.18409976617303195,4724,25660,
29,003,0.22342601293460837,4042,18091,
29,005,0.20140105078809106,1035,5139,
29,007,0.22448979591836735,5456,24304,
29,009,0.22845190633949128,8137,35618,
29,011,0.2295809507553128,2690,11717,
29,013,0.22831523728193243,3743,16394,
29,015,0.17158241971475696,3537,20614,
29,017,0.21837888784165882,2317,10610,
29,019,0.19766957752635905,37983,192154,
29,021,0.22124105583076076,18490,83574,
29,023,0.23123834122542689,9669,41814,
29,025,0.23366666666666666,2103,9000,
29,027,0.20531400966183574,9265,45126,
29,029,0.16884558740228844,7452,44135,
29,031,0.21148007363312535,17692,83658,
29,033,0.21903969574518659,1843,8414,
29,035,0.23773091994775145,1274,5359,
29,037,0.22782397934541113,25943,113873,
29,039,0.24908473673700327,3742,15023,
29,041,0.23198594024604569,1716,7397,
29,043,0.2456036233015774,23589,96045,
29,045,0.23342895968594293,1546,6623,
29,047,0.22915669970004177,60353,263370,
29,049,0.22765986833018736,4945,21721,
29,051,0.21562640901771338,16738,77625,
29,053,0.21755636023828992,3725,17122,
29,055,0.21566994037179937,4919,22808,
29,057,0.20139071109944898,1535,7622,
29,059,0.23527437489511663,4206,17877,
29,061,0.24833157709870038,2121,8541,
29,063,0.2159044921084581,2134,9884,
29,065,0.22423748386658515,3301,14721,
29,067,0.23458096013018714,2883,12290,
29,069,0.2606843937486112,7039,27002,
29,071,0.21881293354217946,23469,107256,
29,073,0.20307062436028658,2976,14655,
29,075,0.2632581771991108,1658,6298,
29,077,0.20423651207045482,62893,307942,
29,079,0.255068605365554,2491,9766,
29,081,0.23515758612264842,1925,8186,
29,083,0.22259136212624583,5025,22575,
29,085,0.1791010723248916,1570,8766,
29,087,0.20820561188398962,883,4241,
29,089,0.21261083743842366,2158,10150,
29,091,0.23696089495118003,9659,40762,
29,093,0.20966029723991508,1975,9420,
29,095,0.22899601573906803,166563,727362,
29,097,0.24262525794795975,30687,126479,
29,099,0.21848909818533085,50665,231888,
29,101,0.22457050823192556,12549,55880,
29,103,0.23048128342245988,862,3740,
29,105,0.24533180902607654,9013,36738,
29,107,0.22622422488138225,7581,33511,
29,109,0.2552680646726776,9994,39151,
29,111,0.20929760454730004,2062,9852,
29,113,0.24690383681398737,16268,65888,
29,115,0.23350125944584382,2781,11910,
29,117,0.21605948969845817,3167,14658,
29,119,0.2525567473185333,6075,24054,
29,121,0.22922843776767476,3479,15177,
29,123,0.22292250233426705,2865,12852,
29,125,0.20949917705149307,1782,8506,
29,127,0.22902374670184697,6510,28425,
29,129,0.2578215527230591,890,3452,
29,131,0.23340345956054231,5991,25668,
29,133,0.22774468085106384,2676,11750,
29,135,0.25395579965999737,3884,15294,
29,137,0.2184476940382452,1942,8890,
29,139,0.2166623229953957,2494,11511,
29,141,0.22768873610429036,5100,22399,
29,143,0.23501183276360768,3575,15212,
29,145,0.23756888115866642,14615,61519,
29,147,0.17060917914451543,3498,20503,
29,149,0.23014139556270835,2002,8699,
29,151,0.22525597269624573,3036,13478,
29,153,0.1921892189218922,1747,9090,
29,155,0.2623030471298674,3779,14407,
29,157,0.21774869109947645,4159,19100,
29,159,0.24712840538010095,10822,43791,
29,161,0.20892450516727973,9542,45672,
29,163,0.22443071098491174,4031,17961,
29,165,0.22482708666425222,25452,113207,
29,167,0.22800120955548836,7540,33070,
29,169,0.21660736787487955,11689,53964,
29,171,0.23683630755673055,1075,4539,
29,173,0.20325745309077056,2134,10499,
29,175,0.22182996220459358,5341,24077,
29,177,0.22763912237596448,5281,23199,
29,179,0.18947190821663573,1123,5927,
29,181,0.24517032197853478,2627,10715,
29,183,0.21855161118269825,92606,423726,
29,185,0.21313972380178717,2099,9848,
29,186,0.21055753262158955,3905,18546,
29,187,0.20470201324385584,13818,67503,
29,189,0.21592077580572228,214394,992929,
29,195,0.21719185423365486,5066,23325,
29,197,0.2695994101744901,1097,4069,
29,199,0.29714772243507875,1396,4698,
29,201,0.23990304818610533,9106,37957,
29,203,0.23573883161512027,1715,7275,
29,205,0.24232197097536282,1436,5926,
29,207,0.22062029678599057,6274,28438,
29,209,0.1666564511186025,5438,32630,
29,211,0.2151304347826087,1237,5750,
29,213,0.20629493867193008,11706,56744,
29,215,0.214544040443321,5517,25715,
29,217,0.23783292060443725,4706,19787,
29,219,0.22524559488538906,8667,38478,
29,221,0.2258406479243523,5326,23583,
29,223,0.20055452865064696,2170,10820,
29,225,0.2753740396279822,11577,42041,
29,227,0.2013888888888889,377,1872,
29,229,0.25916431684183544,5055,19505,
29,510,0.17836214447880727,49887,279695,
30,000,0.2045798882023297,232655,1137233,
30,001,0.17079752148710772,1709,10006,
30,003,0.3093935604876524,3959,12796,
30,005,0.279298855570042,1928,6903,
30,007,0.20055408335340882,1665,8302,
30,009,0.1700295703600626,1955,11498,
30,011,0.21515368120085776,301,1399,
30,013,0.21751475929628622,18385,84523,
30,015,0.19812925170068027,1165,5880,
30,017,0.19650618522233368,2351,11964,
30,019,0.20307692307692307,330,1625,
30,021,0.20719276142480816,1809,8731,
30,023,0.11466721027418204,1125,9811,
30,025,0.253224711473184,746,2946,
30,027,0.20704771539369415,2456,11862,
30,029,0.21281444550193404,24373,114527,
30,031,0.18182605682605682,23089,126984,
30,033,0.24132091447925486,285,1181,
30,035,0.29171295267718284,3939,13503,
30,037,0.19003476245654694,164,863,
30,039,0.14963908939478068,539,3602,
30,041,0.2727668845315904,4382,16065,
30,043,0.19678292242934456,2618,13304,
30,045,0.18664140217906205,394,2111,
30,047,0.2089632667724456,6980,33403,
30,049,0.20665788177667746,15526,75129,
30,051,0.2202688728024819,426,1934,
30,053,0.1771997836278399,3931,22184,
30,055,0.20209668025626093,347,1717,
30,057,0.1555418845483441,1517,9753,
30,059,0.17433414043583534,360,2065,
30,061,0.1813282001924928,942,5195,
30,063,0.17544432294811743,21500,122546,
30,065,0.1975421863536317,1077,5452,
30,067,0.16703552063737967,3019,18074,
30,069,0.16,84,525,
30,071,0.23540579022306596,992,4214,
30,073,0.23379401118789075,1421,6078,
30,075,0.16782006920415224,291,1734,
30,077,0.1457865168539326,1038,7120,
30,079,0.21762589928057555,242,1112,
30,081,0.18042210554713928,8694,48187,
30,083,0.24691693870148712,2723,11028,
30,085,0.3217613023438266,3281,10197,
30,087,0.28325604100561386,2321,8194,
30,089,0.1681899964015833,2337,13895,
30,091,0.20359628770301624,702,3448,
30,093,0.19530082470803123,7057,36134,
30,095,0.20656084656084656,1952,9450,
30,097,0.17513973915357997,658,3757,
30,099,0.24549968963376784,1582,6444,
30,101,0.21637880846109062,1115,5153,
30,103,0.2530446549391069,187,739,
30,105,0.21872477804681195,1626,7434,
30,107,0.24829931972789115,511,2058,
30,109,0.2305159165751921,210,911,
30,111,0.2234428818705816,38339,171583,
31,000,0.24149611187430348,484312,2005465,
31,001,0.23608795999487114,7365,31196,
31,003,0.2437873545139981,1550,6358,
31,005,0.2127659574468085,90,423,
31,007,0.23458646616541354,156,665,
31,009,0.22466960352422907,102,454,
31,011,0.24355621964886068,1304,5354,
31,013,0.25170512940297113,2694,10703,
31,015,0.18764705882352942,319,1700,
31,017,0.2116788321167883,609,2877,
31,019,0.22376651810149348,11447,51156,
31,021,0.22387394083543927,1506,6727,
31,023,0.23900936129873207,2017,8439,
31,025,0.2218827295213153,6100,27492,
31,027,0.25078673444686517,2072,8262,
31,029,0.24681190223166843,929,3764,
31,031,0.24163368118028067,1343,5558,
31,033,0.22745261403874192,2184,9602,
31,035,0.24610847124365065,1502,6103,
31,037,0.3038056530574543,3289,10826,
31,039,0.2529043789097408,2264,8952,
31,041,0.2423953466196243,2542,10487,
31,043,0.29533630185141785,6301,21335,
31,045,0.1866799950018743,1494,8003,
31,047,0.2812169096684858,6905,24554,
31,049,0.20665961945031713,391,1892,
31,051,0.253528773072747,1401,5526,
31,053,0.2501583782071587,9477,37884,
31,055,0.24971638071854654,150119,601158,
31,057,0.18722327640733713,296,1581,
31,059,0.20119738751814223,1109,5512,
31,061,0.20944266950656726,590,2817,
31,063,0.20228706624605677,513,2536,
31,065,0.21239928379588183,949,4468,
31,067,0.2264490247613778,4911,21687,
31,069,0.17572062084257206,317,1804,
31,071,0.19859402460456943,339,1707,
31,073,0.19745575221238937,357,1808,
31,075,0.2425828970331588,139,573,
31,077,0.23486572598998634,516,2197,
31,079,0.2688288345607533,16901,62869,
31,081,0.24027603513174403,2298,9564,
31,083,0.2216699801192843,669,3018,
31,085,0.2718676122931442,230,846,
31,087,0.23089430894308943,568,2460,
31,089,0.2609683794466403,2641,10120,
31,091,0.22492836676217765,157,698,
31,093,0.23676202069385271,1556,6572,
31,095,0.23430493273542602,1672,7136,
31,097,0.18221881586510827,951,5219,
31,099,0.2385538598310861,1610,6749,
31,101,0.20471281296023564,1668,8148,
31,103,0.18315018315018314,150,819,
31,105,0.19757942511346444,653,3305,
31,107,0.24235492415121598,2013,8306,
31,109,0.21907005110302621,72919,332857,
31,111,0.22083495903238393,7358,33319,
31,113,0.23054755043227665,160,694,
31,115,0.20446735395189003,119,582,
31,117,0.14893617021276595,56,376,
31,119,0.24891087439219764,8856,35579,
31,121,0.22802092637488836,1787,7837,
31,123,0.23032329988851727,1033,4485,
31,125,0.23635806253832006,771,3262,
31,127,0.22622764689185354,1594,7046,
31,129,0.2029799706888129,831,4094,
31,131,0.24507262973901514,4066,16591,
31,133,0.24077746925823085,607,2521,
31,135,0.2367758186397985,658,2779,
31,137,0.24563149745631496,2221,9042,
31,139,0.25647668393782386,1881,7334,
31,141,0.26361305952280345,9358,35499,
31,143,0.22186373125830328,1169,5269,
31,145,0.22269190123931212,2318,10409,
31,147,0.21575789199060788,1654,7666,
31,149,0.21756647864625303,270,1241,
31,151,0.26207598371777474,3863,14740,
31,153,0.2549163200343703,52214,204828,
31,155,0.24369819704349313,5704,23406,
31,157,0.23708512900878714,8472,35734,
31,159,0.22640553773425628,4023,17769,
31,161,0.21087883093160137,1039,4927,
31,163,0.21871820956256358,645,2949,
31,165,0.18198362147406733,200,1099,
31,167,0.2378387769284225,1369,5756,
31,169,0.23162217659137577,1128,4870,
31,171,0.2082018927444795,132,634,
31,173,0.34518607804731055,2291,6637,
31,175,0.23115079365079366,932,4032,
31,177,0.23397948621435966,4973,21254,
31,179,0.2089159067882472,2062,9870,
31,181,0.22970535177390258,764,3326,
31,183,0.24504950495049505,198,808,
31,185,0.23457391304347827,3372,14375,
32,000,0.2106940942326273,688436,3267467,
32,001,0.22536780240464027,5867,26033,
32,003,0.2147793691282274,515228,2398871,
32,005,0.14181664111048342,7029,49564,
32,007,0.25600132443021906,13917,54363,
32,009,0.11944444444444445,86,720,
32,011,0.21470431539690996,403,1877,
32,013,0.2595816779621407,4443,17116,
32,015,0.25306828003457216,1464,5785,
32,017,0.20299194476409665,882,4345,
32,019,0.20262720110486832,12911,63718,
32,021,0.1935195530726257,866,4475,
32,023,0.16270762636185032,9110,55990,
32,027,0.16141370869033048,1055,6536,
32,029,0.11648832684824903,479,4112,
32,031,0.20065841349944805,101790,507280,
32,033,0.19967190063276308,1704,8534,
32,510,0.19264635069133934,11202,58148,
33,000,0.17697539871344298,249364,1409032,
33,001,0.16551481067165208,10801,65257,
33,003,0.14224039558767593,7479,52580,
33,005,0.17454340531263607,13628,78078,
33,007,0.15922686048755386,4951,31094,
33,009,0.15139986028265892,14087,93045,
33,011,0.19083914491871523,82149,430462,
33,013,0.17903451595943473,28264,157869,
33,015,0.17887437079951493,57675,322433,
33,017,0.16994530632926483,22807,134202,
33,019,0.17093065527583387,7523,44012,
34,000,0.21524208726144636,2044983,9500851,
34,001,0.20324670206438947,56729,279114,
34,003,0.20609600456142754,201694,978641,
34,005,0.2024583872222748,96272,475515,
34,007,0.22440017378667684,119827,533988,
34,009,0.16667909454061253,15647,93875,
34,011,0.24223075836020505,37710,155678,
34,013,0.23347101109778828,205811,881527,
34,015,0.2089915101208212,65160,311783,
34,017,0.19183085773277098,141223,736185,
34,019,0.18956327633856712,24967,131708,
34,021,0.22011893772090438,86317,392138,
34,023,0.21057296833344755,187435,890119,
34,025,0.20498671855695577,132733,647520,
34,027,0.2035090134269376,106446,523053,
34,029,0.24950107587548054,166276,666434,
34,031,0.23484562198417386,123669,526597,
34,033,0.21934298812885206,14449,65874,
34,035,0.20620085210662803,73710,357467,
34,037,0.1941754157510648,28630,147444,
34,039,0.234059849198869,139069,594160,
34,041,0.1893136721086128,21209,112031,
35,000,0.2102578281671311,447903,2130256,
35,001,0.1954634706221241,131302,671747,
35,003,0.11251646903820817,427,3795,
35,005,0.23966591833210354,15266,63697,
35,006,0.2239001723750281,5975,26686,
35,007,0.16291541399203704,2005,12307,
35,009,0.2624904572058699,12378,47156,
35,011,0.2184671092335546,362,1657,
35,013,0.2229580670195234,51139,229366,
35,015,0.2587896347418452,15899,61436,
35,017,0.1745397770596565,4807,27541,
35,019,0.18563283922462942,814,4385,
35,021,0.14960629921259844,95,635,
35,023,0.21230458900655572,842,3966,
35,025,0.2860640576971697,21498,75151,
35,027,0.1716354556803995,3437,20025,
35,028,0.205997458703939,4053,19675,
35,029,0.2544632506376072,6585,25878,
35,031,0.2601929073899485,17939,68945,
35,033,0.160888671875,659,4096,
35,035,0.2126063318558047,14821,69711,
35,037,0.20159466857074854,1694,8403,
35,039,0.21867100488049054,8737,39955,
35,041,0.23641318869235292,4424,18713,
35,043,0.208478863061544,32889,157757,
35,045,0.24109189931880448,29128,120817,
35,047,0.16036022400484334,4238,26428,
35,049,0.15211231895540836,23998,157765,
35,051,0.1603301431205549,1826,11389,
35,053,0.20761570739650528,3315,15967,
35,055,0.1483962647178238,5117,34482,
35,057,0.20586763417990742,3291,15986,
35,059,0.20504330106979113,805,3926,
35,061,0.22444408696620594,18138,80813,
36,000,0.20044441988140482,3982279,19867248,
36,001,0.17731057243939943,56733,319964,
36,003,0.19249878432947842,9105,47299,
36,005,0.24015832758008093,332553,1384724,
36,007,0.18695295752990118,36717,196397,
36,009,0.21444186816826763,16185,75475,
36,011,0.18891734949776712,14087,74567,
36,013,0.2027557310342049,25163,124105,
36,015,0.20649694877642852,16750,81115,
36,017,0.20539147151345682,9402,45776,
36,019,0.17787109450244634,13851,77871,
36,021,0.15139554553143503,9129,60299,
36,023,0.18154314941778213,8341,45945,
36,025,0.15308546989205946,6765,44191,
36,027,0.1792121028260152,53757,299963,
36,029,0.19884346971708455,189021,950602,
36,031,0.15003810145874155,5513,36744,
36,033,0.19330586586246443,9102,47086,
36,035,0.1966086071476581,10238,52073,
36,037,0.20028123047010624,11537,57604,
36,039,0.15828411828667677,7424,46903,
36,041,0.1180637544273908,600,5082,
36,043,0.19998321725266427,11916,59585,
36,045,0.24138235814035708,27310,113140,
36,047,0.2147269802351821,562076,2617631,
36,049,0.22581859239744073,6000,26570,
36,051,0.17416871070970258,10722,61561,
36,053,0.18138716603053434,12166,67072,
36,055,0.19901568993435273,149700,752202,
36,057,0.2321543667418627,11526,49648,
36,059,0.21217533563433344,295441,1392438,
36,061,0.13278604220962217,220513,1660664,
36,063,0.1964021567972515,41160,209570,
36,065,0.21168659978015913,48338,228347,
36,067,0.2051948438950048,96403,469812,
36,069,0.18789155133968075,21234,113012,
36,071,0.2544132968402033,104759,411767,
36,073,0.18303683918762284,7264,39686,
36,075,0.20188495837031403,23884,118305,
36,077,0.14452118167999473,8747,60524,
36,079,0.19144590433801786,18840,98409,
36,081,0.18952703271394108,439104,2316841,
36,083,0.1871737926830027,30088,160749,
36,085,0.21157057638113896,105407,498212,
36,087,0.30315329289029824,105541,348144,
36,089,0.1937607111245033,20577,106198,
36,091,0.18595440173073724,44696,240360,
36,093,0.21154806145654223,34326,162261,
36,095,0.16868428907830585,5086,30151,
36,097,0.18223234624145787,3120,17121,
36,099,0.20192955589586523,6593,32650,
36,101,0.212758789327827,19577,92015,
36,103,0.2047569224478794,314488,1535909,
36,105,0.21408328154133002,17223,80450,
36,107,0.2006768402909152,9547,47574,
36,109,0.13817920115149335,14592,105602,
36,111,0.16506446165365046,30203,182977,
36,113,0.17070518318833477,11145,65288,
36,115,0.182957602901118,10948,59839,
36,117,0.20550480954637107,18651,90757,
36,119,0.2074028736734274,208740,1006447,
36,121,0.18151965241992524,7186,39588,
36,123,0.22425882642391437,5469,24387,
37,000,0.21367887667091798,2360302,11046024,
37,001,0.2183784965034965,39972,183040,
37,003,0.19101736025945004,7009,36693,
37,005,0.1657439142279638,1886,11379,
37,007,0.19672788873038516,4413,22432,
37,009,0.16111640871414948,4393,27266,
37,011,0.14339453146931672,2554,17811,
37,013,0.1876794687724336,8366,44576,
37,015,0.16405927150363067,2779,16939,
37,017,0.20626658158981764,6142,29777,
37,019,0.13456244913590884,22487,167112,
37,021,0.17271229540489239,48223,279210,
37,023,0.1804167372522446,15975,88545,
37,025,0.2464060426661223,60351,244925,
37,027,0.19447850481180098,15702,80739,
37,029,0.21682761087267524,2425,11184,
37,031,0.1634950682474843,11487,70259,
37,033,0.18468005187139472,4130,22363,
37,035,0.21126701545608007,35293,167054,
37,037,0.1868874740682452,15675,83874,
37,039,0.15829848878938532,4808,30373,
37,041,0.19473040097905117,2705,13891,
37,043,0.14740076399269225,1775,12042,
37,045,0.22168620466955008,22655,102194,
37,047,0.20495864466376312,10259,50054,
37,049,0.20823293365461232,21691,104167,
37,051,0.2532133676092545,85695,338430,
37,053,0.21581262779602206,6966,32278,
37,055,0.1715423094047089,6550,38183,
37,057,0.21397117131303814,38046,177809,
37,059,0.20404116078707887,9260,45383,
37,061,0.23981479649379686,12120,50539,
37,063,0.19585132759844948,67300,343628,
37,065,0.22656949759791548,11130,49124,
37,067,0.22225180400007033,88488,398143,
37,069,0.2149904100487646,17150,79771,
37,071,0.22128837651336722,53554,242010,
37,073,0.18516360811729293,1907,10299,
37,075,0.18987651302115174,1553,8179,
37,077,0.20071818536331731,12353,61544,
37,079,0.18552561559672973,3835,20671,
37,081,0.21680660539426216,121155,558816,
37,083,0.21337674497786857,10027,46992,
37,085,0.24959615595225057,36465,146096,
37,087,0.17150425072960285,10813,63048,
37,089,0.1809043561782216,21848,120771,
37,091,0.19740205540195108,3784,19169,
37,093,0.26416525224802284,14630,55382,
37,095,0.14226489199214487,652,4583,
37,097,0.21709528447720258,44800,206361,
37,099,0.15966961860382942,7230,45281,
37,101,0.24218756255154247,60497,249794,
37,103,0.18854364827731981,1784,9462,
37,105,0.23034273458132104,15787,68537,
37,107,0.2272102942239572,12572,55332,
37,109,0.20361434674370715,19875,97611,
37,111,0.18770019218449713,8497,45269,
37,113,0.18007593563550894,6972,38717,
37,115,0.16705440229062277,3734,22352,
37,117,0.20415369604609024,4394,21523,
37,119,0.2236569301616119,269794,1206285,
37,121,0.17684630738522955,2658,15030,
37,123,0.20353512365346685,5366,26364,
37,125,0.2155934954850254,23374,108417,
37,127,0.21945096438412082,21504,97990,
37,129,0.17257831860043643,41994,243333,
37,131,0.17539203860072378,2908,16580,
37,133,0.24969242183757995,53173,212954,
37,135,0.17969347907141034,27471,152877,
37,137,0.14087649402390437,1768,12550,
37,139,0.20462117919745038,8475,41418,
37,141,0.22308317993064772,15633,70077,
37,143,0.18075780089153046,2433,13460,
37,145,0.203522407393568,8170,40143,
37,147,0.20780161851501525,37567,180783,
37,149,0.1500984251968504,3050,20320,
37,151,0.2188369757866149,32473,148389,
37,153,0.23507978090021434,9871,41990,
37,155,0.2622234960884813,31106,118624,
37,157,0.20281873883892768,18967,93517,
37,159,0.21778021175611537,33404,153384,
37,161,0.19695976336774057,12918,65587,
37,163,0.24728494801668763,14937,60404,
37,165,0.23246209215882943,7880,33898,
37,167,0.21571161215577933,14523,67326,
37,169,0.18614388206816843,8536,45857,
37,171,0.20811494542049283,14890,71547,
37,173,0.21391179634277518,2983,13945,
37,175,0.15406269243175089,5254,34103,
37,177,0.19391526869491044,682,3517,
37,179,0.24745810331604565,65177,263386,
37,181,0.23872735432364126,10107,42337,
37,183,0.22256427066868759,274298,1232444,
37,185,0.17692993029715423,3376,19081,
37,187,0.1904449033226957,2029,10654,
37,189,0.11667909158681383,6417,54997,
37,191,0.23631770513054895,28438,120338,
37,193,0.19529809929592362,12926,66186,
37,195,0.22520573300983016,18007,79958,
37,197,0.20631662060797473,7839,37995,
37,199,0.17627546990996684,3348,18993,
38,000,0.23257650319872253,185263,796568,
38,001,0.19430172816440916,416,2141,
38,003,0.19540655676977217,2110,10798,
38,005,0.32626824183460734,1878,5756,
38,007,0.21825023518344308,232,1063,
38,009,0.21858864027538727,1397,6391,
38,011,0.25190575190575193,727,2886,
38,013,0.24698235840297122,532,2154,
38,015,0.22747243155168903,23454,103107,
38,017,0.21733807758341836,43673,200945,
38,019,0.223717409587889,798,3567,
38,021,0.23306288032454361,1149,4930,
38,023,0.24199623352165725,514,2124,
38,025,0.25130240635078144,1013,4031,
38,027,0.2693806842789086,622,2309,
38,029,0.20722966656279215,665,3209,
38,031,0.22058380981041228,733,3323,
38,033,0.20111420612813372,361,1795,
38,035,0.2075747922625422,15313,73771,
38,037,0.21272808188696038,478,2247,
38,039,0.2002694207453974,446,2227,
38,041,0.24183546920214966,585,2419,
38,043,0.22269084774356812,528,2371,
38,045,0.21476178721303382,870,4051,
38,047,0.24468085106382978,460,1880,
38,049,0.24751703992210322,1271,5135,
38,051,0.20601381552214548,507,2461,
38,053,0.31463942632931946,4651,14782,
38,055,0.2111731843575419,2079,9845,
38,057,0.2341878294202204,1955,8348,
38,059,0.23302333742761888,7968,34194,
38,061,0.2887903736542115,2736,9474,
38,063,0.20053209178583306,603,3007,
38,065,0.23379383634431455,440,1882,
38,067,0.21159684274438373,1394,6588,
38,069,0.22813392161951726,879,3853,
38,071,0.2417897480451781,2783,11510,
38,073,0.20787119856887298,1162,5590,
38,075,0.2398989898989899,570,2376,
38,077,0.2089086324888942,3480,16658,
38,079,0.3163701676359904,3699,11692,
38,081,0.20566037735849058,763,3710,
38,083,0.18769716088328076,238,1268,
38,085,0.3334231079989227,1238,3713,
38,087,0.17727272727272728,117,660,
38,089,0.27387686202505407,9248,33767,
38,091,0.20996038483305038,371,1767,
38,093,0.1974380395433027,4254,21546,
38,095,0.22330570453437348,458,2051,
38,097,0.2291901364376017,1831,7989,
38,099,0.23467789308791853,2397,10214,
38,101,0.23622254373273707,16164,68427,
38,103,0.20641598737838548,785,3803,
38,105,0.30095920319897945,12268,40763,
39,000,0.21663756140548118,2574370,11883304,
39,001,0.24054063821329189,6656,27671,
39,003,0.23229829675014377,23431,100866,
39,005,0.22363601678748568,11723,52420,
39,007,0.21542525746599797,20876,96906,
39,009,0.14348761428707013,9071,63218,
39,011,0.23304734114367842,10702,45922,
39,013,0.18282013231929758,11827,64692,
39,015,0.2274677142599115,10075,44292,
39,017,0.22781584914727362,91022,399542,
39,019,0.20396825396825397,5397,26460,
39,021,0.21610507106690313,8408,38907,
39,023,0.22343964144164166,30161,134985,
39,025,0.2150492940973179,46047,214123,
39,027,0.22499345534163118,9454,42019,
39,029,0.19875179066948498,19840,99823,
39,031,0.23517012134151286,8702,37003,
39,033,0.2136645365877096,8894,41626,
39,035,0.2011770168161381,249579,1240594,
39,037,0.2340756286191753,12046,51462,
39,039,0.22042231653037989,8518,38644,
39,041,0.23855088542060632,56767,237966,
39,043,0.19161441475602986,14149,73841,
39,045,0.2355658611604535,39519,167762,
39,047,0.23087346258077965,6645,28782,
39,049,0.22974291142908332,311601,1356303,
39,051,0.22561149709717332,9482,42028,
39,053,0.23045766115073046,6657,28886,
39,055,0.21616576833539566,20614,95362,
39,057,0.20239980968627247,34883,172347,
39,059,0.2198906303147649,8404,38219,
39,061,0.2265933727349918,189740,837359,
39,063,0.2138210515090114,16040,75016,
39,065,0.23179396092362345,7047,30402,
39,067,0.20424440962825807,2868,14042,
39,069,0.2268666472980825,6247,27536,
39,071,0.23702181112253054,10378,43785,
39,073,0.211090451711692,5790,27429,
39,075,0.29880451329811053,13347,44668,
39,077,0.23057351120891212,13412,58168,
39,079,0.23570577269810225,7713,32723,
39,081,0.19413145539906104,12405,63900,
39,083,0.22506578123042226,14370,63848,
39,085,0.18689103115854708,43426,232360,
39,087,0.21057156674846406,11756,55829,
39,089,0.22396672760116387,41411,184898,
39,091,0.22295757838776176,10275,46085,
39,093,0.21132503182933268,68053,322030,
39,095,0.22377671590533227,95394,426291,
39,097,0.19461465814500012,8861,45531,
39,099,0.20134552186583757,45461,225786,
39,101,0.2143098990396454,13925,64976,
39,103,0.20677048070412998,38175,184625,
39,105,0.1996649760364804,4291,21491,
39,107,0.2612080285124742,11140,42648,
39,109,0.2252880750334971,25221,111950,
39,111,0.19975480806068502,2607,13051,
39,113,0.2192102232236721,117813,537443,
39,115,0.2018179130948862,2731,13532,
39,117,0.213738970690567,7679,35927,
39,119,0.2243999907602042,19429,86582,
39,121,0.18746933912677832,2675,14269,
39,123,0.16809432631260707,6672,39692,
39,125,0.23257797920554518,4362,18755,
39,127,0.22930329017431758,8182,35682,
39,129,0.21358473567360597,13276,62158,
39,131,0.2317753556253464,6273,27065,
39,133,0.17696030859563353,28993,163839,
39,135,0.21754368765471435,8876,40801,
39,137,0.252879611764018,8650,34206,
39,139,0.2139796400567067,26716,124853,
39,141,0.20615153985745469,15677,76046,
39,143,0.21277137906431556,12525,58866,
39,145,0.21426780690269923,15384,71798,
39,147,0.21061575004567878,11527,54730,
39,149,0.2422630964297631,11617,47952,
39,151,0.21254454130144804,79511,374091,
39,153,0.20345301558407786,109533,538370,
39,155,0.20407888167748378,40877,200300,
39,157,0.23139014427255344,21299,92048,
39,159,0.2376430891928445,17044,71721,
39,161,0.22923806556582546,6622,28887,
39,163,0.2147469111199681,2694,12545,
39,165,0.23285258475585704,59624,256059,
39,167,0.19327298909689364,11274,58332,
39,169,0.2363845256876329,27570,116632,
39,171,0.21628275975269465,7906,36554,
39,173,0.19738196683123305,26267,133077,
39,175,0.21449939235299617,4589,21394,
40,000,0.23592705266625205,966214,4095393,
40,001,0.2677967811916654,5308,19821,
40,003,0.19240196078431374,1099,5712,
40,005,0.20828767123287673,3041,14600,
40,007,0.23522388059701493,1182,5025,
40,009,0.23175116864437253,5156,22248,
40,011,0.2581360083984603,2213,8573,
40,013,0.23707384951794055,11926,50305,
40,015,0.22876561491437902,6025,26337,
40,017,0.2500660211267606,45452,181760,
40,019,0.24542586750788645,12059,49135,
40,021,0.21032649962034927,10249,48729,
40,023,0.24015803584027093,3404,14174,
40,025,0.26910454758556024,574,2133,
40,027,0.19678107069537296,59812,303952,
40,029,0.24418175101588474,1322,5414,
40,031,0.23490889320900193,28517,121396,
40,033,0.22624023260039977,1245,5503,
40,035,0.23031848890114434,3341,14506,
40,037,0.23017128334076867,17026,73971,
40,039,0.2474350810160617,6994,28266,
40,041,0.19547054176342438,8165,41771,
40,043,0.2626522961574508,1121,4268,
40,045,0.21993890585948347,792,3601,
40,047,0.25492283129324106,15807,62007,
40,049,0.24995219702474283,6536,26149,
40,051,0.22776892362003667,13291,58353,
40,053,0.24229929662866845,999,4123,
40,055,0.20393889195656176,1108,5433,
40,057,0.2531317494600432,586,2315,
40,059,0.23153630414459334,743,3209,
40,061,0.23749047498094997,2805,11811,
40,063,0.21441926557475133,2867,13371,
40,065,0.24599649566032353,6037,24541,
40,067,0.23930033494603647,1286,5374,
40,069,0.22850480909355872,2352,10293,
40,071,0.24435389184335934,10614,43437,
40,073,0.2668141592920354,4221,15820,
40,075,0.24003875499576116,1982,8257,
40,077,0.22368282679566726,2127,9509,
40,079,0.2452561479520199,12227,49854,
40,081,0.23230012581493767,8124,34972,
40,083,0.21130709246193835,11381,53860,
40,085,0.23716780197639836,2472,10423,
40,087,0.24544741297435685,11888,48434,
40,089,0.26372342152248013,8124,30805,
40,091,0.20268899036022323,3995,19710,
40,093,0.2512881490289338,1902,7569,
40,095,0.22307549389979564,3602,16147,
40,097,0.22957353527301713,9216,40144,
40,099,0.22218990839028646,3056,13754,
40,101,0.24180548897411314,16141,66752,
40,103,0.22136563876651982,2412,10896,
40,105,0.23292542621064743,2227,9561,
40,107,0.2279127067933826,2590,11364,
40,109,0.24930005266445393,203551,816490,
40,111,0.23495307949520008,8713,37084,
40,113,0.20270996881385095,9425,46495,
40,115,0.25249967109590843,7677,30404,
40,117,0.23424989137856123,3774,16111,
40,119,0.1797408520291215,15134,84199,
40,121,0.2232284825440719,9687,43395,
40,123,0.24917776037588096,9546,38310,
40,125,0.227628079413266,16946,74446,
40,127,0.21453703703703703,2317,10800,
40,129,0.23728813559322035,784,3304,
40,131,0.22980931430093418,23296,101371,
40,133,0.24063209284398956,5619,23351,
40,135,0.24103069905067193,9775,40555,
40,137,0.22230289279636983,9798,44075,
40,139,0.28624192059095105,5890,20577,
40,141,0.22698931116389548,1529,6736,
40,143,0.2463021654934147,170814,693514,
40,145,0.2315986718827049,21135,91257,
40,147,0.23912319644839067,12927,54060,
40,149,0.2414429375403635,2617,10839,
40,151,0.2075273828944302,1781,8582,
40,153,0.23700665299384724,4738,19991,
41,000,0.1933855931519056,826215,4272371,
41,001,0.19367164179104476,3244,16750,
41,003,0.149354391854316,14771,98899,
41,005,0.20226977600462126,86138,425857,
41,007,0.17274565699388447,7090,41043,
41,009,0.1998779202042062,10806,54063,
41,011,0.16909181357460437,10877,64326,
41,013,0.19421275973075797,5309,27336,
41,015,0.13730569948186527,3127,22774,
41,017,0.18204552438130805,38509,211535,
41,019,0.18932786958264666,21253,112255,
41,021,0.1917808219178082,378,1971,
41,023,0.18158748061469054,1288,7093,
41,025,0.1971088894893272,1459,7402,
41,027,0.2082561858273018,4949,23764,
41,029,0.19922649786970645,44095,221331,
41,031,0.21835839598997495,5576,25536,
41,033,0.19146766958176628,16902,88276,
41,035,0.21505437405945654,15148,70438,
41,037,0.20283134000488162,1662,8194,
41,039,0.16987363884559462,64959,382396,
41,041,0.14949621182535344,7656,51212,
41,043,0.2150761658891556,28492,132474,
41,045,0.2561658672443138,8278,32315,
41,047,0.2280717664162418,80479,352867,
41,049,0.2650485436893204,3276,12360,
41,051,0.16998430701460113,135290,795897,
41,053,0.20895868535268197,18921,90549,
41,055,0.21728271728271728,435,2002,
41,057,0.17708333333333334,4828,27264,
41,059,0.2402380390354201,19337,80491,
41,061,0.2138306853941208,5572,26058,
41,063,0.19569263493751662,1472,7522,
41,065,0.21066133474176632,5584,26507,
41,067,0.20712219764687406,126608,611272,
41,069,0.12637362637362637,184,1456,
41,071,0.20077376765326552,22263,110886,
42,000,0.2010758519678217,2629821,13078751,
42,001,0.1885112218989195,20343,107914,
42,003,0.18310881350593514,225556,1231814,
42,005,0.18605819815009658,11848,63679,
42,007,0.1903890298417301,31517,165540,
42,009,0.19341771089142162,9215,47643,
42,011,0.21679188006841002,95197,439117,
42,013,0.1981308566629805,23829,120269,
42,015,0.21971892326504633,13117,59699,
42,017,0.1956190367787415,127178,650131,
42,019,0.18745767303264255,37368,199341,
42,021,0.19038798536600363,24771,130108,
42,023,0.18031278748850046,784,4348,
42,025,0.18520602953926654,12176,65743,
42,027,0.14418197177810457,23041,159805,
42,029,0.21335366342990128,119637,560745,
42,031,0.1903947903947904,7017,36855,
42,033,0.17809604259458353,13915,78132,
42,035,0.19804568863066155,7499,37865,
42,037,0.17393807186572138,11482,66012,
42,039,0.2033524589165418,16693,82089,
42,041,0.20326587203646976,56003,275516,
42,043,0.22036385477205328,64573,293029,
42,045,0.2182696680697987,127662,584882,
42,047,0.18752489709201967,5649,30124,
42,049,0.20290569561157795,54328,267750,
42,051,0.18619343074527397,23077,123941,
42,053,0.036812604150886226,243,6601,
42,055,0.2160655428948112,34416,159285,
42,057,0.1938140049820094,2801,14452,
42,059,0.18404004711425206,6250,33960,
42,061,0.1747503401831223,7577,43359,
42,063,0.17820934746181571,14783,82953,
42,065,0.20893767150137202,9061,43367,
42,067,0.2183799957255824,5109,23395,
42,069,0.20276769698283217,43972,216859,
42,071,0.22762221437156152,128218,563293,
42,073,0.19734545843078127,16623,84233,
42,075,0.2219186754656996,32249,145319,
42,077,0.2182027978374454,84151,385655,
42,079,0.20268936776319563,67167,331379,
42,081,0.2009696562930517,22757,113236,
42,083,0.1882820811591266,7433,39478,
42,085,0.18688736822637322,20210,108140,
42,087,0.22307608577337543,10247,45935,
42,089,0.1860343616197162,30979,166523,
42,091,0.20850896848235306,183319,879190,
42,093,0.1982335081424234,3591,18115,
42,095,0.18564409314249092,59961,322989,
42,097,0.19434169749075278,17496,90027,
42,099,0.20700187969924813,9691,46816,
42,101,0.2077385324248562,326963,1573916,
42,103,0.16891111966140823,10536,62376,
42,105,0.19245920090039392,3078,15993,
42,107,0.19820374611653507,28645,144523,
42,109,0.2012769071592601,7976,39627,
42,111,0.1789031524662434,12905,72134,
42,113,0.097857263371014,580,5927,
42,115,0.18850393700787402,7182,38100,
42,117,0.19460415745245466,7920,40698,
42,119,0.17078203942218742,7200,42159,
42,121,0.1885762794081979,9330,49476,
42,123,0.1952479062424745,7297,37373,
42,125,0.19273026221998346,40557,210434,
42,127,0.16458896516851748,8463,51419,
42,129,0.17897046461595453,62807,350935,
42,131,0.1866050987544139,4809,25771,
42,133,0.21601307189542485,101794,471240,
44,000,0.18393376654667593,204591,1112308,
44,001,0.17026622793897697,8538,50145,
44,003,0.17487387648593794,30157,172450,
44,005,0.15208223510806537,12694,83468,
44,007,0.19816632934464842,133943,675912,
44,009,0.14776764134946638,19259,130333,
45,000,0.21027679079716094,1152071,5478831,
45,001,0.19242491973828585,4735,24607,
45,003,0.21449970710480068,38448,179245,
45,005,0.17388425374122632,1313,7551,
45,007,0.22216748088017937,48251,217183,
45,009,0.1794871794871795,2310,12870,
45,011,0.23522810441571115,4821,20495,
45,013,0.16854912650229215,34009,201775,
45,015,0.23016846024610635,60828,264276,
45,017,0.18331110955154747,2612,14249,
45,019,0.19115964928155618,82390,431001,
45,021,0.2241994114592349,12952,57770,
45,023,0.21569780032793986,6972,32323,
45,025,0.22100341665168136,9832,44488,
45,027,0.1747985820174025,5424,31030,
45,029,0.22565526376117578,8859,39259,
45,031,0.22245895074088906,13887,62425,
45,033,0.24912064401494,6870,27577,
45,035,0.2360717495977969,41233,174663,
45,037,0.15939568833814294,4695,29455,
45,039,0.17718101035887868,3609,20369,
45,041,0.23166411926200117,31981,138049,
45,043,0.1616566972060271,10675,66035,
45,045,0.22449254921199485,128128,570745,
45,047,0.21831498693622306,15291,70041,
45,049,0.20344486022452124,3697,18172,
45,051,0.16373118911635715,67685,413391,
45,053,0.17204784097928014,6128,35618,
45,055,0.23117799659683674,16575,71698,
45,057,0.21531186185648266,24040,111652,
45,059,0.215536182578496,15205,70545,
45,061,0.194949241759619,3111,15958,
45,063,0.226650391683186,71117,313774,
45,065,0.09916858659721527,990,9983,
45,067,0.21601804850535816,6128,28368,
45,069,0.19617224880382775,5002,25498,
45,071,0.21059612784735862,8256,39203,
45,073,0.1850378902697787,15261,82475,
45,075,0.21002297633798073,17459,83129,
45,077,0.18273314665682636,25255,138207,
45,079,0.21140784533183482,91043,430651,
45,081,0.22254780999383098,4329,19452,
45,083,0.23127315466776438,85399,369256,
45,085,0.2324959914484233,24360,104776,
45,087,0.20226403778394184,5396,26678,
45,089,0.18566884312740667,5545,29865,
45,091,0.23090682869033435,69965,303001,
46,000,0.23868649213934934,220706,924669,
46,003,0.25109011627906974,691,2752,
46,005,0.2855234081915823,5556,19459,
46,007,0.3058680449984798,1006,3289,
46,009,0.19502192052043557,1379,7071,
46,011,0.20457108281305866,7438,36359,
46,013,0.23027070276036804,8634,37495,
46,015,0.24158905151111956,1271,5261,
46,017,0.3578082191780822,653,1825,
46,019,0.24267744008814618,2643,10891,
46,021,0.19970193740685543,268,1342,
46,023,0.305041207320989,2850,9343,
46,025,0.29466532460996475,1171,3974,
46,027,0.17140045916693997,2613,15245,
46,029,0.22364915636313956,6548,29278,
46,031,0.3496130237523352,1310,3747,
46,033,0.1405144694533762,1311,9330,
46,035,0.22811071482393128,4541,19907,
46,037,0.21708579881656806,1174,5408,
46,039,0.24659746251441753,1069,4335,
46,041,0.41018414130026304,2183,5322,
46,043,0.27378027378027375,780,2849,
46,045,0.21951825180034765,884,4027,
46,047,0.1581736649001223,1164,7359,
46,049,0.273876404494382,585,2136,
46,051,0.2273562614859543,1732,7618,
46,053,0.24306569343065693,999,4110,
46,055,0.2420937840785169,444,1834,
46,057,0.32959369314736203,2174,6596,
46,059,0.23248304811107523,720,3097,
46,061,0.274374460742019,954,3477,
46,063,0.23018867924528302,305,1325,
46,065,0.2382175054205181,4175,17526,
46,067,0.26874325782092773,1993,7416,
46,069,0.23621399176954733,287,1215,
46,071,0.35842162952137374,981,2737,
46,073,0.24511545293072823,414,1689,
46,075,0.2231121281464531,195,874,
46,077,0.251853259836533,1325,5261,
46,079,0.20525168090132656,2259,11006,
46,081,0.15883925162275678,4576,28809,
46,083,0.2512492690447079,18905,75244,
46,085,0.2735823703305563,1018,3721,
46,087,0.2883382429388321,1664,5771,
46,089,0.2154312960554833,497,2307,
46,091,0.25278725824800913,1111,4395,
46,093,0.2024710524613494,6260,30918,
46,095,0.3053435114503817,560,1834,
46,097,0.228831958315241,527,2303,
46,099,0.24969444830544624,52096,208639,
46,101,0.2660438045642518,1737,6529,
46,102,0.35037425149700596,4681,13360,
46,103,0.21683235758197605,25148,115979,
46,105,0.2312853107344633,655,2832,
46,107,0.21648626144879268,520,2402,
46,109,0.2857142857142857,2938,10283,
46,111,0.2537625418060201,607,2392,
46,115,0.22347740667976423,1365,6108,
46,117,0.21492537313432836,648,3015,
46,119,0.19346049046321526,284,1468,
46,121,0.40056694286960315,3674,9172,
46,123,0.24295959419275845,1389,5717,
46,125,0.25156817431495543,2286,9087,
46,127,0.23640960809102401,4114,17402,
46,129,0.24193548387096775,1275,5270,
46,135,0.207027096005785,4867,23509,
46,137,0.2584780810587262,625,2418,
47,000,0.21895015737954412,1582517,7227750,
47,001,0.20952988986973445,17066,81449,
47,003,0.25018440657962676,13567,54228,
47,005,0.1977369690224448,3198,16173,
47,007,0.1479058431146174,2306,15591,
47,009,0.1957091926784848,27832,142211,
47,011,0.2155877028000914,24530,113782,
47,013,0.20430935931209304,8221,40238,
47,015,0.2163518689737155,3276,15142,
47,017,0.2193286838217611,6384,29107,
47,019,0.17174495943169552,9864,57434,
47,021,0.20871279692047695,8892,42604,
47,023,0.21705079436115463,3880,17876,
47,025,0.18872089507106138,6241,33070,
47,027,0.19625811378388697,1542,7857,
47,029,0.2008990318118949,7553,37596,
47,031,0.2372521824263686,14540,61285,
47,033,0.23008659557718458,3215,13973,
47,035,0.1663720320643726,10917,65618,
47,037,0.20496775210588,149525,729505,
47,039,0.2009322033898305,2371,11800,
47,041,0.21579988044327952,4693,21747,
47,043,0.220832393608716,12729,57641,
47,045,0.23737054638353983,8641,36403,
47,047,0.17530803129777858,7797,44476,
47,049,0.20224551641909683,4071,20129,
47,051,0.1922369674546381,8677,45137,
47,053,0.23962506320252033,12322,51422,
47,055,0.20519195376319782,6355,30971,
47,057,0.18741275475611216,4699,25073,
47,059,0.18503228970816643,13581,73398,
47,061,0.2177692960135708,3081,14148,
47,063,0.23777597282729085,16101,67715,
47,065,0.20956049873658922,80944,386256,
47,067,0.21014492753623187,1479,7038,
47,069,0.1958008964378391,4980,25434,
47,071,0.19741463591266248,5452,27617,
47,073,0.1870104933384986,11103,59371,
47,075,0.21366321576884834,3653,17097,
47,077,0.2236809424120924,6304,28183,
47,079,0.19621080801630023,6452,32883,
47,081,0.2098302331876716,5426,25859,
47,083,0.2102365893651909,1795,8538,
47,085,0.20062391326582796,3923,19554,
47,087,0.1832579185520362,2268,12376,
47,089,0.18835807285070166,11154,59217,
47,091,0.16497352210094024,3053,18506,
47,093,0.20664511749429698,104717,506748,
47,095,0.15680473372781065,1007,6422,
47,097,0.2149411287048315,5294,24630,
47,099,0.24951040523382184,11594,46467,
47,101,0.2195558205395737,2946,13418,
47,103,0.22170825283665752,8148,36751,
47,105,0.18698192470504918,11617,62129,
47,107,0.21224935687352434,12046,56754,
47,109,0.21464965712753323,5603,26103,
47,111,0.2489977564456214,6770,27189,
47,113,0.22256968996803075,22348,100409,
47,115,0.20270904579896734,6046,29826,
47,117,0.23346632493988956,8836,37847,
47,119,0.2255513133646648,25580,113411,
47,121,0.20406113223792782,2844,13937,
47,123,0.200675428245921,9864,49154,
47,125,0.2634366426176202,64812,246025,
47,127,0.19105270928687434,1294,6773,
47,129,0.19089915277398195,4191,21954,
47,131,0.21645021645021645,6550,30261,
47,133,0.20321854698314296,4786,23551,
47,135,0.2219873150105708,1995,8987,
47,137,0.1667971808927173,852,5108,
47,139,0.18442578252808375,3382,18338,
47,141,0.2078474332697246,17645,84894,
47,143,0.21280819356137978,7397,34759,
47,145,0.18677522822600542,10598,56742,
47,147,0.23849399049184924,18712,78459,
47,149,0.24347207927935574,91788,376996,
47,151,0.2294710663054581,5167,22517,
47,153,0.19562996594778662,3447,17620,
47,155,0.2067196358699992,20710,100184,
47,157,0.25261990269403534,230018,910530,
47,159,0.22297069720444593,4634,20783,
47,161,0.20410720501218238,2932,14365,
47,163,0.1876916836198472,30538,162703,
47,165,0.2257688183977971,47800,211721,
47,167,0.23180085870037145,14415,62187,
47,169,0.19236779340406285,2339,12159,
47,171,0.17726051924798567,3168,17872,
47,173,0.20461450816559057,4310,21064,
47,175,0.20041878552198625,1340,6686,
47,177,0.2303124785070726,10046,43619,
47,179,0.18194382778820126,25407,139642,
47,181,0.1637035182171028,2615,15974,
47,183,0.1897955491224896,6294,33162,
47,185,0.2130342173972791,6201,29108,
47,187,0.2482313774448606,66808,269136,
47,189,0.23191211429378397,39413,169948,
48,000,0.24496706399392204,7665223,31290831,
48,001,0.18925594838015863,11263,59512,
48,003,0.31342810336627386,5931,18923,
48,005,0.24641859831543578,21708,88094,
48,007,0.17261183824965814,4418,25595,
48,009,0.2288367012561442,2095,9155,
48,011,0.21282476506357104,385,1809,
48,013,0.2634560369816039,13906,52783,
48,015,0.23459104037362502,7635,32546,
48,017,0.30593087754231263,2151,7031,
48,019,0.16741130091984233,3822,22830,
48,021,0.2587291505337985,29736,114931,
48,023,0.22417209170676478,792,3533,
48,025,0.19518990584769103,6095,31226,
48,027,0.27119110661748147,108362,399578,
48,029,0.24143585414926752,513712,2127737,
48,031,0.16244946848330588,2170,13358,
48,033,0.19748653500897667,110,557,
48,035,0.20265081786146322,3853,19013,
48,037,0.2352704583007218,21643,91992,
48,039,0.24986448028188102,103250,413224,
48,041,0.19912348171650163,49706,249624,
48,043,0.16165334455195624,1537,9508,
48,045,0.22289156626506024,333,1494,
48,047,0.2553412462908012,1721,6740,
48,049,0.19968419145246047,7714,38631,
48,051,0.22310322612617078,4502,20179,
48,053,0.2007465632963641,11186,55722,
48,055,0.22635895479687201,11868,52430,
48,057,0.2259552702838231,4506,19942,
48,059,0.21621621621621623,3160,14615,
48,061,0.2783798052209672,120225,431874,
48,063,0.25881191127316927,3407,13164,
48,065,0.22878735829611818,1332,5822,
48,067,0.22479211795122633,6434,28622,
48,069,0.28468834688346883,2101,7380,
48,071,0.2743551861015682,15413,56179,
48,073,0.2475433553163106,13175,53223,
48,075,0.19254379398113491,1286,6679,
48,077,0.1988816402609506,2134,10730,
48,079,0.275648470770422,712,2583,
48,081,0.214075382803298,727,3396,
48,083,0.211639549436796,1691,7990,
48,085,0.24004947961914722,301180,1254658,
48,087,0.25545767905017236,667,2611,
48,089,0.2340395809080326,5026,21475,
48,091,0.21835260975658144,44026,201628,
48,093,0.22313531582979315,3204,14359,
48,095,0.105832832230908,352,3326,
48,097,0.22874960459126034,10124,44258,
48,099,0.22055111728609472,19049,86370,
48,101,0.18606492478226444,235,1263,
48,103,0.2949499346974314,1355,4594,
48,105,0.2450875312611647,686,2799,
48,107,0.2584493041749503,1300,5030,
48,109,0.23247559893522626,524,2254,
48,111,0.34626627690672335,2606,7526,
48,113,0.24527753472478453,651464,2656028,
48,115,0.24689573056642286,2903,11758,
48,117,0.30732630440659636,5684,18495,
48,119,0.2523463786081105,1425,5647,
48,121,0.22530331445192897,235469,1045120,
48,123,0.2224965435512542,4506,20252,
48,125,0.17855072463768115,308,1725,
48,127,0.2751497371959418,2251,8181,
48,129,0.1910429063576574,610,3193,
48,131,0.2559207094418362,2453,9585,
48,133,0.20803717878622197,3805,18290,
48,135,0.30331368881674137,51570,170022,
48,137,0.21330441070137382,295,1383,
48,139,0.26044055820678436,60523,232387,
48,141,0.25221858357768584,220889,875784,
48,143,0.2054341963322546,9141,44496,
48,145,0.20825822442541686,3697,17752,
48,147,0.20721862871927554,8009,38650,
48,149,0.20319365976145637,5179,25488,
48,151,0.21828103683492497,800,3665,
48,153,0.24890916303054345,1255,5042,
48,155,0.20417853751187084,215,1053,
48,157,0.25975810540944916,248961,958434,
48,159,0.218841642228739,2388,10912,
48,161,0.2248001937515137,4641,20645,
48,163,0.2432377049180328,4748,19520,
48,165,0.35759217193779486,8186,22892,
48,167,0.2303603360850501,84636,367407,
48,169,0.1969860064585576,915,4645,
48,171,0.19400546894420967,5463,28159,
48,173,0.24978317432784042,288,1153,
48,175,0.19997230300512395,1444,7221,
48,177,0.2621756487025948,5254,20040,
48,179,0.24693603983148218,5158,20888,
48,181,0.23794276300055803,35818,150532,
48,183,0.2539410636332778,32169,126679,
48,185,0.22312245874192776,7463,33448,
48,187,0.23652685406269536,46162,195166,
48,189,0.25352862016086125,8101,31953,
48,191,0.2072135785007072,586,2828,
48,193,0.2156409069875058,1864,8644,
48,195,0.28685577307231325,1436,5006,
48,197,0.22680714076675446,775,3417,
48,199,0.24591784557695587,14428,58670,
48,201,0.2540509635873421,1272618,5009302,
48,203,0.23501471206389238,16773,71370,
48,205,0.21837469975980783,1091,4996,
48,207,0.17828886844526218,969,5435,
48,209,0.21940286752343088,64072,292029,
48,211,0.2587747287811104,811,3134,
48,213,0.21264019573096138,18599,87467,
48,215,0.30074878118099735,275131,914820,
48,217,0.2284955250058033,8859,38771,
48,219,0.2644501278772379,5687,21505,
48,221,0.20014177010097503,13835,69126,
48,223,0.23986695544554457,9303,38784,
48,225,0.20363112132270125,4520,22197,
48,227,0.22848895663736904,7045,30833,
48,229,0.10753880266075388,388,3608,
48,231,0.24748797682116416,29384,118729,
48,233,0.23888240961411694,4711,19721,
48,235,0.22608125819134994,345,1526,
48,237,0.2098318791232177,1972,9398,
48,239,0.250654278984559,3831,15284,
48,241,0.23058923633269518,7588,32907,
48,243,0.05511811023622047,98,1778,
48,245,0.24491628207349536,62196,253948,
48,247,0.27623827187431815,1266,4583,
48,249,0.2698143290644448,10492,38886,
48,251,0.2534018532679164,53353,210547,
48,253,0.1645083932853717,3430,20850,
48,255,0.19105503071942923,2892,15137,
48,257,0.28835003968073436,57044,197829,
48,259,0.21507679246739214,11147,51828,
48,261,0.16666666666666666,55,330,
48,263,0.24182076813655762,170,703,
48,265,0.17987012987012987,9695,53900,
48,267,0.1817768688934333,800,4401,
48,269,0.2651162790697674,57,215,
48,271,0.1739266687558759,555,3191,
48,273,0.23815780829117666,7250,30442,
48,275,0.2568356374807988,836,3255,
48,277,0.2418974028761537,12397,51249,
48,279,0.2687002443446047,3409,12687,
48,281,0.20867496495178214,4912,23539,
48,283,0.18595598143434647,1242,6679,
48,285,0.22824557146323707,4703,20605,
48,287,0.21017831011869276,3878,18451,
48,289,0.22972811115103606,3836,16698,
48,291,0.306548912571061,35266,115042,
48,293,0.22486596659134211,5075,22569,
48,295,0.24409722222222222,703,2880,
48,297,0.18250188017046878,2184,11967,
48,299,0.15537711004619437,3599,23163,
48,301,0.3125,15,48,
48,303,0.23302809458939383,76292,327394,
48,305,0.28511424731182794,1697,5952,
48,307,0.21227175080558539,1581,7448,
48,309,0.23560242345334703,63697,270358,
48,311,0.2247787610619469,127,565,
48,313,0.22137349571232975,3072,13877,
48,315,0.1755976916735367,1704,9704,
48,317,0.308167599922765,1596,5179,
48,319,0.19011788312014047,758,3987,
48,321,0.259157483993295,9431,36391,
48,323,0.30806235020143125,18123,58829,
48,325,0.22046422984951186,12262,55619,
48,327,0.17582417582417584,336,1911,
48,329,0.29386612341832485,53950,183587,
48,331,0.22615543407622615,5916,26159,
48,333,0.19943019943019943,910,4563,
48,335,0.19625334522747548,1760,8968,
48,337,0.22256738236637735,4872,21890,
48,339,0.25380429635025004,190255,749613,
48,341,0.31583760058522314,6908,21872,
48,343,0.23415955351280368,2853,12184,
48,345,0.19507389162561575,198,1015,
48,347,0.2296433787731256,15094,65728,
48,349,0.2645180690923885,14954,56533,
48,351,0.1960866644272758,2335,11908,
48,353,0.24446481455365957,3467,14182,
48,355,0.23177345132743363,81845,353125,
48,357,0.29155089019244623,2833,9717,
48,359,0.2133845309928689,389,1823,
48,361,0.2529988968240144,21787,86115,
48,363,0.22877179054612815,6916,30231,
48,365,0.23138736860394404,5327,23022,
48,367,0.24310683501477404,43688,179707,
48,369,0.2753128555176337,2662,9669,
48,371,0.24313485589994563,3577,14712,
48,373,0.20231117991816874,10977,54258,
48,375,0.2636743451752741,30230,114649,
48,377,0.2632782272247626,1497,5686,
48,379,0.19795580940928903,2634,13306,
48,381,0.23514915607750403,35401,150547,
48,383,0.28161834979292766,884,3139,
48,385,0.16630591630591632,461,2772,
48,387,0.20562585499316005,2405,11696,
48,389,0.272666443626631,3260,11956,
48,391,0.22629470247811248,1525,6739,
48,393,0.21505376344086022,180,837,
48,395,0.24033070955320232,4244,17659,
48,397,0.26003327398499754,35636,137044,
48,399,0.23259152907394112,2268,9751,
48,401,0.22359573710925063,11938,53391,
48,403,0.1790614436269636,1801,10058,
48,405,0.1973735032831209,1533,7767,
48,407,0.2108708995430676,6184,29326,
48,409,0.25337568388207143,18108,71467,
48,411,0.19716775599128541,1086,5508,
48,413,0.2158992180712424,497,2302,
48,415,0.25618407254333475,4153,16211,
48,417,0.20763647838434837,658,3169,
48,419,0.257853835978836,6238,24192,
48,421,0.26560808372428724,736,2771,
48,423,0.23880830700426753,59485,249091,
48,425,0.2137056842939196,2158,10098,
48,427,0.3192214696562392,21256,66587,
48,429,0.2007387862796834,1902,9475,
48,431,0.29704397981254504,412,1387,
48,433,0.21376518218623483,264,1235,
48,435,0.23799327011318447,778,3269,
48,437,0.23687654500508942,1629,6877,
48,439,0.24714261122477707,551303,2230708,
48,441,0.24123564473533898,35899,148813,
48,443,0.19080779944289694,137,718,
48,445,0.28710567143595933,3331,11602,
48,447,0.24608355091383813,377,1532,
48,449,0.2724506292198941,8595,31547,
48,451,0.23247545856473195,27921,120103,
48,453,0.19623660053366887,267621,1363767,
48,455,0.1910414797432535,2768,14489,
48,457,0.1894941634241245,3896,20560,
48,459,0.2361861520998865,10404,44050,
48,461,0.2659846547314578,832,3128,
48,463,0.26744371071684303,6723,25138,
48,465,0.2757349111439822,13235,47999,
48,467,0.22781146637265712,14877,65304,
48,469,0.24852907590077108,22852,91949,
48,471,0.14592341320083133,12217,83722,
48,473,0.23784730221628347,15486,65109,
48,475,0.2920818988947273,3224,11038,
48,477,0.20565987833906374,7776,37810,
48,479,0.3049889488789435,83208,272823,
48,481,0.2508385868918758,10544,42035,
48,483,0.2427446102819237,1171,4824,
48,485,0.22631246922698178,29417,129984,
48,487,0.20521878763548776,2556,12455,
48,489,0.23033904229290458,4613,20027,
48,491,0.2332517732446253,169686,727480,
48,493,0.23129116665162863,12817,55415,
48,495,0.28044980354965454,2070,7381,
48,497,0.24360504460166102,19799,81275,
48,499,0.18300439046407616,8920,48742,
48,501,0.3346524205249967,2537,7581,
48,503,0.23508444834393508,4287,18236,
48,505,0.30458064982994426,4209,13819,
48,507,0.2890650450646107,2662,9209,
49,000,0.2664760634236715,933629,3503613,
49,001,0.2873114224137931,2133,7424,
49,003,0.29290393013100435,18781,64120,
49,005,0.28115226790022474,40904,145487,
49,007,0.24537912967544753,5058,20613,
49,009,0.2102510460251046,201,956,
49,011,0.2862895341770814,108352,378470,
49,013,0.3104359948084411,6458,20803,
49,015,0.27034740675130403,2747,10161,
49,017,0.21058601134215502,1114,5290,
49,019,0.20218635063342869,1979,9788,
49,021,0.25782577044406696,17000,65936,
49,023,0.3256373618109348,4330,13297,
49,025,0.22041055718475072,1879,8525,
49,027,0.2976716769820218,4040,13572,
49,029,0.3103948674864431,4064,13093,
49,031,0.19491525423728814,299,1534,
49,033,0.265625,731,2752,
49,035,0.24042855474999877,292427,1216274,
49,037,0.28080268474762005,4100,14601,
49,039,0.23076923076923078,7092,30732,
49,041,0.2658525754884547,5987,22520,
49,043,0.2144331810062864,9244,43109,
49,045,0.29800681753621816,25178,84488,
49,047,0.295507348526379,11320,38307,
49,049,0.3043450913636157,227417,747234,
49,051,0.2697712504622537,10213,37858,
49,053,0.23662253598341854,49204,207943,
49,055,0.22507668711656442,587,2608,
49,057,0.2563758972613158,70790,276118,
50,000,0.17421005315400476,112974,648493,
50,001,0.15625410676268825,5945,38047,
50,003,0.1782175544696131,6601,37039,
50,005,0.17723923366628458,5412,30535,
50,007,0.16585211675670614,28336,170851,
50,009,0.16647341394732482,1005,6037,
50,011,0.21176516664708417,10814,51066,
50,013,0.1681721572794899,1266,7528,
50,015,0.1935766534593112,5081,26248,
50,017,0.1745757071547421,5246,30050,
50,019,0.1910481136839068,5297,27726,
50,021,0.1706202863882521,10271,60198,
50,023,0.1734509725285743,10380,59844,
50,025,0.1634120148157889,7456,45627,
50,027,0.17096209508293325,9864,57697,
51,000,0.21375432049795742,1883431,8811195,
51,001,0.1981682679357098,6621,33411,
51,003,0.19060121214187686,22360,117313,
51,005,0.16894477856752324,2472,14632,
51,007,0.20618256051326916,2828,13716,
51,009,0.19677725118483413,6228,31650,
51,011,0.2190245916140827,3714,16957,
51,013,0.1768755707714954,42416,239807,
51,015,0.17637556917911018,13867,78622,
51,017,0.16973716531564725,691,4071,
51,019,0.19153829305687378,15741,82182,
51,021,0.13999353378596832,866,6186,
51,023,0.18066746754959126,6166,34129,
51,025,0.1565079365079365,2465,15750,
51,027,0.17078145126663805,3182,18632,
51,029,0.17423312883435582,2982,17115,
51,031,0.18831990170214305,10422,55342,
51,033,0.2256773307046629,7555,33477,
51,035,0.1718076738937145,5024,29242,
51,036,0.13315051797684338,874,6564,
51,037,0.21682359211227573,2441,11258,
51,041,0.23323918079596093,90915,389793,
51,043,0.19335812283626105,3016,15598,
51,045,0.1621453717125699,783,4829,
51,047,0.24757238307349666,13895,56125,
51,049,0.19876764062810576,2000,10062,
51,051,0.19267765267317874,2584,13411,
51,053,0.19281914893617022,5510,28576,
51,057,0.18000561639988769,1923,10683,
51,059,0.22226586558132524,258034,1160925,
51,061,0.23007974691886904,17455,75865,
51,063,0.1845701877634436,2890,15658,
51,065,0.18851318444305296,5419,28746,
51,067,0.18315149990114493,10190,55637,
51,069,0.22059138305354248,21642,98109,
51,071,0.19627411842980705,3245,16533,
51,073,0.1989341037007521,7988,40154,
51,075,0.15760195585161038,4448,28223,
51,077,0.16069439895185064,2453,15265,
51,079,0.22282008830022076,4845,21744,
51,081,0.15721973094170402,1753,11150,
51,083,0.19992226740014352,6687,33448,
51,085,0.21242053959361368,24494,115309,
51,087,0.21261249025674941,72011,338696,
51,089,0.1875670750227802,9263,49385,
51,091,0.15289608177172062,359,2348,
51,093,0.2110546626935665,8641,40942,
51,095,0.19389591410316798,16054,82797,
51,097,0.1728175485400919,1166,6747,
51,099,0.23917268184342033,6892,28816,
51,101,0.22171381031613976,4264,19232,
51,103,0.14852648707286206,1643,11062,
51,105,0.18328741965105602,3992,21780,
51,107,0.25552573413324914,113295,443380,
51,109,0.19846113657412903,8357,42109,
51,111,0.19328358208955224,2331,12060,
51,113,0.1971653101319113,2810,14252,
51,115,0.15670774238549173,1348,8602,
51,117,0.18381780430833117,5666,30824,
51,119,0.16796054434194904,1839,10949,
51,121,0.15065960928503605,14915,98998,
51,125,0.17682513883245293,2611,14766,
51,127,0.19365860827393636,5271,27218,
51,131,0.17385871376207931,2087,12004,
51,133,0.13551665725578768,1680,12397,
51,135,0.1921699078812692,3004,15632,
51,137,0.21989945108500486,8573,38986,
51,139,0.1915055306932365,4536,23686,
51,141,0.17009475387104228,2944,17308,
51,143,0.1744824103686248,10366,59410,
51,145,0.18495307483329218,5991,32392,
51,147,0.1581971628658646,3524,22276,
51,149,0.1930303516942348,8414,43589,
51,153,0.25832037231163596,128386,497003,
51,155,0.17552637064832186,5894,33579,
51,157,0.16499532022997726,1234,7479,
51,159,0.18198589256646772,1677,9215,
51,161,0.19047814740994926,18540,97334,
51,163,0.15911123032904148,3559,22368,
51,165,0.21906152337066861,19206,87674,
51,167,0.19122738001573564,4861,25420,
51,169,0.17855806994576398,3819,21388,
51,171,0.20587134966219933,9355,45441,
51,173,0.19157771905137796,5582,29137,
51,175,0.17758207457778274,3186,17941,
51,177,0.23963794475763217,36430,152021,
51,179,0.25975763531633506,43878,168919,
51,181,0.1719106247150023,1131,6579,
51,183,0.16097833162838276,1731,10753,
51,185,0.1870353697749196,7271,38875,
51,187,0.21575092437766422,9161,42461,
51,191,0.17534844171688418,9486,54098,
51,193,0.17733298674291656,3411,19235,
51,195,0.19274869184799703,6741,34973,
51,197,0.19330960854092527,5432,28100,
51,199,0.22400224058255147,15996,71410,
51,510,0.17778532010911238,28286,159102,
51,520,0.1899362588869821,3099,16316,
51,530,0.21364534265309224,1406,6581,
51,540,0.17101883083521344,7656,44767,
51,550,0.23742632266261957,60543,254997,
51,570,0.25581021741458715,4777,18674,
51,580,0.24933780681617518,1412,5663,
51,590,0.22858571666706357,9599,41993,
51,595,0.2593483894853758,1401,5402,
51,600,0.26378132118451025,6948,26340,
51,610,0.23579885592656644,3545,15034,
51,620,0.2840081213424101,2378,8373,
51,630,0.21289010402774072,6385,29992,
51,640,0.2675471138151061,1803,6739,
51,650,0.21471554405651327,29544,137596,
51,660,0.17850441716832147,9133,51164,
51,670,0.2522855898998694,5795,22970,
51,678,0.1517559600102538,1184,7802,
51,680,0.1945181255526083,15620,80301,
51,683,0.26643892149669846,11621,43616,
51,685,0.21058334838360124,3498,16611,
51,690,0.28581755096139944,3954,13834,
51,700,0.2303338868979984,42164,183056,
51,710,0.20073992341143637,46392,231105,
51,720,0.22110408280621047,769,3478,
51,730,0.2599095660344119,8852,34058,
51,735,0.22677765676054146,2915,12854,
51,740,0.22728591861694408,21929,96482,
51,750,0.13112950848144503,2265,17273,
51,760,0.1741756007789262,40697,233655,
51,770,0.22464049350437126,21995,97912,
51,775,0.19739076733055427,5114,25908,
51,790,0.19316414400060697,5092,26361,
51,800,0.2339265797003055,24119,103105,
51,810,0.21385287857733373,97262,454808,
51,820,0.2275087241467359,5346,23498,
51,830,0.10960698689956332,1757,16030,
51,840,0.2258273381294964,6278,27800,
53,000,0.20796677129695484,1655037,7958180,
53,001,0.3382290032796236,7116,21039,
53,003,0.19340229987124272,4356,22523,
53,005,0.2542417159356524,55473,218190,
53,007,0.22351898360171368,18156,81228,
53,009,0.15540419200082095,12115,77958,
53,011,0.21851464812078844,115216,527269,
53,013,0.18012422360248448,725,4025,
53,015,0.2209471670965591,25184,113982,
53,017,0.23332241511081997,10685,45795,
53,019,0.1711520615139865,1291,7543,
53,021,0.2971216341689879,30080,101238,
53,023,0.2113144758735441,508,2404,
53,025,0.2720570680978256,28489,104717,
53,027,0.19368877819573005,15087,77893,
53,029,0.16910659358449548,14624,86478,
53,031,0.10811925524393118,3670,33944,
53,033,0.18862444454794888,441421,2340211,
53,035,0.19199772581906047,54032,281420,
53,037,0.1670680063107199,8048,48172,
53,039,0.17712651301608356,4273,24124,
53,041,0.21569460878355867,18776,87049,
53,043,0.21134715899511045,2507,11862,
53,045,0.19321576286764705,13454,69632,
53,047,0.21087179030750747,9477,44942,
53,049,0.14184367910909465,3439,24245,
53,051,0.1962740720066983,2813,14332,
53,053,0.22547361263108684,212209,941170,
53,055,0.12159845725305335,2270,18668,
53,057,0.2038934426229508,27064,132736,
53,059,0.1631911532385466,2066,12660,
53,061,0.2157183146185742,186405,864113,
53,063,0.21057043207356096,117066,555947,
53,065,0.2054677139651127,10071,49015,
53,067,0.2029962497358969,61490,302912,
53,069,0.15708333333333332,754,4800,
53,071,0.2012631307598118,12492,62068,
53,073,0.17743898805723674,41690,234954,
53,075,0.15642885183578173,7571,48399,
53,077,0.2818859443840587,72874,258523,
54,000,0.19681815433968425,348364,1769979,
54,001,0.19806103194742664,3044,15369,
54,003,0.22885528333590144,31190,136287,
54,005,0.20384465261514442,4178,20496,
54,007,0.18164467679030785,2189,12051,
54,009,0.1666901573878318,3548,21285,
54,011,0.19514914361289334,17854,91489,
54,013,0.18116805721096543,1064,5873,
54,015,0.21680322538691638,1667,7689,
54,017,0.14195666447800395,1081,7615,
54,019,0.2027979274611399,7828,38600,
54,021,0.14586846543001686,1038,7116,
54,023,0.19423935830826725,2131,10971,
54,025,0.19120278798153903,6090,31851,
54,027,0.17786744000336233,4232,23793,
54,029,0.17747914735866543,4979,28054,
54,031,0.19532612486920126,2800,14335,
54,033,0.207640526119866,13387,64472,
54,035,0.2140847102965582,5934,27718,
54,037,0.20370854008879602,12480,61264,
54,039,0.19335733097190436,33626,173906,
54,041,0.21357043151059052,3519,16477,
54,043,0.2151519843112969,4169,19377,
54,045,0.20916230366492147,6392,30560,
54,047,0.18312241208374644,3140,17147,
54,049,0.19614009236464267,10915,55649,
54,051,0.18494924030796484,5429,29354,
54,053,0.20294711344368188,5027,24770,
54,055,0.20968639176691467,12062,57524,
54,057,0.1995294644857719,5343,26778,
54,059,0.22301031687546058,4842,21712,
54,061,0.15862443305703008,17242,108697,
54,063,0.19948643877387257,2486,12462,
54,065,0.16535433070866143,2940,17780,
54,067,0.19902569013615357,4780,24017,
54,069,0.19082501825261622,7841,41090,
54,071,0.18489232839838493,1099,5944,
54,073,0.18415330252786083,1355,7358,
54,075,0.17940676858748203,1373,7653,
54,077,0.179298194097783,6106,34055,
54,079,0.20768570277042775,11852,57067,
54,081,0.205764102847511,14893,72379,
54,083,0.181059212945936,4923,27190,
54,085,0.1959608323133415,1601,8170,
54,087,0.19180206794682422,2597,13540,
54,089,0.15523215523215522,1792,11544,
54,091,0.19315001825039543,3175,16438,
54,093,0.14346569298645975,943,6573,
54,095,0.1996684941986485,1566,7843,
54,097,0.2000845665961945,4732,23650,
54,099,0.20122908297640268,7564,37589,
54,101,0.1916446457782811,1523,7947,
54,103,0.2071044602644196,2851,13766,
54,105,0.20978878960194963,1033,4924,
54,107,0.20416399821163164,16896,82757,
54,109,0.2015127229012222,4023,19964,
55,000,0.20818725124665008,1240999,5960975,
55,001,0.12677969276882728,2707,21352,
55,003,0.20400098789824647,3304,16196,
55,005,0.206472975859859,9665,46810,
55,007,0.16136120679415608,2717,16838,
55,009,0.22273090698005543,61008,273909,
55,011,0.19563279857397503,2634,13464,
55,013,0.14860068656542735,2554,17187,
55,015,0.21144733405469945,11334,53602,
55,017,0.2070911872614114,13942,67323,
55,019,0.29139967242320625,10141,34801,
55,021,0.1989572040679366,11562,58113,
55,023,0.18803098450774614,3010,16008,
55,025,0.19030776055627036,111967,588347,
55,027,0.18751057708580132,16620,88635,
55,029,0.15171080230728892,4629,30512,
55,031,0.18836389917788418,8340,44276,
55,033,0.18933564538853365,8735,46135,
55,035,0.19181291923182947,20875,108830,
55,037,0.13460303873314788,629,4673,
55,039,0.20611111643921012,21491,104269,
55,041,0.19040605933094887,1810,9506,
55,043,0.20773934645518824,10871,52330,
55,045,0.20802517279401878,7735,37183,
55,047,0.21564274651522974,4177,19370,
55,049,0.21099194591662146,5056,23963,
55,051,0.15862068965517243,989,6235,
55,053,0.2082560517429971,4379,21027,
55,055,0.18890370456258335,16292,86245,
55,057,0.1874388867995487,4984,26590,
55,059,0.20964243810517083,35378,168754,
55,061,0.2039419786998217,4232,20751,
55,063,0.187064265653395,22646,121060,
55,065,0.2533225470934936,4384,17306,
55,067,0.18669055541336063,3647,19535,
55,069,0.17451951793682582,4967,28461,
55,071,0.19591966925521082,15970,81513,
55,073,0.22079070536555204,30710,139091,
55,075,0.18480032118650072,7825,42343,
55,077,0.18268436765546592,2876,15743,
55,078,0.3163789080727952,1356,4286,
55,079,0.23225663429720786,214777,924740,
55,081,0.2526849255984473,11717,46370,
55,083,0.19217224067737343,7694,40037,
55,085,0.16015717092337917,6114,38175,
55,087,0.22408004503812887,43783,195390,
55,089,0.20533015454042317,19292,93956,
55,091,0.21906022501654535,1655,7555,
55,093,0.19799446749654218,8589,43380,
55,095,0.1926643538216491,8830,45831,
55,097,0.18041365907828985,12997,72040,
55,099,0.16703343508199048,2353,14087,
55,101,0.22290348399957716,44280,198651,
55,103,0.20755708695906092,3554,17123,
55,105,0.2178640283813104,36048,165461,
55,107,0.1960050818746471,2777,14168,
55,109,0.2293219266186169,22463,97954,
55,111,0.21953493968655055,14596,66486,
55,113,0.1769577913458986,3333,18835,
55,115,0.20809220562241215,8594,41299,
55,117,0.20919285732394724,24754,118331,
55,119,0.22849209103981752,4608,20167,
55,121,0.2633680724651797,8112,30801,
55,123,0.2563235622468183,8036,31351,
55,125,0.15800901954234173,3784,23948,
55,127,0.1865715983363042,19782,106029,
55,129,0.1721823106818985,2924,16982,
55,131,0.20332739841559322,28207,138727,
55,133,0.2038970910895885,85031,417029,
55,135,0.19854995993824628,10160,51171,
55,137,0.1720164280872443,4314,25079,
55,139,0.19734344256146608,34201,173307,
55,141,0.20951273278065538,15492,73943,
56,000,0.21781497503480152,127992,587618,
56,001,0.14905314599877825,5856,39288,
56,003,0.23642833498841442,2857,12084,
56,005,0.25789429775163725,12365,47946,
56,007,0.2143157894736842,3054,14250,
56,009,0.23630684294638965,3253,13766,
56,011,0.24758842443729903,1925,7775,
56,013,0.23846328138767905,9472,39721,
56,015,0.19746735259200635,2495,12635,
56,017,0.19978378378378378,924,4625,
56,019,0.18959445643530615,1669,8803,
56,021,0.2167454290009137,22061,101783,
56,023,0.24066666666666667,5054,21000,
56,025,0.22859097127222983,18381,80410,
56,027,0.17687961755758366,407,2301,
56,029,0.19921497973103403,6192,31082,
56,031,0.19431390977443608,1654,8512,
56,033,0.20531869731336042,6771,32978,
56,035,0.2085889570552147,1870,8965,
56,037,0.23911516003198216,9869,41273,
56,039,0.16143863870745961,3757,23272,
56,041,0.25857135929392366,5332,20621,
56,043,0.1985121378230227,1521,7662,
56,045,0.18249344596562772,1253,6866,
