statecode,countycode,v053_rawvalue,v053_numerator,v053_denominator,v053_flag_CT
00,000,0.1798822153902302,61179918,340110988,
01,000,0.18533477816367339,955901,5157699,
01,001,0.1714824938175192,10540,61464,
01,003,0.2234144215773218,58447,261608,
01,005,0.21262008375071845,5179,24358,
01,007,0.18393386647497528,4094,22258,
01,009,0.1924106178215847,11576,60163,
01,011,0.20028279971720028,1983,9901,
01,013,0.22715819456617004,4147,18256,
01,015,0.18955225162548206,22069,116427,
01,017,0.2136160648271375,7223,33813,
01,019,0.2580151503558038,6744,26138,
01,021,0.1744530489611104,8245,47262,
01,023,0.25423166279455695,3064,12052,
01,025,0.2161503025923584,4786,22142,
01,027,0.2189760516890231,3118,14239,
01,029,0.19585036152153412,3115,15905,
01,031,0.17686929983320912,9968,56358,
01,033,0.21126137620141192,12419,58785,
01,035,0.26212980466288593,2912,11109,
01,037,0.2742201924011272,2822,10291,
01,039,0.2292041962488079,8652,37748,
01,041,0.2040567332621626,2676,13114,
01,043,0.19571508790117056,18124,92604,
01,045,0.18924640981085344,9475,50067,
01,047,0.220256013504009,7829,35545,
01,049,0.18117666365799623,13248,73122,
01,051,0.17543551327958526,15972,91042,
01,053,0.1924105924105924,7048,36630,
01,055,0.20279632195490616,20930,103207,
01,057,0.22442161003593267,3560,15863,
01,059,0.17908012800401582,5708,31874,
01,061,0.21537840713158957,5871,27259,
01,063,0.2657499649221271,1894,7127,
01,065,0.20263297168563113,3063,15116,
01,067,0.24105617110412877,4373,18141,
01,069,0.19500576047400472,21327,109366,
01,071,0.21485682409817777,11555,53780,
01,073,0.1751997761544294,116463,664744,
01,075,0.23037731669497158,3120,13543,
01,077,0.21155463477672254,20627,97502,
01,079,0.19623439687788602,6587,33567,
01,081,0.1426160652019995,26790,187847,
01,083,0.16090195221200249,19138,118942,
01,085,0.21676331049024775,2056,9485,
01,087,0.22732529324301998,4128,18159,
01,089,0.16369240944361116,69300,423355,
01,091,0.21580596369922211,3995,18512,
01,093,0.21924768952699247,6429,29323,
01,095,0.1747425506088727,17851,102156,
01,097,0.1818964492808102,75003,412339,
01,099,0.2309912368158682,4402,19057,
01,101,0.17069067792858597,38558,225894,
01,103,0.18433742584308874,23242,126084,
01,105,0.22826791035108174,1762,7719,
01,107,0.20672141776529068,3826,18508,
01,109,0.16287284144427003,5395,33124,
01,111,0.21892747214635627,5050,23067,
01,113,0.16474327379030201,9693,58837,
01,115,0.1864083279168859,18068,96927,
01,117,0.179099797007234,42262,235969,
01,119,0.21107952097871974,2450,11607,
01,121,0.20189247311827957,16429,81375,
01,123,0.24668910784048748,10040,40699,
01,125,0.1471361292141353,35491,241212,
01,127,0.19986209010113393,13043,65260,
01,129,0.22020242375815688,3307,15018,
01,131,0.23010643689812468,2270,9865,
01,133,0.22497800494365075,5370,23869,
02,000,0.14754915670561913,109206,740133,
02,013,0.09223568281938326,335,3632,
02,016,0.06766224188790561,367,5424,
02,020,0.1363121546961326,39476,289600,
02,050,0.09365575478422986,1708,18237,
02,060,0.2081447963800905,184,884,
02,063,0.19124772864930345,1263,6604,
02,066,0.2113264918282022,556,2631,
02,068,0.14497223935842074,235,1621,
02,070,0.12473071951744938,579,4642,
02,090,0.13454308011500668,12775,94951,
02,100,0.2832699619771863,596,2104,
02,105,0.2755190311418685,637,2312,
02,110,0.17487013809704802,5521,31572,
02,122,0.21329110824531905,13066,61259,
02,130,0.19558382686261608,2675,13677,
02,150,0.15244191559981032,1929,12654,
02,158,0.07966272338283413,633,7946,
02,164,0.1612167300380228,212,1315,
02,170,0.14624233715660684,17200,117613,
02,180,0.09790565270435136,963,9836,
02,185,0.08899934352433649,949,10663,
02,188,0.09335576114381834,666,7134,
02,195,0.2249708963911525,773,3436,
02,198,0.21266968325791855,1222,5746,
02,220,0.19389587073608616,1620,8355,
02,230,0.193923145665773,217,1119,
02,240,0.1588951182825106,1162,7313,
02,275,0.3008720930232558,621,2064,
02,282,0.2217391304347826,153,690,
02,290,0.17905471661110023,913,5099,
04,000,0.19630395928246314,1488452,7582384,
04,001,0.17905864197530863,11603,64800,
04,003,0.26039770061936984,32751,125773,
04,005,0.1541736416806167,22380,145161,
04,007,0.32125090155900354,17371,54073,
04,009,0.14947070225137915,6015,40242,
04,011,0.14314558979808714,1347,9410,
04,012,0.4387947269303202,7456,16992,
04,013,0.16898861054855283,789700,4673096,
04,015,0.33812406448279975,76578,226479,
04,017,0.21101939442638518,23110,109516,
04,019,0.22374968638585974,241683,1080149,
04,021,0.21877274443333036,112419,513862,
04,023,0.20050289063118715,10127,50508,
04,025,0.35304131136092187,88971,252013,
04,027,0.21306794970723072,46941,220310,
05,000,0.1822465947880327,562842,3088354,
05,001,0.20735202492211838,3328,16050,
05,003,0.22636788256227758,4071,17984,
05,005,0.31204222568419093,13420,43007,
05,007,0.1413146912297942,45442,321566,
05,009,0.21661145046071023,8369,38636,
05,011,0.20322093608454958,2019,9935,
05,013,0.23326226012793178,1094,4690,
05,015,0.24485639326152997,7093,28968,
05,017,0.23770491803278687,2204,9272,
05,019,0.17065009560229447,3570,20920,
05,021,0.2185374149659864,3084,14112,
05,023,0.2798097169149185,7176,25646,
05,025,0.2257363920184607,1663,7367,
05,027,0.18166545586632765,4001,22024,
05,029,0.20436933993091214,4378,21422,
05,031,0.14403721990125332,16687,115852,
05,033,0.1839602942593723,11453,62258,
05,035,0.16078742521390432,7498,46633,
05,037,0.19124367049524515,3097,16194,
05,039,0.2638248847926267,1603,6076,
05,041,0.22197461486290088,2291,10321,
05,043,0.18860348390906406,3194,16935,
05,045,0.14424326234129367,18984,131611,
05,047,0.2085181394290913,3667,17586,
05,049,0.25809022796110315,3238,12546,
05,051,0.2590338531761126,25878,99902,
05,053,0.1933031381429958,3585,18546,
05,055,0.17002642345721106,7979,46928,
05,057,0.2,3821,19105,
05,059,0.19977186083510942,6655,33313,
05,061,0.1942358924679099,2406,12387,
05,063,0.18685617420784978,7165,38345,
05,065,0.2573647750332377,3678,14291,
05,067,0.18562946080489415,3095,16673,
05,069,0.1960673451438623,12484,63672,
05,071,0.1827907687605074,4784,26172,
05,073,0.26400665004156276,1588,6015,
05,075,0.19589083103342533,3194,16305,
05,077,0.20964955577492597,1699,8104,
05,079,0.15130556419023936,1947,12868,
05,081,0.2225184930328574,2587,11626,
05,083,0.20804399496667755,4464,21457,
05,085,0.15572922803021377,11896,76389,
05,087,0.2012314581584103,3595,17865,
05,089,0.2992099130335929,5264,17593,
05,091,0.18037084703751372,7568,41958,
05,093,0.16246226538915867,6189,38095,
05,095,0.24395946999220577,1565,6415,
05,097,0.28472385428907165,2423,8510,
05,099,0.22701149425287356,1817,8004,
05,101,0.2884998576715058,2027,7026,
05,103,0.2249584947426674,4878,21684,
05,105,0.21266217929958053,2180,10251,
05,107,0.21990314439669872,3224,14661,
05,109,0.21651540839732722,2171,10027,
05,111,0.18762331838565022,4184,22300,
05,113,0.241226716064629,4688,19434,
05,115,0.17245368585046816,11180,64829,
05,117,0.24297416509136735,1928,7935,
05,119,0.17622486035956322,70703,401209,
05,121,0.19611344537815126,3734,19040,
05,123,0.18485931628631655,4034,21822,
05,125,0.1898409167098406,24917,131252,
05,127,0.21124326522313713,2078,9837,
05,129,0.26391015824400205,2068,7836,
05,131,0.17728303918175875,23053,130035,
05,133,0.1475055608516047,2321,15735,
05,135,0.26232763375620516,4756,18130,
05,137,0.28846304262807976,3688,12785,
05,139,0.20063229571984437,7425,37008,
05,141,0.27495047052996535,4441,16152,
05,143,0.12806930544285156,34090,266184,
05,145,0.17497566094751615,13839,79091,
05,147,0.2606749311294766,1514,5808,
05,149,0.187295122678057,3771,20134,
06,000,0.1653985316169051,6521873,39431263,
06,001,0.1642341697694444,270832,1649060,
06,003,0.29208371246587805,321,1099,
06,005,0.2809689239994289,11808,42026,
06,007,0.1901849914080275,39622,208334,
06,009,0.3028061498763574,14082,46505,
06,011,0.1623629609495334,3584,22074,
06,013,0.18029570009389334,211416,1172607,
06,015,0.2149653819097338,5806,27009,
06,017,0.2511318670490553,48424,192823,
06,019,0.1343722690101306,137614,1024125,
06,021,0.17308507631430187,4899,28304,
06,023,0.21011482096993503,27815,132380,
06,025,0.14198454799586185,25802,181724,
06,027,0.26183391939410333,4840,18485,
06,029,0.12449147940064757,114847,922529,
06,031,0.11286980434179185,17485,154913,
06,033,0.24780119237353168,16792,67764,
06,035,0.18881439661256175,5351,28340,
06,037,0.16143744006336258,1575174,9757179,
06,039,0.14688814739590889,24300,165432,
06,041,0.249902496099844,64075,256400,
06,043,0.31340919755983104,5343,17048,
06,045,0.25839080459770114,23042,89175,
06,047,0.1204687742187658,35752,296774,
06,049,0.31162407254740315,2646,8491,
06,051,0.19944577014856438,2591,12991,
06,053,0.15775551230828125,68821,436251,
06,055,0.22345114407769331,29658,132727,
06,057,0.30503449288125645,31173,102195,
06,059,0.1735657725201747,550279,3170435,
06,061,0.21192101829782722,91936,433822,
06,063,0.3367314431347563,6342,18834,
06,065,0.16127699824461755,408020,2529933,
06,067,0.16039847793395237,258439,1611231,
06,069,0.1420205613152301,9822,69159,
06,071,0.13284808928948041,294163,2214281,
06,073,0.1629147456392463,537423,3298799,
06,075,0.18458513690204295,152749,827526,
06,077,0.14018487749170452,114406,816108,
06,079,0.23320075361105297,65726,281843,
06,081,0.188235721698818,139839,742893,
06,083,0.17379302587176604,77251,444500,
06,085,0.15605725928906078,300617,1926325,
06,087,0.2034480918881428,53386,262406,
06,089,0.22161427995649316,40139,181121,
06,091,0.33890138130420816,1055,3113,
06,093,0.2927902489528919,12443,42498,
06,095,0.18435248439357418,83899,455101,
06,097,0.22771671388101983,110528,485375,
06,099,0.1428958726830074,79589,556972,
06,101,0.17086610178091227,16838,98545,
06,103,0.20840638624691626,13432,64451,
06,105,0.33141542002301494,5184,15642,
06,107,0.12408333436736112,60000,483546,
06,109,0.2902417753697141,15642,53893,
06,111,0.1858043850629678,155226,835427,
06,113,0.14090059533586977,31738,225251,
06,115,0.13544227097600292,11847,87469,
08,000,0.16381068345359365,975901,5957493,
08,001,0.11847366259464098,64328,542973,
08,003,0.1574090718437294,2627,16689,
08,005,0.1516603240578302,101145,666918,
08,007,0.30272108843537415,4272,14112,
08,009,0.25601425601425604,862,3367,
08,011,0.20695622079944628,1196,5779,
08,013,0.17528507669668325,57890,330262,
08,014,0.16735824725814893,13108,78323,
08,015,0.2631376323387873,5468,20780,
08,017,0.2167056074766355,371,1712,
08,019,0.25914499779638606,2352,9076,
08,021,0.21009405219234337,1586,7549,
08,023,0.2940857297883885,1084,3686,
08,025,0.15482142857142858,867,5600,
08,027,0.35674410228705206,1981,5553,
08,029,0.28762998603135187,9266,32215,
08,031,0.12880185564436591,93899,729019,
08,033,0.2545601945683016,628,2467,
08,035,0.149367377758601,58850,393995,
08,037,0.16254371433830297,8831,54330,
08,039,0.19767204410863795,5808,29382,
08,041,0.14799301780618832,111405,752772,
08,043,0.23683947856986007,11864,50093,
08,045,0.15743980242848324,9945,63167,
08,047,0.22555760523226565,1345,5963,
08,049,0.22409310387520118,3620,16154,
08,051,0.15701906412478336,2718,17310,
08,053,0.38821954484605087,290,747,
08,055,0.33986834573554664,2375,6988,
08,057,0.2898664571877455,369,1273,
08,059,0.18839029061436427,108990,578533,
08,061,0.27227011494252873,379,1392,
08,063,0.21271186440677967,1506,7080,
08,065,0.16080879359478897,1185,7369,
08,067,0.22390581278707566,12723,56823,
08,069,0.18238852669966416,68318,374574,
08,071,0.2702851632456261,3924,14518,
08,073,0.18988924615934263,1063,5598,
08,075,0.20592628282341605,4274,20755,
08,077,0.22254123775269752,35887,161260,
08,079,0.3129689174705252,292,933,
08,081,0.18315324912494294,2407,13142,
08,083,0.25140643046086214,6748,26841,
08,085,0.2692496540641878,12064,44806,
08,087,0.16346534653465347,4953,30300,
08,089,0.22477905619476404,4044,17991,
08,091,0.3484702713103714,1811,5197,
08,093,0.25775278445075345,4721,18316,
08,095,0.2192513368983957,984,4488,
08,097,0.2476716938052034,4122,16643,
08,099,0.19151961194279501,2290,11957,
08,101,0.20383125522470652,34624,169866,
08,103,0.2032692598758892,1343,6607,
08,105,0.2395795903701042,2667,11132,
08,107,0.20235312759973062,5108,25243,
08,109,0.2823088455772114,1883,6670,
08,111,0.24725943970767356,203,821,
08,113,0.198107174830541,1549,7819,
08,115,0.31590607000443066,713,2257,
08,117,0.16550093905835114,5111,30882,
08,119,0.27403266028477197,6813,24862,
08,121,0.23621882204988473,1127,4771,
08,123,0.13483346630786083,49854,369745,
08,125,0.1862062101910828,1871,10048,
09,000,0.19433730359892562,714203,3675069,
09,001,,,,U
09,003,,,,U
09,005,,,,U
09,007,,,,U
09,009,,,,U
09,011,,,,U
09,013,,,,U
09,015,,,,U
09,110,0.18809732246235028,186500,991508,A
09,120,0.1680211877282775,56399,335666,A
09,130,0.23678044384364086,42038,177540,A
09,140,0.20105793777854702,92933,462220,A
09,150,0.21201420660996306,20714,97701,A
09,160,0.24453773411275975,27902,114101,A
09,170,0.19528435041042588,112624,576718,A
09,180,0.20667581970403606,58407,282602,A
09,190,0.18317679545001436,116686,637013,A
10,000,0.21772440221044057,229028,1051917,
10,001,0.19167574861175982,36934,192690,
10,003,0.17986440920058563,105777,588093,
10,005,0.3183554994947148,86317,271134,
11,000,0.1295250978996084,90959,702250,
11,001,0.1295250978996084,90959,702250,
12,000,0.21783395369245062,5091262,23372215,
12,001,0.16011611408517318,46719,291782,
12,003,0.15099744245524296,4428,29325,
12,005,0.18509097827937393,36966,199718,
12,007,0.19444345503116653,5459,28075,
12,009,0.25127155260787887,165449,658447,
12,011,0.1861733560019475,379323,2037472,
12,013,0.20168700105437565,2678,13278,
12,015,0.4061813484692771,86160,212122,
12,017,0.3655199971793576,62202,170174,
12,019,0.17807484372360197,42161,236760,
12,021,0.3429977921020198,142767,416233,
12,023,0.20960568825445747,15506,73977,
12,027,0.23935880688003483,8795,36744,
12,029,0.2555921426138299,4502,17614,
12,031,0.15994177180879848,168764,1055159,
12,033,0.18427288506527809,61045,331275,
12,035,0.3175568946352308,43424,136744,
12,037,0.2840742738269512,3687,12979,
12,039,0.20862494620733393,9211,44151,
12,041,0.2147976078683339,4346,20233,
12,043,0.2615747791653975,3435,13132,
12,045,0.23721340388007053,3766,15876,
12,047,0.19973489605134645,2863,14334,
12,049,0.1677152063833052,4372,26068,
12,051,0.13587686971601995,6268,46130,
12,053,0.2611047444418978,56960,218150,
12,055,0.3611288236258631,39644,109778,
12,057,0.15514162534320292,245345,1581426,
12,059,0.20944858120346146,4163,19876,
12,061,0.3607723990496053,62103,172139,
12,063,0.20792316926770707,10392,49980,
12,065,0.24935619621883048,3970,15921,
12,067,0.18206018518518519,1573,8640,
12,069,0.2660331739471054,118173,444204,
12,071,0.2882355605783783,248159,860959,
12,073,0.15624584010010384,46950,300488,
12,075,0.2578875745839003,12318,47765,
12,077,0.17762413576367064,1413,7955,
12,079,0.23241123938139838,4268,18364,
12,081,0.2904558068907739,133131,458352,
12,083,0.2849372238607617,122211,428905,
12,085,0.32890876824454024,54489,165666,
12,086,0.17202314916428305,488281,2838461,
12,087,0.25886191723933355,20944,80908,
12,089,0.24859163025982983,25947,104376,
12,091,0.1729838581659357,38140,220483,
12,093,0.20991762845476647,8894,42369,
12,095,0.13610833269215972,208742,1533646,
12,097,0.13465852522550625,63028,468058,
12,099,0.2539810562843896,401812,1582055,
12,101,0.2175223102528546,143372,659114,
12,103,0.2750597906550571,265672,965870,
12,105,0.19218223473931792,163908,852878,
12,107,0.24407187487872084,18867,77301,
12,109,0.2155896192614532,72207,334928,
12,111,0.24681700668083037,96424,390670,
12,113,0.1747193635536207,36281,207653,
12,115,0.3796485132311101,180942,476604,
12,117,0.17269538318456143,85416,494605,
12,119,0.5723982339213798,88546,154693,
12,121,0.22372517670817907,10635,47536,
12,123,0.221764409650689,4844,21843,
12,125,0.16361672385309442,2575,15738,
12,127,0.25925225458382273,156270,602772,
12,129,0.1761282500336791,6537,37115,
12,131,0.2056966966297147,18444,89666,
12,133,0.18775232992491417,4976,26503,
13,000,0.15744210785593046,1760341,11180878,
13,001,0.1968503937007874,3675,18669,
13,003,0.14937759336099585,1260,8435,
13,005,0.1816206428248076,2006,11045,
13,007,0.2822108345534407,771,2732,
13,009,0.18518009348364037,8082,43644,
13,011,0.1861895855891328,3783,20318,
13,013,0.13231353978441024,12741,96294,
13,015,0.15564897709092146,18290,117508,
13,017,0.19297727943346119,3270,16945,
13,019,0.18284581592199722,3413,18666,
13,021,0.1728428076609617,27146,157056,
13,023,0.18905433233011246,2387,12626,
13,025,0.18792231976589518,3532,18795,
13,027,0.23519334312285853,3844,16344,
13,029,0.11535074845905488,5895,51105,
13,031,0.13040934303835983,11144,85454,
13,033,0.18731611637790127,4584,24472,
13,035,0.16002506727614554,4341,27127,
13,037,0.18195184708693254,990,5441,
13,039,0.16352222541836578,9664,59099,
13,043,0.18472596585804132,2056,11130,
13,045,0.14526868394516246,18872,129911,
13,047,0.19617058311575283,13524,68940,
13,049,0.15905076415021888,2071,13021,
13,051,0.17465575136007497,53678,307336,
13,053,0.06258773982218063,535,8548,
13,055,0.19366948549751048,4901,25306,
13,057,0.169648363104871,49794,293513,
13,059,0.1317589138043771,17128,129995,
13,061,0.308348134991119,868,2815,
13,063,0.1171872638166226,34887,297703,
13,065,0.18134187163440546,1246,6871,
13,067,0.145215849901846,114363,787538,
13,069,0.14959750062712368,6560,43851,
13,071,0.1646550439576814,7735,46977,
13,073,0.1600148084455909,26798,167472,
13,075,0.16586966192170818,2983,17984,
13,077,0.16236815329292878,25692,158233,
13,079,0.21240586282290064,2623,12349,
13,081,0.21183480583521677,4124,19468,
13,083,0.2253547423450336,3621,16068,
13,085,0.19838212634822805,6695,33748,
13,087,0.18124595964751114,5327,29391,
13,089,0.14726206564395755,113437,770307,
13,091,0.21018848700967907,4126,19630,
13,093,0.22599678169139997,2528,11186,
13,095,0.18169574607488656,14975,82418,
13,097,0.12841783694457062,19505,151887,
13,099,0.20662581386441975,2158,10444,
13,101,0.1484586262844781,549,3698,
13,103,0.13195165964893094,9652,73148,
13,105,0.2173977768955935,4381,20152,
13,107,0.17021184981054083,3953,23224,
13,109,0.18235348238108381,1982,10869,
13,111,0.3252494778370852,8409,25854,
13,113,0.2108674974222066,26381,125107,
13,115,0.17350823552618602,17592,101390,
13,117,0.13281160744887466,37200,280096,
13,119,0.19327197715011107,4872,25208,
13,121,0.1346324221307942,146797,1090354,
13,123,0.28184355027455216,9393,33327,
13,125,0.18617021276595744,560,3008,
13,127,0.23768199676450197,20569,86540,
13,129,0.16239611618530403,9868,60765,
13,131,0.19980206311141563,5249,26271,
13,133,0.32620549049357545,6880,21091,
13,135,0.12172803423554268,122199,1003869,
13,137,0.19381858451625894,9626,49665,
13,139,0.16872082797808294,37413,221745,
13,141,0.26085454336058966,2265,8683,
13,143,0.15834464880878904,5131,32404,
13,145,0.20626066235208101,7617,36929,
13,147,0.23420789961500071,6570,28052,
13,149,0.18087300932420167,2192,12119,
13,151,0.1301120259144284,33740,259315,
13,153,0.14433638084129516,25244,174897,
13,155,0.18885854724194429,1729,9155,
13,157,0.14603783639754864,13702,93825,
13,159,0.18061443753992681,3110,17219,
13,161,0.16389972881804352,2478,15119,
13,163,0.19049204341167855,2861,15019,
13,165,0.18096423721140786,1599,8836,
13,167,0.20690782305513183,1899,9178,
13,169,0.18862533135952078,5479,29047,
13,171,0.17844369260512324,3692,20690,
13,173,0.15825688073394495,1656,10464,
13,175,0.18748384274265714,9428,50287,
13,177,0.15073518621782644,5136,34073,
13,179,0.10934744268077601,7502,68607,
13,181,0.27568642067337557,2219,8049,
13,183,0.10528890845931797,2152,20439,
13,185,0.13886568044429154,16953,122082,
13,187,0.1919424700133274,6913,36016,
13,189,0.20023892666789192,4358,21764,
13,191,0.3042372881355932,3590,11800,
13,193,0.2060688022990449,2438,11831,
13,195,0.18336333953800615,6009,32771,
13,197,0.22855271774721678,1745,7635,
13,199,0.21908671113391484,4697,21439,
13,201,0.2342032967032967,1364,5824,
13,205,0.19538590191352256,3972,20329,
13,207,0.19617011801380538,6167,31437,
13,209,0.19332243754377773,1656,8566,
13,211,0.21340018231540564,4682,21940,
13,213,0.1650450188788847,6819,41316,
13,215,0.1572660159540207,31741,201830,
13,217,0.1370534634303685,16996,124010,
13,219,0.1817613014234319,8134,44751,
13,221,0.2018303240168192,3264,16172,
13,223,0.12386700539382335,23355,188549,
13,225,0.17564098175469825,5131,29213,
13,227,0.2403225806451613,8791,36580,
13,229,0.17678649184769463,3654,20669,
13,231,0.166626348638057,3444,20669,
13,233,0.1595382201300157,7117,44610,
13,235,0.22721021611001965,2313,10180,
13,237,0.25779412393619294,6028,23383,
13,239,0.34696513129573825,806,2323,
13,241,0.3029190898311784,5365,17711,
13,243,0.28512736236647496,1735,6085,
13,245,0.16184931872052272,33390,206303,
13,247,0.1641942423931974,16027,97610,
13,249,0.19475904952254053,877,4503,
13,251,0.21870855148342058,3133,14325,
13,253,0.2606210912227733,2417,9274,
13,255,0.19679337620212828,13833,70292,
13,257,0.21434286129900357,5894,27498,
13,259,0.16406737367436058,789,4809,
13,261,0.1851097611486953,5363,28972,
13,263,0.28792354474370113,1657,5755,
13,265,0.2820987654320988,457,1620,
13,267,0.16276004119464468,3951,24275,
13,269,0.23217268405499164,1807,7783,
13,271,0.21736363636363637,2391,11000,
13,273,0.22120027592550012,1924,8698,
13,275,0.19967863812046727,9196,46054,
13,277,0.16955979668169177,7072,41708,
13,279,0.16778230500582073,4612,27488,
13,281,0.387060072815534,5103,13184,
13,283,0.19579439252336447,1257,6420,
13,285,0.1651587823192986,11811,71513,
13,287,0.19117810041006317,1725,9023,
13,289,0.2514233954451346,1943,7728,
13,291,0.3560740552878519,9828,27601,
13,293,0.1901403484025672,5392,28358,
13,295,0.2039082780501875,14139,69340,
13,297,0.16600480909355872,18226,109792,
13,299,0.17768207166915134,6436,36222,
13,301,0.23931623931623933,1232,5148,
13,303,0.1897247151356257,3763,19834,
13,305,0.16201917091995519,5206,32132,
13,307,0.2734341252699784,633,2315,
13,309,0.17608818541548898,1246,7076,
13,311,0.23928138061210733,7099,29668,
13,313,0.15514418958789378,16301,105070,
13,315,0.2050763701707098,1826,8904,
13,317,0.2472039301766489,2365,9567,
13,319,0.21322256836275527,1848,8667,
13,321,0.21621755009377158,4381,20262,
15,000,0.21458690892897397,310324,1446146,
15,001,0.24932551599218267,52306,209790,
15,003,0.20468547089503147,204429,998747,
15,005,0.35802469135802467,29,81,
15,007,0.2360373781148429,17429,73840,
15,009,0.220730902692928,36131,163688,
16,000,0.17706016979255293,354407,2001619,
16,001,0.17287452944107773,92626,535799,
16,003,0.31472589035614246,1573,4998,
16,005,0.15950994396220194,14517,91010,
16,007,0.2264345773712937,1535,6779,
16,009,0.24446766074650964,2574,10529,
16,011,0.15893415079879739,8088,50889,
16,013,0.24504176398400696,6190,25261,
16,015,0.3027619158606223,2598,8581,
16,017,0.2701325178389399,14575,53955,
16,019,0.14397952770045794,19242,133644,
16,021,0.23433048433048434,3290,14040,
16,023,0.2687385740402194,735,2735,
16,025,0.2606255012028869,325,1247,
16,027,0.1486706233232918,39679,266892,
16,029,0.18966708108854813,1373,7239,
16,031,0.15021558361564522,3902,25976,
16,033,0.23425692695214106,186,794,
16,035,0.29647033111135396,2713,9151,
16,037,0.32477702849684575,1493,4597,
16,039,0.15637929294628142,4649,29729,
16,041,0.1478449929658524,2312,15638,
16,043,0.18536009445100354,2669,14399,
16,045,0.23461591252230407,5128,21857,
16,047,0.18858484155908334,3053,16189,
16,049,0.3023112996873604,5415,17912,
16,051,0.12885178171802375,4491,34854,
16,053,0.1407353392692662,3667,26056,
16,055,0.20837072476542962,39241,188323,
16,057,0.15229966808914178,6424,42180,
16,059,0.32392521138501845,2720,8397,
16,061,0.30150214592274677,1124,3728,
16,063,0.15478761699064075,860,5556,
16,065,0.05742677635961044,3190,55549,
16,067,0.16804019214666607,3813,22691,
16,069,0.2201087590729806,9431,42847,
16,071,0.2069935691318328,1030,4976,
16,073,0.19861939127706307,2532,12748,
16,075,0.200889306630034,5557,27662,
16,077,0.1700274430258919,1425,8381,
16,079,0.23902231064374024,3364,14074,
16,081,0.15566037735849056,2013,12932,
16,083,0.17103068107637628,16506,96509,
16,085,0.28269546841981685,3612,12777,
16,087,0.257128000693301,2967,11539,
17,000,0.17869943080172568,2271298,12710158,
17,001,0.2178633265220172,13967,64109,
17,003,0.26186329995646496,1203,4594,
17,005,0.1973938223938224,3272,16576,
17,007,0.17884943634760753,9535,53313,
17,009,0.15855398763278897,1000,6307,
17,011,0.24145785876993167,7844,32486,
17,013,0.2549715909090909,1077,4224,
17,015,0.25310800310800313,3909,15444,
17,017,0.18823251789506804,2393,12713,
17,019,0.14534265023025417,30867,212374,
17,021,0.20886094986013776,6944,33247,
17,023,0.21053329795701778,3174,15076,
17,025,0.22010763590983543,2822,12821,
17,027,0.19737374282093456,7320,37087,
17,029,0.1920815113198199,8917,46423,
17,031,0.16794256646786748,870382,5182617,
17,033,0.20491624972808353,3768,18388,
17,035,0.2240659873847647,2309,10305,
17,037,0.14704692357033602,14901,101335,
17,039,0.2167896076767413,3321,15319,
17,041,0.19355326876513318,3837,19824,
17,043,0.18376297295393867,172212,937142,
17,045,0.2539334065129894,4164,16398,
17,047,0.2376336898395722,1422,5984,
17,049,0.19666493266285187,6805,34602,
17,051,0.19421468072032896,4109,21157,
17,053,0.20102594602631774,2704,13451,
17,055,0.21372829638430588,7915,37033,
17,057,0.21962473085204554,7140,32510,
17,059,0.25458422174840084,1194,4690,
17,061,0.21932206358938425,2504,11417,
17,063,0.16052753784712548,8642,53835,
17,065,0.235354310565362,1840,7818,
17,067,0.25876058325493884,4401,17008,
17,069,0.2645070422535211,939,3550,
17,071,0.2926587301587302,1770,6048,
17,073,0.22873985511758724,11020,48177,
17,075,0.23420416618713316,6105,26067,
17,077,0.17269121600030077,9187,53199,
17,079,0.22162340519137702,2015,9092,
17,081,0.20868529647990694,7535,36107,
17,083,0.2204728132387707,4663,21150,
17,085,0.3155425492382014,6793,21528,
17,087,0.20683183183183182,2755,13320,
17,089,0.16597792309744586,86474,520997,
17,091,0.18672117282210318,19869,106410,
17,093,0.1178520789824755,16873,143171,
17,095,0.2264759011413088,11033,48716,
17,097,0.1692128070536763,121597,718604,
17,099,0.21103422824983856,22874,108390,
17,101,0.19323018714951692,2860,14801,
17,103,0.22558430717863104,7567,33544,
17,105,0.2102332155477032,7437,35375,
17,107,0.2025583254596991,5574,27518,
17,109,0.1973220313554872,5261,26662,
17,111,0.17762114704755996,56121,315959,
17,113,0.15417071058703194,26528,172069,
17,115,0.2185095843632429,22012,100737,
17,117,0.22578881421574212,9911,43895,
17,119,0.19560712805636138,51448,263017,
17,121,0.20838707906798035,7593,36437,
17,123,0.24930747922437674,2880,11552,
17,125,0.23479231443833215,2945,12543,
17,127,0.2293241359066559,3125,13627,
17,129,0.2180891080832567,2609,11963,
17,131,0.22783154590635626,3484,15292,
17,133,0.21364637250135834,7471,34969,
17,135,0.22415353974289334,6190,27615,
17,137,0.2146667484211172,7002,32618,
17,139,0.19359554472676643,2781,14365,
17,141,0.2091927159411822,10741,51345,
17,143,0.18827033346322997,33819,179630,
17,145,0.20984609313338595,4254,20272,
17,147,0.22594419052201106,3757,16628,
17,149,0.2199466965913873,3136,14258,
17,151,0.3224412638401296,1194,3703,
17,153,0.24021315843410534,1172,4879,
17,155,0.2638025918693414,1486,5633,
17,157,0.21947630672507776,6563,29903,
17,159,0.21800546803801588,3349,15362,
17,161,0.20884741226503,29809,142731,
17,163,0.18514905494347977,46500,251149,
17,165,0.22689038815385965,5179,22826,
17,167,0.20403920862383904,39654,194345,
17,169,0.24325925925925926,1642,6750,
17,171,0.2473360655737705,1207,4880,
17,173,0.24676273001655147,5069,20542,
17,175,0.2331183611532625,1229,5272,
17,177,0.2513924990716673,10832,43088,
17,179,0.2063764722194406,26792,129821,
17,181,0.23480990169371077,3965,16886,
17,183,0.20995415295474362,14929,71106,
17,185,0.23317242007468805,2560,10979,
17,187,0.2114447801689585,3429,16217,
17,189,0.22770594754340598,3082,13535,
17,191,0.22419638372677048,3571,15928,
17,193,0.23889511011571482,3200,13395,
17,195,0.22659494666739852,12385,54657,
17,197,0.15600995225682807,110546,708583,
17,199,0.20835321483955624,13973,67064,
17,201,0.19215617181718878,54532,283790,
17,203,0.19919038913554452,7627,38290,
18,000,0.17531221680248113,1213910,6924275,
18,001,0.17201508856330636,6293,36584,
18,003,0.16261661177825917,64932,399295,
18,005,0.17423679210771645,14765,84741,
18,007,0.18344064159042134,1624,8853,
18,009,0.22748815165876776,2688,11816,
18,011,0.15500234852043213,12210,78773,
18,013,0.2823003194888179,4418,15650,
18,015,0.21940521521183787,4552,20747,
18,017,0.19563886152453472,7348,37559,
18,019,0.17491508405305972,22298,127479,
18,021,0.20273236451710566,5357,26424,
18,023,0.17172822617419062,5649,32895,
18,025,0.21828375938420602,2297,10523,
18,027,0.16394404199782972,5590,34097,
18,029,0.20106931078059687,10342,51435,
18,031,0.18776730630937513,4961,26421,
18,033,0.1821791112113693,8076,44330,
18,035,0.18096342661862225,20440,112951,
18,037,0.1983543056224071,8654,43629,
18,039,0.16088817755837945,33374,207436,
18,041,0.20741375616027427,4840,23335,
18,043,0.18364233318280015,15046,81931,
18,045,0.20548921760826946,3459,16833,
18,047,0.21218015214384509,4909,23136,
18,049,0.21905618876224756,4382,20004,
18,051,0.19308069495732189,6379,33038,
18,053,0.19926871106563543,13243,66458,
18,055,0.2093917165828502,6537,31219,
18,057,0.14906348102732656,56600,379704,
18,059,0.1752280148631911,15562,88810,
18,061,0.20488768822852568,8191,39978,
18,063,0.1575730869909615,30038,190629,
18,065,0.20182962857317496,9906,49081,
18,067,0.20550177207963655,17279,84082,
18,069,0.19570160242529233,7230,36944,
18,071,0.1706452973428933,8092,47420,
18,073,0.19732231107916254,6588,33387,
18,075,0.18840507835746875,3799,20164,
18,077,0.20503629901886333,6750,32921,
18,079,0.18187739740898892,5026,27634,
18,081,0.16291746281078925,27796,170614,
18,083,0.19483162355040143,6989,35872,
18,085,0.19317209832773433,15583,80669,
18,087,0.15529400320996062,6386,41122,
18,089,0.18805857382867255,94585,502955,
18,091,0.20536516147573375,22867,111348,
18,093,0.21143122676579926,9555,45192,
18,095,0.1919879006422196,25769,134222,
18,097,0.13858814133256184,136042,981628,
18,099,0.19503271349862258,9062,46464,
18,101,0.22171532846715328,2187,9864,
18,103,0.19012720074130232,6771,35613,
18,105,0.15647965203053263,22017,140702,
18,107,0.19602412445318768,7573,38633,
18,109,0.19091093802912293,14094,73825,
18,111,0.2101054419361687,2969,14131,
18,113,0.18326326577565832,8762,47811,
18,115,0.2513342228152101,1507,5996,
18,117,0.22018765133171914,4365,19824,
18,119,0.21861699693377878,4777,21851,
18,121,0.21680397383086988,3579,16508,
18,123,0.20564182194616978,3973,19320,
18,125,0.2181413007593265,2643,12116,
18,127,0.19421699078812693,34155,175860,
18,129,0.22316192603821758,5594,25067,
18,131,0.2250221399243217,2795,12421,
18,133,0.17844672521426305,6746,37804,
18,135,0.21198175617372725,5159,24337,
18,137,0.19504347230779764,5698,29214,
18,139,0.20311474431648666,3404,16759,
18,141,0.1753572681045064,48003,273744,
18,143,0.1755080602803927,4344,24751,
18,145,0.19928155254742191,9098,45654,
18,147,0.21726426307448493,4387,20192,
18,149,0.21548821548821548,5056,23463,
18,151,0.23375021513395675,8149,34862,
18,153,0.1992006933744222,4137,20768,
18,155,0.19653584301161395,1963,9988,
18,157,0.12873467258022436,24672,191650,
18,159,0.23264160793526495,3565,15324,
18,161,0.22733875653689714,1565,6884,
18,163,0.19097274193816627,34449,180387,
18,165,0.20623872131992782,3200,15516,
18,167,0.17855057174613342,18956,106166,
18,169,0.2272151281801345,6993,30777,
18,171,0.22305052656490357,1885,8451,
18,173,0.19618927026334435,13015,66339,
18,175,0.19361439407302874,5488,28345,
18,177,0.20118957988254782,13361,66410,
18,179,0.19650670185429545,5659,28798,
18,181,0.2262312245801957,5618,24833,
18,183,0.20699441020495915,7221,34885,
19,000,0.1889191013509845,612379,3241488,
19,001,0.23375050464271296,1737,7431,
19,003,0.26039933444259566,939,3606,
19,005,0.24450084602368866,3468,14184,
19,007,0.24715017346770196,2992,12106,
19,009,0.25674217907227614,1428,5562,
19,011,0.2104732741579131,5430,25799,
19,013,0.18208813129023482,24099,132348,
19,015,0.21096935912304987,5639,26729,
19,017,0.20625394819962098,5224,25328,
19,019,0.19620894226595284,4068,20733,
19,021,0.17803612605687932,3706,20816,
19,023,0.24201751907318453,3426,14156,
19,025,0.24189063948100092,2349,9711,
19,027,0.22056157200960455,4501,20407,
19,029,0.24224508599508598,3155,13024,
19,031,0.22384948713729363,4081,18231,
19,033,0.2504177158590827,10641,42493,
19,035,0.25287356321839083,2948,11658,
19,037,0.23662428534857924,2773,11719,
19,039,0.19886602267954642,1894,9524,
19,041,0.23509772975597912,3873,16474,
19,043,0.26613903490638474,4506,16931,
19,045,0.21306095838313593,9804,46015,
19,047,0.19001099035291244,3112,16378,
19,049,0.1352921286944158,15605,115343,
19,051,0.19199390840857175,1765,9193,
19,053,0.2170846394984326,1662,7656,
19,055,0.22749730251575898,4006,17609,
19,057,0.22194163130353284,8525,38411,
19,059,0.2968939310496751,5391,18158,
19,061,0.20312972330263396,20159,99242,
19,063,0.2460161536782362,2254,9162,
19,065,0.24028822055137844,4602,19152,
19,067,0.23480810234541577,3524,15008,
19,069,0.2296488427773344,2302,10024,
19,071,0.2528487834924546,1642,6494,
19,073,0.25109674440083124,2175,8662,
19,075,0.21668681983071342,2688,12405,
19,077,0.250881752366809,2703,10774,
19,079,0.21863220247711362,3248,14856,
19,081,0.2481160512434062,2634,10616,
19,083,0.2472667638483965,4071,16464,
19,085,0.21290851907561875,3114,14626,
19,087,0.21419348174164557,4147,19361,
19,089,0.2144230769230769,2007,9360,
19,091,0.2290735156493709,2203,9617,
19,093,0.23010279001468428,1567,6810,
19,095,0.21317664251354806,3501,16423,
19,097,0.23238782877772046,4506,19390,
19,099,0.20452935156270502,7794,38107,
19,101,0.27552119637538813,4348,15781,
19,103,0.1423975512243878,22795,160080,
19,105,0.21845993559386248,4613,21116,
19,107,0.23581938102486047,2324,9855,
19,109,0.26096612992781787,3760,14408,
19,111,0.2283481591302199,7393,32376,
19,113,0.18160440451842838,42089,231762,
19,115,0.21015992474129822,2234,10630,
19,117,0.22996117835122173,2014,8758,
19,119,0.1919534658264663,2376,12378,
19,121,0.18209894528290893,3125,17161,
19,123,0.200145230098938,4410,22034,
19,125,0.20136278195488722,6856,34048,
19,127,0.18421964745494157,7441,40392,
19,129,0.21132024189712578,3110,14717,
19,131,0.22328818660647104,2374,10632,
19,133,0.2506821687032863,2113,8429,
19,135,0.21158280211582803,1560,7373,
19,137,0.23402563847759117,2355,10063,
19,139,0.19175448590145258,8079,42132,
19,141,0.21493688639551192,3065,14260,
19,143,0.2430417495029821,1467,6036,
19,145,0.2481048011703684,3731,15038,
19,147,0.23010557384493133,2027,8809,
19,149,0.20274927395934172,5236,25825,
19,151,0.25378247216671423,1778,7006,
19,153,0.14540716991001287,75057,516185,
19,155,0.1972970950186573,18453,93529,
19,157,0.22547957082475345,4161,18454,
19,159,0.244140625,1125,4608,
19,161,0.24850519248924788,2369,9533,
19,163,0.18588162937568692,32641,175601,
19,165,0.23788173589374842,2812,11821,
19,167,0.17344203096788313,6340,36554,
19,169,0.13885148978516654,14232,102498,
19,171,0.21651332297765563,3624,16738,
19,173,0.23416309012875536,1364,5825,
19,175,0.21497281472187368,2570,11955,
19,177,0.24082028543716225,1738,7217,
19,179,0.18822342423138366,6716,35681,
19,181,0.1733667003886907,9768,56343,
19,183,0.2112147054924661,4780,22631,
19,185,0.2360314104500151,1563,6622,
19,187,0.20501774634912895,7567,36909,
19,189,0.2317249349898873,2406,10383,
19,191,0.24757896871672666,4883,19723,
19,193,0.16182626774942427,17357,107257,
19,195,0.2362118516491036,1726,7307,
19,197,0.22515515751433735,2866,12729,
20,000,0.17780109513008457,528177,2970606,
20,001,0.21601609657947687,2684,12425,
20,003,0.21193727870510876,1676,7908,
20,005,0.1917041048679919,3115,16249,
20,007,0.2594594594594595,1056,4070,
20,009,0.2200523454801691,5465,24835,
20,011,0.20223239046034386,2917,14424,
20,013,0.2343032159264931,2142,9142,
20,015,0.17235894618120826,11920,69158,
20,017,0.24212205823693658,607,2507,
20,019,0.2647499251272836,884,3339,
20,021,0.20629279255736163,3947,19133,
20,023,0.2800453514739229,741,2646,
20,025,0.2189001601708489,410,1873,
20,027,0.23842389258376206,1900,7969,
20,029,0.20864381520119224,1820,8723,
20,031,0.24262137091916636,2014,8301,
20,033,0.2597402597402597,440,1694,
20,035,0.1956941438015562,6690,34186,
20,037,0.16499588731235862,6419,38904,
20,039,0.3026509572901325,822,2716,
20,041,0.21019279308307826,3914,18621,
20,043,0.21174917491749176,1604,7575,
20,045,0.1481117149906959,18068,121989,
20,047,0.21750274624679605,594,2731,
20,049,0.2894088669950739,705,2436,
20,051,0.17226876271244873,4997,29007,
20,053,0.24825839138695377,1568,6316,
20,055,0.1255410126714293,4815,38354,
20,057,0.12320967363230806,4198,34072,
20,059,0.19019525748867658,4997,26273,
20,061,0.09128853041540935,3237,35459,
20,063,0.25357411587659895,674,2658,
20,065,0.29156118143459914,691,2370,
20,067,0.15429054530083133,1095,7097,
20,069,0.17417102966841186,998,5730,
20,071,0.2013888888888889,232,1152,
20,073,0.27491057741440983,1614,5871,
20,075,0.14790996784565916,368,2488,
20,077,0.22150378717901348,1199,5413,
20,079,0.21600974971761489,7267,33642,
20,081,0.18156502367028682,652,3591,
20,083,0.22295277943813507,373,1673,
20,085,0.2021441774491682,2734,13525,
20,087,0.2146519746890683,3935,18332,
20,089,0.3290789927561228,954,2899,
20,091,0.16937698093870399,107093,632276,
20,093,0.16596638655462184,632,3808,
20,095,0.18989346386409445,1319,6946,
20,097,0.2315270935960591,564,2436,
20,099,0.20805403209425147,4097,19692,
20,101,0.242914979757085,360,1482,
20,103,0.16994212826266683,14389,84670,
20,105,0.2701502732240437,791,2928,
20,107,0.2354435524845036,2317,9841,
20,109,0.20638455827765403,556,2694,
20,111,0.1673739237392374,5443,32520,
20,113,0.21259972308300917,6449,30334,
20,115,0.2467866323907455,2880,11670,
20,117,0.24020100502512562,2390,9950,
20,119,0.1906474820143885,742,3892,
20,121,0.1929652740856815,6896,35737,
20,123,0.22867482336722386,1327,5803,
20,125,0.2136971010210447,6509,30459,
20,127,0.27599924228073497,1457,5279,
20,129,0.22615694164989938,562,2485,
20,131,0.20721526535480023,2085,10062,
20,133,0.2084619341563786,3242,15552,
20,135,0.26901031715705004,704,2617,
20,137,0.21255857544517337,1134,5335,
20,139,0.22202452818199148,3494,15737,
20,141,0.27169698777214435,911,3353,
20,143,0.22262087818212883,1303,5853,
20,145,0.25016633399866933,1504,6012,
20,147,0.25755334882738223,1219,4733,
20,149,0.16557523440988242,4450,26876,
20,151,0.22392470176206633,2046,9137,
20,153,0.2767269736842105,673,2432,
20,155,0.2104791832880147,12927,61417,
20,157,0.275308909603295,1270,4613,
20,159,0.2007755277897458,1864,9284,
20,161,0.10996871425224307,7979,72557,
20,163,0.2571609098567818,1221,4748,
20,165,0.2608540925266904,733,2810,
20,167,0.2649546827794562,1754,6620,
20,169,0.20226715800894143,10813,53459,
20,171,0.20512820512820512,1008,4914,
20,173,0.16678263172916033,89409,536081,
20,175,0.11134611769129536,2369,21276,
20,177,0.20342583538456352,36198,177942,
20,179,0.24238631622861911,581,2397,
20,181,0.22153209109730848,1284,5796,
20,183,0.294549562270545,1043,3541,
20,185,0.23737503204306587,926,3901,
20,187,0.1704490584258812,353,2071,
20,189,0.16683217477656406,840,5035,
20,191,0.2083631805157593,4654,22336,
20,193,0.19289925660087157,1505,7802,
20,195,0.2923576063446287,811,2774,
20,197,0.2297525309336333,1634,7112,
20,199,0.25339673913043476,373,1472,
20,201,0.23725771715721464,1322,5572,
20,203,0.21525096525096524,446,2072,
20,205,0.24493927125506074,2057,8398,
20,207,0.27547412407585986,857,3111,
20,209,0.1372699477033137,23256,169418,
21,000,0.1801717471905068,826695,4588372,
21,001,0.20307708300847238,3907,19239,
21,003,0.1872305667740618,4126,22037,
21,005,0.17534059397982557,4363,24883,
21,007,0.22515079989509573,1717,7626,
21,009,0.18638865136266966,8501,45609,
21,011,0.18129874140992974,2348,12951,
21,013,0.19955750292828944,4600,23051,
21,015,0.15608977694522497,22498,144135,
21,017,0.2088722765946983,4247,20333,
21,019,0.20947317747033092,10008,47777,
21,021,0.1964706631840479,6168,31394,
21,023,0.18983170530775567,1613,8497,
21,025,0.1958762886597938,2508,12804,
21,027,0.2111587578342208,4481,21221,
21,029,0.18535698468567166,15904,85802,
21,031,0.1970360927416142,2473,12551,
21,033,0.22416937594163824,2827,12611,
21,035,0.1760359204618345,6861,38975,
21,037,0.1887818058037614,17747,94008,
21,039,0.1994975926313586,953,4777,
21,041,0.16614166141661416,1846,11111,
21,043,0.20277415893938233,5292,26098,
21,045,0.21300476548783548,3397,15948,
21,047,0.13294651156240317,9440,71006,
21,049,0.19050779072545324,7177,37673,
21,051,0.16772151898734178,3286,19592,
21,053,0.21801154306871393,2002,9183,
21,055,0.2179915386328212,1958,8982,
21,057,0.23499255829336863,1421,6047,
21,059,0.1854160085011057,19368,104457,
21,061,0.2191531460229521,2769,12635,
21,063,0.22456285281564092,1631,7263,
21,065,0.1996857591772604,2796,14002,
21,067,0.15392624386453252,50709,329437,
21,069,0.18638958373420564,2906,15591,
21,071,0.20129155565851964,6951,34532,
21,073,0.1912779832958316,10031,52442,
21,075,0.21808341292581981,1370,6282,
21,077,0.165587734241908,1458,8805,
21,079,0.1970620842572062,3555,18040,
21,081,0.15278749708420808,3930,25722,
21,083,0.19377529127400125,7135,36821,
21,085,0.19002585888437384,5144,27070,
21,087,0.22108725761772854,2554,11552,
21,089,0.22977915119212997,8105,35273,
21,091,0.1949406412959059,1757,9013,
21,093,0.158881818020669,17926,112826,
21,095,0.2003432859651924,5019,25052,
21,097,0.1909346991037132,3728,19525,
21,099,0.1828037946092456,3642,19923,
21,101,0.2029881154499151,8967,44175,
21,103,0.19428324484504259,3147,16198,
21,105,0.2606419303437287,1145,4393,
21,107,0.1973771506922022,8925,45218,
21,109,0.19007336427608923,2539,13358,
21,111,0.17780498588579396,141156,793881,
21,113,0.17359058323745463,9807,56495,
21,115,0.20237125531722328,4472,22098,
21,117,0.16595944230307327,29020,174862,
21,119,0.21721982437862777,2919,13438,
21,121,0.17975520113295343,5331,29657,
21,123,0.1891856160761502,2862,15128,
21,125,0.17939166258898553,11365,63353,
21,127,0.19578427649069502,3093,15798,
21,129,0.20237932449063312,1480,7313,
21,131,0.2047486894850447,1992,9729,
21,133,0.21823327871294504,4395,20139,
21,135,0.20341747572815533,2619,12875,
21,137,0.18723404255319148,4664,24910,
21,139,0.2342597844583097,2065,8815,
21,141,0.19468156110584184,5542,28467,
21,143,0.24829257545714914,2254,9078,
21,145,0.21407846039970393,14461,67550,
21,147,0.16648834997622444,2801,16824,
21,149,0.20600482138943677,1880,9126,
21,151,0.15063967383663715,15001,99582,
21,153,0.20003597769382983,2224,11118,
21,155,0.18442395849075613,3661,19851,
21,157,0.23583538160963005,7484,31734,
21,159,0.18988406881077038,2031,10696,
21,161,0.20034206180702996,3397,16956,
21,163,0.16822153603574008,5121,30442,
21,165,0.2267781107080902,1438,6341,
21,167,0.1949394003827344,4584,23515,
21,169,0.199753741238871,2109,10558,
21,171,0.1949296784018633,2176,11163,
21,173,0.17222202912655105,4955,28771,
21,175,0.183986013986014,2631,14300,
21,177,0.21014682747771368,6412,30512,
21,179,0.18221574344023322,8875,48706,
21,181,0.16606960081883315,1298,7816,
21,183,0.19003050181757405,4548,23933,
21,185,0.15581708613966677,10989,70525,
21,187,0.2115435067774377,2419,11435,
21,189,0.20290224032586557,797,3928,
21,191,0.18701158717326866,2776,14844,
21,193,0.18624481095029732,4980,26739,
21,195,0.21277286667869386,11794,55430,
21,197,0.17365408415841585,2245,12928,
21,199,0.2040483528320517,13639,66842,
21,201,0.2325776658270361,554,2382,
21,203,0.20085048687292,3259,16226,
21,205,0.15404255319148935,3801,24675,
21,207,0.21659984830425832,3998,18458,
21,209,0.13978930307941653,8625,61700,
21,211,0.17843747506184662,8944,50124,
21,213,0.17395577395577397,3540,20350,
21,215,0.17173317965710994,3576,20823,
21,217,0.18437838039464358,4943,26809,
21,219,0.16822136866034335,2146,12757,
21,221,0.2347688714884264,3418,14559,
21,223,0.1946222791293214,1672,8591,
21,225,0.21406890271664897,2821,13178,
21,227,0.1363089444083928,20165,147936,
21,229,0.19643002689705763,2410,12269,
21,231,0.23444902949717256,4602,19629,
21,233,0.18819044655360198,2419,12854,
21,235,0.15854215346601133,5903,37233,
21,237,0.19798868636077938,1260,6364,
21,239,0.21642383150605884,6001,27728,
22,000,0.17715812551383942,814527,4597740,
22,001,0.17461663486679388,9884,56604,
22,003,0.14963779387582773,3367,22501,
22,005,0.13968727065766023,18653,133534,
22,007,0.21546134663341646,4320,20050,
22,009,0.18791858859093633,7211,38373,
22,011,0.17190352909115683,6308,36695,
22,013,0.2222848855945859,2759,12412,
22,015,0.1616832695153392,21197,131102,
22,017,0.1987434024180388,44696,224893,
22,019,0.1712599281643229,35427,206861,
22,021,0.1877994251038007,1764,9393,
22,023,0.21056006840530142,985,4678,
22,025,0.19770531400966185,1637,8280,
22,027,0.23469010859126838,3177,13537,
22,029,0.20520312412204303,3652,17797,
22,031,0.19586419300432648,5342,27274,
22,033,0.16069859741910988,72800,453022,
22,035,0.1664248403946605,1147,6892,
22,037,0.21080996232733362,4029,19112,
22,039,0.1684359741691605,5347,31745,
22,041,0.2010258020620715,3841,19107,
22,043,0.16187977746619023,3579,22109,
22,045,0.17736156351791532,11979,67540,
22,047,0.18396828596385137,5476,29766,
22,049,0.21179968912617422,3134,14797,
22,051,0.19645736835083663,83937,427253,
22,053,0.18157526402850235,5708,31436,
22,055,0.15816882406850194,40213,254241,
22,057,0.17734052149105325,16908,95342,
22,059,0.16031832403754592,2357,14702,
22,061,0.14936882034699334,7206,48243,
22,063,0.14480724199730519,22139,152886,
22,065,0.18640712636093698,1695,9093,
22,067,0.21385630806743178,5087,23787,
22,069,0.17681062753599022,6362,35982,
22,071,0.18762837709297742,68053,362701,
22,073,0.1670319368610411,26370,157874,
22,075,0.15725245636861232,3505,22289,
22,077,0.23562610229276895,4676,19845,
22,079,0.17859554087006252,22485,125899,
22,081,0.21166067974578612,1532,7238,
22,083,0.19284223387466273,3788,19643,
22,085,0.22220178423618137,4832,21746,
22,087,0.1461492084049751,6545,44783,
22,089,0.17121031746031745,8629,50400,
22,091,0.22437137330754353,2436,10857,
22,093,0.20900052328623758,3994,19110,
22,095,0.16778354411246033,6660,39694,
22,097,0.17537004290890204,14182,80869,
22,099,0.1831777890585341,9382,51218,
22,101,0.197611060065386,9248,46799,
22,103,0.1939160347963907,53834,277615,
22,105,0.15905823791507834,22240,139823,
22,107,0.3007284079084287,1156,3844,
22,109,0.16987599168142956,17644,103864,
22,111,0.23718290730950187,4890,20617,
22,113,0.17414687462049583,10038,57641,
22,115,0.14725332285732992,6747,45819,
22,117,0.20201818585052117,9109,45090,
22,119,0.21361982719417918,7516,35184,
22,121,0.1589797713280563,4519,28425,
22,123,0.223578992867949,2069,9254,
22,125,0.16647970966677664,2523,15155,
22,127,0.19410667661320402,2602,13405,
23,000,0.2350620492921057,330265,1405012,
23,001,0.19719446179471165,22731,115272,
23,003,0.26401701210015577,17630,66776,
23,005,0.21549732480585324,67625,313809,
23,007,0.2467477833149958,7625,30902,
23,009,0.27889579601727954,15882,56946,
23,011,0.22113326223523092,28407,128461,
23,013,0.2940875039652522,12052,40981,
23,015,0.3060754706639993,11169,36491,
23,017,0.25235263745232267,15151,60039,
23,019,0.2115850548329508,33185,156840,
23,021,0.2844194584671868,4958,17432,
23,023,0.2607099143206854,9798,37582,
23,025,0.23836144766060227,12237,51338,
23,027,0.2647413644533077,10753,40617,
23,029,0.2720262562533856,8537,31383,
23,031,0.23859491330635088,52525,220143,
24,000,0.17594783513911375,1102000,6263220,
24,001,0.21565792807428052,14470,67097,
24,003,0.16811488337345398,101264,602350,
24,005,0.19005191072528374,162005,852425,
24,009,0.17525523374037277,16634,94913,
24,011,0.18266760102779725,6256,34248,
24,013,0.1879305282652393,33284,177108,
24,015,0.18174121631155638,19320,106305,
24,017,0.14554270452435264,25394,174478,
24,019,0.24407025167481441,8088,33138,
24,021,0.15989402539782238,47859,299317,
24,023,0.2582678829288909,7333,28393,
24,025,0.18518420874228855,49169,265514,
24,027,0.16334185145495012,55482,339668,
24,029,0.2943191696067904,5756,19557,
24,031,0.17962658220245722,194405,1082273,
24,033,0.15945414424768964,154133,966629,
24,035,0.22038444345105052,11832,53688,
24,037,0.15094145223192437,17580,116469,
24,039,0.18256012043896835,4608,25241,
24,041,0.30574730676707457,11693,38244,
24,043,0.18520874144554406,29120,157228,
24,045,0.1748064968164847,18587,106329,
24,047,0.2992620129929882,16261,54337,
24,510,0.16095665624323607,91467,568271,
25,000,0.18734612721584165,1336934,7136171,
25,001,0.34844992905361827,81039,232570,
25,003,0.2656805928872178,34200,128726,
25,005,0.1860011926747345,109479,588593,
25,007,0.2879255495940364,6064,21061,
25,009,0.193892016146846,159755,823938,
25,011,0.2645793060631288,18751,70871,
25,013,0.1911856270911837,88739,464151,
25,015,0.20196010858590438,33404,165399,
25,017,0.1699978908970638,283719,1668956,
25,019,0.17280163599182005,2535,14670,
25,021,0.18532603266401532,137281,740754,
25,023,0.20865169990223026,113108,542090,
25,025,0.13912101711669003,110343,793144,
25,027,0.1798778550419405,158517,881248,
26,000,0.19584152946133898,1985923,10140459,
26,001,0.38083584337349397,4046,10624,
26,003,0.2890166762507188,2513,8695,
26,005,0.19567259391157324,23956,122429,
26,007,0.263882641940283,7627,28903,
26,009,0.30033420280404305,7369,24536,
26,011,0.2875985948167296,4339,15087,
26,013,0.23846248010772433,1948,8169,
26,015,0.20829363529871145,13336,64025,
26,017,0.2311521563355447,23728,102651,
26,019,0.3002159827213823,5560,18520,
26,021,0.22454699645717505,34289,152703,
26,023,0.20181003312620435,9321,46187,
26,025,0.19237582688642224,25737,133785,
26,027,0.23790494665373424,12264,51550,
26,029,0.2912468875694311,7603,26105,
26,031,0.30345863503312276,7879,25964,
26,033,0.20315560091578627,7365,36253,
26,035,0.26495780926604046,8321,31405,
26,037,0.2009369144284822,16085,80050,
26,039,0.28524156187954997,3879,13599,
26,041,0.27549268133126176,10107,36687,
26,043,0.2571648393921908,6685,25995,
26,045,0.21163716733336987,23173,109494,
26,047,0.2664290553477275,9045,33949,
26,049,0.19756189112531353,79475,402279,
26,051,0.2860550105789575,7436,25995,
26,053,0.3042132658085391,4325,14217,
26,055,0.2353738680465718,22743,96625,
26,057,0.1812820264913468,7500,41372,
26,059,0.22498354902390874,10257,45590,
26,061,0.18319707683814832,6969,38041,
26,063,0.2845679012345679,8759,30780,
26,065,0.15314003174635968,44476,290427,
26,067,0.16873962264150943,11179,66250,
26,069,0.32179330468041484,8161,25361,
26,071,0.3271842172687676,3831,11709,
26,073,0.14831263830833538,9651,65072,
26,075,0.2024988610336198,32447,160233,
26,077,0.1675277588941763,44358,264780,
26,079,0.22569556343323666,4202,18618,
26,081,0.15748987372994433,105991,673002,
26,083,0.3734382230448866,807,2161,
26,085,0.27827758554402154,3619,13005,
26,087,0.2141014713798672,19091,89168,
26,089,0.3567836998819466,8160,22871,
26,091,0.21542569516911178,21057,97746,
26,093,0.21347270733490376,42049,196976,
26,095,0.22961441213653602,1453,6328,
26,097,0.30455850681981333,3394,11144,
26,099,0.1920839563291675,170220,886175,
26,101,0.2917434068733101,7445,25519,
26,103,0.20940290383794996,14235,67979,
26,105,0.2746708830302822,7991,29093,
26,107,0.21498557703769042,9018,41947,
26,109,0.2848156182212581,6565,23050,
26,111,0.21386065554259598,17969,84022,
26,113,0.2315112540192926,3528,15239,
26,115,0.20975359671889518,32731,156045,
26,117,0.18644141154745072,12923,69314,
26,119,0.340964590964591,3351,9828,
26,121,0.19396036702211603,34414,177428,
26,123,0.21734234234234234,11194,51504,
26,125,0.19315391922818315,250499,1296888,
26,127,0.23906122751166062,6458,27014,
26,129,0.29044555634977365,6095,20985,
26,131,0.38907967032967034,2266,5824,
26,133,0.23007153806847216,5403,23484,
26,135,0.30886458818054907,2655,8596,
26,137,0.2294214622551087,5984,26083,
26,139,0.17630904370826325,53992,306235,
26,141,0.3528344671201814,4668,13230,
26,143,0.3578472338291827,8564,23932,
26,145,0.21233365652002514,39858,187714,
26,147,0.21670783741298003,34740,160308,
26,149,0.19868892122083995,12154,61171,
26,151,0.24597324597324596,9911,40293,
26,153,0.3077769625825385,2517,8178,
26,155,0.20855520578976788,14178,67982,
26,157,0.23035805675076293,12153,52757,
26,159,0.21049797054998753,16025,76129,
26,161,0.16727248411902373,62539,373875,
26,163,0.17424845982328127,308605,1771063,
26,165,0.2179338363319791,7510,34460,
27,000,0.18248221045852248,1057147,5793151,
27,001,0.3546985001530456,5794,16335,
27,003,0.16500371510455367,62180,376840,
27,005,0.24026633562803296,8516,35444,
27,007,0.1835892391257859,8585,46762,
27,009,0.14880255963324657,6232,41881,
27,011,0.2737319913163608,1387,5067,
27,013,0.1583026874115983,11192,70700,
27,015,0.2308440295604823,5935,25710,
27,017,0.19270649067900394,7081,36745,
27,019,0.15857513229392337,17860,112628,
27,021,0.2852235862858597,8968,31442,
27,023,0.22115619156028946,2720,12299,
27,025,0.18499280940698756,10934,59105,
27,027,0.14543441838200097,9722,66848,
27,029,0.22085747392815758,1906,8630,
27,031,0.3263327948303716,1818,5571,
27,033,0.23751984476980068,2693,11338,
27,035,0.25716033915095715,17652,68642,
27,037,0.16937434349318997,76753,453156,
27,039,0.1714998587703606,3643,21242,
27,041,0.25452633160543914,10164,39933,
27,043,0.2472994382831629,3434,13886,
27,045,0.2280252999720956,4903,21502,
27,047,0.2467836643135185,7481,30314,
27,049,0.22010337209787004,10561,47982,
27,051,0.2378458012768047,1453,6109,
27,053,0.1660554104421935,211444,1273334,
27,055,0.24912816041848299,4572,18352,
27,057,0.28208616780045354,6220,22050,
27,059,0.18291482592075445,7991,43687,
27,061,0.2682540381145196,12190,45442,
27,063,0.24946759963492546,2460,9861,
27,065,0.23073217726396916,3832,16608,
27,067,0.2106594439718852,9411,44674,
27,069,0.26427855711422843,1055,3992,
27,071,0.2948939106434363,3419,11594,
27,073,0.2869198312236287,1904,6636,
27,075,0.2953823144512993,3160,10698,
27,077,0.28496181195680803,1082,3797,
27,079,0.19685654151673568,5799,29458,
27,081,0.25521207764198417,1420,5564,
27,083,0.18692575360675606,4781,25577,
27,085,0.21025013594344752,7733,36780,
27,087,0.18636706948640483,987,5296,
27,089,0.24478394709839243,2147,8771,
27,091,0.2545882112366443,4980,19561,
27,093,0.22293644374441277,5237,23491,
27,095,0.19229792943394858,5303,27577,
27,097,0.22624565469293165,7810,34520,
27,099,0.18498777506112468,7566,40900,
27,101,0.28045748383888613,2256,8044,
27,103,0.18647261763256312,6432,34493,
27,105,0.17356274750785197,3813,21969,
27,107,0.2192870782940802,1378,6284,
27,109,0.1770597990674422,29467,166424,
27,111,0.2660140595230274,16196,60884,
27,113,0.20297392323469088,2771,13652,
27,115,0.23628747649988457,7164,30319,
27,117,0.2124175824175824,1933,9100,
27,119,0.19741557886430144,6004,30413,
27,121,0.26237494562853414,3016,11495,
27,123,0.16525741907511785,89572,542015,
27,125,0.241112828438949,936,3882,
27,127,0.22879244788252262,3490,15254,
27,129,0.2288106275513734,3307,14453,
27,131,0.17240130387540747,11900,69025,
27,133,0.21511811023622046,2049,9525,
27,135,0.20517523747133967,3132,15265,
27,137,0.22371684412880863,44921,200794,
27,139,0.13721486457259902,21571,157206,
27,141,0.13436963292871074,13848,103059,
27,143,0.20606818480979333,3131,15194,
27,145,0.16810673365976206,27569,163997,
27,147,0.20083346690174708,7518,37434,
27,149,0.17975353905693045,1765,9819,
27,151,0.24560314504448583,2374,9666,
27,153,0.24010787902138317,6232,25955,
27,155,0.26515634971282703,831,3134,
27,157,0.24835450078798554,5358,21574,
27,159,0.200595691625684,2896,14437,
27,161,0.20193748661956754,3773,18684,
27,163,0.176574165375405,50140,283960,
27,165,0.20974651910032133,2350,11204,
27,167,0.21282705807275049,1334,6268,
27,169,0.19832709663218137,9911,49973,
27,171,0.14597685535567587,22567,154593,
27,173,0.23172943561293075,2172,9373,
28,000,0.17967343346771797,528787,2943045,
28,001,0.22696519495012904,6508,28674,
28,003,0.19580460441743602,6702,34228,
28,005,0.2741145289534977,3413,12451,
28,007,0.20009290442457323,3446,17222,
28,009,0.2141157811260904,1620,7566,
28,011,0.18119387216059166,5145,28395,
28,013,0.21773561235690764,2777,12754,
28,015,0.2624226914054169,2461,9378,
28,017,0.18886371765828067,3168,16774,
28,019,0.23742429860338649,1921,8091,
28,021,0.19822703767544939,1610,8122,
28,023,0.23398218409765753,3546,15155,
28,025,0.20545764014714765,3742,18213,
28,027,0.17284257647351406,3475,20105,
28,029,0.2046775130737943,5636,27536,
28,031,0.1768526228143214,3186,18015,
28,033,0.13886690730123397,27200,195871,
28,035,0.14335436986039396,11244,78435,
28,037,0.22139435870143692,1664,7516,
28,039,0.1544435857805255,3997,25880,
28,041,0.16672760511882997,2280,13675,
28,043,0.19564282642969757,4095,20931,
28,045,0.23948206142992343,11134,46492,
28,047,0.17643756140925468,37710,213730,
28,049,0.17508196721311475,37113,211975,
28,051,0.17911311053984577,2787,15560,
28,053,0.20306136778542339,1446,7121,
28,055,0.15212355212355214,197,1295,
28,057,0.1784858252748161,4319,24198,
28,059,0.18223561584196132,26789,147002,
28,061,0.2195708589151212,3469,15799,
28,063,0.21318840579710144,1471,6900,
28,065,0.257075684962474,2843,11059,
28,067,0.1871743852241141,12323,65837,
28,069,0.2331231020789535,1996,8562,
28,071,0.1440937118794178,8623,59843,
28,073,0.1627356370066233,10860,66734,
28,075,0.19629398764662548,13856,70588,
28,077,0.20416381082933516,2383,11672,
28,079,0.18497810082937285,3970,21462,
28,081,0.16383173517081867,13600,83012,
28,083,0.1586573383797836,4150,26157,
28,085,0.1878075294656139,6565,34956,
28,087,0.18273029190700926,10454,57210,
28,089,0.16252505536250406,18568,114247,
28,091,0.1952265911362879,4687,24008,
28,093,0.19764938616396113,6794,34374,
28,095,0.2120479049069677,7100,33483,
28,097,0.22845606205504196,2150,9411,
28,099,0.1701239084665033,4929,28973,
28,101,0.17727769073731187,3734,21063,
28,103,0.19124681933842239,1879,9825,
28,105,0.1279899932646974,6651,51965,
28,107,0.18465388841411304,6050,32764,
28,109,0.201033372861257,11867,59030,
28,111,0.20576889356479047,2347,11406,
28,113,0.18694202154951256,7287,38980,
28,115,0.1585556319110389,5076,32014,
28,117,0.17878300443328496,4557,25489,
28,119,0.1829664381089859,1014,5542,
28,121,0.1760009466099531,28261,160573,
28,123,0.1633774307814646,4520,27666,
28,125,0.22634508348794063,732,3234,
28,127,0.20135172090479353,5154,25597,
28,129,0.21941498825706354,3083,14051,
28,131,0.1800807399458327,3524,19569,
28,133,0.16023275001085588,3690,23029,
28,135,0.19604431828587127,2141,10921,
28,137,0.17656124128752057,5041,28551,
28,139,0.17887317369182654,3832,21423,
28,141,0.21236457715733303,3940,18553,
28,143,0.15376214917549416,1408,9157,
28,145,0.17265451468462434,4897,28363,
28,147,0.21677866897897247,3000,13839,
28,149,0.19788623678897993,8332,42105,
28,151,0.18892207571452854,7780,41181,
28,153,0.19079447060610663,3768,19749,
28,155,0.18308596473752367,1838,10039,
28,157,0.2115089514066496,1654,7820,
28,159,0.22763807555402457,3965,17418,
28,161,0.22804623535077861,2841,12458,
28,163,0.1651320361362057,3802,23024,
29,000,0.18726913251949495,1169583,6245466,
29,001,0.15923616523772408,4086,25660,
29,003,0.21646122381294566,3916,18091,
29,005,0.2521891418563923,1296,5139,
29,007,0.20420506912442396,4963,24304,
29,009,0.22440900668201472,7993,35618,
29,011,0.2192540752752411,2569,11717,
29,013,0.20165914358911796,3306,16394,
29,015,0.3242941690113515,6685,20614,
29,017,0.21988689915174364,2333,10610,
29,019,0.14525328642651206,27911,192154,
29,021,0.18277215401919258,15275,83574,
29,023,0.19931123547137322,8334,41814,
29,025,0.20577777777777778,1852,9000,
29,027,0.18958028630944468,8555,45126,
29,029,0.31100033986631925,13726,44135,
29,031,0.18609098950488895,15568,83658,
29,033,0.23021155217494652,1937,8414,
29,035,0.21421907072214966,1148,5359,
29,037,0.1879901293546319,21407,113873,
29,039,0.23324236171204155,3504,15023,
29,041,0.2521292415844261,1865,7397,
29,043,0.1748867718257067,16797,96045,
29,045,0.2236146761286426,1481,6623,
29,047,0.16054979686372783,42284,263370,
29,049,0.19676810459923577,4274,21721,
29,051,0.19174235104669887,14884,77625,
29,053,0.20546665109216214,3518,17122,
29,055,0.22119431778323395,5045,22808,
29,057,0.2459984256100761,1875,7622,
29,059,0.21457738994238407,3836,17877,
29,061,0.22725676150333685,1941,8541,
29,063,0.2150951031970862,2126,9884,
29,065,0.22980775762516134,3383,14721,
29,067,0.2485760781122864,3055,12290,
29,069,0.1916154358936375,5174,27002,
29,071,0.20303759230252852,21777,107256,
29,073,0.2510406004776527,3679,14655,
29,075,0.19069545887583358,1201,6298,
29,077,0.17788739437946108,54779,307942,
29,079,0.22404259676428426,2188,9766,
29,081,0.2341803078426582,1917,8186,
29,083,0.23087486157253598,5212,22575,
29,085,0.3214693132557609,2818,8766,
29,087,0.25371374675784014,1076,4241,
29,089,0.21004926108374383,2132,10150,
29,091,0.20131495019871448,8206,40762,
29,093,0.22707006369426752,2139,9420,
29,095,0.16618822539533273,120879,727362,
29,097,0.16725306177310068,21154,126479,
29,099,0.17871989926171256,41443,231888,
29,101,0.13899427344309234,7767,55880,
29,103,0.22807486631016044,853,3740,
29,105,0.18830638575861505,6918,36738,
29,107,0.19772611978156426,6626,33511,
29,109,0.1817067252432888,7114,39151,
29,111,0.19833536337799432,1954,9852,
29,113,0.1552027683341428,10226,65888,
29,115,0.22099076406381193,2632,11910,
29,117,0.20350661754673216,2983,14658,
29,119,0.16995094370998587,4088,24054,
29,121,0.22968966198853527,3486,15177,
29,123,0.20152505446623092,2590,12852,
29,125,0.22219609687279568,1890,8506,
29,127,0.19475813544415127,5536,28425,
29,129,0.2421784472769409,836,3452,
29,131,0.20862552594670405,5355,25668,
29,133,0.1926808510638298,2264,11750,
29,135,0.17150516542434943,2623,15294,
29,137,0.25073115860517436,2229,8890,
29,139,0.21144991747024586,2434,11511,
29,141,0.2436269476315907,5457,22399,
29,143,0.2041809098080463,3106,15212,
29,145,0.1957931695898828,12045,61519,
29,147,0.18997219919036237,3895,20503,
29,149,0.2335900678238878,2032,8699,
29,151,0.19268437453628134,2597,13478,
29,153,0.2954895489548955,2686,9090,
29,155,0.1910182550149233,2752,14407,
29,157,0.2089005235602094,3990,19100,
29,159,0.1819095247881985,7966,43791,
29,161,0.18070152390961638,8253,45672,
29,163,0.19765046489616392,3550,17961,
29,165,0.1689383165351966,19125,113207,
29,167,0.1896885394617478,6273,33070,
29,169,0.1012897487213698,5466,53964,
29,171,0.23903943599911875,1085,4539,
29,173,0.23887989332317364,2508,10499,
29,175,0.17755534327366365,4275,24077,
29,177,0.20082762188025347,4659,23199,
29,179,0.25257297114897925,1497,5927,
29,181,0.19738684087727484,2115,10715,
29,183,0.18145452485804506,76887,423726,
29,185,0.25781884646628755,2539,9848,
29,186,0.22608648765232395,4193,18546,
29,187,0.17925129253514657,12100,67503,
29,189,0.20076460653279338,199345,992929,
29,195,0.18460878885316184,4306,23325,
29,197,0.19882034898009338,809,4069,
29,199,0.19902085994040017,935,4698,
29,201,0.19321864214769344,7334,37957,
29,203,0.23243986254295532,1691,7275,
29,205,0.22105973675329058,1310,5926,
29,207,0.20936774738026584,5954,28438,
29,209,0.330983757278578,10800,32630,
29,211,0.22730434782608697,1307,5750,
29,213,0.2340688002255745,13282,56744,
29,215,0.21839393350184716,5616,25715,
29,217,0.21109819578511144,4177,19787,
29,219,0.19502053121264099,7504,38478,
29,221,0.1881864054615613,4438,23583,
29,223,0.25258780036968576,2733,10820,
29,225,0.15884493708522632,6678,42041,
29,227,0.2724358974358974,510,1872,
29,229,0.20020507562163548,3905,19505,
29,510,0.16801158404690825,46992,279695,
30,000,0.2104678636655813,239351,1137233,
30,001,0.24765140915450728,2478,10006,
30,003,0.15035948733979368,1924,12796,
30,005,0.18325365782992903,1265,6903,
30,007,0.2427125993736449,2015,8302,
30,009,0.2980518351017568,3427,11498,
30,011,0.2894924946390279,405,1399,
30,013,0.20412195497083635,17253,84523,
30,015,0.2511904761904762,1477,5880,
30,017,0.2158141089936476,2582,11964,
30,019,0.29046153846153844,472,1625,
30,021,0.2263200091627534,1976,8731,
30,023,0.28590357761696056,2805,9811,
30,025,0.2131704005431093,628,2946,
30,027,0.25762940482212104,3056,11862,
30,029,0.21745963833855772,24905,114527,
30,031,0.14307314307314306,18168,126984,
30,033,0.2523285351397121,298,1181,
30,035,0.14167222098792862,1913,13503,
30,037,0.35341830822711473,305,863,
30,039,0.31093836757357024,1120,3602,
30,041,0.17279800809212573,2776,16065,
30,043,0.2423331328923632,3224,13304,
30,045,0.2946470866887731,622,2111,
30,047,0.2556656587731641,8540,33403,
30,049,0.21396531299498198,16075,75129,
30,051,0.24767321613236815,479,1934,
30,053,0.3074738550306527,6821,22184,
30,055,0.30227140361094934,519,1717,
30,057,0.3089305854608838,3013,9753,
30,059,0.3414043583535109,705,2065,
30,061,0.29201154956689124,1517,5195,
30,063,0.17940202046578427,21985,122546,
30,065,0.2791636096845194,1522,5452,
30,067,0.25384530264468297,4588,18074,
30,069,0.32,168,525,
30,071,0.2460844803037494,1037,4214,
30,073,0.22902270483711748,1392,6078,
30,075,0.32410611303344866,562,1734,
30,077,0.22317415730337078,1589,7120,
30,079,0.37410071942446044,416,1112,
30,081,0.2827318571398925,13624,48187,
30,083,0.1896082698585419,2091,11028,
30,085,0.13062665489849956,1332,10197,
30,087,0.18135220893336587,1486,8194,
30,089,0.33817920115149336,4699,13895,
30,091,0.255800464037123,882,3448,
30,093,0.20412907510931533,7376,36134,
30,095,0.26222222222222225,2478,9450,
30,097,0.2909236092627096,1093,3757,
30,099,0.234016139044072,1508,6444,
30,101,0.17911895982922568,923,5153,
30,103,0.33288227334235454,246,739,
30,105,0.2597524885660479,1931,7434,
30,107,0.25461613216715256,524,2058,
30,109,0.2305159165751921,210,911,
30,111,0.19189546749969402,32926,171583,
31,000,0.17424836633897875,349449,2005465,
31,001,0.20060264136427747,6258,31196,
31,003,0.2596728530984586,1651,6358,
31,005,0.2364066193853428,100,423,
31,007,0.2781954887218045,185,665,
31,009,0.20704845814977973,94,454,
31,011,0.24953305939484496,1336,5354,
31,013,0.2261048304213772,2420,10703,
31,015,0.3323529411764706,565,1700,
31,017,0.2645116440736879,761,2877,
31,019,0.17331300336226443,8866,51156,
31,021,0.25419949457410435,1710,6727,
31,023,0.21258442943476716,1794,8439,
31,025,0.19780299723555944,5438,27492,
31,027,0.23359961268458002,1930,8262,
31,029,0.24017003188097769,904,3764,
31,031,0.2304785894206549,1281,5558,
31,033,0.23286815246823578,2236,9602,
31,035,0.20760281828608881,1267,6103,
31,037,0.14649916866802143,1586,10826,
31,039,0.22386058981233245,2004,8952,
31,041,0.23676933346047488,2483,10487,
31,043,0.14722287321303024,3141,21335,
31,045,0.2144195926527552,1716,8003,
31,047,0.16697890364095463,4100,24554,
31,049,0.2869978858350951,543,1892,
31,051,0.23307998552298226,1288,5526,
31,053,0.19176961250131982,7265,37884,
31,055,0.14803595726913724,88993,601158,
31,057,0.3105629348513599,491,1581,
31,059,0.24655297532656023,1359,5512,
31,061,0.28292509762158324,797,2817,
31,063,0.27208201892744477,690,2536,
31,065,0.2688003581020591,1201,4468,
31,067,0.22234518375063403,4822,21687,
31,069,0.3098669623059867,559,1804,
31,071,0.29994141769185706,512,1707,
31,073,0.25276548672566373,457,1808,
31,075,0.2600349040139616,149,573,
31,077,0.26672735548475196,586,2197,
31,079,0.16108097790644038,10127,62869,
31,081,0.21068590547887914,2015,9564,
31,083,0.2720344599072233,821,3018,
31,085,0.2860520094562648,242,846,
31,087,0.25365853658536586,624,2460,
31,089,0.24347826086956523,2464,10120,
31,091,0.2822349570200573,197,698,
31,093,0.23174071819841752,1523,6572,
31,095,0.2518217488789238,1797,7136,
31,097,0.19160758766047137,1000,5219,
31,099,0.21514298414579938,1452,6749,
31,101,0.27970054000981837,2279,8148,
31,103,0.33455433455433453,274,819,
31,105,0.28683812405446296,948,3305,
31,107,0.2637852155068625,2191,8306,
31,109,0.1600927725720054,53288,332857,
31,111,0.2204748041657913,7346,33319,
31,113,0.2579250720461095,179,694,
31,115,0.31099656357388317,181,582,
31,117,0.31648936170212766,119,376,
31,119,0.18651451699035948,6636,35579,
31,121,0.21857853770575475,1713,7837,
31,123,0.23634336677814938,1060,4485,
31,125,0.22317596566523606,728,3262,
31,127,0.20025546409310246,1411,7046,
31,129,0.30288226673180263,1240,4094,
31,131,0.21065637996504127,3495,16591,
31,133,0.28361761205870684,715,2521,
31,135,0.2428931270241094,675,2779,
31,137,0.20957752709577526,1895,9042,
31,139,0.20589037360239978,1510,7334,
31,141,0.19304769148426718,6853,35499,
31,143,0.24046308597456822,1267,5269,
31,145,0.2224997598232299,2316,10409,
31,147,0.2607618053743804,1999,7666,
31,149,0.2747784045124899,341,1241,
31,151,0.16153324287652646,2381,14740,
31,153,0.13587986017536666,27832,204828,
31,155,0.19593266683756302,4586,23406,
31,157,0.2186712934460178,7814,35734,
31,159,0.18554786425797737,3297,17769,
31,161,0.28922265070022324,1425,4927,
31,163,0.28382502543234994,837,2949,
31,165,0.3184713375796178,350,1099,
31,167,0.22741487143849895,1309,5756,
31,169,0.2509240246406571,1222,4870,
31,171,0.2870662460567823,182,634,
31,173,0.12490583094771734,829,6637,
31,175,0.26537698412698413,1070,4032,
31,177,0.2008092594335184,4268,21254,
31,179,0.16818642350557245,1660,9870,
31,181,0.22098616957306072,735,3326,
31,183,0.2995049504950495,242,808,
31,185,0.20528695652173912,2951,14375,
32,000,0.17627293557976256,575966,3267467,
32,001,0.20086044635654746,5229,26033,
32,003,0.164923832919736,395631,2398871,
32,005,0.3499919296263417,17347,49564,
32,007,0.13900998841123557,7557,54363,
32,009,0.3111111111111111,224,720,
32,011,0.1928609483217901,362,1877,
32,013,0.17235335358728676,2950,17116,
32,015,0.17891097666378566,1035,5785,
32,017,0.2520138089758343,1095,4345,
32,019,0.22514830973979094,14346,63718,
32,021,0.27843575418994415,1246,4475,
32,023,0.31632434363279155,17711,55990,
32,027,0.2004283965728274,1310,6536,
32,029,0.36284046692607,1492,4112,
32,031,0.18522315092256741,93960,507280,
32,033,0.211038200140614,1801,8534,
32,510,0.21789227488477678,12670,58148,
33,000,0.21528538741490613,303344,1409032,
33,001,0.2584090595644912,16863,65257,
33,003,0.32620768352985924,17152,52580,
33,005,0.23764696841619917,18555,78078,
33,007,0.2709204348105744,8424,31094,
33,009,0.24467730667956364,22766,93045,
33,011,0.18521030892390036,79726,430462,
33,013,0.21106740398684987,33321,157869,
33,015,0.22091721380876028,71231,322433,
33,017,0.18203156435820628,24429,134202,
33,019,0.2471371444151595,10877,44012,
34,000,0.1795735981966247,1706102,9500851,
34,001,0.21104638248170998,58906,279114,
34,003,0.18936668298180845,185322,978641,
34,005,0.192408231075781,91493,475515,
34,007,0.1723091155606493,92011,533988,
34,009,0.31383222370173103,29461,93875,
34,011,0.16117884351032258,25092,155678,
34,013,0.14682817429301656,129433,881527,
34,015,0.17933947649486984,55915,311783,
34,017,0.1304196635356602,96013,736185,
34,019,0.22265921584110304,29326,131708,
34,021,0.1660690879231291,65122,392138,
34,023,0.16904593655455058,150471,890119,
34,025,0.20395972325179146,132068,647520,
34,027,0.19147772787843678,100153,523053,
34,029,0.23303132793344877,155300,666434,
34,031,0.16565229198039488,87232,526597,
34,033,0.19781704466101951,13031,65874,
34,035,0.1803075528650197,64454,357467,
34,037,0.19945199533382166,29408,147444,
34,039,0.1558822539383331,92619,594160,
34,041,0.20772821808249503,23272,112031,
35,000,0.20165698394934695,429581,2130256,
35,001,0.192984858882883,129637,671747,
35,003,0.4440052700922266,1685,3795,
35,005,0.17437241942320675,11107,63697,
35,006,0.1926478303230158,5141,26686,
35,007,0.29657918257902005,3650,12307,
35,009,0.13735261684621258,6477,47156,
35,011,0.3011466505733253,499,1657,
35,013,0.1764995683754349,40483,229366,
35,015,0.152174620743538,9349,61436,
35,017,0.3178533822301296,8754,27541,
35,019,0.21915621436716076,961,4385,
35,021,0.4251968503937008,270,635,
35,023,0.25012607160867373,992,3966,
35,025,0.11699112453593431,8792,75151,
35,027,0.33198501872659175,6648,20025,
35,028,0.18373570520965693,3615,19675,
35,029,0.2061983151711879,5336,25878,
35,031,0.14820509101457682,10218,68945,
35,033,0.334716796875,1371,4096,
35,035,0.18284058469968872,12746,69711,
35,037,0.2769249077710342,2327,8403,
35,039,0.2309598298085346,9228,39955,
35,041,0.1580184898199113,2957,18713,
35,043,0.20748366158078563,32732,157757,
35,045,0.17976774791627007,21719,120817,
35,047,0.26880581201755716,7104,26428,
35,049,0.29382942984819194,46356,157765,
35,051,0.3923961717446659,4469,11389,
35,053,0.22440032567169788,3583,15967,
35,055,0.3217910794037469,11096,34482,
35,057,0.23758288502439634,3798,15986,
35,059,0.24299541518084564,954,3926,
35,061,0.19213492878621014,15527,80813,
36,000,0.18898198683582146,3754552,19867248,
36,001,0.19042767311322523,60930,319964,
36,003,0.21032157128057677,9948,47299,
36,005,0.15571478504019573,215622,1384724,
36,007,0.21146962529977545,41532,196397,
36,009,0.2174229877442862,16410,75475,
36,011,0.227513511338796,16965,74567,
36,013,0.2260182909632972,28050,124105,
36,015,0.2134623682426185,17315,81115,
36,017,0.23409646976581616,10716,45776,
36,019,0.20494150582373413,15959,77871,
36,021,0.28012073168709267,16891,60299,
36,023,0.18304494504298618,8410,45945,
36,025,0.2761874589848612,12205,44191,
36,027,0.2019282378159973,60571,299963,
36,029,0.20379822470392447,193731,950602,
36,031,0.28010015240583497,10292,36744,
36,033,0.20723782015885825,9758,47086,
36,035,0.21788642866744762,11346,52073,
36,037,0.21206860634678149,12216,57604,
36,039,0.25424812911754047,11925,46903,
36,041,0.3579299488390397,1819,5082,
36,043,0.2315683477385248,13798,59585,
36,045,0.1615874138235814,18282,113140,
36,047,0.16375417314357907,428648,2617631,
36,049,0.21795257809559654,5791,26570,
36,051,0.21635451016065366,13319,61561,
36,053,0.21782562022900764,14610,67072,
36,055,0.19881760484550692,149551,752202,
36,057,0.19954479535932967,9907,49648,
36,059,0.19614733295126965,273123,1392438,
36,061,0.18647902284869186,309679,1660664,
36,063,0.21927756835424916,45954,209570,
36,065,0.20728978265534473,47334,228347,
36,067,0.19725762645483724,92674,469812,
36,069,0.23595724347856864,26666,113012,
36,071,0.15261786398618638,62843,411767,
36,073,0.2121403013657209,8419,39686,
36,075,0.1915219136976459,22658,118305,
36,077,0.22354768356354504,13530,60524,
36,079,0.20342651586745114,20019,98409,
36,081,0.19069327588729654,441806,2316841,
36,083,0.1925983987458709,30960,160749,
36,085,0.18091495186787954,90134,498212,
36,087,0.159652327772416,55582,348144,
36,089,0.1978944989547826,21016,106198,
36,091,0.2128265934431686,51155,240360,
36,093,0.1841724135805893,29884,162261,
36,095,0.25335809757553646,7639,30151,
36,097,0.24875883418024647,4259,17121,
36,099,0.23068912710566616,7532,32650,
36,101,0.21731239471825245,19996,92015,
36,103,0.18975668480359187,291449,1535909,
36,105,0.1996022374145432,16058,80450,
36,107,0.23308950266952538,11089,47574,
36,109,0.1702240487869548,17976,105602,
36,111,0.22419211157686486,41022,182977,
36,113,0.2588837152309766,16902,65288,
36,115,0.23101990340747672,13824,59839,
36,117,0.22246217922584482,20190,90757,
36,119,0.19108308733594517,192315,1006447,
36,121,0.21541881378195413,8528,39588,
36,123,0.23865174068151065,5820,24387,
37,000,0.17871308264403554,1974069,11046024,
37,001,0.17550808566433568,32125,183040,
37,003,0.212411086583272,7794,36693,
37,005,0.2961595922313033,3370,11379,
37,007,0.20136412268188303,4517,22432,
37,009,0.28317318271840386,7721,27266,
37,011,0.2429959014092415,4328,17811,
37,013,0.27079594400574303,12071,44576,
37,015,0.268374756479131,4546,16939,
37,017,0.24314067904758707,7240,29777,
37,019,0.34982526688687826,58460,167112,
37,021,0.22183661043658895,61939,279210,
37,023,0.22436049466373031,19866,88545,
37,025,0.14024701439216086,34350,244925,
37,027,0.21735468608726885,17549,80739,
37,029,0.18106223175965666,2025,11184,
37,031,0.28554348909036564,20062,70259,
37,033,0.24272235388811877,5428,22363,
37,035,0.19436230201012847,32469,167054,
37,037,0.2619643751341298,21972,83874,
37,039,0.3277911302801831,9956,30373,
37,041,0.26931106471816285,3741,13891,
37,043,0.35168576648397276,4235,12042,
37,045,0.19291739241051334,19715,102194,
37,047,0.21448835257921445,10736,50054,
37,049,0.22154809104610865,23078,104167,
37,051,0.13697071772596991,46355,338430,
37,053,0.1892000743540492,6107,32278,
37,055,0.26438467380771546,10095,38183,
37,057,0.1962499086098004,34895,177809,
37,059,0.22788268734988873,10342,45383,
37,061,0.2042185243079602,10321,50539,
37,063,0.1524555624105137,52388,343628,
37,065,0.22005537008386938,10810,49124,
37,067,0.17682591430717104,70402,398143,
37,069,0.17905003071291573,14283,79771,
37,071,0.16863765960084295,40812,242010,
37,073,0.24332459462083697,2506,10299,
37,075,0.25699963320699354,2102,8179,
37,077,0.19043286104250617,11720,61544,
37,079,0.18513859997097382,3827,20671,
37,081,0.16543191318788295,92446,558816,
37,083,0.22835801838610828,10731,46992,
37,085,0.14225577702332712,20783,146096,
37,087,0.2628473543966502,16572,63048,
37,089,0.2738322941765821,33071,120771,
37,091,0.24336167770880066,4665,19169,
37,093,0.12605178577877288,6981,55382,
37,095,0.2758018765001091,1264,4583,
37,097,0.17298326718711385,35697,206361,
37,099,0.20913849075771296,9470,45281,
37,101,0.14272960919797914,35653,249794,
37,103,0.2512153878672585,2377,9462,
37,105,0.1752921779476779,12014,68537,
37,107,0.21871611364129256,12102,55332,
37,109,0.2032660253455041,19841,97611,
37,111,0.22189577856811504,10045,45269,
37,113,0.29501252679701423,11422,38717,
37,115,0.24087329992841805,5384,22352,
37,117,0.2640431166658923,5683,21523,
37,119,0.12470684788420647,150432,1206285,
37,121,0.2632734530938124,3957,15030,
37,123,0.23296920042482172,6142,26364,
37,125,0.243356669157051,26384,108417,
37,127,0.20094907643637105,19691,97990,
37,129,0.1986742447592394,48344,243333,
37,131,0.3092882991556092,5128,16580,
37,133,0.10902354499093701,23217,212954,
37,135,0.17118336963702846,26170,152877,
37,137,0.3298804780876494,4140,12550,
37,139,0.1978849775459945,8196,41418,
37,141,0.1863949655379083,13062,70077,
37,143,0.29309063893016346,3945,13460,
37,145,0.2201878285130658,8839,40143,
37,147,0.1530619582593496,27671,180783,
37,149,0.33671259842519685,6842,20320,
37,151,0.1905801642978927,28280,148389,
37,153,0.18902119552274352,7937,41990,
37,155,0.16232802805503102,19256,118624,
37,157,0.2205053626613343,20621,93517,
37,159,0.1835197934595525,28149,153384,
37,161,0.23068595910775,15130,65587,
37,163,0.1846732004503013,11155,60404,
37,165,0.18729718567467107,6349,33898,
37,167,0.19200606006594778,12927,67326,
37,169,0.23514403471661904,10783,45857,
37,171,0.21514528911065453,15393,71547,
37,173,0.19978486912871998,2786,13945,
37,175,0.3204703398527989,10929,34103,
37,177,0.24907591697469433,876,3517,
37,179,0.1421525821417995,37441,263386,
37,181,0.20091173205470392,8506,42337,
37,183,0.13677213731414978,168564,1232444,
37,185,0.28164142340548187,5374,19081,
37,187,0.2911582504223766,3102,10654,
37,189,0.1795370656581268,9874,54997,
37,191,0.17763300038225666,21376,120338,
37,193,0.237028978938144,15688,66186,
37,195,0.19589034242977563,15663,79958,
37,197,0.21489669693380709,8165,37995,
37,199,0.2698889064392144,5126,18993,
38,000,0.1729469423828223,137764,796568,
38,001,0.3194768799626343,684,2141,
38,003,0.24171142804223003,2610,10798,
38,005,0.16678248783877692,960,5756,
38,007,0.2558795860771402,272,1063,
38,009,0.26349554060397434,1684,6391,
38,011,0.25952875952875953,749,2886,
38,013,0.2414113277623027,520,2154,
38,015,0.18966704491450628,19556,103107,
38,017,0.13412127696633408,26951,200945,
38,019,0.2865152789458929,1022,3567,
38,021,0.20588235294117646,1015,4930,
38,023,0.2641242937853107,561,2124,
38,025,0.20044653932026793,808,4031,
38,027,0.22044174967518407,509,2309,
38,029,0.29791212215643503,956,3209,
38,031,0.25850135419801384,859,3323,
38,033,0.29916434540389975,537,1795,
38,035,0.1489067519757086,10985,73771,
38,037,0.3115264797507788,700,2247,
38,039,0.33228558599012126,740,2227,
38,041,0.236047953699876,571,2419,
38,043,0.29185997469422187,692,2371,
38,045,0.2900518390520859,1175,4051,
38,047,0.2680851063829787,504,1880,
38,049,0.2272638753651412,1167,5135,
38,051,0.3108492482730597,765,2461,
38,053,0.10512785820592613,1554,14782,
38,055,0.2781107160995429,2738,9845,
38,057,0.2390991854336368,1996,8348,
38,059,0.18278060478446512,6250,34194,
38,061,0.145134051087186,1375,9474,
38,063,0.28666444961755905,862,3007,
38,065,0.27417640807651433,516,1882,
38,067,0.2715543412264724,1789,6588,
38,069,0.24448481702569427,942,3853,
38,071,0.21807124239791487,2510,11510,
38,073,0.23094812164579606,1291,5590,
38,075,0.21632996632996632,514,2376,
38,077,0.21323088005762997,3552,16658,
38,079,0.13513513513513514,1580,11692,
38,081,0.25498652291105123,946,3710,
38,083,0.3643533123028391,462,1268,
38,085,0.09964987880420145,370,3713,
38,087,0.35909090909090907,237,660,
38,089,0.14771818639500103,4988,33767,
38,091,0.279003961516695,493,1767,
38,093,0.21809152510906896,4699,21546,
38,095,0.28278888347147735,580,2051,
38,097,0.21254224558768306,1698,7989,
38,099,0.22694341100450363,2318,10214,
38,101,0.15245444049863358,10432,68427,
38,103,0.2924007362608467,1112,3803,
38,105,0.10813728135809435,4408,40763,
39,000,0.19098552052526804,2269539,11883304,
39,001,0.19645115825232193,5436,27671,
39,003,0.19805484504193682,19977,100866,
39,005,0.21230446394505914,11129,52420,
39,007,0.20980125069655128,20331,96906,
39,009,0.15530386915119113,9818,63218,
39,011,0.20678541875353862,9496,45922,
39,013,0.232656278983491,15051,64692,
39,015,0.19940395556759685,8832,44292,
39,017,0.16605012739586827,66344,399542,
39,019,0.23552532123960696,6232,26460,
39,021,0.2024571413884391,7877,38907,
39,023,0.20826758528725414,28113,134985,
39,025,0.19496270834987367,41746,214123,
39,027,0.19726790261548346,8289,42019,
39,029,0.23258166955511256,23217,99823,
39,031,0.209361403129476,7747,37003,
39,033,0.21952625762744438,9138,41626,
39,035,0.2048897544240904,254185,1240594,
39,037,0.21320586063503166,10972,51462,
39,039,0.2083894006831591,8053,38644,
39,041,0.1595690140608322,37972,237966,
39,043,0.25117482157608917,18547,73841,
39,045,0.1721545999690037,28881,167762,
39,047,0.18772149259954138,5403,28782,
39,049,0.13719205811680724,186074,1356303,
39,051,0.20543447225659084,8634,42028,
39,053,0.2087862632417088,6031,28886,
39,055,0.23678194668735975,22580,95362,
39,057,0.19469442462009784,33555,172347,
39,059,0.20720060702791804,7919,38219,
39,061,0.17315034531186743,144989,837359,
39,063,0.19259891223205716,14448,75016,
39,065,0.16676534438523782,5070,30402,
39,067,0.24120495655889473,3387,14042,
39,069,0.20656595002905287,5688,27536,
39,071,0.1998629667694416,8751,43785,
39,073,0.21466331255240803,5888,27429,
39,075,0.15145070296409063,6765,44668,
39,077,0.193267776096823,11242,58168,
39,079,0.1845796534547566,6040,32723,
39,081,0.2343661971830986,14976,63900,
39,083,0.20270016288685627,12942,63848,
39,085,0.22975555173007403,53386,232360,
39,087,0.20127532286087876,11237,55829,
39,089,0.1819489664571818,33642,184898,
39,091,0.20609742866442443,9498,46085,
39,093,0.20873210570443748,67218,322030,
39,095,0.1862155194456369,79382,426291,
39,097,0.17405723572950296,7925,45531,
39,099,0.233770030028434,52782,225786,
39,101,0.19342526471312485,12568,64976,
39,103,0.21108192281651997,38971,184625,
39,105,0.22116234702898888,4753,21491,
39,107,0.2020727818420559,8618,42648,
39,109,0.2017954443948191,22591,111950,
39,111,0.24703087885985747,3224,13051,
39,113,0.19189942003151964,103135,537443,
39,115,0.23071238545669523,3122,13532,
39,117,0.19998886631224427,7185,35927,
39,119,0.19483264419856322,16869,86582,
39,121,0.3141775877776999,4483,14269,
39,123,0.28867278040915045,11458,39692,
39,125,0.20597174086910158,3863,18755,
39,127,0.19312258281486464,6891,35682,
39,129,0.16686508574921974,10372,62158,
39,131,0.19501200812857936,5278,27065,
39,133,0.19288447805467562,31602,163839,
39,135,0.21117129482120536,8616,40801,
39,137,0.20198210840203473,6909,34206,
39,139,0.20758812363339288,25918,124853,
39,141,0.18906977355810956,14378,76046,
39,143,0.21265246492032752,12518,58866,
39,145,0.194183681996713,13942,71798,
39,147,0.20319751507399963,11121,54730,
39,149,0.18998164831498165,9110,47952,
39,151,0.21384636358533085,79998,374091,
39,153,0.20380964764009882,109725,538370,
39,155,0.23134298552171742,46338,200300,
39,157,0.2096840778724144,19301,92048,
39,159,0.13933157652570377,9993,71721,
39,161,0.2103368297157891,6076,28887,
39,163,0.1999202869669191,2508,12545,
39,165,0.16737548768057361,42858,256059,
39,167,0.23244531303572652,13559,58332,
39,169,0.19863330818300295,23167,116632,
39,171,0.21242545275482846,7765,36554,
39,173,0.17483111281438565,23266,133077,
39,175,0.21758436944937834,4655,21394,
40,000,0.1689417840973992,691883,4095393,
40,001,0.15766106654558296,3125,19821,
40,003,0.20693277310924368,1182,5712,
40,005,0.19767123287671232,2886,14600,
40,007,0.20517412935323384,1031,5025,
40,009,0.16432937792161093,3656,22248,
40,011,0.20179633733815466,1730,8573,
40,013,0.17232879435443793,8669,50305,
40,015,0.1576869043550898,4153,26337,
40,017,0.1407350352112676,25580,181760,
40,019,0.17649333469013942,8672,49135,
40,021,0.18251964949003674,8894,48729,
40,023,0.21729928037251306,3080,14174,
40,025,0.25035161744022505,534,2133,
40,027,0.15891982944675476,48304,303952,
40,029,0.20613224972294053,1116,5414,
40,031,0.1478549540347293,17949,121396,
40,033,0.214065055424314,1178,5503,
40,035,0.19509168619881428,2830,14506,
40,037,0.1905206094280191,14093,73971,
40,039,0.15187858204202928,4293,28266,
40,041,0.2625745134184003,10968,41771,
40,043,0.1949390815370197,832,4268,
40,045,0.24576506525965008,885,3601,
40,047,0.1723353814891867,10686,62007,
40,049,0.17912730888370493,4684,26149,
40,051,0.17562079070484807,10248,58353,
40,053,0.22459374242056754,926,4123,
40,055,0.1752254739554574,952,5433,
40,057,0.2125269978401728,492,2315,
40,059,0.21096914926768465,677,3209,
40,061,0.20353907374481417,2404,11811,
40,063,0.18764490314860519,2509,13371,
40,065,0.16600790513833993,4074,24541,
40,067,0.20822478600669891,1119,5374,
40,069,0.19042067424463227,1960,10293,
40,071,0.19874761148329764,8633,43437,
40,073,0.16965865992414664,2684,15820,
40,075,0.21218360179241855,1752,8257,
40,077,0.22494478914712376,2139,9509,
40,079,0.18187106350543586,9067,49854,
40,081,0.19944527050211597,6975,34972,
40,083,0.185740809506127,10004,53860,
40,085,0.186510601554255,1944,10423,
40,087,0.15953668910269644,7727,48434,
40,089,0.17445219931829248,5374,30805,
40,091,0.25246067985794013,4976,19710,
40,093,0.21786233320121548,1649,7569,
40,095,0.22858735368799157,3691,16147,
40,097,0.1945247110402551,7809,40144,
40,099,0.2202995492220445,3030,13754,
40,101,0.17316335091083412,11559,66752,
40,103,0.21861233480176212,2382,10896,
40,105,0.1996653069762577,1909,9561,
40,107,0.18109820485744457,2058,11364,
40,109,0.15094612303886146,123246,816490,
40,111,0.18735842951137957,6948,37084,
40,113,0.22471233465964083,10448,46495,
40,115,0.18046967504275754,5487,30404,
40,117,0.20290484761963876,3269,16111,
40,119,0.13827955201368186,11643,84199,
40,121,0.20520797326880977,8905,43395,
40,123,0.17713390759592795,6786,38310,
40,125,0.17270236144319373,12857,74446,
40,127,0.23166666666666666,2502,10800,
40,129,0.24213075060532688,800,3304,
40,131,0.18026851860985885,18274,101371,
40,133,0.18774356558605626,4384,23351,
40,135,0.1891751941807422,7672,40555,
40,137,0.21275099262620534,9377,44075,
40,139,0.1265004616805171,2603,20577,
40,141,0.2133313539192399,1437,6736,
40,143,0.15705811274177595,108922,693514,
40,145,0.17624949318956354,16084,91257,
40,147,0.2072142064372919,11202,54060,
40,149,0.20361656979426146,2207,10839,
40,151,0.176415753903519,1514,8582,
40,153,0.17923065379420738,3583,19991,
41,000,0.1991409453907444,850804,4272371,
41,001,0.28238805970149256,4730,16750,
41,003,0.19076027057907563,18866,98899,
41,005,0.20985448166872916,89368,425857,
41,007,0.2660380576468582,10919,41043,
41,009,0.21386160590422285,11562,54063,
41,011,0.2945620744333551,18948,64326,
41,013,0.2613037752414399,7143,27336,
41,015,0.38671291824009835,8807,22774,
41,017,0.22175526508615595,46909,211535,
41,019,0.27123958843704066,30448,112255,
41,021,0.31709791983764585,625,1971,
41,023,0.3268010714789229,2318,7093,
41,025,0.28168062685760603,2085,7402,
41,027,0.2001767379229086,4757,23764,
41,029,0.24492728085988857,54210,221331,
41,031,0.20868577694235588,5329,25536,
41,033,0.28040463999275,24753,88276,
41,035,0.22952099718901728,16167,70438,
41,037,0.2605565047595802,2135,8194,
41,039,0.218017447881254,83369,382396,
41,041,0.3315238615949387,16978,51212,
41,043,0.20045442879357458,26555,132474,
41,045,0.17332508123162618,5601,32315,
41,047,0.17322957374874953,61127,352867,
41,049,0.1755663430420712,2170,12360,
41,051,0.15447476243785313,122946,795897,
41,053,0.1964350793493026,17787,90549,
41,055,0.2642357642357642,529,2002,
41,057,0.29317048122065725,7993,27264,
41,059,0.16742244474537527,13476,80491,
41,061,0.2215058715173843,5772,26058,
41,063,0.29805902685456,2242,7522,
41,065,0.2212245821858377,5864,26507,
41,067,0.1563624703896138,95580,611272,
41,069,0.38804945054945056,565,1456,
41,071,0.1999440867196941,22171,110886,
42,000,0.20383689543443406,2665932,13078751,
42,001,0.22978482865985878,24797,107914,
42,003,0.21151569961049313,260548,1231814,
42,005,0.25320749383627256,16124,63679,
42,007,0.23592485199951674,39055,165540,
42,009,0.2524400226685977,12027,47643,
42,011,0.18741929827358084,82299,439117,
42,013,0.22414753594026723,26958,120269,
42,015,0.23383976281009733,13960,59699,
42,017,0.21807912559161155,141780,650131,
42,019,0.21960861037117302,43777,199341,
42,021,0.24879331017308698,32370,130108,
42,023,0.30358785648574055,1320,4348,
42,025,0.235203747927536,15463,65743,
42,027,0.1685116235411908,26929,159805,
42,029,0.18707968862852098,104904,560745,
42,031,0.21465201465201464,7911,36855,
42,033,0.22706445502482978,17741,78132,
42,035,0.2091905453585105,7921,37865,
42,037,0.2103708416651518,13887,66012,
42,039,0.2382292389966987,19556,82089,
42,041,0.1959523221881851,53988,275516,
42,043,0.1875889417088411,54969,293029,
42,045,0.18321815340530226,107161,584882,
42,047,0.2540167308458372,7652,30124,
42,049,0.20835107376283846,55786,267750,
42,051,0.23778249328309436,29471,123941,
42,053,0.2652628389637934,1751,6601,
42,055,0.2086574379257306,33236,159285,
42,057,0.23616108497093827,3413,14452,
42,059,0.21972909305064783,7462,33960,
42,061,0.23270831891879426,10090,43359,
42,063,0.21430207466878834,17777,82953,
42,065,0.23536329467106326,10207,43367,
42,067,0.2208591579397307,5167,23395,
42,069,0.2122992359090469,46039,216859,
42,071,0.20522356926146784,115601,563293,
42,073,0.24431042465542008,20579,84233,
42,075,0.21103228070658345,30667,145319,
42,077,0.18332447394692147,70700,385655,
42,079,0.20500997347448088,67936,331379,
42,081,0.21690098555229786,24561,113236,
42,083,0.21946400526875728,8664,39478,
42,085,0.243610135010172,26344,108140,
42,087,0.22568847284205942,10367,45935,
42,089,0.2103132900560283,35022,166523,
42,091,0.19777749974408262,173884,879190,
42,093,0.23041678167264698,4174,18115,
42,095,0.2120908142382558,68503,322989,
42,097,0.23151943305897119,20843,90027,
42,099,0.217681989063568,10191,46816,
42,101,0.15406730727688137,242489,1573916,
42,103,0.25639669103501345,15993,62376,
42,105,0.27318201713249546,4369,15993,
42,107,0.2148377766860638,31049,144523,
42,109,0.21452544981956748,8501,39627,
42,111,0.25010397316106137,18041,72134,
42,113,0.34385017715539057,2038,5927,
42,115,0.26553805774278216,10117,38100,
42,117,0.24531918030370042,9984,40698,
42,119,0.2054602813159705,8662,42159,
42,121,0.26354191931441506,13039,49476,
42,123,0.2605624381237792,9738,37373,
42,125,0.23153577843884543,48723,210434,
42,127,0.2675664637585328,13758,51419,
42,129,0.2549076039722456,89456,350935,
42,131,0.23670016685421597,6100,25771,
42,133,0.19595747389865037,92343,471240,
44,000,0.19652740068398322,218599,1112308,
44,001,0.22626383487885132,11346,50145,
44,003,0.21560452305015948,37181,172450,
44,005,0.2686179134518618,22421,83468,
44,007,0.16996739220490242,114883,675912,
44,009,0.2514175228069637,32768,130333,
45,000,0.19656474163922924,1076945,5478831,
45,001,0.23781850692892267,5852,24607,
45,003,0.215325392619041,38596,179245,
45,005,0.23533306846775262,1777,7551,
45,007,0.18926435310314343,41105,217183,
45,009,0.24382284382284383,3138,12870,
45,011,0.20565991705293973,4215,20495,
45,013,0.29571056870276297,59667,201775,
45,015,0.15451270641299247,40834,264276,
45,017,0.2591059021685732,3692,14249,
45,019,0.18711557513787672,80647,431001,
45,021,0.18132248571923143,10475,57770,
45,023,0.19809423630232342,6403,32323,
45,025,0.19868279086495236,8839,44488,
45,027,0.2633258137286497,8171,31030,
45,029,0.21034667210066482,8258,39259,
45,031,0.2045014016820184,12766,62425,
45,033,0.18276099648257607,5040,27577,
45,035,0.15979343077812702,27910,174663,
45,037,0.20404006111016806,6010,29455,
45,039,0.2584810250871422,5265,20369,
45,041,0.18690464979826005,25802,138049,
45,043,0.3225259332172333,21298,66035,
45,045,0.17368702310138504,99131,570745,
45,047,0.20255279050841649,14187,70041,
45,049,0.2028945630640546,3687,18172,
45,051,0.27624210493213447,114196,413391,
45,053,0.2542534673479701,9056,35618,
45,055,0.19308767329632626,13844,71698,
45,057,0.21819582273492638,24362,111652,
45,059,0.19464171805230704,13731,70545,
45,061,0.2226469482391277,3553,15958,
45,063,0.1787879174182692,56099,313774,
45,065,0.423019132525293,4223,9983,
45,067,0.22758037225042302,6456,28368,
45,069,0.20370225115695348,5194,25498,
45,071,0.21148891666454098,8291,39203,
45,073,0.2589633222188542,21358,82475,
45,075,0.21668731730202456,18013,83129,
45,077,0.18035989494019838,24927,138207,
45,079,0.1486029290539207,63996,430651,
45,081,0.21324285420522313,4148,19452,
45,083,0.16518621227549452,60996,369256,
45,085,0.18604451401084218,19493,104776,
45,087,0.2264787465327236,6042,26678,
45,089,0.2399464255817847,7166,29865,
45,091,0.16183444939125613,49036,303001,
46,000,0.1879591507880117,173800,924669,
46,003,0.2063953488372093,568,2752,
46,005,0.18438768693149699,3588,19459,
46,007,0.14442079659470963,475,3289,
46,009,0.2168010182435299,1533,7071,
46,011,0.14279820677136335,5192,36359,
46,013,0.19317242298973197,7243,37495,
46,015,0.22676297281885574,1193,5261,
46,017,0.10794520547945205,197,1825,
46,019,0.2173354145624828,2367,10891,
46,021,0.3330849478390462,447,1342,
46,023,0.19854436476506476,1855,9343,
46,025,0.23251132360342225,924,3974,
46,027,0.13007543456871104,1983,15245,
46,029,0.20814263269348998,6094,29278,
46,031,0.13610888710968774,510,3747,
46,033,0.3562700964630225,3324,9330,
46,035,0.21545185110765058,4289,19907,
46,037,0.27366863905325445,1480,5408,
46,039,0.22698961937716264,984,4335,
46,041,0.09620443442314919,512,5322,
46,043,0.2513162513162513,716,2849,
46,045,0.2510553762105786,1011,4027,
46,047,0.32382117135480365,2383,7359,
46,049,0.225187265917603,481,2136,
46,051,0.24927802572853766,1899,7618,
46,053,0.2705596107055961,1112,4110,
46,055,0.2955288985823337,542,1834,
46,057,0.148271679805943,978,6596,
46,059,0.25670003228931226,795,3097,
46,061,0.1711245326430831,595,3477,
46,063,0.24452830188679245,324,1325,
46,065,0.19182928220928905,3362,17526,
46,067,0.21709816612729235,1610,7416,
46,069,0.24773662551440329,301,1215,
46,071,0.13737668980635734,376,2737,
46,073,0.30550621669627,516,1689,
46,075,0.2929061784897025,256,874,
46,077,0.23379585630108343,1230,5261,
46,079,0.26267490459749226,2891,11006,
46,081,0.2570377312645354,7405,28809,
46,083,0.15606559991494337,11743,75244,
46,085,0.1889277076054824,703,3721,
46,087,0.19528677872119216,1127,5771,
46,089,0.31469440832249673,726,2307,
46,091,0.23640500568828213,1039,4395,
46,093,0.18186816741056988,5623,30918,
46,095,0.15921483097055616,292,1834,
46,097,0.25097698653929656,578,2303,
46,099,0.14490100125096458,30232,208639,
46,101,0.20416602848828305,1333,6529,
46,102,0.07971556886227545,1065,13360,
46,103,0.20992593486751912,24347,115979,
46,105,0.2782485875706215,788,2832,
46,107,0.29017485428809325,697,2402,
46,109,0.21219488476125645,2182,10283,
46,111,0.22867892976588627,547,2392,
46,115,0.2547478716437459,1556,6108,
46,117,0.23681592039800994,714,3015,
46,119,0.2935967302452316,431,1468,
46,121,0.08013519406890536,735,9172,
46,123,0.246457932482071,1409,5717,
46,125,0.20446792120611862,1858,9087,
46,127,0.2011263073209976,3500,17402,
46,129,0.24402277039848197,1286,5270,
46,135,0.2316134246458803,5445,23509,
46,137,0.12531017369727046,303,2418,
47,000,0.17681283940368717,1277959,7227750,
47,001,0.2027280875148866,16512,81449,
47,003,0.1507339381869145,8174,54228,
47,005,0.24998454213813145,4043,16173,
47,007,0.2180745301776666,3400,15591,
47,009,0.21717729289576757,30885,142211,
47,011,0.18126768733191542,20625,113782,
47,013,0.20771410109846414,8358,40238,
47,015,0.19112402588825783,2894,15142,
47,017,0.20259731336104717,5897,29107,
47,019,0.2333809241912456,13404,57434,
47,021,0.17101680593371515,7286,42604,
47,023,0.17783620496755426,3179,17876,
47,025,0.20831569398246144,6889,33070,
47,027,0.2553137329769632,2006,7857,
47,029,0.22324183423768487,8393,37596,
47,031,0.17957085746920126,11005,61285,
47,033,0.19215630143848852,2685,13973,
47,035,0.3314639275808467,21750,65618,
47,037,0.1338949013372081,97677,729505,
47,039,0.2390677966101695,2821,11800,
47,041,0.19027911895893687,4138,21747,
47,043,0.17588175083707777,10138,57641,
47,045,0.18284207345548445,6656,36403,
47,047,0.24323230506340499,10818,44476,
47,049,0.23781608624372796,4787,20129,
47,051,0.21241996588164921,9588,45137,
47,053,0.17968962700789545,9240,51422,
47,055,0.2181395499015208,6756,30971,
47,057,0.22633908985761575,5675,25073,
47,059,0.22525136924711844,16533,73398,
47,061,0.2073084534916596,2933,14148,
47,063,0.1759285239607177,11913,67715,
47,065,0.18982747193571103,73322,386256,
47,067,0.22861608411480533,1609,7038,
47,069,0.18899897774632382,4807,25434,
47,071,0.24633377991816635,6803,27617,
47,073,0.22340873490424618,13264,59371,
47,075,0.22547815406211616,3855,17097,
47,077,0.19557889507859347,5512,28183,
47,079,0.24395584344494115,8022,32883,
47,081,0.18380447813140494,4753,25859,
47,083,0.21140782384633403,1805,8538,
47,085,0.21172138692850567,4140,19554,
47,087,0.24361667744020685,3015,12376,
47,089,0.2125403178141412,12586,59217,
47,091,0.2403004430995353,4447,18506,
47,093,0.16720539597590914,84731,506748,
47,095,0.17517907194020554,1125,6422,
47,097,0.17470564352415754,4303,24630,
47,099,0.17847074267759916,8293,46467,
47,101,0.21448800119242808,2878,13418,
47,103,0.20834807216130175,7657,36751,
47,105,0.2829918395596259,17582,62129,
47,107,0.20863727666772386,11841,56754,
47,109,0.20687277324445466,5400,26103,
47,111,0.15954981794107911,4338,27189,
47,113,0.1869951896742324,18776,100409,
47,115,0.2175618587809294,6489,29826,
47,117,0.1693925542315111,6411,37847,
47,119,0.18022061352073432,20439,113411,
47,121,0.21518260744780082,2999,13937,
47,123,0.23021524189282663,11316,49154,
47,125,0.10503404125596992,25841,246025,
47,127,0.23283626162704857,1577,6773,
47,129,0.19130910084722602,4200,21954,
47,131,0.21790423317140875,6594,30261,
47,133,0.21188059954991295,4990,23551,
47,135,0.22165349949927673,1992,8987,
47,137,0.28876272513703993,1475,5108,
47,139,0.21332751663213,3912,18338,
47,141,0.17049497019812943,14474,84894,
47,143,0.2007825311430133,6979,34759,
47,145,0.24100313700609777,13675,56742,
47,147,0.15385105596553614,12071,78459,
47,149,0.11753970864412354,44312,376996,
47,151,0.17786561264822134,4005,22517,
47,153,0.22593643586833145,3981,17620,
47,155,0.212808432484229,21320,100184,
47,157,0.15728751386555084,143215,910530,
47,159,0.17783765577635569,3696,20783,
47,161,0.21169509223807867,3041,14365,
47,163,0.2269165288900635,36920,162703,
47,165,0.1730296002758347,36634,211721,
47,167,0.1625420103880232,10108,62187,
47,169,0.13997861666255448,1702,12159,
47,171,0.24390107430617727,4359,17872,
47,173,0.19953475123433345,4203,21064,
47,175,0.24603649416691595,1645,6686,
47,177,0.1821224695660148,7944,43619,
47,179,0.19741911459303074,27568,139642,
47,181,0.20739952422686866,3313,15974,
47,183,0.18750376937458538,6218,33162,
47,185,0.20870551051257386,6075,29108,
47,187,0.15872272754295227,42718,269136,
47,189,0.16255560524395699,27626,169948,
48,000,0.13942461291616065,4362712,31290831,
48,001,0.15835461755612312,9424,59512,
48,003,0.10215082175130794,1933,18923,
48,005,0.1755738188752923,15467,88094,
48,007,0.29763625708146124,7618,25595,
48,009,0.22195521572910978,2032,9155,
48,011,0.25538971807628524,462,1809,
48,013,0.15209442434117046,8028,52783,
48,015,0.2142505991519695,6973,32546,
48,017,0.14606741573033707,1027,7031,
48,019,0.305562855891371,6976,22830,
48,021,0.15712035917202496,18058,114931,
48,023,0.2417209170676479,854,3533,
48,025,0.13136488823416384,4102,31226,
48,027,0.1253497439798988,50087,399578,
48,029,0.13315320455488625,283315,2127737,
48,031,0.284174277586465,3796,13358,
48,033,0.26750448833034113,149,557,
48,035,0.2639772787040446,5019,19013,
48,037,0.17808070266979736,16382,91992,
48,039,0.13388864151162566,55326,413224,
48,041,0.10923228535717719,27267,249624,
48,043,0.24432057214976863,2323,9508,
48,045,0.23962516733601072,358,1494,
48,047,0.1698813056379822,1145,6740,
48,049,0.2168983458880174,8379,38631,
48,051,0.21517419099063384,4342,20179,
48,053,0.2421126305588457,13491,55722,
48,055,0.15195498760251763,7967,52430,
48,057,0.2043425935212115,4075,19942,
48,059,0.22394799863154294,3273,14615,
48,061,0.14741336593543486,63664,431874,
48,063,0.19150714068672137,2521,13164,
48,065,0.21298522844383375,1240,5822,
48,067,0.23101111033470756,6612,28622,
48,069,0.17615176151761516,1300,7380,
48,071,0.11917264458249524,6695,56179,
48,073,0.18783232812881648,9997,53223,
48,075,0.16993561910465638,1135,6679,
48,077,0.24753028890959924,2656,10730,
48,079,0.1478900503290747,382,2583,
48,081,0.27267373380447585,926,3396,
48,083,0.26245306633291615,2097,7990,
48,085,0.12036108644746217,151012,1254658,
48,087,0.20337035618536958,531,2611,
48,089,0.24037252619324798,5162,21475,
48,091,0.19034062729382825,38378,201628,
48,093,0.2385960025071384,3426,14359,
48,095,0.20144317498496692,670,3326,
48,097,0.20025758055040896,8863,44258,
48,099,0.11867546601829339,10250,86370,
48,101,0.2668250197941409,337,1263,
48,103,0.13169351327818893,605,4594,
48,105,0.21043229724901752,589,2799,
48,107,0.19582504970178927,985,5030,
48,109,0.1881100266193434,424,2254,
48,111,0.10550093010895562,794,7526,
48,113,0.12419070883288881,329854,2656028,
48,115,0.1427963939445484,1679,11758,
48,117,0.13576642335766423,2511,18495,
48,119,0.21002302107313617,1186,5647,
48,121,0.12250554960195958,128033,1045120,
48,123,0.20743630258739879,4201,20252,
48,125,0.29797101449275365,514,1725,
48,127,0.16464979831316465,1347,8181,
48,129,0.25618540557469466,818,3193,
48,131,0.17548252477829943,1682,9585,
48,133,0.22525970475669765,4120,18290,
48,135,0.0990577689946007,16842,170022,
48,137,0.3065798987707881,424,1383,
48,139,0.13273978320646163,30847,232387,
48,141,0.13737633937135185,120312,875784,
48,143,0.15605897159295218,6944,44496,
48,145,0.19366831906264084,3438,17752,
48,147,0.18266494178525228,7060,38650,
48,149,0.2744428750784683,6995,25488,
48,151,0.24556616643929058,900,3665,
48,153,0.1977389924633082,997,5042,
48,155,0.2744539411206078,289,1053,
48,157,0.13326008885327523,127721,958434,
48,159,0.23240469208211142,2536,10912,
48,161,0.207120368127876,4276,20645,
48,163,0.11521516393442623,2249,19520,
48,165,0.09361348942862135,2143,22892,
48,167,0.1669456488308606,61337,367407,
48,169,0.1326157158234661,616,4645,
48,171,0.309634575091445,8719,28159,
48,173,0.15437987857762359,178,1153,
48,175,0.26409084614319345,1907,7221,
48,177,0.18607784431137725,3729,20040,
48,179,0.1700976637303715,3553,20888,
48,181,0.18289798846756836,27532,150532,
48,183,0.1667442906874857,21123,126679,
48,185,0.1883819660368333,6301,33448,
48,187,0.1529415984341535,29849,195166,
48,189,0.14837417456889807,4741,31953,
48,191,0.23903818953323905,676,2828,
48,193,0.24872744099953725,2150,8644,
48,195,0.15121853775469438,757,5006,
48,197,0.231489610769681,791,3417,
48,199,0.18327935912732232,10753,58670,
48,201,0.12291472943735475,615717,5009302,
48,203,0.18489561440381114,13196,71370,
48,205,0.1655324259407526,827,4996,
48,207,0.22575896964121436,1227,5435,
48,209,0.12625800862243133,36871,292029,
48,211,0.1914486279514997,600,3134,
48,213,0.23115003372700563,20218,87467,
48,215,0.12074178526923329,110457,914820,
48,217,0.20695880941941142,8024,38771,
48,219,0.15935828877005348,3427,21505,
48,221,0.260220466973353,17988,69126,
48,223,0.19144492574257427,7425,38784,
48,225,0.22741811956570707,5048,22197,
48,227,0.1392988032303052,4295,30833,
48,229,0.0906319290465632,327,3608,
48,231,0.15314708285254655,18183,118729,
48,233,0.18888494498250596,3725,19721,
48,235,0.24246395806028834,370,1526,
48,237,0.16918493296446052,1590,9398,
48,239,0.20531274535461921,3138,15284,
48,241,0.21639772692740147,7121,32907,
48,243,0.4465691788526434,794,1778,
48,245,0.16190716209617717,41116,253948,
48,247,0.17695832424176303,811,4583,
48,249,0.16630663992182276,6467,38886,
48,251,0.1417118268130156,29837,210547,
48,253,0.15640287769784172,3261,20850,
48,255,0.1491048424390566,2257,15137,
48,257,0.10302837298879335,20382,197829,
48,259,0.2111599907385969,10944,51828,
48,261,0.24545454545454545,81,330,
48,263,0.2546230440967283,179,703,
48,265,0.30009276437847865,16175,53900,
48,267,0.32219950011361054,1418,4401,
48,269,0.22325581395348837,48,215,
48,271,0.26574741460357254,848,3191,
48,273,0.13905131068917942,4233,30442,
48,275,0.21382488479262673,696,3255,
48,277,0.19409159203106402,9947,51249,
48,279,0.17671632379601165,2242,12687,
48,281,0.21848846595012533,5143,23539,
48,283,0.15002245845186404,1002,6679,
48,285,0.24998786702256734,5151,20605,
48,287,0.21364695680450924,3942,18451,
48,289,0.24871242064917953,4153,16698,
48,291,0.1114201769788425,12818,115042,
48,293,0.21702335061367362,4898,22569,
48,295,0.20416666666666666,588,2880,
48,297,0.2075708197543244,2484,11967,
48,299,0.37344040063895007,8650,23163,
48,301,0.020833333333333332,1,48,
48,303,0.1365449580627623,44704,327394,
48,305,0.1658266129032258,987,5952,
48,307,0.2520139634801289,1877,7448,
48,309,0.15823833583618757,42781,270358,
48,311,0.23893805309734514,135,565,
48,313,0.1544281905310946,2143,13877,
48,315,0.2884377576257213,2799,9704,
48,317,0.12222436763854026,633,5179,
48,319,0.31577627288688237,1259,3987,
48,321,0.1910912038690885,6954,36391,
48,323,0.12016182495027962,7069,58829,
48,325,0.183732177852892,10219,55619,
48,327,0.33751962323390894,645,1911,
48,329,0.10823206436185569,19870,183587,
48,331,0.2193126648572193,5737,26159,
48,333,0.2905982905982906,1326,4563,
48,335,0.15410347903657448,1382,8968,
48,337,0.22051164915486524,4827,21890,
48,339,0.14176781886119905,106271,749613,
48,341,0.11622165325530358,2542,21872,
48,343,0.22283322390019697,2715,12184,
48,345,0.3133004926108374,318,1015,
48,347,0.16420703505355405,10793,65728,
48,349,0.16990076592432737,9605,56533,
48,351,0.2440376217668794,2906,11908,
48,353,0.19080524608658864,2706,14182,
48,355,0.16820106194690265,59396,353125,
48,357,0.13954924359370177,1356,9717,
48,359,0.16017553483269337,292,1823,
48,361,0.16591766823433782,14288,86115,
48,363,0.20779994045846978,6282,30231,
48,365,0.20363130918252106,4688,23022,
48,367,0.16248114987173565,29199,179707,
48,369,0.15265280794291033,1476,9669,
48,371,0.135331702011963,1991,14712,
48,373,0.19331711452689004,10489,54258,
48,375,0.1488630515748066,17067,114649,
48,377,0.23162152655645446,1317,5686,
48,379,0.2623628438298512,3491,13306,
48,381,0.16332441031704384,24588,150547,
48,383,0.13252628225549537,416,3139,
48,385,0.3120490620490621,865,2772,
48,387,0.26325239398084815,3079,11696,
48,389,0.12579458012713282,1504,11956,
48,391,0.2224365632883217,1499,6739,
48,393,0.23178016726403824,194,837,
48,395,0.2142816694037035,3784,17659,
48,397,0.13016987244972417,17839,137044,
48,399,0.2132089016511127,2079,9751,
48,401,0.18190331703845217,9712,53391,
48,403,0.3185523961026049,3204,10058,
48,405,0.28170464786919014,2188,7767,
48,407,0.23767305462729318,6970,29326,
48,409,0.15719143101011657,11234,71467,
48,411,0.24146695715323166,1330,5508,
48,413,0.21980886185925283,506,2302,
48,415,0.16593670964160137,2690,16211,
48,417,0.22940990848848217,727,3169,
48,419,0.18977347883597884,4591,24192,
48,421,0.16528329123060267,458,2771,
48,423,0.179942270094062,44822,249091,
48,425,0.21063576945929888,2127,10098,
48,427,0.11505248772282878,7661,66587,
48,429,0.21224274406332455,2011,9475,
48,431,0.1499639509733237,208,1387,
48,433,0.2785425101214575,344,1235,
48,435,0.2064851636586112,675,3269,
48,437,0.17304057001599535,1190,6877,
48,439,0.12915002770420872,288096,2230708,
48,441,0.15302426535316135,22772,148813,
48,443,0.3245125348189415,233,718,
48,445,0.1523013273573522,1767,11602,
48,447,0.25261096605744127,387,1532,
48,449,0.15668684819475703,4943,31547,
48,451,0.17866331398882626,21458,120103,
48,453,0.1168014770851619,159290,1363767,
48,455,0.27489819863344606,3983,14489,
48,457,0.22923151750972762,4713,20560,
48,459,0.19366628830874008,8531,44050,
48,461,0.17615089514066495,551,3128,
48,463,0.16409420001591216,4125,25138,
48,465,0.13464863851330236,6463,47999,
48,467,0.20833333333333334,13605,65304,
48,469,0.17912103448650882,16470,91949,
48,471,0.14501564702228806,12141,83722,
48,473,0.12016771874856011,7824,65109,
48,475,0.13725312556622576,1515,11038,
48,477,0.2410208939434012,9113,37810,
48,479,0.1075605795699043,29345,272823,
48,481,0.18732009040085643,7874,42035,
48,483,0.21330845771144277,1029,4824,
48,485,0.16056591580502216,20871,129984,
48,487,0.19735046166198314,2458,12455,
48,489,0.1490487841414091,2985,20027,
48,491,0.13185654588442294,95923,727480,
48,493,0.17803843724623297,9866,55415,
48,495,0.12965722801788376,957,7381,
48,497,0.15865887419255614,12895,81275,
48,499,0.2783841450904764,13569,48742,
48,501,0.1222793826671943,927,7581,
48,503,0.21035314762009213,3836,18236,
48,505,0.13749185903466243,1900,13819,
48,507,0.1518080138994462,1398,9209,
49,000,0.12360754455472109,433073,3503613,
49,001,0.16514008620689655,1226,7424,
49,003,0.1331877729257642,8540,64120,
49,005,0.10294390564105384,14977,145487,
49,007,0.19657497695628973,4052,20613,
49,009,0.2824267782426778,270,956,
49,011,0.11673844690464237,44182,378470,
49,013,0.13988367062442916,2910,20803,
49,015,0.1847259128038579,1877,10161,
49,017,0.24517958412098298,1297,5290,
49,019,0.21005312627707398,2056,9788,
49,021,0.1450345789856831,9563,65936,
49,023,0.12190719711213055,1621,13297,
49,025,0.24504398826979473,2089,8525,
49,027,0.1812555260831123,2460,13572,
49,029,0.13113877644542885,1717,13093,
49,031,0.29465449804432853,452,1534,
49,033,0.20457848837209303,563,2752,
49,035,0.12521520644196948,152296,1216274,
49,037,0.159372645709198,2327,14601,
49,039,0.14730573994533386,4527,30732,
49,041,0.175,3941,22520,
49,043,0.17235380083045304,7430,43109,
49,045,0.09563488306031626,8080,84488,
49,047,0.12916699297778475,4948,38307,
49,049,0.08136407069271473,60798,747234,
49,051,0.150404141793016,5694,37858,
49,053,0.2247298538541812,46731,207943,
49,055,0.24578220858895705,641,2608,
49,057,0.1296836859603503,35808,276118,
50,000,0.2276369983947398,147621,648493,
50,001,0.2417010539595763,9196,38047,
50,003,0.2594292502497368,9609,37039,
50,005,0.2402488947109874,7336,30535,
50,007,0.1813217364838368,30979,170851,
50,009,0.29551101540500246,1784,6037,
50,011,0.19043982297419026,9725,51066,
50,013,0.25836875664187037,1945,7528,
50,015,0.20005333739713502,5251,26248,
50,017,0.24991680532445923,7510,30050,
50,019,0.24579816778475078,6815,27726,
50,021,0.26198544802152895,15771,60198,
50,023,0.2300314150123655,13766,59844,
50,025,0.2720538277774125,12413,45627,
50,027,0.2690087872853008,15521,57697,
51,000,0.17558492349789104,1547113,8811195,
51,001,0.2724551794319236,9103,33411,
51,003,0.2142899763879536,25139,117313,
51,005,0.2735101148168398,4002,14632,
51,007,0.22244094488188976,3051,13716,
51,009,0.2315955766192733,7330,31650,
51,011,0.21802205578817008,3697,16957,
51,013,0.12528825263649518,30045,239807,
51,015,0.2371092060746356,18642,78622,
51,017,0.30483910587079344,1241,4071,
51,019,0.24578374826604366,20199,82182,
51,021,0.25864856126737795,1600,6186,
51,023,0.2536552492015588,8657,34129,
51,025,0.23504761904761906,3702,15750,
51,027,0.2512344353799914,4681,18632,
51,029,0.21630148992112183,3702,17115,
51,031,0.22276029055690072,12328,55342,
51,033,0.1760313050751262,5893,33477,
51,035,0.27515217837357225,8046,29242,
51,036,0.2842778793418647,1866,6564,
51,037,0.24089536329721087,2712,11258,
51,041,0.16861257128783738,65724,389793,
51,043,0.23746634183869728,3704,15598,
51,045,0.2636156554151998,1273,4829,
51,047,0.17480623608017817,9811,56125,
51,049,0.23673225998807393,2382,10062,
51,051,0.25061516665423905,3361,13411,
51,053,0.20048292273236282,5729,28576,
51,057,0.25517176822989796,2726,10683,
51,059,0.1589516979994401,184531,1160925,
51,061,0.18227113952415475,13828,75865,
51,063,0.2540554349214459,3978,15658,
51,065,0.22844917553746608,6567,28746,
51,067,0.25711307223610186,14305,55637,
51,069,0.19739269587907327,19366,98109,
51,071,0.2220407669509466,3671,16533,
51,073,0.22453553817801464,9016,40154,
51,075,0.280019841972859,7903,28223,
51,077,0.2640681297084835,4031,15265,
51,079,0.2033664459161148,4422,21744,
51,081,0.1683408071748879,1877,11150,
51,083,0.2651279598182253,8868,33448,
51,085,0.20215247725676228,23310,115309,
51,087,0.17800623568037413,60290,338696,
51,089,0.25702136276197224,12693,49385,
51,091,0.4020442930153322,944,2348,
51,093,0.2119339553514728,8677,40942,
51,095,0.2791043153737454,23109,82797,
51,097,0.2515191937157255,1697,6747,
51,099,0.15085369239311494,4347,28816,
51,101,0.17642470881863562,3393,19232,
51,103,0.39133972156933644,4329,11062,
51,105,0.24017447199265382,5231,21780,
51,107,0.11851459244891516,52547,443380,
51,109,0.21893181980099266,9219,42109,
51,111,0.2427860696517413,2928,12060,
51,113,0.24571989896154925,3502,14252,
51,115,0.33387584282724947,2872,8602,
51,117,0.27686218531014795,8534,30824,
51,119,0.34094437848205317,3733,10949,
51,121,0.1477403583910786,14626,98998,
51,125,0.3075308140322362,4541,14766,
51,127,0.1931442427805129,5257,27218,
51,131,0.3213928690436521,3858,12004,
51,133,0.38896507219488585,4822,12397,
51,135,0.1924897645854657,3009,15632,
51,137,0.21128097265685117,8237,38986,
51,139,0.2296715359283965,5440,23686,
51,141,0.28431938987751326,4921,17308,
51,143,0.25993940414071703,15443,59410,
51,145,0.2123981229933317,6880,32392,
51,147,0.17260729035733524,3845,22276,
51,149,0.13934708297965082,6074,43589,
51,153,0.12255459222580145,60910,497003,
51,155,0.24050746001965514,8076,33579,
51,157,0.3012434817488969,2253,7479,
51,159,0.2182311448724905,2011,9215,
51,161,0.22854295518523846,22245,97334,
51,163,0.29032546494992845,6494,22368,
51,165,0.20684581517895842,18135,87674,
51,167,0.2496852871754524,6347,25420,
51,169,0.26075369365999623,5577,21388,
51,171,0.2275258026892014,10339,45441,
51,173,0.23114939767306175,6735,29137,
51,175,0.23276294520929713,4176,17941,
51,177,0.16033968991126227,24375,152021,
51,179,0.1210817018807831,20453,168919,
51,181,0.268733850129199,1768,6579,
51,183,0.19873523667813633,2137,10753,
51,185,0.24285530546623793,9441,38875,
51,187,0.1788464708791597,7594,42461,
51,191,0.2547044253022293,13779,54098,
51,193,0.28198596308812063,5424,19235,
51,195,0.2053298258656678,7181,34973,
51,197,0.23113879003558718,6495,28100,
51,199,0.18909116370256265,13503,71410,
51,510,0.13671104071601867,21751,159102,
51,520,0.2290389801421917,3737,16316,
51,530,0.18507825558425772,1218,6581,
51,540,0.14541961712868853,6510,44767,
51,550,0.15655086138268293,39920,254997,
51,570,0.17971511192031703,3356,18674,
51,580,0.19194773088469008,1087,5663,
51,590,0.21382135117757722,8979,41993,
51,595,0.20381340244353943,1101,5402,
51,600,0.1398633257403189,3684,26340,
51,610,0.16409471863775443,2467,15034,
51,620,0.1812970261554998,1518,8373,
51,630,0.12189917311283009,3656,29992,
51,640,0.17420982341593708,1174,6739,
51,650,0.1766257740050583,24303,137596,
51,660,0.1073606442029552,5493,51164,
51,670,0.15942533739660428,3662,22970,
51,678,0.14650089720584467,1143,7802,
51,680,0.14567689069874598,11698,80301,
51,683,0.11349046221570067,4950,43616,
51,685,0.10932514598759858,1816,16611,
51,690,0.16278733555009398,2252,13834,
51,700,0.14948977362118696,27365,183056,
51,710,0.1398801410614223,32327,231105,
51,720,0.18085106382978725,629,3478,
51,730,0.16524751893828177,5628,34058,
51,735,0.19737046833670452,2537,12854,
51,740,0.16044443523144214,15480,96482,
51,750,0.09865107393041163,1704,17273,
51,760,0.14778198626179623,34530,233655,
51,770,0.18329724650706758,17947,97912,
51,775,0.20348926972363748,5272,25908,
51,790,0.21281438488676455,5610,26361,
51,800,0.15933271907278987,16428,103105,
51,810,0.17063244270109584,77605,454808,
51,820,0.18529236530768575,4354,23498,
51,830,0.17985028072364317,2883,16030,
51,840,0.17532374100719425,4874,27800,
53,000,0.17335483741257424,1379589,7958180,
53,001,0.12338989495698464,2596,21039,
53,003,0.26595036185232873,5990,22523,
53,005,0.1647921536275723,35956,218190,
53,007,0.21760969123947407,17676,81228,
53,009,0.3349239334000359,26110,77958,
53,011,0.17470020046693432,92114,527269,
53,013,0.2996273291925466,1206,4025,
53,015,0.205251706409784,23395,113982,
53,017,0.18991156239764168,8697,45795,
53,019,0.3099562508285828,2338,7543,
53,021,0.10772634781406192,10906,101238,
53,023,0.2703826955074875,650,2404,
53,025,0.1500902432269832,15717,104717,
53,027,0.24469464521844067,19060,77893,
53,029,0.2831471588149587,24486,86478,
53,031,0.4264671223191138,14476,33944,
53,033,0.1456586606934161,340872,2340211,
53,035,0.2073058062682112,58340,281420,
53,037,0.19002740181018019,9154,48172,
53,039,0.2600729563919748,6274,24124,
53,041,0.21983021057105767,19136,87049,
53,043,0.27128646096779635,3218,11862,
53,045,0.2517233455882353,17528,69632,
53,047,0.23792888611988786,10693,44942,
53,049,0.35281501340482574,8554,24245,
53,051,0.2786770862405805,3994,14332,
53,053,0.15521425459800037,146083,941170,
53,055,0.38032997643025496,7100,18668,
53,057,0.23643171407907426,31383,132736,
53,059,0.2642969984202212,3346,12660,
53,061,0.1550908272413446,134016,864113,
53,063,0.18183028238303292,101088,555947,
53,065,0.2652045292257472,12999,49015,
53,067,0.19614937671667018,59416,302912,
53,069,0.35291666666666666,1694,4800,
53,071,0.20646710059934265,12815,62068,
53,073,0.19638737795483371,46142,234954,
53,075,0.12213062253352341,5911,48399,
53,077,0.1487681947060803,38460,258523,
54,000,0.2188986423002759,387446,1769979,
54,001,0.21569392933827836,3315,15369,
54,003,0.15938424060988943,21722,136287,
54,005,0.23355776736924277,4787,20496,
54,007,0.2548336237656626,3071,12051,
54,009,0.2651632605120977,5644,21285,
54,011,0.2037949917476418,18645,91489,
54,013,0.27056019070321813,1589,5873,
54,015,0.23670178176615944,1820,7689,
54,017,0.23690085357846355,1804,7615,
54,019,0.2383160621761658,9199,38600,
54,021,0.1814221472737493,1291,7116,
54,023,0.26041381824810866,2857,10971,
54,025,0.25653825625569054,8171,31851,
54,027,0.25730256798217965,6122,23793,
54,029,0.2564696656448278,7195,28054,
54,031,0.24213463550749914,3471,14335,
54,033,0.2134414939818836,13761,64472,
54,035,0.21747600837001227,6028,27718,
54,037,0.18082397492817967,11078,61264,
54,039,0.23031407772014767,40053,173906,
54,041,0.2167870364750865,3572,16477,
54,043,0.22175775403829281,4297,19377,
54,045,0.23278795811518324,7114,30560,
54,047,0.22896133434420016,3926,17147,
54,049,0.2064727128969074,11490,55649,
54,051,0.2520610478980718,7399,29354,
54,053,0.2373031893419459,5878,24770,
54,055,0.23482372574925248,13508,57524,
54,057,0.23369930539995518,6258,26778,
54,059,0.22241156963890935,4829,21712,
54,061,0.14326982345418918,15573,108697,
54,063,0.2620767132081528,3266,12462,
54,065,0.26113610798650166,4643,17780,
54,067,0.24994795353291419,6003,24017,
54,069,0.23915794597225604,9827,41090,
54,071,0.303835800807537,1806,5944,
54,073,0.2022288665398206,1488,7358,
54,075,0.29295701032274923,2242,7653,
54,077,0.2133901042431361,7267,34055,
54,079,0.209893633798868,11978,57067,
54,081,0.22786996228187734,16493,72379,
54,083,0.23328429569694742,6343,27190,
54,085,0.24406364749082007,1994,8170,
54,087,0.24955686853766618,3379,13540,
54,089,0.28473665973665974,3287,11544,
54,091,0.22295899744494463,3665,16438,
54,093,0.2951468127186977,1940,6573,
54,095,0.2528369246461813,1983,7843,
54,097,0.22845665961945033,5403,23650,
54,099,0.23480273484264014,8826,37589,
54,101,0.26727066817667045,2124,7947,
54,103,0.23899462443701874,3290,13766,
54,105,0.24289195775792038,1196,4924,
54,107,0.22590234058750316,18695,82757,
54,109,0.24248647565618112,4841,19964,
55,000,0.1960640667004978,1168733,5960975,
55,001,0.34076433121019106,7276,21352,
55,003,0.22894541862188195,3708,16196,
55,005,0.24729758598590046,11576,46810,
55,007,0.3347190877776458,5636,16838,
55,009,0.1733787498767839,47490,273909,
55,011,0.255050505050505,3434,13464,
55,013,0.34322453016815035,5899,17187,
55,015,0.18723181970821984,10036,53602,
55,017,0.20829434220103085,14023,67323,
55,019,0.18283957357547198,6363,34801,
55,021,0.20907542202261112,12150,58113,
55,023,0.263368315842079,4216,16008,
55,025,0.1577657402859197,92821,588347,
55,027,0.20191797822530602,17897,88635,
55,029,0.34199659150498163,10435,30512,
55,031,0.21955461197940193,9721,44276,
55,033,0.1791048011271269,8263,46135,
55,035,0.1787926123311587,19458,108830,
55,037,0.32591482987374276,1523,4673,
55,039,0.20927600725047713,21821,104269,
55,041,0.26488533557752997,2518,9506,
55,043,0.19300592394420027,10100,52330,
55,045,0.2207998278783315,8210,37183,
55,047,0.24950955085183274,4833,19370,
55,049,0.22267662646580144,5336,23963,
55,051,0.34466720128307937,2149,6235,
55,053,0.21686403195890996,4560,21027,
55,055,0.19782016348773843,17061,86245,
55,057,0.23076344490409928,6136,26590,
55,059,0.17078706282517747,28821,168754,
55,061,0.23459110404317865,4868,20751,
55,063,0.19106228316537255,23130,121060,
55,065,0.21189182942332138,3667,17306,
55,067,0.2703864857947274,5282,19535,
55,069,0.2515371912441587,7159,28461,
55,071,0.23760627139229326,19368,81513,
55,073,0.20221293973010476,28126,139091,
55,075,0.2634437805540467,11155,42343,
55,077,0.2810773041986915,4425,15743,
55,078,0.17148856742883808,735,4286,
55,079,0.1543071566061812,142694,924740,
55,081,0.19042484364891094,8830,46370,
55,083,0.24497339960536504,9808,40037,
55,085,0.3021087098886706,11533,38175,
55,087,0.17670812221710425,34527,195390,
55,089,0.22892630593043553,21509,93956,
55,091,0.256783587028458,1940,7555,
55,093,0.17835408022130014,7737,43380,
55,095,0.24095044838646332,11043,45831,
55,097,0.19311493614658523,13912,72040,
55,099,0.30134166252573297,4245,14087,
55,101,0.19037407312321608,37818,198651,
55,103,0.25789873269870933,4416,17123,
55,105,0.18845528553556426,31182,165461,
55,107,0.27420948616600793,3885,14168,
55,109,0.1737652367437777,17021,97954,
55,111,0.21029991276358934,13982,66486,
55,113,0.2981152110432705,5615,18835,
55,115,0.23070776532119422,9528,41299,
55,117,0.20852523852583008,24675,118331,
55,119,0.22849209103981752,4608,20167,
55,121,0.19775331969741242,6091,30801,
55,123,0.2219067972313483,6957,31351,
55,125,0.33468348087522964,8015,23948,
55,127,0.2155730979260391,22857,106029,
55,129,0.29643151572252974,5034,16982,
55,131,0.21365703864424374,29640,138727,
55,133,0.2181478985873884,90974,417029,
55,135,0.22377909362724982,11451,51171,
55,137,0.27931735715140155,7005,25079,
55,139,0.1833278517313207,31772,173307,
55,141,0.23050187306438744,17044,73943,
56,000,0.19684216616917793,115668,587618,
56,001,0.13818468743636733,5429,39288,
56,003,0.2246772591857001,2715,12084,
56,005,0.14726984524256456,7061,47946,
56,007,0.20287719298245613,2891,14250,
56,009,0.20492517797472032,2821,13766,
56,011,0.23485530546623795,1826,7775,
56,013,0.20837843961632385,8277,39721,
56,015,0.2502572220023744,3162,12635,
56,017,0.3107027027027027,1437,4625,
56,019,0.2868340338520959,2525,8803,
56,021,0.18150378746942022,18474,101783,
56,023,0.21176190476190476,4447,21000,
56,025,0.18323591593085437,14734,80410,
56,027,0.2859626249456758,658,2301,
56,029,0.2625313686377968,8160,31082,
56,031,0.28524436090225563,2428,8512,
56,033,0.2386742676936139,7871,32978,
56,035,0.2476296709425544,2220,8965,
56,037,0.16264870496450465,6713,41273,
56,039,0.18966998968717771,4414,23272,
56,041,0.18350225498278455,3784,20621,
56,043,0.2572435395458105,1971,7662,
56,045,0.24031459364986893,1650,6866,
