statecode,countycode,v054_rawvalue,v054_numerator,v054_denominator,v054_flag_CT
00,000,0.12628699605553467,42951595,340110988,
01,000,0.2612572001584427,1347486,5157699,
01,001,0.21277495769881558,13078,61464,
01,003,0.08310907923305098,21742,261608,
01,005,0.4614500369488464,11240,24358,
01,007,0.21003684068649475,4675,22258,
01,009,0.01916460282898127,1153,60163,
01,011,0.6953843046156953,6885,9901,
01,013,0.4471954425942156,8164,18256,
01,015,0.2224913465089713,25904,116427,
01,017,0.3866264454499749,13073,33813,
01,019,0.04196954625449537,1097,26138,
01,021,0.0985992975329017,4660,47262,
01,023,0.4010952538997677,4834,12052,
01,025,0.44761087525968746,9911,22142,
01,027,0.13533253739728915,1927,14239,
01,029,0.029110342659541023,463,15905,
01,031,0.161556478228468,9105,56358,
01,033,0.15503955090584332,9114,58785,
01,035,0.43838329282563687,4870,11109,
01,037,0.28179963074531145,2900,10291,
01,039,0.12178128642577091,4597,37748,
01,041,0.2317370748818057,3039,13114,
01,043,0.01289361150706233,1194,92604,
01,045,0.20937943156170732,10483,50067,
01,047,0.7040090026726684,25024,35545,
01,049,0.015604058969940647,1141,73122,
01,051,0.21713055512840226,19768,91042,
01,053,0.3066066066066066,11231,36630,
01,055,0.14885618223570107,15363,103207,
01,057,0.11095000945596671,1760,15863,
01,059,0.036550166279726425,1165,31874,
01,061,0.08782420484977439,2394,27259,
01,063,0.7879893363266451,5616,7127,
01,065,0.5740275205080709,8677,15116,
01,067,0.23240174191058927,4216,18141,
01,069,0.2719949527275387,29747,109366,
01,071,0.032335440684269245,1739,53780,
01,073,0.4276037090970359,284247,664744,
01,075,0.10374363139629329,1405,13543,
01,077,0.0993620643679104,9688,97502,
01,079,0.0992045759227813,3330,33567,
01,081,0.22179752671056766,41664,187847,
01,083,0.14518841115837972,17269,118942,
01,085,0.7111228255139694,6745,9485,
01,087,0.7785671017126494,14138,18159,
01,089,0.2461834630511037,104223,423355,
01,091,0.5133426966292135,9503,18512,
01,093,0.04256044743034478,1248,29323,
01,095,0.028593523630525863,2921,102156,
01,097,0.36446467590987025,150283,412339,
01,099,0.4081964632418534,7779,19057,
01,101,0.6039469839836383,136428,225894,
01,103,0.1270978078106659,16025,126084,
01,105,0.6864878870319989,5299,7719,
01,107,0.385725091852172,7139,18508,
01,109,0.3765547639174013,12473,33124,
01,111,0.17722287250184246,4088,23067,
01,113,0.45457790166051976,26746,58837,
01,115,0.11417871181404562,11067,96927,
01,117,0.14626497548406783,34514,235969,
01,119,0.6907038855862841,8017,11607,
01,121,0.3241536098310292,26378,81375,
01,123,0.26413425391287254,10750,40699,
01,125,0.32186209641311375,77637,241212,
01,127,0.06216671774440699,4057,65260,
01,129,0.22493008389932082,3378,15018,
01,131,0.689001520527116,6797,9865,
01,133,0.012610498973564036,301,23869,
02,000,0.03253199087191086,24078,740133,
02,013,0.0881057268722467,320,3632,
02,016,0.084070796460177,456,5424,
02,020,0.05075276243093923,14698,289600,
02,050,0.010363546635959862,189,18237,
02,060,0.010180995475113122,9,884,
02,063,0.02150211992731678,142,6604,
02,066,0.012162675788673508,32,2631,
02,068,0.048118445404071564,78,1621,
02,070,0.007755277897457992,36,4642,
02,090,0.045802571852850416,4349,94951,
02,100,0.008555133079847909,18,2104,
02,105,0.022923875432525952,53,2312,
02,110,0.013144558469529962,415,31572,
02,122,0.008227362509998531,504,61259,
02,130,0.010455509249104336,143,13677,
02,150,0.01217006480164375,154,12654,
02,158,0.0039013340045305814,31,7946,
02,164,0.012167300380228136,16,1315,
02,170,0.012957751268992374,1524,117613,
02,180,0.011386742578283855,112,9836,
02,185,0.01950670542999156,208,10663,
02,188,0.012054948135688253,86,7134,
02,195,0.021245634458672877,73,3436,
02,198,0.008527671423599026,49,5746,
02,220,0.013405146618791143,112,8355,
02,230,0.022341376228775692,25,1119,
02,240,0.020784903596335294,152,7313,
02,275,0.012596899224806201,26,2064,
02,282,0.028985507246376812,20,690,
02,290,0.009413610511865072,48,5099,
04,000,0.0505724848543677,383460,7582384,
04,001,0.006990740740740741,453,64800,
04,003,0.037066779038426374,4662,125773,
04,005,0.012703136517384146,1844,145161,
04,007,0.006768627596027592,366,54073,
04,009,0.01590378211818498,640,40242,
04,011,0.019872476089266736,187,9410,
04,012,0.010416666666666666,177,16992,
04,013,0.062361440894858566,291421,4673096,
04,015,0.013789357953717564,3123,226479,
04,017,0.008866284378538297,971,109516,
04,019,0.03915663487167048,42295,1080149,
04,021,0.060066710517609784,30866,513862,
04,023,0.006197038092975371,313,50508,
04,025,0.008495593481288664,2141,252013,
04,027,0.01816077345558531,4001,220310,
05,000,0.15215159920138688,469898,3088354,
05,001,0.2515264797507788,4037,16050,
05,003,0.23748887900355872,4271,17984,
05,005,0.005882763271095403,253,43007,
05,007,0.020826206750713696,6697,321566,
05,009,0.005461227870379956,211,38636,
05,011,0.2766985405133367,2749,9935,
05,013,0.20362473347547974,955,4690,
05,015,0.00783623308478321,227,28968,
05,017,0.5171484037963762,4795,9272,
05,019,0.2262906309751434,4734,20920,
05,021,0.009212018140589568,130,14112,
05,023,0.0067456913358808395,173,25646,
05,025,0.10574182163703,779,7367,
05,027,0.3511169633127497,7733,22024,
05,029,0.11128746148818972,2384,21422,
05,031,0.18557297241307877,21499,115852,
05,033,0.01831089980404125,1140,62258,
05,035,0.5581669633092445,26029,46633,
05,037,0.22625663826108436,3664,16194,
05,039,0.39828834759710335,2420,6076,
05,041,0.4668152310822595,4818,10321,
05,043,0.2689695896073221,4555,16935,
05,045,0.1257873581995426,16555,131611,
05,047,0.009666780393494825,170,17586,
05,049,0.010521281683405069,132,12546,
05,051,0.08329162579327741,8321,99902,
05,053,0.03262158956109134,605,18546,
05,055,0.02535799522673031,1190,46928,
05,057,0.29165140015702695,5572,19105,
05,059,0.11040734848257437,3678,33313,
05,061,0.20020989747315734,2480,12387,
05,063,0.023001695136262875,882,38345,
05,065,0.029529074242530262,422,14291,
05,067,0.17699274275775206,2951,16673,
05,069,0.5711929890689785,36369,63672,
05,071,0.01685006877579092,441,26172,
05,073,0.33931837073981713,2041,6015,
05,075,0.01453541858325667,237,16305,
05,077,0.5376357354392892,4357,8104,
05,079,0.30284426484302146,3897,12868,
05,081,0.18845690693273698,2191,11626,
05,083,0.013701822249149462,294,21457,
05,085,0.06731335663511762,5142,76389,
05,087,0.005933389308704171,106,17865,
05,089,0.006991417040868527,123,17593,
05,091,0.2605700939034272,10933,41958,
05,093,0.35293345583409896,13445,38095,
05,095,0.4034294621979735,2588,6415,
05,097,0.008343125734430083,71,8510,
05,099,0.29535232383808097,2364,8004,
05,101,0.005550811272416738,39,7026,
05,103,0.401171370595831,8699,21684,
05,105,0.023802555848209932,244,10251,
05,107,0.6108723825114248,8956,14661,
05,109,0.036102523187394035,362,10027,
05,111,0.08717488789237668,1944,22300,
05,113,0.006946588453226305,135,19434,
05,115,0.031822178346110536,2063,64829,
05,117,0.10182734719596723,808,7935,
05,119,0.3792985700719575,152178,401209,
05,121,0.013918067226890757,265,19040,
05,123,0.5326734488131244,11624,21822,
05,125,0.10306128668515527,13527,131252,
05,127,0.011487242045339026,113,9837,
05,129,0.008295048494129658,65,7836,
05,131,0.06565155535048256,8537,130035,
05,133,0.036924054655227204,581,15735,
05,135,0.01334804191947049,242,18130,
05,137,0.006961282753226437,89,12785,
05,139,0.3266591007349762,12089,37008,
05,141,0.0079247152055473,128,16152,
05,143,0.03742899648363538,9963,266184,
05,145,0.04640224551466033,3670,79091,
05,147,0.24053030303030304,1397,5808,
05,149,0.01837687493791596,370,20134,
06,000,0.054974069686786343,2167697,39431263,
06,001,0.09386862818817994,154795,1649060,
06,003,0.01091901728844404,12,1099,
06,005,0.028339599295674107,1191,42026,
06,007,0.0181055420622654,3772,208334,
06,009,0.009310826792817977,433,46505,
06,011,0.009966476397571804,220,22074,
06,013,0.08335358734853195,97741,1172607,
06,015,0.031285867673738386,845,27009,
06,017,0.009366102591495827,1806,192823,
06,019,0.04610862931771024,47221,1024125,
06,021,0.007843414358394573,222,28304,
06,023,0.012456564435715365,1649,132380,
06,025,0.022066430410952874,4010,181724,
06,027,0.009683527184203409,179,18485,
06,029,0.050010351978094995,46136,922529,
06,031,0.060136980111417375,9316,154913,
06,033,0.018018416858508943,1221,67764,
06,035,0.061467889908256884,1742,28340,
06,037,0.07794363514290349,760510,9757179,
06,039,0.02957710721021326,4893,165432,
06,041,0.025378315132605304,6507,256400,
06,043,0.013198029094321915,225,17048,
06,045,0.007614241659657976,679,89175,
06,047,0.028516649032597194,8463,296774,
06,049,0.011306088799905783,96,8491,
06,051,0.00885228234931876,115,12991,
06,053,0.021815422772669863,9517,436251,
06,055,0.019777437898844997,2625,132727,
06,057,0.006516952884191986,666,102195,
06,059,0.017416222064164696,55217,3170435,
06,061,0.021070853944705432,9141,433822,
06,063,0.009769565679091005,184,18834,
06,065,0.06364200158660328,161010,2529933,
06,067,0.09414913193700965,151696,1611231,
06,069,0.012941193481687126,895,69159,
06,071,0.07945784658767338,175942,2214281,
06,073,0.04636808729480032,152959,3298799,
06,075,0.0499597595725089,41343,827526,
06,077,0.06913668289000965,56423,816108,
06,079,0.014089404384710636,3971,281843,
06,081,0.02146742532235463,15948,742893,
06,083,0.0162429696287964,7220,444500,
06,085,0.023693821136101124,45642,1926325,
06,087,0.010121719777748985,2656,262406,
06,089,0.01179322110633223,2136,181121,
06,091,0.0035335689045936395,11,3113,
06,093,0.012541766671372771,533,42498,
06,095,0.12856267070386573,58509,455101,
06,097,0.01706721607004893,8284,485375,
06,099,0.027653095667286687,15402,556972,
06,101,0.020609873661778882,2031,98545,
06,103,0.008611192999332827,555,64451,
06,105,0.006776627029791587,106,15642,
06,107,0.01398005567205602,6760,483546,
06,109,0.017608965913940587,949,53893,
06,111,0.018242168376171704,15240,835427,
06,113,0.02737390733004515,6166,225251,
06,115,0.04528461512078565,3961,87469,
08,000,0.04316396175371083,257149,5957493,
08,001,0.03883802693688268,21088,542973,
08,003,0.013601773623344719,227,16689,
08,005,0.11244860687520805,74994,666918,
08,007,0.007227891156462585,102,14112,
08,009,0.010692010692010692,36,3367,
08,011,0.06938916767606852,401,5779,
08,013,0.01115478014424911,3684,330262,
08,014,0.015895713902685037,1245,78323,
08,015,0.01722810394610202,358,20780,
08,017,0.014018691588785047,24,1712,
08,019,0.011018069634200088,100,9076,
08,021,0.008345476222016162,63,7549,
08,023,0.025501899077590883,94,3686,
08,025,0.10642857142857143,596,5600,
08,027,0.009364307581487484,52,5553,
08,029,0.006115163743597703,197,32215,
08,031,0.09231446642680095,67299,729019,
08,033,0.01783542764491285,44,2467,
08,035,0.018931712331374764,7459,393995,
08,037,0.010196944597828087,554,54330,
08,039,0.013681846028180518,402,29382,
08,041,0.06138644901776368,46210,752772,
08,043,0.04008544107959196,2008,50093,
08,045,0.007535580287175265,476,63167,
08,047,0.014925373134328358,89,5963,
08,049,0.012690355329949238,205,16154,
08,051,0.0073367995378393995,127,17310,
08,053,0.006693440428380187,5,747,
08,055,0.009587864911276474,67,6988,
08,057,0.004713275726630008,6,1273,
08,059,0.013786594714562523,7976,578533,
08,061,0.008620689655172414,12,1392,
08,063,0.009745762711864408,69,7080,
08,065,0.008006513773917763,59,7369,
08,067,0.005719514985129261,325,56823,
08,069,0.012061702093578305,4518,374574,
08,071,0.02080176332828213,302,14518,
08,073,0.054305108967488386,304,5598,
08,075,0.03247410262587328,674,20755,
08,077,0.007639836289222374,1232,161260,
08,079,0.007502679528403001,7,933,
08,081,0.008522294932278192,112,13142,
08,083,0.010469058529861033,281,26841,
08,085,0.005780475829130027,259,44806,
08,087,0.03557755775577558,1078,30300,
08,089,0.010783169362459008,194,17991,
08,091,0.004810467577448528,25,5197,
08,093,0.00944529373225595,173,18316,
08,095,0.0071301247771836,32,4488,
08,097,0.010334675238839151,172,16643,
08,099,0.009534164087981935,114,11957,
08,101,0.02165824826628048,3679,169866,
08,103,0.01286514303011957,85,6607,
08,105,0.009162773984908373,102,11132,
08,107,0.011171413857306977,282,25243,
08,109,0.010344827586206896,69,6670,
08,111,0.00243605359317905,2,821,
08,113,0.0074178283667988235,58,7819,
08,115,0.007532122286220647,17,2257,
08,117,0.014571595103944046,450,30882,
08,119,0.01721502694875714,428,24862,
08,121,0.014252777195556487,68,4771,
08,123,0.015516098933048452,5737,369745,
08,125,0.004179936305732484,42,10048,
09,000,0.10988909323879362,403850,3675069,
09,001,,,,U
09,003,,,,U
09,005,,,,U
09,007,,,,U
09,009,,,,U
09,011,,,,U
09,013,,,,U
09,015,,,,U
09,110,0.1267322099266975,125656,991508,A
09,120,0.13058516501522346,43833,335666,A
09,130,0.05372310465247268,9538,177540,A
09,140,0.12447968499848557,57537,462220,A
09,150,0.02144297397160725,2095,97701,A
09,160,0.033768328060227344,3853,114101,A
09,170,0.13960202386608359,80511,576718,A
09,180,0.05595147946582119,15812,282602,A
09,190,0.10206228130352128,65015,637013,A
10,000,0.2270198123996475,238806,1051917,
10,001,0.29143183351497226,56156,192690,
10,003,0.26128350447973364,153659,588093,
10,005,0.10692498911977104,28991,271134,
11,000,0.4165069419722321,292492,702250,
11,001,0.4165069419722321,292492,702250,
12,000,0.15264556654129702,3567665,23372215,
12,001,0.19213316791303095,56061,291782,
12,003,0.12869565217391304,3774,29325,
12,005,0.11636407334341421,23240,199718,
12,007,0.17171861086375778,4821,28075,
12,009,0.10462345488702963,68889,658447,
12,011,0.28219872469413076,574972,2037472,
12,013,0.119822262388914,1591,13278,
12,015,0.05772149989157183,12244,212122,
12,017,0.031038819091047987,5282,170174,
12,019,0.13479050515289745,31913,236760,
12,021,0.06680633203037721,27807,416233,
12,023,0.16811982102545386,12437,73977,
12,027,0.12260505116481603,4505,36744,
12,029,0.08669240376972863,1527,17614,
12,031,0.2923275070392235,308452,1055159,
12,033,0.2194551354614746,72700,331275,
12,035,0.09565319136488622,13080,136744,
12,037,0.10162570305878728,1319,12979,
12,039,0.5258544540327512,23217,44151,
12,041,0.03731527702268571,755,20233,
12,043,0.13844045080718856,1818,13132,
12,045,0.1346686822877299,2138,15876,
12,047,0.2988000558113576,4283,14334,
12,049,0.07495780266994016,1954,26068,
12,051,0.09869932798612617,4553,46130,
12,053,0.0581205592482237,12679,218150,
12,055,0.10011113337827252,10990,109778,
12,057,0.16175337954479058,255801,1581426,
12,059,0.062487422016502314,1242,19876,
12,061,0.08674385235187843,14932,172139,
12,063,0.2564425770308123,12817,49980,
12,065,0.2982224734627222,4748,15921,
12,067,0.13506944444444444,1167,8640,
12,069,0.1157193541706063,51403,444204,
12,071,0.08337330813662439,71781,860959,
12,073,0.31147666462554247,93595,300488,
12,075,0.08933319376112216,4267,47765,
12,077,0.1782526712759271,1418,7955,
12,079,0.35128512306687,6451,18364,
12,081,0.0819850246099068,37578,458352,
12,083,0.12362178104708502,53022,428905,
12,085,0.04985935557084737,8260,165666,
12,086,0.1365204595025262,387508,2838461,
12,087,0.06847283334157314,5540,80908,
12,089,0.06340538054725224,6618,104376,
12,091,0.09656980356762199,21292,220483,
12,093,0.07713186527885954,3268,42369,
12,095,0.19576421155859958,300233,1533646,
12,097,0.10644193668306065,49821,468058,
12,099,0.19056164292644692,301479,1582055,
12,101,0.07131088097051497,47002,659114,
12,103,0.10056322279395778,97131,965870,
12,105,0.15222927546495513,129833,852878,
12,107,0.15126583097243243,11693,77301,
12,109,0.052453064539244254,17568,334928,
12,111,0.22744259861263982,88855,390670,
12,113,0.06281151729086505,13043,207653,
12,115,0.041774722830693826,19910,476604,
12,117,0.12134531595919977,60018,494605,
12,119,0.06660934883931399,10304,154693,
12,121,0.11929905755637832,5671,47536,
12,123,0.19154877992949687,4184,21843,
12,125,0.20294827805311982,3194,15738,
12,127,0.10806573629830185,65139,602772,
12,129,0.13681799811397008,5078,37115,
12,131,0.04706354694086945,4220,89666,
12,133,0.13507904765498246,3580,26503,
13,000,0.32021948544649176,3580335,11180878,
13,001,0.1862445765707858,3477,18669,
13,003,0.15151155898043864,1278,8435,
13,005,0.16849253055681304,1861,11045,
13,007,0.3964128843338214,1083,2732,
13,009,0.4167354046375218,18188,43644,
13,011,0.03410768776454375,693,20318,
13,013,0.1578291482335348,15198,96294,
13,015,0.11515811689416891,13532,117508,
13,017,0.36594865742106814,6201,16945,
13,019,0.11759348548162435,2195,18666,
13,021,0.5653652200488998,88794,157056,
13,023,0.24774275304926344,3128,12626,
13,025,0.04400106411279596,827,18795,
13,027,0.34550905531081744,5647,16344,
13,029,0.15000489188924762,7666,51105,
13,031,0.28678587310131765,24507,85454,
13,033,0.4495750245178163,11002,24472,
13,035,0.2846979024588049,7723,27127,
13,037,0.6133063775041353,3337,5441,
13,039,0.17665273524086703,10440,59099,
13,043,0.2500449236298293,2783,11130,
13,045,0.20208450400658912,26253,129911,
13,047,0.035088482738613286,2419,68940,
13,049,0.24998080024575686,3255,13021,
13,051,0.3939857354816878,121086,307336,
13,053,0.17863827795975668,1527,8548,
13,055,0.09511578281830396,2407,25306,
13,057,0.07791137019484656,22868,293513,
13,059,0.26282549328820337,34166,129995,
13,061,0.5783303730017761,1628,2815,
13,063,0.7014877243427174,208835,297703,
13,065,0.2650269247562218,1821,6871,
13,067,0.27891606500257765,219657,787538,
13,069,0.276230872728102,12113,43851,
13,071,0.22721757455776231,10674,46977,
13,073,0.20752125728479984,34754,167472,
13,075,0.2741325622775801,4930,17984,
13,077,0.19939582767185102,31551,158233,
13,079,0.20576564904040814,2541,12349,
13,081,0.4510478734333265,8781,19468,
13,083,0.01699029126213592,273,16068,
13,085,0.021897593931492237,739,33748,
13,087,0.42302065258072197,12433,29391,
13,089,0.516205876358387,397637,770307,
13,091,0.2989811512990321,5869,19630,
13,093,0.46531378508850346,5205,11186,
13,095,0.7162149045111504,59029,82418,
13,097,0.5336993949449261,81062,151887,
13,099,0.5212562236690923,5444,10444,
13,101,0.06165494862087615,228,3698,
13,103,0.16189096079181933,11842,73148,
13,105,0.27267764986105597,5495,20152,
13,107,0.3424474681364106,7953,23224,
13,109,0.2929432330481185,3184,10869,
13,111,0.00955364740465692,247,25854,
13,113,0.2730382792329766,34159,125107,
13,115,0.1436926718611303,14569,101390,
13,117,0.04596281274991432,12874,280096,
13,119,0.09405744208187877,2371,25208,
13,121,0.4377202266419897,477270,1090354,
13,123,0.010261949770456387,342,33327,
13,125,0.08543882978723404,257,3008,
13,127,0.2521377397735151,21820,86540,
13,129,0.04525631531309142,2750,60765,
13,131,0.2776064862395798,7293,26271,
13,133,0.2806884453084254,5920,21091,
13,135,0.29131789107941375,292445,1003869,
13,137,0.03777307963354475,1876,49665,
13,139,0.0799386682901531,17726,221745,
13,141,0.6725786018657146,5840,8683,
13,143,0.051845451178866804,1680,32404,
13,145,0.16591296812802947,6127,36929,
13,147,0.17428347354912305,4889,28052,
13,149,0.0940671672580246,1140,12119,
13,151,0.5608622717544299,145440,259315,
13,153,0.35077216876218575,61349,174897,
13,155,0.23681048607318406,2168,9155,
13,157,0.09034905409006129,8477,93825,
13,159,0.16336604913177305,2813,17219,
13,161,0.14948078576625437,2260,15119,
13,163,0.5019641787069712,7539,15019,
13,165,0.41625169760072434,3678,8836,
13,167,0.3468075833514927,3183,9178,
13,169,0.25971701036251593,7544,29047,
13,171,0.26476558724021265,5478,20690,
13,173,0.22821100917431192,2388,10464,
13,175,0.3731779585181061,18766,50287,
13,177,0.2673964722801045,9111,34073,
13,179,0.43004358155873307,29504,68607,
13,181,0.2581687166107591,2078,8049,
13,183,0.2838201477567396,5801,20439,
13,185,0.3736423059910552,45615,122082,
13,187,0.019435806308307418,700,36016,
13,189,0.39951295717698954,8695,21764,
13,191,0.29906779661016947,3529,11800,
13,193,0.5826219254500887,6893,11831,
13,195,0.10182783558634158,3337,32771,
13,197,0.2842174197773412,2170,7635,
13,199,0.35099584868697237,7525,21439,
13,201,0.2764423076923077,1610,5824,
13,205,0.45698263564366176,9290,20329,
13,207,0.21605114991888538,6792,31437,
13,209,0.25344384777025447,2171,8566,
13,211,0.19530537830446673,4285,21940,
13,213,0.011884015877626102,491,41316,
13,215,0.4812911856512907,97139,201830,
13,217,0.514482703007822,63801,124010,
13,219,0.04596545328596009,2057,44751,
13,221,0.15743259955478606,2546,16172,
13,223,0.26578767323083125,50114,188549,
13,225,0.4422688529079519,12920,29213,
13,227,0.014324767632586112,524,36580,
13,229,0.08911897043882143,1842,20669,
13,231,0.08321641105036529,1720,20669,
13,233,0.11970410221923336,5340,44610,
13,235,0.31296660117878194,3186,10180,
13,237,0.25129367489201554,5876,23383,
13,239,0.4511407662505381,1048,2323,
13,241,0.012873355541753713,228,17711,
13,243,0.5960558751027116,3627,6085,
13,245,0.5814505848194161,119955,206303,
13,247,0.6196906054707509,60488,97610,
13,249,0.1940928270042194,874,4503,
13,251,0.38024432809773123,5447,14325,
13,253,0.31809359499676515,2950,9274,
13,255,0.37186308541512547,26139,70292,
13,257,0.10437122699832715,2870,27498,
13,259,0.4298190892077355,2067,4809,
13,261,0.5223664227530029,15134,28972,
13,263,0.5164205039096438,2972,5755,
13,265,0.5209876543209877,844,1620,
13,267,0.28020597322348095,6802,24275,
13,269,0.34177052550430426,2660,7783,
13,271,0.33336363636363636,3667,11000,
13,273,0.571740630029892,4973,8698,
13,275,0.35749337733964476,16464,46054,
13,277,0.3069674882516544,12803,41708,
13,279,0.2630966239813737,7232,27488,
13,281,0.010846480582524272,143,13184,
13,283,0.30965732087227416,1988,6420,
13,285,0.36295498720512354,25956,71513,
13,287,0.3877867671506151,3499,9023,
13,289,0.39570393374741203,3058,7728,
13,291,0.01159378283395529,320,27601,
13,293,0.2770999365258481,7858,28358,
13,295,0.04805307182001731,3332,69340,
13,297,0.219269163509181,24074,109792,
13,299,0.3019711777372867,10938,36222,
13,301,0.554001554001554,2852,5148,
13,303,0.5355954421700111,10623,19834,
13,305,0.19329640234034606,6211,32132,
13,307,0.39654427645788337,918,2315,
13,309,0.3609383832673827,2554,7076,
13,311,0.021100175273021438,626,29668,
13,313,0.03684210526315789,3871,105070,
13,315,0.34310422282120395,3055,8904,
13,317,0.38371485314100556,3671,9567,
13,319,0.36529364255220953,3166,8667,
13,321,0.28718783930510317,5819,20262,
15,000,0.019681968487275835,28463,1446146,
15,001,0.008451308451308452,1773,209790,
15,003,0.024967284006860595,24936,998747,
15,005,0,0,81,
15,007,0.007001625135427953,517,73840,
15,009,0.007557059772249646,1237,163688,
16,000,0.009050673479818087,18116,2001619,
16,001,0.01476486518265245,7911,535799,
16,003,0.0026010404161664665,13,4998,
16,005,0.00979013295242281,891,91010,
16,007,0.0038353739489600234,26,6779,
16,009,0.006078449995251211,64,10529,
16,011,0.003949773035430054,201,50889,
16,013,0.0037211511816634337,94,25261,
16,015,0.011070970749329915,95,8581,
16,017,0.003373181354832731,182,53955,
16,019,0.0064424890006285354,861,133644,
16,021,0.006481481481481481,91,14040,
16,023,0.004753199268738574,13,2735,
16,025,0.0032076984763432237,4,1247,
16,027,0.008595237024714117,2294,266892,
16,029,0.0037297969332780773,27,7239,
16,031,0.004196181090237142,109,25976,
16,033,0.023929471032745592,19,794,
16,035,0.006447382799694023,59,9151,
16,037,0.004133130302371111,19,4597,
16,039,0.026001547310706717,773,29729,
16,041,0.004284435349788975,67,15638,
16,043,0.004236405305924023,61,14399,
16,045,0.0033856430434185845,74,21857,
16,047,0.004138612638211131,67,16189,
16,049,0.00513622152746762,92,17912,
16,051,0.002467435588454697,86,34854,
16,053,0.004221676389315321,110,26056,
16,055,0.004407321463655528,830,188323,
16,057,0.009103840682788052,384,42180,
16,059,0.0036917946885792544,31,8397,
16,061,0.0075107296137339056,28,3728,
16,063,0.004499640028797696,25,5556,
16,065,0.011881402005436642,660,55549,
16,067,0.004935877660746551,112,22691,
16,069,0.005367937078441898,230,42847,
16,071,0.005827974276527331,29,4976,
16,073,0.005726388453090681,73,12748,
16,075,0.0048080399103463236,133,27662,
16,077,0.004772700155112755,40,8381,
16,079,0.007460565581924115,105,14074,
16,081,0.0033250850603154963,43,12932,
16,083,0.009988705716565294,964,96509,
16,085,0.004069812945135791,52,12777,
16,087,0.006413034058410608,74,11539,
17,000,0.1389239221101736,1765745,12710158,
17,001,0.040914692164906646,2623,64109,
17,003,0.304527644754027,1399,4594,
17,005,0.06545608108108109,1085,16576,
17,007,0.02641006883874477,1408,53313,
17,009,0.1882035833201205,1187,6307,
17,011,0.01040448193067783,338,32486,
17,013,0.008996212121212122,38,4224,
17,015,0.03697228697228697,571,15444,
17,017,0.0509714465507748,648,12713,
17,019,0.13861395462721426,29438,212374,
17,021,0.027581435919030287,917,33247,
17,023,0.010546564075351553,159,15076,
17,025,0.006785742141798612,87,12821,
17,027,0.03119691536117777,1157,37087,
17,029,0.04362061908967538,2025,46423,
17,031,0.21952307106622002,1137704,5182617,
17,033,0.0482923645855993,888,18388,
17,035,0.008151382823871907,84,10305,
17,037,0.08932747816647753,9052,101335,
17,039,0.01161955741236373,178,15319,
17,041,0.009584342211460855,190,19824,
17,043,0.05179791322979869,48542,937142,
17,045,0.010611050128064398,174,16398,
17,047,0.006851604278074866,41,5984,
17,049,0.0061268134789896535,212,34602,
17,051,0.06810984544122513,1441,21157,
17,053,0.014274031670507769,192,13451,
17,055,0.008721950692625496,323,37033,
17,057,0.0382651491848662,1244,32510,
17,059,0.011300639658848614,53,4690,
17,061,0.007882981518787772,90,11417,
17,063,0.023776353673260888,1280,53835,
17,065,0.006779227423893579,53,7818,
17,067,0.010289275634995296,175,17008,
17,069,0.016338028169014085,58,3550,
17,071,0.007771164021164021,47,6048,
17,073,0.01961516906407622,945,48177,
17,075,0.013848927763072083,361,26067,
17,077,0.1494388992274291,7950,53199,
17,079,0.005939287285525737,54,9092,
17,081,0.08087074528484782,2920,36107,
17,083,0.01016548463356974,215,21150,
17,085,0.008314752879970272,179,21528,
17,087,0.12545045045045045,1671,13320,
17,089,0.052758461181158435,27487,520997,
17,091,0.1469786674184757,15640,106410,
17,093,0.09151294605751165,13102,143171,
17,095,0.08787667296165531,4281,48716,
17,097,0.06776750477314349,48698,718604,
17,099,0.027041239966786604,2931,108390,
17,101,0.10046618471724883,1487,14801,
17,103,0.055628428332935846,1866,33544,
17,105,0.038643109540636045,1367,35375,
17,107,0.07482375172614289,2059,27518,
17,109,0.05914785087390293,1577,26662,
17,111,0.018774587842093435,5932,315959,
17,113,0.09064968123252881,15598,172069,
17,115,0.18580064921528336,18717,100737,
17,117,0.013919580817860804,611,43895,
17,119,0.09589114011641833,25221,263017,
17,121,0.04404863188517166,1605,36437,
17,123,0.010907202216066482,126,11552,
17,125,0.008211751574583433,103,12543,
17,127,0.06215601379614002,847,13627,
17,129,0.011786341218757837,141,11963,
17,131,0.00941668846455663,144,15292,
17,133,0.006091109268208985,213,34969,
17,135,0.03824008690928843,1056,27615,
17,137,0.06619044699245816,2159,32618,
17,139,0.009397841977027498,135,14365,
17,141,0.012620508326029798,648,51345,
17,143,0.1932082614262651,34706,179630,
17,145,0.0835635359116022,1694,20272,
17,147,0.010945393312484964,182,16628,
17,149,0.010800953850469912,154,14258,
17,151,0.03159600324061572,117,3703,
17,153,0.2842795654847305,1387,4879,
17,155,0.007101011894194923,40,5633,
17,157,0.08022606427448752,2399,29903,
17,159,0.010675693269105585,164,15362,
17,161,0.12353307970938339,17632,142731,
17,163,0.30165758175425744,75761,251149,
17,165,0.03136773854376588,716,22826,
17,167,0.14086804394247343,27377,194345,
17,169,0.05318518518518518,359,6750,
17,171,0.00778688524590164,38,4880,
17,173,0.0069613474832051405,143,20542,
17,175,0.015553869499241275,82,5272,
17,177,0.09826401782398812,4234,43088,
17,179,0.018163471241170535,2358,129821,
17,181,0.02345137984128864,396,16886,
17,183,0.13959440834810002,9926,71106,
17,185,0.012751616722834503,140,10979,
17,187,0.030646852068816673,497,16217,
17,189,0.012707794606575545,172,13535,
17,191,0.009291813159216475,148,15928,
17,193,0.007838745800671893,105,13395,
17,195,0.0169054283989242,924,54657,
17,197,0.12342379086147988,87456,708583,
17,199,0.05099606346176786,3420,67064,
17,201,0.1392085697170443,39506,283790,
17,203,0.00953251501697571,365,38290,
18,000,0.10135458224868307,701807,6924275,
18,001,0.007298272468838836,267,36584,
18,003,0.11466209193703904,45784,399295,
18,005,0.02498200398862416,2117,84741,
18,007,0.011069693889077149,98,8853,
18,009,0.009224779959377117,109,11816,
18,011,0.040153352036865424,3163,78773,
18,013,0.008370607028753994,131,15650,
18,015,0.007567359136260664,157,20747,
18,017,0.023802550653638274,894,37559,
18,019,0.08759089732426517,11166,127479,
18,021,0.009196185286103543,243,26424,
18,023,0.009606323149414805,316,32895,
18,025,0.008457664164211726,89,10523,
18,027,0.025456785054403613,868,34097,
18,029,0.00863225430154564,444,51435,
18,031,0.007002005980091594,185,26421,
18,033,0.006947890818858561,308,44330,
18,035,0.07331497729103771,8281,112951,
18,037,0.007701299594306539,336,43629,
18,039,0.05375151854065832,11150,207436,
18,041,0.013927576601671309,325,23335,
18,043,0.05823192686528909,4771,81931,
18,045,0.007841739440384958,132,16833,
18,047,0.00453838174273859,105,23136,
18,049,0.009448110377924415,189,20004,
18,051,0.024971245232762274,825,33038,
18,053,0.07540100514610731,5011,66458,
18,055,0.004260226144335181,133,31219,
18,057,0.05310452352358679,20164,379704,
18,059,0.05343992793604324,4746,88810,
18,061,0.008729801390764921,349,39978,
18,063,0.13145953658677326,25060,190629,
18,065,0.0289113913734439,1419,49081,
18,067,0.07970790418876811,6702,84082,
18,069,0.010367042009527934,383,36944,
18,071,0.012125685364824968,575,47420,
18,073,0.006649294635636625,222,33387,
18,075,0.006099980162666138,123,20164,
18,077,0.019318975729777345,636,32921,
18,079,0.008612578707389448,238,27634,
18,081,0.03870725731768788,6604,170614,
18,083,0.034232827832292596,1228,35872,
18,085,0.010995549715504097,887,80669,
18,087,0.00522834492485774,215,41122,
18,089,0.23225338250936964,116813,502955,
18,091,0.11007831303660595,12257,111348,
18,093,0.006704726500265534,303,45192,
18,095,0.08633458002413912,11588,134222,
18,097,0.2926974373184139,287320,981628,
18,099,0.0074896694214876035,348,46464,
18,101,0.0065896188158961885,65,9864,
18,103,0.05124533176087384,1825,35613,
18,105,0.03840741425139657,5404,140702,
18,107,0.011932803561721843,461,38633,
18,109,0.01792075855062648,1323,73825,
18,111,0.011605689618569103,164,14131,
18,113,0.010227771851665934,489,47811,
18,115,0.009339559706470981,56,5996,
18,117,0.016142050040355124,320,19824,
18,119,0.007413848336460574,162,21851,
18,121,0.021383571601647687,353,16508,
18,123,0.033436853002070395,646,19320,
18,125,0.007758336084516342,94,12116,
18,127,0.04790174002047083,8424,175860,
18,129,0.011888139785375194,298,25067,
18,131,0.009097496175831254,113,12421,
18,133,0.03674214368849857,1389,37804,
18,135,0.007971401569626495,194,24337,
18,137,0.005716437324570412,167,29214,
18,139,0.01014380332955427,170,16759,
18,141,0.13393900870886669,36665,273744,
18,143,0.007636055108884489,189,24751,
18,145,0.01756691637096421,802,45654,
18,147,0.009310618066561015,188,20192,
18,149,0.0063504240719430595,149,23463,
18,151,0.00866272732488096,302,34862,
18,153,0.04978813559322034,1034,20768,
18,155,0.011113336003203845,111,9988,
18,157,0.06391338377250196,12249,191650,
18,159,0.008287653354215609,127,15324,
18,161,0.012347472399767577,85,6884,
18,163,0.10346643605137842,18664,180387,
18,165,0.007798401649909771,121,15516,
18,167,0.06841173256974926,7263,106166,
18,169,0.009942489521395847,306,30777,
18,171,0.004141521713406697,35,8451,
18,173,0.021962947888873815,1457,66339,
18,175,0.007232316105133181,205,28345,
18,177,0.04907393464839633,3259,66410,
18,179,0.010591013264810056,305,28798,
18,181,0.0076511094108645756,190,24833,
18,183,0.005933782427977641,207,34885,
19,000,0.0449420142847976,145679,3241488,
19,001,0.009689140088817117,72,7431,
19,003,0.010537992235163616,38,3606,
19,005,0.015651438240270727,222,14184,
19,007,0.007434330084255741,90,12106,
19,009,0.007371449119021934,41,5562,
19,011,0.008760029458506144,226,25799,
19,013,0.10000151116752803,13235,132348,
19,015,0.013580754985222043,363,26729,
19,017,0.013147504737839545,333,25328,
19,019,0.010369941638933101,215,20733,
19,021,0.03415641813989239,711,20816,
19,023,0.004026561175473298,57,14156,
19,025,0.02625888168056843,255,9711,
19,027,0.014651835154603813,299,20407,
19,029,0.0059121621621621625,77,13024,
19,031,0.009763589490428392,178,18231,
19,033,0.019250229449556396,818,42493,
19,035,0.014668039114770973,171,11658,
19,037,0.006314531956651591,74,11719,
19,039,0.012809743805123898,122,9524,
19,041,0.009651572174335316,159,16474,
19,043,0.00809166617447286,137,16931,
19,045,0.0320547647506248,1475,46015,
19,047,0.029979240444498716,491,16378,
19,049,0.03974233373503377,4584,115343,
19,051,0.0019580115305123462,18,9193,
19,053,0.02115987460815047,162,7656,
19,055,0.0110738826736328,195,17609,
19,057,0.06357553825727005,2442,38411,
19,059,0.008095605242868157,147,18158,
19,061,0.03673847766066786,3646,99242,
19,063,0.011351233355162629,104,9162,
19,065,0.01456766917293233,279,19152,
19,067,0.023920575692963752,359,15008,
19,069,0.008978451715881883,90,10024,
19,071,0.010317215891592239,67,6494,
19,073,0.00727314707919649,63,8662,
19,075,0.00709391374445788,88,12405,
19,077,0.008353443475032486,90,10774,
19,079,0.00942380183091007,140,14856,
19,081,0.008571966842501885,91,10616,
19,083,0.015913508260447035,262,16464,
19,085,0.005743197046355805,84,14626,
19,087,0.025876762563917154,501,19361,
19,089,0.00844017094017094,79,9360,
19,091,0.009358427784132265,90,9617,
19,093,0.007488986784140969,51,6810,
19,095,0.007124155148267673,117,16423,
19,097,0.008612686952037133,167,19390,
19,099,0.025926995040281314,988,38107,
19,101,0.027184589062797034,429,15781,
19,103,0.08919290354822589,14278,160080,
19,105,0.030356128054555787,641,21116,
19,107,0.008117706747843734,80,9855,
19,109,0.008953359244863965,129,14408,
19,111,0.027026192241166296,875,32376,
19,113,0.07261759908872033,16830,231762,
19,115,0.017215428033866415,183,10630,
19,117,0.005366522036994748,47,8758,
19,119,0.004524155760219745,56,12378,
19,121,0.005011362974185653,86,17161,
19,123,0.020105291821730053,443,22034,
19,125,0.009545347744360902,325,34048,
19,127,0.0255496137849079,1032,40392,
19,129,0.007949989807705374,117,14717,
19,131,0.007900677200902935,84,10632,
19,133,0.007355558191956341,62,8429,
19,135,0.009358470093584701,69,7373,
19,137,0.008943654973665905,90,10063,
19,139,0.026962878572106712,1136,42132,
19,141,0.017180925666199158,245,14260,
19,143,0.010437375745526839,63,6036,
19,145,0.025867801569357626,389,15038,
19,147,0.014303553184243388,126,8809,
19,149,0.024975798644724104,645,25825,
19,151,0.011276049100770768,79,7006,
19,153,0.07992483315090519,41256,516185,
19,155,0.019181216521079025,1794,93529,
19,157,0.015497995014630974,286,18454,
19,159,0.006944444444444444,32,4608,
19,161,0.006189027588377216,59,9533,
19,163,0.08234007778998981,14459,175601,
19,165,0.008882497250655612,105,11821,
19,167,0.006428844996443617,235,36554,
19,169,0.029824972194579406,3057,102498,
19,171,0.009917552873700561,166,16738,
19,173,0.0036051502145922746,21,5825,
19,175,0.014889167712254287,178,11955,
19,177,0.003048358043508383,22,7217,
19,179,0.04212325887727362,1503,35681,
19,181,0.011820456844683457,666,56343,
19,183,0.010118863505810614,229,22631,
19,185,0.006493506493506494,43,6622,
19,187,0.043891733723482075,1620,36909,
19,189,0.015602427044206876,162,10383,
19,191,0.008670080616539066,171,19723,
19,193,0.05709650652171886,6124,107257,
19,195,0.009716710004105652,71,7307,
19,197,0.009270170476863853,118,12729,
20,000,0.057579160615712756,171045,2970606,
20,001,0.020845070422535212,259,12425,
20,003,0.01251896813353566,99,7908,
20,005,0.040679426426241616,661,16249,
20,007,0.009582309582309583,39,4070,
20,009,0.013247433058184014,329,24835,
20,011,0.029672767609539658,428,14424,
20,013,0.016845329249617153,154,9142,
20,015,0.022629341507851588,1565,69158,
20,017,0.019146390107698443,48,2507,
20,019,0.015274034141958671,51,3339,
20,021,0.011968849631526682,229,19133,
20,023,0.008314436885865457,22,2646,
20,025,0.005339028296849973,10,1873,
20,027,0.01769356255490024,141,7969,
20,029,0.015476326951736789,135,8723,
20,031,0.009155523430911939,76,8301,
20,033,0.007674144037780401,13,1694,
20,035,0.026940852980752356,921,34186,
20,037,0.019560970594283363,761,38904,
20,039,0.012150220913107511,33,2716,
20,041,0.012620160034369797,235,18621,
20,043,0.031155115511551156,236,7575,
20,045,0.0437088589954832,5332,121989,
20,047,0.011351153423654338,31,2731,
20,049,0.004105090311986864,10,2436,
20,051,0.015927189988623434,462,29007,
20,053,0.06111462951234959,386,6316,
20,055,0.043593888512280334,1672,38354,
20,057,0.024947170697346796,850,34072,
20,059,0.013930651238914476,366,26273,
20,061,0.15409346005245494,5464,35459,
20,063,0.0071482317531978935,19,2658,
20,065,0.03375527426160337,80,2370,
20,067,0.006904325771452727,49,7097,
20,069,0.008202443280977313,47,5730,
20,071,0.005208333333333333,6,1152,
20,073,0.008686765457332652,51,5871,
20,075,0.007234726688102894,18,2488,
20,077,0.00886754110474783,48,5413,
20,079,0.01572439212888651,529,33642,
20,081,0.004177109440267335,15,3591,
20,083,0.023909145248057383,40,1673,
20,085,0.010203327171903882,138,13525,
20,087,0.008891555749509054,163,18332,
20,089,0.005864091065884788,17,2899,
20,091,0.05147751931118689,32548,632276,
20,093,0.01050420168067227,40,3808,
20,095,0.006766484307515116,47,6946,
20,097,0.01683087027914614,41,2436,
20,099,0.038797481210643914,764,19692,
20,101,0.010121457489878543,15,1482,
20,103,0.07955592299515767,6736,84670,
20,105,0.01058743169398907,31,2928,
20,107,0.01249872980388172,123,9841,
20,109,0.009279881217520415,25,2694,
20,111,0.01974169741697417,642,32520,
20,113,0.02024131337772796,614,30334,
20,115,0.010711225364181662,125,11670,
20,117,0.0067336683417085425,67,9950,
20,119,0.02672147995889003,104,3892,
20,121,0.011780507597168201,421,35737,
20,123,0.004480441151128727,26,5803,
20,125,0.04583210217013034,1396,30459,
20,127,0.007008903201363895,37,5279,
20,129,0.011670020120724347,29,2485,
20,131,0.0086463923673226,87,10062,
20,133,0.015367798353909464,239,15552,
20,135,0.008788689338937715,23,2617,
20,137,0.03898781630740394,208,5335,
20,139,0.008451420219864015,133,15737,
20,141,0.007157769161944528,24,3353,
20,143,0.014180762002391935,83,5853,
20,145,0.06320691949434465,380,6012,
20,147,0.005493344601732516,26,4733,
20,149,0.013469266259860098,362,26876,
20,151,0.01762066323738645,161,9137,
20,153,0.007401315789473684,18,2432,
20,155,0.02978002833091815,1829,61417,
20,157,0.008671146759158898,40,4613,
20,159,0.016587677725118485,154,9284,
20,161,0.06456992433535014,4685,72557,
20,163,0.017902274641954506,85,4748,
20,165,0.008185053380782919,23,2810,
20,167,0.015256797583081572,101,6620,
20,169,0.035784432929908905,1913,53459,
20,171,0.006919006919006919,34,4914,
20,173,0.08687866199324355,46574,536081,
20,175,0.02523970671178793,537,21276,
20,177,0.0762383248474222,13566,177942,
20,179,0.007509386733416771,18,2397,
20,181,0.011387163561076604,66,5796,
20,183,0.006212934199378707,22,3541,
20,185,0.006921302230197385,27,3901,
20,187,0.009657170449058426,20,2071,
20,189,0.008540218470705064,43,5035,
20,191,0.013028295128939828,291,22336,
20,193,0.011279159189951295,88,7802,
20,195,0.005767844268204758,16,2774,
20,197,0.008717660292463443,62,7112,
20,199,0.01358695652173913,20,1472,
20,201,0.00574300071787509,32,5572,
20,203,0.012548262548262547,26,2072,
20,205,0.007859014050964515,66,8398,
20,207,0.006750241080038573,21,3111,
20,209,0.1940348723276157,32873,169418,
21,000,0.08573956078539403,393405,4588372,
21,001,0.02489734393679505,479,19239,
21,003,0.014067250533194173,310,22037,
21,005,0.022585701081059357,562,24883,
21,007,0.03684762654078154,281,7626,
21,009,0.03869850248854393,1765,45609,
21,011,0.013666898309010887,177,12951,
21,013,0.029109366188017873,671,23051,
21,015,0.057238006036007906,8250,144135,
21,017,0.05282053804160724,1074,20333,
21,019,0.02898884400443728,1385,47777,
21,021,0.07775371090017201,2441,31394,
21,023,0.009297399082028951,79,8497,
21,025,0.007497656982193065,96,12804,
21,027,0.02384430516940766,506,21221,
21,029,0.021992494347451107,1887,85802,
21,031,0.00852521711417417,107,12551,
21,033,0.052731742129886607,665,12611,
21,035,0.04369467607440667,1703,38975,
21,037,0.029050719087737212,2731,94008,
21,039,0.01737492149884865,83,4777,
21,041,0.01872018720187202,208,11111,
21,043,0.007395202697524714,193,26098,
21,045,0.011913719588663156,190,15948,
21,047,0.20975692195025772,14894,71006,
21,049,0.04610729169431688,1737,37673,
21,051,0.03833197223356472,751,19592,
21,053,0.008602853098116084,79,9183,
21,055,0.014028056112224449,126,8982,
21,057,0.03208202414420374,194,6047,
21,059,0.05040351532209426,5265,104457,
21,061,0.015433320142461416,195,12635,
21,063,0.04460966542750929,324,7263,
21,065,0.005713469504356521,80,14002,
21,067,0.1601216621083849,52750,329437,
21,069,0.015970752357129112,249,15591,
21,071,0.007616124174678559,263,34532,
21,073,0.09479043514740094,4971,52442,
21,075,0.24212034383954154,1521,6282,
21,077,0.018512208972174902,163,8805,
21,079,0.022172949002217297,400,18040,
21,081,0.011429904362024726,294,25722,
21,083,0.03883653349990494,1430,36821,
21,085,0.01333579608422608,361,27070,
21,087,0.01826523545706371,211,11552,
21,089,0.0090437445071301,319,35273,
21,091,0.012204593365139243,110,9013,
21,093,0.11628525339903922,13120,112826,
21,095,0.019239980839853104,482,25052,
21,097,0.019615877080665815,383,19525,
21,099,0.0385986046278171,769,19923,
21,101,0.08488964346349745,3750,44175,
21,103,0.0269786393381899,437,16198,
21,105,0.08376963350785341,368,4393,
21,107,0.06565969304259366,2969,45218,
21,109,0.005988920497080401,80,13358,
21,111,0.22623793742387083,179606,793881,
21,113,0.04949110540755819,2796,56495,
21,115,0.005385102724228437,119,22098,
21,117,0.05162356601205522,9027,174862,
21,119,0.009897306146748028,133,13438,
21,121,0.013217790066426139,392,29657,
21,123,0.027763088313061873,420,15128,
21,125,0.0092339747131154,585,63353,
21,127,0.005886821116597038,93,15798,
21,129,0.03432243949131683,251,7313,
21,131,0.006269914688046048,61,9729,
21,133,0.007944783752917225,160,20139,
21,135,0.006446601941747573,83,12875,
21,137,0.023203532717784022,578,24910,
21,139,0.009642654566080544,85,8815,
21,141,0.058242877718059506,1658,28467,
21,143,0.0749063670411985,680,9078,
21,145,0.11048112509252406,7463,67550,
21,147,0.05611031859248693,944,16824,
21,149,0.011834319526627219,108,9126,
21,151,0.04473700066277038,4455,99582,
21,153,0.0040474905558553695,45,11118,
21,155,0.06649539066042014,1320,19851,
21,157,0.006176340833175774,196,31734,
21,159,0.07488780852655198,801,10696,
21,161,0.05915310214673272,1003,16956,
21,163,0.036988371329084814,1126,30442,
21,165,0.010250749093202964,65,6341,
21,167,0.0346587284711886,815,23515,
21,169,0.016953968554650502,179,10558,
21,171,0.020872525306817165,233,11163,
21,173,0.023426366827708458,674,28771,
21,175,0.04650349650349651,665,14300,
21,177,0.036248033560566335,1106,30512,
21,179,0.05284769843551103,2574,48706,
21,181,0.008828045035823951,69,7816,
21,183,0.01052939455981281,252,23933,
21,185,0.039376107763204535,2777,70525,
21,187,0.013117621337997376,150,11435,
21,189,0.010692464358452138,42,3928,
21,191,0.010711398544866612,159,14844,
21,193,0.01638056771008639,438,26739,
21,195,0.008208551325996752,455,55430,
21,197,0.01291769801980198,167,12928,
21,199,0.011938601478112564,798,66842,
21,201,0.018052057094878254,43,2382,
21,203,0.005300135584863799,86,16226,
21,205,0.019493414387031407,481,24675,
21,207,0.009968577310651209,184,18458,
21,209,0.05969205834683955,3683,61700,
21,211,0.0664352406033038,3330,50124,
21,213,0.08746928746928746,1780,20350,
21,215,0.018585218268261056,387,20823,
21,217,0.05278078257301652,1415,26809,
21,219,0.07125499725640824,909,12757,
21,221,0.06951026856240126,1012,14559,
21,223,0.007566057502037015,65,8591,
21,225,0.08051297617240856,1061,13178,
21,227,0.10254434349989185,15170,147936,
21,229,0.049963322194147855,613,12269,
21,231,0.017728870548677975,348,19629,
21,233,0.037420258285358644,481,12854,
21,235,0.010340289528106787,385,37233,
21,237,0.004714016341923318,30,6364,
21,239,0.04500865551067513,1248,27728,
22,000,0.3179214135640554,1461720,4597740,
22,001,0.17525263232280405,9920,56604,
22,003,0.20679080929736457,4653,22501,
22,005,0.24993634579957164,33375,133534,
22,007,0.28224438902743143,5659,20050,
22,009,0.28921377009876736,11098,38373,
22,011,0.1090339283281101,4001,36695,
22,013,0.40203029326458267,4990,12412,
22,015,0.244984820979085,32118,131102,
22,017,0.5006469743389078,112592,224893,
22,019,0.24629582183205148,50949,206861,
22,021,0.1646971148727776,1547,9393,
22,023,0.04189824711415135,196,4678,
22,025,0.27801932367149756,2302,8280,
22,027,0.4892516805791534,6623,13537,
22,029,0.3923133112322302,6982,17797,
22,031,0.3338710860159859,9106,27274,
22,033,0.4569579402324832,207012,453022,
22,035,0.6832559489262914,4709,6892,
22,037,0.40764964420259525,7791,19112,
22,039,0.26284454244762956,8344,31745,
22,041,0.3128172920919035,5977,19107,
22,043,0.15649735401872542,3460,22109,
22,045,0.3203583061889251,21637,67540,
22,047,0.4581401599139958,13637,29766,
22,049,0.2580252753936609,3818,14797,
22,051,0.2615288833548272,111739,427253,
22,053,0.16105738643593331,5063,31436,
22,055,0.26951593173406335,68522,254241,
22,057,0.13937194520777832,13288,95342,
22,059,0.12345259148415182,1815,14702,
22,061,0.39491739734261966,19052,48243,
22,063,0.10882618421569012,16638,152886,
22,065,0.6226767843396019,5662,9093,
22,067,0.4822802371043007,11472,23787,
22,069,0.4045078094602857,14555,35982,
22,071,0.5555953802167626,201515,362701,
22,073,0.37954318000430726,59920,157874,
22,075,0.21046256000717842,4691,22289,
22,077,0.3369110607205845,6686,19845,
22,079,0.316452076664628,39841,125899,
22,081,0.3904393478861564,2826,7238,
22,083,0.35147380746321844,6904,19643,
22,085,0.16136300928906466,3509,21746,
22,087,0.25692785208672936,11506,44783,
22,089,0.2452579365079365,12361,50400,
22,091,0.4878879985262964,5297,10857,
22,093,0.46687598116169543,8922,19110,
22,095,0.5815236559681564,23083,39694,
22,097,0.41446042364812224,33517,80869,
22,099,0.2909523995470342,14902,51218,
22,101,0.30190816043077845,14129,46799,
22,103,0.14634295697278604,40627,277615,
22,105,0.30391280404511417,42494,139823,
22,107,0.5374609781477627,2066,3844,
22,109,0.18114072248324734,18814,103864,
22,111,0.2302468836397148,4747,20617,
22,113,0.14468867646293437,8340,57641,
22,115,0.12937864204805866,5928,45819,
22,117,0.30088711465956974,13567,45090,
22,119,0.33668713051386995,11846,35184,
22,121,0.41463500439753737,11786,28425,
22,123,0.14491030905554356,1341,9254,
22,125,0.4286374133949192,6496,15155,
22,127,0.28026855650876537,3757,13405,
23,000,0.023525777715777515,33054,1405012,
23,001,0.06554063432576862,7555,115272,
23,003,0.010407930993171199,695,66776,
23,005,0.04564559971192668,14324,313809,
23,007,0.0079606497961297,246,30902,
23,009,0.015242510448495065,868,56946,
23,011,0.00914674492647574,1175,128461,
23,013,0.009004172665381519,369,40981,
23,015,0.00846784138554712,309,36491,
23,017,0.007078732157431003,425,60039,
23,019,0.012222647283856159,1917,156840,
23,021,0.006310234052317577,110,17432,
23,023,0.01216007663243042,457,37582,
23,025,0.00654485955822198,336,51338,
23,027,0.0056380333357953566,229,40617,
23,029,0.007902367523818628,248,31383,
23,031,0.01722062477571397,3791,220143,
24,000,0.30122764328891527,1886655,6263220,
24,001,0.07748483538757321,5199,67097,
24,003,0.19353698016103593,116577,602350,
24,005,0.314336158606329,267948,852425,
24,009,0.14104495696058494,13387,94913,
24,011,0.13116094370474188,4492,34248,
24,013,0.04527181155001468,8018,177108,
24,015,0.08522647100324537,9060,106305,
24,017,0.533161773977235,93025,174478,
24,019,0.28233448005311124,9356,33138,
24,021,0.118356124109222,35426,299317,
24,023,0.01165780297960765,331,28393,
24,025,0.15797283759048486,41944,265514,
24,027,0.20941036541564115,71130,339668,
24,029,0.134223040343611,2625,19557,
24,031,0.19420885488227094,210187,1082273,
24,033,0.5878335948952493,568217,966629,
24,035,0.05932424377887051,3185,53688,
24,037,0.15599000592432322,18168,116469,
24,039,0.4039459609365714,10196,25241,
24,041,0.11936512917058885,4565,38244,
24,043,0.1354338921820541,21294,157228,
24,045,0.27661315351409305,29412,106329,
24,047,0.12041518670519168,6543,54337,
24,510,0.5919182925048084,336370,568271,
25,000,0.07849475580111519,560152,7136171,
25,001,0.038796921357010794,9023,232570,
25,003,0.03560275313456489,4583,128726,
25,005,0.07244394683592907,42640,588593,
25,007,0.06011110583543042,1266,21061,
25,009,0.038522315999504814,31740,823938,
25,011,0.01495675240930705,1060,70871,
25,013,0.08266706308938256,38370,464151,
25,015,0.03139680409192317,5193,165399,
25,017,0.05652515704428397,94338,1668956,
25,019,0.09495569188820722,1393,14670,
25,021,0.08361885322252732,61941,740754,
25,023,0.12382076776918961,67122,542090,
25,025,0.18948387682438497,150288,793144,
25,027,0.058093748865245654,51195,881248,
26,000,0.13677901562444067,1387002,10140459,
26,001,0.008377259036144578,89,10624,
26,003,0.07556066705002876,657,8695,
26,005,0.013697735013763078,1677,122429,
26,007,0.007507871155243401,217,28903,
26,009,0.006684056080860776,164,24536,
26,011,0.0070921985815602835,107,15087,
26,013,0.06806218631411433,556,8169,
26,015,0.008887153455681375,569,64025,
26,017,0.018645702428617354,1914,102651,
26,019,0.008909287257019439,165,18520,
26,021,0.13568168274362652,20719,152703,
26,023,0.025548314460779008,1180,46187,
26,025,0.10885375789513024,14563,133785,
26,027,0.04661493695441319,2403,51550,
26,029,0.006703696609844857,175,26105,
26,031,0.011092281620705592,288,25964,
26,033,0.06129147932584889,2222,36253,
26,035,0.008151568221620761,256,31405,
26,037,0.019737663960024986,1580,80050,
26,039,0.008382969335980588,114,13599,
26,041,0.004770082045411181,175,36687,
26,043,0.005924216195422196,154,25995,
26,045,0.07221400259374942,7907,109494,
26,047,0.00795310612978291,270,33949,
26,049,0.19797205422107542,79640,402279,
26,051,0.005654933641084824,147,25995,
26,053,0.00829992262783991,118,14217,
26,055,0.008279430789133247,800,96625,
26,057,0.06335202552450933,2621,41372,
26,059,0.007260364114937487,331,45590,
26,061,0.011566467758471123,440,38041,
26,063,0.006790123456790123,209,30780,
26,065,0.1188215971655528,34509,290427,
26,067,0.055184905660377356,3656,66250,
26,069,0.008595875556957533,218,25361,
26,071,0.006405329233922624,75,11709,
26,073,0.027953651340054095,1819,65072,
26,075,0.07715015009392572,12362,160233,
26,077,0.11417403127124405,30231,264780,
26,079,0.009023525620367387,168,18618,
26,081,0.10298780687130202,69311,673002,
26,083,0.003239241092086997,7,2161,
26,085,0.09304113802383698,1210,13005,
26,087,0.014220348106944196,1268,89168,
26,089,0.006252459446460583,143,22871,
26,091,0.023591758230515826,2306,97746,
26,093,0.007183616278125254,1415,196976,
26,095,0.13400758533501897,848,6328,
26,097,0.05895549174443647,657,11144,
26,099,0.14047451124213614,124485,886175,
26,101,0.03370038010893844,860,25519,
26,103,0.015534209093984907,1056,67979,
26,105,0.008764995015983226,255,29093,
26,107,0.024459436908479747,1026,41947,
26,109,0.009718004338394794,224,23050,
26,111,0.013651186593987289,1147,84022,
26,113,0.006037141544720783,92,15239,
26,115,0.03018360088436028,4710,156045,
26,117,0.04498369737715324,3118,69314,
26,119,0.005494505494505495,54,9828,
26,121,0.13167594742656177,23363,177428,
26,123,0.011707828518173346,603,51504,
26,125,0.13480423907076017,174826,1296888,
26,127,0.009809728289035315,265,27014,
26,129,0.007052656659518704,148,20985,
26,131,0.007383241758241758,43,5824,
26,133,0.010134559700221427,238,23484,
26,135,0.008841321544904607,76,8596,
26,137,0.007514473028409309,196,26083,
26,139,0.01835518474374255,5621,306235,
26,141,0.006349206349206349,84,13230,
26,143,0.006267758649506936,150,23932,
26,145,0.1817605506248868,34119,187714,
26,147,0.024658781844948473,3953,160308,
26,149,0.02336074283565742,1429,61171,
26,151,0.006303824485642667,254,40293,
26,153,0.00599168500855955,49,8178,
26,155,0.007369597834720956,501,67982,
26,157,0.012510188221468242,660,52757,
26,159,0.03303603094747074,2515,76129,
26,161,0.1174831160147108,43924,373875,
26,163,0.3693002451070346,654054,1771063,
26,165,0.007951247823563552,274,34460,
27,000,0.0794588299182949,460317,5793151,
27,001,0.005632078359351087,92,16335,
27,003,0.09953561193079291,37509,376840,
27,005,0.00679945830041756,241,35444,
27,007,0.00810487147684017,379,46762,
27,009,0.057114204531887966,2392,41881,
27,011,0.00789421748569173,40,5067,
27,013,0.056916548797736916,4024,70700,
27,015,0.007584597432905484,195,25710,
27,017,0.019567288066403593,719,36745,
27,019,0.024150300102993925,2720,112628,
27,021,0.004516252146809999,142,31442,
27,023,0.01008212049760143,124,12299,
27,025,0.015886980796886895,939,59105,
27,027,0.05926878889420775,3962,66848,
27,029,0.006952491309385863,60,8630,
27,031,0.01705259378926584,95,5571,
27,033,0.014288234256482625,162,11338,
27,035,0.008624457329331895,592,68642,
27,037,0.09555870384591619,43303,453156,
27,039,0.010121457489878543,215,21242,
27,041,0.006886534946034608,275,39933,
27,043,0.00965000720149791,134,13886,
27,045,0.006650544135429262,143,21502,
27,047,0.014778650128653427,448,30314,
27,049,0.014713851027468633,706,47982,
27,051,0.009166803077426747,56,6109,
27,053,0.1476737446734321,188038,1273334,
27,055,0.00746512641673932,137,18352,
27,057,0.0045351473922902496,100,22050,
27,059,0.011651063245359031,509,43687,
27,061,0.00565556093481801,257,45442,
27,063,0.011357874454923436,112,9861,
27,065,0.006924373795761079,115,16608,
27,067,0.059990150870752566,2680,44674,
27,069,0.010270541082164329,41,3992,
27,071,0.00819389339313438,95,11594,
27,073,0.005575647980711272,37,6636,
27,075,0.005795475789867265,62,10698,
27,077,0.008954437713984725,34,3797,
27,079,0.009742684499966053,287,29458,
27,081,0.0035945363048166786,20,5564,
27,083,0.030261563123118427,774,25577,
27,085,0.008754758020663405,322,36780,
27,087,0.004909365558912387,26,5296,
27,089,0.006498688861019268,57,8771,
27,091,0.0076171974847911664,149,19561,
27,093,0.005917159763313609,139,23491,
27,095,0.007868876237444247,217,27577,
27,097,0.006720741599073001,232,34520,
27,099,0.040513447432762834,1657,40900,
27,101,0.005469915464942815,44,8044,
27,103,0.04757487026353173,1641,34493,
27,105,0.040420592653284175,888,21969,
27,107,0.0076384468491406746,48,6284,
27,109,0.08314305628995818,13837,166424,
27,111,0.015143551672032062,922,60884,
27,113,0.011646645180193378,159,13652,
27,115,0.023252745802961838,705,30319,
27,117,0.012747252747252748,116,9100,
27,119,0.027488245158320455,836,30413,
27,121,0.006002609830361026,69,11495,
27,123,0.1359980812339142,73713,542015,
27,125,0.009015971148892323,35,3882,
27,127,0.009964599449324768,152,15254,
27,129,0.008994672386355774,130,14453,
27,131,0.07831944947482795,5406,69025,
27,133,0.011128608923884514,106,9525,
27,135,0.009891909597117589,151,15265,
27,137,0.015463609470402501,3105,200794,
27,139,0.0764601859979899,12020,157206,
27,141,0.05378472525446589,5543,103059,
27,143,0.009674871659865737,147,15194,
27,145,0.10986176576400788,18017,163997,
27,147,0.0377464337233531,1413,37434,
27,149,0.015072818005906916,148,9819,
27,151,0.011897372232567763,115,9666,
27,153,0.006665382392602582,173,25955,
27,155,0.008934269304403318,28,3134,
27,157,0.006396588486140725,138,21574,
27,159,0.009835838470596384,142,14437,
27,161,0.020926996360522372,391,18684,
27,163,0.062367939146358645,17710,283960,
27,165,0.007318814709032488,82,11204,
27,167,0.009093809827696234,57,6268,
27,169,0.022732275428731515,1136,49973,
27,171,0.03325506329523329,5141,154593,
27,173,0.009495359009922117,89,9373,
28,000,0.3727615445907215,1097054,2943045,
28,001,0.5729232056915673,16428,28674,
28,003,0.12296949865607106,4209,34228,
28,005,0.3803710545337724,4736,12451,
28,007,0.44286377888746953,7627,17222,
28,009,0.3420565688606926,2588,7566,
28,011,0.635463990139109,18044,28395,
28,013,0.275442998275051,3513,12754,
28,015,0.3328001706120708,3121,9378,
28,017,0.43853582925956835,7356,16774,
28,019,0.2846372512668397,2303,8091,
28,021,0.8460970204383157,6872,8122,
28,023,0.3461563840316727,5246,15155,
28,025,0.5997913578213364,10924,18213,
28,027,0.7528475503606068,15136,20105,
28,029,0.4920830912260314,13550,27536,
28,031,0.35570358034970856,6408,18015,
28,033,0.3584246774662916,70205,195871,
28,035,0.3632816982214573,28494,78435,
28,037,0.34047365620010644,2559,7516,
28,039,0.07515455950540958,1945,25880,
28,041,0.25806215722120657,3529,13675,
28,043,0.4382494864077206,9173,20931,
28,045,0.08216467349221371,3820,46492,
28,047,0.25688953352360455,54905,213730,
28,049,0.7305436961905886,154857,211975,
28,051,0.8210154241645244,12775,15560,
28,053,0.7703974160932453,5486,7121,
28,055,0.6223938223938223,806,1295,
28,057,0.07814695429374328,1891,24198,
28,059,0.20743255193806887,30493,147002,
28,061,0.5192733717323881,8204,15799,
28,063,0.8372463768115942,5777,6900,
28,065,0.5882991228863369,6506,11059,
28,067,0.2858271184896031,18818,65837,
28,069,0.6045316514832983,5176,8562,
28,071,0.2302524940260348,13779,59843,
28,073,0.228654059400006,15259,66734,
28,075,0.44530231767439227,31433,70588,
28,077,0.31982522275531183,3733,11672,
28,079,0.38379461373590534,8237,21462,
28,081,0.31273791740953116,25961,83012,
28,083,0.743280957296326,19442,26157,
28,085,0.2955715756951596,10332,34956,
28,087,0.4548855095263066,26024,57210,
28,089,0.37791801972918326,43176,114247,
28,091,0.31093802065978005,7465,24008,
28,093,0.4385000290917554,15073,34374,
28,095,0.30298957680016725,10145,33483,
28,097,0.4437360535543513,4176,9411,
28,099,0.21633935042971042,6268,28973,
28,101,0.31215876180980867,6575,21063,
28,103,0.7074809160305343,6951,9825,
28,105,0.376157028769364,19547,51965,
28,107,0.49404834574533024,16187,32764,
28,109,0.11792308995426054,6961,59030,
28,111,0.1847273364895669,2107,11406,
28,113,0.5511031298101591,21482,38980,
28,115,0.15793090522896233,5056,32014,
28,117,0.15685197536192083,3998,25489,
28,119,0.7302417899675208,4047,5542,
28,121,0.23001376321050238,36934,160573,
28,123,0.35277958505024215,9760,27666,
28,125,0.7226345083487941,2337,3234,
28,127,0.3485564714614994,8922,25597,
28,129,0.23998291936516974,3372,14051,
28,131,0.18370892738515,3595,19569,
28,133,0.7264753137348561,16730,23029,
28,135,0.5758630162073071,6289,10921,
28,137,0.3015656194178838,8610,28551,
28,139,0.16253559258740605,3482,21423,
28,141,0.03002209885193769,557,18553,
28,143,0.7762367587637873,7108,9157,
28,145,0.1561188872827275,4428,28363,
28,147,0.417515716453501,5778,13839,
28,149,0.49526184538653367,20853,42105,
28,151,0.7315509579660523,30126,41181,
28,153,0.4009316927439364,7918,19749,
28,155,0.177109273832055,1778,10039,
28,157,0.6832480818414323,5343,7820,
28,159,0.459811689057297,8009,17418,
28,161,0.38280622892920213,4769,12458,
28,163,0.5846942321056289,13462,23024,
29,000,0.11425744692229531,713591,6245466,
29,001,0.04812938425565082,1235,25660,
29,003,0.012602951743961085,228,18091,
29,005,0.0066160731659856,34,5139,
29,007,0.05558755760368664,1351,24304,
29,009,0.006625863327531024,236,35618,
29,011,0.0076811470512929934,90,11717,
29,013,0.015310479443698915,251,16394,
29,015,0.007761715339089939,160,20614,
29,017,0.006974552309142319,74,10610,
29,019,0.09979495612893825,19176,192154,
29,021,0.05767343910785651,4820,83574,
29,023,0.05919070167886354,2475,41814,
29,025,0.010444444444444444,94,9000,
29,027,0.04957230864689979,2237,45126,
29,029,0.00962954571201994,425,44135,
29,031,0.08119964617848861,6793,83658,
29,033,0.021392916567625386,180,8414,
29,035,0.00765068109721963,41,5359,
29,037,0.057125042810850686,6505,113873,
29,039,0.008853091925713905,133,15023,
29,041,0.0297417872110315,220,7397,
29,043,0.011359258680826696,1091,96045,
29,045,0.005435603200966329,36,6623,
29,047,0.08179747123818203,21543,263370,
29,049,0.014179825974863036,308,21721,
29,051,0.1148341384863124,8914,77625,
29,053,0.054724915313631585,937,17122,
29,055,0.0072343037530690985,165,22808,
29,057,0.006297559695617948,48,7622,
29,059,0.006880349051854338,123,17877,
29,061,0.0060882800608828,52,8541,
29,063,0.03571428571428571,353,9884,
29,065,0.007472318456626588,110,14721,
29,067,0.008299430431244915,102,12290,
29,069,0.10743648618620844,2901,27002,
29,071,0.01016260162601626,1090,107256,
29,073,0.007710678949164108,113,14655,
29,075,0.009844395046046363,62,6298,
29,077,0.035513181053575024,10936,307942,
29,079,0.011365963546999796,111,9766,
29,081,0.005130710969948693,42,8186,
29,083,0.012181616832779624,275,22575,
29,085,0.008213552361396304,72,8766,
29,087,0.006602216458382457,28,4241,
29,089,0.0496551724137931,504,10150,
29,091,0.00708993670575536,289,40762,
29,093,0.01592356687898089,150,9420,
29,095,0.2223982006208738,161764,727362,
29,097,0.021347417357822248,2700,126479,
29,099,0.014205133512730284,3294,231888,
29,101,0.048282032927702216,2698,55880,
29,103,0.008556149732620321,32,3740,
29,105,0.010615711252653927,390,36738,
29,107,0.020351526364477335,682,33511,
29,109,0.0061045694873694155,239,39151,
29,111,0.0356272838002436,351,9852,
29,113,0.01992775619232637,1313,65888,
29,115,0.011586901763224182,138,11910,
29,117,0.030699959066721245,450,14658,
29,119,0.011224744325268148,270,24054,
29,121,0.023127100217434277,351,15177,
29,123,0.011437908496732025,147,12852,
29,125,0.008934869503879615,76,8506,
29,127,0.043905013192612134,1248,28425,
29,129,0.005214368482039398,18,3452,
29,131,0.009350163627863487,240,25668,
29,133,0.22825531914893618,2682,11750,
29,135,0.02451941938014908,375,15294,
29,137,0.03003374578177728,267,8890,
29,139,0.014247241768742942,164,11511,
29,141,0.009152194294388143,205,22399,
29,143,0.16927425716539574,2575,15212,
29,145,0.010777158276304882,663,61519,
29,147,0.023557528166609765,483,20503,
29,149,0.005747787101965743,50,8699,
29,151,0.005638818815848048,76,13478,
29,153,0.0046204620462046205,42,9090,
29,155,0.25237731658221696,3636,14407,
29,157,0.007382198952879581,141,19100,
29,159,0.03123929574570117,1368,43791,
29,161,0.027106323349097915,1238,45672,
29,163,0.06068704415121653,1090,17961,
29,165,0.08722958827634333,9875,113207,
29,167,0.008950710613849411,296,33070,
29,169,0.10116003261433548,5459,53964,
29,171,0.0026437541308658294,12,4539,
29,173,0.015430040956281551,162,10499,
29,175,0.04954936246210076,1193,24077,
29,177,0.01250053881632829,290,23199,
29,179,0.015016028344862493,89,5927,
29,181,0.010919272048530097,117,10715,
29,183,0.06355050197533312,26928,423726,
29,185,0.007717303005686434,76,9848,
29,186,0.018117114202523456,336,18546,
29,187,0.04076855843443995,2752,67503,
29,189,0.25028375644179995,248514,992929,
29,195,0.055434083601286176,1293,23325,
29,197,0.005898255099533055,24,4069,
29,199,0.0017028522775649213,8,4698,
29,201,0.12474642358458256,4735,37957,
29,203,0.007697594501718213,56,7275,
29,205,0.01603104961187985,95,5926,
29,207,0.01385470145579858,394,28438,
29,209,0.0068342016549187866,223,32630,
29,211,0.028,161,5750,
29,213,0.01621316791202594,920,56744,
29,215,0.03947112580206105,1015,25715,
29,217,0.011118411077980492,220,19787,
29,219,0.023493944591714746,904,38478,
29,221,0.02730780647076284,644,23583,
29,223,0.010998151571164511,119,10820,
29,225,0.01177422040389144,495,42041,
29,227,0.011217948717948718,21,1872,
29,229,0.008459369392463471,165,19505,
29,510,0.4198537692843991,117431,279695,
30,000,0.00584312977199923,6645,1137233,
30,001,0.003897661403158105,39,10006,
30,003,0.0053141606752110035,68,12796,
30,005,0.005504852962480081,38,6903,
30,007,0.005299927728258251,44,8302,
30,009,0.008262306488084884,95,11498,
30,011,0.0028591851322373124,4,1399,
30,013,0.014256474569052211,1205,84523,
30,015,0.002210884353741497,13,5880,
30,017,0.008274824473420261,99,11964,
30,019,0.003076923076923077,5,1625,
30,021,0.005268583209254381,46,8731,
30,023,0.005300173274895526,52,9811,
30,025,0.005431093007467753,16,2946,
30,027,0.0035407182599898838,42,11862,
30,029,0.003361652710714504,385,114527,
30,031,0.005733005733005733,728,126984,
30,033,0.004233700254022015,5,1181,
30,035,0.0032585351403391838,44,13503,
30,037,0.011587485515643106,10,863,
30,039,0.005830094392004442,21,3602,
30,041,0.005788982259570495,93,16065,
30,043,0.005712567648827421,76,13304,
30,045,9.474182851729038e-4,2,2111,
30,047,0.004430739753914319,148,33403,
30,049,0.00476513729718218,358,75129,
30,051,0.00672182006204757,13,1934,
30,053,0.004372520735665344,97,22184,
30,055,0.005824111822947,10,1717,
30,057,0.010150722854506305,99,9753,
30,059,0.006779661016949152,14,2065,
30,061,0.005582290664100096,29,5195,
30,063,0.005002203254288185,613,122546,
30,065,0.010638297872340425,58,5452,
30,067,0.005422153369481022,98,18074,
30,069,0.0019047619047619048,1,525,
30,071,0.0021357380161366873,9,4214,
30,073,0.0057584731819677526,35,6078,
30,075,0.0017301038062283738,3,1734,
30,077,0.011797752808988765,84,7120,
30,079,0.0035971223021582736,4,1112,
30,081,0.004046734596467927,195,48187,
30,083,0.005803409503083061,64,11028,
30,085,0.004805334902422281,49,10197,
30,087,0.004271418110812789,35,8194,
30,089,0.003166606693055056,44,13895,
30,091,0.0034802784222737818,12,3448,
30,093,0.005728676592682792,207,36134,
30,095,0.0025396825396825397,24,9450,
30,097,0.0037263774287995743,14,3757,
30,099,0.003569211669770329,23,6444,
30,101,0.017465554046186688,90,5153,
30,103,0,0,739,
30,105,0.0057842345977939195,43,7434,
30,107,0.003401360544217687,7,2058,
30,109,0.0043907793633369925,4,911,
30,111,0.006008753780968977,1031,171583,
31,000,0.05206622902917777,104417,2005465,
31,001,0.011604051801513015,362,31196,
31,003,0.003617489776659327,23,6358,
31,005,0,0,423,
31,007,0.021052631578947368,14,665,
31,009,0.00881057268722467,4,454,
31,011,0.005042958535674262,27,5354,
31,013,0.026254321218349995,281,10703,
31,015,0.001176470588235294,2,1700,
31,017,0.0045185957594716716,13,2877,
31,019,0.010321369927281257,528,51156,
31,021,0.008473316485803479,57,6727,
31,023,0.009005806375162934,76,8439,
31,025,0.008838934962898297,243,27492,
31,027,0.004478334543694021,37,8262,
31,029,0.006907545164718385,26,3764,
31,031,0.005037783375314861,28,5558,
31,033,0.007810872734846907,75,9602,
31,035,0.00950352285761101,58,6103,
31,037,0.0624422686125993,676,10826,
31,039,0.004468275245755138,40,8952,
31,041,0.008582053971583866,90,10487,
31,043,0.0872744316850246,1862,21335,
31,045,0.01736848681744346,139,8003,
31,047,0.06495886617251771,1595,24554,
31,049,0.002642706131078224,5,1892,
31,051,0.006514657980456026,36,5526,
31,053,0.010083412522436913,382,37884,
31,055,0.11128022915772559,66897,601158,
31,057,0.008222643896268185,13,1581,
31,059,0.005805515239477504,32,5512,
31,061,0.005324813631522897,15,2817,
31,063,0.006309148264984227,16,2536,
31,065,0.006266786034019696,28,4468,
31,067,0.00737769170470789,160,21687,
31,069,0.004434589800443459,8,1804,
31,071,0.0029291154071470417,5,1707,
31,073,0.011615044247787611,21,1808,
31,075,0.0017452006980802793,1,573,
31,077,0.006827492034592627,15,2197,
31,079,0.03232117577820547,2032,62869,
31,081,0.004182350480970306,40,9564,
31,083,0.005632869449966865,17,3018,
31,085,0.013002364066193853,11,846,
31,087,0.004878048780487805,12,2460,
31,089,0.0058300395256917,59,10120,
31,091,0,0,698,
31,093,0.006695069993913573,44,6572,
31,095,0.00616591928251121,44,7136,
31,097,0.07204445296033724,376,5219,
31,099,0.004296932878945029,29,6749,
31,101,0.008959253804614629,73,8148,
31,103,0,0,819,
31,105,0.01875945537065053,62,3305,
31,107,0.005297375391283409,44,8306,
31,109,0.044157100496609654,14698,332857,
31,111,0.011795071880908791,393,33319,
31,113,0.002881844380403458,2,694,
31,115,0.020618556701030927,12,582,
31,117,0.005319148936170213,2,376,
31,119,0.0141094465836589,502,35579,
31,121,0.0047211943345667985,37,7837,
31,123,0.006020066889632107,27,4485,
31,125,0.010116492949110975,33,3262,
31,127,0.01518592108998013,107,7046,
31,129,0.004396678065461651,18,4094,
31,131,0.010728708335844736,178,16591,
31,133,0.009123363744545815,23,2521,
31,135,0.007556675062972292,21,2779,
31,137,0.006525105065251051,59,9042,
31,139,0.005317698391055358,39,7334,
31,141,0.010986224964083495,390,35499,
31,143,0.005503890681343709,29,5269,
31,145,0.0121049092131809,126,10409,
31,147,0.004956952778502478,38,7666,
31,149,0.0016116035455278,2,1241,
31,151,0.01248303934871099,184,14740,
31,153,0.04548206299919933,9316,204828,
31,155,0.006109544561223618,143,23406,
31,157,0.0074438909721833545,266,35734,
31,159,0.00821655692498171,146,17769,
31,161,0.0075096407550233404,37,4927,
31,163,0.007460155985079688,22,2949,
31,165,0.00545950864422202,6,1099,
31,167,0.009381514940931202,54,5756,
31,169,0.0078028747433264885,38,4870,
31,171,0.01892744479495268,12,634,
31,173,0.0055748078951333435,37,6637,
31,175,0.00496031746031746,20,4032,
31,177,0.008657193939964242,184,21254,
31,179,0.01773049645390071,175,9870,
31,181,0.008117859290438966,27,3326,
31,183,0.0037128712871287127,3,808,
31,185,0.01933913043478261,278,14375,
32,000,0.09869571750839412,322485,3267467,
32,001,0.021434333346137594,558,26033,
32,003,0.1259563352927273,302153,2398871,
32,005,0.007485271568073602,371,49564,
32,007,0.010632231480970512,578,54363,
32,009,0.04583333333333333,33,720,
32,011,0.017581246670218435,33,1877,
32,013,0.010808600140219678,185,17116,
32,015,0.00864304235090752,50,5785,
32,017,0.029228998849252015,127,4345,
32,019,0.012649486801217866,806,63718,
32,021,0.037318435754189944,167,4475,
32,023,0.03902482586176103,2185,55990,
32,027,0.04100367197062423,268,6536,
32,029,0.017266536964980546,71,4112,
32,031,0.026230089891184357,13306,507280,
32,033,0.034919146941645184,298,8534,
32,510,0.022287954873770378,1296,58148,
33,000,0.017059229314877165,24037,1409032,
33,001,0.007355532739782705,480,65257,
33,003,0.006618486116394066,348,52580,
33,005,0.00909347063193217,710,78078,
33,007,0.009165755451212452,285,31094,
33,009,0.013649309473910473,1270,93045,
33,011,0.029321984286650157,12622,430462,
33,013,0.019440168747505843,3069,157869,
33,015,0.009242230168748236,2980,322433,
33,017,0.013062398473942267,1753,134202,
33,019,0.011814959556484594,520,44012,
34,000,0.1292766300618755,1228238,9500851,
34,001,0.14340735326784038,40027,279114,
34,003,0.05690544336482939,55690,978641,
34,005,0.17861686802729673,84935,475515,
34,007,0.18838063776714084,100593,533988,
34,009,0.037752330226364844,3544,93875,
34,011,0.1787021929880908,27820,155678,
34,013,0.36739317116775777,323867,881527,
34,015,0.11406651421020389,35564,311783,
34,017,0.10919266217051421,80386,736185,
34,019,0.02735596926534455,3603,131708,
34,021,0.18516950665327003,72612,392138,
34,023,0.10385352969659113,92442,890119,
34,025,0.06287373362984927,40712,647520,
34,027,0.036357692241512814,19017,523053,
34,029,0.03369125824912895,22453,666434,
34,031,0.09287747556480573,48909,526597,
34,033,0.139660564107235,9200,65874,
34,035,0.09782161710031975,34968,357467,
34,037,0.029475597514988742,4346,147444,
34,039,0.2017234414972398,119856,594160,
34,041,0.06867741964277745,7694,112031,
35,000,0.02133217791664476,45443,2130256,
35,001,0.02912703741140638,19566,671747,
35,003,0.007905138339920948,30,3795,
35,005,0.016970971945303545,1081,63697,
35,006,0.013452746758600014,359,26686,
35,007,0.008287966198098642,102,12307,
35,009,0.057299177199083895,2702,47156,
35,011,0.006035003017501509,10,1657,
35,013,0.01945362433839366,4462,229366,
35,015,0.01464939123640862,900,61436,
35,017,0.009694637086525544,267,27541,
35,019,0.021664766248574687,95,4385,
35,021,0.01732283464566929,11,635,
35,023,0.010337871911245588,41,3966,
35,025,0.03326635706777022,2500,75151,
35,027,0.007790262172284644,156,20025,
35,028,0.01397712833545108,275,19675,
35,029,0.013177216168173739,341,25878,
35,031,0.005468126767713395,377,68945,
35,033,0.004150390625,17,4096,
35,035,0.03794236203755505,2645,69711,
35,037,0.016422706176365584,138,8403,
35,039,0.007233137279439369,289,39955,
35,041,0.022444290065729705,420,18713,
35,043,0.025006814277654874,3945,157757,
35,045,0.005727670774808181,692,120817,
35,047,0.016270622067504164,430,26428,
35,049,0.010363515355116787,1635,157765,
35,051,0.011063306699446834,126,11389,
35,053,0.010772217699004195,172,15967,
35,055,0.00565512441273708,195,34482,
35,057,0.01313649443262855,210,15986,
35,059,0.02215995924605196,87,3926,
35,061,0.014440745919592145,1167,80813,
36,000,0.14311101366429815,2843222,19867248,
36,001,0.13036779137652987,41713,319964,
36,003,0.015074314467536312,713,47299,
36,005,0.29622654045138236,410192,1384724,
36,007,0.06130439874336166,12040,196397,
36,009,0.015011593242795628,1133,75475,
36,011,0.038488875776147624,2870,74567,
36,013,0.02062769429112445,2560,124105,
36,015,0.059582074832028604,4833,81115,
36,017,0.009983397413491786,457,45776,
36,019,0.0311284046692607,2424,77871,
36,021,0.04290286737756845,2587,60299,
36,023,0.022091631298291434,1015,45945,
36,025,0.01970989568011586,871,44191,
36,027,0.10782996569576915,32345,299963,
36,029,0.12803991575864557,121715,950602,
36,031,0.01671021119094274,614,36744,
36,033,0.03888629316569681,1831,47086,
36,035,0.017859543333397346,930,52073,
36,037,0.027255051732518576,1570,57604,
36,039,0.047353047779459735,2221,46903,
36,041,0.013183785911058638,67,5082,
36,043,0.015658303264244357,933,59585,
36,045,0.057601202050556834,6517,113140,
36,047,0.2806870028663322,734735,2617631,
36,049,0.007376740684983064,196,26570,
36,051,0.018648170107698054,1148,61561,
36,053,0.020321445610687022,1363,67072,
36,055,0.14593287441405367,109771,752202,
36,057,0.028198517563648082,1400,49648,
36,059,0.11695601527680227,162854,1392438,
36,061,0.13016239287417564,216156,1660664,
36,063,0.0734551701102257,15394,209570,
36,065,0.06368815881093248,14543,228347,
36,067,0.1147735690020689,53922,469812,
36,069,0.02684670654443776,3034,113012,
36,071,0.11542207121988891,47527,411767,
36,073,0.05014362747568412,1990,39686,
36,075,0.01196061028697012,1415,118305,
36,077,0.026039257154186767,1576,60524,
36,079,0.0356877927831804,3512,98409,
36,081,0.17670914836192902,409407,2316841,
36,083,0.07790406161158078,12523,160749,
36,085,0.08917288222684319,44427,498212,
36,087,0.10300909968288983,35862,348144,
36,089,0.019906212923030565,2114,106198,
36,091,0.02124313529705442,5106,240360,
36,093,0.12403473416286107,20126,162261,
36,095,0.015588206029650758,470,30151,
36,097,0.010747035803983411,184,17121,
36,099,0.03341500765696784,1091,32650,
36,101,0.015399663098407868,1417,92015,
36,103,0.0799272613156118,122761,1535909,
36,105,0.08885021752641392,7148,80450,
36,107,0.011813175263799554,562,47574,
36,109,0.04140073104676048,4372,105602,
36,111,0.061843838296616514,11316,182977,
36,113,0.014520279377527263,948,65288,
36,115,0.02023763766105717,1211,59839,
36,117,0.028372467137521073,2575,90757,
36,119,0.13405474903298434,134919,1006447,
36,121,0.04327068808729918,1713,39588,
36,123,0.011604543404272768,283,24387,
37,000,0.2081199533877529,2298898,11046024,
37,001,0.21622049825174824,39577,183040,
37,003,0.0552421442782002,2027,36693,
37,005,0.024079444590913084,274,11379,
37,007,0.46687767475035663,10473,22432,
37,009,0.008802171202229883,240,27266,
37,011,0.03991915108640728,711,17811,
37,013,0.22662419239052406,10102,44576,
37,015,0.5923017887714741,10033,16939,
37,017,0.31326191355744365,9328,29777,
37,019,0.08666642730623773,14483,167112,
37,021,0.05668851402170409,15828,279210,
37,023,0.060285730419560674,5338,88545,
37,025,0.2101214657548229,51464,244925,
37,027,0.04971575075242448,4014,80739,
37,029,0.09728183118741059,1088,11184,
37,031,0.04732489787785195,3325,70259,
37,033,0.29915485399991054,6690,22363,
37,035,0.08334430782860631,13923,167054,
37,037,0.10589694064906884,8882,83874,
37,039,0.016626609159450828,505,30373,
37,041,0.3104168166438701,4312,13891,
37,043,0.013785085533964458,166,12042,
37,045,0.2036127365598763,20808,102194,
37,047,0.29288368561953093,14660,50054,
37,049,0.19244098418885058,20046,104167,
37,051,0.38377507904145614,129881,338430,
37,053,0.05855381374310676,1890,32278,
37,055,0.02391116465442736,913,38183,
37,057,0.10546147832786867,18752,177809,
37,059,0.06381244078179053,2896,45383,
37,061,0.23589703001642295,11922,50539,
37,063,0.3193773499249188,109747,343628,
37,065,0.5601538962625193,27517,49124,
37,067,0.25307238856390796,100759,398143,
37,069,0.23902169961514835,19067,79771,
37,071,0.19176067104665095,46408,242010,
37,073,0.29430041751626373,3031,10299,
37,075,0.016261156620613768,133,8179,
37,077,0.2914825165735084,17939,61544,
37,079,0.3606018092980504,7454,20671,
37,081,0.34944239248697245,195274,558816,
37,083,0.5233018386108274,24591,46992,
37,085,0.20456412222100537,29886,146096,
37,087,0.013545235376221291,854,63048,
37,089,0.030437770656862987,3676,120771,
37,091,0.5702436225155199,10931,19169,
37,093,0.34511213029504173,19113,55382,
37,095,0.28038402792930395,1285,4583,
37,097,0.1218883413048008,25153,206361,
37,099,0.023983569267463173,1086,45281,
37,101,0.1806648678511093,45129,249794,
37,103,0.2684421898118791,2540,9462,
37,105,0.17208223295446257,11794,68537,
37,107,0.40146750524109015,22214,55332,
37,109,0.060782083986435954,5933,97611,
37,111,0.039099604585919726,1770,45269,
37,113,0.014489759020585273,561,38717,
37,115,0.015076950608446672,337,22352,
37,117,0.4024531896111137,8662,21523,
37,119,0.30259349987772377,365014,1206285,
37,121,0.008250166333998669,124,15030,
37,123,0.1620770747989683,4273,26364,
37,125,0.10224411300810758,11085,108417,
37,127,0.41222573732013473,40394,97990,
37,129,0.11466591050124726,27902,243333,
37,131,0.5474668275030157,9077,16580,
37,133,0.1359025892915841,28941,212954,
37,135,0.11229943026092871,17168,152877,
37,137,0.17243027888446216,2164,12550,
37,139,0.34250808827080015,14186,41418,
37,141,0.11420294818556731,8003,70077,
37,143,0.20148588410104012,2712,13460,
37,145,0.254490197543781,10216,40143,
37,147,0.3514987581796961,63545,180783,
37,149,0.0406003937007874,825,20320,
37,151,0.06962780259992317,10332,148389,
37,153,0.31312217194570136,13148,41990,
37,155,0.22750876719719448,26988,118624,
37,157,0.18552776500529317,17350,93517,
37,159,0.16345251134407762,25071,153384,
37,161,0.09140530897891351,5995,65587,
37,163,0.2351665452619032,14205,60404,
37,165,0.3779869018821169,12813,33898,
37,167,0.12044381071205774,8109,67326,
37,169,0.04171664086180954,1913,45857,
37,171,0.035766698813367435,2559,71547,
37,173,0.022301900322696307,311,13945,
37,175,0.03119960120810486,1064,34103,
37,177,0.2988342337219221,1051,3517,
37,179,0.1201544501226337,31647,263386,
37,181,0.4983111698986702,21097,42337,
37,183,0.19085167358516897,235214,1232444,
37,185,0.47413657565117134,9047,19081,
37,187,0.4751267129716538,5062,10654,
37,189,0.01849191774096769,1017,54997,
37,191,0.3060878525486546,36834,120338,
37,193,0.04354395189314961,2882,66186,
37,195,0.38517721803947075,30798,79958,
37,197,0.03166206079747335,1203,37995,
37,199,0.008634760174801243,164,18993,
38,000,0.03814614697050346,30386,796568,
38,001,0.020551144325081736,44,2141,
38,003,0.018614558251528062,201,10798,
38,005,0.006080611535788742,35,5756,
38,007,0.01317027281279398,14,1063,
38,009,0.0070411516194648725,45,6391,
38,011,0.003465003465003465,10,2886,
38,013,0.008820798514391829,19,2154,
38,015,0.023722928608144938,2446,103107,
38,017,0.07789196048670034,15652,200945,
38,019,0.007008690776562938,25,3567,
38,021,0.006896551724137931,34,4930,
38,023,0.021657250470809793,46,2124,
38,025,0.014388489208633094,58,4031,
38,027,0.0034647033347769596,8,2309,
38,029,0.005609224057338735,18,3209,
38,031,0.009629852542882938,32,3323,
38,033,0.007799442896935933,14,1795,
38,035,0.04177793441867401,3082,73771,
38,037,0.003115264797507788,7,2247,
38,039,0.006286484059272564,14,2227,
38,041,0.0086812732534105,21,2419,
38,043,0.003795866722901729,9,2371,
38,045,0.004937052579609973,20,4051,
38,047,0.0026595744680851063,5,1880,
38,049,0.007594936708860759,39,5135,
38,051,0.009345794392523364,23,2461,
38,053,0.01785955892301448,264,14782,
38,055,0.006399187404773997,63,9845,
38,057,0.005869669381887877,49,8348,
38,059,0.016406387085453587,561,34194,
38,061,0.014882837238758708,141,9474,
38,063,0.007648819421350183,23,3007,
38,065,0.004782146652497344,9,1882,
38,067,0.008955676988463874,59,6588,
38,069,0.007526602647287828,29,3853,
38,071,0.00947002606429192,109,11510,
38,073,0.011806797853309481,66,5590,
38,075,0.005050505050505051,12,2376,
38,077,0.011465962300396206,191,16658,
38,079,0.005131713992473486,60,11692,
38,081,0.026415094339622643,98,3710,
38,083,7.886435331230284e-4,1,1268,
38,085,0.007810395906275249,29,3713,
38,087,0.010606060606060607,7,660,
38,089,0.024580211449047887,830,33767,
38,091,0.0050933786078098476,9,1767,
38,093,0.022092267706302793,476,21546,
38,095,0.0048756704046806435,10,2051,
38,097,0.012141694830391788,97,7989,
38,099,0.0073428627374192285,75,10214,
38,101,0.04514299910853903,3089,68427,
38,103,0.002892453326321325,11,3803,
38,105,0.05144371120869416,2097,40763,
39,000,0.13044124765300963,1550073,11883304,
39,001,0.00686639442015106,190,27671,
39,003,0.11915809093252434,12019,100866,
39,005,0.010434948492941626,547,52420,
39,007,0.037066848285967846,3592,96906,
39,009,0.02907399791198709,1838,63218,
39,011,0.00683768128565829,314,45922,
39,013,0.046018054782662465,2977,64692,
39,015,0.009821186670279057,435,44292,
39,017,0.09998448223215582,39948,399542,
39,019,0.007709750566893424,204,26460,
39,021,0.021178708201608967,824,38907,
39,023,0.09602548431307183,12962,134985,
39,025,0.02217884113336727,4749,214123,
39,027,0.020205145291415788,849,42019,
39,029,0.02416276809953618,2412,99823,
39,031,0.011350431046131395,420,37003,
39,033,0.011723442079469562,488,41626,
39,035,0.2922374281997172,362548,1240594,
39,037,0.008180793595274183,421,51462,
39,039,0.018139944105165097,701,38644,
39,041,0.04925913786003042,11722,237966,
39,043,0.08684876965371542,6413,73841,
39,045,0.1099831904722166,18451,167762,
39,047,0.023556389410047947,678,28782,
39,049,0.24663884102593595,334517,1356303,
39,051,0.007732939944798706,325,42028,
39,053,0.020736689053520736,599,28886,
39,055,0.013653237138482833,1302,95362,
39,057,0.07213934678294372,12433,172347,
39,059,0.016326957795860696,624,38219,
39,061,0.26127025564901074,218777,837359,
39,063,0.022368561373573636,1678,75016,
39,065,0.011315045062824814,344,30402,
39,067,0.019584104828372025,275,14042,
39,069,0.008824811156304475,243,27536,
39,071,0.014342811465113623,628,43785,
39,073,0.008968609865470852,246,27429,
39,075,0.004007343064386138,179,44668,
39,077,0.012102874432677761,704,58168,
39,079,0.007853803135409345,257,32723,
39,081,0.05322378716744914,3401,63900,
39,083,0.010509334669840872,671,63848,
39,085,0.05694181442589086,13231,232360,
39,087,0.021297175303157858,1189,55829,
39,089,0.04865385239429307,8996,184898,
39,091,0.02037539329499837,939,46085,
39,093,0.07809831382169363,25150,322030,
39,095,0.19944122676763057,85020,426291,
39,097,0.06338538578111616,2886,45531,
39,099,0.1445970963655851,32648,225786,
39,101,0.06557805959123368,4261,64976,
39,103,0.016492890995260665,3045,184625,
39,105,0.009771532269322042,210,21491,
39,107,0.005322641155505533,227,42648,
39,109,0.029790084859312192,3335,111950,
39,111,0.010420657420887288,136,13051,
39,113,0.216940215055364,116593,537443,
39,115,0.028229382205143365,382,13532,
39,117,0.008962618643360147,322,35927,
39,119,0.03803330946386085,3293,86582,
39,121,0.032868456093629546,469,14269,
39,123,0.010757835332056837,427,39692,
39,125,0.009064249533457745,170,18755,
39,127,0.007987220447284345,285,35682,
39,129,0.03997876379548892,2485,62158,
39,131,0.013116571217439497,355,27065,
39,133,0.05345491610666569,8758,163839,
39,135,0.008921349966912576,364,40801,
39,137,0.0054961117932526456,188,34206,
39,139,0.09460725813556743,11812,124853,
39,141,0.05662362254424953,4306,76046,
39,143,0.03210681887677097,1890,58866,
39,145,0.028747318866820804,2064,71798,
39,147,0.023643340032888725,1294,54730,
39,149,0.024670503837170503,1183,47952,
39,151,0.07974262946716174,29831,374091,
39,153,0.15168750116091165,81664,538370,
39,155,0.08740888666999501,17508,200300,
39,157,0.008495567529984356,782,92048,
39,159,0.02954504259561356,2119,71721,
39,161,0.011423823865406585,330,28887,
39,163,0.0062973296133917896,79,12545,
39,165,0.0380810672540313,9751,256059,
39,167,0.013543166700953164,790,58332,
39,169,0.01678784553124357,1958,116632,
39,171,0.013733107183892323,502,36554,
39,173,0.02872772905911615,3823,133077,
39,175,0.005515565111713565,118,21394,
40,000,0.07465901318872206,305758,4095393,
40,001,0.009333535139498512,185,19821,
40,003,0.05672268907563025,324,5712,
40,005,0.05321917808219178,777,14600,
40,007,0.014328358208955224,72,5025,
40,009,0.05011686443725279,1115,22248,
40,011,0.03301061472063455,283,8573,
40,013,0.02021667826259815,1017,50305,
40,015,0.03853893761628128,1015,26337,
40,017,0.05231073943661972,9508,181760,
40,019,0.06032359824972016,2964,49135,
40,021,0.014755073980586508,719,48729,
40,023,0.0975730210244109,1383,14174,
40,025,0.007501172058134084,16,2133,
40,027,0.058124309101437066,17667,303952,
40,029,0.013483561137790912,73,5414,
40,031,0.15328346897756104,18608,121396,
40,033,0.022169725604215883,122,5503,
40,035,0.029711843375155107,431,14506,
40,037,0.02152194779035027,1592,73971,
40,039,0.02511851694615439,710,28266,
40,041,0.005961073472026047,249,41771,
40,043,0.006794751640112465,29,4268,
40,045,0.006109414051652319,22,3601,
40,047,0.02777105810634283,1722,62007,
40,049,0.021721671956862594,568,26149,
40,051,0.022758041574554865,1328,58353,
40,053,0.017705554208100896,73,4123,
40,055,0.0800662617338487,435,5433,
40,057,0.06652267818574514,154,2315,
40,059,0.0031162355874104083,10,3209,
40,061,0.009144018288036576,108,11811,
40,063,0.06536534290628973,874,13371,
40,065,0.05924778941363432,1454,24541,
40,067,0.013770003721622627,74,5374,
40,069,0.03002040221509764,309,10293,
40,071,0.020121094919078205,874,43437,
40,073,0.01504424778761062,238,15820,
40,075,0.03960276129344798,327,8257,
40,077,0.01482805762961405,141,9509,
40,079,0.020479801018975407,1021,49854,
40,081,0.019243966601852912,673,34972,
40,083,0.06869662086891942,3700,53860,
40,085,0.023026000191883333,240,10423,
40,087,0.0157533963744477,763,48434,
40,089,0.07800681707515014,2403,30805,
40,091,0.02810755961440893,554,19710,
40,093,0.008851895891134892,67,7569,
40,095,0.01795999256827894,290,16147,
40,097,0.008320047827819848,334,40144,
40,099,0.01824923658572052,251,13754,
40,101,0.10065616011505273,6719,66752,
40,103,0.0157856093979442,172,10896,
40,105,0.02489279364083255,238,9561,
40,107,0.06705385427666315,762,11364,
40,109,0.14965400678514126,122191,816490,
40,111,0.07350879085319814,2726,37084,
40,113,0.10601139907516938,4929,46495,
40,115,0.013057492435205894,397,30404,
40,117,0.009931102973123952,160,16111,
40,119,0.041520683143505266,3496,84199,
40,121,0.028920382532549832,1255,43395,
40,123,0.020229705037849127,775,38310,
40,125,0.03152620691507939,2347,74446,
40,127,0.013796296296296296,149,10800,
40,129,0.006355932203389831,21,3304,
40,131,0.013652819839993686,1384,101371,
40,133,0.036914907284484606,862,23351,
40,135,0.01967698187646406,798,40555,
40,137,0.021395348837209303,943,44075,
40,139,0.040627885503231764,836,20577,
40,141,0.05418646080760095,365,6736,
40,143,0.10185374772535234,70637,693514,
40,145,0.0396572317740009,3619,91257,
40,147,0.024121346651868294,1304,54060,
40,149,0.011532429190884768,125,10839,
40,151,0.03134467490095549,269,8582,
40,153,0.020659296683507578,413,19991,
41,000,0.021564138507634285,92130,4272371,
41,001,0.007223880597014926,121,16750,
41,003,0.01355928775821798,1341,98899,
41,005,0.014260655572175637,6073,425857,
41,007,0.0075774188046682745,311,41043,
41,009,0.00784270203281357,424,54063,
41,011,0.005472126356372229,352,64326,
41,013,0.0038045068773778167,104,27336,
41,015,0.006235180468955827,142,22774,
41,017,0.005374997045406197,1137,211535,
41,019,0.004935192196338693,554,112255,
41,021,0.006595636732623034,13,1971,
41,023,0.0033836176512054136,24,7093,
41,025,0.009456903539583896,70,7402,
41,027,0.005217976771587275,124,23764,
41,029,0.008607018447483633,1905,221331,
41,031,0.008223684210526315,210,25536,
41,033,0.006309755766006616,557,88276,
41,035,0.007169425594139527,505,70438,
41,037,0.00793263363436661,65,8194,
41,039,0.012139248318497055,4642,382396,
41,041,0.008279309536827307,424,51212,
41,043,0.007510907800776002,995,132474,
41,045,0.012935169425963174,418,32315,
41,047,0.013225946319718193,4667,352867,
41,049,0.006472491909385114,80,12360,
41,051,0.05921746155595511,47131,795897,
41,053,0.009928326099680836,899,90549,
41,055,0.0034965034965034965,7,2002,
41,057,0.005648474178403756,154,27264,
41,059,0.009814761898845835,790,80491,
41,061,0.0074833064701819016,195,26058,
41,063,0.004785961180537091,36,7522,
41,065,0.006073867280341042,161,26507,
41,067,0.02683747987802484,16405,611272,
41,069,0.0020604395604395605,3,1456,
41,071,0.00983893367963494,1091,110886,
42,000,0.1084646385576115,1418582,13078751,
42,001,0.018292343903478697,1974,107914,
42,003,0.13109284356242096,161482,1231814,
42,005,0.011636489266477175,741,63679,
42,007,0.06475172163827474,10719,165540,
42,009,0.006548706000881557,312,47643,
42,011,0.04544119221073199,19954,439117,
42,013,0.02337260640730363,2811,120269,
42,015,0.010368682892510762,619,59699,
42,017,0.043074395775620604,28004,650131,
42,019,0.013554662613310859,2702,199341,
42,021,0.04372521290005226,5689,130108,
42,023,0.007589696412143515,33,4348,
42,025,0.02216205527584686,1457,65743,
42,027,0.039022558743468605,6236,159805,
42,029,0.05802637562528422,32538,560745,
42,031,0.014109347442680775,520,36855,
42,033,0.02298674038806123,1796,78132,
42,035,0.01526475637131916,578,37865,
42,037,0.019587347754953646,1293,66012,
42,039,0.017943938895588932,1473,82089,
42,041,0.05144528811393893,14174,275516,
42,043,0.1666456221056619,48832,293029,
42,045,0.23105002376547748,135137,584882,
42,047,0.006871597397423981,207,30124,
42,049,0.07456209150326798,19964,267750,
42,051,0.048878095222726944,6058,123941,
42,053,0.24693228298742614,1630,6601,
42,055,0.03764321813102301,5996,159285,
42,057,0.014254082479933573,206,14452,
42,059,0.03618963486454652,1229,33960,
42,061,0.056205170783459026,2437,43359,
42,063,0.025761575832097695,2137,82953,
42,065,0.004450388544284825,193,43367,
42,067,0.008164137636247062,191,23395,
42,069,0.04097593367118727,8886,216859,
42,071,0.039542476118112596,22274,563293,
42,073,0.042145002552443814,3550,84233,
42,075,0.02135990476124939,3104,145319,
42,077,0.06289559321154918,24256,385655,
42,079,0.04816237601054985,15960,331379,
42,081,0.04939241937193119,5593,113236,
42,083,0.025659861188510057,1013,39478,
42,085,0.056741261327908264,6136,108140,
42,087,0.009078045063676935,417,45935,
42,089,0.14467070614870017,24091,166523,
42,091,0.09822905174080689,86362,879190,
42,093,0.021253105161468396,385,18115,
42,095,0.06281638074361666,20289,322989,
42,097,0.028358159218900995,2553,90027,
42,099,0.010936431989063569,512,46816,
42,101,0.3872284162560137,609465,1573916,
42,103,0.060071181223547515,3747,62376,
42,105,0.005627462014631401,90,15993,
42,107,0.03323346456965327,4803,144523,
42,109,0.012743836273248038,505,39627,
42,111,0.029167937449746304,2104,72134,
42,113,0.019740172093807996,117,5927,
42,115,0.007900262467191601,301,38100,
42,117,0.007764509312496929,316,40698,
42,119,0.050143504352570034,2114,42159,
42,121,0.01166222006629477,577,49476,
42,123,0.006662563883017151,249,37373,
42,125,0.033064999002062403,6958,210434,
42,127,0.030027810731441684,1544,51419,
42,129,0.02919344038069728,10245,350935,
42,131,0.009778433122502038,252,25771,
42,133,0.06470588235294118,30492,471240,
44,000,0.06538476752841839,72728,1112308,
44,001,0.013799980057832286,692,50145,
44,003,0.027196288779356335,4690,172450,
44,005,0.03626539512148368,3027,83468,
44,007,0.09238628697226858,62445,675912,
44,009,0.014378553397834778,1874,130333,
45,000,0.2497934322120905,1368576,5478831,
45,001,0.250091437395863,6154,24607,
45,003,0.24496080783285448,43908,179245,
45,005,0.7048073102900279,5322,7551,
45,007,0.15375052375185902,33392,217183,
45,009,0.5754467754467755,7406,12870,
45,011,0.42176140522078553,8644,20495,
45,013,0.15222896790980053,30716,201775,
45,015,0.23596921400354176,62361,264276,
45,017,0.37869324163099166,5396,14249,
45,019,0.22179066869914454,95592,431001,
45,021,0.19456465293404882,11240,57770,
45,023,0.34446060081056834,11134,32323,
45,025,0.3167370976443086,14091,44488,
45,027,0.4337093135675153,13458,31030,
45,029,0.3422399959245014,13436,39259,
45,031,0.41414497396876254,25853,62425,
45,033,0.45925952786742574,12665,27577,
45,035,0.25091748109216033,43826,174663,
45,037,0.31638092004753016,9319,29455,
45,039,0.5384162207275762,10967,20369,
45,041,0.43542510268093215,60110,138049,
45,043,0.2738396304989778,18083,66035,
45,045,0.16865149935610474,96257,570745,
45,047,0.30694878713896145,21499,70041,
45,049,0.5108958837772397,9284,18172,
45,051,0.11461304189012339,47380,413391,
45,053,0.30324555000280756,10801,35618,
45,055,0.25375882172445535,18194,71698,
45,057,0.19143409880700749,21374,111652,
45,059,0.23464455312212062,16553,70545,
45,061,0.6184358942223336,9869,15958,
45,063,0.16167368870588386,50729,313774,
45,065,0.35390163277571873,3533,9983,
45,067,0.5481880992667795,15551,28368,
45,069,0.5032551572672367,12832,25498,
45,071,0.2749279391883274,10778,39203,
45,073,0.06976659593816308,5754,82475,
45,075,0.6016552586943185,50015,83129,
45,077,0.06836846180005354,9449,138207,
45,079,0.48122029206944833,207238,430651,
45,081,0.21092946740695045,4103,19452,
45,083,0.19401715882748014,71642,369256,
45,085,0.4728468351530885,49543,104776,
45,087,0.29402503935827273,7844,26678,
45,089,0.6173112338858195,18436,29865,
45,091,0.18760664156223908,56845,303001,
46,000,0.02501760089286004,23133,924669,
46,003,0.010174418604651164,28,2752,
46,005,0.011408602703119379,222,19459,
46,007,0.006384919428397689,21,3289,
46,009,0.014707962098713053,104,7071,
46,011,0.017272202205781236,628,36359,
46,013,0.01485531404187225,557,37495,
46,015,0.00532218209465881,28,5261,
46,017,0.006575342465753425,12,1825,
46,019,0.006702782113671839,73,10891,
46,021,0.0037257824143070045,5,1342,
46,023,0.005886760141282243,55,9343,
46,025,0.017362858580775038,69,3974,
46,027,0.018563463430632993,283,15245,
46,029,0.00765079581938657,224,29278,
46,031,0.008006405124099279,30,3747,
46,033,0.00932475884244373,87,9330,
46,035,0.009745315718089115,194,19907,
46,037,0.004437869822485207,24,5408,
46,039,0.008304498269896194,36,4335,
46,041,0.007328072153325817,39,5322,
46,043,0.006318006318006318,18,2849,
46,045,0.00322820958529923,13,4027,
46,047,0.01141459437423563,84,7359,
46,049,0.004213483146067416,9,2136,
46,051,0.00761354686269362,58,7618,
46,053,0.00413625304136253,17,4110,
46,055,0.0021810250817884407,4,1834,
46,057,0.004548211036992117,30,6596,
46,059,0.005489183080400388,17,3097,
46,061,0.00546448087431694,19,3477,
46,063,0.012075471698113207,16,1325,
46,065,0.008102248088554148,142,17526,
46,067,0.011866235167206042,88,7416,
46,069,0.006584362139917695,8,1215,
46,071,0.013153087321885276,36,2737,
46,073,0.0041444641799881585,7,1689,
46,075,0.005720823798627002,5,874,
46,077,0.007032883482227714,37,5261,
46,079,0.011448300926767218,126,11006,
46,081,0.008226595855461835,237,28809,
46,083,0.02503854127903886,1884,75244,
46,085,0.0067186240257995165,25,3721,
46,087,0.0067579275688788775,39,5771,
46,089,0.006935413957520589,16,2307,
46,091,0.008191126279863481,36,4395,
46,093,0.017433210427582637,539,30918,
46,095,0.009269356597600873,17,1834,
46,097,0.010421189752496743,24,2303,
46,099,0.06729806028594845,14041,208639,
46,101,0.01148721090519222,75,6529,
46,102,0.006437125748502994,86,13360,
46,103,0.013459333155140155,1561,115979,
46,105,0.007415254237288136,21,2832,
46,107,0.00832639467110741,20,2402,
46,109,0.006710104055236798,69,10283,
46,111,0.00459866220735786,11,2392,
46,115,0.008677144728225278,53,6108,
46,117,0.008291873963515755,25,3015,
46,119,0.025204359673024524,37,1468,
46,121,0.008286088094199739,76,9172,
46,123,0.005422424348434493,31,5717,
46,125,0.008143501705733466,74,9087,
46,127,0.01465348810481554,255,17402,
46,129,0.003984819734345351,21,5270,
46,135,0.016589391296950105,390,23509,
46,137,0.007030603804797354,17,2418,
47,000,0.1596218740271869,1153707,7227750,
47,001,0.03965671770064703,3230,81449,
47,003,0.0753300877775319,4085,54228,
47,005,0.02442342175230322,395,16173,
47,007,0.061894682829837726,965,15591,
47,009,0.028928845166688935,4114,142211,
47,011,0.0500342760717864,5693,113782,
47,013,0.006213032456881555,250,40238,
47,015,0.020340774006075816,308,15142,
47,017,0.09781152300133988,2847,29107,
47,019,0.020754257060277885,1192,57434,
47,021,0.03250868463055112,1385,42604,
47,023,0.088946072946968,1590,17876,
47,025,0.013063199274266708,432,33070,
47,027,0.016163930253277333,127,7857,
47,029,0.02080008511543781,782,37596,
47,031,0.03899812352125316,2390,61285,
47,033,0.1402705217204609,1960,13973,
47,035,0.008092291749215155,531,65618,
47,037,0.2515609899863606,183515,729505,
47,039,0.028305084745762713,334,11800,
47,041,0.01751965788384605,381,21747,
47,043,0.038358113148626846,2211,57641,
47,045,0.15347636183831004,5587,36403,
47,047,0.2756093173846569,12258,44476,
47,049,0.006358984549654727,128,20129,
47,051,0.047721381571659616,2154,45137,
47,053,0.1753724086966668,9018,51422,
47,055,0.09463691840754254,2931,30971,
47,057,0.010609021656762254,266,25073,
47,059,0.02320226709174637,1703,73398,
47,061,0.01342945999434549,190,14148,
47,063,0.03411356420290925,2310,67715,
47,065,0.17458628474379687,67435,386256,
47,067,0.0076726342710997444,54,7038,
47,069,0.4119289140520563,10477,25434,
47,071,0.034109425353948654,942,27617,
47,073,0.015108386249178892,897,59371,
47,075,0.49575948996900043,8476,17097,
47,077,0.07802576021005571,2199,28183,
47,079,0.06878934403795274,2262,32883,
47,081,0.04427858772574345,1145,25859,
47,083,0.03291168892012181,281,8538,
47,085,0.030223995090518565,591,19554,
47,087,0.009696186166774402,120,12376,
47,089,0.01936943783035277,1147,59217,
47,091,0.025775424186750242,477,18506,
47,093,0.08422924214797098,42683,506748,
47,095,0.27047648707567734,1737,6422,
47,097,0.35010150223304914,8623,24630,
47,099,0.018938171175242647,880,46467,
47,101,0.021463705470263824,288,13418,
47,103,0.06843351201327855,2515,36751,
47,105,0.013874358190217128,862,62129,
47,107,0.03684321809916482,2091,56754,
47,109,0.05807761559973949,1516,26103,
47,111,0.013314207951745191,362,27189,
47,113,0.37837245665229213,37992,100409,
47,115,0.039663380942801585,1183,29826,
47,117,0.05841942558194837,2211,37847,
47,119,0.10670922573648059,12102,113411,
47,121,0.023319222214249837,325,13937,
47,123,0.019449078406640355,956,49154,
47,125,0.21676658876130475,53330,246025,
47,127,0.02450908017126827,166,6773,
47,129,0.03867176824268926,849,21954,
47,131,0.10412742473811176,3151,30261,
47,133,0.009511273406649399,224,23551,
47,135,0.0273728719261155,246,8987,
47,137,0.004698512137823023,24,5108,
47,139,0.010306467444650453,189,18338,
47,141,0.0223808514147054,1900,84894,
47,143,0.020109899594349664,699,34759,
47,145,0.02758098057876,1565,56742,
47,147,0.07643482583260047,5997,78459,
47,149,0.16385319738140458,61772,376996,
47,151,0.003952569169960474,89,22517,
47,153,0.010953461975028377,193,17620,
47,155,0.014573185338976283,1460,100184,
47,157,0.5296420765927536,482255,910530,
47,159,0.025357263147765,527,20783,
47,161,0.018726070309780716,269,14365,
47,163,0.024160587081983737,3931,162703,
47,165,0.08511201061774694,18020,211721,
47,167,0.1844436940196504,11470,62187,
47,169,0.1042848918496587,1268,12159,
47,171,0.005931065353625783,106,17872,
47,173,0.007311052031902772,154,21064,
47,175,0.009871373018247084,66,6686,
47,177,0.035053531717829385,1529,43619,
47,179,0.04197161312499105,5861,139642,
47,181,0.06247652435207212,998,15974,
47,183,0.0828659308847476,2748,33162,
47,185,0.01758966607118318,512,29108,
47,187,0.039637952559300874,10668,269136,
47,189,0.07872996445971708,13380,169948,
48,000,0.12721435873658965,3980643,31290831,
48,001,0.21187323564995295,12609,59512,
48,003,0.014796808117106167,280,18923,
48,005,0.1477966717370082,13020,88094,
48,007,0.01601875366282477,410,25595,
48,009,0.012452211906062261,114,9155,
48,011,0.01658374792703151,30,1809,
48,013,0.01223878900403539,646,52783,
48,015,0.08468014502550236,2756,32546,
48,017,0.015929455269520693,112,7031,
48,019,0.01357862461673237,310,22830,
48,021,0.060897408010023406,6999,114931,
48,023,0.030285876026040194,107,3533,
48,025,0.08717094728751681,2722,31226,
48,027,0.223518311818969,89313,399578,
48,029,0.08139633798726065,173190,2127737,
48,031,0.011528671956879772,154,13358,
48,033,0.010771992818671455,6,557,
48,035,0.020196707515910167,384,19013,
48,037,0.2545547438907731,23417,91992,
48,039,0.17400973805974485,71905,413224,
48,041,0.10616367015992052,26501,249624,
48,043,0.026924694993689526,256,9508,
48,045,0.03681392235609103,55,1494,
48,047,0.02937685459940653,198,6740,
48,049,0.04025264683803163,1555,38631,
48,051,0.09926160860300312,2003,20179,
48,053,0.01805391048418937,1006,55722,
48,055,0.052336448598130844,2744,52430,
48,057,0.02286631230568649,456,19942,
48,059,0.017242559014710914,252,14615,
48,061,0.007039090104984324,3040,431874,
48,063,0.14478881798845336,1906,13164,
48,065,0.016660941257299895,97,5822,
48,067,0.1599468939976242,4578,28622,
48,069,0.018970189701897018,140,7380,
48,071,0.08766620979369515,4925,56179,
48,073,0.12983108806343122,6910,53223,
48,075,0.09836801916454559,657,6679,
48,077,0.012861136999068034,138,10730,
48,079,0.036004645760743324,93,2583,
48,081,0.0088339222614841,30,3396,
48,083,0.031914893617021274,255,7990,
48,085,0.11629065450505237,145905,1254658,
48,087,0.05438529299119112,142,2611,
48,089,0.11254947613504075,2417,21475,
48,091,0.031334933640169024,6318,201628,
48,093,0.009401768925412633,135,14359,
48,095,0.12026458208057728,400,3326,
48,097,0.030593339057345563,1354,44258,
48,099,0.16504573347227047,14255,86370,
48,101,0.09897070467141726,125,1263,
48,103,0.03330430996952547,153,4594,
48,105,0.01321900678813862,37,2799,
48,107,0.0341948310139165,172,5030,
48,109,0.021739130434782608,49,2254,
48,111,0.01807068828062716,136,7526,
48,113,0.22506916342749397,597790,2656028,
48,115,0.06234053410443953,733,11758,
48,117,0.011949175452825088,221,18495,
48,119,0.05737559766247565,324,5647,
48,121,0.11874234537660747,124100,1045120,
48,123,0.08201659095397985,1661,20252,
48,125,0.02434782608695652,42,1725,
48,127,0.015401540154015401,126,8181,
48,129,0.054494206075790794,174,3193,
48,131,0.022639540949400103,217,9585,
48,133,0.021377802077638054,391,18290,
48,135,0.04495888767335992,7644,170022,
48,137,0.018076644974692697,25,1383,
48,139,0.1771054318873259,41157,232387,
48,141,0.03573255505923835,31294,875784,
48,143,0.01892304926285509,842,44496,
48,145,0.21704596665164488,3853,17752,
48,147,0.06551099611901681,2532,38650,
48,149,0.05626177024482109,1434,25488,
48,151,0.037926330150068216,139,3665,
48,153,0.03411344704482348,172,5042,
48,155,0.06552706552706553,69,1053,
48,157,0.21803587936154184,208973,958434,
48,159,0.047379032258064516,517,10912,
48,161,0.14211673528699442,2934,20645,
48,163,0.04052254098360656,791,19520,
48,165,0.016119168268390705,369,22892,
48,167,0.1274526614898464,46827,367407,
48,169,0.05554359526372443,258,4645,
48,171,0.007102524947618878,200,28159,
48,173,0.026019080659150044,30,1153,
48,175,0.037806398005816366,273,7221,
48,177,0.061377245508982034,1230,20040,
48,179,0.04662964381463041,974,20888,
48,181,0.059116998379082186,8899,150532,
48,183,0.20125671974044632,25495,126679,
48,185,0.13017220760583592,4354,33448,
48,187,0.08164844286402345,15935,195166,
48,189,0.047507276312083374,1518,31953,
48,191,0.07920792079207921,224,2828,
48,193,0.011800092549745489,102,8644,
48,195,0.009588493807431082,48,5006,
48,197,0.06321334503950835,216,3417,
48,199,0.05839440940855633,3426,58670,
48,201,0.19461613614032455,974891,5009302,
48,203,0.20493204427630657,14626,71370,
48,205,0.06104883907125701,305,4996,
48,207,0.04415823367065318,240,5435,
48,209,0.04258481178239148,12436,292029,
48,211,0.00797702616464582,25,3134,
48,213,0.060571415505276276,5298,87467,
48,215,0.006769637742943967,6193,914820,
48,217,0.05437053467798097,2108,38771,
48,219,0.03250406882120437,699,21505,
48,221,0.013366895234788647,924,69126,
48,223,0.06824979372937294,2647,38784,
48,225,0.2271478127674911,5042,22197,
48,227,0.046962669866701265,1448,30833,
48,229,0.07123059866962306,257,3608,
48,231,0.08802398739987703,10451,118729,
48,233,0.025759342832513563,508,19721,
48,235,0.01703800786369594,26,1526,
48,237,0.04203021919557352,395,9398,
48,239,0.05960481549332636,911,15284,
48,241,0.1528246269790622,5029,32907,
48,243,0.006749156355455568,12,1778,
48,245,0.3316348228771244,84218,253948,
48,247,0.012873663539166484,59,4583,
48,249,0.008383479915650877,326,38886,
48,251,0.06603751181446423,13904,210547,
48,253,0.12484412470023981,2603,20850,
48,255,0.10219990751139592,1547,15137,
48,257,0.22567975372670337,44646,197829,
48,259,0.015725090684572045,815,51828,
48,261,0.024242424242424242,8,330,
48,263,0.011379800853485065,8,703,
48,265,0.015974025974025974,861,53900,
48,267,0.010452169961372415,46,4401,
48,269,0.023255813953488372,5,215,
48,271,0.02162331557505484,69,3191,
48,273,0.03626568556599435,1104,30442,
48,275,0.05314900153609831,173,3255,
48,277,0.13215867626685399,6773,51249,
48,279,0.03539055726334043,449,12687,
48,281,0.03984876162963592,938,23539,
48,283,0.017817038478814193,119,6679,
48,285,0.05372482407182723,1107,20605,
48,287,0.0903474066446263,1667,18451,
48,289,0.06126482213438735,1023,16698,
48,291,0.07986648354514003,9188,115042,
48,293,0.15928929061987682,3595,22569,
48,295,0.011805555555555555,34,2880,
48,297,0.06626556363332498,793,11967,
48,299,0.012001899581228683,278,23163,
48,301,0.10416666666666667,5,48,
48,303,0.07326646181664906,23987,327394,
48,305,0.02385752688172043,142,5952,
48,307,0.025644468313641245,191,7448,
48,309,0.13876415715458762,37516,270358,
48,311,0.02654867256637168,15,565,
48,313,0.1776320530374,2465,13877,
48,315,0.18981863149216818,1842,9704,
48,317,0.025294458389650512,131,5179,
48,319,0.005517933283170303,22,3987,
48,321,0.09920035173531917,3610,36391,
48,323,0.006442400856720325,379,58829,
48,325,0.036444380517449075,2027,55619,
48,327,0.02197802197802198,42,1911,
48,329,0.06699276092533785,12299,183587,
48,331,0.08241905271608242,2156,26159,
48,333,0.014464168310322156,66,4563,
48,335,0.1118421052631579,1003,8968,
48,337,0.010415714938328003,228,21890,
48,339,0.07570839886714878,56752,749613,
48,341,0.052304316020482806,1144,21872,
48,343,0.21561063690085358,2627,12184,
48,345,0.02857142857142857,29,1015,
48,347,0.1671433787731256,10986,65728,
48,349,0.11319052588753471,6399,56533,
48,351,0.1700537453812563,2025,11908,
48,353,0.04414045973769567,626,14182,
48,355,0.037063362831858404,13088,353125,
48,357,0.006174745291756715,60,9717,
48,359,0.03291278113000549,60,1823,
48,361,0.08842826452998896,7615,86115,
48,363,0.02378353345903212,719,30231,
48,365,0.15016071583702545,3457,23022,
48,367,0.01932590271942662,3473,179707,
48,369,0.012203950770503671,118,9669,
48,371,0.040783034257748776,600,14712,
48,373,0.08890854804821409,4824,54258,
48,375,0.10760669521757713,12337,114649,
48,377,0.018642279282448118,106,5686,
48,379,0.0251014579888772,334,13306,
48,381,0.0401867855221293,6050,150547,
48,383,0.029945842625039822,94,3139,
48,385,0.01875901875901876,52,2772,
48,387,0.15210328317373462,1779,11696,
48,389,0.01831716293074607,219,11956,
48,391,0.06187861700549043,417,6739,
48,393,0.0023894862604540022,2,837,
48,395,0.17939860694263549,3168,17659,
48,397,0.10576165319167567,14494,137044,
48,399,0.019690288175571738,192,9751,
48,401,0.15997078159240322,8541,53391,
48,403,0.06691191091668323,673,10058,
48,405,0.20574224282219647,1598,7767,
48,407,0.08272522676123577,2426,29326,
48,409,0.01658107937929394,1185,71467,
48,411,0.029956427015250545,165,5508,
48,413,0.01737619461337967,40,2302,
48,415,0.037320338042070196,605,16211,
48,417,0.014831177027453455,47,3169,
48,419,0.16331845238095238,3951,24192,
48,421,0.014796102490075786,41,2771,
48,423,0.17054409834156994,42481,249091,
48,425,0.013468013468013467,136,10098,
48,427,0.0025380329493745026,169,66587,
48,429,0.03218997361477573,305,9475,
48,431,0.014419610670511895,20,1387,
48,433,0.032388663967611336,40,1235,
48,435,0.007341694707861731,24,3269,
48,437,0.08012214628471717,551,6877,
48,439,0.18536222580454279,413489,2230708,
48,441,0.08442138791637828,12563,148813,
48,443,0.019498607242339833,14,718,
48,445,0.03439062230649888,399,11602,
48,447,0.012402088772845953,19,1532,
48,449,0.09195803087456811,2901,31547,
48,451,0.03497831028367318,4201,120103,
48,453,0.08617747753098587,117526,1363767,
48,455,0.08661743391538408,1255,14489,
48,457,0.11065175097276264,2275,20560,
48,459,0.08147559591373439,3589,44050,
48,461,0.02717391304347826,85,3128,
48,463,0.009865542207017264,248,25138,
48,465,0.016062834642388384,771,47999,
48,467,0.030426926375107192,1987,65304,
48,469,0.056357328519070354,5182,91949,
48,471,0.21961969374835766,18387,83722,
48,473,0.2367261054539311,15413,65109,
48,475,0.04058706287370901,448,11038,
48,477,0.1550119016133298,5861,37810,
48,479,0.005256155089563563,1434,272823,
48,481,0.12415843939574164,5219,42035,
48,483,0.02736318407960199,132,4824,
48,485,0.10665158788774003,13863,129984,
48,487,0.0769971898835809,959,12455,
48,489,0.02137114894891896,428,20027,
48,491,0.07463160499257712,54293,727480,
48,493,0.019525399260128123,1082,55415,
48,495,0.023303075464029266,172,7381,
48,497,0.021433405106121194,1742,81275,
48,499,0.04012966230355751,1956,48742,
48,501,0.012003693444136657,91,7581,
48,503,0.015463917525773196,282,18236,
48,505,0.006440408133728924,89,13819,
48,507,0.008795743294603106,81,9209,
49,000,0.01338532537697514,46897,3503613,
49,001,0.009698275862068966,72,7424,
49,003,0.005006238303181534,321,64120,
49,005,0.010399554599380013,1513,145487,
49,007,0.005142385872992771,106,20613,
49,009,0.0010460251046025104,1,956,
49,011,0.012883451792744471,4876,378470,
49,013,0.003605249242897659,75,20803,
49,015,0.003346127349670308,34,10161,
49,017,0.006616257088846881,35,5290,
49,019,0.007151614221495709,70,9788,
49,021,0.008007765105556904,528,65936,
49,023,0.003685041738738061,49,13297,
49,025,0.008797653958944282,75,8525,
49,027,0.003389330975537872,46,13572,
49,029,0.0037424578018788665,49,13093,
49,031,0.001303780964797914,2,1534,
49,033,0.007267441860465116,20,2752,
49,035,0.020699283220721648,25176,1216274,
49,037,0.004725703718923361,69,14601,
49,039,0.011551477287517896,355,30732,
49,041,0.0050621669626998225,114,22520,
49,043,0.008884455682108144,383,43109,
49,045,0.010273648328756747,868,84488,
49,047,0.0047771947685801555,183,38307,
49,049,0.00855019980354213,6389,747234,
49,051,0.004886681810977865,185,37858,
49,053,0.006997109784892976,1455,207943,
49,055,0.005751533742331288,15,2608,
49,057,0.013881746209953716,3833,276118,
50,000,0.016027929368551394,10394,648493,
50,001,0.015112886692774725,575,38047,
50,003,0.013553281676071168,502,37039,
50,005,0.008514819060094972,260,30535,
50,007,0.030219313905098594,5163,170851,
50,009,0.006294517144276959,38,6037,
50,011,0.00842047546312615,430,51066,
50,013,0.007970244420828906,60,7528,
50,015,0.014439195367266077,379,26248,
50,017,0.008219633943427621,247,30050,
50,019,0.009918488061747097,275,27726,
50,021,0.008721219974085518,525,60198,
50,023,0.009792126194773076,586,59844,
50,025,0.016700637780261686,762,45627,
50,027,0.010260498812763228,592,57697,
51,000,0.19027509889407737,1676551,8811195,
51,001,0.26260812307323933,8774,33411,
51,003,0.09164372234961173,10751,117313,
51,005,0.045379989065062874,664,14632,
51,007,0.18751822688830563,2572,13716,
51,009,0.1828436018957346,5787,31650,
51,011,0.17255410744825145,2926,16957,
51,013,0.10034319265075665,24063,239807,
51,015,0.049082953880593215,3859,78622,
51,017,0.03316138540899042,135,4071,
51,019,0.06999099559514249,5752,82182,
51,021,0.040737148399612025,252,6186,
51,023,0.031761844765448737,1084,34129,
51,025,0.5185396825396825,8167,15750,
51,027,0.04540575354229283,846,18632,
51,029,0.3152205667543091,5395,17115,
51,031,0.15098839940732176,8356,55342,
51,033,0.25405502285151,8505,33477,
51,035,0.009917242322686547,290,29242,
51,036,0.4149908592321755,2724,6564,
51,037,0.2576834251199147,2901,11258,
51,041,0.2454995343682416,95694,389793,
51,043,0.04077445826387999,636,15598,
51,045,0.006212466349140609,30,4829,
51,047,0.12504231625835188,7018,56125,
51,049,0.28036175710594313,2821,10062,
51,051,0.006934605920513012,93,13411,
51,053,0.2982922732362822,8524,28576,
51,057,0.3567349995319667,3811,10683,
51,059,0.10266985378039063,119192,1160925,
51,061,0.06961049232188757,5281,75865,
51,063,0.01973432111380764,309,15658,
51,065,0.14398525012175606,4139,28746,
51,067,0.07802361737692542,4341,55637,
51,069,0.04785493685594594,4695,98109,
51,071,0.017238250771184904,285,16533,
51,073,0.07665487871693978,3078,40154,
51,075,0.1309924529638947,3697,28223,
51,077,0.061382246970193254,937,15265,
51,079,0.07326158940397351,1593,21744,
51,081,0.5919282511210763,6600,11150,
51,083,0.34662760105237983,11594,33448,
51,085,0.09057402284296975,10444,115309,
51,087,0.2974968703498122,100761,338696,
51,089,0.22229421889237622,10978,49385,
51,091,0.012776831345826235,30,2348,
51,093,0.2255385667529676,9234,40942,
51,095,0.13891807674191095,11502,82797,
51,097,0.24055135615829257,1623,6747,
51,099,0.16004997223764575,4612,28816,
51,101,0.14585066555740434,2805,19232,
51,103,0.26071234858072684,2884,11062,
51,105,0.04168962350780533,908,21780,
51,107,0.07732870224186927,34286,443380,
51,109,0.13885392671400412,5847,42109,
51,111,0.3131011608623549,3776,12060,
51,113,0.08230423800168397,1173,14252,
51,115,0.0800976517089049,689,8602,
51,117,0.32130807163249414,9904,30824,
51,119,0.1481413827746826,1622,10949,
51,121,0.04134426958120366,4093,98998,
51,125,0.10497087904645808,1550,14766,
51,127,0.15037842604159013,4093,27218,
51,131,0.2939020326557814,3528,12004,
51,133,0.23183028151972251,2874,12397,
51,135,0.37096980552712383,5799,15632,
51,137,0.12435233160621761,4848,38986,
51,139,0.023980410368994343,568,23686,
51,141,0.05176796856944765,896,17308,
51,143,0.21016663861302812,12486,59410,
51,145,0.08230427265991602,2666,32392,
51,147,0.3108277967319088,6924,22276,
51,149,0.3128082773176719,13635,43589,
51,153,0.2013609575797329,100077,497003,
51,155,0.04886982935763424,1641,33579,
51,157,0.039978606765610374,299,7479,
51,159,0.28301682040151926,2608,9215,
51,161,0.07076663858466722,6888,97334,
51,163,0.03353004291845493,750,22368,
51,165,0.02848050733398727,2497,87674,
51,167,0.01058221872541306,269,25420,
51,169,0.01080044884982233,231,21388,
51,171,0.03325190906890253,1511,45441,
51,173,0.021587672032124104,629,29137,
51,175,0.32038347918176246,5748,17941,
51,177,0.18454029377520212,28054,152021,
51,179,0.212705497901361,35930,168919,
51,181,0.3651010791913665,2402,6579,
51,183,0.5196689296010416,5588,10753,
51,185,0.03493247588424437,1358,38875,
51,187,0.05044629189138268,2142,42461,
51,191,0.015508891271396355,839,54098,
51,193,0.2399792045749935,4616,19235,
51,195,0.05936007777428302,2076,34973,
51,197,0.026868327402135232,755,28100,
51,199,0.13887410726788965,9917,71410,
51,510,0.21724428354137598,34564,159102,
51,520,0.06582495709732777,1074,16316,
51,530,0.05166388086916882,340,6581,
51,540,0.15933611812272433,7133,44767,
51,550,0.2954230834088244,75332,254997,
51,570,0.20258112884224055,3783,18674,
51,580,0.12413914886102773,703,5663,
51,590,0.5173481294501464,21725,41993,
51,595,0.6355053683820807,3433,5402,
51,600,0.0640470766894457,1687,26340,
51,610,0.048224025542104566,725,15034,
51,620,0.5443688044906246,4558,8373,
51,630,0.2295945585489464,6886,29992,
51,640,0.05846564772221398,394,6739,
51,650,0.505247245559464,69520,137596,
51,660,0.08142443905871316,4166,51164,
51,670,0.4479756203744014,10290,22970,
51,678,0.08228659318123559,642,7802,
51,680,0.2701709816814236,21695,80301,
51,683,0.12431217901687454,5422,43616,
51,685,0.1252784299560532,2081,16611,
51,690,0.4513517420847188,6244,13834,
51,700,0.4138077965212831,75750,183056,
51,710,0.39734752601631296,91829,231105,
51,720,0.06239217941345601,217,3478,
51,730,0.7400023489341712,25203,34058,
51,735,0.023650225610704838,304,12854,
51,740,0.5340996248004809,51531,96482,
51,750,0.0903143634574191,1560,17273,
51,760,0.4032269799490702,94216,233655,
51,770,0.2775553558297246,27176,97912,
51,775,0.08329473521692142,2158,25908,
51,790,0.11141458973483555,2937,26361,
51,800,0.427088889966539,44035,103105,
51,810,0.19163251306045628,87156,454808,
51,820,0.12205294067580219,2868,23498,
51,830,0.14772301933873985,2368,16030,
51,840,0.10115107913669065,2812,27800,
53,000,0.04312279943404145,343179,7958180,
53,001,0.008745662816673796,184,21039,
53,003,0.01158815433112818,261,22523,
53,005,0.015092350703515285,3293,218190,
53,007,0.005589205692618309,454,81228,
53,009,0.0095436004002155,744,77958,
53,011,0.024594656617400228,12968,527269,
53,013,0.009440993788819876,38,4025,
53,015,0.010229685388921057,1166,113982,
53,017,0.0057429850420351565,263,45795,
53,019,0.008617261036722789,65,7543,
53,021,0.01888618898042237,1912,101238,
53,023,0.0020798668885191347,5,2404,
53,025,0.011001079098904666,1152,104717,
53,027,0.01368544028346578,1066,77893,
53,029,0.029175050301810865,2523,86478,
53,031,0.010900306386990338,370,33944,
53,033,0.07023682907225032,164369,2340211,
53,035,0.028732854807760642,8086,281420,
53,037,0.010462509341526198,504,48172,
53,039,0.00534737191178909,129,24124,
53,041,0.009419981849303266,820,87049,
53,043,0.007671556229978081,91,11862,
53,045,0.013700597426470588,954,69632,
53,047,0.015731387121178407,707,44942,
53,049,0.00870282532480924,211,24245,
53,051,0.007605358638012838,109,14332,
53,053,0.07691171626804934,72387,941170,
53,055,0.008302978358688665,155,18668,
53,057,0.008904893924783028,1182,132736,
53,059,0.010268562401263823,130,12660,
53,061,0.04155243585040382,35906,864113,
53,063,0.021298792870543416,11841,555947,
53,065,0.0059777619096195046,293,49015,
53,067,0.03831145679273188,11605,302912,
53,069,0.0060416666666666665,29,4800,
53,071,0.017867500161113617,1109,62068,
53,073,0.011380951164908875,2674,234954,
53,075,0.02355420566540631,1140,48399,
53,077,0.008834803866580537,2284,258523,
54,000,0.03740496356171458,66206,1769979,
54,001,0.012037217776042683,185,15369,
54,003,0.08303800068972096,11317,136287,
54,005,0.008294301327088213,170,20496,
54,007,0.00846402788150361,102,12051,
54,009,0.017430115104533708,371,21285,
54,011,0.04844298221644132,4432,91489,
54,013,0.00510812191384301,30,5873,
54,015,0.005722460658082976,44,7689,
54,017,0.032304661851608664,246,7615,
54,019,0.03898963730569948,1505,38600,
54,021,0.13617200674536256,969,7116,
54,023,0.016498040288032086,181,10971,
54,025,0.02464600797463188,785,31851,
54,027,0.012062371285672257,287,23793,
54,029,0.026983674342339774,757,28054,
54,031,0.03348447854900593,480,14335,
54,033,0.019078049385779873,1230,64472,
54,035,0.007143372537701133,198,27718,
54,037,0.06245103160094019,3826,61264,
54,039,0.0724299334123032,12596,173906,
54,041,0.008375311039631001,138,16477,
54,043,0.005212365175207721,101,19377,
54,045,0.01763743455497382,539,30560,
54,047,0.09389397562255788,1610,17147,
54,049,0.03171665259034304,1765,55649,
54,051,0.011037677999591197,324,29354,
54,053,0.011303996770286637,280,24770,
54,055,0.06113969821291983,3517,57524,
54,057,0.026813055493315408,718,26778,
54,059,0.018653279292557112,405,21712,
54,061,0.03675354425605123,3995,108697,
54,063,0.014363665543251485,179,12462,
54,065,0.013048368953880765,232,17780,
54,067,0.007078319523670733,170,24017,
54,069,0.03694329520564614,1518,41090,
54,071,0.02338492597577389,139,5944,
54,073,0.018755096493612396,138,7358,
54,075,0.017770808833137332,136,7653,
54,077,0.018411393334312142,627,34055,
54,079,0.014526784306166435,829,57067,
54,081,0.07865541109990466,5693,72379,
54,083,0.02144170650974623,583,27190,
54,085,0.005752753977968176,47,8170,
54,087,0.004579025110782866,62,13540,
54,089,0.04556479556479556,526,11544,
54,091,0.012714442146246502,209,16438,
54,093,0.005476951163852123,36,6573,
54,095,0.0052275914828509495,41,7843,
54,097,0.010697674418604652,253,23650,
54,099,0.007289366570007183,274,37589,
54,101,0.0040266767333585,32,7947,
54,103,0.006101990411157925,84,13766,
54,105,0.007311129163281885,36,4924,
54,107,0.013267759826963278,1098,82757,
54,109,0.008064516129032258,161,19964,
55,000,0.0631638280650397,376518,5960975,
55,001,0.029224428624953166,624,21352,
55,003,0.006915287725364288,112,16196,
55,005,0.01621448408459731,759,46810,
55,007,0.006414063427960566,108,16838,
55,009,0.030356797330500274,8315,273909,
55,011,0.005718954248366013,77,13464,
55,013,0.008029324489439693,138,17187,
55,015,0.01123092421924555,602,53602,
55,017,0.016368848684699136,1102,67323,
55,019,0.005028591132438723,175,34801,
55,021,0.015125703371018533,879,58113,
55,023,0.021864067966016993,350,16008,
55,025,0.05773463619258703,33968,588347,
55,027,0.029209680148925367,2589,88635,
55,029,0.008586785527005768,262,30512,
55,031,0.012467250880838377,552,44276,
55,033,0.008561829413677252,395,46135,
55,035,0.011871726545989158,1292,108830,
55,037,0.00577787288679649,27,4673,
55,039,0.02333387679943224,2433,104269,
55,041,0.009152114454029034,87,9506,
55,043,0.01482896999808905,776,52330,
55,045,0.007503428986364737,279,37183,
55,047,0.007279297883324729,141,19370,
55,049,0.009806785460918916,235,23963,
55,051,0.004170008019246191,26,6235,
55,053,0.024159414086650496,508,21027,
55,055,0.010933967186503565,943,86245,
55,057,0.027115456938698757,721,26590,
55,059,0.07071832371380826,11934,168754,
55,061,0.005686472941063081,118,20751,
55,063,0.017239385428713033,2087,121060,
55,065,0.0060672599098578524,105,17306,
55,067,0.011517788584591758,225,19535,
55,069,0.0064649871754330485,184,28461,
55,071,0.012942720793002344,1055,81513,
55,073,0.009928751680554458,1381,139091,
55,075,0.007746262664430957,328,42343,
55,077,0.006288509178682589,99,15743,
55,078,0.01026598226784881,44,4286,
55,079,0.2571133507796786,237763,924740,
55,081,0.014772482208324347,685,46370,
55,083,0.004770587206833679,191,40037,
55,085,0.00610347085789129,233,38175,
55,087,0.01955064230513332,3820,195390,
55,089,0.019647494571927285,1846,93956,
55,091,0.004235605559232297,32,7555,
55,093,0.00892116182572614,387,43380,
55,095,0.004603870742510527,211,45831,
55,097,0.010452526374236536,753,72040,
55,099,0.006104919429261021,86,14087,
55,101,0.10931734549536624,21716,198651,
55,103,0.009344156981837295,160,17123,
55,105,0.048561292389143064,8035,165461,
55,107,0.009952004517221908,141,14168,
55,109,0.007962921371255895,780,97954,
55,111,0.012679361068495622,843,66486,
55,113,0.004672152906822405,88,18835,
55,115,0.00607762899828083,251,41299,
55,117,0.02423709763291107,2868,118331,
55,119,0.0052065255119750084,105,20167,
55,121,0.005811499626635499,179,30801,
55,123,0.004433670377340436,139,31351,
55,125,0.0041757140471020545,100,23948,
55,127,0.010610304727951787,1125,106029,
55,129,0.003945353904133789,67,16982,
55,131,0.018093089304893784,2510,138727,
55,133,0.020274369408362487,8455,417029,
55,135,0.005901780305251021,302,51171,
55,137,0.02169145500219307,544,25079,
55,139,0.030806603310887616,5339,173307,
55,141,0.009858945403892188,729,73943,
56,000,0.010258365128365707,6028,587618,
56,001,0.01305742211362248,513,39288,
56,003,0.00827540549486925,100,12084,
56,005,0.00640303674967672,307,47946,
56,007,0.012140350877192983,173,14250,
56,009,0.005375562981258172,74,13766,
56,011,0.008745980707395499,68,7775,
56,013,0.00657083155006168,261,39721,
56,015,0.011792639493470519,149,12635,
56,017,0.008216216216216217,38,4625,
56,019,0.007383846415994547,65,8803,
56,021,0.019266478685045635,1961,101783,
56,023,0.006619047619047619,139,21000,
56,025,0.009973883845292873,802,80410,
56,027,0.007388092133854845,17,2301,
56,029,0.006402419406730584,199,31082,
56,031,0.005756578947368421,49,8512,
56,033,0.007914367153860149,261,32978,
56,035,0.008477412158393753,76,8965,
56,037,0.010079228551353184,416,41273,
56,039,0.007734616706772087,180,23272,
56,041,0.004412977062218128,91,20621,
56,043,0.004698512137823023,36,7662,
56,045,0.007719196038450335,53,6866,
