statecode,countycode,v055_rawvalue,v055_numerator,v055_denominator,v055_flag_CT
00,000,0.013946323898244652,4743298,340110988,
01,000,0.007860869740556787,40544,5157699,
01,001,0.0049947937003774565,307,61464,
01,003,0.008971438182318584,2347,261608,
01,005,0.008498234666228755,207,24358,
01,007,0.005705813640039537,127,22258,
01,009,0.006665226135664777,401,60163,
01,011,0.00807999192000808,80,9901,
01,013,0.0056967572304995615,104,18256,
01,015,0.005350992467382996,623,116427,
01,017,0.004347440333599503,147,33813,
01,019,0.008263830438442116,216,26138,
01,021,0.007215098810884008,341,47262,
01,023,0.0025721871888483238,31,12052,
01,025,0.006864781862523711,152,22142,
01,027,0.006390898237235761,91,14239,
01,029,0.0045897516504243945,73,15905,
01,031,0.014922459987934277,841,56358,
01,033,0.007467891468912137,439,58785,
01,035,0.0070213340534701595,78,11109,
01,037,0.008648333495287144,89,10291,
01,039,0.007947440924022465,300,37748,
01,041,0.00793045600122007,104,13114,
01,043,0.006673577815213166,618,92604,
01,045,0.009407394091916831,471,50067,
01,047,0.003150935433956956,112,35545,
01,049,0.02211372774267662,1617,73122,
01,051,0.005250324026273588,478,91042,
01,053,0.036117936117936116,1323,36630,
01,055,0.00825525400408887,852,103207,
01,057,0.004980142469898506,79,15863,
01,059,0.018353516973081508,585,31874,
01,061,0.013316702740379324,363,27259,
01,063,0.0050512136944015715,36,7127,
01,065,0.0031754432389521038,48,15116,
01,067,0.005512375282509233,100,18141,
01,069,0.00661082969112887,723,109366,
01,071,0.01595388620304946,858,53780,
01,073,0.003920306162974017,2606,664744,
01,075,0.004873366314701322,66,13543,
01,077,0.005446042132469077,531,97502,
01,079,0.05666279381535436,1902,33567,
01,081,0.00402455189595788,756,187847,
01,083,0.008499941147786317,1011,118942,
01,085,0.0036900369003690036,35,9485,
01,087,0.003414284927584118,62,18159,
01,089,0.008498777621617791,3598,423355,
01,091,0.0029170267934312878,54,18512,
01,093,0.005251850083552161,154,29323,
01,095,0.015260973413211167,1559,102156,
01,097,0.009543118647520608,3935,412339,
01,099,0.01511255706564517,288,19057,
01,101,0.004010730696698451,906,225894,
01,103,0.01408584753021795,1776,126084,
01,105,0.0036274128773157144,28,7719,
01,107,0.0035119948130538144,65,18508,
01,109,0.0073964497041420114,245,33124,
01,111,0.0077166514934755275,178,23067,
01,113,0.006968404235430086,410,58837,
01,115,0.003992695533752205,387,96927,
01,117,0.005420203501307375,1279,235969,
01,119,0.0018954079434823814,22,11607,
01,121,0.004190476190476191,341,81375,
01,123,0.0040050124081672765,163,40699,
01,125,0.003979901497437938,960,241212,
01,127,0.006343855347839412,414,65260,
01,129,0.07830603276068718,1176,15018,
01,131,0.002838317283324886,28,9865,
01,133,0.010390045665926516,248,23869,
02,000,0.1547384051244844,114527,740133,
02,013,0.12830396475770925,466,3632,
02,016,0.07724926253687316,419,5424,
02,020,0.09750690607734806,28238,289600,
02,050,0.8457531392224599,15424,18237,
02,060,0.28054298642533937,248,884,
02,063,0.11568746214415505,764,6604,
02,066,0.19574306347396428,515,2631,
02,068,0.0715607649599013,116,1621,
02,070,0.7190866006031883,3338,4642,
02,090,0.08297964213120451,7879,94951,
02,100,0.09268060836501901,195,2104,
02,105,0.3633217993079585,840,2312,
02,110,0.12118332699860636,3826,31572,
02,122,0.08227362509998531,5040,61259,
02,130,0.13950427725378373,1908,13677,
02,150,0.12059427848901533,1526,12654,
02,158,0.9300276868864837,7390,7946,
02,164,0.5817490494296578,765,1315,
02,170,0.06960114953278974,8186,117613,
02,180,0.7513216754778366,7390,9836,
02,185,0.5135515333395855,5476,10663,
02,188,0.8071208298289879,5758,7134,
02,195,0.10389988358556461,357,3436,
02,198,0.4121127741037243,2368,5746,
02,220,0.15008976660682227,1254,8355,
02,230,0.058981233243967826,66,1119,
02,240,0.1087105155203063,795,7313,
02,275,0.16521317829457363,341,2064,
02,282,0.34057971014492755,235,690,
02,290,0.6675818787997646,3404,5099,
04,000,0.05137157390076789,389519,7582384,
04,001,0.7255092592592592,47013,64800,
04,003,0.01873216032057755,2356,125773,
04,005,0.2707820971197498,39307,145161,
04,007,0.18240156825032827,9863,54073,
04,009,0.12879578549773868,5183,40242,
04,011,0.05377258235919235,506,9410,
04,012,0.1672551789077213,2842,16992,
04,013,0.02955192874274357,138099,4673096,
04,015,0.030285368621373283,6859,226479,
04,017,0.4343657547755579,47570,109516,
04,019,0.04377173889898523,47280,1080149,
04,021,0.05920266530702796,30422,513862,
04,023,0.015720281935534965,794,50508,
04,025,0.022752794498696497,5734,252013,
04,027,0.025831782488311923,5691,220310,
05,000,0.011790746786152106,36414,3088354,
05,001,0.005233644859813084,84,16050,
05,003,0.00967526690391459,174,17984,
05,005,0.009533331783198084,410,43007,
05,007,0.020033212466492104,6442,321566,
05,009,0.010378921213376125,401,38636,
05,011,0.017815802717664822,177,9935,
05,013,0.00788912579957356,37,4690,
05,015,0.014809444904722453,429,28968,
05,017,0.006686798964624676,62,9272,
05,019,0.007934990439770554,166,20920,
05,021,0.00729875283446712,103,14112,
05,023,0.009046245028464479,232,25646,
05,025,0.006379801818922221,47,7367,
05,027,0.006538321830730113,144,22024,
05,029,0.010503220987769582,225,21422,
05,031,0.005817767496461002,674,115852,
05,033,0.02905650679430756,1809,62258,
05,035,0.004953573649561469,231,46633,
05,037,0.0049401012720760775,80,16194,
05,039,0.009381171823568136,57,6076,
05,041,0.004844491812808836,50,10321,
05,043,0.006731620903454384,114,16935,
05,045,0.007468980556336476,983,131611,
05,047,0.018594336403957693,327,17586,
05,049,0.010600988362824805,133,12546,
05,051,0.008298132169526136,829,99902,
05,053,0.005553758222797369,103,18546,
05,055,0.006541936583702694,307,46928,
05,057,0.009945040565297042,190,19105,
05,059,0.006934229880226938,231,33313,
05,061,0.01622668927100993,201,12387,
05,063,0.011292215412700483,433,38345,
05,065,0.008047022601637394,115,14291,
05,067,0.009596353385713428,160,16673,
05,069,0.006439251162206307,410,63672,
05,071,0.013755158184319119,360,26172,
05,073,0.008977556109725686,54,6015,
05,075,0.007421036491873659,121,16305,
05,077,0.007527147087857848,61,8104,
05,079,0.006605533105377681,85,12868,
05,081,0.0194391880268364,226,11626,
05,083,0.012117257771356667,260,21457,
05,085,0.009490895285970493,725,76389,
05,087,0.018303946263643997,327,17865,
05,089,0.011481839367930426,202,17593,
05,091,0.009890843224176557,415,41958,
05,093,0.005853786586166164,223,38095,
05,095,0.009041309431021044,58,6415,
05,097,0.01809635722679201,154,8510,
05,099,0.004497751124437781,36,8004,
05,101,0.015229148875604896,107,7026,
05,103,0.0048422800221361376,105,21684,
05,105,0.011511072090527753,118,10251,
05,107,0.005934110906486597,87,14661,
05,109,0.014560686147402014,146,10027,
05,111,0.0053811659192825115,120,22300,
05,113,0.023618400740969436,459,19434,
05,115,0.01221675484736769,792,64829,
05,117,0.004662885948330183,37,7935,
05,119,0.005555707872953996,2229,401209,
05,121,0.007668067226890756,146,19040,
05,123,0.00783612867748144,171,21822,
05,125,0.007565599000396184,993,131252,
05,127,0.02785402053471587,274,9837,
05,129,0.01518631955079122,119,7836,
05,131,0.02769254431499212,3601,130035,
05,133,0.040927867810613285,644,15735,
05,135,0.011472697186982902,208,18130,
05,137,0.01181071568244036,151,12785,
05,139,0.005485300475572849,203,37008,
05,141,0.01046310054482417,169,16152,
05,143,0.0177734198900009,4731,266184,
05,145,0.007674703822179514,607,79091,
05,147,0.005681818181818182,33,5808,
05,149,0.014254494884275356,287,20134,
06,000,0.01816216234311338,716157,39431263,
06,001,0.014254181169878597,23506,1649060,
06,003,0.2183803457688808,240,1099,
06,005,0.02203397896540237,926,42026,
06,007,0.027436712202520953,5716,208334,
06,009,0.020814966132673907,968,46505,
06,011,0.02994473135815892,661,22074,
06,013,0.012246217189561379,14360,1172607,
06,015,0.10059609759709727,2717,27009,
06,017,0.013499426935583411,2603,192823,
06,019,0.03226852190894666,33047,1024125,
06,021,0.036425946862634256,1031,28304,
06,023,0.06518356247167245,8629,132380,
06,025,0.028686359534238735,5213,181724,
06,027,0.14038409521233433,2595,18485,
06,029,0.028399107236737272,26199,922529,
06,031,0.03317991388714956,5140,154913,
06,033,0.04757688448143557,3224,67764,
06,035,0.04414255469301341,1251,28340,
06,037,0.01669427198168651,162889,9757179,
06,039,0.04723390879636346,7814,165432,
06,041,0.013034321372854913,3342,256400,
06,043,0.03554669169404036,606,17048,
06,045,0.06476030277544155,5775,89175,
06,047,0.027613604965394542,8195,296774,
06,049,0.06065245554116123,515,8491,
06,051,0.02871218535909476,373,12991,
06,053,0.027215983459063703,11873,436251,
06,055,0.014089070046034342,1870,132727,
06,057,0.013014335339302314,1330,102195,
06,059,0.010899135292160224,34555,3170435,
06,061,0.01092614021418923,4740,433822,
06,063,0.03122013380057343,588,18834,
06,065,0.02025468658656178,51243,2529933,
06,067,0.015763102869793346,25398,1611231,
06,069,0.032389132289362195,2240,69159,
06,071,0.022116434183376003,48972,2214281,
06,073,0.014102708288683244,46522,3298799,
06,075,0.009684287865275532,8014,827526,
06,077,0.021586603733819543,17617,816108,
06,079,0.016019556987400787,4515,281843,
06,081,0.011219650743781406,8335,742893,
06,083,0.02241169853768279,9962,444500,
06,085,0.0116735234189454,22487,1926325,
06,087,0.02010243668208806,5275,262406,
06,089,0.032569387315661905,5899,181121,
06,091,0.029874718920655317,93,3113,
06,093,0.05226128288390042,2221,42498,
06,095,0.014737387964429874,6707,455101,
06,097,0.024762297192892094,12019,485375,
06,099,0.0216581803034982,12063,556972,
06,101,0.024070221726114973,2372,98545,
06,103,0.03407239608384664,2196,64451,
06,105,0.0508247027234369,795,15642,
06,107,0.029337436355589747,14186,483546,
06,109,0.023862097118364164,1286,53893,
06,111,0.01973960621334958,16491,835427,
06,113,0.019080936377640943,4298,225251,
06,115,0.02812424973419154,2460,87469,
08,000,0.01718138821145069,102358,5957493,
08,001,0.02490915754558698,13525,542973,
08,003,0.059080831685541374,986,16689,
08,005,0.013341970077280866,8898,666918,
08,007,0.03373015873015873,476,14112,
08,009,0.02583902583902584,87,3367,
08,011,0.03581934590759647,207,5779,
08,013,0.009113976176490181,3010,330262,
08,014,0.008988419748988164,704,78323,
08,015,0.017613089509143406,366,20780,
08,017,0.017523364485981307,30,1712,
08,019,0.016637285147642133,151,9076,
08,021,0.04662869254205855,352,7549,
08,023,0.06456863809007053,238,3686,
08,025,0.04089285714285714,229,5600,
08,027,0.01368629569602017,76,5553,
08,029,0.016234673288840602,523,32215,
08,031,0.017577045317063066,12814,729019,
08,033,0.03364410214835833,83,2467,
08,035,0.005842713740022081,2302,393995,
08,037,0.012718571691514817,691,54330,
08,039,0.010516642842556668,309,29382,
08,041,0.014560849765931782,10961,752772,
08,043,0.018146247978759508,909,50093,
08,045,0.018965599126125984,1198,63167,
08,047,0.015931578064732516,95,5963,
08,049,0.008914200817135075,144,16154,
08,051,0.02975158867706528,515,17310,
08,053,0.014725568942436412,11,747,
08,055,0.053377218088151115,373,6988,
08,057,0.030636292223095052,39,1273,
08,059,0.012673434358973473,7332,578533,
08,061,0.010775862068965518,15,1392,
08,063,0.01638418079096045,116,7080,
08,065,0.030533315239516894,225,7369,
08,067,0.07650071273955969,4347,56823,
08,069,0.011754686657376112,4403,374574,
08,071,0.03946824631491941,573,14518,
08,073,0.020364415862808145,114,5598,
08,075,0.02057335581787521,427,20755,
08,077,0.015068832940592832,2430,161260,
08,079,0.007502679528403001,7,933,
08,081,0.017881600973976564,235,13142,
08,083,0.13576245296374947,3644,26841,
08,085,0.017564611882337187,787,44806,
08,087,0.038976897689768975,1181,30300,
08,089,0.03885275971318993,699,17991,
08,091,0.010775447373484702,56,5197,
08,093,0.014086044987988643,258,18316,
08,095,0.02785204991087344,125,4488,
08,097,0.006008532115604158,100,16643,
08,099,0.021660951743748432,259,11957,
08,101,0.03353231370609775,5696,169866,
08,103,0.016649008627213562,110,6607,
08,105,0.0425799496945742,474,11132,
08,107,0.006972229925127758,176,25243,
08,109,0.038080959520239883,254,6670,
08,111,0.0097442143727162,8,821,
08,113,0.017265634991686915,135,7819,
08,115,0.01595037660611431,36,2257,
08,117,0.012952528981283596,400,30882,
08,119,0.01371571072319202,341,24862,
08,121,0.005239991616013414,25,4771,
08,123,0.0186506916929235,6896,369745,
08,125,0.017117834394904458,172,10048,
09,000,0.008601471156051765,31611,3675069,
09,001,,,,U
09,003,,,,U
09,005,,,,U
09,007,,,,U
09,009,,,,U
09,011,,,,U
09,013,,,,U
09,015,,,,U
09,110,0.006685775606449973,6629,991508,A
09,120,0.010337657075783666,3470,335666,A
09,130,0.005570575644925088,989,177540,A
09,140,0.008736099692786985,4038,462220,A
09,150,0.00685765754700566,670,97701,A
09,160,0.0055301881666243065,631,114101,A
09,170,0.00861772998241775,4970,576718,A
09,180,0.014302800404809591,4042,282602,A
09,190,0.009688970240795713,6172,637013,A
10,000,0.00839229711089373,8828,1051917,
10,001,0.007758575951009393,1495,192690,
10,003,0.006502372924010318,3824,588093,
10,005,0.012941940147676056,3509,271134,
11,000,0.00729939480242079,5126,702250,
11,001,0.00729939480242079,5126,702250,
12,000,0.0063254167394917425,147839,23372215,
12,001,0.004301156342749039,1255,291782,
12,003,0.005899403239556692,173,29325,
12,005,0.009493385673800057,1896,199718,
12,007,0.007052537845057881,198,28075,
12,009,0.005204670990983329,3427,658447,
12,011,0.00471123038746054,9599,2037472,
12,013,0.016418135261334538,218,13278,
12,015,0.0042852697975693235,909,212122,
12,017,0.0051300433673769205,873,170174,
12,019,0.005617502956580503,1330,236760,
12,021,0.006940824009629222,2889,416233,
12,023,0.007177906646660449,531,73977,
12,027,0.010559547136947529,388,36744,
12,029,0.007153400703985466,126,17614,
12,031,0.005905271148708394,6231,1055159,
12,033,0.009563051845143763,3168,331275,
12,035,0.004490142163458726,614,136744,
12,037,0.008937514446413436,116,12979,
12,039,0.01062263595388553,469,44151,
12,041,0.01240547620224386,251,20233,
12,043,0.05482790130977764,720,13132,
12,045,0.007873519778281683,125,15876,
12,047,0.01234826287149435,177,14334,
12,049,0.014653981893509284,382,26068,
12,051,0.02724907869065684,1257,46130,
12,053,0.00587669035067614,1282,218150,
12,055,0.008544517116362112,938,109778,
12,057,0.007644366540072061,12089,1581426,
12,059,0.012125176091768967,241,19876,
12,061,0.004705499625302808,810,172139,
12,063,0.00936374549819928,468,49980,
12,065,0.00596696187425413,95,15921,
12,067,0.008449074074074074,73,8640,
12,069,0.006195351685261727,2752,444204,
12,071,0.007552043709398473,6502,860959,
12,073,0.0036706956683794363,1103,300488,
12,075,0.007892808541819323,377,47765,
12,077,0.015336266499057196,122,7955,
12,079,0.008658244391200174,159,18364,
12,081,0.007230250986141655,3314,458352,
12,083,0.006393024096245089,2742,428905,
12,085,0.015537285864329434,2574,165666,
12,086,0.004084960124518181,11595,2838461,
12,087,0.007094477678350719,574,80908,
12,089,0.004790373265884878,500,104376,
12,091,0.007828267939024778,1726,220483,
12,093,0.016025867969506006,679,42369,
12,095,0.006834693273415116,10482,1533646,
12,097,0.009500959282823924,4447,468058,
12,099,0.007451700478175538,11789,1582055,
12,101,0.0055878042341689,3683,659114,
12,103,0.004264549059397227,4119,965870,
12,105,0.009585192723930035,8175,852878,
12,107,0.007735993066066415,598,77301,
12,109,0.0035261309893469643,1181,334928,
12,111,0.006624516855658228,2588,390670,
12,113,0.008957250798206624,1860,207653,
12,115,0.0035669025018673782,1700,476604,
12,117,0.005373985301402129,2658,494605,
12,119,0.004421660967206014,684,154693,
12,121,0.00912992258498822,434,47536,
12,123,0.010758595431030537,235,21843,
12,125,0.0057821832507307155,91,15738,
12,127,0.00544318581486864,3281,602772,
12,129,0.007139970362387175,265,37115,
12,131,0.012646934177949279,1134,89666,
12,133,0.015017167867788552,398,26503,
13,000,0.006647778466056064,74328,11180878,
13,001,0.009641651936365098,180,18669,
13,003,0.02039122703023118,172,8435,
13,005,0.00488909008601177,54,11045,
13,007,0.015007320644216691,41,2732,
13,009,0.0035743744844652188,156,43644,
13,011,0.007284181513928537,148,20318,
13,013,0.007248634390512389,698,96294,
13,015,0.007088879055043061,833,117508,
13,017,0.008321038654470345,141,16945,
13,019,0.006482374370513233,121,18666,
13,021,0.004100448247758761,644,157056,
13,023,0.002376049421827974,30,12626,
13,025,0.00633147113594041,119,18795,
13,027,0.0056901615271659324,93,16344,
13,029,0.0066334018197828,339,51105,
13,031,0.005897909986659489,504,85454,
13,033,0.0059660019614253025,146,24472,
13,035,0.004497364249640579,122,27127,
13,037,0.004962323102370888,27,5441,
13,039,0.007343609874955583,434,59099,
13,043,0.005390835579514825,60,11130,
13,045,0.007004795590827567,910,129911,
13,047,0.006106759501015376,421,68940,
13,049,0.018815759158282774,245,13021,
13,051,0.005046593955800817,1551,307336,
13,053,0.01953673373888629,167,8548,
13,055,0.007508100845649253,190,25306,
13,057,0.008388044141145367,2462,293513,
13,059,0.005915612138928421,769,129995,
13,061,0.003907637655417406,11,2815,
13,063,0.006593820015250098,1963,297703,
13,065,0.01018774559743851,70,6871,
13,067,0.007086642168377907,5581,787538,
13,069,0.006499281658343025,285,43851,
13,071,0.02307512186814824,1084,46977,
13,073,0.004902312028279354,821,167472,
13,075,0.022297597864768683,401,17984,
13,077,0.006060682664172454,959,158233,
13,079,0.009069560288282453,112,12349,
13,081,0.0042120402712143,82,19468,
13,083,0.007281553398058253,117,16068,
13,085,0.005511437714827545,186,33748,
13,087,0.009220509679833963,271,29391,
13,089,0.007101064900098273,5470,770307,
13,091,0.006826286296484972,134,19630,
13,093,0.00464866797782943,52,11186,
13,095,0.005411439248707807,446,82418,
13,097,0.006162476051274961,936,151887,
13,099,0.005266181539639985,55,10444,
13,101,0.03866955110870741,143,3698,
13,103,0.0050719090063979875,371,73148,
13,105,0.0044164350932909885,89,20152,
13,107,0.004779538408542887,111,23224,
13,109,0.006992363602907351,76,10869,
13,111,0.004989556741703411,129,25854,
13,113,0.0049237852398347015,616,125107,
13,115,0.010267284742085018,1041,101390,
13,117,0.0054517022735062265,1527,280096,
13,119,0.005236432878451286,132,25208,
13,121,0.0032136352047133316,3504,1090354,
13,123,0.007321391064302217,244,33327,
13,125,0.007313829787234043,22,3008,
13,127,0.006678992373468916,578,86540,
13,129,0.007043528346910228,428,60765,
13,131,0.014122035704769519,371,26271,
13,133,0.010620643876535016,224,21091,
13,135,0.01009892725046794,10138,1003869,
13,137,0.010812443370582906,537,49665,
13,139,0.009826602629146091,2179,221745,
13,141,0.004491535183692272,39,8683,
13,143,0.0037958276755956054,123,32404,
13,145,0.005469955861247258,202,36929,
13,147,0.0035648082133181236,100,28052,
13,149,0.006188629424870039,75,12119,
13,151,0.004831961128357403,1253,259315,
13,153,0.004574120768223583,800,174897,
13,155,0.005352266521026761,49,9155,
13,157,0.005936584066080469,557,93825,
13,159,0.006910970439630641,119,17219,
13,161,0.009789007209471526,148,15119,
13,163,0.005925827285438444,89,15019,
13,165,0.004979628791308284,44,8836,
13,167,0.0031597297886249726,29,9178,
13,169,0.003752538988535821,109,29047,
13,171,0.0035766070565490574,74,20690,
13,173,0.012710244648318042,133,10464,
13,175,0.00437488814206455,220,50287,
13,177,0.004020778915857131,137,34073,
13,179,0.007754310784613815,532,68607,
13,181,0.005093800472108337,41,8049,
13,183,0.010323401340574393,211,20439,
13,185,0.005299716583935387,647,122082,
13,187,0.0073023100844069305,263,36016,
13,189,0.004640691049439441,101,21764,
13,191,0.00711864406779661,84,11800,
13,193,0.006761896712027724,80,11831,
13,195,0.004943395074913795,162,32771,
13,197,0.014538310412573674,111,7635,
13,199,0.006996594990437987,150,21439,
13,201,0.004979395604395604,29,5824,
13,205,0.008116483840818535,165,20329,
13,207,0.0037217291726309764,117,31437,
13,209,0.0023348120476301658,20,8566,
13,211,0.0068368277119416595,150,21940,
13,213,0.010262368089844128,424,41316,
13,215,0.005732547193182381,1157,201830,
13,217,0.00555600354810096,689,124010,
13,219,0.0033071886661750574,148,44751,
13,221,0.005998021271333169,97,16172,
13,223,0.005616577123188137,1059,188549,
13,225,0.005682401670489166,166,29213,
13,227,0.0063696008747949695,233,36580,
13,229,0.009386037060331897,194,20669,
13,231,0.003677004209202187,76,20669,
13,233,0.0121049092131809,540,44610,
13,235,0.00756385068762279,77,10180,
13,237,0.004575973998203823,107,23383,
13,239,0.008179078777442962,19,2323,
13,241,0.00841285077070747,149,17711,
13,243,0.001972062448644207,12,6085,
13,245,0.004309195697590438,889,206303,
13,247,0.006474746439913943,632,97610,
13,249,0.001998667554963358,9,4503,
13,251,0.005165794066317626,74,14325,
13,253,0.0028035367694630147,26,9274,
13,255,0.0054629260797814825,384,70292,
13,257,0.006255000363662812,172,27498,
13,259,0.00727802037845706,35,4809,
13,261,0.0054880574347646,159,28972,
13,263,0.008340573414422242,48,5755,
13,265,0.001851851851851852,3,1620,
13,267,0.006714727085478888,163,24275,
13,269,0.0035975844789926763,28,7783,
13,271,0.0047272727272727275,52,11000,
13,273,0.007932858128305357,69,8698,
13,275,0.00699179224388761,322,46054,
13,277,0.006881173875515488,287,41708,
13,279,0.012114377182770664,333,27488,
13,281,0.003944174757281553,52,13184,
13,283,0.004049844236760125,26,6420,
13,285,0.006949785353711912,497,71513,
13,287,0.007314640363515461,66,9023,
13,289,0.005305383022774327,41,7728,
13,291,0.0075721894134270495,209,27601,
13,293,0.004196346709923126,119,28358,
13,295,0.004802422843957312,333,69340,
13,297,0.006475881667152433,711,109792,
13,299,0.006708630114295179,243,36222,
13,301,0.002331002331002331,12,5148,
13,303,0.002167994353130987,43,19834,
13,305,0.006691149010332379,215,32132,
13,307,0.014254859611231102,33,2315,
13,309,0.0016958733747880158,12,7076,
13,311,0.00633679385196171,188,29668,
13,313,0.01963452936137813,2063,105070,
13,315,0.00325696316262354,29,8904,
13,317,0.0030312532664367093,29,9567,
13,319,0.007499711549555786,65,8667,
13,321,0.0036521567466192874,74,20262,
15,000,0.0039878407850936215,5767,1446146,
15,001,0.005634205634205634,1182,209790,
15,003,0.003316155142393419,3312,998747,
15,005,0,0,81,
15,007,0.0044962080173347775,332,73840,
15,009,0.005748741508235179,941,163688,
16,000,0.017377932563589774,34784,2001619,
16,001,0.008514386924947602,4562,535799,
16,003,0.015606242496998799,78,4998,
16,005,0.03903966597077244,3553,91010,
16,007,0.010178492403009293,69,6779,
16,009,0.07170671478772912,755,10529,
16,011,0.06748020200829256,3434,50889,
16,013,0.01630972645580143,412,25261,
16,015,0.011770189954550751,101,8581,
16,017,0.010267815772402928,554,53955,
16,019,0.013543443776001916,1810,133644,
16,021,0.019373219373219373,272,14040,
16,023,0.01170018281535649,32,2735,
16,025,0.011226944667201283,14,1247,
16,027,0.017021866522788243,4543,266892,
16,029,0.007183312612239259,52,7239,
16,031,0.02394518016630736,622,25976,
16,033,0.042821158690176324,34,794,
16,035,0.02710086329362911,248,9151,
16,037,0.013487056776158364,62,4597,
16,039,0.019274109455413906,573,29729,
16,041,0.010743061772605193,168,15638,
16,043,0.01132023057156747,163,14399,
16,045,0.012170014183099235,266,21857,
16,047,0.028599666440175427,463,16189,
16,049,0.0277467619472979,497,17912,
16,051,0.012279795719286165,428,34854,
16,053,0.02525330058335892,658,26056,
16,055,0.012956463097975287,2440,188323,
16,057,0.008937885253674727,377,42180,
16,059,0.014528998451828035,122,8397,
16,061,0.06571888412017167,245,3728,
16,063,0.02339812814974802,130,5556,
16,065,0.008280977155304325,460,55549,
16,067,0.02595742805517606,589,22691,
16,069,0.057857026162858545,2479,42847,
16,071,0.005627009646302251,28,4976,
16,073,0.03992783181675557,509,12748,
16,075,0.018798351529173595,520,27662,
16,077,0.037823648729268584,317,8381,
16,079,0.017976410402160012,253,14074,
16,081,0.010439220538199814,135,12932,
16,083,0.014071226517734098,1358,96509,
16,085,0.011583313766924943,148,12777,
16,087,0.021752318225149492,251,11539,
17,000,0.006899835548857851,87698,12710158,
17,001,0.0034628523296261057,222,64109,
17,003,0.006530256856769699,30,4594,
17,005,0.007299710424710425,121,16576,
17,007,0.010353947442462439,552,53313,
17,009,0.010306009196131283,65,6307,
17,011,0.0059718032383180445,194,32486,
17,013,0.0035511363636363635,15,4224,
17,015,0.005892255892255892,91,15444,
17,017,0.0091245182097066,116,12713,
17,019,0.004190720144650475,890,212374,
17,021,0.004000360934821187,133,33247,
17,023,0.0032501989917750065,49,15076,
17,025,0.00272989626394197,35,12821,
17,027,0.004044543910265053,150,37087,
17,029,0.003963552549382849,184,46423,
17,031,0.008086648116193034,41910,5182617,
17,033,0.00445943006308462,82,18388,
17,035,0.002814167879670063,29,10305,
17,037,0.0057038535550402135,578,101335,
17,039,0.003590312683595535,55,15319,
17,041,0.004691283292978209,93,19824,
17,043,0.004958693559780695,4647,937142,
17,045,0.0032321014757897303,53,16398,
17,047,0.006517379679144385,39,5984,
17,049,0.0026877059129530086,93,34602,
17,051,0.005151959162452143,109,21157,
17,053,0.01947810571704706,262,13451,
17,055,0.004347473874652337,161,37033,
17,057,0.006828668102122424,222,32510,
17,059,0.004904051172707889,23,4690,
17,061,0.0032407812910571956,37,11417,
17,063,0.003937958577133835,212,53835,
17,065,0.0049884881043745204,39,7818,
17,067,0.004292097836312324,73,17008,
17,069,0.010422535211267606,37,3550,
17,071,0.003968253968253968,24,6048,
17,073,0.0036116819229092723,174,48177,
17,075,0.00445007097095945,116,26067,
17,077,0.006278313502133499,334,53199,
17,079,0.007259128904531456,66,9092,
17,081,0.0045420555570941925,164,36107,
17,083,0.0043971631205673755,93,21150,
17,085,0.003948346339650687,85,21528,
17,087,0.00578078078078078,77,13320,
17,089,0.01231868897517644,6418,520997,
17,091,0.006277605488205996,668,106410,
17,093,0.006768130417472812,969,143171,
17,095,0.00482387716561294,235,48716,
17,097,0.010545446448948238,7578,718604,
17,099,0.004170126395423932,452,108390,
17,101,0.005742855212485643,85,14801,
17,103,0.00506797042690198,170,33544,
17,105,0.0063604240282685515,225,35375,
17,107,0.0039610436805000366,109,27518,
17,109,0.00502587952891756,134,26662,
17,111,0.006222326314490171,1966,315959,
17,113,0.003998395992305412,688,172069,
17,115,0.003166661703247069,319,100737,
17,117,0.004419637771955804,194,43895,
17,119,0.0038324518947444462,1008,263017,
17,121,0.004583253286494497,167,36437,
17,123,0.004501385041551247,52,11552,
17,125,0.004783544606553456,60,12543,
17,127,0.007118221178542599,97,13627,
17,129,0.0031764607539914737,38,11963,
17,131,0.0029427151451739473,45,15292,
17,133,0.002602304898624496,91,34969,
17,135,0.0032953105196451204,91,27615,
17,137,0.004384082408486112,143,32618,
17,139,0.0033414549251653326,48,14365,
17,141,0.005005355925601324,257,51345,
17,143,0.00587875076546234,1056,179630,
17,145,0.005771507498026835,117,20272,
17,147,0.0025859995188838103,43,16628,
17,149,0.003156122878384065,45,14258,
17,151,0.008641641911963273,32,3703,
17,153,0.010043041606886656,49,4879,
17,155,0.004260607136516954,24,5633,
17,157,0.005919138547971776,177,29903,
17,159,0.00351516729592501,54,15362,
17,161,0.007356495785778842,1050,142731,
17,163,0.004280327614284748,1075,251149,
17,165,0.005563830719355121,127,22826,
17,167,0.0029586559983534435,575,194345,
17,169,0.002962962962962963,20,6750,
17,171,0.003278688524590164,16,4880,
17,173,0.0027748028429558954,57,20542,
17,175,0.007776934749620637,41,5272,
17,177,0.004247122168585221,183,43088,
17,179,0.0038822686622349235,504,129821,
17,181,0.007521023332938529,127,16886,
17,183,0.004289370798526144,305,71106,
17,185,0.0024592403679752255,27,10979,
17,187,0.006351359684281926,103,16217,
17,189,0.002438123383819727,33,13535,
17,191,0.003453038674033149,55,15928,
17,193,0.0045539380365808135,61,13395,
17,195,0.006184020345061017,338,54657,
17,197,0.00537410578577245,3808,708583,
17,199,0.005010139568173685,336,67064,
17,201,0.007406885372987068,2102,283790,
17,203,0.0030556281013319406,117,38290,
18,000,0.004941889223059454,34219,6924275,
18,001,0.004892849333041767,179,36584,
18,003,0.005121526690792522,2045,399295,
18,005,0.005086085838024097,431,84741,
18,007,0.003501637862871343,31,8853,
18,009,0.004146919431279621,49,11816,
18,011,0.003046729209246823,240,78773,
18,013,0.005047923322683706,79,15650,
18,015,0.00481997397214055,100,20747,
18,017,0.01437737958944594,540,37559,
18,019,0.0051773233238415735,660,127479,
18,021,0.003746594005449591,99,26424,
18,023,0.006414348685210518,211,32895,
18,025,0.0059868858690487504,63,10523,
18,027,0.008563803267149603,292,34097,
18,029,0.002585787887625158,133,51435,
18,031,0.0032928352446917226,87,26421,
18,033,0.003947665237987819,175,44330,
18,035,0.0034528246761870193,390,112951,
18,037,0.0036902060556052167,161,43629,
18,039,0.007722863919473958,1602,207436,
18,041,0.003342618384401114,78,23335,
18,043,0.0048943623292770745,401,81931,
18,045,0.004217905305055546,71,16833,
18,047,0.003328146611341632,77,23136,
18,049,0.010347930413917216,207,20004,
18,051,0.005206126278830438,172,33038,
18,053,0.004890306659845316,325,66458,
18,055,0.0048688298792402065,152,31219,
18,057,0.0028311526873564673,1075,379704,
18,059,0.0038058777164733703,338,88810,
18,061,0.0037020361198659263,148,39978,
18,063,0.003971064213734532,757,190629,
18,065,0.002546810374686742,125,49081,
18,067,0.005209200542327728,438,84082,
18,069,0.006442182763100909,238,36944,
18,071,0.011703922395613665,555,47420,
18,073,0.004402911312786414,147,33387,
18,075,0.00307478674866098,62,20164,
18,077,0.004282980468394034,141,32921,
18,079,0.003835854382282695,106,27634,
18,081,0.0037335740326116264,637,170614,
18,083,0.004571810883140053,164,35872,
18,085,0.0056155400463622955,453,80669,
18,087,0.0034774573221146832,143,41122,
18,089,0.005584992693183286,2809,502955,
18,091,0.0051190861084168555,570,111348,
18,093,0.005753230660293858,260,45192,
18,095,0.004723517754168467,634,134222,
18,097,0.005642667079586157,5539,981628,
18,099,0.005445075757575758,253,46464,
18,101,0.0052716950527169504,52,9864,
18,103,0.009715553309184848,346,35613,
18,105,0.004072436781282426,573,140702,
18,107,0.0042450754536277275,164,38633,
18,109,0.003603115475787335,266,73825,
18,111,0.017054702427287523,241,14131,
18,113,0.0052916692811277736,253,47811,
18,115,0.003669112741827885,22,5996,
18,117,0.0047921711057304275,95,19824,
18,119,0.004301862614983296,94,21851,
18,121,0.0052701720377998544,87,16508,
18,123,0.004968944099378882,96,19320,
18,125,0.003218884120171674,39,12116,
18,127,0.0041965199590583415,738,175860,
18,129,0.003111660749192165,78,25067,
18,131,0.00587714354721842,73,12421,
18,133,0.004470426409903714,169,37804,
18,135,0.005177302050375971,126,24337,
18,137,0.004039159307181488,118,29214,
18,139,0.004355868488573304,73,16759,
18,141,0.0061480799579168854,1683,273744,
18,143,0.004121045614318614,102,24751,
18,145,0.004117930520874403,188,45654,
18,147,0.003813391442155309,77,20192,
18,149,0.005753739930955121,135,23463,
18,151,0.004560839882967128,159,34862,
18,153,0.0036594761171032356,76,20768,
18,155,0.004305166199439327,43,9988,
18,157,0.004163840333942082,798,191650,
18,159,0.004502740798747063,69,15324,
18,161,0.002905287623474724,20,6884,
18,163,0.003287376584787152,593,180387,
18,165,0.004447022428460944,69,15516,
18,167,0.004492963849066556,477,106166,
18,169,0.0076680638138869935,236,30777,
18,171,0.004733167672464797,40,8451,
18,173,0.0037835963761889686,251,66339,
18,175,0.0035279590756747223,100,28345,
18,177,0.004246348441499774,282,66410,
18,179,0.0032988401972359194,95,28798,
18,181,0.008577296339548181,213,24833,
18,183,0.0048158234198079405,168,34885,
19,000,0.006931384598678138,22468,3241488,
19,001,0.006055712555510699,45,7431,
19,003,0.005268996117581808,19,3606,
19,005,0.010011280315848844,142,14184,
19,007,0.004625805385759128,56,12106,
19,009,0.012585400934915498,70,5562,
19,011,0.0036047908833675723,93,25799,
19,013,0.004155710702088433,550,132348,
19,015,0.0056492947734670205,151,26729,
19,017,0.002289955780164245,58,25328,
19,019,0.0026045434814064533,54,20733,
19,021,0.009800153727901615,204,20816,
19,023,0.00296693981350664,42,14156,
19,025,0.005560704355885079,54,9711,
19,027,0.0035772039006223355,73,20407,
19,029,0.005374692874692875,70,13024,
19,031,0.003510504086446163,64,18231,
19,033,0.004612524415786129,196,42493,
19,035,0.004632012352032939,54,11658,
19,037,0.001962624797337657,23,11719,
19,039,0.012179756404871903,116,9524,
19,041,0.0043705232487556145,72,16474,
19,043,0.002894099580650877,49,16931,
19,045,0.004455068999239378,205,46015,
19,047,0.03877152277445353,635,16378,
19,049,0.004560311418985114,526,115343,
19,051,0.00837593821385837,77,9193,
19,053,0.006530825496342737,50,7656,
19,055,0.0017604633993980351,31,17609,
19,057,0.003983233969435839,153,38411,
19,059,0.003965194404670118,72,18158,
19,061,0.004141391749460914,411,99242,
19,063,0.016153678236192973,148,9162,
19,065,0.004072681704260651,78,19152,
19,067,0.004464285714285714,67,15008,
19,069,0.012170790103750998,122,10024,
19,071,0.0053895903911302745,35,6494,
19,073,0.00750404063726622,65,8662,
19,075,0.0034663442160419184,43,12405,
19,077,0.0042695377761277145,46,10774,
19,079,0.010433494884221864,155,14856,
19,081,0.0037678975131876413,40,10616,
19,083,0.011783284742468416,194,16464,
19,085,0.003965540817721865,58,14626,
19,087,0.004441919322349052,86,19361,
19,089,0.00608974358974359,57,9360,
19,091,0.0046792138920661325,45,9617,
19,093,0.0038179148311306903,26,6810,
19,095,0.0037143031114899834,61,16423,
19,097,0.0034553893759669933,67,19390,
19,099,0.004959718686855434,189,38107,
19,101,0.004942652556872188,78,15781,
19,103,0.0037106446776611693,594,160080,
19,105,0.00535139230914946,113,21116,
19,107,0.0033485540334855404,33,9855,
19,109,0.006038312048861743,87,14408,
19,111,0.00407709414381023,132,32376,
19,113,0.0028520637550590693,661,231762,
19,115,0.00865475070555033,92,10630,
19,117,0.004681434117378397,41,8758,
19,119,0.010502504443367264,130,12378,
19,121,0.004195559699318221,72,17161,
19,123,0.0044022873740582735,97,22034,
19,125,0.0030545112781954886,104,34048,
19,127,0.011883541295306001,480,40392,
19,129,0.0071346062376843105,105,14717,
19,131,0.012227238525206923,130,10632,
19,133,0.021473484399098353,181,8429,
19,135,0.0039332700393327,29,7373,
19,137,0.00675742820232535,68,10063,
19,139,0.00847336941042438,357,42132,
19,141,0.008204768583450211,117,14260,
19,143,0.0064612326043737576,39,6036,
19,145,0.007913286341268786,119,15038,
19,147,0.00885458054262686,78,8809,
19,149,0.009757986447241046,252,25825,
19,151,0.008564087924636025,60,7006,
19,153,0.005773123976868758,2980,516185,
19,155,0.009483689550834501,887,93529,
19,157,0.004443481088110979,82,18454,
19,159,0.004557291666666667,21,4608,
19,161,0.003146963180530788,30,9533,
19,163,0.003451005404297242,606,175601,
19,165,0.021994755096861517,260,11821,
19,167,0.012638835695135964,462,36554,
19,169,0.0035025073659973854,359,102498,
19,171,0.07724937268490858,1293,16738,
19,173,0.005665236051502146,33,5825,
19,175,0.012296110414052697,147,11955,
19,177,0.0018013024802549535,13,7217,
19,179,0.016227123679269078,579,35681,
19,181,0.0033189571020357453,187,56343,
19,183,0.003888471565551677,88,22631,
19,185,0.0028692237994563576,19,6622,
19,187,0.0073423826167059525,271,36909,
19,189,0.004719252624482327,49,10383,
19,191,0.002281600162247123,45,19723,
19,193,0.03325657066671639,3567,107257,
19,195,0.004516217325851923,33,7307,
19,197,0.01657632178490062,211,12729,
20,000,0.01332590050649598,39586,2970606,
20,001,0.011911468812877263,148,12425,
20,003,0.009989883662114315,79,7908,
20,005,0.008431288079266417,137,16249,
20,007,0.01547911547911548,63,4070,
20,009,0.013609824843970204,338,24835,
20,011,0.012063227953410981,174,14424,
20,013,0.07930430977904178,725,9142,
20,015,0.011003788426501633,761,69158,
20,017,0.009174311926605505,23,2507,
20,019,0.05750224618149147,192,3339,
20,021,0.047666335650446874,912,19133,
20,023,0.010959939531368102,29,2646,
20,025,0.01601708489054992,30,1873,
20,027,0.007905634333040533,63,7969,
20,029,0.00894187779433681,78,8723,
20,031,0.015660763763402,130,8301,
20,033,0.011806375442739079,20,1694,
20,035,0.023489147604282456,803,34186,
20,037,0.012183837137569401,474,38904,
20,039,0.012150220913107511,33,2716,
20,041,0.01090167015734923,203,18621,
20,043,0.016105610561056107,122,7575,
20,045,0.02769921878202133,3379,121989,
20,047,0.025997803002563165,71,2731,
20,049,0.022988505747126436,56,2436,
20,051,0.004998793394697831,145,29007,
20,053,0.009974667511082964,63,6316,
20,055,0.014991917401053345,575,38354,
20,057,0.02799953040619864,954,34072,
20,059,0.009972214821299433,262,26273,
20,061,0.017146563636876392,608,35459,
20,063,0.0015048908954100827,4,2658,
20,065,0.010126582278481013,24,2370,
20,067,0.02874453994645625,204,7097,
20,069,0.007853403141361256,45,5730,
20,071,0.011284722222222222,13,1152,
20,073,0.01890648952478283,111,5871,
20,075,0.029340836012861738,73,2488,
20,077,0.019028265287271383,103,5413,
20,079,0.010611735330836454,357,33642,
20,081,0.01921470342522974,69,3591,
20,083,0.00657501494321578,11,1673,
20,085,0.08310536044362292,1124,13525,
20,087,0.012219070477852935,224,18332,
20,089,0.008623663332183512,25,2899,
20,091,0.005042101866906224,3188,632276,
20,093,0.024422268907563025,93,3808,
20,095,0.010941549093003168,76,6946,
20,097,0.012725779967159278,31,2436,
20,099,0.024680073126142597,486,19692,
20,101,0.017543859649122806,26,1482,
20,103,0.010062595960788945,852,84670,
20,105,0.008879781420765027,26,2928,
20,107,0.009247027741083224,91,9841,
20,109,0.009279881217520415,25,2694,
20,111,0.013407134071340714,436,32520,
20,113,0.006922924770884156,210,30334,
20,115,0.01062553556126821,124,11670,
20,117,0.00814070351758794,81,9950,
20,119,0.01721479958890031,67,3892,
20,121,0.00775107031927694,277,35737,
20,123,0.006548337067034293,38,5803,
20,125,0.03670507895860008,1118,30459,
20,127,0.009282060996400833,49,5279,
20,129,0.02857142857142857,71,2485,
20,131,0.009739614390777182,98,10062,
20,133,0.015625,243,15552,
20,135,0.019870080244554833,52,2617,
20,137,0.005248359887535145,28,5335,
20,139,0.008514964732795323,134,15737,
20,141,0.0131225767968983,44,3353,
20,143,0.006321544507090381,37,5853,
20,145,0.012308715901530274,74,6012,
20,147,0.010775406718783014,51,4733,
20,149,0.010381009078731953,279,26876,
20,151,0.01368063915946153,125,9137,
20,153,0.013157894736842105,32,2432,
20,155,0.009117996645879806,560,61417,
20,157,0.004985909386516367,23,4613,
20,159,0.015510555794915984,144,9284,
20,161,0.011246330471215734,816,72557,
20,163,0.008003369839932602,38,4748,
20,165,0.010676156583629894,30,2810,
20,167,0.014954682779456193,99,6620,
20,169,0.008006135543126508,428,53459,
20,171,0.014652014652014652,72,4914,
20,173,0.0135222102630013,7249,536081,
20,175,0.016121451400639218,343,21276,
20,177,0.014948691146553372,2660,177942,
20,179,0.010429703796412181,25,2397,
20,181,0.008281573498964804,48,5796,
20,183,0.009036995199096301,32,3541,
20,185,0.02460907459625737,96,3901,
20,187,0.09898599710284886,205,2071,
20,189,0.020854021847070508,105,5035,
20,191,0.013923710601719198,311,22336,
20,193,0.012304537298128686,96,7802,
20,195,0.0061283345349675555,17,2774,
20,197,0.011951631046119236,85,7112,
20,199,0.006793478260869565,10,1472,
20,201,0.004486719310839914,25,5572,
20,203,0.015926640926640926,33,2072,
20,205,0.01798047154084306,151,8398,
20,207,0.015107682417229186,47,3111,
20,209,0.019118393559125948,3239,169418,
21,000,0.003808322428957373,17474,4588372,
21,001,0.004522064556369874,87,19239,
21,003,0.003448745292008894,76,22037,
21,005,0.003576739139171322,89,24883,
21,007,0.0032782585890375033,25,7626,
21,009,0.004516652415093512,206,45609,
21,011,0.0027024940159061078,35,12951,
21,013,0.003513947334172053,81,23051,
21,015,0.0044264058001179446,638,144135,
21,017,0.008213249397531108,167,20333,
21,019,0.005421018481696214,259,47777,
21,021,0.003854239663629993,121,31394,
21,023,0.00411910085912675,35,8497,
21,025,0.0019525148391127773,25,12804,
21,027,0.005560529664012064,118,21221,
21,029,0.004102468473928347,352,85802,
21,031,0.011393514460999123,143,12551,
21,033,0.0033304258187296805,42,12611,
21,035,0.0043874278383579214,171,38975,
21,037,0.0022551272232150454,212,94008,
21,039,0.006280092108017585,30,4777,
21,041,0.006480064800648007,72,11111,
21,043,0.0031036861062150355,81,26098,
21,045,0.005141710559317783,82,15948,
21,047,0.007647241078218742,543,71006,
21,049,0.004034719825869986,152,37673,
21,051,0.0026031033074724375,51,19592,
21,053,0.004138081237068496,38,9183,
21,055,0.00501002004008016,45,8982,
21,057,0.002811311394079709,17,6047,
21,059,0.002249729553787683,235,104457,
21,061,0.005065294815987336,64,12635,
21,063,0.004268208729175272,31,7263,
21,065,0.003856591915440651,54,14002,
21,067,0.003967374642192589,1307,329437,
21,069,0.00173176832788147,27,15591,
21,071,0.001708560176068574,59,34532,
21,073,0.004481141070134625,235,52442,
21,075,0.003979624323463865,25,6282,
21,077,0.004542873367404884,40,8805,
21,079,0.004379157427937916,79,18040,
21,081,0.0033045641862996657,85,25722,
21,083,0.005676108742293799,209,36821,
21,085,0.00291835980790543,79,27070,
21,087,0.004761080332409972,55,11552,
21,089,0.003912340883962237,138,35273,
21,091,0.0041051814046377455,37,9013,
21,093,0.005672451385318987,640,112826,
21,095,0.0026744371706849753,67,25052,
21,097,0.0032778489116517284,64,19525,
21,099,0.003061787883350901,61,19923,
21,101,0.004278438030560272,189,44175,
21,103,0.004568465242622546,74,16198,
21,105,0.002503983610289096,11,4393,
21,107,0.006413375204564554,290,45218,
21,109,0.0023955681988321606,32,13358,
21,111,0.0023517378549178024,1867,793881,
21,113,0.003310027436056288,187,56495,
21,115,0.002126889311249887,47,22098,
21,117,0.004003156775056902,700,174862,
21,119,0.003274296770352731,44,13438,
21,121,0.0032370098121859933,96,29657,
21,123,0.004891591750396615,74,15128,
21,125,0.003914573895474563,248,63353,
21,127,0.0017723762501582478,28,15798,
21,129,0.004785997538629837,35,7313,
21,131,0.00195292424709631,19,9729,
21,133,0.0024330900243309003,49,20139,
21,135,0.00403883495145631,52,12875,
21,137,0.0032918506623845845,82,24910,
21,139,0.005785592739648327,51,8815,
21,141,0.005444901113570099,155,28467,
21,143,0.0040757876184181535,37,9078,
21,145,0.004367135455218356,295,67550,
21,147,0.0074298621017593915,125,16824,
21,149,0.004492658338812185,41,9126,
21,151,0.0036452370910405496,363,99582,
21,153,0.0042273790250044975,47,11118,
21,155,0.0035262707168404613,70,19851,
21,157,0.0031827062456671077,101,31734,
21,159,0.004581151832460733,49,10696,
21,161,0.005307855626326964,90,16956,
21,163,0.006175678339136719,188,30442,
21,165,0.0028386689796562055,18,6341,
21,167,0.003742292153944291,88,23515,
21,169,0.0036938814169350256,39,10558,
21,171,0.0027770312639971333,31,11163,
21,173,0.0034409648604497582,99,28771,
21,175,0.003286713286713287,47,14300,
21,177,0.0029496591504981646,90,30512,
21,179,0.00268960702993471,131,48706,
21,181,0.0016632548618219038,13,7816,
21,183,0.004470814356745916,107,23933,
21,185,0.00456575682382134,322,70525,
21,187,0.003410581547879318,39,11435,
21,189,0.0038187372708757637,15,3928,
21,191,0.004244139046079224,63,14844,
21,193,0.002430906167021953,65,26739,
21,195,0.0018221179866498285,101,55430,
21,197,0.003094059405940594,40,12928,
21,199,0.003919691212112145,262,66842,
21,201,0.0033585222502099076,8,2382,
21,203,0.004437322815234808,72,16226,
21,205,0.00303951367781155,75,24675,
21,207,0.005742767363744718,106,18458,
21,209,0.004521880064829822,279,61700,
21,211,0.005845503152182587,293,50124,
21,213,0.004373464373464374,89,20350,
21,215,0.003601786486097104,75,20823,
21,217,0.002387258010369652,64,26809,
21,219,0.0035274751117033787,45,12757,
21,221,0.005151452709664125,75,14559,
21,223,0.008613665463857525,74,8591,
21,225,0.0030353619669145544,40,13178,
21,227,0.0035961496863508545,532,147936,
21,229,0.002526693292036841,31,12269,
21,231,0.005451118243415355,107,19629,
21,233,0.009646802551734869,124,12854,
21,235,0.003303521070018532,123,37233,
21,237,0.00502828409805154,32,6364,
21,239,0.01226197345643393,340,27728,
22,000,0.00985070926150674,45291,4597740,
22,001,0.0047169811320754715,267,56604,
22,003,0.030843073641171503,694,22501,
22,005,0.005519193613611514,737,133534,
22,007,0.010324189526184538,207,20050,
22,009,0.013681494801031976,525,38373,
22,011,0.012917291184085026,474,36695,
22,013,0.0054785691266516275,68,12412,
22,015,0.007993775838659975,1048,131102,
22,017,0.005473714166292415,1231,224893,
22,019,0.006999869477571896,1448,206861,
22,021,0.0047908016608112424,45,9393,
22,023,0.010047028644719966,47,4678,
22,025,0.008091787439613526,67,8280,
22,027,0.0067961882248651845,92,13537,
22,029,0.004944653593302242,88,17797,
22,031,0.014006013052724206,382,27274,
22,033,0.004860691092264835,2202,453022,
22,035,0.004497968659315148,31,6892,
22,037,0.004970699037254081,95,19112,
22,039,0.006583713970704048,209,31745,
22,041,0.0037682524729156855,72,19107,
22,043,0.014790356868243702,327,22109,
22,045,0.007314184187148356,494,67540,
22,047,0.0048377343277565005,144,29766,
22,049,0.006420220314928702,95,14797,
22,051,0.013249760680439926,5661,427253,
22,053,0.009034228273317216,284,31436,
22,055,0.005227323681074256,1329,254241,
22,057,0.031046128673617085,2960,95342,
22,059,0.014215752958781119,209,14702,
22,061,0.004767531040772754,230,48243,
22,063,0.008404955326190757,1285,152886,
22,065,0.0031892664687121963,29,9093,
22,067,0.00306890318241056,73,23787,
22,069,0.013145461619698737,473,35982,
22,071,0.004764254854549615,1728,362701,
22,073,0.004801297237037131,758,157874,
22,075,0.018170397954147786,405,22289,
22,077,0.003779289493575208,75,19845,
22,079,0.010039793802969047,1264,125899,
22,081,0.008151423045040067,59,7238,
22,083,0.004276332535763376,84,19643,
22,085,0.0947300652993654,2060,21746,
22,087,0.011857177946988812,531,44783,
22,089,0.006091269841269841,307,50400,
22,091,0.005802707930367505,63,10857,
22,093,0.0031397174254317113,60,19110,
22,095,0.00677684284778556,269,39694,
22,097,0.004971002485501243,402,80869,
22,099,0.007673083681518217,393,51218,
22,101,0.02688091625889442,1258,46799,
22,103,0.007539217981737298,2093,277615,
22,105,0.004949114237285711,692,139823,
22,107,0.0026014568158168575,10,3844,
22,109,0.06681814680736348,6940,103864,
22,111,0.007809089586263763,161,20617,
22,113,0.005256674936243299,303,57641,
22,115,0.01848578100787883,847,45819,
22,117,0.005433577289864715,245,45090,
22,119,0.006110732150977717,215,35184,
22,121,0.0032014072119613017,91,28425,
22,123,0.01004970823427707,93,9254,
22,125,0.002837347410095678,43,15155,
22,127,0.01641178664677359,220,13405,
23,000,0.007112394769582039,9993,1405012,
23,001,0.0045978208064404195,530,115272,
23,003,0.01945309692104948,1299,66776,
23,005,0.0031420386285925515,986,313809,
23,007,0.005371820594136302,166,30902,
23,009,0.005391072243880167,307,56946,
23,011,0.005667089622531352,728,128461,
23,013,0.0050755228032502864,208,40981,
23,015,0.0048779151023540055,178,36491,
23,017,0.005596362364463099,336,60039,
23,019,0.01334480999744963,2093,156840,
23,021,0.007113354749885268,124,17432,
23,023,0.00486935234952903,183,37582,
23,025,0.006486423312166426,333,51338,
23,027,0.00603195706231381,245,40617,
23,029,0.050791829971640695,1594,31383,
23,031,0.0031025288108184226,683,220143,
24,000,0.009128690992812005,57175,6263220,
24,001,0.002682683279431271,180,67097,
24,003,0.007132066074541379,4296,602350,
24,005,0.006763058333577734,5765,852425,
24,009,0.005225838399376271,496,94913,
24,011,0.014570193879934594,499,34248,
24,013,0.004054023533663076,718,177108,
24,015,0.004647006255585344,494,106305,
24,017,0.007972351815128556,1391,174478,
24,019,0.0063371356147021544,210,33138,
24,021,0.006103896537784355,1827,299317,
24,023,0.0029584756806255064,84,28393,
24,025,0.004606160127149604,1223,265514,
24,027,0.00575267614258629,1954,339668,
24,029,0.0048575957457687785,95,19557,
24,031,0.011466607778259275,12410,1082273,
24,033,0.018592448602307608,17972,966629,
24,035,0.006649530621367903,357,53688,
24,037,0.0053318908894212196,621,116469,
24,039,0.005031496374945525,127,25241,
24,041,0.015165777638322352,580,38244,
24,043,0.005673289744829165,892,157228,
24,045,0.005530005925006349,588,106329,
24,047,0.004232843182361927,230,54337,
24,510,0.007331009324776383,4166,568271,
25,000,0.0060682402369562054,43304,7136171,
25,001,0.0074171217267919335,1725,232570,
25,003,0.0044124730046766,568,128726,
25,005,0.008511823959850015,5010,588593,
25,007,0.011870281563078676,250,21061,
25,009,0.011583395838036357,9544,823938,
25,011,0.005333634349734024,378,70871,
25,013,0.008146055917147652,3781,464151,
25,015,0.0038815228628951808,642,165399,
25,017,0.0035477268424092667,5921,1668956,
25,019,0.0054533060668029995,80,14670,
25,021,0.0026878018883461988,1991,740754,
25,023,0.0037908834326403364,2055,542090,
25,025,0.008021242044319822,6362,793144,
25,027,0.005670367478848179,4997,881248,
26,000,0.007615828829838965,77228,10140459,
26,001,0.008471385542168674,90,10624,
26,003,0.04738355376653249,412,8695,
26,005,0.007514559458951719,920,122429,
26,007,0.007923052970279901,229,28903,
26,009,0.013897945875448322,341,24536,
26,011,0.01332272817657586,201,15087,
26,013,0.13734851266984943,1122,8169,
26,015,0.006684888715345568,428,64025,
26,017,0.007189408773416723,738,102651,
26,019,0.013336933045356372,247,18520,
26,021,0.007308304355513644,1116,152703,
26,023,0.006192218589646437,286,46187,
26,025,0.00828941959113503,1109,133785,
26,027,0.01212415130940834,625,51550,
26,029,0.016931622294579583,442,26105,
26,031,0.033276844862116774,864,25964,
26,033,0.16732408352412215,6066,36253,
26,035,0.009520776946346123,299,31405,
26,037,0.005858838226108682,469,80050,
26,039,0.008677108610927273,118,13599,
26,041,0.028838553165971597,1058,36687,
26,043,0.011002115791498365,286,25995,
26,045,0.005772005772005772,632,109494,
26,047,0.03640755250522843,1236,33949,
26,049,0.0059162919267473565,2380,402279,
26,051,0.0069628774764377765,181,25995,
26,053,0.03516916367728776,500,14217,
26,055,0.012408796895213453,1199,96625,
26,057,0.008580682587257082,355,41372,
26,059,0.0061416977407326165,280,45590,
26,061,0.007938802870586998,302,38041,
26,063,0.005555555555555556,171,30780,
26,065,0.0064181360548433855,1864,290427,
26,067,0.0072452830188679245,480,66250,
26,069,0.009621071724301091,244,25361,
26,071,0.016910069177555727,198,11709,
26,073,0.04089316449471355,2661,65072,
26,075,0.004680683754282826,750,160233,
26,077,0.005457360827857089,1445,264780,
26,079,0.010957138253303255,204,18618,
26,081,0.007209488233318771,4852,673002,
26,083,0.002776492364645997,6,2161,
26,085,0.013302575932333718,173,13005,
26,087,0.005809258926969317,518,89168,
26,089,0.03108740326177255,711,22871,
26,091,0.005882593661121683,575,97746,
26,093,0.004782308504589392,942,196976,
26,095,0.05815423514538559,368,6328,
26,097,0.15362526920315864,1712,11144,
26,099,0.0034710976951505064,3076,886175,
26,101,0.023668639053254437,604,25519,
26,103,0.020932935171155798,1423,67979,
26,105,0.01110232702024542,323,29093,
26,107,0.008629937778625408,362,41947,
26,109,0.03197396963123644,737,23050,
26,111,0.005938920758848873,499,84022,
26,113,0.008727606798346348,133,15239,
26,115,0.00513313467269057,801,156045,
26,117,0.007199122832328245,499,69314,
26,119,0.009564509564509565,94,9828,
26,121,0.009299546858443988,1650,177428,
26,123,0.009960391425908667,513,51504,
26,125,0.0034497967442061305,4474,1296888,
26,127,0.01439994077145184,389,27014,
26,129,0.010293066476054324,216,20985,
26,131,0.021462912087912088,125,5824,
26,133,0.00889967637540453,209,23484,
26,135,0.011749651000465332,101,8596,
26,137,0.010044856803281831,262,26083,
26,139,0.005583946968831127,1710,306235,
26,141,0.010506424792139079,139,13230,
26,143,0.009610563262577303,230,23932,
26,145,0.00611035937649829,1147,187714,
26,147,0.00573271452454026,919,160308,
26,149,0.006800608131304049,416,61171,
26,151,0.00657682475864294,265,40293,
26,153,0.09452188799217412,773,8178,
26,155,0.005501456267835604,374,67982,
26,157,0.007904164376291298,417,52757,
26,159,0.011651276123422085,887,76129,
26,161,0.004383818121029756,1639,373875,
26,163,0.005159613181462207,9138,1771063,
26,165,0.008096343586767266,279,34460,
27,000,0.014535094976809684,84204,5793151,
27,001,0.023262932353841446,380,16335,
27,003,0.009423097335739306,3551,376840,
27,005,0.07366550050784336,2611,35444,
27,007,0.21722766348744707,10158,46762,
27,009,0.007640696258446551,320,41881,
27,011,0.009078350108545491,46,5067,
27,013,0.005346534653465347,378,70700,
27,015,0.004084014002333722,105,25710,
27,017,0.0570962035651109,2098,36745,
27,019,0.0037468480306850874,422,112628,
27,021,0.11274728070733414,3545,31442,
27,023,0.01967639645499634,242,12299,
27,025,0.009034768632095423,534,59105,
27,027,0.02176579703207276,1455,66848,
27,029,0.09490150637311703,819,8630,
27,031,0.08813498474241609,491,5571,
27,033,0.011201270065267242,127,11338,
27,035,0.011363305264998106,780,68642,
27,037,0.007659613907793343,3471,453156,
27,039,0.0057904152151398176,123,21242,
27,041,0.00525880850424461,210,39933,
27,043,0.008641797493878728,120,13886,
27,045,0.002511394288903358,54,21502,
27,047,0.00663059972290031,201,30314,
27,049,0.014380392647242717,690,47982,
27,051,0.007366181044360779,45,6109,
27,053,0.011851564475620694,15091,1273334,
27,055,0.0038687881429816913,71,18352,
27,057,0.02780045351473923,613,22050,
27,059,0.008789800169386774,384,43687,
27,061,0.036288015492275866,1649,45442,
27,063,0.007301490721022209,72,9861,
27,065,0.01053709055876686,175,16608,
27,067,0.0055737117786632045,249,44674,
27,069,0.007264529058116233,29,3992,
27,071,0.028290495083663963,328,11594,
27,073,0.006630500301386378,44,6636,
27,075,0.009254066180594503,99,10698,
27,077,0.013695022386094284,52,3797,
27,079,0.005804874736913572,171,29458,
27,081,0.006110711718188354,34,5564,
27,083,0.010751847362865075,275,25577,
27,085,0.0065252854812398045,240,36780,
27,087,0.4233383685800604,2242,5296,
27,089,0.010033063504731501,88,8771,
27,091,0.007259342569398293,142,19561,
27,093,0.0053637563322123365,126,23491,
27,095,0.053631649563041665,1479,27577,
27,097,0.0044322132097334875,153,34520,
27,099,0.015305623471882641,626,40900,
27,101,0.007458975634012929,60,8044,
27,103,0.007421795726669179,256,34493,
27,105,0.0264463562292321,581,21969,
27,107,0.029598981540420115,186,6284,
27,109,0.005053357688794885,841,166424,
27,111,0.009082846067932462,553,60884,
27,113,0.022634046293583357,309,13652,
27,115,0.033246479105511394,1008,30319,
27,117,0.027032967032967033,246,9100,
27,119,0.021799888205701508,663,30413,
27,121,0.00626359286646368,72,11495,
27,123,0.01108456408032988,6008,542015,
27,125,0.022926326635754765,89,3882,
27,127,0.05185525108168349,791,15254,
27,129,0.019165571161696534,277,14453,
27,131,0.008127490039840637,561,69025,
27,133,0.011023622047244094,105,9525,
27,135,0.02207664592204389,337,15265,
27,137,0.024278613902805862,4875,200794,
27,139,0.012378662392020661,1946,157206,
27,141,0.006879554429986706,709,103059,
27,143,0.006055021719099644,92,15194,
27,145,0.007463551162521265,1224,163997,
27,147,0.007586685900518245,284,37434,
27,149,0.02271107037376515,223,9819,
27,151,0.007552244982412581,73,9666,
27,153,0.010325563475245617,268,25955,
27,155,0.06477345245692406,203,3134,
27,157,0.003939927690738853,85,21574,
27,159,0.009281706725774053,134,14437,
27,161,0.007921216013701562,148,18684,
27,163,0.005782504578109593,1642,283960,
27,165,0.03614780435558729,405,11204,
27,167,0.02169751116783663,136,6268,
27,169,0.004962679847117443,248,49973,
27,171,0.0049549462136060495,766,154593,
27,173,0.041822255414488425,392,9373,
28,000,0.006834078310049625,20113,2943045,
28,001,0.008997698263234986,258,28674,
28,003,0.0048498305480892834,166,34228,
28,005,0.0047385752148421815,59,12451,
28,007,0.004180699105794913,72,17222,
28,009,0.006079830822098863,46,7566,
28,011,0.002077830603979574,59,28395,
28,013,0.0039203387172651715,50,12754,
28,015,0.002452548517807635,23,9378,
28,017,0.004113509002026947,69,16774,
28,019,0.002842664689160796,23,8091,
28,021,0.002954937207584339,24,8122,
28,023,0.005278785879247773,80,15155,
28,025,0.0030198210069730413,55,18213,
28,027,0.0028848545138025366,58,20105,
28,029,0.0032321324811156304,89,27536,
28,031,0.0023868998057174576,43,18015,
28,033,0.0041455856150221316,812,195871,
28,035,0.004411295977561038,346,78435,
28,037,0.0033262373602980307,25,7516,
28,039,0.005061823802163833,131,25880,
28,041,0.00453382084095064,62,13675,
28,043,0.0036309779752520185,76,20931,
28,045,0.007485158736987008,348,46492,
28,047,0.0050250315819024005,1074,213730,
28,049,0.001056728387781578,224,211975,
28,051,0.0018637532133676093,29,15560,
28,053,0.0011234377194214297,8,7121,
28,055,0.003088803088803089,4,1295,
28,057,0.0036366641871229026,88,24198,
28,059,0.005448905457068612,801,147002,
28,061,0.005569972783087537,88,15799,
28,063,0.0033333333333333335,23,6900,
28,065,0.0037073876480694457,41,11059,
28,067,0.008050184546683476,530,65837,
28,069,0.04099509460406447,351,8562,
28,071,0.00396036294971843,237,59843,
28,073,0.0036862768603710253,246,66734,
28,075,0.0046183487278290926,326,70588,
28,077,0.0036840301576422205,43,11672,
28,079,0.07333892461094027,1574,21462,
28,081,0.0039030501614224448,324,83012,
28,083,0.004778835493366976,125,26157,
28,085,0.002975168783613686,104,34956,
28,087,0.0037755637126376507,216,57210,
28,089,0.0030547848083538297,349,114247,
28,091,0.0030406531156281238,73,24008,
28,093,0.00605108512247629,208,34374,
28,095,0.003225517426753875,108,33483,
28,097,0.0036127935394750822,34,9411,
28,099,0.17095226590273704,4953,28973,
28,101,0.05606988558135118,1181,21063,
28,103,0.00366412213740458,36,9825,
28,105,0.0031367266429327433,163,51965,
28,107,0.003509949945061653,115,32764,
28,109,0.009418939522276808,556,59030,
28,111,0.005698755041206383,65,11406,
28,113,0.004361210877373012,170,38980,
28,115,0.009089773224214406,291,32014,
28,117,0.0029424457609164736,75,25489,
28,119,0.003067484662576687,17,5542,
28,121,0.0021610108797867635,347,160573,
28,123,0.010337598496349309,286,27666,
28,125,0.0021645021645021645,7,3234,
28,127,0.0036332382701097783,93,25597,
28,129,0.0029179417835029533,41,14051,
28,131,0.005723337932444172,112,19569,
28,133,0.004255503929827609,98,23029,
28,135,0.0032048347220950462,35,10921,
28,137,0.0029771286469825924,85,28551,
28,139,0.005508098772347477,118,21423,
28,141,0.005066566054007438,94,18553,
28,143,0.0031669760838702633,29,9157,
28,145,0.00398406374501992,113,28363,
28,147,0.006286581400390201,87,13839,
28,149,0.003966274789217432,167,42105,
28,151,0.0026954177897574125,111,41181,
28,153,0.002886222087194288,57,19749,
28,155,0.005080187269648371,51,10039,
28,157,0.0026854219948849105,21,7820,
28,159,0.012917671374440234,225,17418,
28,161,0.0032910579547278857,41,12458,
28,163,0.0030837387074357193,71,23024,
29,000,0.006537862827209371,40832,6245466,
29,001,0.005066250974279034,130,25660,
29,003,0.004256260018793876,77,18091,
29,005,0.003891807744697412,20,5139,
29,007,0.007653061224489796,186,24304,
29,009,0.014908192486944803,531,35618,
29,011,0.016727831356149185,196,11717,
29,013,0.010369647431987313,170,16394,
29,015,0.009411079848646552,194,20614,
29,017,0.008953817153628653,95,10610,
29,019,0.004772213953391551,917,192154,
29,021,0.009416804269270346,787,83574,
29,023,0.007963839862247094,333,41814,
29,025,0.008777777777777778,79,9000,
29,027,0.006847493684350486,309,45126,
29,029,0.007771609833465504,343,44135,
29,031,0.00444667575127304,372,83658,
29,033,0.0038031851675778463,32,8414,
29,035,0.01530136219443926,82,5359,
29,037,0.007754252544501331,883,113873,
29,039,0.011582240564467817,174,15023,
29,041,0.006624307151547925,49,7397,
29,043,0.009433078244572856,906,96045,
29,045,0.0022648346670693037,15,6623,
29,047,0.006864866917264685,1808,263370,
29,049,0.008609180056166843,187,21721,
29,051,0.004830917874396135,375,77625,
29,053,0.0071837402172643386,123,17122,
29,055,0.007409680813749562,169,22808,
29,057,0.010627131986355287,81,7622,
29,059,0.009453487721653522,169,17877,
29,061,0.005737033134293408,49,8541,
29,063,0.007992715499797652,79,9884,
29,065,0.012227430201752598,180,14721,
29,067,0.012042310821806347,148,12290,
29,069,0.006629138582327235,179,27002,
29,071,0.004950771984784068,531,107256,
29,073,0.00566359604230638,83,14655,
29,075,0.0050809780882819944,32,6298,
29,077,0.008160627650661488,2513,307942,
29,079,0.005426991603522425,53,9766,
29,081,0.005863669679941363,48,8186,
29,083,0.00894795127353267,202,22575,
29,085,0.010837326032397902,95,8766,
29,087,0.014147606696533836,60,4241,
29,089,0.009261083743842364,94,10150,
29,091,0.009346940778175753,381,40762,
29,093,0.009660297239915074,91,9420,
29,095,0.007499704411283515,5455,727362,
29,097,0.020153543275958856,2549,126479,
29,099,0.003462878631063272,803,231888,
29,101,0.007086614173228346,396,55880,
29,103,0.006951871657754011,26,3740,
29,105,0.008165931732810714,300,36738,
29,107,0.0071618274596401185,240,33511,
29,109,0.013179739981098823,516,39151,
29,111,0.006191636215996752,61,9852,
29,113,0.00473530840213696,312,65888,
29,115,0.004450041981528128,53,11910,
29,117,0.005662436894528585,83,14658,
29,119,0.03234389290762451,778,24054,
29,121,0.0032285695460235885,49,15177,
29,123,0.005991285403050109,77,12852,
29,125,0.00858217728662121,73,8506,
29,127,0.003412489006156552,97,28425,
29,129,0.010718424101969872,37,3452,
29,131,0.007246376811594203,186,25668,
29,133,0.004765957446808511,56,11750,
29,135,0.0047731136393356875,73,15294,
29,137,0.005061867266591676,45,8890,
29,139,0.00425679784553905,49,11511,
29,141,0.00883968034287245,198,22399,
29,143,0.004272942413883776,65,15212,
29,145,0.02680472699491214,1649,61519,
29,147,0.0043896015217285275,90,20503,
29,149,0.01632371536958271,142,8699,
29,151,0.004971063956076569,67,13478,
29,153,0.01419141914191419,129,9090,
29,155,0.006594016797390158,95,14407,
29,157,0.005863874345549738,112,19100,
29,159,0.010321755611883721,452,43791,
29,161,0.009677701874233667,442,45672,
29,163,0.002950837926618785,53,17961,
29,165,0.0062098633476728475,703,113207,
29,167,0.008345932869670397,276,33070,
29,169,0.011359424801719665,613,53964,
29,171,0.0024234412866270105,11,4539,
29,173,0.002762167825507191,29,10499,
29,175,0.007102213730946547,171,24077,
29,177,0.007371007371007371,171,23199,
29,179,0.016871941960519655,100,5927,
29,181,0.012692487167522165,136,10715,
29,183,0.0023246154354464913,985,423726,
29,185,0.008428107229894394,83,9848,
29,186,0.003235198964736331,60,18546,
29,187,0.004622016799253366,312,67503,
29,189,0.0025067250528486933,2489,992929,
29,195,0.00947481243301179,221,23325,
29,197,0.0034406488080609486,14,4069,
29,199,0.005108556832694764,24,4698,
29,201,0.004979318702742577,189,37957,
29,203,0.013745704467353952,100,7275,
29,205,0.004556193047586905,27,5926,
29,207,0.005907588438005485,168,28438,
29,209,0.009837572785779958,321,32630,
29,211,0.019130434782608695,110,5750,
29,213,0.012477090088819963,708,56744,
29,215,0.009721952167995334,250,25715,
29,217,0.008035578915449537,159,19787,
29,219,0.005613597380321222,216,38478,
29,221,0.0054276385531950985,128,23583,
29,223,0.007208872458410351,78,10820,
29,225,0.009466948930805642,398,42041,
29,227,0.005341880341880342,10,1872,
29,229,0.00861317610869008,168,19505,
29,510,0.003525268596149377,986,279695,
30,000,0.0639956807444033,72778,1137233,
30,001,0.020887467519488306,209,10006,
30,003,0.6612222569552986,8461,12796,
30,005,0.5012313486889758,3460,6903,
30,007,0.014695254155625151,122,8302,
30,009,0.01591581144546878,183,11498,
30,011,0.01143674052894925,16,1399,
30,013,0.05014019852584504,4238,84523,
30,015,0.1773809523809524,1043,5880,
30,017,0.030173854898027416,361,11964,
30,019,0.038153846153846156,62,1625,
30,021,0.02451036536479212,214,8731,
30,023,0.031189481194577515,306,9811,
30,025,0.014596062457569586,43,2946,
30,027,0.017282077221379193,205,11862,
30,029,0.013071153527115877,1497,114527,
30,031,0.011796761796761797,1498,126984,
30,033,0.007620660457239628,9,1181,
30,035,0.6494112419462341,8769,13503,
30,037,0.028968713789107765,25,863,
30,039,0.00971682398667407,35,3602,
30,041,0.25054466230936817,4025,16065,
30,043,0.018490679494888754,246,13304,
30,045,0.010421601136901942,22,2111,
30,047,0.22629703918809688,7559,33403,
30,049,0.021642774427983867,1626,75129,
30,051,0.01499482936918304,29,1934,
30,053,0.015146051208077894,336,22184,
30,055,0.010483401281304601,18,1717,
30,057,0.009227929867733005,90,9753,
30,059,0.012106537530266344,25,2065,
30,061,0.02521655437921078,131,5195,
30,063,0.02731219297243484,3347,122546,
30,065,0.01999266324284666,109,5452,
30,067,0.014108664379772049,255,18074,
30,069,0.02095238095238095,11,525,
30,071,0.10560037968675842,445,4214,
30,073,0.1457716354063837,886,6078,
30,075,0.025951557093425604,45,1734,
30,077,0.05926966292134832,422,7120,
30,079,0.011690647482014389,13,1112,
30,081,0.013011808164027642,627,48187,
30,083,0.02693144722524483,297,11028,
30,085,0.6147886633323526,6269,10197,
30,087,0.3780815230656578,3098,8194,
30,089,0.038790931989924435,539,13895,
30,091,0.02494199535962877,86,3448,
30,093,0.023357502629102782,844,36134,
30,095,0.015978835978835978,151,9450,
30,097,0.012776151184455683,48,3757,
30,099,0.021570453134698946,139,6444,
30,101,0.062293809431399186,321,5153,
30,103,0.029769959404600813,22,739,
30,105,0.08972289480764058,667,7434,
30,107,0.027696793002915453,57,2058,
30,109,0.01756311745334797,16,911,
30,111,0.05362419353898696,9201,171583,
31,000,0.017995826404350112,36090,2005465,
31,001,0.013591486087959995,424,31196,
31,003,0.007234979553318654,46,6358,
31,005,0.009456264775413711,4,423,
31,007,0.009022556390977444,6,665,
31,009,0.011013215859030838,5,454,
31,011,0.005976839745984311,32,5354,
31,013,0.05120059796318789,548,10703,
31,015,0.02823529411764706,48,1700,
31,017,0.021550225929787975,62,2877,
31,019,0.00840566111502072,430,51156,
31,021,0.02809573361082206,189,6727,
31,023,0.009598293636686812,81,8439,
31,025,0.007820456860177506,215,27492,
31,027,0.007020091987412249,58,8262,
31,029,0.007438894792773645,28,3764,
31,031,0.07466714645555955,415,5558,
31,033,0.011351801707977505,109,9602,
31,035,0.01851548418810421,113,6103,
31,037,0.03990393497136523,432,10826,
31,039,0.008489722966934763,76,8952,
31,041,0.010679889386859922,112,10487,
31,043,0.044246543238809465,944,21335,
31,045,0.0444833187554667,356,8003,
31,047,0.028549319866416876,701,24554,
31,049,0.017970401691331923,34,1892,
31,051,0.01429605501266739,79,5526,
31,053,0.026845106113398798,1017,37884,
31,055,0.015405267833082152,9261,601158,
31,057,0.02024035420619861,32,1581,
31,059,0.008889695210449928,49,5512,
31,061,0.007809726659566915,22,2817,
31,063,0.006309148264984227,16,2536,
31,065,0.011862130707251567,53,4468,
31,067,0.008484345460414072,184,21687,
31,069,0.015521064301552107,28,1804,
31,071,5.858230814294083e-4,1,1707,
31,073,0.008296460176991151,15,1808,
31,075,0.0017452006980802793,1,573,
31,077,0.002275830678197542,5,2197,
31,079,0.03702937854904643,2328,62869,
31,081,0.004286909242994563,41,9564,
31,083,0.008614976805831677,26,3018,
31,085,0.008274231678486997,7,846,
31,087,0.01097560975609756,27,2460,
31,089,0.00899209486166008,91,10120,
31,091,0.0057306590257879654,4,698,
31,093,0.007303712720632989,48,6572,
31,095,0.012612107623318386,90,7136,
31,097,0.017627898064763364,92,5219,
31,099,0.0071121647651503925,48,6749,
31,101,0.009572901325478646,78,8148,
31,103,0.007326007326007326,6,819,
31,105,0.02995461422087746,99,3305,
31,107,0.10426197929207802,866,8306,
31,109,0.010989704287426733,3658,332857,
31,111,0.01299558810288424,433,33319,
31,113,0.012968299711815562,9,694,
31,115,0.001718213058419244,1,582,
31,117,0,0,376,
31,119,0.025183394699120266,896,35579,
31,121,0.010335587597294884,81,7837,
31,123,0.026309921962095875,118,4485,
31,125,0.007664009809932557,25,3262,
31,127,0.006386602327561737,45,7046,
31,129,0.0056179775280898875,23,4094,
31,131,0.02790669640166355,463,16591,
31,133,0.0035700119000396666,9,2521,
31,135,0.0053976250449802084,15,2779,
31,137,0.010617120106171201,96,9042,
31,139,0.006681210799018271,49,7334,
31,141,0.02456407222738669,872,35499,
31,143,0.012146517365724046,64,5269,
31,145,0.008934575847823999,93,10409,
31,147,0.036524915210018265,280,7666,
31,149,0.009669621273166801,12,1241,
31,151,0.01723202170963365,254,14740,
31,153,0.008748803874470287,1792,204828,
31,155,0.006365889088267965,149,23406,
31,157,0.04541892875132927,1623,35734,
31,159,0.005065000844166808,90,17769,
31,161,0.10066977877004263,496,4927,
31,163,0.00678195998643608,20,2949,
31,165,0.01637852593266606,18,1099,
31,167,0.010250173731758166,59,5756,
31,169,0.0053388090349075976,26,4870,
31,171,0.011041009463722398,7,634,
31,173,0.5648636432122948,3749,6637,
31,175,0.005704365079365079,23,4032,
31,177,0.0050813964430224895,108,21254,
31,179,0.013069908814589666,129,9870,
31,181,0.0072158749248346366,24,3326,
31,183,0.013613861386138614,11,808,
31,185,0.013078260869565218,188,14375,
32,000,0.017527950550074417,57272,3267467,
32,001,0.053701071716667305,1398,26033,
32,003,0.013238727718164086,31758,2398871,
32,005,0.021810184811556776,1081,49564,
32,007,0.06471313209351949,3518,54363,
32,009,0.0763888888888889,55,720,
32,011,0.04208843899840171,79,1877,
32,013,0.045746669782659496,783,17116,
32,015,0.056525496974935176,327,5785,
32,017,0.024165707710011506,105,4345,
32,019,0.03298910825826297,2102,63718,
32,021,0.17675977653631286,791,4475,
32,023,0.01939632077156635,1086,55990,
32,027,0.049877600979192166,326,6536,
32,029,0.023346303501945526,96,4112,
32,031,0.022991247437312727,11663,507280,
32,033,0.05062104523084134,432,8534,
32,510,0.028754213386530923,1672,58148,
33,000,0.003307235037955135,4660,1409032,
33,001,0.003463229998314357,226,65257,
33,003,0.0040319513122860405,212,52580,
33,005,0.0037398498936960477,292,78078,
33,007,0.005628095452498875,175,31094,
33,009,0.004213015207695201,392,93045,
33,011,0.0035357360231565156,1522,430462,
33,013,0.0031988547466570384,505,157869,
33,015,0.0023043547031476306,743,322433,
33,017,0.0029582271501169878,397,134202,
33,019,0.004453330909751886,196,44012,
34,000,0.009243593021298829,87822,9500851,
34,001,0.00861296817787714,2404,279114,
34,003,0.007147667019877565,6995,978641,
34,005,0.004023006634911622,1913,475515,
34,007,0.008691206543967281,4641,533988,
34,009,0.005496671105193076,516,93875,
34,011,0.019893626588214135,3097,155678,
34,013,0.011607131715761401,10232,881527,
34,015,0.004025235500331962,1255,311783,
34,017,0.015115765738231559,11128,736185,
34,019,0.0030673915024144317,404,131708,
34,021,0.012888319928188546,5054,392138,
34,023,0.013111730004639829,11671,890119,
34,025,0.004118791697553743,2667,647520,
34,027,0.004544472548670976,2377,523053,
34,029,0.003368675667808065,2245,666434,
34,031,0.0204691633260349,10779,526597,
34,033,0.007028569693657589,463,65874,
34,035,0.0051529232068974196,1842,357467,
34,037,0.0040761238164998236,601,147444,
34,039,0.011628180961357211,6909,594160,
34,041,0.005614517410359633,629,112031,
35,000,0.1139449906490112,242732,2130256,
35,001,0.07046254021231207,47333,671747,
35,003,0.048484848484848485,184,3795,
35,005,0.027630814638052028,1760,63697,
35,006,0.48002698043918157,12810,26686,
35,007,0.04672137807751686,575,12307,
35,009,0.02360251081516668,1113,47156,
35,011,0.025347012673506336,42,1657,
35,013,0.026743283660176313,6134,229366,
35,015,0.026564229442020963,1632,61436,
35,017,0.025271413528920518,696,27541,
35,019,0.03808437856328392,167,4385,
35,021,0.026771653543307086,17,635,
35,023,0.01790216843166919,71,3966,
35,025,0.02049207595374646,1540,75151,
35,027,0.0430461922596754,862,20025,
35,028,0.01616264294790343,318,19675,
35,029,0.030296004328000618,784,25878,
35,031,0.8062948727246356,55590,68945,
35,033,0.038818359375,159,4096,
35,035,0.08080503794236203,5633,69711,
35,037,0.030584315125550397,257,8403,
35,039,0.22032286322112377,8803,39955,
35,041,0.024581841500561107,460,18713,
35,043,0.14112844437964717,22264,157757,
35,045,0.44079061721446483,53255,120817,
35,047,0.03534130467685788,934,26428,
35,049,0.04434443634519697,6996,157765,
35,051,0.0345947844411274,394,11389,
35,053,0.150936306131396,2410,15967,
35,055,0.08094078069717534,2791,34482,
35,057,0.045227073689478293,723,15986,
35,059,0.03871625063678044,152,3926,
35,061,0.07267395097323451,5873,80813,
36,000,0.011611874981376384,230696,19867248,
36,001,0.004341113375254716,1389,319964,
36,003,0.0037210089008224275,176,47299,
36,005,0.03258555495535573,45122,1384724,
36,007,0.003263797308512859,641,196397,
36,009,0.03933752898310699,2969,75475,
36,011,0.005458178550833479,407,74567,
36,013,0.010120462511582934,1256,124105,
36,015,0.0037231091659988905,302,81115,
36,017,0.004762320866829779,218,45776,
36,019,0.005316484955888585,414,77871,
36,021,0.004660110449592862,281,60299,
36,023,0.004178909565785178,192,45945,
36,025,0.003982711411825938,176,44191,
36,027,0.0070575370962418695,2117,299963,
36,029,0.008043324125133337,7646,950602,
36,031,0.005987372087959939,220,36744,
36,033,0.07632842033725523,3594,47086,
36,035,0.003917577247325869,204,52073,
36,037,0.01206513436566905,695,57604,
36,039,0.005138264076924717,241,46903,
36,041,0.0027548209366391185,14,5082,
36,043,0.0038935973818914156,232,59585,
36,045,0.0066819869188615875,756,113140,
36,047,0.01114824816790449,29182,2617631,
36,049,0.003989461799021453,106,26570,
36,051,0.005133119994801903,316,61561,
36,053,0.0076634064885496185,514,67072,
36,055,0.004696876636860844,3533,752202,
36,057,0.006848211408314534,340,49648,
36,059,0.007228329017162703,10065,1392438,
36,061,0.012464291391876985,20699,1660664,
36,063,0.01143770577849883,2397,209570,
36,065,0.0047997127179249125,1096,228347,
36,067,0.009820949656458328,4614,469812,
36,069,0.00400842388418929,453,113012,
36,071,0.012220503342909946,5032,411767,
36,073,0.010003527692385224,397,39686,
36,075,0.005350576898694053,633,118305,
36,077,0.0031227281739475247,189,60524,
36,079,0.006401853489010152,630,98409,
36,081,0.016505664393888057,38241,2316841,
36,083,0.0041182215752508565,662,160749,
36,085,0.008683050588905927,4326,498212,
36,087,0.010581828209016958,3684,348144,
36,089,0.011544473530574964,1226,106198,
36,091,0.0028207688467299053,678,240360,
36,093,0.008098064229851905,1314,162261,
36,095,0.0038804683095088055,117,30151,
36,097,0.004438993049471409,76,17121,
36,099,0.006094946401225115,199,32650,
36,101,0.0036189751670923217,333,92015,
36,103,0.008709500367534794,13377,1535909,
36,105,0.010329397141081416,831,80450,
36,107,0.0030899230672215916,147,47574,
36,109,0.005681710573663378,600,105602,
36,111,0.007099252911568121,1299,182977,
36,113,0.003538169341992403,231,65288,
36,115,0.0038770701382041814,232,59839,
36,117,0.004793018720319094,435,90757,
36,119,0.01287102053063897,12954,1006447,
36,121,0.004824694351823785,191,39588,
36,123,0.003485463566654365,85,24387,
37,000,0.01637168269777433,180842,11046024,
37,001,0.015920017482517482,2914,183040,
37,003,0.006622516556291391,243,36693,
37,005,0.007733544248176466,88,11379,
37,007,0.01025320970042796,230,22432,
37,009,0.005648059854764175,154,27266,
37,011,0.00875863230587839,156,17811,
37,013,0.011216798277099784,500,44576,
37,015,0.0087962689651101,149,16939,
37,017,0.0357322765893139,1064,29777,
37,019,0.008162190626645603,1364,167112,
37,021,0.006067117939901866,1694,279210,
37,023,0.013394319272686205,1186,88545,
37,025,0.008610799224252322,2109,244925,
37,027,0.007468509642180359,603,80739,
37,029,0.005901287553648069,66,11184,
37,031,0.008966822755803527,630,70259,
37,033,0.01037427894289675,232,22363,
37,035,0.006895973756988758,1152,167054,
37,037,0.01621479838805828,1360,83874,
37,039,0.017746024429592073,539,30373,
37,041,0.006479015189691167,90,13891,
37,043,0.00556385982394951,67,12042,
37,045,0.005117717282815038,523,102194,
37,047,0.03713988891996644,1859,50054,
37,049,0.007574375761997562,789,104167,
37,051,0.019974588541204975,6760,338430,
37,053,0.007962079434909225,257,32278,
37,055,0.007437865018463714,284,38183,
37,057,0.009049035763094107,1609,177809,
37,059,0.0073816186677830905,335,45383,
37,061,0.017392508755614475,879,50539,
37,063,0.013447681795429942,4621,343628,
37,065,0.008570149010666883,421,49124,
37,067,0.011385356517633111,4533,398143,
37,069,0.010831003748229307,864,79771,
37,071,0.007561671005330358,1830,242010,
37,073,0.007961938052238082,82,10299,
37,075,0.0778823817092554,637,8179,
37,077,0.01117899389054985,688,61544,
37,079,0.022543660200280587,466,20671,
37,081,0.008351586210845788,4667,558816,
37,083,0.04045369424582908,1901,46992,
37,085,0.0186658087832658,2727,146096,
37,087,0.008755234107346783,552,63048,
37,089,0.007915807602818558,956,120771,
37,091,0.019301998017632636,370,19169,
37,093,0.08186775486620201,4534,55382,
37,095,0.011782675103643902,54,4583,
37,097,0.006590392564486507,1360,206361,
37,099,0.08654844195137033,3919,45281,
37,101,0.011181213319775495,2793,249794,
37,103,0.010145846544071021,96,9462,
37,105,0.014225892583568,975,68537,
37,107,0.007518253451890407,416,55332,
37,109,0.005368247431129688,524,97611,
37,111,0.009609224855861628,435,45269,
37,113,0.00973732468941292,377,38717,
37,115,0.006710808876163207,150,22352,
37,117,0.0071086744412953585,153,21523,
37,119,0.011014809932976039,13287,1206285,
37,121,0.01104457751164338,166,15030,
37,123,0.01376877560309513,363,26364,
37,125,0.013226707988599574,1434,108417,
37,127,0.012021634860700072,1178,97990,
37,129,0.007261653783087374,1767,243333,
37,131,0.0075392038600723766,125,16580,
37,133,0.010467049221897687,2229,212954,
37,135,0.007476598834357032,1143,152877,
37,137,0.008685258964143426,109,12550,
37,139,0.007315659858032739,303,41418,
37,141,0.01214378469397948,851,70077,
37,143,0.005349182763744428,72,13460,
37,145,0.010736616595670477,431,40143,
37,147,0.006792674089931022,1228,180783,
37,149,0.007775590551181102,158,20320,
37,151,0.012608751322537385,1871,148389,
37,153,0.03577042152893546,1502,41990,
37,155,0.41227744807121663,48906,118624,
37,157,0.006405252520932023,599,93517,
37,159,0.009023105408647578,1384,153384,
37,161,0.0045130894841965636,296,65587,
37,163,0.0429441758823919,2594,60404,
37,165,0.13558322024898223,4596,33898,
37,167,0.005436235629623028,366,67326,
37,169,0.005146433477985913,236,45857,
37,171,0.007840999622625687,561,71547,
37,173,0.30010756543564,4185,13945,
37,175,0.005190159223528722,177,34103,
37,177,0.012226329257890247,43,3517,
37,179,0.007874374492190169,2074,263386,
37,181,0.011526560691593642,488,42337,
37,183,0.008860443151980943,10920,1232444,
37,185,0.057701378334468846,1101,19081,
37,187,0.00948000750891684,101,10654,
37,189,0.005218466461807007,287,54997,
37,191,0.009639515365055095,1160,120338,
37,193,0.004819750400386789,319,66186,
37,195,0.008592010805672979,687,79958,
37,197,0.010659297275957363,405,37995,
37,199,0.008108250408045069,154,18993,
38,000,0.052820349298490527,42075,796568,
38,001,0.012610929472209247,27,2141,
38,003,0.016669753658084832,180,10798,
38,005,0.5173731758165393,2978,5756,
38,007,0.010348071495766699,11,1063,
38,009,0.03911750899702707,250,6391,
38,011,0.031185031185031187,90,2886,
38,013,0.02042711234911792,44,2154,
38,015,0.0488327659615739,5035,103107,
38,017,0.01613874443255617,3243,200945,
38,019,0.017661900756938603,63,3567,
38,021,0.01460446247464503,72,4930,
38,023,0.011299435028248588,24,2124,
38,025,0.09203671545522203,371,4031,
38,027,0.07189259419662192,166,2309,
38,029,0.012153318790900591,39,3209,
38,031,0.01685224195004514,56,3323,
38,033,0.012813370473537604,23,1795,
38,035,0.029550907538192516,2180,73771,
38,037,0.019581664441477527,44,2247,
38,039,0.007184553210597216,16,2227,
38,041,0.035551880942538236,86,2419,
38,043,0.016448755799240825,39,2371,
38,045,0.008886694643297952,36,4051,
38,047,0.013829787234042552,26,1880,
38,049,0.011295034079844207,58,5135,
38,051,0.011377488825680617,28,2461,
38,053,0.07806792044378298,1154,14782,
38,055,0.07303199593702386,719,9845,
38,057,0.028030666027791088,234,8348,
38,059,0.04690881441188512,1604,34194,
38,061,0.30135106607557527,2855,9474,
38,063,0.025939474559361488,78,3007,
38,065,0.030818278427205102,58,1882,
38,067,0.025956284153005466,171,6588,
38,069,0.04905268621853102,189,3853,
38,071,0.12389226759339704,1426,11510,
38,073,0.010912343470483005,61,5590,
38,075,0.01430976430976431,34,2376,
38,077,0.03121623244086925,520,16658,
38,079,0.7705268559698939,9009,11692,
38,081,0.016442048517520215,61,3710,
38,083,0.02050473186119874,26,1268,
38,085,0.8025855103689739,2980,3713,
38,087,0.024242424242424242,16,660,
38,089,0.022062960878964668,745,33767,
38,091,0.014714204867006225,26,1767,
38,093,0.023763111482409727,512,21546,
38,095,0.05509507557289127,113,2051,
38,097,0.018525472524721493,148,7989,
38,099,0.023399255923242608,239,10214,
38,101,0.02965203793824075,2029,68427,
38,103,0.007888509071785432,30,3803,
38,105,0.04545789073424429,1853,40763,
39,000,0.003512154532106559,41736,11883304,
39,001,0.00650500524014311,180,27671,
39,003,0.003975571550373763,401,100866,
39,005,0.003395650515070584,178,52420,
39,007,0.0037871752007099663,367,96906,
39,009,0.004065297858204942,257,63218,
39,011,0.0032010800923304734,147,45922,
39,013,0.002797872998206888,181,64692,
39,015,0.003409193533821006,151,44292,
39,017,0.004600267306065445,1838,399542,
39,019,0.0041572184429327285,110,26460,
39,021,0.004806333050607859,187,38907,
39,023,0.0041412008741712044,559,134985,
39,025,0.002349117096248418,503,214123,
39,027,0.005830695637687713,245,42019,
39,029,0.0028250002504432844,282,99823,
39,031,0.003378104478015296,125,37003,
39,033,0.003123048094940662,130,41626,
39,035,0.0030114606390164713,3736,1240594,
39,037,0.0028370448097625434,146,51462,
39,039,0.00797018942138495,308,38644,
39,041,0.0025802005328492304,614,237966,
39,043,0.0036023347462791674,266,73841,
39,045,0.003034060156650493,509,167762,
39,047,0.0031269543464665416,90,28782,
39,049,0.004673734408904205,6339,1356303,
39,051,0.005686685067098125,239,42028,
39,053,0.004881257356504881,141,28886,
39,055,0.001572953587382815,150,95362,
39,057,0.0034465351877317274,594,172347,
39,059,0.0043695544101101545,167,38219,
39,061,0.0034752119461306324,2910,837359,
39,063,0.004025807827663432,302,75016,
39,065,0.00322347213999079,98,30402,
39,067,0.002706167212647771,38,14042,
39,069,0.005846891342242882,161,27536,
39,071,0.0040653191732328425,178,43785,
39,073,0.0046301359874585295,127,27429,
39,075,0.00125369391958449,56,44668,
39,077,0.0035586576811992847,207,58168,
39,079,0.004370014974177184,143,32723,
39,081,0.0029577464788732395,189,63900,
39,083,0.0030854529507580502,197,63848,
39,085,0.0022465140299535204,522,232360,
39,087,0.0030271006107936735,169,55829,
39,089,0.0036506614457701004,675,184898,
39,091,0.003732233915590756,172,46085,
39,093,0.004418842964941155,1423,322030,
39,095,0.004487544893042546,1913,426291,
39,097,0.004282796336561903,195,45531,
39,099,0.0029806985375532584,673,225786,
39,101,0.0035551588278749076,231,64976,
39,103,0.002096140825998646,387,184625,
39,105,0.003815550695640035,82,21491,
39,107,0.0031888951416244606,136,42648,
39,109,0.002143814202769093,240,111950,
39,111,0.0017623170638265268,23,13051,
39,113,0.0029751992304300175,1599,537443,
39,115,0.004138338752586462,56,13532,
39,117,0.002699919280763771,97,35927,
39,119,0.0033263264881846113,288,86582,
39,121,0.004064755764244166,58,14269,
39,123,0.002670563337700292,106,39692,
39,125,0.008850973073846974,166,18755,
39,127,0.0036432935373577713,130,35682,
39,129,0.00304063837317803,189,62158,
39,131,0.007980786994273046,216,27065,
39,133,0.002429214045495883,398,163839,
39,135,0.003896963309722801,159,40801,
39,137,0.007045547564754721,241,34206,
39,139,0.002394816303973473,299,124853,
39,141,0.003944980669594719,300,76046,
39,143,0.0043148846532803315,254,58866,
39,145,0.005654753614306805,406,71798,
39,147,0.0035812168828795905,196,54730,
39,149,0.0027527527527527527,132,47952,
39,151,0.0033360866740980138,1248,374091,
39,153,0.0021342199602503854,1149,538370,
39,155,0.0027758362456315527,556,200300,
39,157,0.006387971493134017,588,92048,
39,159,0.002202980995803182,158,71721,
39,161,0.006646588430782013,192,28887,
39,163,0.004942208051016341,62,12545,
39,165,0.0030500783022662744,781,256059,
39,167,0.002948638826030309,172,58332,
39,169,0.0023749914260237327,277,116632,
39,171,0.003857306997866171,141,36554,
39,173,0.0035017320799236532,466,133077,
39,175,0.0032252033280358978,69,21394,
40,000,0.09552270075179597,391203,4095393,
40,001,0.44503304575954794,8821,19821,
40,003,0.047619047619047616,272,5712,
40,005,0.15493150684931506,2262,14600,
40,007,0.03920398009950249,197,5025,
40,009,0.03856526429341963,858,22248,
40,011,0.0947159687390645,812,8573,
40,013,0.15400059636219063,7747,50305,
40,015,0.23335991191099972,6146,26337,
40,017,0.05052816901408451,9184,181760,
40,019,0.10501679047522133,5160,49135,
40,021,0.3657780787621334,17824,48729,
40,023,0.19796811062508818,2806,14174,
40,025,0.015939990623534926,34,2133,
40,027,0.05470271621835027,16627,303952,
40,029,0.23014407092722572,1246,5414,
40,031,0.06994464397508979,8491,121396,
40,033,0.11103034708340905,611,5503,
40,035,0.21549703570936166,3126,14506,
40,037,0.10992145570561436,8131,73971,
40,039,0.08922380244817095,2522,28266,
40,041,0.2399751023437313,10024,41771,
40,043,0.07403936269915651,316,4268,
40,045,0.038322688142182725,138,3601,
40,047,0.035221829793410424,2184,62007,
40,049,0.1010746108837814,2643,26149,
40,051,0.06599489315030932,3851,58353,
40,053,0.039291777831675964,162,4123,
40,055,0.04030922142462728,219,5433,
40,057,0.044060475161987044,102,2315,
40,059,0.034590215020255534,111,3209,
40,061,0.18956904580475828,2239,11811,
40,063,0.2033505347393613,2719,13371,
40,065,0.031865042174320526,782,24541,
40,067,0.08168961667286938,439,5374,
40,069,0.15952589138249296,1642,10293,
40,071,0.1189538872389898,5167,43437,
40,073,0.04298356510745891,680,15820,
40,075,0.08211214726898389,678,8257,
40,077,0.24839625617835734,2362,9509,
40,079,0.15242508123721266,7599,49854,
40,081,0.07534599107857715,2635,34972,
40,083,0.04147790568139621,2234,53860,
40,085,0.07809651731747098,814,10423,
40,087,0.07325432547384068,3548,48434,
40,089,0.18474273656873885,5691,30805,
40,091,0.19264332825976663,3797,19710,
40,093,0.036860879904875146,279,7569,
40,095,0.10943209264878925,1767,16147,
40,097,0.22583698684734954,9066,40144,
40,099,0.15471862730841937,2128,13754,
40,101,0.20489273729626079,13677,66752,
40,103,0.10352422907488987,1128,10896,
40,105,0.18941533312415018,1811,9561,
40,107,0.21312917986624427,2422,11364,
40,109,0.04922166836091073,40189,816490,
40,111,0.16942616761945853,6283,37084,
40,113,0.14683299279492418,6827,46495,
40,115,0.2144783581107749,6521,30404,
40,117,0.13177332257463845,2123,16111,
40,119,0.05590327676100666,4707,84199,
40,121,0.1687521603871414,7323,43395,
40,123,0.21568780997128686,8263,38310,
40,125,0.14027617333369152,10443,74446,
40,127,0.18518518518518517,2000,10800,
40,129,0.08171912832929783,270,3304,
40,131,0.1336180959051405,13545,101371,
40,133,0.196351333989979,4585,23351,
40,135,0.23289360128220934,9445,40555,
40,137,0.06361883153715259,2804,44075,
40,139,0.025999902804101666,535,20577,
40,141,0.05997624703087886,404,6736,
40,143,0.07209515597377991,49999,693514,
40,145,0.10128538084749664,9243,91257,
40,147,0.11431742508324085,6180,54060,
40,149,0.04677553279822862,507,10839,
40,151,0.03588907014681892,308,8582,
40,153,0.03841728777950078,768,19991,
41,000,0.02069810884869315,88430,4272371,
41,001,0.019223880597014926,322,16750,
41,003,0.011971809623959797,1184,98899,
41,005,0.012403224556599986,5282,425857,
41,007,0.01744511853422021,716,41043,
41,009,0.01681371732978192,909,54063,
41,011,0.03009669496004726,1936,64326,
41,013,0.018327480245829676,501,27336,
41,015,0.02823395099675068,643,22774,
41,017,0.011846739310279623,2506,211535,
41,019,0.02262705447418823,2540,112255,
41,021,0.0213089802130898,42,1971,
41,023,0.020160721838432257,143,7093,
41,025,0.047824912185895706,354,7402,
41,027,0.01956741289345228,465,23764,
41,029,0.019120683501181488,4232,221331,
41,031,0.1755560776942356,4483,25536,
41,033,0.01841950246952739,1626,88276,
41,035,0.05181862063090945,3650,70438,
41,037,0.026482792287039297,217,8194,
41,039,0.017047772466239185,6519,382396,
41,041,0.04375927516988206,2241,51212,
41,043,0.019611395443634223,2598,132474,
41,045,0.02596317499613183,839,32315,
41,047,0.03279139165748001,11571,352867,
41,049,0.03398058252427184,420,12360,
41,051,0.016985866261589124,13519,795897,
41,053,0.028294072822449723,2562,90549,
41,055,0.03146853146853147,63,2002,
41,057,0.01789906103286385,488,27264,
41,059,0.043594936079810166,3509,80491,
41,061,0.014467725842351677,377,26058,
41,063,0.011566072852964637,87,7522,
41,065,0.03757498019391104,996,26507,
41,067,0.013786006884005811,8427,611272,
41,069,0.032280219780219783,47,1456,
41,071,0.021788142777266744,2416,110886,
42,000,0.00532245013304405,69611,13078751,
42,001,0.005754582352614119,621,107914,
42,003,0.0021310035443662763,2625,1231814,
42,005,0.0018687479388809498,119,63679,
42,007,0.00218074181466715,361,165540,
42,009,0.002077954788741263,99,47643,
42,011,0.013527146523591662,5940,439117,
42,013,0.001879120970491149,226,120269,
42,015,0.0035008961624147807,209,59699,
42,017,0.0034100819680956606,2217,650131,
42,019,0.0020367109626218387,406,199341,
42,021,0.002198173824822455,286,130108,
42,023,0.0043698252069917206,19,4348,
42,025,0.0052781284699511734,347,65743,
42,027,0.002321579424924126,371,159805,
42,029,0.00381813480280698,2141,560745,
42,031,0.0026319359652692987,97,36855,
42,033,0.0027261557364460145,213,78132,
42,035,0.0022976363396276247,87,37865,
42,037,0.0037871902078409985,250,66012,
42,039,0.0027531094300088928,226,82089,
42,041,0.003190377328358426,879,275516,
42,043,0.007398585122974177,2168,293029,
42,045,0.003303230395190825,1932,584882,
42,047,0.002257336343115124,68,30124,
42,049,0.0029430438842203547,788,267750,
42,051,0.0023801647558112328,295,123941,
42,053,0.004847750340857446,32,6601,
42,055,0.0037417208148915466,596,159285,
42,057,0.004290063659009134,62,14452,
42,059,0.0027090694935217904,92,33960,
42,061,0.001937314052445859,84,43359,
42,063,0.0023868937832266465,198,82953,
42,065,0.00267484492817119,116,43367,
42,067,0.004317161786706561,101,23395,
42,069,0.004938692883394279,1071,216859,
42,071,0.005213982776281615,2937,563293,
42,073,0.002338750845868009,197,84233,
42,075,0.005484485855256367,797,145319,
42,077,0.014409251792405129,5557,385655,
42,079,0.01064340226749432,3527,331379,
42,081,0.0030290720265639904,343,113236,
42,083,0.00392623739804448,155,39478,
42,085,0.0028111707046421307,304,108140,
42,087,0.0022640687928594753,104,45935,
42,089,0.0072422428133050686,1206,166523,
42,091,0.0034929878638292064,3071,879190,
42,093,0.002649737786364891,48,18115,
42,095,0.0053624117229998545,1732,322989,
42,097,0.003998800359892032,360,90027,
42,099,0.003438995215311005,161,46816,
42,101,0.011078100737269333,17436,1573916,
42,103,0.006060023085802232,378,62376,
42,105,0.004439442255986995,71,15993,
42,107,0.005736111207212693,829,144523,
42,109,0.0028263557675322383,112,39627,
42,111,0.0023844511603404775,172,72134,
42,113,0.00641133794499747,38,5927,
42,115,0.0026771653543307085,102,38100,
42,117,0.00307140400019657,125,40698,
42,119,0.005076021727270571,214,42159,
42,121,0.0028296547821165816,140,49476,
42,123,0.003237631445160945,121,37373,
42,125,0.0020481481129475277,431,210434,
42,127,0.00429802213189677,221,51419,
42,129,0.0017553108125436334,616,350935,
42,131,0.0036475107679174268,94,25771,
42,133,0.005665902724726254,2670,471240,
44,000,0.014098612974104295,15682,1112308,
44,001,0.0039485492072988335,198,50145,
44,003,0.005891562771817918,1016,172450,
44,005,0.00678104183639239,566,83468,
44,007,0.018884115091905455,12764,675912,
44,009,0.008731480131662741,1138,130333,
45,000,0.006576767927318802,36033,5478831,
45,001,0.004957938797903036,122,24607,
45,003,0.006521799771262797,1169,179245,
45,005,0.005164878823996822,39,7551,
45,007,0.00426368546341104,926,217183,
45,009,0.005905205905205905,76,12870,
45,011,0.008001951695535496,164,20495,
45,013,0.004356337504646264,879,201775,
45,015,0.007223508755997518,1909,264276,
45,017,0.006596954172222612,94,14249,
45,019,0.006169359235825439,2659,431001,
45,021,0.006127747966072356,354,57770,
45,023,0.007858181480679393,254,32323,
45,025,0.012340406401726308,549,44488,
45,027,0.00866902997099581,269,31030,
45,029,0.011946305305789755,469,39259,
45,031,0.005142170604725671,321,62425,
45,033,0.03234579540921783,892,27577,
45,035,0.0077062686430440334,1346,174663,
45,037,0.006212867085384485,183,29455,
45,039,0.00451666748490353,92,20369,
45,041,0.005070663315199676,700,138049,
45,043,0.00451275838570455,298,66035,
45,045,0.0066684771658095995,3806,570745,
45,047,0.006781742122471124,475,70041,
45,049,0.004787585296059872,87,18172,
45,051,0.006037867297546391,2496,413391,
45,053,0.019316076141276884,688,35618,
45,055,0.005857903986164189,420,71698,
45,057,0.005221581342027013,583,111652,
45,059,0.005528386136508611,390,70545,
45,061,0.0057651334753728535,92,15958,
45,063,0.006119053841299789,1920,313774,
45,065,0.002704597816287689,27,9983,
45,067,0.009764523406655387,277,28368,
45,069,0.04843517138599106,1235,25498,
45,071,0.00877483866030661,344,39203,
45,073,0.008111548954228553,669,82475,
45,075,0.0069530488758435685,578,83129,
45,077,0.004240016786414581,586,138207,
45,079,0.0040473608560063715,1743,430651,
45,081,0.01825005140859552,355,19452,
45,083,0.005134649132309292,1896,369256,
45,085,0.005697869741162098,597,104776,
45,087,0.004048279481220481,108,26678,
45,089,0.005658797923991294,169,29865,
45,091,0.009003270616268592,2728,303001,
46,000,0.0850963966565333,78686,924669,
46,003,0.03125,86,2752,
46,005,0.025540880826352846,497,19459,
46,007,0.5971419884463363,1964,3289,
46,009,0.08287370951774856,586,7071,
46,011,0.016419593498171018,597,36359,
46,013,0.03901853580477397,1463,37495,
46,015,0.11594753849078122,610,5261,
46,017,0.7895890410958905,1441,1825,
46,019,0.026443852722431365,288,10891,
46,021,0.020119225037257823,27,1342,
46,023,0.3085732634057583,2883,9343,
46,025,0.017111222949169603,68,3974,
46,027,0.042636930141029844,650,15245,
46,029,0.03241341621695471,949,29278,
46,031,0.6351748065118762,2380,3747,
46,033,0.032904608788853165,307,9330,
46,035,0.039885467423519366,794,19907,
46,037,0.0959689349112426,519,5408,
46,039,0.009457900807381776,41,4335,
46,041,0.6860202931228861,3651,5322,
46,043,0.030537030537030538,87,2849,
46,045,0.012416190712689347,50,4027,
46,047,0.060334284549531186,444,7359,
46,049,0.010299625468164793,22,2136,
46,051,0.021659228143869783,165,7618,
46,053,0.07664233576642336,315,4110,
46,055,0.028353326063249727,52,1834,
46,057,0.011067313523347484,73,6596,
46,059,0.006780755569906361,21,3097,
46,061,0.008628127696289905,30,3477,
46,063,0.02943396226415094,39,1325,
46,065,0.12872304005477575,2256,17526,
46,067,0.01982200647249191,147,7416,
46,069,0.11934156378600823,145,1215,
46,071,0.5389112166605773,1475,2737,
46,073,0.014209591474245116,24,1689,
46,075,0.07322654462242563,64,874,
46,077,0.014065766964455427,74,5261,
46,079,0.020715973105578774,228,11006,
46,081,0.022770661945919677,656,28809,
46,083,0.010432725532932858,785,75244,
46,085,0.38000537489922065,1414,3721,
46,087,0.01628833824293883,94,5771,
46,089,0.011270047680970958,26,2307,
46,091,0.09510807736063709,418,4395,
46,093,0.036580632641179896,1131,30918,
46,095,0.5354416575790621,982,1834,
46,097,0.0060790273556231,14,2303,
46,099,0.031695895781709074,6613,208639,
46,101,0.1335579721243682,872,6529,
46,102,0.8872005988023952,11853,13360,
46,103,0.1012510885591357,11743,115979,
46,105,0.022951977401129944,65,2832,
46,107,0.0324729392173189,78,2402,
46,109,0.37634931440241176,3870,10283,
46,111,0.008779264214046822,21,2392,
46,115,0.01899148657498363,116,6108,
46,117,0.05870646766169154,177,3015,
46,119,0.03746594005449591,55,1468,
46,121,0.8366768425643262,7674,9172,
46,123,0.1693195732027287,968,5717,
46,125,0.014856388246946187,135,9087,
46,127,0.011780255143087002,205,17402,
46,129,0.14971537001897534,789,5270,
46,135,0.03326385639542303,782,23509,
46,137,0.6774193548387096,1638,2418,
47,000,0.00622240669641313,44974,7227750,
47,001,0.005365320630087539,437,81449,
47,003,0.01687320203584864,915,54228,
47,005,0.008038088171644099,130,16173,
47,007,0.008081585530113526,126,15591,
47,009,0.005569189443854554,792,142211,
47,011,0.00875358141006486,996,113782,
47,013,0.0036781152144738805,148,40238,
47,015,0.006207898560295866,94,15142,
47,017,0.006321503418421685,184,29107,
47,019,0.004648814291186405,267,57434,
47,021,0.006196601258097831,264,42604,
47,023,0.006880733944954129,123,17876,
47,025,0.004566071968551557,151,33070,
47,027,0.006363752068219423,50,7857,
47,029,0.006516650707522077,245,37596,
47,031,0.0062984417067798,386,61285,
47,033,0.008516424533027983,119,13973,
47,035,0.005364381724526806,352,65618,
47,037,0.007633943564471799,5569,729505,
47,039,0.0060169491525423726,71,11800,
47,041,0.006345702855566285,138,21747,
47,043,0.005950625422876078,343,57641,
47,045,0.005109468999807708,186,36403,
47,047,0.004991456066193003,222,44476,
47,049,0.005315713646976999,107,20129,
47,051,0.005782395817178811,261,45137,
47,053,0.0038504920073120456,198,51422,
47,055,0.0060056181589228635,186,30971,
47,057,0.005663462688948271,142,25073,
47,059,0.004455162266001798,327,73398,
47,061,0.007492225049476958,106,14148,
47,063,0.011164439193679392,756,67715,
47,065,0.007360403462988277,2843,386256,
47,067,0.004830917874396135,34,7038,
47,069,0.004010379806558151,102,25434,
47,071,0.005829742549878698,161,27617,
47,073,0.004345555911135066,258,59371,
47,075,0.005439550798385682,93,17097,
47,077,0.0054288045985168365,153,28183,
47,079,0.00523066630173646,172,32883,
47,081,0.00781159364244557,202,25859,
47,083,0.0053876786132583745,46,8538,
47,085,0.008438171218165081,165,19554,
47,087,0.008322559793148028,103,12376,
47,089,0.0047959200905145485,284,59217,
47,091,0.004539068410245326,84,18506,
47,093,0.0042506334509460324,2154,506748,
47,095,0.008097165991902834,52,6422,
47,097,0.008932196508323184,220,24630,
47,099,0.005272559020380055,245,46467,
47,101,0.0063347741839320315,85,13418,
47,103,0.008680035917390003,319,36751,
47,105,0.006663554861658806,414,62129,
47,107,0.006078866687810551,345,56754,
47,109,0.005861395241926215,153,26103,
47,111,0.010518959873478244,286,27189,
47,113,0.004481669969823422,450,100409,
47,115,0.005699725072084758,170,29826,
47,117,0.006024255555261976,228,37847,
47,119,0.005925351156413399,672,113411,
47,121,0.009973451962402239,139,13937,
47,123,0.0072832322903527685,358,49154,
47,125,0.0078122142058733865,1922,246025,
47,127,0.004872287021999114,33,6773,
47,129,0.005420424524004737,119,21954,
47,131,0.004229866825286673,128,30261,
47,133,0.006326695257101609,149,23551,
47,135,0.0073439412484700125,66,8987,
47,137,0.004502740798747063,23,5108,
47,139,0.006980041443996074,128,18338,
47,141,0.010519000164911536,893,84894,
47,143,0.007336229465749878,255,34759,
47,145,0.004705509146663847,267,56742,
47,147,0.008564982984743624,672,78459,
47,149,0.007451007437744697,2809,376996,
47,151,0.0049740196296131816,112,22517,
47,153,0.006242905788876277,110,17620,
47,155,0.009831909286912082,985,100184,
47,157,0.005415527220410091,4931,910530,
47,159,0.00635134484915556,132,20783,
47,161,0.008423250957187609,121,14365,
47,163,0.004873911359962632,793,162703,
47,165,0.005190793544334289,1099,211721,
47,167,0.005531702767459437,344,62187,
47,169,0.006086026811415413,74,12159,
47,171,0.008057296329453895,144,17872,
47,173,0.006219141663501709,131,21064,
47,175,0.005833084056236913,39,6686,
47,177,0.005685595726632889,248,43619,
47,179,0.005113074862863608,714,139642,
47,181,0.005634155502691874,90,15974,
47,183,0.005699294373077619,189,33162,
47,185,0.005462415830699464,159,29108,
47,187,0.0027346768919802628,736,269136,
47,189,0.005754701438086944,978,169948,
48,000,0.011436928600585903,357871,31290831,
48,001,0.008216830219115472,489,59512,
48,003,0.018020398456904296,341,18923,
48,005,0.008377415033941018,738,88094,
48,007,0.015159210783356124,388,25595,
48,009,0.019115237575095576,175,9155,
48,011,0.017689331122166942,32,1809,
48,013,0.015516359433908646,819,52783,
48,015,0.01142997603392122,372,32546,
48,017,0.03129000142227279,220,7031,
48,019,0.017345597897503284,396,22830,
48,021,0.022256832360285736,2558,114931,
48,023,0.01075573167279932,38,3533,
48,025,0.01018382117466214,318,31226,
48,027,0.0116422826081516,4652,399578,
48,029,0.01394815242673319,29678,2127737,
48,031,0.015047162748914508,201,13358,
48,033,0.010771992818671455,6,557,
48,035,0.010676905275337926,203,19013,
48,037,0.011979302548047657,1102,91992,
48,039,0.009019321239811822,3727,413224,
48,041,0.007883857321411402,1968,249624,
48,043,0.020614219604543543,196,9508,
48,045,0.013386880856760375,20,1494,
48,047,0.009940652818991098,67,6740,
48,049,0.01071678185912868,414,38631,
48,051,0.013281133852024382,268,20179,
48,053,0.012257277197516242,683,55722,
48,055,0.01790959374403967,939,52430,
48,057,0.011483301574566241,229,19942,
48,059,0.011768730756072529,172,14615,
48,061,0.007094661868971042,3064,431874,
48,063,0.01618049225159526,213,13164,
48,065,0.017176228100309172,100,5822,
48,067,0.009538117531968416,273,28622,
48,069,0.021409214092140923,158,7380,
48,071,0.011872763844141048,667,56179,
48,073,0.016252372094771057,865,53223,
48,075,0.012576733043868842,84,6679,
48,077,0.01761416589002796,189,10730,
48,079,0.04103755323267518,106,2583,
48,081,0.029151943462897525,99,3396,
48,083,0.015269086357947435,122,7990,
48,085,0.007094363563616539,8901,1254658,
48,087,0.03561853695901953,93,2611,
48,089,0.01229336437718277,264,21475,
48,091,0.00887277560656258,1789,201628,
48,093,0.014276760220071035,205,14359,
48,095,0.011124473842453398,37,3326,
48,097,0.01579375480139184,699,44258,
48,099,0.014021072131527151,1211,86370,
48,101,0.007125890736342043,9,1263,
48,103,0.02329124945581193,107,4594,
48,105,0.03322615219721329,93,2799,
48,107,0.01709741550695825,86,5030,
48,109,0.027950310559006212,63,2254,
48,111,0.037470103640712196,282,7526,
48,113,0.01229881612693842,32666,2656028,
48,115,0.01547882292906957,182,11758,
48,117,0.02249256555825899,416,18495,
48,119,0.027271117407472994,154,5647,
48,121,0.008462186160440907,8844,1045120,
48,123,0.011307525182698005,229,20252,
48,125,0.03188405797101449,55,1725,
48,127,0.013690257914680357,112,8181,
48,129,0.013153773880363295,42,3193,
48,131,0.013354199269692228,128,9585,
48,133,0.013559322033898305,248,18290,
48,135,0.015180388420322075,2581,170022,
48,137,0.03181489515545915,44,1383,
48,139,0.009518604741229071,2212,232387,
48,141,0.011913896577238223,10434,875784,
48,143,0.014675476447321107,653,44496,
48,145,0.014364578639026588,255,17752,
48,147,0.015084087968952135,583,38650,
48,149,0.014948210922787194,381,25488,
48,151,0.014733969986357435,54,3665,
48,153,0.016858389527965093,85,5042,
48,155,0.012345679012345678,13,1053,
48,157,0.006727641131262038,6448,958434,
48,159,0.013929618768328446,152,10912,
48,161,0.014676677161540325,303,20645,
48,163,0.012243852459016394,239,19520,
48,165,0.011750829984273983,269,22892,
48,167,0.008780453284776828,3226,367407,
48,169,0.016576964477933262,77,4645,
48,171,0.01317518377783302,371,28159,
48,173,0.014744145706851692,17,1153,
48,175,0.014263952361168813,103,7221,
48,177,0.018812375249501,377,20040,
48,179,0.0186710072769054,390,20888,
48,181,0.01831504264873914,2757,150532,
48,183,0.009938505987574894,1259,126679,
48,185,0.00998564936618034,334,33448,
48,187,0.01144666591516965,2234,195166,
48,189,0.018589803774293492,594,31953,
48,191,0.01768033946251768,50,2828,
48,193,0.02059231837112448,178,8644,
48,195,0.020974830203755495,105,5006,
48,197,0.014925373134328358,51,3417,
48,199,0.007329129026759843,430,58670,
48,201,0.013636430784169132,68309,5009302,
48,203,0.013591144738685723,970,71370,
48,205,0.011609287429943955,58,4996,
48,207,0.015455381784728611,84,5435,
48,209,0.013125408777895345,3833,292029,
48,211,0.019783024888321635,62,3134,
48,213,0.010826940446111105,947,87467,
48,215,0.0058328414332874225,5336,914820,
48,217,0.011606613190271078,450,38771,
48,219,0.016833294582655197,362,21505,
48,221,0.01092208430981107,755,69126,
48,223,0.011473803630363036,445,38784,
48,225,0.009370635671487137,208,22197,
48,227,0.016540719359128205,510,30833,
48,229,0.014689578713968959,53,3608,
48,231,0.014116180545612277,1676,118729,
48,233,0.021956290248973175,433,19721,
48,235,0.01507208387942333,23,1526,
48,237,0.013087891040646947,123,9398,
48,239,0.009552473174561633,146,15284,
48,241,0.008995046646610143,296,32907,
48,243,0.02080989876265467,37,1778,
48,245,0.011273961598437476,2863,253948,
48,247,0.006545930613135501,30,4583,
48,249,0.012523787481355757,487,38886,
48,251,0.010643704256056843,2241,210547,
48,253,0.016163069544364507,337,20850,
48,255,0.01268415141705754,192,15137,
48,257,0.010569734467646301,2091,197829,
48,259,0.007698541329011345,399,51828,
48,261,0.00909090909090909,3,330,
48,263,0.017069701280227598,12,703,
48,265,0.012653061224489797,682,53900,
48,267,0.015905476028175415,70,4401,
48,269,0.013953488372093023,3,215,
48,271,0.022563459730492008,72,3191,
48,273,0.010840286446357006,330,30442,
48,275,0.013517665130568356,44,3255,
48,277,0.020117465706647936,1031,51249,
48,279,0.022069835264443918,280,12687,
48,281,0.014104252517099281,332,23539,
48,283,0.015571193292409044,104,6679,
48,285,0.008153360834748847,168,20605,
48,287,0.012302856213755353,227,18451,
48,289,0.010420409629895796,174,16698,
48,291,0.016411397576537264,1888,115042,
48,293,0.014400283574815011,325,22569,
48,295,0.02361111111111111,68,2880,
48,297,0.015208490014205732,182,11967,
48,299,0.01044769675776022,242,23163,
48,301,0,0,48,
48,303,0.012217694887505574,4000,327394,
48,305,0.022681451612903226,135,5952,
48,307,0.01382921589688507,103,7448,
48,309,0.011743687998875565,3175,270358,
48,311,0.010619469026548672,6,565,
48,313,0.012899041579592131,179,13877,
48,315,0.012262984336356142,119,9704,
48,317,0.017764047113342344,92,5179,
48,319,0.010534236267870579,42,3987,
48,321,0.015278502926547774,556,36391,
48,323,0.019650172533954343,1156,58829,
48,325,0.012387853071792014,689,55619,
48,327,0.020931449502878074,40,1911,
48,329,0.012397391972198466,2276,183587,
48,331,0.01402958828701403,367,26159,
48,333,0.014025860179706334,64,4563,
48,335,0.020851917930419267,187,8968,
48,337,0.014435815440840567,316,21890,
48,339,0.009999826577180492,7496,749613,
48,341,0.023271762984637893,509,21872,
48,343,0.017399868680236377,212,12184,
48,345,0.017733990147783252,18,1015,
48,347,0.008854673807205452,582,65728,
48,349,0.01172766348858189,663,56533,
48,351,0.011504870675176353,137,11908,
48,353,0.013820335636722606,196,14182,
48,355,0.00886938053097345,3132,353125,
48,357,0.031491200987959246,306,9717,
48,359,0.019199122325836534,35,1823,
48,361,0.008163502293444811,703,86115,
48,363,0.01213985643875492,367,30231,
48,365,0.008817652680045173,203,23022,
48,367,0.010255582698503676,1843,179707,
48,369,0.021201778880959768,205,9669,
48,371,0.01644915715062534,242,14712,
48,373,0.021231892071215303,1152,54258,
48,375,0.013973083062215981,1602,114649,
48,377,0.0228631727048892,130,5686,
48,379,0.015632045693672027,208,13306,
48,381,0.010309072914106559,1552,150547,
48,383,0.01656578528193692,52,3139,
48,385,0.0284992784992785,79,2772,
48,387,0.019066347469220247,223,11696,
48,389,0.01405152224824356,168,11956,
48,391,0.012761537320077163,86,6739,
48,393,0.03106332138590203,26,837,
48,395,0.012458236593238576,220,17659,
48,397,0.009361956743819504,1283,137044,
48,399,0.019690288175571738,192,9751,
48,401,0.011125470584930044,594,53391,
48,403,0.011930801352157487,120,10058,
48,405,0.010299987125016093,80,7767,
48,407,0.012582691127327286,369,29326,
48,409,0.011431849664880294,817,71467,
48,411,0.017610748002904866,97,5508,
48,413,0.016941789748045177,39,2302,
48,415,0.01474307568934674,239,16211,
48,417,0.013253392237298833,42,3169,
48,419,0.01070601851851852,259,24192,
48,421,0.01732226632984482,48,2771,
48,423,0.009390142558342132,2339,249091,
48,425,0.015547633194692018,157,10098,
48,427,0.004625527505368916,308,66587,
48,429,0.01699208443271768,161,9475,
48,431,0.022350396539293438,31,1387,
48,433,0.014574898785425101,18,1235,
48,435,0.015907005200367086,52,3269,
48,437,0.020793950850661626,143,6877,
48,439,0.00983275265072793,21934,2230708,
48,441,0.010388877315825903,1546,148813,
48,443,0.04317548746518106,31,718,
48,445,0.012928805378383038,150,11602,
48,447,0.011096605744125326,17,1532,
48,449,0.023298570387041556,735,31547,
48,451,0.011964730273182185,1437,120103,
48,453,0.012914962746568878,17613,1363767,
48,455,0.010904824349506521,158,14489,
48,457,0.010214007782101167,210,20560,
48,459,0.012576617480136209,554,44050,
48,461,0.03260869565217391,102,3128,
48,463,0.014082265892274643,354,25138,
48,465,0.010854392799849996,521,47999,
48,467,0.010443464412593409,682,65304,
48,469,0.009309508531903555,856,91949,
48,471,0.009017940326318053,755,83722,
48,473,0.013915126940975901,906,65109,
48,475,0.017213263272331945,190,11038,
48,477,0.00674424755355726,255,37810,
48,479,0.005901261990374712,1610,272823,
48,481,0.0086356607588914,363,42035,
48,483,0.020729684908789386,100,4824,
48,485,0.015294190054160512,1988,129984,
48,487,0.017503010839020474,218,12455,
48,489,0.0069406301492984475,139,20027,
48,491,0.009255237257381647,6733,727480,
48,493,0.01095371289362086,607,55415,
48,495,0.023574041457797047,174,7381,
48,497,0.012426945555213781,1010,81275,
48,499,0.011407000123097123,556,48742,
48,501,0.021501121224112914,163,7581,
48,503,0.013928493090590043,254,18236,
48,505,0.004993125407048267,69,13819,
48,507,0.01389944619394071,128,9209,
49,000,0.016214404958538514,56809,3503613,
49,001,0.01912715517241379,142,7424,
49,003,0.01127573300062383,723,64120,
49,005,0.01028957913765491,1497,145487,
49,007,0.01819240285256877,375,20613,
49,009,0.01778242677824268,17,956,
49,011,0.008933336856289798,3381,378470,
49,013,0.04624333028890064,962,20803,
49,015,0.01318767837811239,134,10161,
49,017,0.027410207939508508,145,5290,
49,019,0.053024111156518186,519,9788,
49,021,0.02290099490414948,1510,65936,
49,023,0.012032789350981425,160,13297,
49,025,0.019237536656891496,164,8525,
49,027,0.02313586796345417,314,13572,
49,029,0.004200717940884442,55,13093,
49,031,0.00847457627118644,13,1534,
49,033,0.007630813953488372,21,2752,
49,035,0.015831958917151893,19256,1216274,
49,037,0.4584617491952606,6694,14601,
49,039,0.017180788754392814,528,30732,
49,041,0.016341030195381884,368,22520,
49,043,0.006935906655222807,299,43109,
49,045,0.014144020452608654,1195,84488,
49,047,0.07035267705641267,2695,38307,
49,049,0.010356862776586718,7739,747234,
49,051,0.0069734270167467905,264,37858,
49,053,0.017100840134075205,3556,207943,
49,055,0.009969325153374233,26,2608,
49,057,0.014692993575210598,4057,276118,
50,000,0.004052472424528869,2628,648493,
50,001,0.0033905432754225036,129,38047,
50,003,0.003995788223224169,148,37039,
50,005,0.005076142131979695,155,30535,
50,007,0.002534372055182586,433,170851,
50,009,0.006460162332284247,39,6037,
50,011,0.009223358007284691,471,51066,
50,013,0.014346439957492029,108,7528,
50,015,0.003962206644315757,104,26248,
50,017,0.004525790349417637,136,30050,
50,019,0.006636370194041694,184,27726,
50,021,0.0031894747333798463,192,60198,
50,023,0.0033420225920727225,200,59844,
50,025,0.0032875271220987575,150,45627,
50,027,0.00310241433696726,179,57697,
51,000,0.006536343821695014,57593,8811195,
51,001,0.011104127383197151,371,33411,
51,003,0.004594546213974581,539,117313,
51,005,0.004305631492618918,63,14632,
51,007,0.006342957130358705,87,13716,
51,009,0.009510268562401263,301,31650,
51,011,0.004776788346995341,81,16957,
51,013,0.008114859032471946,1946,239807,
51,015,0.003090737961384854,243,78622,
51,017,0.004667157946450504,19,4071,
51,019,0.004380521282032562,360,82182,
51,021,0.0017782088587132234,11,6186,
51,023,0.0036332737554572356,124,34129,
51,025,0.004507936507936508,71,15750,
51,027,0.0021468441391155,40,18632,
51,029,0.004557405784399649,78,17115,
51,031,0.0035416139640779155,196,55342,
51,033,0.009618544075036593,322,33477,
51,035,0.0037275152178373573,109,29242,
51,036,0.06368068251066424,418,6564,
51,037,0.006395452122934802,72,11258,
51,041,0.007380840600010775,2877,389793,
51,043,0.00827029106295679,129,15598,
51,045,0.0051770552909505075,25,4829,
51,047,0.010031180400890868,563,56125,
51,049,0.007354402703239913,74,10062,
51,051,0.00246066661695623,33,13411,
51,053,0.0052491601343785,150,28576,
51,057,0.011139193110549471,119,10683,
51,059,0.006200228266253203,7198,1160925,
51,061,0.006946549792394385,527,75865,
51,063,0.002554604674926555,40,15658,
51,065,0.005322479649342517,153,28746,
51,067,0.005589805345363697,311,55637,
51,069,0.01059026185161402,1039,98109,
51,071,0.0031452247021109296,52,16533,
51,073,0.005752851521641679,231,40154,
51,075,0.0035077773447188465,99,28223,
51,077,0.003865050769734687,59,15265,
51,079,0.005564753495217072,121,21744,
51,081,0.003946188340807175,44,11150,
51,083,0.004903133221717293,164,33448,
51,085,0.005212082317945694,601,115309,
51,087,0.004254552755273165,1441,338696,
51,089,0.004292801457932571,212,49385,
51,091,0.002555366269165247,6,2348,
51,093,0.0062771725856089105,257,40942,
51,095,0.004855248378564441,402,82797,
51,097,0.01837853860975248,124,6747,
51,099,0.008953359244863965,258,28816,
51,101,0.014975041597337771,288,19232,
51,103,0.0034351835111191466,38,11062,
51,105,0.004683195592286501,102,21780,
51,107,0.0052347873156209125,2321,443380,
51,109,0.0050583010757795244,213,42109,
51,111,0.007131011608623549,86,12060,
51,113,0.0047712601740106655,68,14252,
51,115,0.004068821204371077,35,8602,
51,117,0.004606799896184791,142,30824,
51,119,0.006575943008493927,72,10949,
51,121,0.0036465383139053314,361,98998,
51,125,0.0067723147771908436,100,14766,
51,127,0.010507752222793739,286,27218,
51,131,0.004998333888703766,60,12004,
51,133,0.002984593046704848,37,12397,
51,135,0.007548618219037871,118,15632,
51,137,0.006874262555789257,268,38986,
51,139,0.002997551296124293,71,23686,
51,141,0.0066443263230875895,115,17308,
51,143,0.00397239521965999,236,59410,
51,145,0.0038589775253148927,125,32392,
51,147,0.005162506733704436,115,22276,
51,149,0.009658400055059763,421,43589,
51,153,0.011589467266797182,5760,497003,
51,155,0.0032758569343935198,110,33579,
51,157,0.005749431742211526,43,7479,
51,159,0.005208898534997287,48,9215,
51,161,0.002917788234327162,284,97334,
51,163,0.007242489270386266,162,22368,
51,165,0.006946187010972466,609,87674,
51,167,0.0033044846577498033,84,25420,
51,169,0.003506639236955302,75,21388,
51,171,0.006888052639686627,313,45441,
51,173,0.002299481758588736,67,29137,
51,175,0.005963993088456607,107,17941,
51,177,0.006545148367659731,995,152021,
51,179,0.009625915379560618,1626,168919,
51,181,0.005319957440340477,35,6579,
51,183,0.007532781549335069,81,10753,
51,185,0.003035369774919614,118,38875,
51,187,0.009208450107157156,391,42461,
51,191,0.003068505305186883,166,54098,
51,193,0.008942032752794385,172,19235,
51,195,0.0021731049666885885,76,34973,
51,197,0.0023131672597864767,65,28100,
51,199,0.005755496429071558,411,71410,
51,510,0.008309135020301442,1322,159102,
51,520,0.005577347389065948,91,16316,
51,530,0.01215620726333384,80,6581,
51,540,0.004713293274063484,211,44767,
51,550,0.0052353557100671775,1335,254997,
51,570,0.008086109028595908,151,18674,
51,580,0.004238036376478898,24,5663,
51,590,0.00576286523944467,242,41993,
51,595,0.0074046649389115145,40,5402,
51,600,0.007934700075930144,209,26340,
51,610,0.006651589729945457,100,15034,
51,620,0.00453839722918906,38,8373,
51,630,0.01070285409442518,321,29992,
51,640,0.0054904288470099425,37,6739,
51,650,0.005930404953632373,816,137596,
51,660,0.009010241576108202,461,51164,
51,670,0.008097518502394428,186,22970,
51,678,0.005767751858497821,45,7802,
51,680,0.0048567265662943174,390,80301,
51,683,0.018043837123991196,787,43616,
51,685,0.01830112576003853,304,16611,
51,690,0.006071996530287697,84,13834,
51,700,0.006686478454680535,1224,183056,
51,710,0.007481447826745419,1729,231105,
51,720,0.0034502587694077054,12,3478,
51,730,0.006400845616301603,218,34058,
51,735,0.006846117939940875,88,12854,
51,740,0.005565805020625609,537,96482,
51,750,0.0035894170092051177,62,17273,
51,760,0.006971817423123836,1629,233655,
51,770,0.005096413105645886,499,97912,
51,775,0.004245792805311101,110,25908,
51,790,0.005690224194833276,150,26361,
51,800,0.0052664759226031714,543,103105,
51,810,0.004903167930203515,2230,454808,
51,820,0.007362328708826283,173,23498,
51,830,0.005302557704304429,85,16030,
51,840,0.02856115107913669,794,27800,
53,000,0.020541882691771235,163476,7958180,
53,001,0.06711345596273587,1412,21039,
53,003,0.02024597078541935,456,22523,
53,005,0.01657271185663871,3616,218190,
53,007,0.021618161225193284,1756,81228,
53,009,0.05774904435721799,4502,77958,
53,011,0.014400619038858723,7593,527269,
53,013,0.020124223602484472,81,4025,
53,015,0.022994858837360285,2621,113982,
53,017,0.0247625286603341,1134,45795,
53,019,0.15749701710194883,1188,7543,
53,021,0.02033821292400087,2059,101238,
53,023,0.012895174708818636,31,2404,
53,025,0.030568102600341873,3201,104717,
53,027,0.05738641469708446,4470,77893,
53,029,0.012026180068919264,1040,86478,
53,031,0.020209757247230734,686,33944,
53,033,0.010952858524295459,25632,2340211,
53,035,0.01820410773932201,5123,281420,
53,037,0.013223449306651166,637,48172,
53,039,0.026653954568065,643,24124,
53,041,0.020965203506071294,1825,87049,
53,043,0.023436182768504468,278,11862,
53,045,0.048354204963235295,3367,69632,
53,047,0.12573984246361977,5651,44942,
53,049,0.030274283357393277,734,24245,
53,051,0.03900362824448786,559,14332,
53,053,0.01903694337898573,17917,941170,
53,055,0.01146346689522177,214,18668,
53,057,0.029404230954676952,3903,132736,
53,059,0.01966824644549763,249,12660,
53,061,0.016603152596940448,14347,864113,
53,063,0.0188093469341502,10457,555947,
53,065,0.054758747322248294,2684,49015,
53,067,0.019055039087259668,5772,302912,
53,069,0.019166666666666665,92,4800,
53,071,0.015418573177804987,957,62068,
53,073,0.03280216553027401,7707,234954,
53,075,0.010971301059939254,531,48399,
53,077,0.07098401302785438,18351,258523,
54,000,0.0030339343009154348,5370,1769979,
54,001,0.007807925043919578,120,15369,
54,003,0.00416033811001783,567,136287,
54,005,0.0017076502732240437,35,20496,
54,007,0.006306530578375239,76,12051,
54,009,0.0024430350011745362,52,21285,
54,011,0.0022953579118801166,210,91489,
54,013,0.0049378511833815765,29,5873,
54,015,0.0039016777214202106,30,7689,
54,017,0.004596191726854892,35,7615,
54,019,0.0029533678756476682,114,38600,
54,021,0.00955593029792018,68,7116,
54,023,0.0020964360587002098,23,10971,
54,025,0.004709428275407365,150,31851,
54,027,0.0028159542722649518,67,23793,
54,029,0.003564554074285307,100,28054,
54,031,0.004046041158004883,58,14335,
54,033,0.002636803573644373,170,64472,
54,035,0.0030665993217403853,85,27718,
54,037,0.005419169495951946,332,61264,
54,039,0.002225340126275114,387,173906,
54,041,0.002002791770346544,33,16477,
54,043,0.0015482272797646694,30,19377,
54,045,0.0015706806282722514,48,30560,
54,047,0.003324196652475652,57,17147,
54,049,0.0029111035238728457,162,55649,
54,051,0.0033726238332084215,99,29354,
54,053,0.0024626564392410174,61,24770,
54,055,0.0026249913079758012,151,57524,
54,057,0.002838150720740907,76,26778,
54,059,0.0017501842299189388,38,21712,
54,061,0.001968775587182719,214,108697,
54,063,0.0038517091959557053,48,12462,
54,065,0.0042744656917885265,76,17780,
54,067,0.004080443019527835,98,24017,
54,069,0.0026040399123874423,107,41090,
54,071,0.0035329744279946162,21,5944,
54,073,0.003941288393585213,29,7358,
54,075,0.003005357376192343,23,7653,
54,077,0.002701512259580091,92,34055,
54,079,0.0026284893195717314,150,57067,
54,081,0.002915210212907059,211,72379,
54,083,0.0033100404560500183,90,27190,
54,085,0.003182374541003672,26,8170,
54,087,0.0035450516986706058,48,13540,
54,089,0.004764379764379764,55,11544,
54,091,0.00371091373646429,61,16438,
54,093,0.0022820629849383844,15,6573,
54,095,0.003952569169960474,31,7843,
54,097,0.003974630021141649,94,23650,
54,099,0.003618079757375828,136,37589,
54,101,0.0011325028312570782,9,7947,
54,103,0.0023245677756792097,32,13766,
54,105,0.0034524776604386675,17,4924,
54,107,0.002247544014403615,186,82757,
54,109,0.0019034261671007815,38,19964,
55,000,0.012471281963101674,74341,5960975,
55,001,0.01278568752341701,273,21352,
55,003,0.1090392689552976,1766,16196,
55,005,0.013608203375347148,637,46810,
55,007,0.0959733935146692,1616,16838,
55,009,0.03522337710699539,9648,273909,
55,011,0.005199049316696376,70,13464,
55,013,0.04200849479257578,722,17187,
55,015,0.0077235924032685345,414,53602,
55,017,0.006580217756190307,443,67323,
55,019,0.009310077296629407,324,34801,
55,021,0.008913668198165643,518,58113,
55,023,0.004560219890054972,73,16008,
55,025,0.0050973320166500385,2999,588347,
55,027,0.006938568285665934,615,88635,
55,029,0.008848977451494494,270,30512,
55,031,0.018926732315475654,838,44276,
55,033,0.006502655250894115,300,46135,
55,035,0.007066066342001286,769,108830,
55,037,0.011983736357800128,56,4673,
55,039,0.0063489627789659435,662,104269,
55,041,0.14496107721439092,1378,9506,
55,043,0.003535257022740302,185,52330,
55,045,0.004545087808944948,169,37183,
55,047,0.008518327310273618,165,19370,
55,049,0.004423486207903852,106,23963,
55,051,0.016519647153167602,103,6235,
55,053,0.062443524991677365,1313,21027,
55,055,0.005588729781436605,482,86245,
55,057,0.01560737119217751,415,26590,
55,059,0.007727224243573486,1304,168754,
55,061,0.010071803768493084,209,20751,
55,063,0.005212291425739303,631,121060,
55,065,0.010632150699179475,184,17306,
55,067,0.018428461735346815,360,19535,
55,069,0.009556937563683638,272,28461,
55,071,0.008673463128580717,707,81513,
55,073,0.007038557491138894,979,139091,
55,075,0.009092411968920482,385,42343,
55,077,0.010099726862732644,159,15743,
55,078,0.7848810079328045,3364,4286,
55,079,0.010725176806453705,9918,924740,
55,081,0.014966573215441018,694,46370,
55,083,0.01798336538701701,720,40037,
55,085,0.013831041257367387,528,38175,
55,087,0.019084907108859205,3729,195390,
55,089,0.0033526331474307124,315,93956,
55,091,0.004235605559232297,32,7555,
55,093,0.006201014292300599,269,43380,
55,095,0.011826056599245053,542,45831,
55,097,0.006302054414214326,454,72040,
55,099,0.008447504791651878,119,14087,
55,101,0.007611338478034342,1512,198651,
55,103,0.006190504000467208,106,17123,
55,105,0.006134376076537673,1015,165461,
55,107,0.007763975155279503,110,14168,
55,109,0.005216734385527901,511,97954,
55,111,0.018094034834401227,1203,66486,
55,113,0.16336607379877888,3077,18835,
55,115,0.08857357321000509,3658,41299,
55,117,0.006380407500992977,755,118331,
55,119,0.005355283383745723,108,20167,
55,121,0.025323853121651894,780,30801,
55,123,0.004401773468150936,138,31351,
55,125,0.09812928010689828,2350,23948,
55,127,0.005441907402691716,577,106029,
55,129,0.016252502649864563,276,16982,
55,131,0.004231332040626554,587,138727,
55,133,0.0032947348985322366,1374,417029,
55,135,0.009145805241249926,468,51171,
55,137,0.008931775589138323,224,25079,
55,139,0.008147391622958104,1412,173307,
55,141,0.012130965743883802,897,73943,
56,000,0.028081168378095975,16501,587618,
56,001,0.011912034208918754,468,39288,
56,003,0.019860973187686197,240,12084,
56,005,0.01849997914320277,887,47946,
56,007,0.022947368421052633,327,14250,
56,009,0.01605404620078454,221,13766,
56,011,0.010546623794212218,82,7775,
56,013,0.2132373303793963,8470,39721,
56,015,0.01804511278195489,228,12635,
56,017,0.024864864864864864,115,4625,
56,019,0.019198000681585822,169,8803,
56,021,0.01290981794602242,1314,101783,
56,023,0.01119047619047619,235,21000,
56,025,0.014712100485014302,1183,80410,
56,027,0.016514558887440245,38,2301,
56,029,0.01007013705681745,313,31082,
56,031,0.014215225563909775,121,8512,
56,033,0.014494511492510158,478,32978,
56,035,0.012269938650306749,110,8965,
56,037,0.015724565696702445,649,41273,
56,039,0.011902715709865933,277,23272,
56,041,0.013820862227826003,285,20621,
56,043,0.01840250587314017,141,7662,
56,045,0.021846781240897173,150,6866,
