statecode,countycode,v056_rawvalue,v056_numerator,v056_denominator,v056_flag_CT
00,000,0.20018804273386193,68086153,340110988,
01,000,0.06038487317697291,311447,5157699,
01,001,0.040104776779903685,2465,61464,
01,003,0.06155392801443381,16103,261608,
01,005,0.06474258970358815,1577,24358,
01,007,0.03576242249977536,796,22258,
01,009,0.10749131526020976,6467,60163,
01,011,0.06696293303706696,663,9901,
01,013,0.019336108676599476,353,18256,
01,015,0.05051233820333771,5881,116427,
01,017,0.046550143435956585,1574,33813,
01,019,0.02077435151886143,543,26138,
01,021,0.10841690999111336,5124,47262,
01,023,0.013524726186525058,163,12052,
01,025,0.01427152018787824,316,22142,
01,027,0.035114825479317366,500,14239,
01,029,0.02269726501100283,361,15905,
01,031,0.10564604847581532,5954,56358,
01,033,0.04040146295823765,2375,58785,
01,035,0.03123593482761725,347,11109,
01,037,0.027985618501603342,288,10291,
01,039,0.02206739429903571,833,37748,
01,041,0.03080677138935489,404,13114,
01,043,0.05414452939397866,5014,92604,
01,045,0.0738210797531308,3696,50067,
01,047,0.012041074694049796,428,35545,
01,049,0.17943984026695112,13121,73122,
01,051,0.03676325212539268,3347,91042,
01,053,0.025334425334425335,928,36630,
01,055,0.057660817580202896,5951,103207,
01,057,0.023639916787492908,375,15863,
01,059,0.21948923887808244,6996,31874,
01,061,0.058439414505301004,1593,27259,
01,063,0.010242738880314298,73,7127,
01,065,0.015546440857369675,235,15116,
01,067,0.02414420373739044,438,18141,
01,069,0.05160653219464916,5644,109366,
01,071,0.040628486426180735,2185,53780,
01,073,0.05882414884526976,39103,664744,
01,075,0.021339437347707303,289,13543,
01,077,0.0368607823429263,3594,97502,
01,079,0.037685822385080586,1265,33567,
01,081,0.05656731275985243,10626,187847,
01,083,0.0782986665769871,9313,118942,
01,085,0.017290458618871903,164,9485,
01,087,0.026818657415055895,487,18159,
01,089,0.07239078314889395,30647,423355,
01,091,0.03354580812445981,621,18512,
01,093,0.03536473075742591,1037,29323,
01,095,0.18413994283253063,18811,102156,
01,097,0.036952604531708136,15237,412339,
01,099,0.01579472109985832,301,19057,
01,101,0.053131114593570436,12002,225894,
01,103,0.11336093398052093,14293,126084,
01,105,0.014768752429071124,114,7719,
01,107,0.06851091419926518,1268,18508,
01,109,0.028921627822726725,958,33124,
01,111,0.03242727706247019,748,23067,
01,113,0.06597889083399902,3882,58837,
01,115,0.032137588081752246,3115,96927,
01,117,0.07939602235886917,18735,235969,
01,119,0.014560179202205566,169,11607,
01,121,0.026003072196620583,2116,81375,
01,123,0.03132755104548023,1275,40699,
01,125,0.05816460209276487,14030,241212,
01,127,0.04302788844621514,2808,65260,
01,129,0.012584898122253297,189,15018,
01,131,0.013887480993411049,137,9865,
01,133,0.041979136117977295,1002,23869,
02,000,0.07731853599285533,57226,740133,
02,013,0.1998898678414097,726,3632,
02,016,0.1390117994100295,754,5424,
02,020,0.09894337016574585,28654,289600,
02,050,0.016669408345670888,304,18237,
02,060,0.08257918552036199,73,884,
02,063,0.06420351302241066,424,6604,
02,066,0.03192702394526796,84,2631,
02,068,0.03763109191856878,61,1621,
02,070,0.04416199913830245,205,4642,
02,090,0.09206854061568598,8742,94951,
02,100,0.040399239543726234,85,2104,
02,105,0.06747404844290658,156,2312,
02,110,0.07395793741289751,2335,31572,
02,122,0.0472583620365987,2895,61259,
02,130,0.05878482123272648,804,13677,
02,150,0.08922079974711554,1129,12654,
02,158,0.006166624716838661,49,7946,
02,164,0.034220532319391636,45,1315,
02,170,0.05796127979049935,6817,117613,
02,180,0.024196827978853194,238,9836,
02,185,0.05505017349713964,587,10663,
02,188,0.0271937202130642,194,7134,
02,195,0.05587892898719441,192,3436,
02,198,0.04316045945005221,248,5746,
02,220,0.07121484141232795,595,8355,
02,230,0.07506702412868632,84,1119,
02,240,0.06413236701763982,469,7313,
02,275,0.04844961240310078,100,2064,
02,282,0.06376811594202898,44,690,
02,290,0.026083545793292803,133,5099,
04,000,0.32122654299755854,2435663,7582384,
04,001,0.0688425925925926,4461,64800,
04,003,0.3555612094805721,44720,125773,
04,005,0.15899587354730266,23080,145161,
04,007,0.18578588204834207,10046,54073,
04,009,0.32150489538293325,12938,40242,
04,011,0.47130712008501596,4435,9410,
04,012,0.2623587570621469,4458,16992,
04,013,0.319141100461022,1491377,4673096,
04,015,0.18108963744982978,41013,226479,
04,017,0.11406552467219402,12492,109516,
04,019,0.3704294500110633,400119,1080149,
04,021,0.3084524638910836,158502,513862,
04,023,0.8218302051160212,41509,50508,
04,025,0.16235670382083464,40916,252013,
04,027,0.6608733148744951,145597,220310,
05,000,0.09570632123130962,295575,3088354,
05,001,0.045545171339563865,731,16050,
05,003,0.06689279359430605,1203,17984,
05,005,0.03208779966052038,1380,43007,
05,007,0.19134174632890294,61529,321566,
05,009,0.0349156227352728,1349,38636,
05,011,0.16587820835430298,1648,9935,
05,013,0.03155650319829424,148,4690,
05,015,0.1607981220657277,4658,28968,
05,017,0.06697584124245039,621,9272,
05,019,0.06161567877629063,1289,20920,
05,021,0.025793650793650792,364,14112,
05,023,0.03084301645480777,791,25646,
05,025,0.028098276096104248,207,7367,
05,027,0.03596077006901562,792,22024,
05,029,0.05209597609933713,1116,21422,
05,031,0.06610157787522011,7658,115852,
05,033,0.09545761187317292,5943,62258,
05,035,0.03645487101408874,1700,46633,
05,037,0.02476225762628134,401,16194,
05,039,0.0455892034233048,277,6076,
05,041,0.07809320802247845,806,10321,
05,043,0.053616770002952466,908,16935,
05,045,0.060344500079780566,7942,131611,
05,047,0.036278858182645285,638,17586,
05,049,0.02391200382592061,300,12546,
05,051,0.08032872214770476,8025,99902,
05,053,0.03235198964736331,600,18546,
05,055,0.039209001022843505,1840,46928,
05,057,0.15885893745092908,3035,19105,
05,059,0.044066880797286344,1468,33313,
05,061,0.1314281101154436,1628,12387,
05,063,0.09062459251532143,3475,38345,
05,065,0.033027779721503045,472,14291,
05,067,0.03580639357044323,597,16673,
05,069,0.03035871340620681,1933,63672,
05,071,0.14324468898058995,3749,26172,
05,073,0.04339152119700748,261,6015,
05,075,0.02508432996013493,409,16305,
05,077,0.03381046396841066,274,8104,
05,079,0.0536990985390115,691,12868,
05,081,0.046103560984001375,536,11626,
05,083,0.038821829705923475,833,21457,
05,085,0.05818900627053633,4445,76389,
05,087,0.07388748950461797,1320,17865,
05,089,0.029557210254078328,520,17593,
05,091,0.045950712617379284,1928,41958,
05,093,0.05223782648641554,1990,38095,
05,095,0.031332813717848795,201,6415,
05,097,0.053936545240893065,459,8510,
05,099,0.05309845077461269,425,8004,
05,101,0.01636777682892115,115,7026,
05,103,0.02817745803357314,611,21684,
05,105,0.039898546483269924,409,10251,
05,107,0.025100607052724915,368,14661,
05,109,0.07948538944848908,797,10027,
05,111,0.039551569506726454,882,22300,
05,113,0.07265616959967068,1412,19434,
05,115,0.11854262752780391,7685,64829,
05,117,0.02923755513547574,232,7935,
05,119,0.08547664683494138,34294,401209,
05,121,0.028203781512605042,537,19040,
05,123,0.04385482540555403,957,21822,
05,125,0.07788833693962759,10223,131252,
05,127,0.08254549151163973,812,9837,
05,129,0.0222052067381317,174,7836,
05,131,0.16784711808359287,21826,130035,
05,133,0.3626310772163966,5706,15735,
05,135,0.028019856591285162,508,18130,
05,137,0.02510754790770434,321,12785,
05,139,0.05058365758754864,1872,37008,
05,141,0.036404160475482915,588,16152,
05,143,0.19152541099389897,50981,266184,
05,145,0.05311603090111391,4201,79091,
05,147,0.02289944903581267,133,5808,
05,149,0.21942982020462898,4418,20134,
06,000,0.40752473487851504,16069215,39431263,
06,001,0.23551720374031265,388382,1649060,
06,003,0.13102820746132848,144,1099,
06,005,0.1706324656165231,7171,42026,
06,007,0.2095337294920656,43653,208334,
06,009,0.1567143317922804,7288,46505,
06,011,0.6417957778381806,14167,22074,
06,013,0.28236229188466383,331100,1172607,
06,015,0.21152208523084898,5713,27009,
06,017,0.15080669837104496,29079,192823,
06,019,0.5534041254729647,566755,1024125,
06,021,0.466647823629169,13208,28304,
06,023,0.14638162864481039,19378,132380,
06,025,0.8663522704761066,157437,181724,
06,027,0.25004057343792263,4622,18485,
06,029,0.5781054037325656,533319,922529,
06,031,0.595708558997631,92283,154913,
06,033,0.26413730004131986,17899,67764,
06,035,0.22339449541284404,6331,28340,
06,037,0.48767015548244014,4758285,9757179,
06,039,0.619825668552638,102539,165432,
06,041,0.20397035881435258,52298,256400,
06,043,0.162599718442046,2772,17048,
06,045,0.29076534903280066,25929,89175,
06,047,0.6460538996003693,191732,296774,
06,049,0.1672358968319397,1420,8491,
06,051,0.2832730351782003,3680,12991,
06,053,0.6285899631175631,274223,436251,
06,055,0.3724713132972191,49437,132727,
06,057,0.11327364352463427,11576,102195,
06,059,0.34299236540096234,1087435,3170435,
06,061,0.16293318457800665,70684,433822,
06,063,0.10603164489752576,1997,18834,
06,065,0.5247640945432152,1327618,2529933,
06,067,0.24582943103751106,396088,1611231,
06,069,0.6341040211686114,43854,69159,
06,071,0.5643384918174342,1249604,2214281,
06,073,0.35246918651303094,1162725,3298799,
06,075,0.16784004369651226,138892,827526,
06,077,0.4300619525847069,350977,816108,
06,079,0.2583920835358693,72826,281843,
06,081,0.24990139899016414,185650,742893,
06,083,0.49297412823397074,219127,444500,
06,085,0.2477240341063943,477197,1926325,
06,087,0.35547205475484556,93278,262406,
06,089,0.12649002600471507,22910,181121,
06,091,0.1230324445872149,383,3113,
06,093,0.1424067014918349,6052,42498,
06,095,0.3090478816790119,140648,455101,
06,097,0.3101478238475406,150538,485375,
06,099,0.51549629065734,287117,556972,
06,101,0.33857628494596376,33365,98545,
06,103,0.3078307551473212,19840,64451,
06,105,0.06751054852320675,1056,15642,
06,107,0.677226158421329,327470,483546,
06,109,0.14428589983856902,7776,53893,
06,111,0.4533298540746229,378724,835427,
06,113,0.33359230369676496,75142,225251,
06,115,0.3249379780265008,28422,87469,
08,000,0.23213438941514491,1382939,5957493,
08,001,0.4369738458450052,237265,542973,
08,003,0.48972377014800167,8173,16689,
08,005,0.2284433768469287,152353,666918,
08,007,0.17332766439909297,2446,14112,
08,009,0.1101871101871102,371,3367,
08,011,0.3286035646305589,1899,5779,
08,013,0.14987191986967924,49497,330262,
08,014,0.14800250245777102,11592,78323,
08,015,0.10043310875842155,2087,20780,
08,017,0.125,214,1712,
08,019,0.08263552225650066,750,9076,
08,021,0.49556232613591206,3741,7549,
08,023,0.5317417254476398,1960,3686,
08,025,0.2983928571428571,1671,5600,
08,027,0.05456509994597515,303,5553,
08,029,0.15114077293186404,4869,32215,
08,031,0.28257151048189416,206000,729019,
08,033,0.08512363194162952,210,2467,
08,035,0.10722471097348951,42246,393995,
08,037,0.30918461255291735,16798,54330,
08,039,0.1043155673541624,3065,29382,
08,041,0.19558113213562672,147228,752772,
08,043,0.13824286826502705,6925,50093,
08,045,0.33693225893267054,21283,63167,
08,047,0.0727821566325675,434,5963,
08,049,0.10653708059923239,1721,16154,
08,051,0.1050837666088966,1819,17310,
08,053,0.06291834002677377,47,747,
08,055,0.3040927303949628,2125,6988,
08,057,0.13904163393558522,177,1273,
08,059,0.1659507754959527,96008,578533,
08,061,0.09698275862068965,135,1392,
08,063,0.21652542372881356,1533,7080,
08,065,0.34495861039489756,2542,7369,
08,067,0.1309328968903437,7440,56823,
08,069,0.13380533619525115,50120,374574,
08,071,0.38524590163934425,5593,14518,
08,073,0.1607717041800643,900,5598,
08,075,0.18381112984822934,3815,20755,
08,077,0.15947538137169787,25717,161260,
08,079,0.06216505894962487,58,933,
08,081,0.1763810683305433,2318,13142,
08,083,0.12875824298647592,3456,26841,
08,085,0.22050618220774004,9880,44806,
08,087,0.4068646864686469,12328,30300,
08,089,0.4274359401923184,7690,17991,
08,091,0.0725418510679238,377,5197,
08,093,0.08058528062895828,1476,18316,
08,095,0.2838680926916221,1274,4488,
08,097,0.11872859460433816,1976,16643,
08,099,0.4208413481642552,5032,11957,
08,101,0.42663040278808,72470,169866,
08,103,0.11200242167398214,740,6607,
08,105,0.41223499820337767,4589,11132,
08,107,0.09800736837935269,2474,25243,
08,109,0.3695652173913043,2465,6670,
08,111,0.15347137637028013,126,821,
08,113,0.1243125719401458,972,7819,
08,115,0.16703588834736377,377,2257,
08,117,0.1775467910109449,5483,30882,
08,119,0.08161048990427158,2029,24862,
08,121,0.12953259274785162,618,4771,
08,123,0.320050304939891,118337,369745,
08,125,0.33061305732484075,3322,10048,
09,000,0.19232455227371242,706806,3675069,
09,001,,,,U
09,003,,,,U
09,005,,,,U
09,007,,,,U
09,009,,,,U
09,011,,,,U
09,013,,,,U
09,015,,,,U
09,110,0.1830918156989152,181537,991508,A
09,120,0.27556261283537803,92497,335666,A
09,130,0.08662273290526079,15379,177540,A
09,140,0.21427458785859546,99042,462220,A
09,150,0.05933409074625644,5797,97701,A
09,160,0.09925416955153767,11325,114101,A
09,170,0.204999670549558,118227,576718,A
09,180,0.15658770992420437,44252,282602,A
09,190,0.21781345121685114,138750,637013,A
10,000,0.11675160682829538,122813,1051917,
10,001,0.08522497275416473,16422,192690,
10,003,0.1251230672699726,73584,588093,
10,005,0.12099921072237343,32807,271134,
11,000,0.1259238163047348,88430,702250,
11,001,0.1259238163047348,88430,702250,
12,000,0.28699688925504063,6707753,23372215,
12,001,0.1320712038439657,38536,291782,
12,003,0.04801364023870418,1408,29325,
12,005,0.10553380266175307,21077,199718,
12,007,0.05485307212822796,1540,28075,
12,009,0.13306765768543255,87618,658447,
12,011,0.34403810211870395,700968,2037472,
12,013,0.058291911432444644,774,13278,
12,015,0.0911032330451344,19325,212122,
12,017,0.07955974473186268,13539,170174,
12,019,0.12189981415779692,28861,236760,
12,021,0.29644453947668736,123390,416233,
12,023,0.0896359679359801,6631,73977,
12,027,0.3091116917047681,11358,36744,
12,029,0.051720222550244124,911,17614,
12,031,0.13547816016353934,142951,1055159,
12,033,0.0762900913138631,25273,331275,
12,035,0.12674779149359386,17332,136744,
12,037,0.062177363433238306,807,12979,
12,039,0.1368711920454803,6043,44151,
12,041,0.09054514901398705,1832,20233,
12,043,0.2696466646360037,3541,13132,
12,045,0.056815318720080624,902,15876,
12,047,0.1225059299567462,1756,14334,
12,049,0.42941537517262546,11194,26068,
12,051,0.5958378495556037,27486,46130,
12,053,0.18848040339216135,41117,218150,
12,055,0.23670498642715299,25985,109778,
12,057,0.31619690077183504,500042,1581426,
12,059,0.04065204266452002,808,19876,
12,061,0.14765974009376143,25418,172139,
12,063,0.05978391356542617,2988,49980,
12,065,0.05703159349287105,908,15921,
12,067,0.11793981481481482,1019,8640,
12,069,0.20301257980567486,90179,444204,
12,071,0.2712905027997849,233570,860959,
12,073,0.0864227523228881,25969,300488,
12,075,0.11317910603998743,5406,47765,
12,077,0.07894406033940918,628,7955,
12,079,0.06409279024177739,1177,18364,
12,081,0.19167364820050964,87854,458352,
12,083,0.19371888879821872,83087,428905,
12,085,0.1702703028986032,28208,165666,
12,086,0.7029700249536632,1995353,2838461,
12,087,0.25998665150541356,21035,80908,
12,089,0.06432513221430214,6714,104376,
12,091,0.12346983667675059,27223,220483,
12,093,0.273690670065378,11596,42369,
12,095,0.3494893867294017,535993,1533646,
12,097,0.5766058907229445,269885,468058,
12,099,0.25640764701606455,405651,1582055,
12,101,0.20393133812967104,134414,659114,
12,103,0.11828921076335325,114252,965870,
12,105,0.31802086582137185,271233,852878,
12,107,0.11766988784103699,9096,77301,
12,109,0.09743288109683275,32633,334928,
12,111,0.23302787518877827,91037,390670,
12,113,0.07445594332853366,15461,207653,
12,115,0.1150451947528766,54831,476604,
12,117,0.25403908169145073,125649,494605,
12,119,0.07088879264090812,10966,154693,
12,121,0.12699848535846517,6037,47536,
12,123,0.04715469486792107,1030,21843,
12,125,0.05896556106239675,928,15738,
12,127,0.17544942366267843,105756,602772,
12,129,0.053590192644483364,1989,37115,
12,131,0.09374790890638592,8406,89666,
12,133,0.044108214164434216,1169,26503,
13,000,0.11612674782785395,1298399,11180878,
13,001,0.11639616476511865,2173,18669,
13,003,0.2962655601659751,2499,8435,
13,005,0.08990493435943867,993,11045,
13,007,0.06808199121522694,186,2732,
13,009,0.03086334891394006,1347,43644,
13,011,0.08189782458903436,1664,20318,
13,013,0.1742164620848651,16776,96294,
13,015,0.11259658916839704,13231,117508,
13,017,0.07494836234877544,1270,16945,
13,019,0.06718097074895532,1254,18666,
13,021,0.051860482885085574,8145,157056,
13,023,0.039521622049738636,499,12626,
13,025,0.02857142857142857,537,18795,
13,027,0.07617474302496328,1245,16344,
13,029,0.08942373544662949,4570,51105,
13,031,0.05324502071289817,4550,85454,
13,033,0.037798300098071266,925,24472,
13,035,0.04460500608250083,1210,27127,
13,037,0.028303620657967286,154,5441,
13,039,0.08169342966886073,4828,59099,
13,043,0.1293800539083558,1440,11130,
13,045,0.0941721640199829,12234,129911,
13,047,0.04535828256454888,3127,68940,
13,049,0.14745411258735888,1920,13021,
13,051,0.08852200848582659,27206,307336,
13,053,0.1842536265793168,1575,8548,
13,055,0.06366079190705762,1611,25306,
13,057,0.12862121950305438,37752,293513,
13,059,0.12566637178353013,16336,129995,
13,061,0.01989342806394316,56,2815,
13,063,0.149155366254287,44404,297703,
13,065,0.05705137534565565,392,6871,
13,067,0.15795174328095915,124393,787538,
13,069,0.1480924038220337,6494,43851,
13,071,0.23102794984779787,10853,46977,
13,073,0.08246154581064297,13810,167472,
13,075,0.0888567615658363,1598,17984,
13,077,0.08781354079111184,13895,158233,
13,079,0.04308041136934165,532,12349,
13,081,0.03960345181836861,771,19468,
13,083,0.0330470500373413,531,16068,
13,085,0.08353087590375725,2819,33748,
13,087,0.07621380694770508,2240,29391,
13,089,0.1082464523884633,83383,770307,
13,091,0.04121242995415181,809,19630,
13,093,0.09476130877883068,1060,11186,
13,095,0.03780727510980611,3116,82418,
13,097,0.1322101298992014,20081,151887,
13,099,0.02173496744542321,227,10444,
13,101,0.30989724175229855,1146,3698,
13,103,0.07471154371958222,5465,73148,
13,105,0.06460897181421199,1302,20152,
13,107,0.0517137444023424,1201,23224,
13,109,0.12991075535927868,1412,10869,
13,111,0.03728629999226425,964,25854,
13,113,0.09264069956117563,11590,125107,
13,115,0.13284347568793767,13469,101390,
13,117,0.10187578544499029,28535,280096,
13,119,0.05859251031418597,1477,25208,
13,121,0.08356918945590147,91120,1090354,
13,123,0.12923455456536742,4307,33327,
13,125,0.02160904255319149,65,3008,
13,127,0.08257453200831985,7146,86540,
13,129,0.16948901505801037,10299,60765,
13,131,0.14190552320048722,3728,26271,
13,133,0.07529277891043573,1588,21091,
13,135,0.24514752422875893,246096,1003869,
13,137,0.17090506392831975,8488,49665,
13,139,0.302275135854247,67028,221745,
13,141,0.014050443395139929,122,8683,
13,143,0.025922725589433402,840,32404,
13,145,0.053778872972460666,1986,36929,
13,147,0.048944816768857834,1373,28052,
13,149,0.03209835795032594,389,12119,
13,151,0.08776198831536934,22758,259315,
13,153,0.08091047873891491,14151,174897,
13,155,0.07438558164937192,681,9155,
13,157,0.12900612843058887,12104,93825,
13,159,0.054474708171206226,938,17219,
13,161,0.1465043984390502,2215,15119,
13,163,0.04134762633996937,621,15019,
13,165,0.04504300588501584,398,8836,
13,167,0.015798648943124865,145,9178,
13,169,0.026130065066960445,759,29047,
13,171,0.03818269695505075,790,20690,
13,173,0.0867737003058104,908,10464,
13,175,0.03788255413924076,1905,50287,
13,177,0.03633375399876735,1238,34073,
13,179,0.13263952657892053,9100,68607,
13,181,0.018511616349857124,149,8049,
13,183,0.13718870786241988,2804,20439,
13,185,0.07670254419160892,9364,122082,
13,187,0.06227787649933363,2243,36016,
13,189,0.039514795074434846,860,21764,
13,191,0.029661016949152543,350,11800,
13,193,0.05434874482292283,643,11831,
13,195,0.08406823105794757,2755,32771,
13,197,0.08552717747216765,653,7635,
13,199,0.03572927841783665,766,21439,
13,201,0.03691620879120879,215,5824,
13,205,0.056618623641103843,1151,20329,
13,207,0.031809651048128,1000,31437,
13,209,0.08276908708848937,709,8566,
13,211,0.041841385597082954,918,21940,
13,213,0.17201568399651468,7107,41316,
13,215,0.08991725709755735,18148,201830,
13,217,0.0786549471816789,9754,124010,
13,219,0.05881432817143751,2632,44751,
13,221,0.07593371258966114,1228,16172,
13,223,0.09837761006422734,18549,188549,
13,225,0.09745661178242564,2847,29213,
13,227,0.04548933843630399,1664,36580,
13,229,0.05646136726498621,1167,20669,
13,231,0.027142096860031932,561,20669,
13,233,0.1476126429051782,6585,44610,
13,235,0.04803536345776031,489,10180,
13,237,0.0787324124363854,1841,23383,
13,239,0.0284115368058545,66,2323,
13,241,0.09079103382078935,1608,17711,
13,243,0.02497945768282662,152,6085,
13,245,0.06057110172901024,12496,206303,
13,247,0.11570535805757606,11294,97610,
13,249,0.05240950477459472,236,4503,
13,251,0.030994764397905758,444,14325,
13,253,0.03461289626913953,321,9274,
13,255,0.06921129004723155,4865,70292,
13,257,0.0466215724779984,1282,27498,
13,259,0.23726346433770015,1141,4809,
13,261,0.06506281927378159,1885,28972,
13,263,0.03527367506516073,203,5755,
13,265,0.05617283950617284,91,1620,
13,267,0.11237899073120494,2728,24275,
13,269,0.03764615186945908,293,7783,
13,271,0.13072727272727272,1438,11000,
13,273,0.032651184180271325,284,8698,
13,275,0.042797585443175405,1971,46054,
13,277,0.1368562386112976,5708,41708,
13,279,0.13009313154831198,3576,27488,
13,281,0.03253944174757282,429,13184,
13,283,0.029283489096573207,188,6420,
13,285,0.053472795156125456,3824,71513,
13,287,0.05275407292474787,476,9023,
13,289,0.024974120082815736,193,7728,
13,291,0.04206369334444404,1161,27601,
13,293,0.02877494886804429,816,28358,
13,295,0.031554658205941735,2188,69340,
13,297,0.07741911979014865,8500,109792,
13,299,0.05758931036386726,2086,36222,
13,301,0.018648018648018648,96,5148,
13,303,0.02616718765755773,519,19834,
13,305,0.06650690900037345,2137,32132,
13,307,0.06565874730021598,152,2315,
13,309,0.046353872244205764,328,7076,
13,311,0.04570581097478765,1356,29668,
13,313,0.3844674978585705,40396,105070,
13,315,0.040768194070080865,363,8904,
13,317,0.052576565276471206,503,9567,
13,319,0.036690896503980615,318,8667,
13,321,0.028032770703780477,568,20262,
15,000,0.10226975699549008,147897,1446146,
15,001,0.12088755422088755,25361,209790,
15,003,0.0968753848572261,96754,998747,
15,005,0.20987654320987653,17,81,
15,007,0.108897616468039,8041,73840,
15,009,0.10827916524119056,17724,163688,
16,000,0.14298075707714605,286193,2001619,
16,001,0.10410993674866881,55782,535799,
16,003,0.05722288915566227,286,4998,
16,005,0.10646082848038677,9689,91010,
16,007,0.03997639769877563,271,6779,
16,009,0.04245417418558268,447,10529,
16,011,0.1820236200357641,9263,50889,
16,013,0.23015715925735322,5814,25261,
16,015,0.05640368255448083,484,8581,
16,017,0.04650171439162265,2509,53955,
16,019,0.15183622160366347,20292,133644,
16,021,0.06082621082621083,854,14040,
16,023,0.07495429616087751,205,2735,
16,025,0.09863672814755413,123,1247,
16,027,0.26591280368088965,70970,266892,
16,029,0.059538610305290784,431,7239,
16,031,0.3147905759162304,8177,25976,
16,033,0.345088161209068,274,794,
16,035,0.05420172658725822,496,9151,
16,037,0.05199042854035241,239,4597,
16,039,0.1892428268693868,5626,29729,
16,041,0.0792300805729633,1239,15638,
16,043,0.132023057156747,1901,14399,
16,045,0.10431440728370774,2280,21857,
16,047,0.3268886280807956,5292,16189,
16,049,0.04326708351942832,775,17912,
16,051,0.11404716818729557,3975,34854,
16,053,0.4089653054958551,10656,26056,
16,055,0.06086351640532489,11462,188323,
16,057,0.05303461356092935,2237,42180,
16,059,0.04525425747290699,380,8397,
16,061,0.048283261802575105,180,3728,
16,063,0.32739380849532035,1819,5556,
16,065,0.09800356442060162,5444,55549,
16,067,0.3781234850821912,8580,22691,
16,069,0.04742455714519103,2032,42847,
16,071,0.046020900321543406,229,4976,
16,073,0.248823344838406,3172,12748,
16,075,0.18707974839129493,5175,27662,
16,077,0.35413435150936645,2968,8381,
16,079,0.044692340486002555,629,14074,
16,081,0.1772347664707702,2292,12932,
16,083,0.1907283258556197,18407,96509,
16,085,0.06089066290991626,778,12777,
16,087,0.1784383395441546,2059,11539,
17,000,0.19386777095925953,2464090,12710158,
17,001,0.022602130746073094,1449,64109,
17,003,0.02503265128428385,115,4594,
17,005,0.04144546332046332,687,16576,
17,007,0.27173484891114735,14487,53313,
17,009,0.056128111622007294,354,6307,
17,011,0.1090931478175214,3544,32486,
17,013,0.019176136363636364,81,4224,
17,015,0.05562030562030562,859,15444,
17,017,0.2490364194131991,3166,12713,
17,019,0.08563195118046465,18186,212374,
17,021,0.03470989863747105,1154,33247,
17,023,0.02029716105067657,306,15076,
17,025,0.022697137508774667,291,12821,
17,027,0.045730309812063524,1696,37087,
17,029,0.041595760722055876,1931,46423,
17,031,0.2725266019078778,1412401,5182617,
17,033,0.029040678703502285,534,18388,
17,035,0.016302765647743814,168,10305,
17,037,0.1560862485814378,15817,101335,
17,039,0.03792675762125465,581,15319,
17,041,0.09120258272800645,1808,19824,
17,043,0.16687652458218713,156387,937142,
17,045,0.017929015733626052,294,16398,
17,047,0.01771390374331551,106,5984,
17,049,0.031298768857291485,1083,34602,
17,051,0.03289691355107057,696,21157,
17,053,0.06497658166679057,874,13451,
17,055,0.02287149299273621,847,37033,
17,057,0.02719163334358659,884,32510,
17,059,0.018976545842217484,89,4690,
17,061,0.012963125164228782,148,11417,
17,063,0.1298226061112659,6989,53835,
17,065,0.01650038372985418,129,7818,
17,067,0.029280338664158044,498,17008,
17,069,0.022816901408450704,81,3550,
17,071,0.023313492063492064,141,6048,
17,073,0.07339601884716773,3536,48177,
17,075,0.08938504622703035,2330,26067,
17,077,0.053516043534652905,2847,53199,
17,079,0.01781786185657721,162,9092,
17,081,0.029911097571108096,1080,36107,
17,083,0.017588652482269502,372,21150,
17,085,0.044825343738387216,965,21528,
17,087,0.04812312312312313,641,13320,
17,089,0.3395643353032743,176912,520997,
17,091,0.13832346583967672,14719,106410,
17,093,0.235927666915786,33778,143171,
17,095,0.06837589293045405,3331,48716,
17,097,0.25672554007492304,184484,718604,
17,099,0.11969738905803118,12974,108390,
17,101,0.04033511249239916,597,14801,
17,103,0.08412830908657286,2822,33544,
17,105,0.06439575971731448,2278,35375,
17,107,0.03804782324296824,1047,27518,
17,109,0.03634386017553072,969,26662,
17,111,0.16957579939169323,53579,315959,
17,113,0.06860619867611249,11805,172069,
17,115,0.03081290886168935,3104,100737,
17,117,0.015149789269848501,665,43895,
17,119,0.04591338202473604,12076,263017,
17,121,0.023492603672091557,856,36437,
17,123,0.040685595567867036,470,11552,
17,125,0.019532807143426614,245,12543,
17,127,0.030087326630953256,410,13627,
17,129,0.02006185739363036,240,11963,
17,131,0.03773214752811928,577,15292,
17,133,0.021075810003145644,737,34969,
17,135,0.022632627195364838,625,27615,
17,137,0.0324667361579496,1059,32618,
17,139,0.01865645666550644,268,14365,
17,141,0.1279189794527218,6568,51345,
17,143,0.06537326727161387,11743,179630,
17,145,0.039857932123125495,808,20272,
17,147,0.017681019966321865,294,16628,
17,149,0.023425445364006172,334,14258,
17,151,0.019983796921415067,74,3703,
17,153,0.040992006558721046,200,4879,
17,155,0.07101011894194922,400,5633,
17,157,0.04130020399291041,1235,29903,
17,159,0.021741960682202837,334,15362,
17,161,0.14712290952911422,20999,142731,
17,163,0.05280132510979538,13261,251149,
17,165,0.023481994217120827,536,22826,
17,167,0.03230337801332681,6278,194345,
17,169,0.032740740740740744,221,6750,
17,171,0.012909836065573771,63,4880,
17,173,0.014409502482718333,296,20542,
17,175,0.03717754172989378,196,5272,
17,177,0.0618501670998886,2665,43088,
17,179,0.029271073247009345,3800,129821,
17,181,0.062240909629278696,1051,16886,
17,183,0.059319888616994346,4218,71106,
17,185,0.02869113762637763,315,10979,
17,187,0.11537275698341247,1871,16217,
17,189,0.01699298115995567,230,13535,
17,191,0.031202913108990458,497,15928,
17,193,0.019186263531168347,257,13395,
17,195,0.13850010062755,7570,54657,
17,197,0.2064147742748556,146262,708583,
17,199,0.031119527615412142,2087,67064,
17,201,0.1659889354804609,47106,283790,
17,203,0.023504831548707233,900,38290,
18,000,0.09113069599344335,631014,6924275,
18,001,0.05026787666739558,1839,36584,
18,003,0.09510011395083835,37973,399295,
18,005,0.0963996176585124,8169,84741,
18,007,0.07748785722354004,686,8853,
18,009,0.0271665538253216,321,11816,
18,011,0.04787173270029071,3771,78773,
18,013,0.02038338658146965,319,15650,
18,015,0.04911553477611221,1019,20747,
18,017,0.1953726137543598,7338,37559,
18,019,0.07347092462287906,9366,127479,
18,021,0.021230699364214352,561,26424,
18,023,0.20422556619547044,6718,32895,
18,025,0.01796065760714625,189,10523,
18,027,0.0673079743085902,2295,34097,
18,029,0.01627296587926509,837,51435,
18,031,0.02675901744824193,707,26421,
18,033,0.03390480487254681,1503,44330,
18,035,0.034368885622969254,3882,112951,
18,037,0.1068096908019895,4660,43629,
18,039,0.21146763339053973,43866,207436,
18,041,0.01804156845939576,421,23335,
18,043,0.04688091198691582,3841,81931,
18,045,0.03350561397255391,564,16833,
18,047,0.013355809128630705,309,23136,
18,049,0.05723855228954209,1145,20004,
18,051,0.02687814032326412,888,33038,
18,053,0.05997773029582593,3986,66458,
18,055,0.023415227906082834,731,31219,
18,057,0.06146893369572088,23340,379704,
18,059,0.042292534624479225,3756,88810,
18,061,0.02708989944469458,1083,39978,
18,063,0.05786108094780962,11030,190629,
18,065,0.025162486501905015,1235,49081,
18,067,0.04570538284056041,3843,84082,
18,069,0.03537786920744911,1307,36944,
18,071,0.15615773935048502,7405,47420,
18,073,0.0819480636175757,2736,33387,
18,075,0.045973021225947236,927,20164,
18,077,0.03587375839130039,1181,32921,
18,079,0.038358543822826954,1060,27634,
18,081,0.0475048940884101,8105,170614,
18,083,0.032615967885816236,1170,35872,
18,085,0.10033594069593028,8094,80669,
18,087,0.04644715723943388,1910,41122,
18,089,0.21640504617709339,108842,502955,
18,091,0.08088156051298631,9006,111348,
18,093,0.022858027969552133,1033,45192,
18,095,0.05937178703938251,7969,134222,
18,097,0.14436935376741494,141717,981628,
18,099,0.12607610192837465,5858,46464,
18,101,0.0170316301703163,168,9864,
18,103,0.03973268188582821,1415,35613,
18,105,0.05076686898551549,7143,140702,
18,107,0.06251132451531075,2415,38633,
18,109,0.02527599051811717,1866,73825,
18,111,0.09631307055410092,1361,14131,
18,113,0.1165422183179603,5572,47811,
18,115,0.01684456304202802,101,5996,
18,117,0.020328894269572236,403,19824,
18,119,0.017710859914878037,387,21851,
18,121,0.01677974315483402,277,16508,
18,123,0.01920289855072464,371,19320,
18,125,0.018157807857378673,220,12116,
18,127,0.12275105197316047,21587,175860,
18,129,0.015997127697769977,401,25067,
18,131,0.049512921664922306,615,12421,
18,133,0.02481218918632949,938,37804,
18,135,0.059128076591198585,1439,24337,
18,137,0.021838844389676183,638,29214,
18,139,0.021779342442866518,365,16759,
18,141,0.11265269741071951,30838,273744,
18,143,0.030503818027554443,755,24751,
18,145,0.058527182722214924,2672,45654,
18,147,0.03907488114104596,789,20192,
18,149,0.04901334015258066,1150,23463,
18,151,0.047817107452240264,1667,34862,
18,153,0.0199826656394453,415,20768,
18,155,0.015218261914297157,152,9988,
18,157,0.10696582311505348,20500,191650,
18,159,0.03536935525972331,542,15324,
18,161,0.015398024404416037,106,6884,
18,163,0.0415273827936603,7491,180387,
18,165,0.01785253931425625,277,15516,
18,167,0.03391858033645423,3601,106166,
18,169,0.035188614874744124,1083,30777,
18,171,0.025914093006744764,219,8451,
18,173,0.028278991241954207,1876,66339,
18,175,0.017322279061562886,491,28345,
18,177,0.04294533955729559,2852,66410,
18,179,0.04458642961316758,1284,28798,
18,181,0.12012241775057383,2983,24833,
18,183,0.030901533610434285,1078,34885,
19,000,0.07870613742824283,255125,3241488,
19,001,0.03835284618490109,285,7431,
19,003,0.023571824736550194,85,3606,
19,005,0.09792724196277496,1389,14184,
19,007,0.02321163059639848,281,12106,
19,009,0.03308162531463502,184,5562,
19,011,0.021783790069382535,562,25799,
19,013,0.05677456402816816,7514,132348,
19,015,0.03101500243181563,829,26729,
19,017,0.02242577384712571,568,25328,
19,019,0.02180099358510587,452,20733,
19,021,0.30750384319754037,6401,20816,
19,023,0.01935575021192427,274,14156,
19,025,0.03130470600350119,304,9711,
19,027,0.04150536580585093,847,20407,
19,029,0.029867936117936117,389,13024,
19,031,0.031484833525314025,574,18231,
19,033,0.05871555314993058,2495,42493,
19,035,0.0650197289414994,758,11658,
19,037,0.05981739056233467,701,11719,
19,039,0.17660646787064258,1682,9524,
19,041,0.053296102950103195,878,16474,
19,043,0.025160947374638237,426,16931,
19,045,0.03824839726176247,1760,46015,
19,047,0.3249481011112468,5322,16378,
19,049,0.0735805380473891,8487,115343,
19,051,0.03491787229413684,321,9193,
19,053,0.04231974921630094,324,7656,
19,055,0.01953546481912658,344,17609,
19,057,0.04053526333602354,1557,38411,
19,059,0.030785328780702722,559,18158,
19,061,0.03650672094476129,3623,99242,
19,063,0.10674525212835625,978,9162,
19,065,0.03446115288220551,660,19152,
19,067,0.04211087420042644,632,15008,
19,069,0.17428172386272944,1747,10024,
19,071,0.03664921465968586,238,6494,
19,073,0.041791734010621105,362,8662,
19,075,0.023861346231358323,296,12405,
19,077,0.03694078336736588,398,10774,
19,079,0.10945072697899838,1626,14856,
19,081,0.06151092690278825,653,10616,
19,083,0.06432215743440234,1059,16464,
19,085,0.025981129495419118,380,14626,
19,087,0.0581581529879655,1126,19361,
19,089,0.03942307692307692,369,9360,
19,091,0.06977227825725278,671,9617,
19,093,0.04419970631424376,301,6810,
19,095,0.03665590939536017,602,16423,
19,097,0.017122227952552863,332,19390,
19,099,0.034193192851707035,1303,38107,
19,101,0.04042836322159559,638,15781,
19,103,0.06854697651174413,10973,160080,
19,105,0.029693123697670014,627,21116,
19,107,0.025164890918315575,248,9855,
19,109,0.04879233759022765,703,14408,
19,111,0.036045218680504074,1167,32376,
19,113,0.04429112624157541,10265,231762,
19,115,0.16839134524929444,1790,10630,
19,117,0.03277003882164878,287,8758,
19,119,0.04467603813216998,553,12378,
19,121,0.02447409824602296,420,17161,
19,123,0.027457565580466553,605,22034,
19,125,0.023789943609022556,810,34048,
19,127,0.26146266587443057,10561,40392,
19,129,0.043826866888632195,645,14717,
19,131,0.03301354401805869,351,10632,
19,133,0.031201803298137383,263,8429,
19,135,0.024142140241421403,178,7373,
19,137,0.04471827486832952,450,10063,
19,139,0.1972609892718124,8311,42132,
19,141,0.08485273492286115,1210,14260,
19,143,0.11481113320079522,693,6036,
19,145,0.03624152147892007,545,15038,
19,147,0.041207855602225,363,8809,
19,149,0.07144240077444337,1845,25825,
19,151,0.06622894661718527,464,7006,
19,153,0.11151040809012273,57560,516185,
19,155,0.1005035871227106,9400,93529,
19,157,0.040804161699360575,753,18454,
19,159,0.028428819444444444,131,4608,
19,161,0.05150529738802056,491,9533,
19,163,0.07810889459627222,13716,175601,
19,165,0.05634041113272989,666,11821,
19,167,0.15284237019204464,5587,36554,
19,169,0.053630314737848545,5497,102498,
19,171,0.12379017803799737,2072,16738,
19,173,0.08944206008583691,521,5825,
19,175,0.046758678377248016,559,11955,
19,177,0.018844395178051823,136,7217,
19,179,0.15136907597881225,5401,35681,
19,181,0.042330014376231295,2385,56343,
19,183,0.08430913348946135,1908,22631,
19,185,0.019631531259438235,130,6622,
19,187,0.07987211791162047,2948,36909,
19,189,0.06106135028411827,634,10383,
19,191,0.032449424529736856,640,19723,
19,193,0.20518008148652303,22007,107257,
19,195,0.03831941973450116,280,7307,
19,197,0.22232696991122633,2830,12729,
20,000,0.1422097040132552,422449,2970606,
20,001,0.045714285714285714,568,12425,
20,003,0.028831562974203338,228,7908,
20,005,0.04104867991876423,667,16249,
20,007,0.04447174447174447,181,4070,
20,009,0.17064626535131872,4238,24835,
20,011,0.03369384359400998,486,14424,
20,013,0.05261430759133669,481,9142,
20,015,0.06382486480233668,4414,69158,
20,017,0.09134423613881133,229,2507,
20,019,0.053009883198562445,177,3339,
20,021,0.030784508440913606,589,19133,
20,023,0.10090702947845805,267,2646,
20,025,0.1366791243993593,256,1873,
20,027,0.04028108922073033,321,7969,
20,029,0.043792273300470023,382,8723,
20,031,0.048909769907240094,406,8301,
20,033,0.08028335301062574,136,1694,
20,035,0.12803486807465045,4377,34186,
20,037,0.08438720954143533,3283,38904,
20,039,0.06553755522827688,178,2716,
20,041,0.06191933838139735,1153,18621,
20,043,0.04250825082508251,322,7575,
20,045,0.07417062194132258,9048,121989,
20,047,0.2526547052361772,690,2731,
20,049,0.046798029556650245,114,2436,
20,051,0.07563691522735891,2194,29007,
20,053,0.06143128562381254,388,6316,
20,055,0.5484955936799291,21037,38354,
20,057,0.6103545433200281,20796,34072,
20,059,0.05180223042667377,1361,26273,
20,061,0.18621506528666912,6603,35459,
20,063,0.045146726862302484,120,2658,
20,065,0.04388185654008439,104,2370,
20,067,0.54431449908412,3863,7097,
20,069,0.1799301919720768,1031,5730,
20,071,0.19270833333333334,222,1152,
20,073,0.042071197411003236,247,5871,
20,075,0.46020900321543406,1145,2488,
20,077,0.08645852577129133,468,5413,
20,079,0.12407110159919149,4174,33642,
20,081,0.3288777499303815,1181,3591,
20,083,0.0794979079497908,133,1673,
20,085,0.06920517560073937,936,13525,
20,087,0.038184595243290424,700,18332,
20,089,0.03587443946188341,104,2899,
20,091,0.09834787339706078,62183,632276,
20,093,0.3644957983193277,1388,3808,
20,095,0.042470486610999135,295,6946,
20,097,0.05582922824302135,136,2436,
20,099,0.05306723542555353,1045,19692,
20,101,0.12010796221322537,178,1482,
20,103,0.08128026455651352,6882,84670,
20,105,0.05396174863387978,158,2928,
20,107,0.035768722690783454,352,9841,
20,109,0.09094283593170008,245,2694,
20,111,0.26005535055350554,8457,32520,
20,113,0.058548163776620296,1776,30334,
20,115,0.04652956298200514,543,11670,
20,117,0.03256281407035176,324,9950,
20,119,0.21068859198355602,820,3892,
20,121,0.04493941852981504,1606,35737,
20,123,0.03773910046527658,219,5803,
20,125,0.08627991726583276,2628,30459,
20,127,0.04451600681947338,235,5279,
20,129,0.2659959758551308,661,2485,
20,131,0.028225004969191017,284,10062,
20,133,0.06295010288065844,979,15552,
20,135,0.13794421092854414,361,2617,
20,137,0.06204311152764761,331,5335,
20,139,0.03691936201309017,581,15737,
20,141,0.036683566954965705,123,3353,
20,143,0.037245856825559545,218,5853,
20,145,0.09846972721224219,592,6012,
20,147,0.036551869849989434,173,4733,
20,149,0.06381157910403334,1715,26876,
20,151,0.09324723651088979,852,9137,
20,153,0.08264802631578948,201,2432,
20,155,0.10933454906621945,6715,61417,
20,157,0.03446780836765662,159,4613,
20,159,0.1446574752261956,1343,9284,
20,161,0.1003349091059443,7280,72557,
20,163,0.03622577927548441,172,4748,
20,165,0.05693950177935943,160,2810,
20,167,0.045317220543806644,300,6620,
20,169,0.1335602985465497,7140,53459,
20,171,0.21876271876271877,1075,4914,
20,173,0.17243662804688098,92440,536081,
20,175,0.6885692799398383,14650,21276,
20,177,0.14339503883287813,25516,177942,
20,179,0.05965790571547768,143,2397,
20,181,0.13354037267080746,774,5796,
20,183,0.031347077096865295,111,3541,
20,185,0.13816970007690335,539,3901,
20,187,0.5070014485755674,1050,2071,
20,189,0.3984111221449851,2006,5035,
20,191,0.06469376790830945,1445,22336,
20,193,0.09215585747244297,719,7802,
20,195,0.03568853640951694,99,2774,
20,197,0.05230596175478065,372,7112,
20,199,0.08016304347826086,118,1472,
20,201,0.048994974874371856,273,5572,
20,203,0.3185328185328185,660,2072,
20,205,0.04417718504405811,371,8398,
20,207,0.0311796849887496,97,3111,
20,209,0.3552338004226233,60183,169418,
21,000,0.0564956372325522,259223,4588372,
21,001,0.03820364883829721,735,19239,
21,003,0.03149248990334438,694,22037,
21,005,0.030904633685648837,769,24883,
21,007,0.01770259638080252,135,7626,
21,009,0.04770988182157031,2176,45609,
21,011,0.019612385144004325,254,12951,
21,013,0.012537417031799055,289,23051,
21,015,0.06260797169320428,9024,144135,
21,017,0.08247676191412974,1677,20333,
21,019,0.021600351633631245,1032,47777,
21,021,0.04714276613365611,1480,31394,
21,023,0.016358714840531953,139,8497,
21,025,0.013355201499531396,171,12804,
21,027,0.019226238160312898,408,21221,
21,029,0.04186382601804154,3592,85802,
21,031,0.060552943988526814,760,12551,
21,033,0.019427483942589804,245,12611,
21,035,0.04097498396407954,1597,38975,
21,037,0.02766785805463365,2601,94008,
21,039,0.041448607912916054,198,4777,
21,041,0.08073080730807308,897,11111,
21,043,0.012912866886351444,337,26098,
21,045,0.03712064208678204,592,15948,
21,047,0.09335830774864096,6629,71006,
21,049,0.04310779603429512,1624,37673,
21,051,0.024193548387096774,474,19592,
21,053,0.04148970924534466,381,9183,
21,055,0.018704074816299265,168,8982,
21,057,0.024640317512816274,149,6047,
21,059,0.04676565476703332,4885,104457,
21,061,0.02034032449544915,257,12635,
21,063,0.01748588737436321,127,7263,
21,065,0.01964005142122554,275,14002,
21,067,0.101051187328685,33290,329437,
21,069,0.020139824257584503,314,15591,
21,071,0.00961427082126723,332,34532,
21,073,0.05098966477251058,2674,52442,
21,075,0.02913085004775549,183,6282,
21,077,0.055877342419080066,492,8805,
21,079,0.03542128603104213,639,18040,
21,081,0.034250835860353004,881,25722,
21,083,0.08861790825887401,3263,36821,
21,085,0.017879571481344662,484,27070,
21,087,0.02164127423822715,250,11552,
21,089,0.014090097241516174,497,35273,
21,091,0.019416398535448798,175,9013,
21,093,0.06940776062255154,7831,112826,
21,095,0.012494012454095482,313,25052,
21,097,0.026325224071702943,514,19525,
21,099,0.022988505747126436,458,19923,
21,101,0.036491228070175435,1612,44175,
21,103,0.04642548462773182,752,16198,
21,105,0.029137263828818576,128,4393,
21,107,0.03261975319563006,1475,45218,
21,109,0.014148824674352448,189,13358,
21,111,0.10128092245563251,80405,793881,
21,113,0.05818214001239048,3287,56495,
21,115,0.010770205448456874,238,22098,
21,117,0.05443721334538093,9519,174862,
21,119,0.011980949546063402,161,13438,
21,121,0.014667700711467781,435,29657,
21,123,0.035166578529878374,532,15128,
21,125,0.017741859106908908,1124,63353,
21,127,0.011773642233194076,186,15798,
21,129,0.014357992615889511,105,7313,
21,131,0.00976462123548155,95,9729,
21,133,0.00819305824519589,165,20139,
21,135,0.009941747572815534,128,12875,
21,137,0.023805700521878765,593,24910,
21,139,0.02711287577992059,239,8815,
21,141,0.03920328801770471,1116,28467,
21,143,0.02467503855474774,224,9078,
21,145,0.03711324944485566,2507,67550,
21,147,0.024726581074655255,416,16824,
21,149,0.02586017970633355,236,9126,
21,151,0.038390472173686005,3823,99582,
21,153,0.006835761827666847,76,11118,
21,155,0.039040854365019396,775,19851,
21,157,0.0215856809730888,685,31734,
21,159,0.031226626776364997,334,10696,
21,161,0.026480301958008965,449,16956,
21,163,0.046974574600880364,1430,30442,
21,165,0.015454975555906008,98,6341,
21,167,0.03840102062513289,903,23515,
21,169,0.038927827240007574,411,10558,
21,171,0.051330287557108306,573,11163,
21,173,0.03698168294463175,1064,28771,
21,175,0.044055944055944055,630,14300,
21,177,0.022515731515469324,687,30512,
21,179,0.03385619841497967,1649,48706,
21,181,0.02661207778915046,208,7816,
21,183,0.05866376969038566,1404,23933,
21,185,0.05415101028004254,3819,70525,
21,187,0.02894621775251421,331,11435,
21,189,0.01960285132382892,77,3928,
21,191,0.0171112907572083,254,14844,
21,193,0.010434197239986537,279,26739,
21,195,0.012935233627999278,717,55430,
21,197,0.017481435643564358,226,12928,
21,199,0.033481942491248015,2238,66842,
21,201,0.027707808564231738,66,2382,
21,203,0.015160852952052262,246,16226,
21,205,0.026707193515704154,659,24675,
21,207,0.05190161447610792,958,18458,
21,209,0.06435980551053484,3971,61700,
21,211,0.11445614875109728,5737,50124,
21,213,0.04054054054054054,825,20350,
21,215,0.029582673005810883,616,20823,
21,217,0.0345406393375359,926,26809,
21,219,0.05918319354080113,755,12757,
21,221,0.030702658149598185,447,14559,
21,223,0.03480386450937027,299,8591,
21,225,0.020261041129154653,267,13178,
21,227,0.0737413476097772,10909,147936,
21,229,0.04882223490096992,599,12269,
21,231,0.04692037291762188,921,19629,
21,233,0.0844095223276801,1085,12854,
21,235,0.02371552117745011,883,37233,
21,237,0.03504085480829667,223,6364,
21,239,0.08882717830351991,2463,27728,
22,000,0.07788217689560523,358082,4597740,
22,001,0.036499187336583985,2066,56604,
22,003,0.08697391227056575,1957,22501,
22,005,0.08814234576961673,11770,133534,
22,007,0.045286783042394016,908,20050,
22,009,0.04297292367028901,1649,38373,
22,011,0.042049325521188174,1543,36695,
22,013,0.03045439896873993,378,12412,
22,015,0.08910619212521548,11682,131102,
22,017,0.04107731232185973,9238,224893,
22,019,0.05707214022942942,11806,206861,
22,021,0.029596508037900565,278,9393,
22,023,0.04360837964942283,204,4678,
22,025,0.06304347826086956,522,8280,
22,027,0.03575385979168206,484,13537,
22,029,0.03579254930606282,637,17797,
22,031,0.03398841387401921,927,27274,
22,033,0.07302735849473094,33083,453022,
22,035,0.025246662797446313,174,6892,
22,037,0.021400167434072834,409,19112,
22,039,0.06063947078280044,1925,31745,
22,041,0.017271157167530225,330,19107,
22,043,0.06761952146184812,1495,22109,
22,045,0.058172934557299376,3929,67540,
22,047,0.05815359806490627,1731,29766,
22,049,0.04007569101844968,593,14797,
22,051,0.20283766293039487,86663,427253,
22,053,0.028311490011451838,890,31436,
22,055,0.07176655220833776,18246,254241,
22,057,0.06140001258626838,5854,95342,
22,059,0.09352469051829683,1375,14702,
22,061,0.0380780631386937,1837,48243,
22,063,0.07326373899506822,11201,152886,
22,065,0.02892334763004509,263,9093,
22,067,0.018959936099550174,451,23787,
22,069,0.039436384859096216,1419,35982,
22,071,0.08605711040223214,31213,362701,
22,073,0.03903112608789288,6162,157874,
22,075,0.10417694827044731,2322,22289,
22,077,0.039707734945830186,788,19845,
22,079,0.0460051310971493,5792,125899,
22,081,0.030809615915998893,223,7238,
22,083,0.02535254289059716,498,19643,
22,085,0.03678837487353996,800,21746,
22,087,0.14338030056048054,6421,44783,
22,089,0.08763888888888889,4417,50400,
22,091,0.03546099290780142,385,10857,
22,093,0.021297749869178442,407,19110,
22,095,0.10263515896609059,4074,39694,
22,097,0.035773905946654465,2893,80869,
22,099,0.04209457612558085,2156,51218,
22,101,0.10788692066069788,5049,46799,
22,103,0.0874232300127875,24270,277615,
22,105,0.06231449761484162,8713,139823,
22,107,0.026534859521331947,102,3844,
22,109,0.08039359161981052,8350,103864,
22,111,0.0633457826065868,1306,20617,
22,113,0.05272288822192536,3039,57641,
22,115,0.10030773260001309,4596,45819,
22,117,0.03668219117320914,1654,45090,
22,119,0.027768303774442928,977,35184,
22,121,0.04851363236587511,1379,28425,
22,123,0.039442403285065916,365,9254,
22,125,0.04005278785879248,607,15155,
22,127,0.09004102946661693,1207,13405,
23,000,0.023937873840223427,33633,1405012,
23,001,0.02377854118953432,2741,115272,
23,003,0.019737630286330417,1318,66776,
23,005,0.030148912236424068,9461,313809,
23,007,0.01951330011002524,603,30902,
23,009,0.019615073929687775,1117,56946,
23,011,0.024271958026171367,3118,128461,
23,013,0.019911666381981896,816,40981,
23,015,0.0161683702830835,590,36491,
23,017,0.018221489365245924,1094,60039,
23,019,0.02431140015302219,3813,156840,
23,021,0.01956172556218449,341,17432,
23,023,0.021552871055292428,810,37582,
23,025,0.017511395067980832,899,51338,
23,027,0.018292833050200654,743,40617,
23,029,0.03017557276232355,947,31383,
23,031,0.02372094502209927,5222,220143,
24,000,0.13267121384846772,830949,6263220,
24,001,0.022027810483330103,1478,67097,
24,003,0.11272515979081929,67900,602350,
24,005,0.08396633134879901,71575,852425,
24,009,0.05559828474497698,5277,94913,
24,011,0.1029841158607802,3527,34248,
24,013,0.056857962373241186,10070,177108,
24,015,0.059799633131085085,6357,106305,
24,017,0.08708261213448114,15194,174478,
24,019,0.06629850926428874,2197,33138,
24,021,0.13731261505360537,41100,299317,
24,023,0.015602437220441658,443,28393,
24,025,0.06232063092718275,16547,265514,
24,027,0.09079454055136192,30840,339668,
24,029,0.061205706396686606,1197,19557,
24,031,0.21703396462814836,234890,1082273,
24,033,0.23933484304733255,231348,966629,
24,035,0.06599240053643272,3543,53688,
24,037,0.0660175669062154,7689,116469,
24,039,0.0496810744423755,1254,25241,
24,041,0.10602970400585712,4055,38244,
24,043,0.09170758389091002,14419,157228,
24,045,0.07426948433635226,7897,106329,
24,047,0.042033973167454955,2284,54337,
24,510,0.08775390614689119,49868,568271,
25,000,0.14031740551060226,1001329,7136171,
25,001,0.03970417508707056,9234,232570,
25,003,0.06337492037350652,8158,128726,
25,005,0.10927924728972312,64321,588593,
25,007,0.036607948340534636,771,21061,
25,009,0.25657148960237297,211399,823938,
25,011,0.05792214022660891,4105,70871,
25,013,0.27993260813829984,129931,464151,
25,015,0.07706818058150292,12747,165399,
25,017,0.0981308075227867,163776,1668956,
25,019,0.18364008179959102,2694,14670,
25,021,0.06311542023397781,46753,740754,
25,023,0.05288974155583021,28671,542090,
25,025,0.24123866536215366,191337,793144,
25,027,0.14460401612258977,127432,881248,
26,000,0.06152374364907939,623879,10140459,
26,001,0.02108433734939759,224,10624,
26,003,0.01886141460609546,164,8695,
26,005,0.08340344199495217,10211,122429,
26,007,0.018164204407846937,525,28903,
26,009,0.02408705575480926,591,24536,
26,011,0.024524425001657055,370,15087,
26,013,0.01872934263679765,153,8169,
26,015,0.03829754002342835,2452,64025,
26,017,0.06147041918734352,6310,102651,
26,019,0.027429805615550754,508,18520,
26,021,0.06724163899857893,10268,152703,
26,023,0.07993591270270856,3692,46187,
26,025,0.06335538363792652,8476,133785,
26,027,0.049505334626576136,2552,51550,
26,029,0.023022409500095768,601,26105,
26,031,0.019372977969496226,503,25964,
26,033,0.024135933577910794,875,36253,
26,035,0.024518388791593695,770,31405,
26,037,0.05446595877576515,4360,80050,
26,039,0.02632546510772851,358,13599,
26,041,0.015645869108948673,574,36687,
26,043,0.022542796691671474,586,25995,
26,045,0.06648766142437028,7280,109494,
26,047,0.022357065009278625,759,33949,
26,049,0.045361552554321755,18248,402279,
26,051,0.024658588190036544,641,25995,
26,053,0.023422663009073644,333,14217,
26,055,0.035322121604139715,3413,96625,
26,057,0.07741951078023784,3203,41372,
26,059,0.0294362798859399,1342,45590,
26,061,0.019163534081648746,729,38041,
26,063,0.031903833658219624,982,30780,
26,065,0.08845596311637692,25690,290427,
26,067,0.05571320754716981,3691,66250,
26,069,0.03126848310397855,793,25361,
26,071,0.027500213510974463,322,11709,
26,073,0.05475473321858864,3563,65072,
26,075,0.04335561338800372,6947,160233,
26,077,0.06125462648236272,16219,264780,
26,079,0.024223869373724352,451,18618,
26,081,0.1191630931260234,80197,673002,
26,083,0.018047200370198982,39,2161,
26,085,0.08719723183391004,1134,13005,
26,087,0.05241790776960344,4674,89168,
26,089,0.045122644396834416,1032,22871,
26,091,0.09289382685736501,9080,97746,
26,093,0.030821013727560718,6071,196976,
26,095,0.022597977243994944,143,6328,
26,097,0.02656137832017229,296,11144,
26,099,0.033676192625610064,29843,886175,
26,101,0.03757984247031623,959,25519,
26,103,0.021903823239529854,1489,67979,
26,105,0.051524421682191596,1499,29093,
26,107,0.032874818222995685,1379,41947,
26,109,0.027592190889370934,636,23050,
26,111,0.03639522982076123,3058,84022,
26,113,0.036813439202047375,561,15239,
26,115,0.047505527251754304,7413,156045,
26,117,0.049888911331044235,3458,69314,
26,119,0.020248270248270247,199,9828,
26,121,0.06670874946457155,11836,177428,
26,123,0.06591721031376203,3395,51504,
26,125,0.05322664717385002,69029,1296888,
26,127,0.15773302731916783,4261,27014,
26,129,0.024684298308315464,518,20985,
26,131,0.0207760989010989,121,5824,
26,133,0.024186680292965425,568,23484,
26,135,0.021637971149371802,186,8596,
26,137,0.022543419085227927,588,26083,
26,139,0.10640847714990122,32586,306235,
26,141,0.01874527588813303,248,13230,
26,143,0.02151930469664048,515,23932,
26,145,0.09436696250679225,17714,187714,
26,147,0.03917458891633605,6280,160308,
26,149,0.10032531755243498,6137,61171,
26,151,0.04370486188668007,1761,40293,
26,153,0.019320127170457325,158,8178,
26,155,0.0345385543232032,2348,67982,
26,157,0.041207801808290846,2174,52757,
26,159,0.13075175031853828,9954,76129,
26,161,0.060728853226345705,22705,373875,
26,163,0.07162082884685637,126845,1771063,
26,165,0.030847359257109692,1063,34460,
27,000,0.0673355484778491,390085,5793151,
27,001,0.016406489133761862,268,16335,
27,003,0.06277465237235962,23656,376840,
27,005,0.022937591693939736,813,35444,
27,007,0.02662418202814251,1245,46762,
27,009,0.03956448031326855,1657,41881,
27,011,0.031182159068482335,158,5067,
27,013,0.05124469589816125,3623,70700,
27,015,0.057759626604434074,1485,25710,
27,017,0.021880527962988162,804,36745,
27,019,0.05374329651596406,6053,112628,
27,021,0.021118249475224223,664,31442,
27,023,0.12017237173753964,1478,12299,
27,025,0.030369681076051095,1795,59105,
27,027,0.052492221158449016,3509,66848,
27,029,0.011123986095017382,96,8630,
27,031,0.038413211272662,214,5571,
27,033,0.1285941083083436,1458,11338,
27,035,0.017656828180997057,1212,68642,
27,037,0.09132175233253008,41383,453156,
27,039,0.057339233593823556,1218,21242,
27,041,0.025242280820374125,1008,39933,
27,043,0.08368140573239234,1162,13886,
27,045,0.02176541717049577,468,21502,
27,047,0.11186250577291021,3391,30314,
27,049,0.04468342295027302,2144,47982,
27,051,0.03028318873792765,185,6109,
27,053,0.08036461761014785,102331,1273334,
27,055,0.016129032258064516,296,18352,
27,057,0.028707482993197277,633,22050,
27,059,0.029848696408542586,1304,43687,
27,061,0.01659257955195634,754,45442,
27,063,0.05628232430787952,555,9861,
27,065,0.019689306358381502,327,16608,
27,067,0.16300308904508215,7282,44674,
27,069,0.03156312625250501,126,3992,
27,071,0.01716405037088149,199,11594,
27,073,0.041742013261000604,277,6636,
27,075,0.016545148625911384,177,10698,
27,077,0.020015801948907033,76,3797,
27,079,0.07366419987779212,2170,29458,
27,081,0.030913012221423435,172,5564,
27,083,0.08992454158032608,2300,25577,
27,085,0.08186514410005438,3011,36780,
27,087,0.04550604229607251,241,5296,
27,089,0.05084939003534374,446,8771,
27,091,0.07990389039415163,1563,19561,
27,093,0.04967860031501426,1167,23491,
27,095,0.026761431627805782,738,27577,
27,097,0.021465816917728853,741,34520,
27,099,0.14819070904645476,6061,40900,
27,101,0.05743411238189955,462,8044,
27,103,0.05601136462470646,1932,34493,
27,105,0.370203468523829,8133,21969,
27,107,0.06429026098026734,404,6284,
27,109,0.06348243041868962,10565,166424,
27,111,0.04398528348991525,2678,60884,
27,113,0.052593026662760035,718,13652,
27,115,0.031762261288301064,963,30319,
27,117,0.09186813186813186,836,9100,
27,119,0.07335678821556571,2231,30413,
27,121,0.023227490213136148,267,11495,
27,123,0.08681863048070626,47057,542015,
27,125,0.04044307058217414,157,3882,
27,127,0.04661072505572309,711,15254,
27,129,0.11077284992735072,1601,14453,
27,131,0.1080043462513582,7455,69025,
27,133,0.045984251968503934,438,9525,
27,135,0.025614150016377332,391,15265,
27,137,0.02098668286901003,4214,200794,
27,139,0.06877600091599557,10812,157206,
27,141,0.037473680124976955,3862,103059,
27,143,0.09964459655127024,1514,15194,
27,145,0.05311682530778002,8711,163997,
27,147,0.09264305177111716,3468,37434,
27,149,0.13484061513392404,1324,9819,
27,151,0.07645354852058762,739,9666,
27,153,0.10903486804083992,2830,25955,
27,155,0.06987874920229738,219,3134,
27,157,0.037267080745341616,804,21574,
27,159,0.02798365311352774,404,14437,
27,161,0.08049668165275102,1504,18684,
27,163,0.05650443724468235,16045,283960,
27,165,0.32479471617279543,3639,11204,
27,167,0.047862156987874924,300,6268,
27,169,0.040081644087807414,2003,49973,
27,171,0.03903152147898029,6034,154593,
27,173,0.06038621572602155,566,9373,
28,000,0.04109519222437985,120945,2943045,
28,001,0.03452605147520402,990,28674,
28,003,0.03985041486502279,1364,34228,
28,005,0.014536984981126015,181,12451,
28,007,0.0228777145511555,394,17222,
28,009,0.02868094105207507,217,7566,
28,011,0.027997886951928157,795,28395,
28,013,0.06986043594166536,891,12754,
28,015,0.020260183407976116,190,9378,
28,017,0.042387027542625494,711,16774,
28,019,0.021258188110245952,172,8091,
28,021,0.016252154641713864,132,8122,
28,023,0.012471131639722863,189,15155,
28,025,0.013067589084719706,238,18213,
28,027,0.05038547624968913,1013,20105,
28,029,0.05654416037187682,1557,27536,
28,031,0.027033028032195393,487,18015,
28,033,0.06116780942559133,11981,195871,
28,035,0.04638235481608976,3638,78435,
28,037,0.015300691857370942,115,7516,
28,039,0.0339644513137558,879,25880,
28,041,0.017404021937842778,238,13675,
28,043,0.015431656394821079,323,20931,
28,045,0.04258797212423643,1980,46492,
28,047,0.07376128760585786,15765,213730,
28,049,0.02387545701144003,5061,211975,
28,051,0.011375321336760925,177,15560,
28,053,0.01390254177784019,99,7121,
28,055,0.08494208494208494,110,1295,
28,057,0.018761881147202248,454,24198,
28,059,0.08219616059645447,12083,147002,
28,061,0.017026394075574405,269,15799,
28,063,0.01144927536231884,79,6900,
28,065,0.013201916990686319,146,11059,
28,067,0.06535838510260188,4303,65837,
28,069,0.010978743284279373,94,8562,
28,071,0.037514830473071206,2245,59843,
28,073,0.03714748104414541,2479,66734,
28,075,0.02742675808919363,1936,70588,
28,077,0.023046607265250173,269,11672,
28,079,0.07813810455689126,1677,21462,
28,081,0.03677781525562569,3053,83012,
28,083,0.035707458806438046,934,26157,
28,085,0.014275088682915665,499,34956,
28,087,0.024453766823981822,1399,57210,
28,089,0.040780064246763593,4659,114247,
28,091,0.02095134955014995,503,24008,
28,093,0.058532611857799496,2012,34374,
28,095,0.016933966490457843,567,33483,
28,097,0.01657634682817979,156,9411,
28,099,0.021226659303489454,615,28973,
28,101,0.02050989887480416,432,21063,
28,103,0.01994910941475827,196,9825,
28,105,0.024766669873953623,1287,51965,
28,107,0.02225003052130387,729,32764,
28,109,0.04723022192105709,2788,59030,
28,111,0.02183061546554445,249,11406,
28,113,0.018137506413545407,707,38980,
28,115,0.07790341725495097,2494,32014,
28,117,0.01604613754953117,409,25489,
28,119,0.006495849873691808,36,5542,
28,121,0.035529011726753566,5705,160573,
28,123,0.16522084869514927,4571,27666,
28,125,0.026901669758812616,87,3234,
28,127,0.018205258428722115,466,25597,
28,129,0.018432851754323534,259,14051,
28,131,0.029792017987633503,583,19569,
28,133,0.03317556124886013,764,23029,
28,135,0.027744712022708545,303,10921,
28,137,0.0359006689783195,1025,28551,
28,139,0.058021752322270456,1243,21423,
28,141,0.03659785479437288,679,18553,
28,143,0.025991045102107677,238,9157,
28,145,0.05038254063392448,1429,28363,
28,147,0.022328202904834164,309,13839,
28,149,0.02310889443059019,973,42105,
28,151,0.01714382846458318,706,41181,
28,153,0.019646564383006736,388,19749,
28,155,0.02151608725968722,216,10039,
28,157,0.014578005115089514,114,7820,
28,159,0.018888506143070388,329,17418,
28,161,0.01918445978487719,239,12458,
28,163,0.029273801250868658,674,23024,
29,000,0.05611062489172145,350437,6245466,
29,001,0.03261886204208885,837,25660,
29,003,0.028854126361174064,522,18091,
29,005,0.026853473438412143,138,5139,
29,007,0.034356484529295586,835,24304,
29,009,0.10660340277387838,3797,35618,
29,011,0.03541862251429547,415,11717,
29,013,0.029583994144199096,485,16394,
29,015,0.023915785388570875,493,20614,
29,017,0.018567389255419415,197,10610,
29,019,0.04702478220593899,9036,192154,
29,021,0.08749132505324622,7312,83574,
29,023,0.02678528722437461,1120,41814,
29,025,0.025333333333333333,228,9000,
29,027,0.02747861543234499,1240,45126,
29,029,0.037249348589554775,1644,44135,
29,031,0.03187979631356236,2667,83658,
29,033,0.026146898027097694,220,8414,
29,035,0.029296510543011755,157,5359,
29,037,0.05803834095878742,6609,113873,
29,039,0.02596019436863476,390,15023,
29,041,0.016222793024199,120,7397,
29,043,0.04206361601332709,4040,96045,
29,045,0.01162615129095576,77,6623,
29,047,0.0859627140524737,22640,263370,
29,049,0.02941853505823857,639,21721,
29,051,0.03810628019323672,2958,77625,
29,053,0.023712183156173343,406,17122,
29,055,0.025955804980708524,592,22808,
29,057,0.024271844660194174,185,7622,
29,059,0.02511607092912681,449,17877,
29,061,0.018967334035827187,162,8541,
29,063,0.02519222986645083,249,9884,
29,065,0.02404727939678011,354,14721,
29,067,0.02709519934906428,333,12290,
29,069,0.08240130360714021,2225,27002,
29,071,0.02549973894234355,2735,107256,
29,073,0.017536676902081202,257,14655,
29,075,0.024928548745633536,157,6298,
29,077,0.054523254379071386,16790,307942,
29,079,0.030923612533278723,302,9766,
29,081,0.03237234302467628,265,8186,
29,083,0.03184939091915836,719,22575,
29,085,0.022245037645448322,195,8766,
29,087,0.02334355104928083,99,4241,
29,089,0.024729064039408867,251,10150,
29,091,0.028948530494087632,1180,40762,
29,093,0.025477707006369428,240,9420,
29,095,0.12067581204407159,87775,727362,
29,097,0.10480791277603396,13256,126479,
29,099,0.02815152142413579,6528,231888,
29,101,0.05348962061560487,2989,55880,
29,103,0.011229946524064172,42,3740,
29,105,0.032881485110784474,1208,36738,
29,107,0.03816657217033213,1279,33511,
29,109,0.08850348650098337,3465,39151,
29,111,0.019995939910678034,197,9852,
29,113,0.030946454589606605,2039,65888,
29,115,0.033501259445843826,399,11910,
29,117,0.024150634465820713,354,14658,
29,119,0.1282115240708406,3084,24054,
29,121,0.020162087369045265,306,15177,
29,123,0.03104575163398693,399,12852,
29,125,0.025158711497766283,214,8506,
29,127,0.022726473175021987,646,28425,
29,129,0.05040556199304751,174,3452,
29,131,0.024427302477793362,627,25668,
29,133,0.02468085106382979,290,11750,
29,135,0.060938930299463845,932,15294,
29,137,0.02002249718785152,178,8890,
29,139,0.025453913647815133,293,11511,
29,141,0.02848341443814456,638,22399,
29,143,0.021101761767026033,321,15212,
29,145,0.07449730977421609,4583,61519,
29,147,0.024923181973369752,511,20503,
29,149,0.019772387630762157,172,8699,
29,151,0.012316367413562844,166,13478,
29,153,0.026732673267326732,243,9090,
29,155,0.03616297633095023,521,14407,
29,157,0.027172774869109947,519,19100,
29,159,0.10586650224932063,4636,43791,
29,161,0.03360921352250832,1535,45672,
29,163,0.025722398530148655,462,17961,
29,165,0.07593170033655162,8596,113207,
29,167,0.033807075899606895,1118,33070,
29,169,0.11457638425617078,6183,53964,
29,171,0.03128442388191231,142,4539,
29,173,0.013144108962758357,138,10499,
29,175,0.028284254682892387,681,24077,
29,177,0.030906504590715117,717,23199,
29,179,0.01822169731736123,108,5927,
29,181,0.01959869342043864,210,10715,
29,183,0.045099899463332434,19110,423726,
29,185,0.02467506092607636,243,9848,
29,186,0.01639167475466408,304,18546,
29,187,0.021362013540138957,1442,67503,
29,189,0.040898191109334105,40609,992929,
29,195,0.13414790996784565,3129,23325,
29,197,0.01646596215286311,67,4069,
29,199,0.010855683269476373,51,4698,
29,201,0.027557499275495955,1046,37957,
29,203,0.029690721649484535,216,7275,
29,205,0.02311846101923726,137,5926,
29,207,0.025036922427737536,712,28438,
29,209,0.03273061599754827,1068,32630,
29,211,0.18765217391304348,1079,5750,
29,213,0.07773509093472437,4411,56744,
29,215,0.026638148940307214,685,25715,
29,217,0.030878859857482184,611,19787,
29,219,0.04254379125734186,1637,38478,
29,221,0.013823516940168765,326,23583,
29,223,0.015711645101663587,170,10820,
29,225,0.026664446611641017,1121,42041,
29,227,0.018696581196581196,35,1872,
29,229,0.02906946936682902,567,19505,
29,510,0.05658306369438138,15826,279695,
30,000,0.04920363724935875,55956,1137233,
30,001,0.058864681191285226,589,10006,
30,003,0.05181306658330728,663,12796,
30,005,0.029262639432130956,202,6903,
30,007,0.04179715731149121,347,8302,
30,009,0.03339711254131153,384,11498,
30,011,0.013581129378127233,19,1399,
30,013,0.05716787146693799,4832,84523,
30,015,0.03231292517006803,190,5880,
30,017,0.037027749916415914,443,11964,
30,019,0.035076923076923075,57,1625,
30,021,0.039857977322185316,348,8731,
30,023,0.03791662419732953,372,9811,
30,025,0.022742701968771217,67,2946,
30,027,0.027735626369920757,329,11862,
30,029,0.04068909514786906,4660,114527,
30,031,0.057723807723807724,7330,126984,
30,033,0.01100762066045724,13,1181,
30,035,0.03177071761830704,429,13503,
30,037,0.04287369640787949,37,863,
30,039,0.029983342587451417,108,3602,
30,041,0.03965141612200436,637,16065,
30,043,0.03397474443776308,452,13304,
30,045,0.038844149692089054,82,2111,
30,047,0.04574439421608838,1528,33403,
30,049,0.04287292523526202,3221,75129,
30,051,0.011892450879007239,23,1934,
30,053,0.033672917417958886,747,22184,
30,055,0.018637157833430402,32,1717,
30,057,0.041115554188454834,401,9753,
30,059,0.022760290556900726,47,2065,
30,061,0.04177093358999037,217,5195,
30,063,0.05149086873500563,6310,122546,
30,065,0.04548789435069699,248,5452,
30,067,0.041053446940356314,742,18074,
30,069,0.02095238095238095,11,525,
30,071,0.036782154722354056,155,4214,
30,073,0.030766699572227708,187,6078,
30,075,0.02883506343713956,50,1734,
30,077,0.03497191011235955,249,7120,
30,079,0.04136690647482014,46,1112,
30,081,0.0434764563056426,2095,48187,
30,083,0.05794341675734494,639,11028,
30,085,0.03226439148769246,329,10197,
30,087,0.045032950939711984,369,8194,
30,089,0.037423533645196114,520,13895,
30,091,0.04176334106728538,144,3448,
30,093,0.04710245198428073,1702,36134,
30,095,0.03777777777777778,357,9450,
30,097,0.03327122704285334,125,3757,
30,099,0.0223463687150838,144,6444,
30,101,0.04929167475257132,254,5153,
30,103,0.04871447902571042,36,739,
30,105,0.02744148506860371,204,7434,
30,107,0.043245869776482024,89,2058,
30,109,0.059275521405049394,54,911,
30,111,0.07046735399194559,12091,171583,
31,000,0.13575654524013134,272255,2005465,
31,001,0.1336068726759841,4168,31196,
31,003,0.04372444164831708,278,6358,
31,005,0.0070921985815602835,3,423,
31,007,0.1037593984962406,69,665,
31,009,0.03524229074889868,16,454,
31,011,0.049869256630556594,267,5354,
31,013,0.13575633000093432,1453,10703,
31,015,0.02823529411764706,48,1700,
31,017,0.07716371220020855,222,2877,
31,019,0.11201032136992728,5730,51156,
31,021,0.03716366879738368,250,6727,
31,023,0.06446261405379784,544,8439,
31,025,0.04401280372471992,1210,27492,
31,027,0.02868554829339143,237,8262,
31,029,0.15807651434643996,595,3764,
31,031,0.04929830874415257,274,5558,
31,033,0.09414705269735472,904,9602,
31,035,0.10634114369981976,649,6103,
31,037,0.4828191391095511,5227,10826,
31,039,0.12768096514745308,1143,8952,
31,041,0.043482406789358254,456,10487,
31,043,0.426529177408015,9100,21335,
31,045,0.05747844558290641,460,8003,
31,047,0.39622872037142626,9729,24554,
31,049,0.09038054968287526,171,1892,
31,051,0.17517191458559536,968,5526,
31,053,0.1990550100306198,7541,37884,
31,055,0.1530679122626664,92018,601158,
31,057,0.07590132827324478,120,1581,
31,059,0.04118287373004354,227,5512,
31,061,0.04188853390131345,118,2817,
31,063,0.03667192429022082,93,2536,
31,065,0.05080572963294539,227,4468,
31,067,0.04025453036381242,873,21687,
31,069,0.06374722838137473,115,1804,
31,071,0.016403046280023433,28,1707,
31,073,0.07190265486725664,130,1808,
31,075,0.020942408376963352,12,573,
31,077,0.032771961766044605,72,2197,
31,079,0.34683230208846966,21805,62869,
31,081,0.05165202843998327,494,9564,
31,083,0.03412856196156395,103,3018,
31,085,0.11583924349881797,98,846,
31,087,0.04959349593495935,122,2460,
31,089,0.06185770750988142,626,10120,
31,091,0.04297994269340974,30,698,
31,093,0.0369750456482045,243,6572,
31,095,0.07118834080717489,508,7136,
31,097,0.12128760298907837,633,5219,
31,099,0.07423321973625722,501,6749,
31,101,0.0900834560628375,734,8148,
31,103,0.026862026862026864,22,819,
31,105,0.09954614220877459,329,3305,
31,107,0.032506621719239105,270,8306,
31,109,0.09028501728970699,30052,332857,
31,111,0.0972418139800114,3240,33319,
31,113,0.05475504322766571,38,694,
31,115,0.03951890034364261,23,582,
31,117,0.010638297872340425,4,376,
31,119,0.17195536692993058,6118,35579,
31,121,0.0620135255837693,486,7837,
31,123,0.15072463768115943,676,4485,
31,125,0.030042918454935622,98,3262,
31,127,0.035764973034345726,252,7046,
31,129,0.037371763556424034,153,4094,
31,131,0.10445422216864565,1733,16591,
31,133,0.022213407378024592,56,2521,
31,135,0.06801007556675064,189,2779,
31,137,0.07597876575978765,687,9042,
31,139,0.03258794655031361,239,7334,
31,141,0.26755683258683344,9498,35499,
31,143,0.07230973619282596,381,5269,
31,145,0.06513594005187819,678,10409,
31,147,0.027915470910513957,214,7666,
31,149,0.020145044319097503,25,1241,
31,151,0.3105156037991859,4577,14740,
31,153,0.12523678403343294,25652,204828,
31,155,0.031060411860206784,727,23406,
31,157,0.24813902725695416,8867,35734,
31,159,0.03444200574033429,612,17769,
31,161,0.05764156687639537,284,4927,
31,163,0.031197015937605967,92,2949,
31,165,0.06642402183803457,73,1099,
31,167,0.07522585128561501,433,5756,
31,169,0.035112936344969196,171,4870,
31,171,0.04889589905362776,31,634,
31,173,0.06222690974838029,413,6637,
31,175,0.038938492063492064,157,4032,
31,177,0.037687023619083465,801,21254,
31,179,0.10577507598784194,1044,9870,
31,181,0.06764882742032471,225,3326,
31,183,0.05816831683168317,47,808,
31,185,0.06580869565217391,946,14375,
32,000,0.30587210215129945,999427,3267467,
32,001,0.16114162793377637,4195,26033,
32,003,0.3276028598453189,785877,2398871,
32,005,0.13780163021547898,6830,49564,
32,007,0.2664680021338042,14486,54363,
32,009,0.2152777777777778,155,720,
32,011,0.12786361214704314,240,1877,
32,013,0.2838279971956065,4858,17116,
32,015,0.23405358686257563,1354,5785,
32,017,0.07065592635212889,307,4345,
32,019,0.21238896387206127,13533,63718,
32,021,0.14547486033519552,651,4475,
32,023,0.1877835327737096,10514,55990,
32,027,0.2483170134638923,1623,6536,
32,029,0.10749027237354086,442,4112,
32,031,0.27005401356252956,136993,507280,
32,033,0.17037731427232247,1454,8534,
32,510,0.2736981495494256,15915,58148,
33,000,0.05032674914409325,70912,1409032,
33,001,0.025024135341802412,1633,65257,
33,003,0.019684290604792695,1035,52580,
33,005,0.02817695125387433,2200,78078,
33,007,0.026082202354151925,811,31094,
33,009,0.030770057499059596,2863,93045,
33,011,0.09147613494338641,39377,430462,
33,013,0.029505476059264325,4658,157869,
33,015,0.03970747411090056,12803,322433,
33,017,0.03390411469277656,4550,134202,
33,019,0.022312096700899755,982,44012,
34,000,0.23465908474935562,2229461,9500851,
34,001,0.21349699405977485,59590,279114,
34,003,0.23943100687586152,234317,978641,
34,005,0.10421332660378747,49555,475515,
34,007,0.20248582365146783,108125,533988,
34,009,0.08809587217043942,8270,93875,
34,011,0.3708488032991174,57733,155678,
34,013,0.2611967642511233,230252,881527,
34,015,0.0920864832271163,28711,311783,
34,017,0.4078961130694051,300287,736185,
34,019,0.10147447383606159,13365,131708,
34,021,0.24607663628620538,96496,392138,
34,023,0.24802414059243763,220771,890119,
34,025,0.13292562391895232,86072,647520,
34,027,0.16923906372776754,88521,523053,
34,029,0.1137141862510016,75783,666434,
34,031,0.46014124653197797,242309,526597,
34,033,0.12493548289158089,8230,65874,
34,035,0.186386435670985,66627,357467,
34,037,0.13617373375654485,20078,147444,
34,039,0.36671266998788205,217886,594160,
34,041,0.1471289196740188,16483,112031,
35,000,0.49114003199615447,1046254,2130256,
35,001,0.4951953637306903,332646,671747,
35,003,0.18392621870882742,698,3795,
35,005,0.59517716689954,37911,63697,
35,006,0.3315596192760249,8848,26686,
35,007,0.48411473145364425,5958,12307,
35,009,0.46882687250827043,22108,47156,
35,011,0.4085697042848521,677,1657,
35,013,0.6852018171830175,157162,229366,
35,015,0.5304544566703562,32589,61436,
35,017,0.4797211430231291,13212,27541,
35,019,0.7694412770809578,3374,4385,
35,021,0.3937007874015748,250,635,
35,023,0.5648008068582955,2240,3966,
35,025,0.6499181647616132,48842,75151,
35,027,0.33942571785268416,6797,20025,
35,028,0.18490470139771284,3638,19675,
35,029,0.684287812041116,17708,25878,
35,031,0.12438900572920444,8576,68945,
35,033,0.783935546875,3211,4096,
35,035,0.41013613346530675,28591,69711,
35,037,0.4567416398905153,3838,8403,
35,039,0.6702790639469403,26781,39955,
35,041,0.4550312616897344,8515,18713,
35,043,0.41051110251843026,64761,157757,
35,045,0.20185900990754613,24388,120817,
35,047,0.7516649008627213,19865,26428,
35,049,0.47916838335499,75596,157765,
35,051,0.3113530599701466,3546,11389,
35,053,0.5029748857017599,8031,15967,
35,055,0.5053651180325968,17426,34482,
35,057,0.44814212435881395,7164,15986,
35,059,0.41594498217014775,1633,3926,
35,061,0.6146783314565726,49674,80813,
36,000,0.20233491825339875,4019838,19867248,
36,001,0.0767148804240477,24546,319964,
36,003,0.02289688999767437,1083,47299,
36,005,0.5542454669667024,767477,1384724,
36,007,0.05858541627417934,11506,196397,
36,009,0.02595561444186817,1959,75475,
36,011,0.03984336234527338,2971,74567,
36,013,0.10177672132468474,12631,124105,
36,015,0.04104049805831227,3329,81115,
36,017,0.028639461726668997,1311,45776,
36,019,0.0376006472242555,2928,77871,
36,021,0.06847543076999618,4129,60299,
36,023,0.036891936010447275,1695,45945,
36,025,0.052386232490778666,2315,44191,
36,027,0.165583755329824,49669,299963,
36,029,0.06604972427998258,62787,950602,
36,031,0.030263444371870236,1112,36744,
36,033,0.03293972730747993,1551,47086,
36,035,0.04870086225107061,2536,52073,
36,037,0.05046524546906465,2907,57604,
36,039,0.07187173528345735,3371,46903,
36,041,0.023612750885478158,120,5082,
36,043,0.031316606528488715,1866,59585,
36,045,0.08210182075304932,9289,113140,
36,047,0.19060937160356062,498945,2617631,
36,049,0.020812946932630787,553,26570,
36,051,0.04938191387404363,3040,61561,
36,053,0.0284768606870229,1910,67072,
36,055,0.10349214705624286,77847,752202,
36,057,0.15968417660328715,7928,49648,
36,059,0.19165018478381085,266861,1392438,
36,061,0.24484182230722168,406600,1660664,
36,063,0.04345564727775922,9107,209570,
36,065,0.07731216087796206,17654,228347,
36,067,0.0632210330940887,29702,469812,
36,069,0.0599493859059215,6775,113012,
36,071,0.25280559151170445,104097,411767,
36,073,0.06039913319558535,2397,39686,
36,075,0.03579730357973036,4235,118305,
36,077,0.04748529508955125,2874,60524,
36,079,0.21924823949029051,21576,98409,
36,081,0.28469325257969796,659589,2316841,
36,083,0.06568003533458995,10558,160749,
36,085,0.19632806917537113,97813,498212,
36,087,0.21801036352773565,75899,348144,
36,089,0.02595152451081941,2756,106198,
36,091,0.04226992844067232,10160,240360,
36,093,0.08708192356758555,14130,162261,
36,095,0.04268515140459686,1287,30151,
36,097,0.023947199345832604,410,17121,
36,099,0.0492802450229709,1609,32650,
36,101,0.022365918600228223,2058,92015,
36,103,0.23849004075111221,366299,1535909,
36,105,0.20334369173399627,16359,80450,
36,107,0.026464034977088324,1259,47574,
36,109,0.06670328213480806,7044,105602,
36,111,0.1289888893139575,23602,182977,
36,113,0.03254809459625046,2125,65288,
36,115,0.029612794331456072,1772,59839,
36,117,0.05703141355487731,5176,90757,
36,119,0.2806387221582458,282448,1006447,
36,121,0.04170455693644539,1651,39588,
36,123,0.02644851765284783,645,24387,
37,000,0.12015798625822287,1327268,11046024,
37,001,0.16193728146853148,29641,183040,
37,003,0.060147712097675304,2207,36693,
37,005,0.11248791633711222,1280,11379,
37,007,0.051444365192582026,1154,22432,
37,009,0.06414582263625028,1749,27266,
37,011,0.06883386671158273,1226,17811,
37,013,0.08085068198133524,3604,44576,
37,015,0.030875494421158275,523,16939,
37,017,0.10027873862377003,2986,29777,
37,019,0.05887069749628991,9838,167112,
37,021,0.09122524264890226,25471,279210,
37,023,0.0892540516121746,7903,88545,
37,025,0.13417168520975808,32862,244925,
37,027,0.07311212672933774,5903,80739,
37,029,0.04703147353361946,526,11184,
37,031,0.053758237378841146,3777,70259,
37,033,0.05616419979430309,1256,22363,
37,035,0.12299017084296096,20546,167054,
37,037,0.13963802847127835,11712,83874,
37,039,0.04158298488789385,1263,30373,
37,041,0.043769347059246996,608,13891,
37,043,0.04666998837402425,562,12042,
37,045,0.05485644949801358,5606,102194,
37,047,0.059116154553082674,2959,50054,
37,049,0.08274213522516728,8619,104167,
37,051,0.13549921697249062,45857,338430,
37,053,0.05827498605861577,1881,32278,
37,055,0.08027132493518058,3065,38183,
37,057,0.09722792434578677,17288,177809,
37,059,0.0868386840887557,3941,45383,
37,061,0.24484061813648866,12374,50539,
37,063,0.16667733712037436,57275,343628,
37,065,0.06921260483673967,3400,49124,
37,067,0.1597541586816797,63605,398143,
37,069,0.12324027528801193,9831,79771,
37,071,0.11060286765009711,26767,242010,
37,073,0.023206136518108555,239,10299,
37,075,0.032766841912214205,268,8179,
37,077,0.1189555440010399,7321,61544,
37,079,0.16114363117410865,3331,20671,
37,081,0.10480730687739792,58568,558816,
37,083,0.03651685393258427,1716,46992,
37,085,0.16038769028583943,23432,146096,
37,087,0.05421266336759294,3418,63048,
37,089,0.13494961538780006,16298,120771,
37,091,0.06656580937972768,1276,19169,
37,093,0.1620201509515727,8973,55382,
37,095,0.08531529565786602,391,4583,
37,097,0.10103653306584093,20850,206361,
37,099,0.08487003378900643,3843,45281,
37,101,0.17716598477145168,44255,249794,
37,103,0.056541957302895796,535,9462,
37,105,0.228869078016254,15686,68537,
37,107,0.09688787681630882,5361,55332,
37,109,0.08774625810615606,8565,97611,
37,111,0.07738187280478914,3503,45269,
37,113,0.10594829144820105,4102,38717,
37,115,0.038206871868289194,854,22352,
37,117,0.048320401431027275,1040,21523,
37,119,0.16987693621324976,204920,1206285,
37,121,0.06340652029274783,953,15030,
37,123,0.16678045820057655,4397,26364,
37,125,0.08250551112832859,8945,108417,
37,127,0.0888355954689254,8705,97990,
37,129,0.08265216801666851,20112,243333,
37,131,0.026658624849215922,442,16580,
37,133,0.1452379387097683,30929,212954,
37,135,0.10810651700386585,16527,152877,
37,137,0.05362549800796813,673,12550,
37,139,0.0641991404703269,2659,41418,
37,141,0.09392525364955692,6582,70077,
37,143,0.03588410104011887,483,13460,
37,145,0.0734623720200284,2949,40143,
37,147,0.08281752155899615,14972,180783,
37,149,0.0608759842519685,1237,20320,
37,151,0.1490070018667152,22111,148389,
37,153,0.08242438675875208,3461,41990,
37,155,0.11791880226598328,13988,118624,
37,157,0.0777826491440059,7274,93517,
37,159,0.12958978772231786,19877,153384,
37,161,0.06199399271197036,4066,65587,
37,163,0.23606052579299383,14259,60404,
37,165,0.049117942061478556,1665,33898,
37,167,0.0662596916495856,4461,67326,
37,169,0.043352159975576246,1988,45857,
37,171,0.13217884747089326,9457,71547,
37,173,0.06532807457870204,911,13945,
37,175,0.0571210743922822,1948,34103,
37,177,0.1216946261017913,428,3517,
37,179,0.14263476418640322,37568,263386,
37,181,0.10269976616198596,4348,42337,
37,183,0.11857982999633249,146143,1232444,
37,185,0.05078350191289765,969,19081,
37,187,0.043645579125211185,465,10654,
37,189,0.06263978035165554,3445,54997,
37,191,0.14898037195233427,17928,120338,
37,193,0.07862689994862962,5204,66186,
37,195,0.1341204132169389,10724,79958,
37,197,0.13262271351493618,5039,37995,
37,199,0.06139103880376981,1166,18993,
38,000,0.05131639734460837,40877,796568,
38,001,0.025688930406352173,55,2141,
38,003,0.022041118725689944,238,10798,
38,005,0.026580958999305074,153,5756,
38,007,0.034807149576669805,37,1063,
38,009,0.02816460647785949,180,6391,
38,011,0.06340956340956341,183,2886,
38,013,0.037604456824512536,81,2154,
38,015,0.03531283036069326,3641,103107,
38,017,0.038707108910398365,7778,200945,
38,019,0.024390243902439025,87,3567,
38,021,0.043407707910750506,214,4930,
38,023,0.04048964218455744,86,2124,
38,025,0.04986355742991813,201,4031,
38,027,0.04157644001732352,96,2309,
38,029,0.01838578996572141,59,3209,
38,031,0.021065302437556426,70,3323,
38,033,0.04456824512534819,80,1795,
38,035,0.05765138062382237,4253,73771,
38,037,0.013796172674677348,31,2247,
38,039,0.01347103726986978,30,2227,
38,041,0.026043819760231502,63,2419,
38,043,0.025727541121889498,61,2371,
38,045,0.02740064181683535,111,4051,
38,047,0.032446808510638296,61,1880,
38,049,0.022395326192794548,115,5135,
38,051,0.04429093864282812,109,2461,
38,053,0.139696928697064,2065,14782,
38,055,0.022955815134586083,226,9845,
38,057,0.03150455198850024,263,8348,
38,059,0.0470550388957127,1609,34194,
38,061,0.09784673844205193,927,9474,
38,063,0.03225806451612903,97,3007,
38,065,0.021253985122210415,40,1882,
38,067,0.04978749241044323,328,6588,
38,069,0.024396574098105372,94,3853,
38,071,0.029192006950477845,336,11510,
38,073,0.02844364937388193,159,5590,
38,075,0.03198653198653199,76,2376,
38,077,0.03956057149717853,659,16658,
38,079,0.016079370509750255,188,11692,
38,081,0.03045822102425876,113,3710,
38,083,0.018138801261829655,23,1268,
38,085,0.03151090762186911,117,3713,
38,087,0.006060606060606061,4,660,
38,089,0.08025587111677081,2710,33767,
38,091,0.02603282399547255,46,1767,
38,093,0.036712150747238464,791,21546,
38,095,0.03803022915650902,78,2051,
38,097,0.04593816497684316,367,7989,
38,099,0.1419620129234384,1450,10214,
38,101,0.0770163824221433,5270,68427,
38,103,0.01630291874835656,62,3803,
38,105,0.11544783259328313,4706,40763,
39,000,0.051727112257668406,614689,11883304,
39,001,0.010299591630226592,285,27671,
39,003,0.04054884698510896,4090,100866,
39,005,0.01953452880579931,1024,52420,
39,007,0.053443543227457535,5179,96906,
39,009,0.02421778607358664,1531,63218,
39,011,0.020796132572623145,955,45922,
39,013,0.0156433562109689,1012,64692,
39,015,0.015330082181883862,679,44292,
39,017,0.07566663830085447,30232,399542,
39,019,0.014399092970521542,381,26460,
39,021,0.01955946230755391,761,38907,
39,023,0.04680520057784198,6318,134985,
39,025,0.028376213671581288,6076,214123,
39,027,0.02832052166876889,1190,42019,
39,029,0.020576420263867044,2054,99823,
39,031,0.014242088479312489,527,37003,
39,033,0.02058809397972421,857,41626,
39,035,0.07502293256294969,93073,1240594,
39,037,0.02001476817846178,1030,51462,
39,039,0.12097608943173585,4675,38644,
39,041,0.03754317843725574,8934,237966,
39,043,0.04980972630381495,3678,73841,
39,045,0.02936302619186705,4926,167762,
39,047,0.026127440761587104,752,28782,
39,049,0.08239383087702379,111751,1356303,
39,051,0.09779194822499286,4110,42028,
39,053,0.011978120889011979,346,28886,
39,055,0.021748704934879723,2074,95362,
39,057,0.03485990472709127,6008,172347,
39,059,0.01533268793008713,586,38219,
39,061,0.05398043133231983,45201,837359,
39,063,0.06722565852618108,5043,75016,
39,065,0.025623314255641075,779,30402,
39,067,0.012676256943455349,178,14042,
39,069,0.08803021499128413,2424,27536,
39,071,0.014753911156788854,646,43785,
39,073,0.010682124758467316,293,27429,
39,075,0.01072356049073162,479,44668,
39,077,0.07817012790537753,4547,58168,
39,079,0.01155150811355927,378,32723,
39,081,0.02165884194053208,1384,63900,
39,083,0.02139456208495176,1366,63848,
39,085,0.057376484765019796,13332,232360,
39,087,0.012108402443174694,676,55829,
39,089,0.026863459853540873,4967,184898,
39,091,0.02593034609959857,1195,46085,
39,093,0.1157066111852933,37261,322030,
39,095,0.08159449765535749,34783,426291,
39,097,0.034943225494717886,1591,45531,
39,099,0.07512423268050278,16962,225786,
39,101,0.035397685299187395,2300,64976,
39,103,0.029188896411645227,5389,184625,
39,105,0.013726676283095249,295,21491,
39,107,0.02462014631401238,1050,42648,
39,109,0.022384993300580615,2506,111950,
39,111,0.006972645774270171,91,13051,
39,113,0.045913706197680496,24676,537443,
39,115,0.01300620750812888,176,13532,
39,117,0.022016867536949928,791,35927,
39,119,0.01428703425654293,1237,86582,
39,121,0.013525825215502137,193,14269,
39,123,0.05434344452282576,2157,39692,
39,125,0.06387629965342576,1198,18755,
39,127,0.010397399248921024,371,35682,
39,129,0.02339200102963416,1454,62158,
39,131,0.010936634029188989,296,27065,
39,133,0.023980859258174184,3929,163839,
39,135,0.012303620009313497,502,40801,
39,137,0.07025083318716015,2403,34206,
39,139,0.0245008129560363,3059,124853,
39,141,0.015096126028982458,1148,76046,
39,143,0.11565249889579723,6808,58866,
39,145,0.017730298894119614,1273,71798,
39,147,0.0615019185090444,3366,54730,
39,149,0.019331831831831833,927,47952,
39,151,0.03275940880694804,12255,374091,
39,153,0.030202277244274385,16260,538370,
39,155,0.02528706939590614,5065,200300,
39,157,0.05112549973926647,4706,92048,
39,159,0.042735042735042736,3065,71721,
39,161,0.047633883753937754,1376,28887,
39,163,0.011000398565165404,138,12545,
39,165,0.03845207549822502,9846,256059,
39,167,0.013611739696907358,794,58332,
39,169,0.026373550998010836,3076,116632,
39,171,0.05630026809651475,2058,36554,
39,173,0.06901267687128504,9184,133077,
39,175,0.0323455174347948,692,21394,
40,000,0.1345961181259039,551224,4095393,
40,001,0.08354775238383533,1656,19821,
40,003,0.06967787114845939,398,5712,
40,005,0.048013698630136985,701,14600,
40,007,0.31422885572139303,1579,5025,
40,009,0.14608054656598346,3250,22248,
40,011,0.14440685874256387,1238,8573,
40,013,0.0887188152271146,4463,50305,
40,015,0.17822834795155104,4694,26337,
40,017,0.13074383802816902,23764,181760,
40,019,0.09477968861300498,4657,49135,
40,021,0.08653984280407971,4217,48729,
40,023,0.05799350924227459,822,14174,
40,025,0.2681669010782935,572,2133,
40,027,0.11737050586934779,35675,303952,
40,029,0.049316586627262654,267,5414,
40,031,0.15362120662954298,18649,121396,
40,033,0.0852262402326004,469,5503,
40,035,0.045843099407141874,665,14506,
40,037,0.060483162320368794,4474,73971,
40,039,0.2065378900445765,5838,28266,
40,041,0.0490052907519571,2047,41771,
40,043,0.06232427366447985,266,4268,
40,045,0.10774784782004998,388,3601,
40,047,0.15936910348831584,9882,62007,
40,049,0.1131592030287965,2959,26149,
40,051,0.07881342861549535,4599,58353,
40,053,0.050448702401164204,208,4123,
40,055,0.13528437327443402,735,5433,
40,057,0.3382289416846652,783,2315,
40,059,0.2701776254284824,867,3209,
40,061,0.05909745152823639,698,11811,
40,063,0.0651409767407075,871,13371,
40,065,0.26062507640275456,6396,24541,
40,067,0.11406773353181987,613,5374,
40,069,0.06246963956086661,643,10293,
40,071,0.09512627483481824,4132,43437,
40,073,0.19690265486725664,3115,15820,
40,075,0.1305558919704493,1078,8257,
40,077,0.04364286465453781,415,9509,
40,079,0.08442652545432663,4209,49854,
40,081,0.0463513668077319,1621,34972,
40,083,0.09598960267359821,5170,53860,
40,085,0.19600882663340688,2043,10423,
40,087,0.10564892430936945,5117,48434,
40,089,0.07618893036844668,2347,30805,
40,091,0.03881278538812785,765,19710,
40,093,0.12220901043731008,925,7569,
40,095,0.1940917817551248,3134,16147,
40,097,0.04110203268234356,1650,40144,
40,099,0.07844990548204159,1079,13754,
40,101,0.07965304410354745,5317,66752,
40,103,0.05469897209985316,596,10896,
40,105,0.03545654220269846,339,9561,
40,107,0.04751847940865892,540,11364,
40,109,0.21016301485627503,171596,816490,
40,111,0.055738323805414734,2067,37084,
40,113,0.05105925368319174,2374,46495,
40,115,0.06653729772398369,2023,30404,
40,117,0.04568307367637018,736,16111,
40,119,0.06818370764498391,5741,84199,
40,121,0.06155086991588893,2671,43395,
40,123,0.07092143043591752,2717,38310,
40,125,0.06866722187894582,5112,74446,
40,127,0.04972222222222222,537,10800,
40,129,0.08292978208232446,274,3304,
40,131,0.06801748034447722,6895,101371,
40,133,0.06350905742794741,1483,23351,
40,135,0.054345949944519786,2204,40555,
40,137,0.09454339194554737,4167,44075,
40,139,0.5413325557661467,11139,20577,
40,141,0.2774643705463183,1869,6736,
40,143,0.1675943095597205,116229,693514,
40,145,0.09754868119705885,8902,91257,
40,147,0.07378838327783943,3989,54060,
40,149,0.1021311929144755,1107,10839,
40,151,0.0781869028198555,671,8582,
40,153,0.15637036666499926,3126,19991,
41,000,0.15512206219918637,662739,4272371,
41,001,0.05898507462686567,988,16750,
41,003,0.09802930262186675,9695,98899,
41,005,0.1068786000934586,45515,425857,
41,007,0.10810613259264673,4437,41043,
41,009,0.074450178495459,4025,54063,
41,011,0.07906600752417374,5086,64326,
41,013,0.08402838747439274,2297,27336,
41,015,0.0814964433125494,1856,22774,
41,017,0.09890089110549082,20921,211535,
41,019,0.07174736091933544,8054,112255,
41,021,0.0639269406392694,126,1971,
41,023,0.043423093190469476,308,7093,
41,025,0.0597135909213726,442,7402,
41,027,0.31383605453627333,7458,23764,
41,029,0.15560405004269623,34440,221331,
41,031,0.22274436090225563,5688,25536,
41,033,0.09548461643028683,8429,88276,
41,035,0.14954995882904115,10534,70438,
41,037,0.11837930192824017,970,8194,
41,039,0.11105503195640122,42467,382396,
41,041,0.10993517144419276,5630,51212,
41,043,0.1137883660189924,15074,132474,
41,045,0.35191087730156273,11372,32315,
41,047,0.30394171174975276,107251,352867,
41,049,0.4325242718446602,5346,12360,
41,051,0.1435298788662352,114235,795897,
41,053,0.16518128306220942,14957,90549,
41,055,0.06993006993006994,140,2002,
41,057,0.12147887323943662,3312,27264,
41,059,0.3113143084319986,25058,80491,
41,061,0.05863842198173306,1528,26058,
41,063,0.04706195160861473,354,7522,
41,065,0.2227713434187196,5905,26507,
41,067,0.19301718383960004,117986,611272,
41,069,0.07005494505494506,102,1456,
41,071,0.1871561784174738,20753,110886,
42,000,0.0943959404074594,1234581,13078751,
42,001,0.08251014696888263,8904,107914,
42,003,0.03277199317429417,40369,1231814,
42,005,0.010819893528478777,689,63679,
42,007,0.02603600338286819,4310,165540,
42,009,0.017568163213903407,837,47643,
42,011,0.26550782593249633,116589,439117,
42,013,0.01827569864221038,2198,120269,
42,015,0.019732323824519674,1178,59699,
42,017,0.07057654534240022,45884,650131,
42,019,0.021520911403073127,4290,199341,
42,021,0.02464875334337627,3207,130108,
42,023,0.021619135234590615,94,4348,
42,025,0.08043441887349223,5288,65743,
42,027,0.03890366384030537,6217,159805,
42,029,0.08800791803761068,49350,560745,
42,031,0.012969746303079637,478,36855,
42,033,0.03371217938872677,2634,78132,
42,035,0.01983361943747524,751,37865,
42,037,0.04912743137611343,3243,66012,
42,039,0.017675937092667713,1451,82089,
42,041,0.05625444620276136,15499,275516,
42,043,0.1272399660101901,37285,293029,
42,045,0.055127359022845636,32243,584882,
42,047,0.011187093347497012,337,30124,
42,049,0.05078618113912232,13598,267750,
42,051,0.0167095634213053,2071,123941,
42,053,0.053628238145735495,354,6601,
42,055,0.08238063847819946,13122,159285,
42,057,0.014600055355660117,211,14452,
42,059,0.017579505300353356,597,33960,
42,061,0.022232985078069145,964,43359,
42,063,0.02019215700456885,1675,82953,
42,065,0.010676320704683285,463,43367,
42,067,0.046505663603334045,1088,23395,
42,069,0.11222038282939606,24336,216859,
42,071,0.12067076991902971,67973,563293,
42,073,0.02513266771930241,2117,84233,
42,075,0.16280734109097916,23659,145319,
42,077,0.2997601483190935,115604,385655,
42,079,0.20242682849546895,67080,331379,
42,081,0.026475679112649687,2998,113236,
42,083,0.02315213536653326,914,39478,
42,085,0.019030885888662846,2058,108140,
42,087,0.024491128768912594,1125,45935,
42,089,0.1904601766722915,31716,166523,
42,091,0.07133839101900613,62720,879190,
42,093,0.03521943141043334,638,18115,
42,095,0.16609234370210751,53646,322989,
42,097,0.05945993979583902,5353,90027,
42,099,0.03129272043745728,1465,46816,
42,101,0.1641237524747191,258317,1573916,
42,103,0.13234256765422597,8255,62376,
42,105,0.01807040580253861,289,15993,
42,107,0.09910533271520797,14323,144523,
42,109,0.027733615968910087,1099,39627,
42,111,0.017204092383619377,1241,72134,
42,113,0.02986333727011979,177,5927,
42,115,0.026955380577427822,1027,38100,
42,117,0.018108997985158977,737,40698,
42,119,0.05365402405180388,2262,42159,
42,121,0.015360983102918587,760,49476,
42,123,0.0149305648462794,558,37373,
42,125,0.022719712593972458,4781,210434,
42,127,0.056321593185398394,2896,51419,
42,129,0.017875105076438656,6273,350935,
42,131,0.02898606961313104,747,25771,
42,133,0.10603726339020457,49969,471240,
44,000,0.18787601995130845,208976,1112308,
44,001,0.04433143882740054,2223,50145,
44,003,0.07727457233980864,13326,172450,
44,005,0.07070973307135668,5902,83468,
44,007,0.2695794718839139,182212,675912,
44,009,0.04076481014017939,5313,130333,
45,000,0.0795781070816019,435995,5478831,
45,001,0.026171414638111106,644,24607,
45,003,0.07745822756562247,13884,179245,
45,005,0.031651436895775396,239,7551,
45,007,0.056381024297481847,12245,217183,
45,009,0.02206682206682207,284,12870,
45,011,0.03132471334471822,642,20495,
45,013,0.1264725560649238,25519,201775,
45,015,0.0968078826681197,25584,264276,
45,017,0.04210821812056986,600,14249,
45,019,0.0747678079633226,32225,431001,
45,021,0.06184871040332352,3573,57770,
45,023,0.03814621167589642,1233,32323,
45,025,0.07017622729724869,3122,44488,
45,027,0.037125362552368674,1152,31030,
45,029,0.05687867750070048,2233,39259,
45,031,0.027440929114937927,1713,62425,
45,033,0.03919933277731443,1081,27577,
45,035,0.07813904490361438,13648,174663,
45,037,0.08843999320998133,2605,29455,
45,039,0.02876920811036379,586,20369,
45,041,0.03630594933682968,5012,138049,
45,043,0.038646172484288636,2552,66035,
45,045,0.1237960910739472,70656,570745,
45,047,0.07591267971616625,5317,70041,
45,049,0.04561963460268545,829,18172,
45,051,0.0786446729609498,32511,413391,
45,053,0.1820427873547083,6484,35618,
45,055,0.06643142068119055,4763,71698,
45,057,0.08314226346146956,9283,111652,
45,059,0.07527110355092494,5310,70545,
45,061,0.025567113673392657,408,15958,
45,063,0.08530343495636987,26766,313774,
45,065,0.021236101372332967,212,9983,
45,067,0.030315848843767625,860,28368,
45,069,0.030276884461526394,772,25498,
45,071,0.09861490192077137,3866,39203,
45,073,0.07151257956956654,5898,82475,
45,075,0.030687245125046614,2551,83129,
45,077,0.05839791038080561,8071,138207,
45,079,0.06727721519281274,28973,430651,
45,081,0.18270614846802385,3554,19452,
45,083,0.10172888185973958,37564,369256,
45,085,0.047969000534473547,5026,104776,
45,087,0.023877352125346727,637,26678,
45,089,0.02839444165411016,848,29865,
45,091,0.08072580618545813,24460,303001,
46,000,0.05413721018007525,50059,924669,
46,003,0.08539244186046512,235,2752,
46,005,0.15900097641194305,3094,19459,
46,007,0.03709334144116753,122,3289,
46,009,0.025738933672747842,182,7071,
46,011,0.05027641024230589,1828,36359,
46,013,0.05195359381250834,1948,37495,
46,015,0.02623075460938985,138,5261,
46,017,0.0273972602739726,50,1825,
46,019,0.042879441740886974,467,10891,
46,021,0.04992548435171386,67,1342,
46,023,0.034892432837418386,326,9343,
46,025,0.06718671363865124,267,3974,
46,027,0.03463430632994424,528,15245,
46,029,0.03958603729762962,1159,29278,
46,031,0.01921537229783827,72,3747,
46,033,0.03515541264737406,328,9330,
46,035,0.056261616516803135,1120,19907,
46,037,0.0301405325443787,163,5408,
46,039,0.02952710495963091,128,4335,
46,041,0.03175497933107854,169,5322,
46,043,0.03896103896103896,111,2849,
46,045,0.021604171840079463,87,4027,
46,047,0.03750509580105993,276,7359,
46,049,0.027153558052434457,58,2136,
46,051,0.08716198477290628,664,7618,
46,053,0.022627737226277374,93,4110,
46,055,0.014176663031624863,26,1834,
46,057,0.06867798665858096,453,6596,
46,059,0.025185663545366485,78,3097,
46,061,0.018694276675294795,65,3477,
46,063,0.02490566037735849,33,1325,
46,065,0.03845714937806687,674,17526,
46,067,0.03114886731391586,231,7416,
46,069,0.015637860082304528,19,1215,
46,071,0.030690537084398978,84,2737,
46,073,0.057430432208407343,97,1689,
46,075,0.014874141876430207,13,874,
46,077,0.03231324843185706,170,5261,
46,079,0.05551517354170452,611,11006,
46,081,0.043146239022527684,1243,28809,
46,083,0.03698633778108554,2783,75244,
46,085,0.014780972856758936,55,3721,
46,087,0.0369086813377231,213,5771,
46,089,0.03164282618118769,73,2307,
46,091,0.07030716723549488,309,4395,
46,093,0.05427259201759493,1678,30918,
46,095,0.015267175572519083,28,1834,
46,097,0.028658271819366043,66,2303,
46,099,0.0719616179141963,15014,208639,
46,101,0.06861693980701486,448,6529,
46,102,0.038547904191616765,515,13360,
46,103,0.06135593512618664,7116,115979,
46,105,0.022951977401129944,65,2832,
46,107,0.027893422148209824,67,2402,
46,109,0.03034134007585335,312,10283,
46,111,0.04598662207357859,110,2392,
46,115,0.03372626064178127,206,6108,
46,117,0.015257048092868989,46,3015,
46,119,0.031335149863760216,46,1468,
46,121,0.027583951155691233,253,9172,
46,123,0.016092356130837853,92,5717,
46,125,0.04269836029492682,388,9087,
46,127,0.054878749569015055,955,17402,
46,129,0.02713472485768501,143,5270,
46,135,0.0658896592794249,1549,23509,
46,137,0.021505376344086023,52,2418,
47,000,0.07995614126111168,577903,7227750,
47,001,0.04596741519232894,3744,81449,
47,003,0.169266799439404,9179,54228,
47,005,0.0312867124219378,506,16173,
47,007,0.03841960105188891,599,15591,
47,009,0.051479843331387866,7321,142211,
47,011,0.09035699847075987,10281,113782,
47,013,0.01945921765495303,783,40238,
47,015,0.03572843745872408,541,15142,
47,017,0.03511182876971175,1022,29107,
47,019,0.028432635721001496,1633,57434,
47,021,0.05126279222608206,2184,42604,
47,023,0.03815171179234728,682,17876,
47,025,0.019473843362564257,644,33070,
47,027,0.031182385134275167,245,7857,
47,029,0.035189913820619215,1323,37596,
47,031,0.07089826221750836,4345,61285,
47,033,0.11679667931009804,1632,13973,
47,035,0.039227041360602274,2574,65618,
47,037,0.14414568782941858,105155,729505,
47,039,0.03983050847457627,470,11800,
47,041,0.08208028693612912,1785,21747,
47,043,0.05379851147620617,3101,57641,
47,045,0.04230420569733264,1540,36403,
47,047,0.04186527565428546,1862,44476,
47,049,0.024044910328381935,484,20129,
47,051,0.04067616367946474,1836,45137,
47,053,0.03831045077982186,1970,51422,
47,055,0.03173936908721062,983,30971,
47,057,0.03900610218162964,978,25073,
47,059,0.04099566745687894,3009,73398,
47,061,0.023183488832343793,328,14148,
47,063,0.1576017130620985,10672,67715,
47,065,0.087677602419121,33866,386256,
47,067,0.014066496163682864,99,7038,
47,069,0.024691358024691357,628,25434,
47,071,0.026505413332367743,732,27617,
47,073,0.02494483838911253,1481,59371,
47,075,0.05065216119787097,866,17097,
47,077,0.03278572188908207,924,28183,
47,079,0.03269166438585287,1075,32883,
47,081,0.04010209211493097,1037,25859,
47,083,0.03771375029280862,322,8538,
47,085,0.032371893218778765,633,19554,
47,087,0.034340659340659344,425,12376,
47,089,0.048871101204046134,2894,59217,
47,091,0.03712309521236356,687,18506,
47,093,0.06785226582048672,34384,506748,
47,095,0.03316723762067891,213,6422,
47,097,0.031100284206252538,766,24630,
47,099,0.03081756945789485,1432,46467,
47,101,0.0371143240423312,498,13418,
47,103,0.046719817147832715,1717,36751,
47,105,0.11136506301405141,6919,62129,
47,107,0.050216724812348026,2850,56754,
47,109,0.025514308700149407,666,26103,
47,111,0.07433153113391446,2021,27189,
47,113,0.0570964754155504,5733,100409,
47,115,0.028934486689465567,863,29826,
47,117,0.07488043966496684,2834,37847,
47,119,0.08614684642583172,9770,113411,
47,121,0.02640453469182751,368,13937,
47,123,0.05236603328315091,2574,49154,
47,125,0.12202418453409207,30021,246025,
47,127,0.02347556474235937,159,6773,
47,129,0.02236494488475904,491,21954,
47,131,0.060837381448068474,1841,30261,
47,133,0.02793936563203261,658,23551,
47,135,0.026037609880939134,234,8987,
47,137,0.022513703993735316,115,5108,
47,139,0.025520776529610645,468,18338,
47,141,0.08977077296393149,7621,84894,
47,143,0.06720561581173222,2336,34759,
47,145,0.02897324733002009,1644,56742,
47,147,0.10763583527702367,8445,78459,
47,149,0.13325605576716995,50237,376996,
47,151,0.01403384109783719,316,22517,
47,153,0.06010215664018161,1059,17620,
47,155,0.10978799009821928,10999,100184,
47,157,0.09536643493350026,86834,910530,
47,159,0.03589472164750036,746,20783,
47,161,0.03362339018447616,483,14365,
47,163,0.03006705469475056,4892,162703,
47,165,0.07925052309407192,16779,211721,
47,167,0.03380127679418528,2102,62187,
47,169,0.048194752857965296,586,12159,
47,171,0.07190017905102955,1285,17872,
47,173,0.026728066843904292,563,21064,
47,175,0.027819323960514508,186,6686,
47,177,0.10284509044223847,4486,43619,
47,179,0.05206886180375532,7271,139642,
47,181,0.03048704144234381,487,15974,
47,183,0.033441891321391956,1109,33162,
47,185,0.037412395217809535,1089,29108,
47,187,0.06302761429165923,16963,269136,
47,189,0.07478758208393156,12710,169948,
48,000,0.4027471817542973,12602294,31290831,
48,001,0.19984204866245464,11893,59512,
48,003,0.5891771917772023,11149,18923,
48,005,0.24283152087542853,21392,88094,
48,007,0.27677280718890407,7084,25595,
48,009,0.1036592026215183,949,9155,
48,011,0.10392482034273079,188,1809,
48,013,0.6692495689900158,35325,52783,
48,015,0.291003502734591,9471,32546,
48,017,0.6697482577158299,4709,7031,
48,019,0.22470433639947437,5130,22830,
48,021,0.46920326108708704,53926,114931,
48,023,0.1474667421454854,521,3533,
48,025,0.6144559021328381,19187,31226,
48,027,0.2731306528387449,109137,399578,
48,029,0.6008439952870115,1278438,2127737,
48,031,0.19022308728851625,2541,13358,
48,033,0.14183123877917414,79,557,
48,035,0.1978646189449324,3762,19013,
48,037,0.09064918688581616,8339,91992,
48,039,0.3198797746500687,132182,413224,
48,041,0.27906371182258116,69661,249624,
48,043,0.427219183845183,4062,9508,
48,045,0.2898259705488621,433,1494,
48,047,0.8675074183976261,5847,6740,
48,049,0.23113561647381636,8929,38631,
48,051,0.2444125080529263,4932,20179,
48,053,0.242040845626503,13487,55722,
48,055,0.5824909403013542,30540,52430,
48,057,0.49628923879249826,9897,19942,
48,059,0.12398221005815943,1812,14615,
48,061,0.8920657413967963,385260,431874,
48,063,0.2895776359769067,3812,13164,
48,065,0.11937478529714875,695,5822,
48,067,0.060582768499755434,1734,28622,
48,069,0.6594850948509485,4867,7380,
48,071,0.2873493654212428,16143,56179,
48,073,0.24419893654998778,12997,53223,
48,075,0.31411888007186706,2098,6679,
48,077,0.0804287045666356,863,10730,
48,079,0.6194347657762292,1600,2583,
48,081,0.22084805653710246,750,3396,
48,083,0.17596996245306634,1406,7990,
48,085,0.16237811419526277,203729,1254658,
48,087,0.31673688242052855,827,2611,
48,089,0.3149243306169965,6763,21475,
48,091,0.2948747197809828,59455,201628,
48,093,0.30308517306219096,4352,14359,
48,095,0.33102826217678893,1101,3326,
48,097,0.2170906954674861,9608,44258,
48,099,0.21564200532592334,18625,86370,
48,101,0.27790973871733965,351,1263,
48,103,0.7048323900740096,3238,4594,
48,105,0.6434440871739907,1801,2799,
48,107,0.5713717693836978,2874,5030,
48,109,0.6823425022182786,1538,2254,
48,111,0.5817167153866596,4378,7526,
48,113,0.42287957807673715,1123180,2656028,
48,115,0.5707603333900323,6711,11758,
48,117,0.7759394430927278,14351,18495,
48,119,0.10111563662121481,571,5647,
48,121,0.20823254745866504,217628,1045120,
48,123,0.3659885443412996,7412,20252,
48,125,0.27594202898550724,476,1725,
48,127,0.8756875687568757,7164,8181,
48,129,0.13279047917319137,424,3193,
48,131,0.8190923317683881,7851,9585,
48,133,0.18119190814652816,3314,18290,
48,135,0.6598499017774171,112189,170022,
48,137,0.5083152566883586,703,1383,
48,139,0.29147929961658786,67736,232387,
48,141,0.8280512089739023,725194,875784,
48,143,0.22793060050341604,10142,44496,
48,145,0.26019603424966203,4619,17752,
48,147,0.14253557567917205,5509,38650,
48,149,0.23077526679221594,5882,25488,
48,151,0.2826739427012278,1036,3665,
48,153,0.5930186433954779,2990,5042,
48,155,0.20892687559354226,220,1053,
48,157,0.2500547768547443,239661,958434,
48,159,0.15789956011730205,1723,10912,
48,161,0.182513925890046,3768,20645,
48,163,0.785655737704918,15336,19520,
48,165,0.41062379870697185,9400,22892,
48,167,0.2739713723472879,100659,367407,
48,169,0.5496232508073197,2553,4645,
48,171,0.2413437977200895,6796,28159,
48,173,0.3313096270598439,382,1153,
48,175,0.3254396897936574,2350,7221,
48,177,0.5169161676646706,10359,20040,
48,179,0.330189582535427,6897,20888,
48,181,0.17328541439693887,26085,150532,
48,183,0.21007428224093969,26612,126679,
48,185,0.2610021525950729,8730,33448,
48,187,0.402662348974719,78586,195166,
48,189,0.622633242575032,19895,31953,
48,191,0.378005657708628,1069,2828,
48,193,0.1560620083294771,1349,8644,
48,195,0.5123851378345985,2565,5006,
48,197,0.25256072578285044,863,3417,
48,199,0.075183228225669,4411,58670,
48,201,0.4503072483950858,2255725,5009302,
48,203,0.15353790107888468,10958,71370,
48,205,0.31805444355484386,1589,4996,
48,207,0.27138914443422263,1475,5435,
48,209,0.402555910543131,117558,292029,
48,211,0.33790682833439695,1059,3134,
48,213,0.159500154343924,13951,87467,
48,215,0.9195240593778011,841199,914820,
48,217,0.24293931030925175,9419,38771,
48,219,0.5109974424552429,10989,21505,
48,221,0.1457194109307641,10073,69126,
48,223,0.19603444719471946,7603,38784,
48,225,0.15078614227147813,3347,22197,
48,227,0.49472967275321894,15254,30833,
48,229,0.697339246119734,2516,3608,
48,231,0.23260534494521137,27617,118729,
48,233,0.25526088940723085,5034,19721,
48,235,0.2562254259501966,391,1526,
48,237,0.1891891891891892,1778,9398,
48,239,0.34676786181627844,5300,15284,
48,241,0.07430030084784392,2445,32907,
48,243,0.296400449943757,527,1778,
48,245,0.252575330382598,64141,253948,
48,247,0.8911193541348462,4084,4583,
48,249,0.7984107390834748,31047,38886,
48,251,0.26610210546813773,56027,210547,
48,253,0.2919424460431655,6087,20850,
48,255,0.5425777895223625,8213,15137,
48,257,0.28883025238969007,57139,197829,
48,259,0.25891410048622365,13419,51828,
48,261,0.7090909090909091,234,330,
48,263,0.16927453769559034,119,703,
48,265,0.27573283858998143,14862,53900,
48,267,0.2369915928198137,1043,4401,
48,269,0.15348837209302327,33,215,
48,271,0.547477279849577,1747,3191,
48,273,0.7158202483411077,21791,30442,
48,275,0.3327188940092166,1083,3255,
48,277,0.10281176218072548,5269,51249,
48,279,0.5948608812169938,7547,12687,
48,281,0.21419771443136923,5042,23539,
48,283,0.7839496930678245,5236,6679,
48,285,0.20825042465421015,4291,20605,
48,287,0.2731559265080483,5040,18451,
48,289,0.1768475266498982,2953,16698,
48,291,0.4411345421672085,50749,115042,
48,293,0.24365279808587,5499,22569,
48,295,0.39861111111111114,1148,2880,
48,297,0.42558703100192197,5093,11967,
48,299,0.1489876095497129,3451,23163,
48,301,0.10416666666666667,5,48,
48,303,0.3714729042071632,121618,327394,
48,305,0.4060819892473118,2417,5952,
48,307,0.3012889366272825,2244,7448,
48,309,0.2767441688427936,74820,270358,
48,311,0.3911504424778761,221,565,
48,313,0.26756503567053397,3713,13877,
48,315,0.05420445177246496,526,9704,
48,317,0.47441591040741454,2457,5179,
48,319,0.23551542513167795,939,3987,
48,321,0.44538484790195376,16208,36391,
48,323,0.9461320097230957,55660,58829,
48,325,0.5259353817939912,29252,55619,
48,327,0.3411826268969126,652,1911,
48,329,0.4841246929248803,88879,183587,
48,331,0.2678619213272679,7007,26159,
48,333,0.18299364453210606,835,4563,
48,335,0.39172613737734163,3513,8968,
48,337,0.12777523983554134,2797,21890,
48,339,0.2934140683259228,219947,749613,
48,341,0.6317209217264081,13817,21872,
48,343,0.12385095206828628,1509,12184,
48,345,0.16748768472906403,170,1015,
48,347,0.22269048198636807,14637,65728,
48,349,0.3372366582350132,19065,56533,
48,351,0.041148807524353376,490,11908,
48,353,0.383091242419969,5433,14182,
48,355,0.6337161061946903,223781,353125,
48,357,0.5940104970669959,5772,9717,
48,359,0.22490400438837083,410,1823,
48,361,0.10782093711896883,9285,86115,
48,363,0.2136879362244054,6460,30231,
48,365,0.11141516810007819,2565,23022,
48,367,0.15878624650124926,28535,179707,
48,369,0.677836384321026,6554,9669,
48,371,0.7144507884719956,10511,14712,
48,373,0.16106380625898484,8739,54258,
48,375,0.40399829043428204,46318,114649,
48,377,0.826239887442842,4698,5686,
48,379,0.11025101457988877,1467,13306,
48,381,0.26301420818747634,39596,150547,
48,383,0.6948072634597006,2181,3139,
48,385,0.2846320346320346,789,2772,
48,387,0.08455882352941177,989,11696,
48,389,0.851706256273001,10183,11956,
48,391,0.5120937824603057,3451,6739,
48,393,0.12544802867383512,105,837,
48,395,0.22900503992298546,4044,17659,
48,397,0.21847727737077144,29941,137044,
48,399,0.35780945544046766,3489,9751,
48,401,0.19808581970744132,10576,53391,
48,403,0.04523762179359714,455,10058,
48,405,0.090253637182953525,701,7767,
48,407,0.20483529973402442,6007,29326,
48,409,0.5761400366602768,41175,71467,
48,411,0.31935366739288307,1759,5508,
48,413,0.5360556038227628,1234,2302,
48,415,0.4473505644315588,7252,16211,
48,417,0.1360050489113285,431,3169,
48,419,0.20366236772486773,4927,24192,
48,421,0.4871887405268856,1350,2771,
48,423,0.21596926424479407,53796,249091,
48,425,0.18270944741532977,1845,10098,
48,427,0.969183173892802,64535,66587,
48,429,0.2592084432717678,2456,9475,
48,431,0.36770007209805333,510,1387,
48,433,0.20809716599190284,257,1235,
48,435,0.6457632303456715,2111,3269,
48,437,0.4718627308419369,3245,6877,
48,439,0.31043507263164877,692490,2230708,
48,441,0.2583981238198276,38453,148813,
48,443,0.5125348189415042,368,718,
48,445,0.5806757455611101,6737,11602,
48,447,0.12532637075718014,192,1532,
48,449,0.4610898025168796,14546,31547,
48,451,0.4167506223824551,50053,120103,
48,453,0.3284380689663264,447913,1363767,
48,455,0.12209262198909518,1769,14489,
48,457,0.0907101167315175,1865,20560,
48,459,0.11098751418842225,4889,44050,
48,461,0.5508312020460358,1723,3128,
48,463,0.7157291749542525,17992,25138,
48,465,0.8162253380278756,39178,47999,
48,467,0.14685164767854955,9590,65304,
48,469,0.4910765750579125,45154,91949,
48,471,0.22043190559231743,18455,83722,
48,473,0.34471424841419773,22444,65109,
48,475,0.5772784924805219,6372,11038,
48,477,0.19158952658026976,7244,37810,
48,479,0.9475080913266111,258502,272823,
48,481,0.4304508147971928,18094,42035,
48,483,0.26160862354892206,1262,4824,
48,485,0.21303391186607581,27691,129984,
48,487,0.3109594540345243,3873,12455,
48,489,0.876067309132671,17545,20027,
48,491,0.2520399186231924,183354,727480,
48,493,0.408643868988541,22645,55415,
48,495,0.6386668473106625,4714,7381,
48,497,0.22240541371885575,18076,81275,
48,499,0.12301505888145747,5996,48742,
48,501,0.6625774963725102,5023,7581,
48,503,0.21265628427286687,3878,18236,
48,505,0.9376944786163978,12958,13819,
48,507,0.9260506026712998,8528,9209,
49,000,0.16908631175874733,592413,3503613,
49,001,0.14938038793103448,1109,7424,
49,003,0.1087492202121023,6973,64120,
49,005,0.12089739976767684,17589,145487,
49,007,0.13457526803473535,2774,20613,
49,009,0.06276150627615062,60,956,
49,011,0.1255370306761434,47512,378470,
49,013,0.083689852425131,1741,20803,
49,015,0.07902765475838992,803,10161,
49,017,0.08090737240075614,428,5290,
49,019,0.13955864323661626,1366,9788,
49,021,0.11235137102644989,7408,65936,
49,023,0.06106640595623073,812,13297,
49,025,0.05595307917888563,477,8525,
49,027,0.14014146772767463,1902,13572,
49,029,0.03146719621171618,412,13093,
49,031,0.08670143415906127,133,1534,
49,033,0.04941860465116279,136,2752,
49,035,0.2191257890902872,266517,1216274,
49,037,0.06383124443531266,932,14601,
49,039,0.1131068592997527,3476,30732,
49,041,0.05630550621669627,1268,22520,
49,043,0.12243383052262868,5278,43109,
49,045,0.16571584130290692,14001,84488,
49,047,0.09601378338162737,3678,38307,
49,049,0.15772569235339934,117858,747234,
49,051,0.15357388134608274,5814,37858,
49,053,0.1283669082392771,26693,207943,
49,055,0.05099693251533742,133,2608,
49,057,0.19966101449380338,55130,276118,
50,000,0.02683298046393716,17401,648493,
50,001,0.03445738165952637,1311,38047,
50,003,0.029023461756526904,1075,37039,
50,005,0.0224987719010971,687,30535,
50,007,0.029031144096317844,4960,170851,
50,009,0.018220970680801724,110,6037,
50,011,0.021599498687972427,1103,51066,
50,013,0.024707757704569608,186,7528,
50,015,0.026363913441024078,692,26248,
50,017,0.020033277870216307,602,30050,
50,019,0.021496068672004615,596,27726,
50,021,0.02431974484202133,1464,60198,
50,023,0.028808234743666866,1724,59844,
50,025,0.03278760383106494,1496,45627,
50,027,0.024178033519940377,1395,57697,
51,000,0.11594624792664332,1021625,8811195,
51,001,0.11717697764209392,3915,33411,
51,003,0.07913019017500192,9283,117313,
51,005,0.017700929469655548,259,14632,
51,007,0.04352580927384077,597,13716,
51,009,0.031721958925750394,1004,31650,
51,011,0.02724538538656602,462,16957,
51,013,0.1631812249016918,39132,239807,
51,015,0.04479662181068912,3522,78622,
51,017,0.02603782854335544,106,4071,
51,019,0.030432454795453992,2501,82182,
51,021,0.013740704817329454,85,6186,
51,023,0.026985847812710597,921,34129,
51,025,0.032,504,15750,
51,027,0.01293473593817089,241,18632,
51,029,0.028045574057843997,480,17115,
51,031,0.03760254417982726,2081,55342,
51,033,0.08955402216447113,2998,33477,
51,035,0.046234867656111074,1352,29242,
51,036,0.022699573430834858,149,6564,
51,037,0.03002309468822171,338,11258,
51,041,0.12626188771989236,49216,389793,
51,043,0.09340941146300807,1457,15598,
51,045,0.015738248084489544,76,4829,
51,047,0.17110022271714923,9603,56125,
51,049,0.032995428344265554,332,10062,
51,051,0.008649615986876445,116,13411,
51,053,0.04902715565509518,1401,28576,
51,057,0.05064120565384255,541,10683,
51,059,0.17982470874518164,208763,1160925,
51,061,0.13779740328214593,10454,75865,
51,063,0.030080470047260187,471,15658,
51,065,0.04991998886801642,1435,28746,
51,067,0.04072829232345382,2266,55637,
51,069,0.13901884638514306,13639,98109,
51,071,0.019839109659468942,328,16533,
51,073,0.04679483986651392,1879,40154,
51,075,0.040888636927328775,1154,28223,
51,077,0.04611857189649525,704,15265,
51,079,0.0838392200147167,1823,21744,
51,081,0.030582959641255604,341,11150,
51,083,0.02891054771585745,967,33448,
51,085,0.043821384280498483,5053,115309,
51,087,0.07369145192148711,24959,338696,
51,089,0.07577199554520603,3742,49385,
51,091,0.016183986371379896,38,2348,
51,093,0.0479214498558937,1962,40942,
51,095,0.07582400328514319,6278,82797,
51,097,0.03601600711427301,243,6747,
51,099,0.0752012770682954,2167,28816,
51,101,0.03733361064891847,718,19232,
51,103,0.02323268848309528,257,11062,
51,105,0.0263544536271809,574,21780,
51,107,0.14414723262213,63912,443380,
51,109,0.046379633807499585,1953,42109,
51,111,0.07006633499170813,845,12060,
51,113,0.04644962110580971,662,14252,
51,115,0.028365496396186934,244,8602,
51,117,0.036757072411108226,1133,30824,
51,119,0.03863366517490182,423,10949,
51,121,0.04823329764237661,4775,98998,
51,125,0.04916700528240553,726,14766,
51,127,0.0450069806745536,1225,27218,
51,131,0.10029990003332223,1204,12004,
51,133,0.04017100911510849,498,12397,
51,135,0.05104912998976459,798,15632,
51,137,0.07925922125891345,3090,38986,
51,139,0.0302288271552816,716,23686,
51,141,0.03836376242200139,664,17308,
51,143,0.03356337316950008,1994,59410,
51,145,0.03164361570758212,1025,32392,
51,147,0.0491111510145448,1094,22276,
51,149,0.10899538874486682,4751,43589,
51,153,0.26776900743053866,133082,497003,
51,155,0.023824414068316507,800,33579,
51,157,0.056692071132504344,424,7479,
51,159,0.08366793271839393,771,9215,
51,161,0.04647913370456367,4524,97334,
51,163,0.024588698140200285,550,22368,
51,165,0.1026986335743778,9004,87674,
51,167,0.008379228953579858,213,25420,
51,169,0.018094258462689358,387,21388,
51,171,0.09839132061354283,4471,45441,
51,173,0.023097779455674917,673,29137,
51,175,0.029429797670141016,528,17941,
51,177,0.14765723156669144,22447,152021,
51,179,0.17754663477761531,29991,168919,
51,181,0.036631706946344426,241,6579,
51,183,0.03943085650516135,424,10753,
51,185,0.015459807073954984,601,38875,
51,187,0.08692682697063188,3691,42461,
51,191,0.020943472956486377,1133,54098,
51,193,0.07080842214712763,1362,19235,
51,195,0.016784376519028966,587,34973,
51,197,0.018149466192170817,510,28100,
51,199,0.08256546702142557,5896,71410,
51,510,0.18553506555542984,29519,159102,
51,520,0.02923510664378524,477,16316,
51,530,0.039659626196626656,261,6581,
51,540,0.07110148100163066,3183,44767,
51,550,0.08223233998831359,20969,254997,
51,570,0.09703330834315091,1812,18674,
51,580,0.04061451527458944,230,5663,
51,590,0.0641059224156407,2692,41993,
51,595,0.07756386523509812,419,5402,
51,600,0.2,5268,26340,
51,610,0.10815484900891313,1626,15034,
51,620,0.037382061387794104,313,8373,
51,630,0.13003467591357695,3900,29992,
51,640,0.17984864223178512,1212,6739,
51,650,0.07425361202360534,10217,137596,
51,660,0.24611054647799233,12592,51164,
51,670,0.09952111449717022,2286,22970,
51,678,0.053063317098179956,414,7802,
51,680,0.05349871109948818,4296,80301,
51,683,0.45664435069699194,19917,43616,
51,685,0.48100656191680213,7990,16611,
51,690,0.09447737458435738,1307,13834,
51,700,0.11353356349969408,20783,183056,
51,710,0.10673503385906839,24667,231105,
51,720,0.023576768257619323,82,3478,
51,730,0.07686887074989723,2618,34058,
51,735,0.04543332814688035,584,12854,
51,740,0.06045687278456085,5833,96482,
51,750,0.045736119956000694,790,17273,
51,760,0.11450643042091974,26755,233655,
51,770,0.09806765258599559,9602,97912,
51,775,0.05291801760074109,1371,25908,
51,790,0.05208451879670726,1373,26361,
51,800,0.05901750642548858,6085,103105,
51,810,0.09427054933070658,42875,454808,
51,820,0.10707294237807473,2516,23498,
51,830,0.09101684341859015,1459,16030,
51,840,0.23032374100719424,6403,27800,
53,000,0.15009977155580798,1194521,7958180,
53,001,0.6569703883264414,13822,21039,
53,003,0.049060959907649956,1105,22523,
53,005,0.2737384848068197,59727,218190,
53,007,0.30420544639779384,24710,81228,
53,009,0.07310346596885503,5699,77958,
53,011,0.12878246208292163,67903,527269,
53,013,0.084472049689441,340,4025,
53,015,0.11098243582320015,12650,113982,
53,017,0.3744950322087564,17150,45795,
53,019,0.04454461089752088,336,7543,
53,021,0.563414923250163,57039,101238,
53,023,0.06156405990016639,148,2404,
53,025,0.4510537926029203,47233,104717,
53,027,0.11995943152786515,9344,77893,
53,029,0.09291380466708296,8035,86478,
53,031,0.047725665802498235,1620,33944,
53,033,0.11389186701541015,266531,2340211,
53,035,0.10097718712245043,28417,281420,
53,037,0.10861081125965291,5232,48172,
53,039,0.14176753440557122,3420,24124,
53,041,0.12228744729979667,10645,87049,
53,043,0.04543921766987017,539,11862,
53,045,0.14052447150735295,9785,69632,
53,047,0.2301855725156869,10345,44942,
53,049,0.10459888636832336,2536,24245,
53,051,0.04444599497627686,637,14332,
53,053,0.1350978037974011,127150,941170,
53,055,0.08024426826655238,1498,18668,
53,057,0.20268050867888138,26903,132736,
53,059,0.06872037914691943,870,12660,
53,061,0.12663852991449034,109430,864113,
53,063,0.07514025617549874,41774,555947,
53,065,0.046189941854534323,2264,49015,
53,067,0.11292388548489331,34206,302912,
53,069,0.055,264,4800,
53,071,0.2487755365083457,15441,62068,
53,073,0.11161759323101543,26225,234954,
53,075,0.08138597904915391,3939,48399,
53,077,0.5400254522808415,139609,258523,
54,000,0.024063562336050316,42592,1769979,
54,001,0.014639859457349209,225,15369,
54,003,0.07117333274633678,9700,136287,
54,005,0.007903981264637002,162,20496,
54,007,0.007883163222969048,95,12051,
54,009,0.015128024430350011,322,21285,
54,011,0.019062400944375828,1744,91489,
54,013,0.011408138940916057,67,5873,
54,015,0.009103914683313825,70,7689,
54,017,0.00958634274458306,73,7615,
54,019,0.014585492227979275,563,38600,
54,021,0.04384485666104553,312,7116,
54,023,0.012122869382918603,133,10971,
54,025,0.020721484411792408,660,31851,
54,027,0.02046820493422435,487,23793,
54,029,0.020104084978969133,564,28054,
54,031,0.05085455179630276,729,14335,
54,033,0.02446023079786574,1577,64472,
54,035,0.012699328955913126,352,27718,
54,037,0.08613541394620006,5277,61264,
54,039,0.01753246006463262,3049,173906,
54,041,0.015536808885112581,256,16477,
54,043,0.008979718222635083,174,19377,
54,045,0.008671465968586388,265,30560,
54,047,0.027118446375459265,465,17147,
54,049,0.01793383528904383,998,55649,
54,051,0.01219595285140015,358,29354,
54,053,0.009123940250302786,226,24770,
54,055,0.014428760169668313,830,57524,
54,057,0.014153409515273732,379,26778,
54,059,0.01063927781871776,231,21712,
54,061,0.0332023882903852,3609,108697,
54,063,0.01195634729577917,149,12462,
54,065,0.02047244094488189,364,17780,
54,067,0.00970146146479577,233,24017,
54,069,0.019274762715989293,792,41090,
54,071,0.01278600269179004,76,5944,
54,073,0.01331883664039141,98,7358,
54,075,0.018424147393179144,141,7653,
54,077,0.019497871090882395,664,34055,
54,079,0.01596369180086565,911,57067,
54,081,0.019536053275121236,1414,72379,
54,083,0.012283927914674513,334,27190,
54,085,0.011627906976744186,95,8170,
54,087,0.012850812407680946,174,13540,
54,089,0.021483021483021482,248,11544,
54,091,0.010889402603723081,179,16438,
54,093,0.010497489730716568,69,6573,
54,095,0.010837689659569043,85,7843,
54,097,0.016067653276955602,380,23650,
54,099,0.010082736970922344,379,37589,
54,101,0.008808355354221718,70,7947,
54,103,0.017506901060584047,241,13766,
54,105,0.003858651502843217,19,4924,
54,107,0.015986563070193457,1323,82757,
54,109,0.010118212783009417,202,19964,
55,000,0.08392402249631982,500269,5960975,
55,001,0.04622517796927688,987,21352,
55,003,0.03198320572980983,518,16196,
55,005,0.03736381115146336,1749,46810,
55,007,0.02381517995011284,401,16838,
55,009,0.10782778221964229,29535,273909,
55,011,0.031714200831847894,427,13464,
55,013,0.020596962820736604,354,17187,
55,015,0.05941942464833402,3185,53602,
55,017,0.02064673291445717,1390,67323,
55,019,0.06996925375707595,2435,34801,
55,021,0.04616867138161857,2683,58113,
55,023,0.020864567716141928,334,16008,
55,025,0.08223548348168683,48383,588347,
55,027,0.07163084560275286,6349,88635,
55,029,0.04486759307813319,1369,30512,
55,031,0.02046255307615864,906,44276,
55,033,0.026465806871139048,1221,46135,
55,035,0.034328769640724066,3736,108830,
55,037,0.01776160924459662,83,4673,
55,039,0.0721978728097517,7528,104269,
55,041,0.023669261519040606,225,9506,
55,043,0.027555895279954137,1442,52330,
55,045,0.044617163757631174,1659,37183,
55,047,0.0588022715539494,1139,19370,
55,049,0.025664566206234612,615,23963,
55,051,0.01780272654370489,111,6235,
55,053,0.04161316402720312,875,21027,
55,055,0.0876224708678764,7557,86245,
55,057,0.032342986084994356,860,26590,
55,059,0.15828365549853632,26711,168754,
55,061,0.042552166160666954,883,20751,
55,063,0.029002147695357673,3511,121060,
55,065,0.08297700219577026,1436,17306,
55,067,0.028256974660865113,552,19535,
55,069,0.027124837496925618,772,28461,
55,071,0.06081238575441954,4957,81513,
55,073,0.039262065841787035,5461,139091,
55,075,0.03339394941312614,1414,42343,
55,077,0.040398907450930575,636,15743,
55,078,0.050396640223985066,216,4286,
55,079,0.1758050911607587,162574,924740,
55,081,0.06219538494716412,2884,46370,
55,083,0.02347828258860554,940,40037,
55,085,0.0183366077275704,700,38175,
55,087,0.056625211116229084,11064,195390,
55,089,0.04032738728766657,3789,93956,
55,091,0.029516876240900065,223,7555,
55,093,0.03144306131857999,1364,43380,
55,095,0.023324823809212105,1069,45831,
55,097,0.046404775124930596,3343,72040,
55,099,0.019166607510470647,270,14087,
55,101,0.1596518517399862,31715,198651,
55,103,0.035274192606435786,604,17123,
55,105,0.10690736789938414,17689,165461,
55,107,0.022656691134952004,321,14168,
55,109,0.03283173734610123,3216,97954,
55,111,0.07633185933880816,5075,66486,
55,113,0.02644013804088134,498,18835,
55,115,0.03554565485847115,1468,41299,
55,117,0.08237908916513846,9748,118331,
55,119,0.033520107105667676,676,20167,
55,121,0.13113210610045128,4039,30801,
55,123,0.02003125897100571,628,31351,
55,125,0.02384332720895273,571,23948,
55,127,0.12624847918965565,13386,106029,
55,129,0.023083264633140973,392,16982,
55,131,0.04006429894685245,5558,138727,
55,133,0.061213968333137504,25528,417029,
55,135,0.0417228508334799,2135,51171,
55,137,0.07073647274612226,1774,25079,
55,139,0.05363314811288638,9295,173307,
55,141,0.04230285490174864,3128,73943,
56,000,0.11066373051880643,65028,587618,
56,001,0.10677560578293627,4195,39288,
56,003,0.09814630916914929,1186,12084,
56,005,0.10276143995328077,4927,47946,
56,007,0.18835087719298246,2684,14250,
56,009,0.08564579398518088,1179,13766,
56,011,0.023794212218649517,185,7775,
56,013,0.07457012663326704,2962,39721,
56,015,0.10391768895924021,1313,12635,
56,017,0.05427027027027027,251,4625,
56,019,0.043848687947290695,386,8803,
56,021,0.16266960101392178,16557,101783,
56,023,0.060238095238095236,1265,21000,
56,025,0.09907971645317747,7967,80410,
56,027,0.04737070838765754,109,2301,
56,029,0.06273727559359114,1950,31082,
56,031,0.09668703007518797,823,8512,
56,033,0.05145854812299108,1697,32978,
56,035,0.07573898494143894,679,8965,
56,037,0.17490853584667942,7219,41273,
56,039,0.16590752836026126,3861,23272,
56,041,0.10363221958197953,2137,20621,
56,043,0.14317410597755156,1097,7662,
56,045,0.058112438100786486,399,6866,
