statecode,countycode,v057_rawvalue,v057_numerator,v057_denominator,v057_flag_CT
00,000,0.5050501514523253,171773106,340110988,
01,000,0.5146731129521129,2654529,5157699,
01,001,0.5159931016530002,31715,61464,
01,003,0.5140936057001315,134491,261608,
01,005,0.4723294194925692,11505,24358,
01,007,0.4702129571390062,10466,22258,
01,009,0.5024350514435783,30228,60163,
01,011,0.45015654984345016,4457,9901,
01,013,0.5305652936021035,9686,18256,
01,015,0.5163493004200057,60117,116427,
01,017,0.5279330435039777,17851,33813,
01,019,0.501645114392838,13112,26138,
01,021,0.5071516228682662,23969,47262,
01,023,0.5237305011616329,6312,12052,
01,025,0.5262397254087255,11652,22142,
01,027,0.5107100217711918,7272,14239,
01,029,0.5036780886513675,8011,15905,
01,031,0.504702083111537,28444,56358,
01,033,0.5204729097558901,30596,58785,
01,035,0.5178683949950491,5753,11109,
01,037,0.4952871441065008,5097,10291,
01,039,0.5196301790823354,19615,37748,
01,041,0.510523105078542,6695,13114,
01,043,0.5016198004405857,46452,92604,
01,045,0.5097768989553998,25523,50067,
01,047,0.5352651568434379,19026,35545,
01,049,0.4995486994338229,36528,73122,
01,051,0.514498802750379,46841,91042,
01,053,0.5001638001638001,18321,36630,
01,055,0.5128334318408635,52928,103207,
01,057,0.5093614070478472,8080,15863,
01,059,0.5008470853987577,15964,31874,
01,061,0.5101434388642283,13906,27259,
01,063,0.5369720780131892,3827,7127,
01,065,0.5248081503043133,7933,15116,
01,067,0.5180530290502178,9398,18141,
01,069,0.5199696432163561,56867,109366,
01,071,0.5079397545555969,27317,53780,
01,073,0.5258761267495456,349573,664744,
01,075,0.5043934135715868,6831,13543,
01,077,0.5198662591536584,50688,97502,
01,079,0.5112461643876426,17161,33567,
01,081,0.5052462908643737,94909,187847,
01,083,0.49654453431084056,59060,118942,
01,085,0.5256721138639958,4986,9485,
01,087,0.5449088606200782,9895,18159,
01,089,0.5069244487486861,214609,423355,
01,091,0.5285220397579948,9784,18512,
01,093,0.5026429765030863,14739,29323,
01,095,0.5044343944555386,51531,102156,
01,097,0.5233121290976599,215782,412339,
01,099,0.5251088838746917,10007,19057,
01,101,0.5300937607904592,119745,225894,
01,103,0.5022762602709305,63329,126084,
01,105,0.5367275553828216,4143,7719,
01,107,0.49378647071536635,9139,18508,
01,109,0.5238799661876585,17353,33124,
01,111,0.5110330775566827,11788,23067,
01,113,0.5249927766541462,30889,58837,
01,115,0.507082649829253,49150,96927,
01,117,0.514025147371053,121294,235969,
01,119,0.5414835874903076,6285,11607,
01,121,0.5123440860215054,41692,81375,
01,123,0.5114376274601341,20815,40699,
01,125,0.5186474968077873,125104,241212,
01,127,0.5119368679129636,33409,65260,
01,129,0.5105207084831536,7667,15018,
01,131,0.5322858590978206,5251,9865,
01,133,0.5013197033809543,11966,23869,
02,000,0.47474980848036774,351378,740133,
02,013,0.2899229074889868,1053,3632,
02,016,0.29646017699115046,1608,5424,
02,020,0.4878556629834254,141283,289600,
02,050,0.47639414377364697,8688,18237,
02,060,0.4343891402714932,384,884,
02,063,0.46532404603270744,3073,6604,
02,066,0.4640820980615735,1221,2631,
02,068,0.4565083281924738,740,1621,
02,070,0.47414907367514003,2201,4642,
02,090,0.4618908700276985,43857,94951,
02,100,0.4852661596958175,1021,2104,
02,105,0.4563148788927336,1055,2312,
02,110,0.4938553148359306,15592,31572,
02,122,0.4774971840872362,29251,61259,
02,130,0.47707830664619433,6525,13677,
02,150,0.47060218112849694,5955,12654,
02,158,0.4702995217719607,3737,7946,
02,164,0.48212927756653995,634,1315,
02,170,0.4761123345208438,55997,117613,
02,180,0.4791581943879626,4713,9836,
02,185,0.36059270374191127,3845,10663,
02,188,0.46761984861227923,3336,7134,
02,195,0.46449359720605354,1596,3436,
02,198,0.45788374521406194,2631,5746,
02,220,0.4894075403949731,4089,8355,
02,230,0.4718498659517426,528,1119,
02,240,0.42773143716668943,3128,7313,
02,275,0.4806201550387597,992,2064,
02,282,0.4289855072463768,296,690,
02,290,0.4606785644243969,2349,5099,
04,000,0.5009341389198965,3798275,7582384,
04,001,0.5069135802469136,32848,64800,
04,003,0.49703036422761643,62513,125773,
04,005,0.5067752357726938,73564,145161,
04,007,0.5005640522996689,27067,54073,
04,009,0.46058843993837284,18535,40242,
04,011,0.48214665249734323,4537,9410,
04,012,0.4921139359698682,8362,16992,
04,013,0.5023153814944097,2347368,4673096,
04,015,0.4945977331231593,112016,226479,
04,017,0.5023284268965266,55013,109516,
04,019,0.5055534005030787,546073,1080149,
04,021,0.48615387010520333,249816,513862,
04,023,0.5132058287795993,25921,50508,
04,025,0.5071087602623674,127798,252013,
04,027,0.48497117697789477,106844,220310,
05,000,0.506360669793683,1563821,3088354,
05,001,0.5137694704049844,8246,16050,
05,003,0.5136788256227758,9238,17984,
05,005,0.5109400795219383,21974,43007,
05,007,0.4978387018528078,160088,321566,
05,009,0.5046329847810332,19497,38636,
05,011,0.5175641670860593,5142,9935,
05,013,0.4936034115138593,2315,4690,
05,015,0.4960646230323115,14370,28968,
05,017,0.4878127696289905,4523,9272,
05,019,0.5204110898661568,10887,20920,
05,021,0.5052437641723356,7130,14112,
05,023,0.5027684629181939,12894,25646,
05,025,0.5033256413736935,3708,7367,
05,027,0.5154377043225572,11352,22024,
05,029,0.5050882270562973,10820,21422,
05,031,0.513638089976867,59506,115852,
05,033,0.5046098493366314,31416,62258,
05,035,0.5269444384877662,24573,46633,
05,037,0.5149438063480302,8339,16194,
05,039,0.5090520078999342,3093,6076,
05,041,0.5330878790814844,5502,10321,
05,043,0.5072925893120755,8591,16935,
05,045,0.5151241157653995,67796,131611,
05,047,0.5012509951097464,8815,17586,
05,049,0.5037462139327276,6320,12546,
05,051,0.5163259994794899,51582,99902,
05,053,0.4989755203278335,9254,18546,
05,055,0.5064566996249574,23767,46928,
05,057,0.508924365349385,9723,19105,
05,059,0.47032689940863925,15668,33313,
05,061,0.5120691047065472,6343,12387,
05,063,0.5057243447646369,19392,38345,
05,065,0.4677069484290812,6684,14291,
05,067,0.4916931566004918,8198,16673,
05,069,0.5001884658876743,31848,63672,
05,071,0.4970961332721993,13010,26172,
05,073,0.514546965918537,3095,6015,
05,075,0.5060410916896657,8251,16305,
05,077,0.42633267522211254,3455,8104,
05,079,0.3552999689151383,4572,12868,
05,081,0.5193531739205229,6038,11626,
05,083,0.5092044554224728,10926,21457,
05,085,0.5063687180091374,38681,76389,
05,087,0.5000839630562552,8934,17865,
05,089,0.5034957085204342,8858,17593,
05,091,0.5061013394346727,21235,41958,
05,093,0.5034781467384171,19180,38095,
05,095,0.5240841777084957,3362,6415,
05,097,0.5019976498237367,4272,8510,
05,099,0.5079960019990005,4066,8004,
05,101,0.4910333048676345,3450,7026,
05,103,0.5183084301789338,11239,21684,
05,105,0.49409813676714465,5065,10251,
05,107,0.5317509037582703,7796,14661,
05,109,0.4987533659120375,5001,10027,
05,111,0.5117040358744395,11411,22300,
05,113,0.5059174642379335,9832,19434,
05,115,0.501180027456848,32491,64829,
05,117,0.4925015752993069,3908,7935,
05,119,0.5228322395559422,209765,401209,
05,121,0.5017857142857143,9554,19040,
05,123,0.4442305929795619,9694,21822,
05,125,0.5107426934446713,67036,131252,
05,127,0.48714038832977535,4792,9837,
05,129,0.49527820316488,3881,7836,
05,131,0.5085553889337486,66130,130035,
05,133,0.49196059739434383,7741,15735,
05,135,0.5082184225041367,9214,18130,
05,137,0.4959718420023465,6341,12785,
05,139,0.5100789018590575,18877,37008,
05,141,0.49907132243684993,8061,16152,
05,143,0.4986174976707841,132724,266184,
05,145,0.5096281498527013,40307,79091,
05,147,0.5158402203856749,2996,5808,
05,149,0.4959769544054833,9986,20134,
06,000,0.501104263386136,19759174,39431263,
06,001,0.5037669945302172,830742,1649060,
06,003,0.451319381255687,496,1099,
06,005,0.45345738352448484,19057,42026,
06,007,0.5031055900621118,104814,208334,
06,009,0.5009353832921192,23296,46505,
06,011,0.48758720666847877,10763,22074,
06,013,0.5082393333827958,595965,1172607,
06,015,0.46162390314339663,12468,27009,
06,017,0.5012835605710937,96659,192823,
06,019,0.49898986940070794,511028,1024125,
06,021,0.48996608253250423,13868,28304,
06,023,0.5064964496147454,67050,132380,
06,025,0.4854284519381039,88214,181724,
06,027,0.493048417635921,9114,18485,
06,029,0.49284521137004905,454664,922529,
06,031,0.4462827522544912,69135,154913,
06,033,0.502582492178738,34057,67764,
06,035,0.40190543401552575,11390,28340,
06,037,0.5053980253923803,4931259,9757179,
06,039,0.5114427680255331,84609,165432,
06,041,0.5089976599063962,130507,256400,
06,043,0.49014547160957295,8356,17048,
06,045,0.503380992430614,44889,89175,
06,047,0.49236792980517163,146122,296774,
06,049,0.5007655164291603,4252,8491,
06,051,0.46901701177738436,6093,12991,
06,053,0.4910063243408038,214202,436251,
06,055,0.49918253256684775,66255,132727,
06,057,0.5064533489896766,51757,102195,
06,059,0.5052057525229188,1601722,3170435,
06,061,0.5082291815537248,220481,433822,
06,063,0.4989380906870553,9397,18834,
06,065,0.49848316141178445,1261129,2529933,
06,067,0.5076993925762352,818021,1611231,
06,069,0.49788169291053946,34433,69159,
06,071,0.5007079047329585,1108708,2214281,
06,073,0.49537846955816345,1634154,3298799,
06,075,0.48707956003799274,403071,827526,
06,077,0.4998247780930955,407911,816108,
06,079,0.49792260229986196,140336,281843,
06,081,0.5023253685254808,373174,742893,
06,083,0.4999437570303712,222225,444500,
06,085,0.4907712872957575,945385,1926325,
06,087,0.503159226542076,132032,262406,
06,089,0.5090630020814815,92202,181121,
06,091,0.49309347895920336,1535,3113,
06,093,0.5013412395877453,21306,42498,
06,095,0.5006888580776575,227864,455101,
06,097,0.5086252897244399,246874,485375,
06,099,0.5009659372463966,279024,556972,
06,101,0.5007762950936121,49349,98545,
06,103,0.4986113481559634,32136,64451,
06,105,0.4864467459404168,7609,15642,
06,107,0.5002502347243075,241894,483546,
06,109,0.4855732655446904,26169,53893,
06,111,0.5033473900173204,420510,835427,
06,113,0.5161042570288257,116253,225251,
06,115,0.4937635047845522,43189,87469,
08,000,0.4935938657418481,2940582,5957493,
08,001,0.4919857893486416,267135,542973,
08,003,0.5047636167535502,8424,16689,
08,005,0.5013464923723756,334357,666918,
08,007,0.4991496598639456,7044,14112,
08,009,0.5034155034155035,1695,3367,
08,011,0.35507873334486934,2052,5779,
08,013,0.49641799540970505,163948,330262,
08,014,0.4956143150798616,38818,78323,
08,015,0.4776708373435996,9926,20780,
08,017,0.4976635514018692,852,1712,
08,019,0.4742177170559718,4304,9076,
08,021,0.49357530798781296,3726,7549,
08,023,0.48507867607162236,1788,3686,
08,025,0.27053571428571427,1515,5600,
08,027,0.4982892130379975,2767,5553,
08,029,0.4980909514201459,16046,32215,
08,031,0.4947854582665198,360708,729019,
08,033,0.45318200243210377,1118,2467,
08,035,0.4962093427581568,195504,393995,
08,037,0.4692987299834346,25497,54330,
08,039,0.4868967395003744,14306,29382,
08,041,0.49206931182350033,370416,752772,
08,043,0.4186213642624718,20970,50093,
08,045,0.4841452023999873,30582,63167,
08,047,0.46855609592487,2794,5963,
08,049,0.4603194255292807,7436,16154,
08,051,0.46077411900635473,7976,17310,
08,053,0.4725568942436412,353,747,
08,055,0.4902690326273612,3426,6988,
08,057,0.45640219952867245,581,1273,
08,059,0.49669595338554584,287355,578533,
08,061,0.507183908045977,706,1392,
08,063,0.49533898305084745,3507,7080,
08,065,0.4719772017912878,3478,7369,
08,067,0.493426957394013,28038,56823,
08,069,0.5015777923721347,187878,374574,
08,071,0.47568535610965695,6906,14518,
08,073,0.4137191854233655,2316,5598,
08,075,0.4383522042881233,9098,20755,
08,077,0.5043718219025177,81335,161260,
08,079,0.48017148981779206,448,933,
08,081,0.4835641454877492,6355,13142,
08,083,0.501657911404195,13465,26841,
08,085,0.5022987992679552,22506,44806,
08,087,0.48257425742574256,14622,30300,
08,089,0.5064198766049691,9111,17991,
08,091,0.4993265345391572,2595,5197,
08,093,0.4666957851059183,8548,18316,
08,095,0.4942067736185383,2218,4488,
08,097,0.4779787297963108,7955,16643,
08,099,0.5033871372417831,6019,11957,
08,101,0.5029434966385269,85433,169866,
08,103,0.48630240653851975,3213,6607,
08,105,0.49865253323751346,5551,11132,
08,107,0.4747850889355465,11985,25243,
08,109,0.5008995502248875,3341,6670,
08,111,0.4701583434835566,386,821,
08,113,0.4601611459265891,3598,7819,
08,115,0.5002215330084182,1129,2257,
08,117,0.45479567385532027,14045,30882,
08,119,0.4889389429651677,12156,24862,
08,121,0.46887444980088033,2237,4771,
08,123,0.4924447930330363,182079,369745,
08,125,0.4882563694267516,4906,10048,
09,000,0.5091762902955019,1871258,3675069,
09,001,,,,U
09,003,,,,U
09,005,,,,U
09,007,,,,U
09,009,,,,U
09,011,,,,U
09,013,,,,U
09,015,,,,U
09,110,0.5097084441073597,505380,991508,A
09,120,0.5089910804192262,170851,335666,A
09,130,0.5067139799481807,89962,177540,A
09,140,0.5100861061832028,235772,462220,A
09,150,0.5003838241164369,48888,97701,A
09,160,0.5012313651939948,57191,114101,A
09,170,0.5166597886662112,297967,576718,A
09,180,0.500516627624716,141447,282602,A
09,190,0.5083098775064245,323800,637013,A
10,000,0.5165455069173709,543363,1051917,
10,001,0.5209351808604494,100379,192690,
10,003,0.5153844715036567,303094,588093,
10,005,0.5159441456991746,139890,271134,
11,000,0.5260904236383055,369447,702250,
11,001,0.5260904236383055,369447,702250,
12,000,0.5083285431012851,11880764,23372215,
12,001,0.5191272936644481,151472,291782,
12,003,0.4844671781756181,14207,29325,
12,005,0.5045564245586277,100769,199718,
12,007,0.4716295636687444,13241,28075,
12,009,0.5070294192243263,333852,658447,
12,011,0.5084928774481318,1036040,2037472,
12,013,0.46580810363006475,6185,13278,
12,015,0.5069818312103412,107542,212122,
12,017,0.5126517564375287,87240,170174,
12,019,0.5054189896942051,119663,236760,
12,021,0.5078958179673404,211403,416233,
12,023,0.4938697162631629,36535,73977,
12,027,0.43846614413237534,16111,36744,
12,029,0.45600090836834334,8032,17614,
12,031,0.5153308648270071,543756,1055159,
12,033,0.5060689759263451,167648,331275,
12,035,0.515847130404259,70539,136744,
12,037,0.4622852299869019,6000,12979,
12,039,0.5180403614867161,22872,44151,
12,041,0.4923639598675431,9962,20233,
12,043,0.42407858665854403,5569,13132,
12,045,0.45156210632401106,7169,15876,
12,047,0.43449141900376725,6228,14334,
12,049,0.4643240754948596,12104,26068,
12,051,0.4471927162367223,20629,46130,
12,053,0.513651157460463,112053,218150,
12,055,0.5086811565158775,55842,109778,
12,057,0.5058244900488547,799924,1581426,
12,059,0.47725900583618436,9486,19876,
12,061,0.5147642312317371,88611,172139,
12,063,0.4495998399359744,22471,49980,
12,065,0.4685007223164374,7459,15921,
12,067,0.4234953703703704,3659,8640,
12,069,0.51292424201493,227843,444204,
12,071,0.5081310492137256,437480,860959,
12,073,0.5277115891483187,158571,300488,
12,075,0.507966083952685,24263,47765,
12,077,0.39509742300439976,3143,7955,
12,079,0.48279241995208017,8866,18364,
12,081,0.5135441756553915,235384,458352,
12,083,0.5162891549410709,221439,428905,
12,085,0.5021066483164922,83182,165666,
12,086,0.5081457874531304,1442352,2838461,
12,087,0.4798042220793988,38820,80908,
12,089,0.5067735877979612,52895,104376,
12,091,0.4943328964137825,108992,220483,
12,093,0.4668979678538554,19782,42369,
12,095,0.5084204568720552,779737,1533646,
12,097,0.5044567126296313,236115,468058,
12,099,0.5114967558017894,809216,1582055,
12,101,0.5101879189335987,336272,659114,
12,103,0.5172787228094878,499624,965870,
12,105,0.5068872687535615,432313,852878,
12,107,0.5032276425919457,38900,77301,
12,109,0.5092109348874982,170549,334928,
12,111,0.508344638697622,198595,390670,
12,113,0.4871347873616081,101155,207653,
12,115,0.5197648362162298,247722,476604,
12,117,0.5134258650842591,253943,494605,
12,119,0.5049614397548693,78114,154693,
12,121,0.4814666778862336,22887,47536,
12,123,0.4713638236505974,10296,21843,
12,125,0.3802262040920066,5984,15738,
12,127,0.5104085790315409,307660,602772,
12,129,0.470537518523508,17464,37115,
12,131,0.4991970200521937,44761,89666,
12,133,0.45926876202694034,12172,26503,
13,000,0.5129896775548396,5735675,11180878,
13,001,0.493652579141893,9216,18669,
13,003,0.4916419679905157,4147,8435,
13,005,0.513716613852422,5674,11045,
13,007,0.49487554904831627,1352,2732,
13,009,0.49422601044817155,21570,43644,
13,011,0.48941824982773896,9944,20318,
13,013,0.505265125552994,48654,96294,
13,015,0.5056847193382579,59422,117508,
13,017,0.5279433461197993,8946,16945,
13,019,0.5065895210543234,9456,18666,
13,021,0.5297728198859005,83204,157056,
13,023,0.5269285601140504,6653,12626,
13,025,0.5097632349028997,9581,18795,
13,027,0.518906020558003,8481,16344,
13,029,0.5079542119166423,25959,51105,
13,031,0.51312987104173,43849,85454,
13,033,0.5229650212487741,12798,24472,
13,035,0.4660301544586574,12642,27127,
13,037,0.37842308399191327,2059,5441,
13,039,0.48581194267246486,28711,59099,
13,043,0.5131176999101528,5711,11130,
13,045,0.5123122753269546,66555,129911,
13,047,0.5142007542790833,35449,68940,
13,049,0.3912909914753091,5095,13021,
13,051,0.5200139261264545,159819,307336,
13,053,0.3664014974262986,3132,8548,
13,055,0.48636686951711056,12308,25306,
13,057,0.5042740866673708,148011,293513,
13,059,0.5247817223739375,68219,129995,
13,061,0.5261101243339253,1481,2815,
13,063,0.5297897569053721,157720,297703,
13,065,0.512443603551157,3521,6871,
13,067,0.5119295830804355,403164,787538,
13,069,0.49266835419944816,21604,43851,
13,071,0.504672499308172,23708,46977,
13,073,0.5116676220502532,85690,167472,
13,075,0.5144572953736655,9252,17984,
13,077,0.5130724943595837,81185,158233,
13,079,0.5033605959996761,6216,12349,
13,081,0.5228580234230532,10179,19468,
13,083,0.501680358476475,8061,16068,
13,085,0.49828137963731184,16816,33748,
13,087,0.5116532271783879,15038,29391,
13,089,0.5262668001199522,405387,770307,
13,091,0.4751910341314315,9328,19630,
13,093,0.4370641873770785,4889,11186,
13,095,0.5467980295566502,45066,82418,
13,097,0.526187231296951,79921,151887,
13,099,0.5337035618536959,5574,10444,
13,101,0.4891833423472147,1809,3698,
13,103,0.5040465904741073,36870,73148,
13,105,0.5229257641921398,10538,20152,
13,107,0.49224939717533583,11432,23224,
13,109,0.5067623516422854,5508,10869,
13,111,0.5046027693973854,13046,25854,
13,113,0.5137042691456114,64268,125107,
13,115,0.5124765755991715,51960,101390,
13,117,0.49975722609391066,139980,280096,
13,119,0.5144795303078388,12969,25208,
13,121,0.5154206798892836,561991,1090354,
13,123,0.4928136345905722,16424,33327,
13,125,0.5043218085106383,1517,3008,
13,127,0.5289345967182806,45774,86540,
13,129,0.5055706409939933,30721,60765,
13,131,0.510981690837806,13424,26271,
13,133,0.5082736712341757,10720,21091,
13,135,0.5090664220132308,511036,1003869,
13,137,0.5217758985200845,25914,49665,
13,139,0.501174772824641,111133,221745,
13,141,0.43636991823102617,3789,8683,
13,143,0.507838538452043,16456,32404,
13,145,0.49817216821468224,18397,36929,
13,147,0.5016754598602595,14073,28052,
13,149,0.5099430646092912,6180,12119,
13,151,0.5284345294333147,137031,259315,
13,153,0.5171958352630406,90456,174897,
13,155,0.5021299836155106,4597,9155,
13,157,0.5051745270450306,47398,93825,
13,159,0.5072884604216272,8735,17219,
13,161,0.5034724518817382,7612,15119,
13,163,0.5134163393035488,7711,15019,
13,165,0.4637845178813943,4098,8836,
13,167,0.4170843320984964,3828,9178,
13,169,0.5153716390677179,14970,29047,
13,171,0.5172547124214596,10702,20690,
13,173,0.49245030581039756,5153,10464,
13,175,0.5253644082963788,26419,50287,
13,177,0.49646347547911834,16916,34073,
13,179,0.4924133105951288,33783,68607,
13,181,0.5132314573238912,4131,8049,
13,183,0.49752923332844073,10169,20439,
13,185,0.5162022247341951,63019,122082,
13,187,0.5021101732563306,18084,36016,
13,189,0.5316577834956809,11571,21764,
13,191,0.517542372881356,6107,11800,
13,193,0.430732820556166,5096,11831,
13,195,0.5061792438436422,16588,32771,
13,197,0.5054354944335298,3859,7635,
13,199,0.5207332431549979,11164,21439,
13,201,0.5291895604395604,3082,5824,
13,205,0.5132077327955138,10433,20329,
13,207,0.4943855965900054,15542,31437,
13,209,0.49112771421900536,4207,8566,
13,211,0.5141750227894257,11281,21940,
13,213,0.50697066511763,20946,41316,
13,215,0.5217410692166675,105303,201830,
13,217,0.5310781388597694,65859,124010,
13,219,0.5092623628522268,22790,44751,
13,221,0.5032772693544397,8139,16172,
13,223,0.5117078319163719,96482,188549,
13,225,0.5223701776606305,15260,29213,
13,227,0.5046746856205577,18461,36580,
13,229,0.49794378054090666,10292,20669,
13,231,0.5091683197058396,10524,20669,
13,233,0.508989015915714,22706,44610,
13,235,0.57524557956778,5856,10180,
13,237,0.5145618611812001,12032,23383,
13,239,0.5165733964700818,1200,2323,
13,241,0.5094009372706227,9022,17711,
13,243,0.5317995069843878,3236,6085,
13,245,0.5207534548697789,107433,206303,
13,247,0.5315438991906567,51884,97610,
13,249,0.5056628914057295,2277,4503,
13,251,0.5136474694589878,7358,14325,
13,253,0.5251240025878801,4870,9274,
13,255,0.5262334262789506,36990,70292,
13,257,0.5178558440613863,14240,27498,
13,259,0.3564150551050114,1714,4809,
13,261,0.5304086704404253,15367,28972,
13,263,0.5141615986099044,2959,5755,
13,265,0.49074074074074076,795,1620,
13,267,0.4290422245108136,10415,24275,
13,269,0.516124887575485,4017,7783,
13,271,0.43572727272727274,4793,11000,
13,273,0.5185100022993792,4510,8698,
13,275,0.5253832457549833,24196,46054,
13,277,0.5178622806176273,21599,41708,
13,279,0.52488358556461,14428,27488,
13,281,0.5243476941747572,6913,13184,
13,283,0.49641744548286604,3187,6420,
13,285,0.5237649098765259,37456,71513,
13,287,0.5212235398426244,4703,9023,
13,289,0.5146221532091098,3977,7728,
13,291,0.5075178435563928,14008,27601,
13,293,0.5234854362084773,14845,28358,
13,295,0.5063888087683877,35113,69340,
13,297,0.5120045176333431,56214,109792,
13,299,0.49743249958588703,18018,36222,
13,301,0.5229215229215229,2692,5148,
13,303,0.4847232025814258,9614,19834,
13,305,0.4903834183991037,15757,32132,
13,307,0.5239740820734341,1213,2315,
13,309,0.36998304126625214,2618,7076,
13,311,0.5107186193878926,15152,29668,
13,313,0.4993432949462263,52466,105070,
13,315,0.3995956873315364,3558,8904,
13,317,0.5185533605100867,4961,9567,
13,319,0.5219799238490828,4524,8667,
13,321,0.5253676833481393,10645,20262,
15,000,0.4990581863795219,721711,1446146,
15,001,0.5047094713761381,105883,209790,
15,003,0.49689260643586414,496270,998747,
15,005,0.38271604938271603,31,81,
15,007,0.5047128927410618,37268,73840,
15,009,0.5025353110796149,82259,163688,
16,000,0.4968577936160678,994520,2001619,
16,001,0.49660227062760476,266079,535799,
16,003,0.477390956382553,2386,4998,
16,005,0.4997253049115482,45480,91010,
16,007,0.5005163003392831,3393,6779,
16,009,0.4882704910247887,5141,10529,
16,011,0.4948810155436342,25184,50889,
16,013,0.502236649380468,12687,25261,
16,015,0.48817154177834754,4189,8581,
16,017,0.4957835233064591,26750,53955,
16,019,0.496498159288857,66354,133644,
16,021,0.49750712250712253,6985,14040,
16,023,0.49177330895795246,1345,2735,
16,025,0.4723336006415397,589,1247,
16,027,0.500247291039072,133512,266892,
16,029,0.48708385136068516,3526,7239,
16,031,0.4824453341546043,12532,25976,
16,033,0.4672544080604534,371,794,
16,035,0.4476013550431647,4096,9151,
16,037,0.47966064824885796,2205,4597,
16,039,0.46984425981364997,13968,29729,
16,041,0.48542013045146437,7591,15638,
16,043,0.4699631918883256,6767,14399,
16,045,0.487486846319257,10655,21857,
16,047,0.4834146642782136,7826,16189,
16,049,0.47264403751674855,8466,17912,
16,051,0.48453549090491765,16888,34854,
16,053,0.4900214921707092,12768,26056,
16,055,0.5016593830811956,94474,188323,
16,057,0.48504030346135607,20459,42180,
16,059,0.4857687269262832,4079,8397,
16,061,0.4924892703862661,1836,3728,
16,063,0.4818214542836573,2677,5556,
16,065,0.5473005814686133,30402,55549,
16,067,0.4966286192763651,11269,22691,
16,069,0.5011786122715709,21474,42847,
16,071,0.4977893890675241,2477,4976,
16,073,0.4867430185127079,6205,12748,
16,075,0.4933844262887716,13648,27662,
16,077,0.4721393628445293,3957,8381,
16,079,0.49147363933494387,6917,14074,
16,081,0.4813640581503248,6225,12932,
16,083,0.505186044824835,48755,96509,
16,085,0.4782030210534554,6110,12777,
16,087,0.5046364502989861,5823,11539,
17,000,0.5057235323117147,6427826,12710158,
17,001,0.503361462509164,32270,64109,
17,003,0.5134958641706574,2359,4594,
17,005,0.46947393822393824,7782,16576,
17,007,0.49569523380788927,26427,53313,
17,009,0.35135563659426033,2216,6307,
17,011,0.5048020685833897,16399,32486,
17,013,0.4962121212121212,2096,4224,
17,015,0.46004921004921007,7105,15444,
17,017,0.4984661370250924,6337,12713,
17,019,0.5033007806982023,106888,212374,
17,021,0.4652750624116462,15469,33247,
17,023,0.4929026266914301,7431,15076,
17,025,0.5016769362764215,6432,12821,
17,027,0.48246016124248386,17893,37087,
17,029,0.5108028348017146,23713,46423,
17,031,0.5120908992503208,2653971,5182617,
17,033,0.4755819012399391,8745,18388,
17,035,0.4962639495390587,5114,10305,
17,037,0.5026792322494695,50939,101335,
17,039,0.5010118153926496,7675,15319,
17,041,0.5034806295399515,9981,19824,
17,043,0.5043365893322463,472635,937142,
17,045,0.5064032199048665,8304,16398,
17,047,0.5105280748663101,3055,5984,
17,049,0.4963296919253222,17174,34602,
17,051,0.44533724062957886,9422,21157,
17,053,0.5050925581741135,6794,13451,
17,055,0.5045769988928793,18686,37033,
17,057,0.47877576130421406,15565,32510,
17,059,0.508955223880597,2387,4690,
17,061,0.49724095646842426,5677,11417,
17,063,0.4950496888641219,26651,53835,
17,065,0.4950115118956255,3870,7818,
17,067,0.49900047036688616,8487,17008,
17,069,0.48788732394366197,1732,3550,
17,071,0.5033068783068783,3044,6048,
17,073,0.49658550760736453,23924,48177,
17,075,0.5036636360148847,13129,26067,
17,077,0.5035808943777139,26790,53199,
17,079,0.4906511218653761,4461,9092,
17,081,0.48425513058409725,17485,36107,
17,083,0.5051063829787235,10683,21150,
17,085,0.4944258639910814,10644,21528,
17,087,0.40848348348348346,5441,13320,
17,089,0.4987821426994781,259864,520997,
17,091,0.5049525420543182,53732,106410,
17,093,0.5001990626593374,71614,143171,
17,095,0.48875112899252815,23810,48716,
17,097,0.49719873532571485,357289,718604,
17,099,0.49157671371897776,53282,108390,
17,101,0.4363218701439092,6458,14801,
17,103,0.46801216312902455,15699,33544,
17,105,0.4928339222614841,17434,35375,
17,107,0.48731739225234394,13410,27518,
17,109,0.5032255644737829,13417,26662,
17,111,0.4990362673638035,157675,315959,
17,113,0.5091794570782651,87614,172069,
17,115,0.51975937341791,52359,100737,
17,117,0.5038842692789611,22118,43895,
17,119,0.5127121060615853,134852,263017,
17,121,0.5090430057359278,18548,36437,
17,123,0.4948060941828255,5716,11552,
17,125,0.5039464243004066,6321,12543,
17,127,0.51977691348059,7083,13627,
17,129,0.5122460921173618,6128,11963,
17,131,0.4971226785247188,7602,15292,
17,133,0.4990134118790929,17450,34969,
17,135,0.4719174361759913,13032,27615,
17,137,0.4942056533202526,16120,32618,
17,139,0.5072050121823878,7286,14365,
17,141,0.498159509202454,25578,51345,
17,143,0.5119300784946835,91958,179630,
17,145,0.4477604577742699,9077,20272,
17,147,0.5002405580947799,8318,16628,
17,149,0.4948099312666573,7055,14258,
17,151,0.4839319470699433,1792,3703,
17,153,0.4931338389014142,2406,4879,
17,155,0.48695189064441685,2743,5633,
17,157,0.46674246731097213,13957,29903,
17,159,0.5044916026559042,7750,15362,
17,161,0.5062109842991361,72252,142731,
17,163,0.5147183544429801,129271,251149,
17,165,0.5060895470077982,11552,22826,
17,167,0.518341094445445,100737,194345,
17,169,0.4533333333333333,3060,6750,
17,171,0.5141393442622951,2509,4880,
17,173,0.5009736150326161,10291,20542,
17,175,0.4973444613050076,2622,5272,
17,177,0.5104205347196435,21993,43088,
17,179,0.5035009744186225,65365,129821,
17,181,0.4892810612341585,8262,16886,
17,183,0.49898742722133155,35481,71106,
17,185,0.4924856544311868,5407,10979,
17,187,0.4992908676080656,8097,16217,
17,189,0.49287033616549686,6671,13535,
17,191,0.4972375690607735,7920,15928,
17,193,0.5060097051138485,6778,13395,
17,195,0.4993504949045868,27293,54657,
17,197,0.5010859701686323,355061,708583,
17,199,0.49679410712155553,33317,67064,
17,201,0.5110151872863737,145021,283790,
17,203,0.4971794202141551,19037,38290,
18,000,0.503846395471006,3488771,6924275,
18,001,0.4983052700634157,18230,36584,
18,003,0.5078525901902102,202783,399295,
18,005,0.49373974817384736,41840,84741,
18,007,0.4866147068790241,4308,8853,
18,009,0.5103249830737983,6030,11816,
18,011,0.4996762850215175,39361,78773,
18,013,0.49610223642172524,7764,15650,
18,015,0.48922735817226587,10150,20747,
18,017,0.49183950584413855,18473,37559,
18,019,0.5101075471254088,65028,127479,
18,021,0.49954586739327883,13200,26424,
18,023,0.5002887976896185,16457,32895,
18,025,0.48797871329468784,5135,10523,
18,027,0.49467695105141213,16867,34097,
18,029,0.49790998347428794,25610,51435,
18,031,0.4996025888497786,13200,26421,
18,033,0.5002030227836679,22174,44330,
18,035,0.5162238492797762,58308,112951,
18,037,0.49324990258772833,21520,43629,
18,039,0.5019138433058871,104115,207436,
18,041,0.5045639597171631,11774,23335,
18,043,0.5116500469907606,41920,81931,
18,045,0.500386146260322,8423,16833,
18,047,0.49878976486860305,11540,23136,
18,049,0.4949510097980404,9901,20004,
18,051,0.48949694291421997,16172,33038,
18,053,0.5158746877727286,34284,66458,
18,055,0.4975175373970979,15532,31219,
18,057,0.5071687419674272,192574,379704,
18,059,0.5045715572570656,44811,88810,
18,061,0.4997248486667667,19978,39978,
18,063,0.49711743753573695,94765,190629,
18,065,0.4760090462704509,23363,49081,
18,067,0.5138555219904379,43206,84082,
18,069,0.5026526634906886,18570,36944,
18,071,0.4884858709405314,23164,47420,
18,073,0.500194686554647,16700,33387,
18,075,0.4920650664550684,9922,20164,
18,077,0.5170256067555663,17021,32921,
18,079,0.4938843453716436,13648,27634,
18,081,0.5025203090016059,85737,170614,
18,083,0.4881523193577163,17511,35872,
18,085,0.4997334787836715,40313,80669,
18,087,0.4907105685521132,20179,41122,
18,089,0.5139744112296328,258506,502955,
18,091,0.4811851133383626,53579,111348,
18,093,0.4998229775181448,22588,45192,
18,095,0.49679635231184155,66681,134222,
18,097,0.5160468120306266,506566,981628,
18,099,0.4965995179063361,23074,46464,
18,101,0.48661800486618007,4800,9864,
18,103,0.45598517395333166,16239,35613,
18,105,0.5017981265369362,70604,140702,
18,107,0.48991794579763415,18927,38633,
18,109,0.499925499492042,36907,73825,
18,111,0.4894911895831859,6917,14131,
18,113,0.4942168120307042,23629,47811,
18,115,0.49616410940627087,2975,5996,
18,117,0.4974778046811945,9862,19824,
18,119,0.492334446936067,10758,21851,
18,121,0.5144172522413375,8492,16508,
18,123,0.4548136645962733,8787,19320,
18,125,0.49496533509409046,5997,12116,
18,127,0.5048333901967474,88780,175860,
18,129,0.49682849962101566,12454,25067,
18,131,0.4924724257306175,6117,12421,
18,133,0.47047931435826895,17786,37804,
18,135,0.49911657147553107,12147,24337,
18,137,0.4957212295474772,14482,29214,
18,139,0.5036696700280446,8441,16759,
18,141,0.5120294874042901,140165,273744,
18,143,0.5102016080158377,12628,24751,
18,145,0.4972620142813335,22702,45654,
18,147,0.4904417591125198,9903,20192,
18,149,0.49597238204833144,11637,23463,
18,151,0.48829671275314096,17023,34862,
18,153,0.4499711093990755,9345,20768,
18,155,0.47967561073287945,4791,9988,
18,157,0.4854630837464127,93039,191650,
18,159,0.49895588619159487,7646,15324,
18,161,0.5078442765833817,3496,6884,
18,163,0.5133019563494043,92593,180387,
18,165,0.4954885279711266,7688,15516,
18,167,0.4951491061168359,52568,106166,
18,169,0.5112259154563473,15734,30777,
18,171,0.49733759318423854,4203,8451,
18,173,0.507484285262063,33666,66339,
18,175,0.49860645616510846,14133,28345,
18,177,0.5135822918235206,34107,66410,
18,179,0.5001388985346205,14403,28798,
18,181,0.49877179559457174,12386,24833,
18,183,0.4947398595384836,17259,34885,
19,000,0.4979265695260942,1614023,3241488,
19,001,0.497375857892612,3696,7431,
19,003,0.49556295063782585,1787,3606,
19,005,0.4874506486181613,6914,14184,
19,007,0.4940525359325954,5981,12106,
19,009,0.5037756202804746,2802,5562,
19,011,0.4974223807124307,12833,25799,
19,013,0.5060295584368483,66972,132348,
19,015,0.4899173182685473,13095,26729,
19,017,0.5003158559696779,12672,25328,
19,019,0.4988183089760286,10342,20733,
19,021,0.4916890853189854,10235,20816,
19,023,0.4914523876801356,6957,14156,
19,025,0.4790443826588405,4652,9711,
19,027,0.5001225069828981,10206,20407,
19,029,0.5065264127764127,6597,13024,
19,031,0.49893039328616096,9096,18231,
19,033,0.5075424187513238,21567,42493,
19,035,0.4953679876479671,5775,11658,
19,037,0.4870722757914498,5708,11719,
19,039,0.4866652666946661,4635,9524,
19,041,0.5030957873012019,8288,16474,
19,043,0.49134723288642135,8319,16931,
19,045,0.5017494295338477,23088,46015,
19,047,0.47966784711197946,7856,16378,
19,049,0.5041484962243049,58150,115343,
19,051,0.48362884803654954,4446,9193,
19,053,0.49738766980146293,3808,7656,
19,055,0.49173717985121246,8659,17609,
19,057,0.5073546640285335,19488,38411,
19,059,0.5023130300693909,9121,18158,
19,061,0.5046955925918462,50087,99242,
19,063,0.48461034708578915,4440,9162,
19,065,0.49143692564745195,9412,19152,
19,067,0.5013326226012793,7524,15008,
19,069,0.4850359138068635,4862,10024,
19,071,0.4992300585155528,3242,6494,
19,073,0.5057723389517432,4381,8662,
19,075,0.498105602579605,6179,12405,
19,077,0.49350287729719694,5317,10774,
19,079,0.4952207862143242,7357,14856,
19,081,0.4933119819140919,5237,10616,
19,083,0.4897351797862002,8063,16464,
19,085,0.49241077533160127,7202,14626,
19,087,0.4782810805227003,9260,19361,
19,089,0.4951923076923077,4635,9360,
19,091,0.4966205677446189,4776,9617,
19,093,0.502496328928047,3422,6810,
19,095,0.49101869329598735,8064,16423,
19,097,0.4932955131511088,9565,19390,
19,099,0.47925577977799355,18263,38107,
19,101,0.47506495152398454,7497,15781,
19,103,0.5038168415792104,80651,160080,
19,105,0.4693597272210646,9911,21116,
19,107,0.4916286149162861,4845,9855,
19,109,0.4980566352026652,7176,14408,
19,111,0.496725969854213,16082,32376,
19,113,0.5064246942984614,117370,231762,
19,115,0.4885230479774224,5193,10630,
19,117,0.4890385932861384,4283,8758,
19,119,0.48723541767652284,6031,12378,
19,121,0.49921333255637784,8567,17161,
19,123,0.48588544975946263,10706,22034,
19,125,0.49659304511278196,16908,34048,
19,127,0.4973509605862547,20089,40392,
19,129,0.49704423455867364,7315,14717,
19,131,0.4968961625282167,5283,10632,
19,133,0.5027879938308222,4238,8429,
19,135,0.500474705004747,3690,7373,
19,137,0.50511775812382,5083,10063,
19,139,0.4980537358777177,20984,42132,
19,141,0.4898316970546985,6985,14260,
19,143,0.482935719019218,2915,6036,
19,145,0.4692778294986035,7057,15038,
19,147,0.4910886593256896,4326,8809,
19,149,0.49378509196515,12752,25825,
19,151,0.5001427347987439,3504,7006,
19,153,0.5006790201187559,258443,516185,
19,155,0.5026676218071401,47014,93529,
19,157,0.509862360463856,9409,18454,
19,159,0.4976128472222222,2293,4608,
19,161,0.49805937270533934,4748,9533,
19,163,0.5055609022727661,88777,175601,
19,165,0.5040182725657728,5958,11821,
19,167,0.49280516496142696,18014,36554,
19,169,0.4752190286639739,48709,102498,
19,171,0.4930099175528737,8252,16738,
19,173,0.48068669527896996,2800,5825,
19,175,0.5056461731493099,6045,11955,
19,177,0.4917555771096023,3549,7217,
19,179,0.49082144558728735,17513,35681,
19,181,0.5027776298741636,28328,56343,
19,183,0.5001104679422032,11318,22631,
19,185,0.4898822108124434,3244,6622,
19,187,0.4748706277601669,17527,36909,
19,189,0.49436579023403643,5133,10383,
19,191,0.4941945951427268,9747,19723,
19,193,0.49378595336434916,52962,107257,
19,195,0.49035171753113455,3583,7307,
19,197,0.48574122083431537,6183,12729,
20,000,0.4983094358524826,1480281,2970606,
20,001,0.5002816901408451,6216,12425,
20,003,0.4910217501264542,3883,7908,
20,005,0.5075389254723368,8247,16249,
20,007,0.49164619164619167,2001,4070,
20,009,0.5033621904570164,12501,24835,
20,011,0.5009706045479756,7226,14424,
20,013,0.501203237803544,4582,9142,
20,015,0.4929003152202204,34088,69158,
20,017,0.4654966094934184,1167,2507,
20,019,0.4779874213836478,1596,3339,
20,021,0.49992160142162756,9565,19133,
20,023,0.490551776266062,1298,2646,
20,025,0.5002669514148425,937,1873,
20,027,0.4904003011670222,3908,7969,
20,029,0.49237647598303336,4295,8723,
20,031,0.5025900493916395,4172,8301,
20,033,0.5076741440377804,860,1694,
20,035,0.49648979114257297,16973,34186,
20,037,0.4979436561793132,19372,38904,
20,039,0.49153166421207656,1335,2716,
20,041,0.4944417593040116,9207,18621,
20,043,0.4891089108910891,3705,7575,
20,045,0.5032502930592102,61391,121989,
20,047,0.48956426217502746,1337,2731,
20,049,0.49917898193760263,1216,2436,
20,051,0.49446685282862757,14343,29007,
20,053,0.42384420519316024,2677,6316,
20,055,0.4887104343745111,18744,38354,
20,057,0.47596266729279174,16217,34072,
20,059,0.49621284208122407,13037,26273,
20,061,0.4763247694520432,16890,35459,
20,063,0.500752445447705,1331,2658,
20,065,0.48438818565400843,1148,2370,
20,067,0.496406932506693,3523,7097,
20,069,0.4897033158813264,2806,5730,
20,071,0.4965277777777778,572,1152,
20,073,0.49020609776869356,2878,5871,
20,075,0.4847266881028939,1206,2488,
20,077,0.48771476076113063,2640,5413,
20,079,0.5008322929671244,16849,33642,
20,081,0.4979114452798663,1788,3591,
20,083,0.47638971906754335,797,1673,
20,085,0.48931608133086874,6618,13525,
20,087,0.4899083569714161,8981,18332,
20,089,0.48361503966885133,1402,2899,
20,091,0.505881924982128,319857,632276,
20,093,0.49396008403361347,1881,3808,
20,095,0.48920241865822056,3398,6946,
20,097,0.5139573070607554,1252,2436,
20,099,0.4955311801746902,9758,19692,
20,101,0.4979757085020243,738,1482,
20,103,0.4663280973190032,39484,84670,
20,105,0.4883879781420765,1430,2928,
20,107,0.48887308200386137,4811,9841,
20,109,0.4873793615441722,1313,2694,
20,111,0.5109471094710947,16616,32520,
20,113,0.5018790795806686,15224,30334,
20,115,0.4988860325621251,5822,11670,
20,117,0.48974874371859295,4873,9950,
20,119,0.4776464542651593,1859,3892,
20,121,0.49690796653328484,17758,35737,
20,123,0.4828536963639497,2802,5803,
20,125,0.5014281493154733,15273,30459,
20,127,0.4968744080318242,2623,5279,
20,129,0.49456740442655933,1229,2485,
20,131,0.48638441661697474,4894,10062,
20,133,0.49414866255144035,7685,15552,
20,135,0.5093618647306075,1333,2617,
20,137,0.42849109653233364,2286,5335,
20,139,0.4947575776831671,7786,15737,
20,141,0.49448255293766774,1658,3353,
20,143,0.4775328891166923,2795,5853,
20,145,0.44843646041250834,2696,6012,
20,147,0.4939784491865624,2338,4733,
20,149,0.49341419854144963,13261,26876,
20,151,0.49458246689285323,4519,9137,
20,153,0.4876644736842105,1186,2432,
20,155,0.4932184899946269,30292,61417,
20,157,0.5011922826793843,2312,4613,
20,159,0.49342955622576473,4581,9284,
20,161,0.4690794823380239,34035,72557,
20,163,0.4953664700926706,2352,4748,
20,165,0.4935943060498221,1387,2810,
20,167,0.493202416918429,3265,6620,
20,169,0.5015432387437101,26812,53459,
20,171,0.487993487993488,2398,4914,
20,173,0.503556365549236,269947,536081,
20,175,0.4831265275427712,10279,21276,
20,177,0.51295927886614745,91277,177942,
20,179,0.4947851481017939,1186,2397,
20,181,0.4870600414078675,2823,5796,
20,183,0.495340299350466,1754,3541,
20,185,0.49295052550628043,1923,3901,
20,187,0.5181071945919845,1073,2071,
20,189,0.5084409136047666,2560,5035,
20,191,0.4940454871060172,11035,22336,
20,193,0.503716995642143,3930,7802,
20,195,0.496395097332372,1377,2774,
20,197,0.4905793025871766,3489,7112,
20,199,0.5047554347826086,743,1472,
20,201,0.48743718592964824,2716,5572,
20,203,0.43532818532818535,902,2072,
20,205,0.5021433674684449,4217,8398,
20,207,0.4927675988428158,1533,3111,
20,209,0.4965233918473834,84120,169418,
21,000,0.5042546681045041,2313708,4588372,
21,001,0.5012734549612766,9644,19239,
21,003,0.5042428642737214,11112,22037,
21,005,0.5030342000562633,12517,24883,
21,007,0.5006556517178075,3818,7626,
21,009,0.515358810761034,23505,45609,
21,011,0.4966411860088024,6432,12951,
21,013,0.5063988547134615,11673,23051,
21,015,0.4999410275089326,72059,144135,
21,017,0.5053361530516893,10275,20333,
21,019,0.4966825041337882,23730,47777,
21,021,0.49652799898069694,15588,31394,
21,023,0.4913498881958338,4175,8497,
21,025,0.4949234614183068,6337,12804,
21,027,0.49446303190236085,10493,21221,
21,029,0.5013985687979301,43021,85802,
21,031,0.49119592064377343,6165,12551,
21,033,0.5102688129410832,6435,12611,
21,035,0.5094291212315587,19855,38975,
21,037,0.5045847161943664,47435,94008,
21,039,0.4948712581117856,2364,4777,
21,041,0.5001350013500135,5557,11111,
21,043,0.5068204460111886,13227,26098,
21,045,0.5057687484324053,8066,15948,
21,047,0.4850998507168408,34445,71006,
21,049,0.5082950654314762,19149,37673,
21,051,0.47570436913025727,9320,19592,
21,053,0.5046281171730371,4634,9183,
21,055,0.48864395457581833,4389,8982,
21,057,0.5066975359682487,3064,6047,
21,059,0.5080846664177604,53073,104457,
21,061,0.49687376335575784,6278,12635,
21,063,0.4163568773234201,3024,7263,
21,065,0.5070704185116411,7100,14002,
21,067,0.5068192097426822,166965,329437,
21,069,0.5112564941312295,7971,15591,
21,071,0.5132341017027684,17723,34532,
21,073,0.5132718050417604,26917,52442,
21,075,0.4871060171919771,3060,6282,
21,077,0.4997160704145372,4400,8805,
21,079,0.504490022172949,9101,18040,
21,081,0.494596065624757,12722,25722,
21,083,0.5050922028190434,18598,36821,
21,085,0.490764684152198,13285,27070,
21,087,0.5024238227146814,5804,11552,
21,089,0.509228021432824,17962,35273,
21,091,0.49262176855652945,4440,9013,
21,093,0.501311754382855,56561,112826,
21,095,0.5180823886316461,12979,25052,
21,097,0.507247119078105,9904,19525,
21,099,0.5012297344777393,9986,19923,
21,101,0.5083191850594228,22455,44175,
21,103,0.5001234720335844,8101,16198,
21,105,0.5299339858866379,2328,4393,
21,107,0.5101508248927419,23068,45218,
21,109,0.4970804012576733,6640,13358,
21,111,0.5133880266689844,407569,793881,
21,113,0.511142578989291,28877,56495,
21,115,0.505566114580505,11172,22098,
21,117,0.5034827463942995,88040,174862,
21,119,0.5016371483851764,6741,13438,
21,121,0.5050072495532252,14977,29657,
21,123,0.5005288207297726,7572,15128,
21,125,0.5057219074076997,32039,63353,
21,127,0.5024686669198632,7938,15798,
21,129,0.4273212088062355,3125,7313,
21,131,0.49696782814266627,4835,9729,
21,133,0.5062813446546501,10196,20139,
21,135,0.4976310679611651,6407,12875,
21,137,0.5036531513448415,12546,24910,
21,139,0.5091321610890528,4488,8815,
21,141,0.503460146836688,14332,28467,
21,143,0.416611588455607,3782,9078,
21,145,0.5142561065877128,34738,67550,
21,147,0.45233000475511176,7610,16824,
21,149,0.49517861056322593,4519,9126,
21,151,0.5112670964632162,50913,99582,
21,153,0.49955027882712716,5554,11118,
21,155,0.5026950783335852,9979,19851,
21,157,0.5028360748723766,15957,31734,
21,159,0.44222139117427073,4730,10696,
21,161,0.5127978296768105,8695,16956,
21,163,0.49231325142894683,14987,30442,
21,165,0.49519003311780474,3140,6341,
21,167,0.5062300659153731,11904,23515,
21,169,0.4970638378480773,5248,10558,
21,171,0.49431156499148976,5518,11163,
21,173,0.509749400437941,14666,28771,
21,175,0.4246153846153846,6072,14300,
21,177,0.4904299947561615,14964,30512,
21,179,0.5054818708167371,24620,48706,
21,181,0.4953940634595701,3872,7816,
21,183,0.5030710734132787,12040,23933,
21,185,0.47973059198865653,33833,70525,
21,187,0.5022299956274595,5743,11435,
21,189,0.5089103869653768,1999,3928,
21,191,0.48760441929399084,7238,14844,
21,193,0.5049927072814989,13503,26739,
21,195,0.5057369655421252,28033,55430,
21,197,0.5005414603960396,6471,12928,
21,199,0.5082582807217019,33973,66842,
21,201,0.5037783375314862,1200,2382,
21,203,0.5075187969924813,8235,16226,
21,205,0.5128672745694022,12655,24675,
21,207,0.5038465705926969,9300,18458,
21,209,0.5026418152350081,31013,61700,
21,211,0.5103543212832177,25581,50124,
21,213,0.49847665847665845,10144,20350,
21,215,0.4934447485953033,10275,20823,
21,217,0.504420157409825,13523,26809,
21,219,0.4956494473622325,6323,12757,
21,221,0.5029191565354764,7322,14559,
21,223,0.5025026190199046,4317,8591,
21,225,0.49483988465624523,6521,13178,
21,227,0.5033122431321653,74458,147936,
21,229,0.5066427581710001,6216,12269,
21,231,0.4959498700901727,9735,19629,
21,233,0.49968881282091177,6423,12854,
21,235,0.5061101710847904,18844,37233,
21,237,0.509899434318039,3245,6364,
21,239,0.5155077899596077,14294,27728,
22,000,0.5112664047988794,2350670,4597740,
22,001,0.5160059359762561,29208,56604,
22,003,0.43238078307630773,9729,22501,
22,005,0.5060883370527356,67580,133534,
22,007,0.5109226932668329,10244,20050,
22,009,0.4960258515101764,19034,38373,
22,011,0.49115683335604304,18023,36695,
22,013,0.513776990009668,6377,12412,
22,015,0.5050342481426675,66211,131102,
22,017,0.5278688087223702,118714,224893,
22,019,0.5115367323951833,105817,206861,
22,021,0.4770573831576706,4481,9393,
22,023,0.4914493373236426,2299,4678,
22,025,0.4727053140096618,3914,8280,
22,027,0.4625840289576716,6262,13537,
22,029,0.4907006798898691,8733,17797,
22,031,0.5153259514555988,14055,27274,
22,033,0.523559562228766,237184,453022,
22,035,0.414103308183401,2854,6892,
22,037,0.4458455420678108,8521,19112,
22,039,0.4874468420223657,15474,31745,
22,041,0.519966504422463,9935,19107,
22,043,0.43253878511013616,9563,22109,
22,045,0.5099200473793307,34440,67540,
22,047,0.4933481152993348,14685,29766,
22,049,0.48611204973981215,7193,14797,
22,051,0.512698565018853,219052,427253,
22,053,0.5040399541926454,15845,31436,
22,055,0.5128362459241428,130384,254241,
22,057,0.5069958675085482,48338,95342,
22,059,0.4513671609304856,6636,14702,
22,061,0.5139813029869619,24796,48243,
22,063,0.507423832136363,77578,152886,
22,065,0.5118222808753986,4654,9093,
22,067,0.5097322066675075,12125,23787,
22,069,0.515535545550553,18550,35982,
22,071,0.5309607638247482,192580,362701,
22,073,0.518331074147738,81831,157874,
22,075,0.4889407330970434,10898,22289,
22,077,0.5171075837742505,10262,19845,
22,079,0.5160644643722349,64972,125899,
22,081,0.5127106935617574,3711,7238,
22,083,0.5073054014152625,9965,19643,
22,085,0.5084613262209142,11057,21746,
22,087,0.509769332112632,22829,44783,
22,089,0.5076587301587302,25586,50400,
22,091,0.5208621166067975,5655,10857,
22,093,0.5159602302459445,9860,19110,
22,095,0.513654456592936,20389,39694,
22,097,0.5145605856385018,41612,80869,
22,099,0.5094302784177438,26092,51218,
22,101,0.5092416504626167,23832,46799,
22,103,0.511816724600616,142088,277615,
22,105,0.5142573110289438,71905,139823,
22,107,0.514047866805411,1976,3844,
22,109,0.5006065624277902,51995,103864,
22,111,0.5113256050831838,10542,20617,
22,113,0.5145816346003713,29661,57641,
22,115,0.4804557061481045,22014,45819,
22,117,0.5014859170547793,22612,45090,
22,119,0.5158594815825375,18150,35184,
22,121,0.508249780123131,14447,28425,
22,123,0.5043224551545278,4667,9254,
22,125,0.3394259320356318,5144,15155,
22,127,0.43640432674375235,5850,13405,
23,000,0.507522355680948,713075,1405012,
23,001,0.5081025747796516,58570,115272,
23,003,0.49787348748053195,33246,66776,
23,005,0.5132867444847025,161074,313809,
23,007,0.508640217461653,15718,30902,
23,009,0.5120113792013486,29157,56946,
23,011,0.511073399708861,65653,128461,
23,013,0.49981698836045974,20483,40981,
23,015,0.5079334630456825,18535,36491,
23,017,0.5001415746431486,30028,60039,
23,019,0.5022188217291508,78768,156840,
23,021,0.49363240018357046,8605,17432,
23,023,0.5106966100792932,19193,37582,
23,025,0.5018699598737777,25765,51338,
23,027,0.507423000221582,20610,40617,
23,029,0.5071535544721665,15916,31383,
23,031,0.5076427594790659,111754,220143,
24,000,0.5138264343261134,3218208,6263220,
24,001,0.47525224674724653,31888,67097,
24,003,0.5035411305719266,303308,602350,
24,005,0.5260509722262956,448419,852425,
24,009,0.5016278065175477,47611,94913,
24,011,0.509693996729736,17456,34248,
24,013,0.5035402127515415,89181,177108,
24,015,0.504040261511688,53582,106305,
24,017,0.5193491443047261,90615,174478,
24,019,0.5242018226809101,17371,33138,
24,021,0.5059084515747518,151427,299317,
24,023,0.5025886662205473,14270,28393,
24,025,0.5083950375498091,134986,265514,
24,027,0.5066977165938504,172109,339668,
24,029,0.5209387942936033,10188,19557,
24,031,0.512940819922515,555142,1082273,
24,033,0.5161949413890955,498969,966629,
24,035,0.504358515869468,27078,53688,
24,037,0.4958658527161734,57753,116469,
24,039,0.45006140802662337,11360,25241,
24,041,0.5217550465432487,19954,38244,
24,043,0.4915091459536469,77279,157228,
24,045,0.5230275841962212,55613,106329,
24,047,0.5110329977731564,27768,54337,
24,510,0.5365063499633098,304881,568271,
25,000,0.5112914194460867,3648663,7136171,
25,001,0.5192114202175689,120753,232570,
25,003,0.5119633951183133,65903,128726,
25,005,0.5103152772798861,300368,588593,
25,007,0.5091875979298229,10724,21061,
25,009,0.5144185606198525,423849,823938,
25,011,0.5071608979695503,35943,70871,
25,013,0.513205831722866,238205,464151,
25,015,0.5346646593993918,88433,165399,
25,017,0.5057916445969816,844144,1668956,
25,019,0.47866394001363327,7022,14670,
25,021,0.5157353183378017,382033,740754,
25,023,0.5115220719806675,277291,542090,
25,025,0.5179891671625834,410840,793144,
25,027,0.5028720632557464,443155,881248,
26,000,0.5046286366327205,5117166,10140459,
26,001,0.4926581325301205,5234,10624,
26,003,0.4386428982173663,3814,8695,
26,005,0.4952503083419778,60633,122429,
26,007,0.5023353977095804,14519,28903,
26,009,0.49930714052820346,12251,24536,
26,011,0.48922913766819115,7381,15087,
26,013,0.45391112743297835,3708,8169,
26,015,0.49436938695821947,31652,64025,
26,017,0.5060057865973054,51942,102651,
26,019,0.49832613390928726,9229,18520,
26,021,0.509944139931763,77870,152703,
26,023,0.4820404009786303,22264,46187,
26,025,0.5066337780767649,67780,133785,
26,027,0.4950921435499515,25522,51550,
26,029,0.5009768243631488,13078,26105,
26,031,0.49391465105530735,12824,25964,
26,033,0.4510247427799079,16351,36253,
26,035,0.4971501353287693,15613,31405,
26,037,0.5038101186758276,40330,80050,
26,039,0.4894477535112876,6656,13599,
26,041,0.4983236568811841,18282,36687,
26,043,0.49178688209271015,12784,25995,
26,045,0.5059363983414616,55397,109494,
26,047,0.5017526289434151,17034,33949,
26,049,0.515570039698816,207403,402279,
26,051,0.4916714752837084,12781,25995,
26,053,0.4861785186748259,6912,14217,
26,055,0.5037723156532988,48677,96625,
26,057,0.45743498017983175,18925,41372,
26,059,0.5000877385391533,22799,45590,
26,061,0.45051391919245026,17138,38041,
26,063,0.4991552956465237,15364,30780,
26,065,0.5124385818122971,148826,290427,
26,067,0.45382641509433963,30066,66250,
26,069,0.499388825361776,12665,25361,
26,071,0.5000427021948928,5855,11709,
26,073,0.5113566510941726,33275,65072,
26,075,0.4871718060574289,78061,160233,
26,077,0.5107863131656469,135246,264780,
26,079,0.49038564829734665,9130,18618,
26,081,0.5041753219158338,339311,673002,
26,083,0.4965293845441925,1073,2161,
26,085,0.449519415609381,5846,13005,
26,087,0.48656468688318677,43386,89168,
26,089,0.5028638887674347,11501,22871,
26,091,0.49649090499867005,48530,97746,
26,093,0.49626350418325077,97752,196976,
26,095,0.3862199747155499,2444,6328,
26,097,0.49793610911701364,5549,11144,
26,099,0.5109430981465286,452785,886175,
26,101,0.48289509777028883,12323,25519,
26,103,0.4938583974462702,33572,67979,
26,105,0.5030763413879628,14636,29093,
26,107,0.49398049920137316,20721,41947,
26,109,0.4845119305856833,11168,23050,
26,111,0.5031539358739378,42276,84022,
26,113,0.49373318459216486,7524,15239,
26,115,0.5010413662725496,78185,156045,
26,117,0.4613065181637187,31975,69314,
26,119,0.4826007326007326,4743,9828,
26,121,0.5003945262303582,88784,177428,
26,123,0.4920006213109661,25340,51504,
26,125,0.5061763236301053,656454,1296888,
26,127,0.4907825571925668,13258,27014,
26,129,0.49716464141053135,10433,20985,
26,131,0.4836881868131868,2817,5824,
26,133,0.485947879407256,11412,23484,
26,135,0.4916240111679851,4226,8596,
26,137,0.4933481578039336,12868,26083,
26,139,0.504181429294496,154398,306235,
26,141,0.4958427815570673,6560,13230,
26,143,0.4928547551395621,11795,23932,
26,145,0.5125296994363766,96209,187714,
26,147,0.5001497118047759,80178,160308,
26,149,0.49775220284121563,30448,61171,
26,151,0.49648822376095103,20005,40293,
26,153,0.4984103692834434,4076,8178,
26,155,0.5003089052984614,34012,67982,
26,157,0.4922948613454139,25972,52757,
26,159,0.4999934322006069,38064,76129,
26,161,0.5009588766298897,187296,373875,
26,163,0.5165315971255681,914810,1771063,
26,165,0.4985490423679629,17180,34460,
27,000,0.4991212899508402,2891485,5793151,
27,001,0.491215182124273,8024,16335,
27,003,0.497802781021123,187592,376840,
27,005,0.4944983636158447,17527,35444,
27,007,0.4967281125700355,23228,46762,
27,009,0.49377999570210834,20680,41881,
27,011,0.4910203276100257,2488,5067,
27,013,0.49475247524752475,34979,70700,
27,015,0.4956048230260599,12742,25710,
27,017,0.4673016736971016,17171,36745,
27,019,0.4979223638881983,56080,112628,
27,021,0.48454296800457985,15235,31442,
27,023,0.49418651922920565,6078,12299,
27,025,0.4802639370611623,28386,59105,
27,027,0.5038744614648157,33683,66848,
27,029,0.4843568945538818,4180,8630,
27,031,0.4995512475318614,2783,5571,
27,033,0.49347327571000177,5595,11338,
27,035,0.49949010809708344,34286,68642,
27,037,0.5048614605124946,228781,453156,
27,039,0.4898314659636569,10405,21242,
27,041,0.49673202614379086,19836,39933,
27,043,0.4920783522972778,6833,13886,
27,045,0.4956283136452423,10657,21502,
27,047,0.4950847793098898,15008,30314,
27,049,0.49837439039639864,23913,47982,
27,051,0.49238827958749387,3008,6109,
27,053,0.5043225108259105,642171,1273334,
27,055,0.4927528334786399,9043,18352,
27,057,0.495827664399093,10933,22050,
27,059,0.491542106347426,21474,43687,
27,061,0.49097750979270277,22311,45442,
27,063,0.48849001115505525,4817,9861,
27,065,0.4967485549132948,8250,16608,
27,067,0.4936428347584725,22053,44674,
27,069,0.4902304609218437,1957,3992,
27,071,0.491892358116267,5703,11594,
27,073,0.49005424954792043,3252,6636,
27,075,0.48738081884464385,5214,10698,
27,077,0.47458519884119044,1802,3797,
27,079,0.487337904813633,14356,29458,
27,081,0.48400431344356576,2693,5564,
27,083,0.4990030105172616,12763,25577,
27,085,0.4989940184883089,18353,36780,
27,087,0.4888595166163142,2589,5296,
27,089,0.4859195074677916,4262,8771,
27,091,0.4974183323960943,9730,19561,
27,093,0.4803541781959048,11284,23491,
27,095,0.49044493599738914,13525,27577,
27,097,0.49084588644264193,16944,34520,
27,099,0.4971393643031785,20333,40900,
27,101,0.4932869219293884,3968,8044,
27,103,0.49491201113269356,17071,34493,
27,105,0.4767171924074833,10473,21969,
27,107,0.48838319541693187,3069,6284,
27,109,0.5095178580012498,84796,166424,
27,111,0.4947112541882925,30120,60884,
27,113,0.4980222677995898,6799,13652,
27,115,0.4622513935156173,14015,30319,
27,117,0.49835164835164836,4535,9100,
27,119,0.4941965606812876,15030,30413,
27,121,0.4881252718573293,5611,11495,
27,123,0.5093954964346005,276100,542015,
27,125,0.47655847501287996,1850,3882,
27,127,0.4975744067129933,7590,15254,
27,129,0.4813533522452086,6957,14453,
27,131,0.4803477001086563,33156,69025,
27,133,0.4958530183727034,4723,9525,
27,135,0.4783491647559777,7302,15265,
27,137,0.4976294112373876,99921,200794,
27,139,0.49848606287291836,78365,157206,
27,141,0.4830533965980652,49783,103059,
27,143,0.4865736474924312,7393,15194,
27,145,0.4946370970200674,81119,163997,
27,147,0.4993054442485441,18691,37434,
27,149,0.48742234443426014,4786,9819,
27,151,0.48748189530312436,4712,9666,
27,153,0.4795222500481603,12446,25955,
27,155,0.48085513720485,1507,3134,
27,157,0.49879484564753873,10761,21574,
27,159,0.49975756736164023,7215,14437,
27,161,0.5132733889959323,9590,18684,
27,163,0.5036272714466826,143010,283960,
27,165,0.49330596215637273,5527,11204,
27,167,0.47016592214422465,2947,6268,
27,169,0.5018509995397514,25079,49973,
27,171,0.4908178248691726,75877,154593,
27,173,0.4908780539848501,4601,9373,
28,000,0.5159204157598678,1518377,2943045,
28,001,0.4831205970565669,13853,28674,
28,003,0.5066904288886291,17343,34228,
28,005,0.5173078467592964,6441,12451,
28,007,0.523632563000813,9018,17222,
28,009,0.5055511498810468,3825,7566,
28,011,0.5364324705053707,15232,28395,
28,013,0.5130155245413204,6543,12754,
28,015,0.47590104499893365,4463,9378,
28,017,0.5126386073685466,8599,16774,
28,019,0.5087133852428625,4116,8091,
28,021,0.5245013543462201,4260,8122,
28,023,0.5303200263939294,8037,15155,
28,025,0.5300609454785044,9654,18213,
28,027,0.5166376523252922,10387,20105,
28,029,0.5163422428820453,14218,27536,
28,031,0.510519011934499,9197,18015,
28,033,0.5203067324923036,101913,195871,
28,035,0.5332568368712947,41826,78435,
28,037,0.5053219797764769,3798,7516,
28,039,0.49428129829984546,12792,25880,
28,041,0.4123583180987203,5639,13675,
28,043,0.523290812670202,10953,20931,
28,045,0.5136582637873183,23881,46492,
28,047,0.5144668506994806,109957,213730,
28,049,0.5351197075126783,113432,211975,
28,051,0.522879177377892,8136,15560,
28,053,0.536722370453588,3822,7121,
28,055,0.30347490347490347,393,1295,
28,057,0.5078518885858335,12289,24198,
28,059,0.5099182324050013,74959,147002,
28,061,0.509715804797772,8053,15799,
28,063,0.508695652173913,3510,6900,
28,065,0.5258160774030202,5815,11059,
28,067,0.5118702249494965,33700,65837,
28,069,0.4989488437281009,4272,8562,
28,071,0.5217819962234513,31225,59843,
28,073,0.5201696286750382,34713,66734,
28,075,0.5119992066640222,36141,70588,
28,077,0.5155928718300206,6018,11672,
28,079,0.5084335103904576,10912,21462,
28,081,0.5220209126391365,43334,83012,
28,083,0.5237986007569675,13701,26157,
28,085,0.5192527749170386,18151,34956,
28,087,0.5201363398007341,29757,57210,
28,089,0.5221931429271666,59659,114247,
28,091,0.5112879040319893,12275,24008,
28,093,0.500610926863327,17208,34374,
28,095,0.5179643401128932,17343,33483,
28,097,0.5165232175114228,4861,9411,
28,099,0.5239360784178373,15180,28973,
28,101,0.5196315814461377,10945,21063,
28,103,0.5229516539440203,5138,9825,
28,105,0.500086596747811,25987,51965,
28,107,0.5192284214381638,17012,32764,
28,109,0.5048449940708114,29801,59030,
28,111,0.5095563738383307,5812,11406,
28,113,0.5260903027193432,20507,38980,
28,115,0.5073405385144,16242,32014,
28,117,0.50833692965593,12957,25489,
28,119,0.5261638397690365,2916,5542,
28,121,0.5181381676869711,83199,160573,
28,123,0.505566399190342,13987,27666,
28,125,0.5216450216450217,1687,3234,
28,127,0.5165449076063601,13222,25597,
28,129,0.5213152088819301,7325,14051,
28,131,0.4951709336195002,9690,19569,
28,133,0.4833036606018498,11130,23029,
28,135,0.4930867136709093,5385,10921,
28,137,0.5140625547266295,14677,28551,
28,139,0.5094991364421416,10915,21423,
28,141,0.5064949064841265,9397,18553,
28,143,0.5342361035273562,4892,9157,
28,145,0.506963297253464,14379,28363,
28,147,0.5165835681768914,7149,13839,
28,149,0.522265764161026,21990,42105,
28,151,0.5347854593137612,22023,41181,
28,153,0.5160767633804243,10192,19749,
28,155,0.5205697778663213,5226,10039,
28,157,0.45997442455242965,3597,7820,
28,159,0.5049374210586749,8795,17418,
28,161,0.5179804141916841,6453,12458,
28,163,0.47541695621959695,10946,23024,
29,000,0.5066981390980273,3164566,6245466,
29,001,0.5192127825409197,13323,25660,
29,003,0.5014648167597148,9072,18091,
29,005,0.4973730297723292,2556,5139,
29,007,0.5195852534562212,12628,24304,
29,009,0.4964905384917738,17684,35618,
29,011,0.4985064436289153,5841,11717,
29,013,0.49408320117116017,8100,16394,
29,015,0.49383913844959737,10180,20614,
29,017,0.49952874646559847,5300,10610,
29,019,0.5168614756913725,99317,192154,
29,021,0.4941488979826262,41298,83574,
29,023,0.5141818529679055,21500,41814,
29,025,0.49166666666666664,4425,9000,
29,027,0.4859061295040553,21927,45126,
29,029,0.5001246176503908,22073,44135,
29,031,0.5124076597575844,42867,83658,
29,033,0.5046351319229855,4246,8414,
29,035,0.5172606829632395,2772,5359,
29,037,0.5084523987248952,57899,113873,
29,039,0.499833588497637,7509,15023,
29,041,0.4958767067730161,3668,7397,
29,043,0.5091571659118121,48902,96045,
29,045,0.4813528612411294,3188,6623,
29,047,0.505368872688613,133099,263370,
29,049,0.49307122139864645,10710,21721,
29,051,0.49191626409017714,38185,77625,
29,053,0.49427636958299265,8463,17122,
29,055,0.49846545071904597,11369,22808,
29,057,0.49134085541852535,3745,7622,
29,059,0.5033842367287577,8999,17877,
29,061,0.49701440112399015,4245,8541,
29,063,0.4746054229057062,4691,9884,
29,065,0.501120847768494,7377,14721,
29,067,0.49251423921887716,6053,12290,
29,069,0.5181468039404489,13991,27002,
29,071,0.4977250689938092,53384,107256,
29,073,0.49245991129307404,7217,14655,
29,075,0.5122261035249286,3226,6298,
29,077,0.5097745679381183,156981,307942,
29,079,0.5051198033995494,4933,9766,
29,081,0.4937698509650623,4042,8186,
29,083,0.5068881506090809,11443,22575,
29,085,0.5050193931097422,4427,8766,
29,087,0.49799575571799104,2112,4241,
29,089,0.4941871921182266,5016,10150,
29,091,0.5092978754722536,20760,40762,
29,093,0.49341825902335457,4648,9420,
29,095,0.5147725616680553,374426,727362,
29,097,0.5093651910593854,64424,126479,
29,099,0.4999698130131788,115937,231888,
29,101,0.48976377952755906,27368,55880,
29,103,0.48877005347593583,1828,3740,
29,105,0.5016604061190049,18430,36738,
29,107,0.5009996717495747,16789,33511,
29,109,0.4971520523102858,19464,39151,
29,111,0.4948233861144945,4875,9852,
29,113,0.49433887809616317,32571,65888,
29,115,0.5086481947942905,6058,11910,
29,117,0.544276163187338,7978,14658,
29,119,0.4846595160888002,11658,24054,
29,121,0.4959478157738684,7527,15177,
29,123,0.4909741674447557,6310,12852,
29,125,0.4951798730308018,4212,8506,
29,127,0.5109938434476693,14525,28425,
29,129,0.5133256083429896,1772,3452,
29,131,0.5,12834,25668,
29,133,0.48204255319148936,5664,11750,
29,135,0.482672943638028,7382,15294,
29,137,0.48841394825646794,4342,8890,
29,139,0.49361480323169143,5682,11511,
29,141,0.496361444707353,11118,22399,
29,143,0.5287273205364186,8043,15212,
29,145,0.5004957817909914,30790,61519,
29,147,0.49748817246256644,10200,20503,
29,149,0.5025865041958846,4372,8699,
29,151,0.4867190977889895,6560,13478,
29,153,0.49636963696369635,4512,9090,
29,155,0.525786076212952,7575,14407,
29,157,0.49863874345549736,9524,19100,
29,159,0.4989381379735562,21849,43791,
29,161,0.47801716587843757,21832,45672,
29,163,0.4589388118701631,8243,17961,
29,165,0.50444760483009,57107,113207,
29,167,0.5032657998185667,16643,33070,
29,169,0.4345118968201023,23448,53964,
29,171,0.49261951971799955,2236,4539,
29,173,0.4961424897609296,5209,10499,
29,175,0.484487270008722,11665,24077,
29,177,0.4992887624466572,11583,23199,
29,179,0.4786569934199426,2837,5927,
29,181,0.5010732617825479,5369,10715,
29,183,0.5045571902597433,213794,423726,
29,185,0.48375304630381805,4764,9848,
29,186,0.48085840612531006,8918,18546,
29,187,0.4743641023361925,32021,67503,
29,189,0.5220655253296056,518374,992929,
29,195,0.4943193997856377,11530,23325,
29,197,0.49397886458589335,2010,4069,
29,199,0.5070242656449553,2382,4698,
29,201,0.5118950391232184,19430,37957,
29,203,0.5002061855670104,3639,7275,
29,205,0.4934188322645967,2924,5926,
29,207,0.5015120613263943,14262,28438,
29,209,0.5037695372356727,16438,32630,
29,211,0.4902608695652174,2819,5750,
29,213,0.5136225856478218,29145,56744,
29,215,0.4684036554540152,12045,25715,
29,217,0.5095264567645423,10082,19787,
29,219,0.496621446021103,19109,38478,
29,221,0.481702921596065,11360,23583,
29,223,0.4958410351201479,5365,10820,
29,225,0.49106824290573486,20645,42041,
29,227,0.4951923076923077,927,1872,
29,229,0.4980261471417585,9714,19505,
29,510,0.5173742827007991,144707,279695,
30,000,0.49331403503064014,561013,1137233,
30,001,0.49270437737357586,4930,10006,
30,003,0.5053923100969053,6467,12796,
30,005,0.4919600173837462,3396,6903,
30,007,0.48217297036858586,4003,8302,
30,009,0.48886762915289617,5621,11498,
30,011,0.49177984274481773,688,1399,
30,013,0.4921382345633733,41597,84523,
30,015,0.4989795918367347,2934,5880,
30,017,0.495152123035774,5924,11964,
30,019,0.47015384615384614,764,1625,
30,021,0.47623410834955904,4158,8731,
30,023,0.4682499235551931,4594,9811,
30,025,0.48574338085539714,1431,2946,
30,027,0.4897993592986006,5810,11862,
30,029,0.49803103198372434,57038,114527,
30,031,0.47744597744597744,60628,126984,
30,033,0.4944961896697714,584,1181,
30,035,0.5118121898837296,6911,13503,
30,037,0.5098493626882966,440,863,
30,039,0.4833425874514159,1741,3602,
30,041,0.49424214130096483,7940,16065,
30,043,0.49082982561635596,6530,13304,
30,045,0.4770251065845571,1007,2111,
30,047,0.5037272101308266,16826,33403,
30,049,0.5018834271719309,37706,75129,
30,051,0.5118924508790073,990,1934,
30,053,0.495672556797692,10996,22184,
30,055,0.48223645894001166,828,1717,
30,057,0.4784168973649134,4666,9753,
30,059,0.4915254237288136,1015,2065,
30,061,0.4794995187680462,2491,5195,
30,063,0.49818843536304735,61051,122546,
30,065,0.4906456346294938,2675,5452,
30,067,0.49457784663051896,8939,18074,
30,069,0.4438095238095238,233,525,
30,071,0.4902705268153773,2066,4214,
30,073,0.4976966107272129,3025,6078,
30,075,0.4803921568627451,833,1734,
30,077,0.3702247191011236,2636,7120,
30,079,0.4892086330935252,544,1112,
30,081,0.49789362276132565,23992,48187,
30,083,0.4819550235763511,5315,11028,
30,085,0.4943610865940963,5041,10197,
30,087,0.5043934586282646,4133,8194,
30,089,0.48614609571788414,6755,13895,
30,091,0.47940835266821347,1653,3448,
30,093,0.48818287485470746,17640,36134,
30,095,0.48687830687830685,4601,9450,
30,097,0.48203353739685917,1811,3757,
30,099,0.5027932960893855,3240,6444,
30,101,0.4116048903551329,2121,5153,
30,103,0.4871447902571042,360,739,
30,105,0.4963680387409201,3690,7434,
30,107,0.4975704567541302,1024,2058,
30,109,0.5005488474204172,456,911,
30,111,0.5042748990284586,86525,171583,
31,000,0.4970542991276337,996825,2005465,
31,001,0.5017951019361456,15654,31196,
31,003,0.4938659955960994,3140,6358,
31,005,0.491725768321513,208,423,
31,007,0.4857142857142857,323,665,
31,009,0.4889867841409692,222,454,
31,011,0.4865521105715353,2605,5354,
31,013,0.4935064935064935,5282,10703,
31,015,0.4858823529411765,826,1700,
31,017,0.4994786235662148,1437,2877,
31,019,0.49620767847368835,25384,51156,
31,021,0.4924929389029285,3313,6727,
31,023,0.4905794525417704,4140,8439,
31,025,0.4931980212425433,13559,27492,
31,027,0.4849915274751876,4007,8262,
31,029,0.5061105207226355,1905,3764,
31,031,0.48416696653472474,2691,5558,
31,033,0.4931264319933347,4735,9602,
31,035,0.4864820580042602,2969,6103,
31,037,0.45714021799371884,4949,10826,
31,039,0.49720732797140305,4451,8952,
31,041,0.48965385715647947,5135,10487,
31,043,0.488961799859386,10432,21335,
31,045,0.5111833062601524,4091,8003,
31,047,0.46672639895740003,11460,24554,
31,049,0.49101479915433405,929,1892,
31,051,0.4797321751719146,2651,5526,
31,053,0.5001583782071587,18948,37884,
31,055,0.5032254415644473,302518,601158,
31,057,0.5047438330170778,798,1581,
31,059,0.4961901306240929,2735,5512,
31,061,0.4934327298544551,1390,2817,
31,063,0.4865930599369085,1234,2536,
31,065,0.4959713518352731,2216,4468,
31,067,0.4960575459952967,10758,21687,
31,069,0.4817073170731707,869,1804,
31,071,0.4961921499707089,847,1707,
31,073,0.47511061946902655,859,1808,
31,075,0.4799301919720768,275,573,
31,077,0.48384160218479744,1063,2197,
31,079,0.48510394630103865,30498,62869,
31,081,0.49247176913425345,4710,9564,
31,083,0.48442677269715045,1462,3018,
31,085,0.4929078014184397,417,846,
31,087,0.49308943089430896,1213,2460,
31,089,0.49782608695652175,5038,10120,
31,091,0.5200573065902578,363,698,
31,093,0.4908703590992088,3226,6572,
31,095,0.500140134529148,3569,7136,
31,097,0.39624449128185474,2068,5219,
31,099,0.5008149355460069,3380,6749,
31,101,0.49288168875797744,4016,8148,
31,103,0.4700854700854701,385,819,
31,105,0.4947049924357035,1635,3305,
31,107,0.50710329882013,4212,8306,
31,109,0.49836416238805253,165884,332857,
31,111,0.4989045289474474,16623,33319,
31,113,0.4783861671469741,332,694,
31,115,0.47766323024054985,278,582,
31,117,0.48936170212765956,184,376,
31,119,0.5006605019815059,17813,35579,
31,121,0.49266300880438946,3861,7837,
31,123,0.4887402452619844,2192,4485,
31,125,0.49540159411404044,1616,3262,
31,127,0.4936133976724383,3478,7046,
31,129,0.5026868588177821,2058,4094,
31,131,0.48912060755831477,8115,16591,
31,133,0.5077350257834192,1280,2521,
31,135,0.48758546239654554,1355,2779,
31,137,0.49281132492811325,4456,9042,
31,139,0.4860921734387783,3565,7334,
31,141,0.49071804839572947,17420,35499,
31,143,0.48832795596887457,2573,5269,
31,145,0.4975501969449515,5179,10409,
31,147,0.49608661622749806,3803,7666,
31,149,0.500402900886382,621,1241,
31,151,0.48487109905020354,7147,14740,
31,153,0.4958257660085535,101559,204828,
31,155,0.4847475006408613,11346,23406,
31,157,0.5130967705826384,18335,35734,
31,159,0.48404524734087456,8601,17769,
31,161,0.4978688857316826,2453,4927,
31,163,0.49576127500847744,1462,2949,
31,165,0.4658780709736124,512,1099,
31,167,0.48957609451007644,2818,5756,
31,169,0.5010266940451745,2440,4870,
31,171,0.4968454258675079,315,634,
31,173,0.5005273466927829,3322,6637,
31,175,0.5,2016,4032,
31,177,0.49256610520372635,10469,21254,
31,179,0.4959473150962513,4895,9870,
31,181,0.49699338544798555,1653,3326,
31,183,0.4752475247524752,384,808,
31,185,0.501704347826087,7212,14375,
32,000,0.49681542307848864,1623328,3267467,
32,001,0.48788076671916414,12701,26033,
32,003,0.5001115107898674,1199703,2398871,
32,005,0.49388669195383744,24479,49564,
32,007,0.4787079447418281,26024,54363,
32,009,0.4222222222222222,304,720,
32,011,0.46830047948854553,879,1877,
32,013,0.48346576302874505,8275,17116,
32,015,0.48729472774416593,2819,5785,
32,017,0.475258918296893,2065,4345,
32,019,0.4797231551523902,30567,63718,
32,021,0.49072625698324024,2196,4475,
32,023,0.4857474549026612,27197,55990,
32,027,0.36138310893512854,2362,6536,
32,029,0.48540856031128404,1996,4112,
32,031,0.4923986752878095,249784,507280,
32,033,0.4439887508788376,3789,8534,
32,510,0.48476301850450576,28188,58148,
33,000,0.5008154534460537,705665,1409032,
33,001,0.5017239529858866,32741,65257,
33,003,0.5000570559147965,26293,52580,
33,005,0.5057634673019289,39489,78078,
33,007,0.4832443558242748,15026,31094,
33,009,0.5030576602719115,46807,93045,
33,011,0.4974144059173632,214118,430462,
33,013,0.5023215450785145,79301,157869,
33,015,0.5025943374282409,162053,322433,
33,017,0.5062890269891656,67945,134202,
33,019,0.49740979732800145,21892,44012,
34,000,0.507629684961905,4822914,9500851,
34,001,0.5143489756873536,143562,279114,
34,003,0.5101298637600509,499234,978641,
34,005,0.506255323175925,240732,475515,
34,007,0.5159329423133104,275502,533988,
34,009,0.5131930758988016,48176,93875,
34,011,0.48914425930446176,76149,155678,
34,013,0.5119763773542955,451321,881527,
34,015,0.5102555302886944,159089,311783,
34,017,0.5008496505633774,368718,736185,
34,019,0.5071142223706988,66791,131708,
34,021,0.5059596366585233,198406,392138,
34,023,0.5026934600879208,447457,890119,
34,025,0.5102622312824314,330405,647520,
34,027,0.5045741062569186,263919,523053,
34,029,0.5124378408064415,341506,666434,
34,031,0.5087609690142557,267912,526597,
34,033,0.5072410966390382,33414,65874,
34,035,0.5067460772602785,181145,357467,
34,037,0.4961002143186566,73147,147444,
34,039,0.5047159014406893,299882,594160,
34,041,0.5038516125001116,56447,112031,
35,000,0.5023241338130253,1070079,2130256,
35,001,0.5079665409745038,341225,671747,
35,003,0.48379446640316204,1836,3795,
35,005,0.4974645587704287,31687,63697,
35,006,0.4908191561118189,13098,26686,
35,007,0.4864711140001625,5987,12307,
35,009,0.48375604376961573,22812,47156,
35,011,0.4924562462281231,816,1657,
35,013,0.5075468901232092,116414,229366,
35,015,0.48743407773943614,29946,61436,
35,017,0.5013252968301805,13807,27541,
35,019,0.41641961231470925,1826,4385,
35,021,0.47086614173228347,299,635,
35,023,0.4969742813918306,1971,3966,
35,025,0.47597503692565635,35770,75151,
35,027,0.5099126092384519,10211,20025,
35,028,0.4715120711562897,9277,19675,
35,029,0.4961357137336734,12839,25878,
35,031,0.519921676698818,35846,68945,
35,033,0.48095703125,1970,4096,
35,035,0.4735120712656539,33009,69711,
35,037,0.5007735332619303,4208,8403,
35,039,0.50444249781003625,20155,39955,
35,041,0.4985304333885534,9329,18713,
35,043,0.5048460607136291,79643,157757,
35,045,0.5078672703344728,61359,120817,
35,047,0.5020811260784017,13269,26428,
35,049,0.5098152315152283,80431,157765,
35,051,0.5009219422249539,5705,11389,
35,053,0.4853760881818751,7750,15967,
35,055,0.5154573400614814,17774,34482,
35,057,0.4835481045915176,7730,15986,
35,059,0.4551706571574121,1787,3926,
35,061,0.4985955229975375,40293,80813,
36,000,0.5114928851746352,10161956,19867248,
36,001,0.5131358527834381,164185,319964,
36,003,0.4882767077528066,23095,47299,
36,005,0.5281167943936842,731296,1384724,
36,007,0.5050688146967621,99194,196397,
36,009,0.49705200397482613,37515,75475,
36,011,0.4870385022865343,36317,74567,
36,013,0.5035413561097458,62492,124105,
36,015,0.5025211120014794,40762,81115,
36,017,0.4976406850751485,22780,45776,
36,019,0.490272373540856,38178,77871,
36,021,0.493374682830561,29750,60299,
36,023,0.5098487321797802,23425,45945,
36,025,0.49120861713923647,21707,44191,
36,027,0.5029386957724786,150863,299963,
36,029,0.5128076734532433,487476,950602,
36,031,0.487372087959939,17908,36744,
36,033,0.46935394809497516,22100,47086,
36,035,0.503235841991051,26205,52073,
36,037,0.4987327268939657,28729,57604,
36,039,0.48529944779651624,22762,46903,
36,041,0.49252262888626525,2503,5082,
36,043,0.49833011664009397,29693,59585,
36,045,0.4794590772494255,54246,113140,
36,047,0.52325060331269,1369677,2617631,
36,049,0.49089198343996987,13043,26570,
36,051,0.5008853007585972,30835,61561,
36,053,0.5045771708015268,33843,67072,
36,055,0.515608839115025,387842,752202,
36,057,0.5023767321946503,24942,49648,
36,059,0.5075220584327632,706693,1392438,
36,061,0.5211565976019231,865466,1660664,
36,063,0.5080164145631532,106465,209570,
36,065,0.49913508826478997,113976,228347,
36,067,0.5139162047797843,241444,469812,
36,069,0.5075655682582381,57361,113012,
36,071,0.5017400617339418,206600,411767,
36,073,0.4965479010230308,19706,39686,
36,075,0.49604834960483496,58685,118305,
36,077,0.5152997158152138,31188,60524,
36,079,0.4978203213120751,48990,98409,
36,081,0.5114533107796349,1184956,2316841,
36,083,0.500457234570666,80448,160749,
36,085,0.5104132377381516,254294,498212,
36,087,0.5031337607426812,175163,348144,
36,089,0.4888133486506337,51911,106198,
36,091,0.5038026293892495,121094,240360,
36,093,0.5070965912942728,82282,162261,
36,095,0.4967331100129349,14977,30151,
36,097,0.5019566614099644,8594,17121,
36,099,0.48392036753445633,15800,32650,
36,101,0.49895125794707385,45911,92015,
36,103,0.5039719150027768,774055,1535909,
36,105,0.47972653822249844,38594,80450,
36,107,0.49970572161264554,23773,47574,
36,109,0.5108615367133198,53948,105602,
36,111,0.5028446198156052,92009,182977,
36,113,0.5035381693419924,32875,65288,
36,115,0.4903658149367469,29343,59839,
36,117,0.49829765197174875,45224,90757,
36,119,0.5127989849440656,516105,1006447,
36,121,0.462362332019804,18304,39588,
36,123,0.5067864025915447,12359,24387,
37,000,0.5116869201080859,5652106,11046024,
37,001,0.5204873251748252,95270,183040,
37,003,0.4884037827378519,17921,36693,
37,005,0.49529835662184724,5636,11379,
37,007,0.4786465763195435,10737,22432,
37,009,0.5020171642338443,13688,27266,
37,011,0.45831227892875187,8163,17811,
37,013,0.5201902368987796,23188,44576,
37,015,0.4918826376999823,8332,16939,
37,017,0.521409141283541,15526,29777,
37,019,0.520973957585332,87061,167112,
37,021,0.5185738333154256,144791,279210,
37,023,0.5009317296290022,44355,88545,
37,025,0.5091844442176177,124712,244925,
37,027,0.5042916062869245,40716,80739,
37,029,0.49552932761087265,5542,11184,
37,031,0.5087746765538934,35746,70259,
37,033,0.4916603317980593,10995,22363,
37,035,0.5079076226848803,84848,167054,
37,037,0.5160717266375754,43285,83874,
37,039,0.5078194449017219,15424,30373,
37,041,0.5219206680584552,7250,13891,
37,043,0.5088855671815313,6128,12042,
37,045,0.5142180558545512,52550,102194,
37,047,0.5003795900427538,25046,50054,
37,049,0.49989920032255897,52073,104167,
37,051,0.5069290547528292,171560,338430,
37,053,0.49789330193940146,16071,32278,
37,055,0.5094675640992065,19453,38183,
37,057,0.508247614012789,90371,177809,
37,059,0.5105215609369147,23169,45383,
37,061,0.5097053760462217,25760,50539,
37,063,0.5187993993504604,178274,343628,
37,065,0.5317563716309747,26122,49124,
37,067,0.5249169268328213,208992,398143,
37,069,0.5033282771934663,40151,79771,
37,071,0.5168712036692699,125088,242010,
37,073,0.5048062918729974,5199,10299,
37,075,0.4937033867220932,4038,8179,
37,077,0.49285064344209023,30332,61544,
37,079,0.42624933481689325,8811,20671,
37,081,0.5259888764817042,293931,558816,
37,083,0.5191734763363977,24397,46992,
37,085,0.5039289234475961,73622,146096,
37,087,0.5121018906230174,32287,63048,
37,089,0.5145274941832062,62140,120771,
37,091,0.5207887735406125,9983,19169,
37,093,0.50724061969593,28092,55382,
37,095,0.43486799039930174,1993,4583,
37,097,0.5044751673038995,104104,206361,
37,099,0.5074313729820454,22977,45281,
37,101,0.5100602896786952,127410,249794,
37,103,0.5067638976960473,4795,9462,
37,105,0.5045741716153319,34582,68537,
37,107,0.525988578038025,29104,55332,
37,109,0.5019413795576319,48995,97611,
37,111,0.4966754291015927,22484,45269,
37,113,0.5116615440245886,19810,38717,
37,115,0.5078740157480315,11352,22352,
37,117,0.5307810249500534,11424,21523,
37,119,0.5169706992957718,623614,1206285,
37,121,0.5025282767797737,7553,15030,
37,123,0.5089895311788802,13419,26364,
37,125,0.5118754438879511,55496,108417,
37,127,0.5183488111031738,50793,97990,
37,129,0.5258431860865563,127955,243333,
37,131,0.5184559710494572,8596,16580,
37,133,0.45393371338411115,96667,212954,
37,135,0.5215696278707719,79736,152877,
37,137,0.491792828685259,6172,12550,
37,139,0.5114684436718335,21184,41418,
37,141,0.4980521426430926,34902,70077,
37,143,0.5167161961367014,6955,13460,
37,145,0.5155319731958249,20695,40143,
37,147,0.5316926923438597,96121,180783,
37,149,0.518996062992126,10546,20320,
37,151,0.5042894015055024,74831,148389,
37,153,0.5134317694689212,21559,41990,
37,155,0.5216313730779606,61878,118624,
37,157,0.5133719002962028,48009,93517,
37,159,0.5047397381734731,77419,153384,
37,161,0.5127997926418345,33633,65587,
37,163,0.5006290974107676,30240,60404,
37,165,0.4929789368104313,16711,33898,
37,167,0.5008614799631643,33721,67326,
37,169,0.5055062476830146,23181,45857,
37,171,0.5094832767271863,36452,71547,
37,173,0.5155252778773755,7189,13945,
37,175,0.5125941999237603,17481,34103,
37,177,0.4580608473130509,1611,3517,
37,179,0.503622060398047,132647,263386,
37,181,0.5318515719110943,22517,42337,
37,183,0.5103655825335675,628997,1232444,
37,185,0.5062103663330014,9659,19081,
37,187,0.5213065515299418,5554,10654,
37,189,0.5013364365329018,27572,54997,
37,191,0.503855806146022,60633,120338,
37,193,0.5063910796845255,33516,66186,
37,195,0.5257385127191776,42037,79958,
37,197,0.5029609159099881,19110,37995,
37,199,0.5101353130100563,9689,18993,
38,000,0.4866703156541563,387666,796568,
38,001,0.5142456795889772,1101,2141,
38,003,0.4822189294313762,5207,10798,
38,005,0.486275191104934,2799,5756,
38,007,0.4487300094073377,477,1063,
38,009,0.4877171021749335,3117,6391,
38,011,0.4889119889119889,1411,2886,
38,013,0.4712163416898793,1015,2154,
38,015,0.4966394134248887,51207,103107,
38,017,0.49175147428400806,98815,200945,
38,019,0.4704233249229044,1678,3567,
38,021,0.4906693711967546,2419,4930,
38,023,0.4806967984934087,1021,2124,
38,025,0.44678739766807246,1801,4031,
38,027,0.4794283239497618,1107,2309,
38,029,0.4786537862262387,1536,3209,
38,031,0.48630755341558835,1616,3323,
38,033,0.4885793871866295,877,1795,
38,035,0.4859362079950116,35848,73771,
38,037,0.4993324432576769,1122,2247,
38,039,0.48450830713964976,1079,2227,
38,041,0.5105415460934271,1235,2419,
38,043,0.47406157739350485,1124,2371,
38,045,0.4784003949642064,1938,4051,
38,047,0.47606382978723405,895,1880,
38,049,0.475365141187926,2441,5135,
38,051,0.5079236082893133,1250,2461,
38,053,0.4696252198619943,6942,14782,
38,055,0.4881665820213306,4806,9845,
38,057,0.49089602299952084,4098,8348,
38,059,0.49339065333099374,16871,34194,
38,061,0.48184504960945745,4565,9474,
38,063,0.4842035251080811,1456,3007,
38,065,0.4675876726886291,880,1882,
38,067,0.4640255009107468,3057,6588,
38,069,0.4954580846093953,1909,3853,
38,071,0.4845351867940921,5577,11510,
38,073,0.476386404293381,2663,5590,
38,075,0.49242424242424243,1170,2376,
38,077,0.48115019810301357,8015,16658,
38,079,0.5035066712281903,5887,11692,
38,081,0.4582210242587601,1700,3710,
38,083,0.4921135646687697,624,1268,
38,085,0.5030972259628332,1868,3713,
38,087,0.4636363636363636,306,660,
38,089,0.4841117066958865,16347,33767,
38,091,0.47368421052631576,837,1767,
38,093,0.48194560475262227,10384,21546,
38,095,0.4812286689419795,987,2051,
38,097,0.48466641632244334,3872,7989,
38,099,0.4766986489132563,4869,10214,
38,101,0.48073129028015255,32895,68427,
38,103,0.49697607152248224,1890,3803,
38,105,0.46745823418296006,19055,40763,
39,000,0.5066006895052083,6020090,11883304,
39,001,0.5022586823750497,13898,27671,
39,003,0.5007534749073027,50509,100866,
39,005,0.5027088897367417,26352,52420,
39,007,0.4879058056260706,47281,96906,
39,009,0.5025783795754374,31772,63218,
39,011,0.4962109664213231,22787,45922,
39,013,0.48307364125394175,31251,64692,
39,015,0.5004063939311839,22164,44292,
39,017,0.5049181312602931,201736,399542,
39,019,0.4947845804988662,13092,26460,
39,021,0.5024288688410826,19548,38907,
39,023,0.5092936252176168,68747,134985,
39,025,0.5048266650476595,108095,214123,
39,027,0.5065565577476856,21285,42019,
39,029,0.4903879867365237,48952,99823,
39,031,0.5002837607761533,18512,37003,
39,033,0.5062701196367655,21074,41626,
39,035,0.5201677583480172,645317,1240594,
39,037,0.5010493179433368,25785,51462,
39,039,0.4931425318290032,19057,38644,
39,041,0.49986552700806,118951,237966,
39,043,0.5102585284597988,37678,73841,
39,045,0.5004589835600434,83958,167762,
39,047,0.5088944479188382,14647,28782,
39,049,0.5085419703414356,689737,1356303,
39,051,0.4981678880746169,20937,42028,
39,053,0.4990999099909991,14417,28886,
39,055,0.49852142362786017,47540,95362,
39,057,0.503368204842556,86754,172347,
39,059,0.5019231272403778,19183,38219,
39,061,0.5132780563653104,429798,837359,
39,063,0.5030660125839821,37738,75016,
39,065,0.5011841326228538,15237,30402,
39,067,0.5016379433129183,7044,14042,
39,069,0.5031231841952353,13854,27536,
39,071,0.5052643599406189,22123,43785,
39,073,0.5002369754639251,13721,27429,
39,075,0.49534342258440045,22126,44668,
39,077,0.5007220464860405,29126,58168,
39,079,0.5031323533905816,16464,32723,
39,081,0.5095148669796558,32558,63900,
39,083,0.5059986217266007,32307,63848,
39,085,0.5078886211051816,118013,232360,
39,087,0.5102545272170378,28487,55829,
39,089,0.50518123505933,93407,184898,
39,091,0.49812303352500814,22956,46085,
39,093,0.5042480514237804,162383,322030,
39,095,0.51474462280461,219431,426291,
39,097,0.4532516307570666,20637,45531,
39,099,0.5088313712984862,114887,225786,
39,101,0.46492551095789214,30209,64976,
39,103,0.5029600541638456,92859,184625,
39,105,0.49583546600902706,10656,21491,
39,107,0.4924498217970362,21002,42648,
39,109,0.5039928539526575,56422,111950,
39,111,0.49398513523867904,6447,13051,
39,113,0.5153123214926978,276951,537443,
39,115,0.49615725687259826,6714,13532,
39,117,0.4959779552982437,17819,35927,
39,119,0.5097248850800398,44133,86582,
39,121,0.3993972948349569,5699,14269,
39,123,0.5014864456313615,19905,39692,
39,125,0.4974673420421221,9330,18755,
39,127,0.49658090914186426,17719,35682,
39,129,0.477605457061038,29687,62158,
39,131,0.501311657121744,13568,27065,
39,133,0.5075348360280519,83154,163839,
39,135,0.501115168745864,20446,40801,
39,137,0.49643337426182543,16981,34206,
39,139,0.4856190880475439,60631,124853,
39,141,0.4758567183020803,36187,76046,
39,143,0.4997451839771685,29418,58866,
39,145,0.5020195548622525,36044,71798,
39,147,0.4981545770144345,27264,54730,
39,149,0.4947864531197865,23726,47952,
39,151,0.5110654894130038,191185,374091,
39,153,0.514042387205825,276745,538370,
39,155,0.5079031452820769,101733,200300,
39,157,0.5004671475751782,46067,92048,
39,159,0.5123464536188843,36746,71721,
39,161,0.5038252501125073,14554,28887,
39,163,0.49517736149860503,6212,12545,
39,165,0.49549127349556155,126875,256059,
39,167,0.5034115065487211,29365,58332,
39,169,0.49885108718019067,58182,116632,
39,171,0.49978114570224874,18269,36554,
39,173,0.5037008649127949,67031,133077,
39,175,0.5067776011965972,10842,21394,
40,000,0.5022946515755631,2057094,4095393,
40,001,0.5013369658443065,9937,19821,
40,003,0.38480392156862747,2198,5712,
40,005,0.4541095890410959,6630,14600,
40,007,0.4855721393034826,2440,5025,
40,009,0.4554566702624955,10133,22248,
40,011,0.4864108246821416,4170,8573,
40,013,0.5108239737600636,25697,50305,
40,015,0.43171204009568287,11370,26337,
40,017,0.5046599911971831,91727,181760,
40,019,0.5106746718225298,25092,49135,
40,021,0.5104763077428226,24875,48729,
40,023,0.5168618597431918,7326,14174,
40,025,0.4763244256915143,1016,2133,
40,027,0.5021648154971837,152634,303952,
40,029,0.5073882526782416,2747,5414,
40,031,0.48167155425219943,58473,121396,
40,033,0.5079047792113393,2795,5503,
40,035,0.4926237418999035,7146,14506,
40,037,0.504630192913439,37328,73971,
40,039,0.4998938654213543,14130,28266,
40,041,0.5037944985755668,21044,41771,
40,043,0.503514526710403,2149,4268,
40,045,0.49791724520966396,1793,3601,
40,047,0.4947828470979083,30680,62007,
40,049,0.5046082068147921,13195,26149,
40,051,0.4979863931588779,29059,58353,
40,053,0.49721076885762794,2050,4123,
40,055,0.43327811522179277,2354,5433,
40,057,0.5131749460043197,1188,2315,
40,059,0.4904954814583983,1574,3209,
40,061,0.5032596731860131,5944,11811,
40,063,0.445067683793284,5951,13371,
40,065,0.49985738152479525,12267,24541,
40,067,0.49888351321176033,2681,5374,
40,069,0.49742543476148837,5120,10293,
40,071,0.5005410134217372,21742,43437,
40,073,0.49418457648546144,7818,15820,
40,075,0.5030882887247184,4154,8257,
40,077,0.49616153118098644,4718,9509,
40,079,0.4946243029646568,24659,49854,
40,081,0.4965686835182432,17366,34972,
40,083,0.4986817675454883,26859,53860,
40,085,0.49525088746042406,5162,10423,
40,087,0.5006813395548582,24250,48434,
40,089,0.5056971270897581,15578,30805,
40,091,0.5095383054287164,10043,19710,
40,093,0.5093143083630598,3855,7569,
40,095,0.5007741376107017,8086,16147,
40,097,0.4978328019131128,19985,40144,
40,099,0.49651010615093794,6829,13754,
40,101,0.5068312559923298,33832,66752,
40,103,0.5110132158590308,5568,10896,
40,105,0.5044451417215773,4823,9561,
40,107,0.46374516015487505,5270,11364,
40,109,0.5094281620105574,415943,816490,
40,111,0.5028853413871212,18649,37084,
40,113,0.4967200774276804,23095,46495,
40,115,0.5066109722404947,15403,30404,
40,117,0.49556203835888524,7984,16111,
40,119,0.4858965070844072,40912,84199,
40,121,0.4926834888812075,21380,43395,
40,123,0.5078569564082485,19456,38310,
40,125,0.5176906751202214,38540,74446,
40,127,0.5113888888888889,5523,10800,
40,129,0.49969733656174337,1651,3304,
40,131,0.498091170058498,50492,101371,
40,133,0.5067020684339001,11832,23351,
40,135,0.5066452965109111,20547,40555,
40,137,0.5105615428247305,22503,44075,
40,139,0.47601691208631,9795,20577,
40,141,0.503414489311164,3391,6736,
40,143,0.508393485928186,352578,693514,
40,145,0.49964386293654184,45596,91257,
40,147,0.510488346281909,27597,54060,
40,149,0.4976473844450595,5394,10839,
40,151,0.45898391983220693,3939,8582,
40,153,0.4694112350557751,9384,19991,
41,000,0.5021946829992058,2145562,4272371,
41,001,0.4848955223880597,8122,16750,
41,003,0.49729522037634355,49182,98899,
41,005,0.5041152311691484,214681,425857,
41,007,0.5047876617206345,20718,41043,
41,009,0.49804857296117494,26926,54063,
41,011,0.5011192985728943,32235,64326,
41,013,0.5003292361720808,13677,27336,
41,015,0.511548256784052,11650,22774,
41,017,0.503855153993429,106583,211535,
41,019,0.5046634893768652,56651,112255,
41,021,0.5058346017250127,997,1971,
41,023,0.4961229381079938,3519,7093,
41,025,0.4994596055120238,3697,7402,
41,027,0.4957498737586265,11781,23764,
41,029,0.5106785764307756,113029,221331,
41,031,0.4787750626566416,12226,25536,
41,033,0.5131859168970049,45302,88276,
41,035,0.49981544052925975,35206,70438,
41,037,0.4661947766658531,3820,8194,
41,039,0.5074242408393393,194037,382396,
41,041,0.5178669061938608,26521,51212,
41,043,0.5027099657291242,66596,132474,
41,045,0.4598174222497292,14859,32315,
41,047,0.4978958077689328,175691,352867,
41,049,0.4901294498381877,6058,12360,
41,051,0.5038616805943482,401022,795897,
41,053,0.5104087289754718,46217,90549,
41,055,0.4915084915084915,984,2002,
41,057,0.4960020539906103,13523,27264,
41,059,0.47374240598327766,38132,80491,
41,061,0.49815795533041674,12981,26058,
41,063,0.5128955065142249,3858,7522,
41,065,0.5030746595238993,13335,26507,
41,067,0.5005840280595217,305993,611272,
41,069,0.5089285714285714,741,1456,
41,071,0.49611312519163825,55012,110886,
42,000,0.5068944274571784,6629546,13078751,
42,001,0.5035305891728599,54338,107914,
42,003,0.5116088954988335,630207,1231814,
42,005,0.4988771808602522,31768,63679,
42,007,0.5091156216020297,84279,165540,
42,009,0.49950674810570284,23798,47643,
42,011,0.50443275937848,221505,439117,
42,013,0.5048931977483807,60723,120269,
42,015,0.49935509807534467,29811,59699,
42,017,0.505118199255227,328393,650131,
42,019,0.5021796820523625,100105,199341,
42,021,0.4995234728072063,64992,130108,
42,023,0.4919503219871205,2139,4348,
42,025,0.49836484492645605,32764,65743,
42,027,0.4724195112793717,75495,159805,
42,029,0.5039634771598498,282595,560745,
42,031,0.5062542395875729,18658,36855,
42,033,0.47066502841345415,36774,78132,
42,035,0.5048461640036973,19116,37865,
42,037,0.5151033145488699,34003,66012,
42,039,0.5060117677155282,41538,82089,
42,041,0.5020252907272172,138316,275516,
42,043,0.5119083776691045,150004,293029,
42,045,0.5151722911630038,301315,584882,
42,047,0.4883481609348028,14711,30124,
42,049,0.5028197945845004,134630,267750,
42,051,0.4991891303120033,61870,123941,
42,053,0.28495682472352674,1881,6601,
42,055,0.5067583262705214,80719,159285,
42,057,0.4857459175200664,7020,14452,
42,059,0.47644287396937574,16180,33960,
42,061,0.4648861827994188,20157,43359,
42,063,0.5007534386942003,41539,82953,
42,065,0.49641432425577053,21528,43367,
42,067,0.49360974567215216,11548,23395,
42,069,0.5083671878962829,110244,216859,
42,071,0.508735240807182,286567,563293,
42,073,0.5110942267282419,43051,84233,
42,075,0.5067678693082116,73643,145319,
42,077,0.5085659462472936,196131,385655,
42,079,0.5001795527175832,165749,331379,
42,081,0.5065350241972517,57358,113236,
42,083,0.48315517503419625,19074,39478,
42,085,0.5030978361383391,54405,108140,
42,087,0.5051921192990094,23206,45935,
42,089,0.49826750659068114,82973,166523,
42,091,0.5094996530897759,447947,879190,
42,093,0.5028981507038366,9110,18115,
42,095,0.5045992278374806,162980,322989,
42,097,0.4917969053728326,44275,90027,
42,099,0.4922248803827751,23044,46816,
42,101,0.5277829312364828,830686,1573916,
42,103,0.4910702834423496,30631,62376,
42,105,0.4989057712749328,7979,15993,
42,107,0.4847186952941746,70053,144523,
42,109,0.49955838191132307,19796,39627,
42,111,0.47407602517536807,34197,72134,
42,113,0.47882571283954783,2838,5927,
42,115,0.4943832020997375,18836,38100,
42,117,0.4963143151997641,20199,40698,
42,119,0.4688678573969971,19767,42159,
42,121,0.5001414827391059,24745,49476,
42,123,0.49492949455489255,18497,37373,
42,125,0.5051892754973055,106309,210434,
42,127,0.46935957525428346,24134,51419,
42,129,0.5062618433613062,177665,350935,
42,131,0.4947421520313531,12750,25771,
42,133,0.5014175367116543,236288,471240,
44,000,0.509874063658627,567137,1112308,
44,001,0.5143483896699571,25792,50145,
44,003,0.5109886923746013,88120,172450,
44,005,0.5070685771792783,42324,83468,
44,007,0.5087910852300299,343898,675912,
44,009,0.5140908288768002,67003,130333,
45,000,0.5141363184956791,2816866,5478831,
45,001,0.5159507457227618,12696,24607,
45,003,0.5158414460654411,92462,179245,
45,005,0.4595417825453582,3470,7551,
45,007,0.5161729969656925,112104,217183,
45,009,0.5224553224553224,6724,12870,
45,011,0.5159795071968772,10575,20495,
45,013,0.5072085243464255,102342,201775,
45,015,0.5039125762460458,133172,264276,
45,017,0.5182118043371464,7384,14249,
45,019,0.5158967148568101,222352,431001,
45,021,0.5104725636143327,29490,57770,
45,023,0.517588095164434,16730,32323,
45,025,0.5140262542708146,22868,44488,
45,027,0.5041250402835965,15643,31030,
45,029,0.5180468172903029,20338,39259,
45,031,0.5279134961954345,32955,62425,
45,033,0.5332704790223737,14706,27577,
45,035,0.514396294578703,89846,174663,
45,037,0.44932948565608555,13235,29455,
45,039,0.5177475575629633,10546,20369,
45,041,0.5319705322023339,73438,138049,
45,043,0.5252971908836224,34688,66035,
45,045,0.514063198100728,293399,570745,
45,047,0.5299324681258121,37117,70041,
45,049,0.47919876733436056,8708,18172,
45,051,0.5170746339422,213754,413391,
45,053,0.49444101297096976,17611,35618,
45,055,0.515858182933973,36986,71698,
45,057,0.5107028982911188,57021,111652,
45,059,0.5138989297611454,36253,70545,
45,061,0.5096503321218198,8133,15958,
45,063,0.5134332353859784,161102,313774,
45,065,0.4796153460883502,4788,9983,
45,067,0.5303510998307953,15045,28368,
45,069,0.4727037414699192,12053,25498,
45,071,0.5090171670535418,19955,39203,
45,073,0.5054016368596544,41683,82475,
45,075,0.5328585692117072,44296,83129,
45,077,0.5014290158964452,69301,138207,
45,079,0.519720144618264,223818,430651,
45,081,0.48894715196380834,9511,19452,
45,083,0.5128312065342202,189366,369256,
45,085,0.519546461021608,54436,104776,
45,087,0.5260514281430392,14034,26678,
45,089,0.5091913611250628,15207,29865,
45,091,0.5132821343823948,155525,303001,
46,000,0.491023274274362,454034,924669,
46,003,0.482921511627907,1329,2752,
46,005,0.5018757387327201,9766,19459,
46,007,0.49437519002736396,1626,3289,
46,009,0.4058831848394852,2870,7071,
46,011,0.4821639759069281,17531,36359,
46,013,0.502893719162555,18856,37495,
46,015,0.49876449344231133,2624,5261,
46,017,0.496986301369863,907,1825,
46,019,0.4880176292351483,5315,10891,
46,021,0.47690014903129657,640,1342,
46,023,0.49298940383174567,4606,9343,
46,025,0.482637141419225,1918,3974,
46,027,0.5039029189898327,7682,15245,
46,029,0.4926566022269281,14424,29278,
46,031,0.5001334400854016,1874,3747,
46,033,0.4994640943193998,4660,9330,
46,035,0.49670970010549054,9888,19907,
46,037,0.4914940828402367,2658,5408,
46,039,0.4828143021914648,2093,4335,
46,041,0.5050732807215332,2688,5322,
46,043,0.5068445068445069,1444,2849,
46,045,0.490687856965483,1976,4027,
46,047,0.48878923766816146,3597,7359,
46,049,0.4934456928838951,1054,2136,
46,051,0.4792596482016277,3651,7618,
46,053,0.49172749391727494,2021,4110,
46,055,0.49345692475463465,905,1834,
46,057,0.47695573074590664,3146,6596,
46,059,0.49015175976751696,1518,3097,
46,061,0.4823123382226057,1677,3477,
46,063,0.4830188679245283,640,1325,
46,065,0.5013123359580053,8786,17526,
46,067,0.49905609492988134,3701,7416,
46,069,0.48641975308641977,591,1215,
46,071,0.5111435878699305,1399,2737,
46,073,0.47602131438721135,804,1689,
46,075,0.5091533180778032,445,874,
46,077,0.49002090857251474,2578,5261,
46,079,0.4757405051789933,5236,11006,
46,081,0.49186018258183206,14170,28809,
46,083,0.5026978895327202,37825,75244,
46,085,0.4678849771566783,1741,3721,
46,087,0.48466470282446716,2797,5771,
46,089,0.49501517121803207,1142,2307,
46,091,0.4630261660978385,2035,4395,
46,093,0.4774241542143735,14761,30918,
46,095,0.4945474372955289,907,1834,
46,097,0.46938775510204084,1081,2303,
46,099,0.4886622347691467,101954,208639,
46,101,0.4907336498698116,3204,6529,
46,102,0.5027694610778443,6717,13360,
46,103,0.488666051612792,56675,115979,
46,105,0.5038841807909604,1427,2832,
46,107,0.49666944213155706,1193,2402,
46,109,0.493241272002334,5072,10283,
46,111,0.48954849498327757,1171,2392,
46,115,0.4993451211525868,3050,6108,
46,117,0.49585406301824214,1495,3015,
46,119,0.4652588555858311,683,1468,
46,121,0.5104666375926733,4682,9172,
46,123,0.48976736050376074,2800,5717,
46,125,0.4947727522834819,4496,9087,
46,127,0.49597747385358004,8631,17402,
46,129,0.4988614800759013,2629,5270,
46,135,0.48317665574886215,11359,23509,
46,137,0.5016542597187759,1213,2418,
47,000,0.5094257549029781,3682002,7227750,
47,001,0.5054205699271938,41166,81449,
47,003,0.5021759976395958,27232,54228,
47,005,0.501638533358066,8113,16173,
47,007,0.42428324033096015,6615,15591,
47,009,0.5083502682633552,72293,142211,
47,011,0.5117856954527078,58232,113782,
47,013,0.5022615438143049,20210,40238,
47,015,0.4962356359793951,7514,15142,
47,017,0.5041055416222902,14673,29107,
47,019,0.506511822265557,29091,57434,
47,021,0.49788752229837574,21212,42604,
47,023,0.5158872230924144,9222,17876,
47,025,0.5081644995464167,16805,33070,
47,027,0.5077001400025455,3989,7857,
47,029,0.5120491541653367,19251,37596,
47,031,0.5070082401892796,31072,61285,
47,033,0.5146353682101196,7191,13973,
47,035,0.509341948855497,33422,65618,
47,037,0.5153288873962482,375935,729505,
47,039,0.5000847457627119,5901,11800,
47,041,0.49280360509495563,10717,21747,
47,043,0.5060633923769539,29170,57641,
47,045,0.5154520231849024,18764,36403,
47,047,0.5067452109002608,22538,44476,
47,049,0.5104078692433802,10274,20129,
47,051,0.5080311053016372,22931,45137,
47,053,0.515693671969196,26518,51422,
47,055,0.5173872332181718,16024,30971,
47,057,0.4923224185378694,12344,25073,
47,059,0.5047412736041854,37047,73398,
47,061,0.49809160305343514,7047,14148,
47,063,0.5052647123975486,34214,67715,
47,065,0.5145059235325794,198731,386256,
47,067,0.505541346973572,3558,7038,
47,069,0.4462137296532201,11349,25434,
47,071,0.5098671108375276,14081,27617,
47,073,0.5030065183338667,29864,59371,
47,075,0.5265836111598526,9003,17097,
47,077,0.5113721037504879,14412,28183,
47,079,0.5120883131101177,16839,32883,
47,081,0.4793302138520438,12395,25859,
47,083,0.5081986413680019,4339,8538,
47,085,0.4970849953973612,9720,19554,
47,087,0.49111182934712344,6078,12376,
47,089,0.5067125994224632,30006,59217,
47,091,0.46303901437371664,8569,18506,
47,093,0.5095214978648165,258199,506748,
47,095,0.39302398006851447,2524,6422,
47,097,0.4815265935850589,11860,24630,
47,099,0.5062517485527364,23524,46467,
47,101,0.5102101654493963,6846,13418,
47,103,0.5071970830725695,18640,36751,
47,105,0.5069291313235366,31495,62129,
47,107,0.5097438066039398,28930,56754,
47,109,0.5066467455847987,13225,26103,
47,111,0.5071904078855419,13790,27189,
47,113,0.5205808244280891,52271,100409,
47,115,0.5049956413867096,15062,29826,
47,117,0.5065394879382779,19171,37847,
47,119,0.5119432859246458,58060,113411,
47,121,0.494008753677262,6885,13937,
47,123,0.50262440493144,24706,49154,
47,125,0.5017498221725435,123443,246025,
47,127,0.5043555293075447,3416,6773,
47,129,0.4520360754304455,9924,21954,
47,131,0.5151184693169426,15588,30261,
47,133,0.4990021655131417,11752,23551,
47,135,0.5016134416379214,4508,8987,
47,137,0.5060689115113547,2585,5108,
47,139,0.5014723524920929,9196,18338,
47,141,0.4983744434235635,42309,84894,
47,143,0.5017405564026584,17440,34759,
47,145,0.5019209756441436,28480,56742,
47,147,0.5027211664691112,39443,78459,
47,149,0.5068833621576887,191093,376996,
47,151,0.5066394279877426,11408,22517,
47,153,0.4910896708286039,8653,17620,
47,155,0.5050507066996726,50598,100184,
47,157,0.5262297782610128,479148,910530,
47,159,0.49983159312899966,10388,20783,
47,161,0.4941872607030978,7099,14365,
47,163,0.5101565429033269,83004,162703,
47,165,0.5088252936647758,107729,211721,
47,167,0.5092865068261856,31671,62187,
47,169,0.42404803026564686,5156,12159,
47,171,0.5005595344673232,8946,17872,
47,173,0.5016141283706799,10566,21064,
47,175,0.5043374214777147,3372,6686,
47,177,0.5008138655173204,21845,43619,
47,179,0.5097964795691841,71189,139642,
47,181,0.45110805058219605,7206,15974,
47,183,0.5083529340811772,16858,33162,
47,185,0.5054967706472447,14714,29108,
47,187,0.5059263717971583,136163,269136,
47,189,0.5075258314307906,86253,169948,
48,000,0.5008866654899642,15673160,31290831,
48,001,0.38935004704933457,23171,59512,
48,003,0.4941605453680706,9351,18923,
48,005,0.5112039412445797,45034,88094,
48,007,0.5035358468450869,12888,25595,
48,009,0.4974330966684872,4554,9155,
48,011,0.4930901050304035,892,1809,
48,013,0.49856961521702065,26316,52783,
48,015,0.49668161986111964,16165,32546,
48,017,0.484710567486844,3408,7031,
48,019,0.5060884800700832,11554,22830,
48,021,0.4890238490920639,56204,114931,
48,023,0.4981602037928106,1760,3533,
48,025,0.372253890988279,11624,31226,
48,027,0.5024350689977927,200762,399578,
48,029,0.5030179951751556,1070290,2127737,
48,031,0.5028447372361132,6717,13358,
48,033,0.5134649910233393,286,557,
48,035,0.5089149529269448,9676,19013,
48,037,0.4988259848682494,45888,91992,
48,039,0.4975993649933208,205620,413224,
48,041,0.49526087235201743,123629,249624,
48,043,0.49421539755994953,4699,9508,
48,045,0.48058902275769744,718,1494,
48,047,0.4617210682492582,3112,6740,
48,049,0.5042841241489995,19481,38631,
48,051,0.5070617969175876,10232,20179,
48,053,0.5085603531818671,28338,55722,
48,055,0.49469769216097653,25937,52430,
48,057,0.4911242603550296,9794,19942,
48,059,0.5013342456380431,7327,14615,
48,061,0.5049088391521601,218057,431874,
48,063,0.5151169857186265,6781,13164,
48,065,0.4859154929577465,2829,5822,
48,067,0.5142198308993082,14718,28622,
48,069,0.4788617886178862,3534,7380,
48,071,0.4973566635219566,27941,56179,
48,073,0.48924337222629316,26039,53223,
48,075,0.4102410540500075,2740,6679,
48,077,0.4945013979496738,5306,10730,
48,079,0.4823848238482385,1246,2583,
48,081,0.5047114252061249,1714,3396,
48,083,0.5032540675844805,4021,7990,
48,085,0.5012800300958509,628935,1254658,
48,087,0.5067024128686327,1323,2611,
48,089,0.5017927823050058,10776,21475,
48,091,0.5019739321919575,101212,201628,
48,093,0.495995542865102,7122,14359,
48,095,0.3496692723992784,1163,3326,
48,097,0.5019657463057526,22216,44258,
48,099,0.4952761375477596,42777,86370,
48,101,0.5003958828186856,632,1263,
48,103,0.4960818458859382,2279,4594,
48,105,0.4976777420507324,1393,2799,
48,107,0.4922465208747515,2476,5030,
48,109,0.4884649511978705,1101,2254,
48,111,0.4744884400744087,3571,7526,
48,113,0.5030651032293334,1336155,2656028,
48,115,0.42753869705732267,5027,11758,
48,117,0.49797242497972427,9210,18495,
48,119,0.5119532495130158,2891,5647,
48,121,0.5037316289038579,526460,1045120,
48,123,0.4670649812364211,9459,20252,
48,125,0.4985507246376812,860,1725,
48,127,0.5010389927881677,4099,8181,
48,129,0.5139367366113373,1641,3193,
48,131,0.46927490871152844,4498,9585,
48,133,0.497156916347731,9093,18290,
48,135,0.48490783545658794,82445,170022,
48,137,0.47433116413593635,656,1383,
48,139,0.5060997387977813,117611,232387,
48,141,0.5017458642770364,439421,875784,
48,143,0.5074388709097447,22579,44496,
48,145,0.5231523208652546,9287,17752,
48,147,0.463751617076326,17924,38650,
48,149,0.5081214689265536,12951,25488,
48,151,0.49331514324693043,1808,3665,
48,153,0.5079333597778659,2561,5042,
48,155,0.51661918328585,544,1053,
48,157,0.5080433290137871,486926,958434,
48,159,0.501008064516129,5467,10912,
48,161,0.4789053039476871,9887,20645,
48,163,0.4173668032786885,8147,19520,
48,165,0.48654551808492047,11138,22892,
48,167,0.5075488490965061,186477,367407,
48,169,0.3967707212055974,1843,4645,
48,171,0.5123761497212259,14428,28159,
48,173,0.4570685169124024,527,1153,
48,175,0.4954992383326409,3578,7221,
48,177,0.4969560878243513,9959,20040,
48,179,0.46107813098429723,9631,20888,
48,181,0.5104828209284404,76844,150532,
48,183,0.5122711735962551,64894,126679,
48,185,0.4582037790002392,15326,33448,
48,187,0.5019675558242727,97967,195166,
48,189,0.471411135104685,15063,31953,
48,191,0.4975247524752475,1407,2828,
48,193,0.5005784359093013,4327,8644,
48,195,0.4912105473431882,2459,5006,
48,197,0.5127304653204565,1752,3417,
48,199,0.5083688426793932,29826,58670,
48,201,0.5035444059871016,2522406,5009302,
48,203,0.5106207089813647,36443,71370,
48,205,0.411128903122498,2054,4996,
48,207,0.46789328426862925,2543,5435,
48,209,0.5019159056121139,146574,292029,
48,211,0.49170389278876836,1541,3134,
48,213,0.5085117815861983,44478,87467,
48,215,0.505626243414005,462557,914820,
48,217,0.49898119728663176,19346,38771,
48,219,0.5021157870262729,10798,21505,
48,221,0.5105025605416197,35289,69126,
48,223,0.5104940181518152,19799,38784,
48,225,0.46695499391809703,10365,22197,
48,227,0.4571400771900237,14095,30833,
48,229,0.3317627494456763,1197,3608,
48,231,0.5071128367964018,60209,118729,
48,233,0.4926727853557122,9716,19721,
48,235,0.5072083879423329,774,1526,
48,237,0.4333900829963822,4073,9398,
48,239,0.4999345721015441,7641,15284,
48,241,0.5036314461968578,16573,32907,
48,243,0.5095613048368954,906,1778,
48,245,0.48455983114653395,123053,253948,
48,247,0.48352607462360897,2216,4583,
48,249,0.5019029985084607,19517,38886,
48,251,0.4980978118899818,104873,210547,
48,253,0.3561630695443645,7426,20850,
48,255,0.4091299464887362,6193,15137,
48,257,0.509808976439248,100855,197829,
48,259,0.5061549741452497,26233,51828,
48,261,0.46060606060606063,152,330,
48,263,0.4907539118065434,345,703,
48,265,0.516252319109462,27826,53900,
48,267,0.5119291070211316,2253,4401,
48,269,0.4930232558139535,106,215,
48,271,0.4205578188655594,1342,3191,
48,273,0.49589383089153144,15096,30442,
48,275,0.4986175115207373,1623,3255,
48,277,0.5173954613748561,26516,51249,
48,279,0.49806888941436117,6319,12687,
48,281,0.5004035855388929,11779,23539,
48,283,0.3984129360682737,2661,6679,
48,285,0.507643775782577,10460,20605,
48,287,0.49520351200476936,9137,18451,
48,289,0.4980237154150198,8316,16698,
48,291,0.5032336016411397,57893,115042,
48,293,0.49842704594798176,11249,22569,
48,295,0.48125,1386,2880,
48,297,0.41422244505724076,4957,11967,
48,299,0.5162975434960929,11959,23163,
48,301,0.3541666666666667,17,48,
48,303,0.5066280994764718,165867,327394,
48,305,0.48151881720430106,2866,5952,
48,307,0.4983888292158969,3712,7448,
48,309,0.5083629853749473,137440,270358,
48,311,0.4778761061946903,270,565,
48,313,0.4359731930532536,6050,13877,
48,315,0.5075226710634789,4925,9704,
48,317,0.49449700714423633,2561,5179,
48,319,0.490845247052922,1957,3987,
48,321,0.5024319199802149,18284,36391,
48,323,0.5040711213857111,29654,58829,
48,325,0.4777144500979881,26570,55619,
48,327,0.4986917844060701,953,1911,
48,329,0.4884931939625355,89681,183587,
48,331,0.5054856837035054,13223,26159,
48,333,0.49879465264080647,2276,4563,
48,335,0.3789027653880464,3398,8968,
48,337,0.5079488350845135,11119,21890,
48,339,0.5036145317650574,377516,749613,
48,341,0.48376920263350404,10581,21872,
48,343,0.5185489166119501,6318,12184,
48,345,0.503448275862069,511,1015,
48,347,0.5190025559883155,34113,65728,
48,349,0.5058284541772062,28596,56533,
48,351,0.5028552233792408,5988,11908,
48,353,0.49499365392751377,7020,14182,
48,355,0.5033996460176992,177763,353125,
48,357,0.4959349593495935,4819,9717,
48,359,0.47723532638507954,870,1823,
48,361,0.5044765720257794,43443,86115,
48,363,0.5056729846845953,15287,30231,
48,365,0.49969594301103293,11504,23022,
48,367,0.49880639040215463,89639,179707,
48,369,0.4694384114179336,4539,9669,
48,371,0.4312805872756933,6345,14712,
48,373,0.4610748645361053,25017,54258,
48,375,0.48664183725981036,55793,114649,
48,377,0.4778403095321843,2717,5686,
48,379,0.4891026604539306,6508,13306,
48,381,0.5065594133393558,76261,150547,
48,383,0.4705320165657853,1477,3139,
48,385,0.5018037518037518,1391,2772,
48,387,0.5179548563611491,6058,11696,
48,389,0.453830712612914,5426,11956,
48,391,0.5039323341742098,3396,6739,
48,393,0.5197132616487455,435,837,
48,395,0.5102214168412708,9010,17659,
48,397,0.5032398353813374,68966,137044,
48,399,0.4879499538508871,4758,9751,
48,401,0.47328201382255436,25269,53391,
48,403,0.4947305627361304,4976,10058,
48,405,0.5095918630101712,3958,7767,
48,407,0.5047739207529155,14803,29326,
48,409,0.4932906096520072,35254,71467,
48,411,0.46296296296296297,2550,5508,
48,413,0.4900086880973067,1128,2302,
48,415,0.47566467213620384,7711,16211,
48,417,0.5011044493531083,1588,3169,
48,419,0.5033895502645502,12178,24192,
48,421,0.4745579213280404,1315,2771,
48,423,0.5160403226130209,128541,249091,
48,425,0.4947514359279065,4996,10098,
48,427,0.5111207893432652,34034,66587,
48,429,0.4579419525065963,4339,9475,
48,431,0.48666186012977647,675,1387,
48,433,0.5214574898785425,644,1235,
48,435,0.4973998164576323,1626,3269,
48,437,0.4547040860840483,3127,6877,
48,439,0.5088241042754139,1135038,2230708,
48,441,0.5065081679691963,75375,148813,
48,443,0.46657381615598886,335,718,
48,445,0.48258920875711087,5599,11602,
48,447,0.49673629242819844,761,1532,
48,449,0.5052144419437664,15938,31547,
48,451,0.5001040773336219,60064,120103,
48,453,0.4873545114378043,664638,1363767,
48,455,0.5119746014217682,7418,14489,
48,457,0.4559338521400778,9374,20560,
48,459,0.5051759364358683,22253,44050,
48,461,0.4984015345268542,1559,3128,
48,463,0.5064046463521362,12730,25138,
48,465,0.4821975457822038,23145,47999,
48,467,0.507181795908367,33121,65304,
48,469,0.5088690469716908,46790,91949,
48,471,0.41001170540598647,34327,83722,
48,473,0.5023268672533752,32706,65109,
48,475,0.4905780032614604,5415,11038,
48,477,0.5127215022480826,19386,37810,
48,479,0.502959794445483,137219,272823,
48,481,0.5057214226240038,21258,42035,
48,483,0.5016583747927031,2420,4824,
48,485,0.4810745937961595,62532,129984,
48,487,0.4989160979526295,6214,12455,
48,489,0.45024217306636044,9017,20027,
48,491,0.49990515203167096,363671,727480,
48,493,0.49396372823242807,27373,55415,
48,495,0.47270017612789594,3489,7381,
48,497,0.4980006151953245,40475,81275,
48,499,0.4969636042837799,24223,48742,
48,501,0.4838411819021237,3668,7581,
48,503,0.49665496819477956,9057,18236,
48,505,0.4985165352051523,6889,13819,
48,507,0.4976653273971115,4583,9209,
49,000,0.4930384720001895,1727416,3503613,
49,001,0.46875,3480,7424,
49,003,0.48546475358702434,31128,64120,
49,005,0.4973296583199874,72355,145487,
49,007,0.4995391257944016,10297,20613,
49,009,0.4445606694560669,425,956,
49,011,0.49324385023912065,186678,378470,
49,013,0.4896889871653127,10187,20803,
49,015,0.48223600039366205,4900,10161,
49,017,0.48374291115311907,2559,5290,
49,019,0.5067429505516959,4960,9788,
49,021,0.49742174229555935,32798,65936,
49,023,0.4851470256448823,6451,13297,
49,025,0.4972434017595308,4239,8525,
49,027,0.4818007662835249,6539,13572,
49,029,0.48079126250668297,6295,13093,
49,031,0.49674054758800523,762,1534,
49,033,0.47601744186046513,1310,2752,
49,035,0.49307721779796326,599717,1216274,
49,037,0.5024313403191563,7336,14601,
49,039,0.46882728101002213,14408,30732,
49,041,0.4883214920071048,10997,22520,
49,043,0.4879491521492032,21035,43109,
49,045,0.4892529116560932,41336,84488,
49,047,0.49288641762602137,18881,38307,
49,049,0.4923986328245235,367937,747234,
49,051,0.4862380474404353,18408,37858,
49,053,0.5025319438499973,104498,207943,
49,055,0.49616564417177916,1294,2608,
49,057,0.49328910103651336,136206,276118,
50,000,0.5037756768384547,326695,648493,
50,001,0.4982258785186743,18956,38047,
50,003,0.5076000971948487,18801,37039,
50,005,0.49945963648272473,15251,30535,
50,007,0.5107315731251207,87259,170851,
50,009,0.4894815305615372,2955,6037,
50,011,0.4985704774213763,25460,51066,
50,013,0.4875132837407014,3670,7528,
50,015,0.49607589149649495,13021,26248,
50,017,0.4976705490848586,14955,30050,
50,019,0.4928586885955421,13665,27726,
50,021,0.5026745074587196,30260,60198,
50,023,0.5028407192032618,30092,59844,
50,025,0.5039559909702588,22994,45627,
50,027,0.5087959512626307,29356,57697,
51,000,0.506245634105249,4460629,8811195,
51,001,0.506479901828739,16922,33411,
51,003,0.5192945368373496,60920,117313,
51,005,0.5077911427009295,7430,14632,
51,007,0.5032808398950132,6903,13716,
51,009,0.5197788309636651,16451,31650,
51,011,0.5048652473904582,8561,16957,
51,013,0.4971581313306117,119222,239807,
51,015,0.49184706570679965,38670,78622,
51,017,0.49127978383689513,2000,4071,
51,019,0.504356185052688,41449,82182,
51,021,0.44730035564177173,2767,6186,
51,023,0.5055817633097952,17255,34129,
51,025,0.4662222222222222,7343,15750,
51,027,0.4806247316444826,8955,18632,
51,029,0.44347063978965817,7590,17115,
51,031,0.5148530952983268,28493,55342,
51,033,0.5013890133524509,16785,33477,
51,035,0.5003761712605157,14632,29242,
51,036,0.5012187690432663,3290,6564,
51,037,0.4984011369692663,5611,11258,
51,041,0.517210416810974,201605,389793,
51,043,0.5001282215668675,7801,15598,
51,045,0.4992752122592669,2411,4829,
51,047,0.49918930957683744,28017,56125,
51,049,0.518982309679984,5222,10062,
51,051,0.4881813436731042,6547,13411,
51,053,0.5064739641657335,14473,28576,
51,057,0.5192361696152766,5547,10683,
51,059,0.501016861554364,581643,1160925,
51,061,0.5018915178277203,38076,75865,
51,063,0.5004470558181121,7836,15658,
51,065,0.5336394628817922,15340,28746,
51,067,0.5017344572856193,27915,55637,
51,069,0.5000560600964233,49060,98109,
51,071,0.502449646162221,8307,16533,
51,073,0.5027892613438263,20189,40154,
51,075,0.510541048081352,14409,28223,
51,077,0.4736324926301998,7230,15265,
51,079,0.5106236203090507,11103,21744,
51,081,0.371390134529148,4141,11150,
51,083,0.5215558478832815,17445,33448,
51,085,0.5049042138948391,58220,115309,
51,087,0.5237469589248175,177391,338696,
51,089,0.5144072086665992,25404,49385,
51,091,0.49659284497444633,1166,2348,
51,093,0.5033217722632016,20607,40942,
51,095,0.5164317547737237,42759,82797,
51,097,0.4947384022528531,3338,6747,
51,099,0.49118545252637424,14154,28816,
51,101,0.5042637271214643,9698,19232,
51,103,0.5266678719942144,5826,11062,
51,105,0.46942148760330576,10224,21780,
51,107,0.49969777617393657,221556,443380,
51,109,0.5021016884751478,21143,42109,
51,111,0.4681592039800995,5646,12060,
51,113,0.5129104687061465,7310,14252,
51,115,0.5079051383399209,4369,8602,
51,117,0.5109654814430314,15750,30824,
51,119,0.5073522696136633,5555,10949,
51,121,0.47980767288228043,47500,98998,
51,125,0.5149668156575917,7604,14766,
51,127,0.4823278712616651,13128,27218,
51,131,0.5273242252582473,6330,12004,
51,133,0.5024602726466081,6229,12397,
51,135,0.45566786079836236,7123,15632,
51,137,0.5110809008361976,19925,38986,
51,139,0.5041796842016381,11942,23686,
51,141,0.49930667899237346,8642,17308,
51,143,0.4990573977444875,29649,59410,
51,145,0.48524326994319583,15718,32392,
51,147,0.4873855270246005,10857,22276,
51,149,0.43809217921952787,19096,43589,
51,153,0.4984376351853007,247725,497003,
51,155,0.4937609815658596,16580,33579,
51,157,0.5018050541516246,3753,7479,
51,159,0.437438958220293,4031,9215,
51,161,0.5162944089424045,50253,97334,
51,163,0.5052306866952789,11301,22368,
51,165,0.5062390218308734,44384,87674,
51,167,0.5055861526357199,12852,25420,
51,169,0.49420235646156724,10570,21388,
51,171,0.5052705706300478,22960,45441,
51,173,0.50708720870371,14775,29137,
51,175,0.4797391449751965,8607,17941,
51,177,0.5032265279139067,76501,152021,
51,179,0.4945151226327411,83533,168919,
51,181,0.4981000151998784,3277,6579,
51,183,0.4210917883381382,4528,10753,
51,185,0.49661736334405143,19306,38875,
51,187,0.4941711217352394,20983,42461,
51,191,0.5030869902769048,27216,54098,
51,193,0.5044970106576553,9704,19235,
51,195,0.47339376090126667,16556,34973,
51,197,0.5065836298932385,14235,28100,
51,199,0.5037809830555945,35975,71410,
51,510,0.5144498497819009,81850,159102,
51,520,0.5187545967148811,8464,16316,
51,530,0.5234766752773135,3445,6581,
51,540,0.5203833180691134,23296,44767,
51,550,0.5104256128503473,130157,254997,
51,570,0.53293349041448,9952,18674,
51,580,0.5092707045735476,2884,5663,
51,590,0.5396851856261758,22663,41993,
51,595,0.5333209922251018,2881,5402,
51,600,0.5068337129840547,13350,26340,
51,610,0.5063190102434482,7612,15034,
51,620,0.5413830168398424,4533,8373,
51,630,0.5198386236329688,15591,29992,
51,640,0.5270811693129545,3552,6739,
51,650,0.5215994651007296,71770,137596,
51,660,0.5139160347119068,26294,51164,
51,670,0.5363952982150632,12321,22970,
51,678,0.5057677518584979,3946,7802,
51,680,0.5306907759554675,42615,80301,
51,683,0.49183785766691124,21452,43616,
51,685,0.4896153151526097,8133,16611,
51,690,0.5279745554431112,7304,13834,
51,700,0.5164758325321214,94544,183056,
51,710,0.49487029705112395,114367,231105,
51,720,0.527027027027027,1833,3478,
51,730,0.5469786834223971,18629,34058,
51,735,0.49237591411233855,6329,12854,
51,740,0.5202006591903153,50190,96482,
51,750,0.53302842586696,9207,17273,
51,760,0.5278508912713188,123335,233655,
51,770,0.5244505270038402,51350,97912,
51,775,0.522888683032268,13547,25908,
51,790,0.5346155305185691,14093,26361,
51,800,0.5142621599340478,53023,103105,
51,810,0.5109540729274771,232386,454808,
51,820,0.5171078389650183,12151,23498,
51,830,0.534061135371179,8561,16030,
51,840,0.5032014388489209,13989,27800,
53,000,0.4965027179581261,3951258,7958180,
53,001,0.49189600266172345,10349,21039,
53,003,0.5122763397415975,11538,22523,
53,005,0.49538475640496815,108088,218190,
53,007,0.49446003841040037,40164,81228,
53,009,0.5076323148361939,39574,77958,
53,011,0.5039837350574374,265735,527269,
53,013,0.506832298136646,2040,4025,
53,015,0.5014125037286589,57152,113982,
53,017,0.47828365542089746,21903,45795,
53,019,0.48972557337929207,3694,7543,
53,021,0.4839487149094214,48994,101238,
53,023,0.49584026622296173,1192,2404,
53,025,0.48563270529140445,50854,104717,
53,027,0.48917104232729514,38103,77893,
53,029,0.498034182104119,43069,86478,
53,031,0.5144944614659439,17464,33944,
53,033,0.4931491220236124,1154073,2340211,
53,035,0.4882666477151588,137408,281420,
53,037,0.4962633895208835,23906,48172,
53,039,0.48072458962029513,11597,24124,
53,041,0.4966857746786293,43236,87049,
53,043,0.4801045354914854,5695,11862,
53,045,0.48391544117647056,33696,69632,
53,047,0.47470072537937785,21334,44942,
53,049,0.5026603423386266,12187,24245,
53,051,0.48855707507675133,7002,14332,
53,053,0.4986654908252494,469329,941170,
53,055,0.5070709235054639,9466,18668,
53,057,0.5024032666345226,66687,132736,
53,059,0.48704581358609794,6166,12660,
53,061,0.4956469813554477,428295,864113,
53,063,0.5006916126896989,278358,555947,
53,065,0.49713353055187187,24367,49015,
53,067,0.5099665909571096,154475,302912,
53,069,0.4891666666666667,2348,4800,
53,071,0.489849842108655,30404,62068,
53,073,0.5055159733394622,118773,234954,
53,075,0.4926754685014153,23845,48399,
53,077,0.4978203099917609,128698,258523,
54,000,0.5006624372379559,886162,1769979,
54,001,0.5075151278547726,7800,15369,
54,003,0.5010969498191317,68293,136287,
54,005,0.4994145199063232,10236,20496,
54,007,0.48651564185544766,5863,12051,
54,009,0.5006342494714587,10656,21285,
54,011,0.5113838822153483,46786,91489,
54,013,0.495487825642772,2910,5873,
54,015,0.49343217583560933,3794,7689,
54,017,0.4328299409061064,3296,7615,
54,019,0.4927979274611399,19022,38600,
54,021,0.3864530635188308,2750,7116,
54,023,0.4997721265153587,5483,10971,
54,025,0.50855546136699,16198,31851,
54,027,0.48699197242886566,11587,23793,
54,029,0.5097312326227988,14300,28054,
54,031,0.4885245901639344,7003,14335,
54,033,0.5074761136617446,32718,64472,
54,035,0.4970055559564182,13776,27718,
54,037,0.4992817968137895,30588,61264,
54,039,0.5161466539394846,89761,173906,
54,041,0.49857376949687443,8215,16477,
54,043,0.5024513598596274,9736,19377,
54,045,0.505791884816754,15457,30560,
54,047,0.46287980404735524,7937,17147,
54,049,0.5000449244370968,27827,55649,
54,051,0.491347005518839,14423,29354,
54,053,0.5177634234961647,12825,24770,
54,055,0.5167408386064947,29725,57524,
54,057,0.5030622152513257,13471,26778,
54,059,0.5070928518791452,11010,21712,
54,061,0.48361960311692137,52568,108697,
54,063,0.49670999839512114,6190,12462,
54,065,0.49094488188976376,8729,17780,
54,067,0.5050589166007411,12130,24017,
54,069,0.5104648332927719,20975,41090,
54,071,0.49158815612382234,2922,5944,
54,073,0.4465887469421038,3286,7358,
54,075,0.4825558604468836,3693,7653,
54,077,0.4710908823961239,16043,34055,
54,079,0.5044246236879457,28786,57067,
54,081,0.49684300694952954,35961,72379,
54,083,0.47134976094152264,12816,27190,
54,085,0.49534883720930234,4047,8170,
54,087,0.49963072378138845,6765,13540,
54,089,0.5451316701316701,6293,11544,
54,091,0.48911059739627694,8040,16438,
54,093,0.4901871291647649,3222,6573,
54,095,0.4945811551702155,3879,7843,
54,097,0.5002959830866808,11832,23650,
54,099,0.5094575540716699,19150,37589,
54,101,0.4988045803447842,3964,7947,
54,103,0.5047217782943484,6948,13766,
54,105,0.4910641754670999,2418,4924,
54,107,0.5084645407639233,42079,82757,
54,109,0.49989981967541575,9980,19964,
55,000,0.4991688440229996,2975533,5960975,
55,001,0.4598164106406894,9818,21352,
55,003,0.49413435416152135,8003,16196,
55,005,0.49715872676778466,23272,46810,
55,007,0.4890723363819931,8235,16838,
55,009,0.5014585135939308,137354,273909,
55,011,0.49041889483065954,6603,13464,
55,013,0.48722871938092743,8374,17187,
55,015,0.4918473191298832,26364,53602,
55,017,0.47848432185137324,32213,67323,
55,019,0.48800321829832477,16983,34801,
55,021,0.4925059797291484,28621,58113,
55,023,0.47801099450274864,7652,16008,
55,025,0.49951984118215953,293891,588347,
55,027,0.4705928809161167,41711,88635,
55,029,0.5001966439433665,15262,30512,
55,031,0.49331466257114465,21842,44276,
55,033,0.4920342473176547,22700,46135,
55,035,0.5042451529909032,54877,108830,
55,037,0.4739995720094158,2215,4673,
55,039,0.5034861751815017,52498,104269,
55,041,0.49337260677466865,4690,9506,
55,043,0.48171221096885153,25208,52330,
55,045,0.49229486593335664,18305,37183,
55,047,0.4945792462570986,9580,19370,
55,049,0.49142427909694114,11776,23963,
55,051,0.4968724939855654,3098,6235,
55,053,0.46036048889522996,9680,21027,
55,055,0.49866079192996693,43007,86245,
55,057,0.46363294471605865,12328,26590,
55,059,0.505190988065468,85253,168754,
55,061,0.49077152908293575,10184,20751,
55,063,0.508689905831819,61582,121060,
55,065,0.48867444816826533,8457,17306,
55,067,0.4921423086767341,9614,19535,
55,069,0.49162011173184356,13992,28461,
55,071,0.4956264644903267,40400,81513,
55,073,0.49381340273633806,68685,139091,
55,075,0.4908485463949177,20784,42343,
55,077,0.4790700628850918,7542,15743,
55,078,0.5270648623425105,2259,4286,
55,079,0.5146484417241604,475916,924740,
55,081,0.4914815613543239,22790,46370,
55,083,0.48340285236156555,19354,40037,
55,085,0.4905042567125082,18725,38175,
55,087,0.49742566149751777,97192,195390,
55,089,0.5032036272297671,47279,93956,
55,091,0.4911978821972204,3711,7555,
55,093,0.49903181189488244,21648,43380,
55,095,0.4918941327922149,22544,45831,
55,097,0.49455857856746255,35628,72040,
55,099,0.4781003762334067,6735,14087,
55,101,0.5013214129302143,99588,198651,
55,103,0.49144425626350524,8415,17123,
55,105,0.5022271109203982,83099,165461,
55,107,0.483695652173913,6853,14168,
55,109,0.4959368683259489,48579,97954,
55,111,0.4993532473001835,33200,66486,
55,113,0.48505441996283516,9136,18835,
55,115,0.4928932903944405,20356,41299,
55,117,0.49287169042769857,58322,118331,
55,119,0.48757871770714534,9833,20167,
55,121,0.4881010356806597,15034,30801,
55,123,0.4943064017096743,15497,31351,
55,125,0.48242024386170035,11553,23948,
55,127,0.49632647671863356,52625,106029,
55,129,0.4961724178541986,8426,16982,
55,131,0.49899442790516624,69224,138727,
55,133,0.5038906167197006,210137,417029,
55,135,0.4881280412733775,24978,51171,
55,137,0.4672833845049643,11719,25079,
55,139,0.4927960209339496,85405,173307,
55,141,0.5020083036933854,37120,73943,
56,000,0.48850443655572157,287054,587618,
56,001,0.4785939727143148,18803,39288,
56,003,0.4868421052631579,5883,12084,
56,005,0.4901555917073374,23501,47946,
56,007,0.46217543859649124,6586,14250,
56,009,0.49513293621967164,6816,13766,
56,011,0.49311897106109326,3834,7775,
56,013,0.4920067470607487,19543,39721,
56,015,0.4687772061733281,5923,12635,
56,017,0.49513513513513513,2290,4625,
56,019,0.4914233783937294,4326,8803,
56,021,0.49211557922246346,50089,101783,
56,023,0.4838571428571429,10161,21000,
56,025,0.4948762591717448,39793,80410,
56,027,0.5406345067362016,1244,2301,
56,029,0.5019625506724149,15602,31082,
56,031,0.49212875939849626,4189,8512,
56,033,0.49645218024137305,16372,32978,
56,035,0.4742889012827663,4252,8965,
56,037,0.4802897778208514,19823,41273,
56,039,0.47555001718803713,11067,23272,
56,041,0.4943019252218612,10193,20621,
56,043,0.4782041242495432,3664,7662,
56,045,0.4515001456452083,3100,6866,
