statecode,countycode,v059_flag_CT,v059_numerator,v059_denominator,v059_rawvalue,v059_cilow,v059_cihigh
00,000,,13657150,316142548,0.043199341836139056,0.04291132167261982,0.04348736199965829
01,000,,54244,4793030,0.011317266948047477,0.010702758878234117,0.011931775017860836
01,001,,160,56328,0.0028405056099985795,0,0.006045667323219776
01,003,,2080,234403,0.008873606566468859,0.0059627680028923845,0.011784445130045333
01,005,,346,23314,0.01484086814789397,0.006223692841115031,0.02345804345467291
01,007,,91,21038,0.004325506226827645,0,0.011260592091643002
01,009,,1057,56148,0.018825247560019947,0.013221029252281687,0.024429465867758206
01,011,,60,9515,0.006305832895428271,0,0.01975707526669075
01,013,,33,17590,0.0018760659465605458,0,0.00777577674214535
01,015,,550,109532,0.005021363619764087,0.0026354715386901458,0.007407255700838029
01,017,,65,32278,0.002013755499101555,0,0.005938373588997231
01,019,,233,24263,0.009603099369410213,0.0013873951473344567,0.01781880359148597
01,021,,962,43156,0.022291222541477432,0.013376506594737377,0.031205938488217486
01,023,,13,11719,0.0011093096680604147,0,0.009305704169902163
01,025,,67,21211,0.0031587383904577815,0,0.010245244240904018
01,027,,31,13425,0.002309124767225326,0,0.009606205308189173
01,029,,28,14536,0.001926252063841497,0,0.00819935288482617
01,031,,800,51586,0.015508083588570542,0.009616919498786503,0.02139924767835458
01,033,,370,54912,0.006738053613053613,0.001724619690666335,0.011751487535440891
01,035,,12,10676,0.0011240164855751218,0,0.010121164645848052
01,037,,0,9810,0,0,0.010202355390721582
01,039,,55,35452,0.0015513934333747038,0,0.005332911003354052
01,041,,31,12379,0.002504241053396882,0,0.009956069247439107
01,043,,694,85298,0.008136181387605806,0.004434237516335638,0.011838125258875974
01,045,,374,46234,0.00808928494181771,0.003599637831511561,0.012578932052123858
01,047,,62,34689,0.0017873100983020554,0,0.006053350693412408
01,049,,3235,68057,0.04753368499933879,0.03772982839741428,0.0573375416012633
01,051,,434,84756,0.005120581433762802,0.0021730505163341574,0.008068112351191446
01,053,,314,34518,0.009096703169360914,9.726709961049608e-4,0.017220735342616866
01,055,,805,97198,0.008282063416942735,0.0048463506883003335,0.011717776145585137
01,057,,11,15301,7.189072609633358e-4,0,0.007205531453545684
01,059,,1465,29782,0.04919078638103552,0.03482853436703287,0.06355303839503817
01,061,,99,25492,0.0038835713164914482,0,0.009693601896773388
01,063,,1,7180,1.392757660167131e-4,0,0.012355170887973112
01,065,,5,13810,3.620564808110065e-4,0,0.007422048373906954
01,067,,49,16776,0.002920839294229852,0,0.00890369444229911
01,069,,674,101434,0.006644714789912652,0.004522115357451886,0.008767314222373418
01,071,,289,50222,0.00575445024093027,0.0022997330929251155,0.009209167388935425
01,073,,8239,627002,0.013140308962331858,0.010995631165119004,0.015284986759544712
01,075,,5,12888,3.879577901924271e-4,0,0.007943408152355126
01,077,,808,91050,0.008874244920373421,0.005195119550126432,0.012553370290620411
01,079,,224,31425,0.007128082736674622,3.432932051521875e-4,0.013912872268197058
01,081,,3342,171399,0.019498363467698177,0.015253394247084783,0.02374333268831157
01,083,,1452,105085,0.013817385925679212,0.009331213415113612,0.018303558436244812
01,085,,26,9243,0.0028129395218002813,0,0.012730390072748086
01,087,,76,17807,0.00426798450047734,0,0.011225142970880541
01,089,,4643,382785,0.012129524406651254,0.009955568203323351,0.014303480609979156
01,091,,2,17722,1.1285407967498025e-4,0,0.005584747097586643
01,093,,63,27605,0.0022821952544828834,0,0.00642371728259852
01,095,,2353,92426,0.025458204401358923,0.020065874803986708,0.03085053399873114
01,097,,3363,386624,0.008698373613640125,,
01,099,,16,18632,8.587376556462001e-4,0,0.006063372883066633
01,101,,3074,211437,0.014538609609481784,0.011787403754931989,0.01728981546403158
01,103,,3357,116946,0.02870555641065107,0.020355259781346717,0.03705585303995542
01,105,,0,7515,0,0,0.012049659546155916
01,107,,132,17789,0.007420315925571983,,
01,109,,303,31345,0.009666613494975275,0.0028860676256201173,0.016447159364330433
01,111,,30,21406,0.0014014762216201064,0,0.006809231668768515
01,113,,190,55040,0.0034520348837209303,0,0.0074383714854873995
01,115,,251,89029,0.00281930606880904,5.83398962508485e-4,0.005055213175109595
01,117,,2889,218004,0.013252050421093191,,
01,119,,18,11246,0.0016005690912324383,,
01,121,,367,76677,0.004786311410201234,0.002169377442880943,0.007403245377521525
01,123,,368,38898,0.00946064064990488,0.004998698950885558,0.013922582348924201
01,125,,2443,224660,0.010874209917208225,,
01,127,,365,61081,0.0059756716491216584,0.0018227906434168072,0.01012855265482651
01,129,,3,14298,2.09819555182543e-4,0,0.0070125360222396405
01,131,,0,9560,0,,
01,133,,287,22388,0.012819367518313382,0.005001921260685747,0.020636813775941017
02,000,,10236,689070,0.01485480430144978,0.013122930694709878,0.01658667790818968
02,013,,290,3378,0.08584961515689757,0.033910547318623294,0.13778868299517183
02,016,,377,5107,0.07382024672018797,0.037135597311205255,0.1105048961291707
02,020,,5662,270641,0.02092070307159669,,
02,050,,188,16504,0.011391177896267571,0.006196454993123384,0.01658590079941176
02,060,,35,864,0.04050925925925926,0,0.15139945040014807
02,063,,68,6421,0.010590250739760162,0,0.023970541795257996
02,066,,1,2501,3.9984006397441024e-4,0,0.019004054440011842
02,068,,11,1889,0.005823186871360508,0,0.04004557367517777
02,070,,27,4333,0.006231248557581353,0,0.017978364267569533
02,090,,638,88813,0.007183633026696543,0.0037608448529037556,0.01060642120048933
02,100,,0,2035,0,0,0.023419938313555332
02,105,,50,2235,0.02237136465324385,0,0.06510479739616394
02,110,,372,30284,0.01228371417250033,0.005606230478446938,0.01896119786655372
02,122,,305,57113,0.0053402903016826295,0.0026678444620603105,0.008012736141304948
02,130,,66,13184,0.005006067961165049,0,0.012283256358092787
02,150,,669,12059,0.05547723691848412,0.026429800579483555,0.0845246732574847
02,158,,103,7123,0.01446019935420469,0.003523325511825371,0.02539707319658401
02,164,,2,946,0.0021141649048625794,0,0.05115357321619801
02,170,,597,106008,0.005631650441476115,0.0038854572983015446,0.007377843584650686
02,180,,17,9025,0.0018836565096952908,0,0.009414638835537082
02,185,,283,10173,0.02781873586945837,0.012922114344467201,0.04271535739444954
02,188,,20,6701,0.0029846291598268917,0,0.013160123580945857
02,195,,99,3225,0.030697674418604652,0.004047619169181602,0.0573477296680277
02,198,,11,5414,0.002031769486516439,0,0.014185839428356158
02,220,,106,8000,0.01325,0.0038658992840594434,0.022634100715940554
02,230,,17,1179,0.01441899915182358,0,0.05776719343546273
02,240,,175,6594,0.02653927813163482,0.006118389245058902,0.046960167018210736
02,275,,2,1955,0.0010230179028132991,0,0.023932444425307182
02,282,,0,508,0,0,0.09381805997654546
02,290,,45,4858,0.009263071222725402,0,0.02435009207186107
04,000,,290360,6981320,0.041590988523660284,0.04052617363016101,0.042655803417159556
04,001,,2528,61593,0.04104362508726641,0.03541260094555452,0.0466746492289783
04,003,,4693,119210,0.03936750272628135,0.033955592669445464,0.04477941278311724
04,005,,2018,137770,0.014647601074254191,0.011598783561020202,0.01769641858748818
04,007,,245,51472,0.004759869443580976,9.380171321462421e-4,0.00858172175501571
04,009,,208,36776,0.005655862519034153,0.001165184016800343,0.010146541021267962
04,011,,140,8861,0.015799571154497236,0,0.03253018671110987
04,012,,781,16044,0.048678633757167786,0.02640874965518949,0.07094851785914608
04,013,,187452,4303380,0.04355924877654309,,
04,015,,2654,211606,0.012542177442983658,0.009486304021350247,0.01559805086461707
04,017,,2765,101960,0.02711847783444488,0.02317910120275958,0.03105785446613018
04,019,,33685,1008808,0.033390893014329785,0.03117001306373933,0.03561177296492024
04,021,,11001,443958,0.024779371021583122,0.02179925100912142,0.027759491034044823
04,023,,10017,45912,0.21817825405122843,0.19677854066434133,0.23957796743811552
04,025,,2965,236316,0.01254675942382234,0.009900747510582637,0.015192771337062042
04,027,,29208,197654,0.14777338176814028,0.13653929971569828,0.15900746382058228
05,000,,54786,2869111,0.019095113434091607,0.01808406476763435,0.020106162100548865
05,001,,144,15508,0.009285530049006964,0,0.01943180846721572
05,003,,176,17374,0.010130079429031887,0.0020125879884322646,0.01824757086963151
05,005,,76,40634,0.001870354875227642,0,0.005283620119899364
05,007,,11602,283512,0.04092243009114253,,
05,009,,121,36141,0.003347998118480396,0,0.007048029060053548
05,011,,60,9602,0.006248698187877526,0,0.017701118441549556
05,013,,18,4517,0.003984945760460483,0,0.01723436470731745
05,015,,985,27115,0.03632675640789231,0.02656630372564368,0.04608720909014094
05,017,,105,9264,0.01133419689119171,0,0.023961012475004262
05,019,,99,20032,0.0049420926517571885,0,0.011470728502564996
05,021,,0,13499,0,0,0.007414260788427196
05,023,,90,24093,0.0037355248412401943,0,0.009961574850411032
05,025,,0,7161,0,0,0.012645327676213057
05,027,,70,21009,0.0033319053738873816,0,0.01009006285442133
05,029,,254,19908,0.012758689973879847,0.0032566764405734337,0.022260703507186258
05,031,,1411,105723,0.013346197137803505,0.009267710788805396,0.017424683486801616
05,033,,772,57501,0.013425853463418028,0.007728854701142465,0.01912285222569359
05,035,,424,43978,0.009641184228477876,0.004408031497129301,0.014874336959826451
05,037,,88,15516,0.005671564836298015,0,0.014867907853223443
05,039,,7,5943,0.001177856301531213,,
05,041,,266,10112,0.026305379746835444,0.004086619368869775,0.048524140124801114
05,043,,232,16074,0.01443324623615777,0.0022048675770632315,0.02666162489525231
05,045,,877,120296,0.00729035046884352,0.00418694015398958,0.01039376078369746
05,047,,106,16443,0.00644651219363863,0,0.01314045862840481
05,049,,25,11707,0.002135474502434441,0,0.010923621417903566
05,051,,1384,94952,0.01457578566012301,0.00912474422618139,0.020026827094064628
05,053,,0,17292,0,0,0.005787942770239344
05,055,,271,43682,0.0062039283915571635,9.140590570446789e-4,0.011493797726069649
05,057,,646,18261,0.03537593779092054,0.021385352788292133,0.049366522793548945
05,059,,30,31537,9.512635951422139e-4,0,0.0049041697572568
05,061,,246,11750,0.020936170212765958,0.003326345044357786,0.038545995381174133
05,063,,436,35930,0.012134706373504035,0.00535160437766787,0.0189178083693402
05,065,,16,13410,0.0011931394481730052,0,0.008149082540649683
05,067,,7,15875,4.4094488188976377e-4,0,0.006365969427724211
05,069,,308,60981,0.005050753513389417,0.0016730717637916718,0.008428435262987161
05,071,,869,24355,0.03568055840689797,0.023125817525609205,0.048235299288186734
05,073,,0,5923,0,0,0.015288399711187185
05,075,,41,15327,0.0026750179421935146,0,0.008701077427887786
05,077,,0,7862,0,0,0.011517831530063813
05,079,,50,12444,0.004018000642880103,0,0.012188623760944893
05,081,,13,11206,0.001160092807424594,0,0.010118649025604236
05,083,,139,20090,0.006918865107018417,0,0.014246631274093865
05,085,,306,70772,0.004323743853501385,0.0012428302329647203,0.007404657474038049
05,087,,218,16397,0.013295114960053669,0,0.027334365096940413
05,089,,55,16497,0.00333393950415227,0,0.009179665970998747
05,091,,237,39925,0.0059361302442078896,0.0017152625517537498,0.01015699793666203
05,093,,295,36464,0.008090171127687583,0.0024090237073415375,0.013771318548033628
05,095,,28,6167,0.004540295119182747,0,0.01954805039339942
05,097,,44,8133,0.005410057789253658,0,0.017003920840421422
05,099,,14,7722,0.001813001813001813,0,0.013121034479645056
05,101,,0,6802,0,0,0.013312730298347794
05,103,,47,20881,0.0022508500550739905,0,0.008333122525864906
05,105,,19,9647,0.0019695242044158808,0,0.011799147444312406
05,107,,1,14417,6.93625580911424e-5,0,0.006793111069746583
05,109,,127,9583,0.013252634874256496,1.4705243362696067e-4,0.02635821731488603
05,111,,48,21103,0.002274558119698621,0,0.00796533010358251
05,113,,160,18288,0.008748906386701663,0.002401226111007306,0.015096586662396019
05,115,,1100,60378,0.018218556427837953,0.011771463975304812,0.024665648880371094
05,117,,60,7702,0.007790184367696702,0,0.02073594946741911
05,119,,7767,374847,0.020720453945209646,0.017633605308246952,0.02380730258217234
05,121,,67,17622,0.003802065599818409,0,0.009839386933389834
05,123,,252,21054,0.011969222000569962,0.0018918750673531624,0.022046568933786762
05,125,,1114,120403,0.009252261156283482,0.006292552340301273,0.012211969972265691
05,127,,186,9284,0.02003446790176648,0.005396564184595618,0.034672371618937346
05,129,,12,7477,0.001604921760064197,0,0.0137158177747142
05,131,,4353,120816,0.03602999602701629,0.029020954005383792,0.04303903804864878
05,133,,1405,14617,0.09612095505233632,0.06061563954501803,0.13162627055965462
05,135,,9,16833,5.346640527535199e-4,0,0.005966995751270405
05,137,,0,11961,0,0,0.008367620297883013
05,139,,220,35714,0.006160049280394243,2.154880820703902e-4,0.012104610478718096
05,141,,34,15324,0.002218741842860872,0,0.00875092809919145
05,143,,12694,240689,0.05274025817548787,,
05,145,,334,73444,0.00454768258809433,0.0014347524600262667,0.007660612716162394
05,147,,19,5736,0.003312412831241283,0,0.0193271544352302
05,149,,1097,18873,0.058125364277009484,0.04281982128712045,0.07343090726689852
06,000,,3383801,37121454,0.09115486155256741,0.0904358810370168,0.09187384206811802
06,001,,130217,1563092,0.08330731652391542,,
06,003,,16,1548,0.0103359173126615,0,0.05613472579888943
06,005,,349,39847,0.008758501267347604,0.0048376517404714395,0.012679350794223769
06,007,,5746,197153,0.029144877328775114,0.024955431027114408,0.03333432363043582
06,009,,355,44296,0.00801426765396424,0.003028223887531772,0.01300031142039671
06,011,,2632,20620,0.12764306498545103,0.10453676237775283,0.15074936759314922
06,013,,69234,1103088,0.06276380488229406,,
06,015,,507,25758,0.01968320521779641,0.011509861159728935,0.02785654927586389
06,017,,2190,184052,0.011898811205528872,0.009304058683714797,0.014493563727342947
06,019,,93841,945639,0.09923554337331687,0.09549070129906445,0.1029803854475693
06,021,,2470,26597,0.09286761664849419,0.07304207756296897,0.1126931557340194
06,023,,2322,128327,0.018094399463869645,0.01389399213440399,0.0222948067933353
06,025,,32779,167458,0.19574460461727716,0.18346481146557075,0.20802439776898357
06,027,,403,17836,0.02259475218658892,0.012677870598251048,0.032511633774926794
06,029,,86801,850869,0.10201452867597714,0.09806184290831277,0.10596721444364152
06,031,,15381,142411,0.1080042974208453,0.09674041505574944,0.11926817978594116
06,033,,1886,64401,0.02928525954565923,0.023075085929448007,0.035495433161870454
06,035,,893,28967,0.030828183795353334,0.0210414989142341,0.04061486867647257
06,037,,1164745,9307645,0.12513852859665361,,
06,039,,17945,150247,0.11943666096494439,0.10867459231243398,0.1301987296174548
06,041,,11654,246644,0.04725028786429023,0.041248719939769835,0.05325185578881063
06,043,,377,16463,0.022899835995869526,0.009707107207068529,0.036092564784670524
06,045,,4232,85578,0.049451961952838346,0.039523654684475884,0.05938026922120081
06,047,,37098,269806,0.13749879543079102,0.12869514541820773,0.1463024454433743
06,049,,372,8207,0.04532715974168393,0.005155014518372428,0.08549930496499543
06,051,,483,12553,0.03847685812156457,0.0158983678314258,0.061055348411703333
06,053,,69665,409012,0.1703250760368889,0.16304535594622105,0.17760479612755675
06,055,,9202,128840,0.07142191865880161,0.06245024487163891,0.08039359244596431
06,057,,1135,98450,0.011528694768918232,0.007526129864212237,0.015531259673624228
06,059,,268117,3000630,0.08935356908382573,,
06,061,,7617,398378,0.019120031728659715,0.01668966719740696,0.02155039625991247
06,063,,169,18579,0.009096291511922063,0.0012334158640096293,0.016959167159834497
06,065,,179007,2334234,0.07668768426815821,,
06,067,,103713,1499837,0.06914951424721487,,
06,069,,5683,62976,0.09024072662601626,0.07693856036017896,0.10354289289185356
06,071,,161711,2057781,0.07858513612478685,,
06,073,,191797,3105161,0.0617671676283452,,
06,075,,85709,796089,0.1076625854646905,0.10343226504274222,0.11189290588663878
06,077,,70169,745769,0.09408945665480867,,
06,079,,8013,269251,0.02976033515195858,0.025509084359493502,0.03401158594442366
06,081,,50383,704449,0.07152114631435348,0.06811031956802555,0.07493197306068142
06,083,,42775,416806,0.10262568197194857,0.09713813231877676,0.10811323162512039
06,085,,167901,1803289,0.0931082039539974,,
06,087,,16796,253284,0.06631291356737891,0.060223668288112056,0.07240215884664576
06,089,,2244,171808,0.01306109145092196,0.009563477137355465,0.016558705764488455
06,091,,59,2746,0.021485797523670795,0,0.04982790643960966
06,093,,567,41495,0.013664296903241354,0.009047821582377817,0.01828077222410489
06,095,,23162,426437,0.05431517433993767,,
06,097,,28571,462538,0.06177005997345083,0.05748415241321428,0.06605596753368738
06,099,,48872,517169,0.09449909023936083,,
06,101,,8724,92718,0.0940917621173882,0.08244472346865206,0.10573880076612435
06,103,,2743,61411,0.04466626500138412,0.03532544292827681,0.05400708707449143
06,105,,30,15252,0.001966955153422502,0,0.00917434231541453
06,107,,55812,444006,0.12570100404048595,0.1190699128888065,0.1323320951921654
06,109,,298,52268,0.005701385168745695,0.0014865789584623534,0.009916191379029037
06,111,,71856,793305,0.09057802484542515,0.08639601067423683,0.09476003901661348
06,113,,13082,210048,0.062281002437538084,0.05500377404094318,0.069558230834133
06,115,,3291,78336,0.04201133578431373,0.03342628221202626,0.0505963893566012
08,000,,146571,5549558,0.02641129257501228,0.0254887819929494,0.027333803157075162
08,001,,29931,496528,0.060280588405890505,0.05594527775638539,0.06461589905539561
08,003,,418,15623,0.026755424694360878,0.012373314269085198,0.041137535119636554
08,005,,29847,621954,0.04798907957823247,,
08,007,,79,13370,0.005908750934928946,0,0.014088447907728131
08,009,,16,3252,0.004920049200492005,0,0.02400731404948484
08,011,,23,5362,0.004289444237224916,0,0.02138514556764884
08,013,,4968,316175,0.01571281726891753,0.013328139583510916,0.018097494954324146
08,014,,672,72944,0.009212546611098925,0.0059255352386470735,0.012499557983550777
08,015,,166,19464,0.008528565556925606,6.077181500138574e-4,0.016449412963837354
08,017,,32,1652,0.01937046004842615,0,0.0611804089900181
08,019,,31,9008,0.003441385435168739,0,0.013359877075579249
08,021,,119,7071,0.016829302786027435,0.0035634529154262243,0.030095152656628647
08,023,,83,3430,0.024198250728862974,0,0.04881714252802212
08,025,,91,5499,0.016548463356973995,0,0.03466203668422248
08,027,,11,5147,0.002137167281911793,0,0.01905666168266281
08,029,,459,30159,0.01521933751119069,0.005222981597693518,0.025215693424687862
08,031,,29148,680509,0.04283264438824468,0.03938908001521496,0.046276208761274404
08,033,,123,2297,0.05354810622551154,0.017757129588673835,0.08933908286234923
08,035,,3084,356826,0.008642867952447411,0.006693073175203711,0.010592662729691112
08,037,,1931,52382,0.036863808178381884,0.023283169752824462,0.050444446603939305
08,039,,193,26490,0.007285768214420536,0.0018154439795935798,0.012756092449247492
08,041,,7978,697449,0.01143882921905401,,
08,043,,241,47717,0.005050610893392292,0.0016692569792547992,0.008431964807529784
08,045,,3337,58510,0.0570329858143907,0.04594903639162627,0.06811693523715513
08,047,,28,5601,0.004999107302267452,0,0.023022951569102522
08,049,,210,15207,0.013809429867824028,0.003927955269020825,0.02369090446662723
08,051,,59,16775,0.0035171385991058122,0,0.010824357340342318
08,053,,0,967,0,0,0.06900041805100221
08,055,,37,6700,0.0055223880597014925,0,0.02004564383118478
08,057,,2,1332,0.0015015015015015015,0,0.05040577485977214
08,059,,7262,552384,0.013146651604680802,0.011270521454447131,0.015022781754914474
08,061,,41,1318,0.03110773899848255,0,0.09721671647444027
08,063,,105,6582,0.015952597994530537,4.998689512090808e-4,0.031405327037851996
08,065,,128,7007,0.01826744683887541,4.7988092334642213e-4,0.0360550127544044
08,067,,293,54057,0.005420204598849363,0.001293466424811862,0.009546942772886865
08,069,,2740,351470,0.007795828946994054,0.0062069809948197005,0.009384676899168406
08,071,,170,13790,0.012327773749093546,7.466793869843266e-4,0.023908868111202766
08,073,,123,5303,0.023194418253818593,0,0.04707629919530328
08,075,,345,19891,0.01734452767583329,0.008600526256098955,0.026088529095567626
08,077,,1120,150683,0.007432822547998115,0.004938305131636961,0.00992733996435927
08,079,,0,704,0,0,0.09477756286266922
08,081,,225,12496,0.018005761843790012,0.006065975722527615,0.02994554796505241
08,083,,237,25162,0.009418965106112391,0.0030106016615116067,0.015827328550713175
08,085,,1238,41782,0.02962998420372409,0.018292031352394485,0.040967937055053694
08,087,,2012,27525,0.07309718437783833,0.052388580748781444,0.09380578800689521
08,089,,326,17293,0.018851558434048458,0.006690794652587902,0.031012322215509015
08,091,,8,4993,0.0016022431403965552,0,0.01929322078058185
08,093,,30,17314,0.0017327018597666627,0,0.007228543416790484
08,095,,132,4233,0.03118355776045358,0.002763813792092229,0.05960330172881493
08,097,,48,16487,0.002911384727360951,0,0.009209523567058585
08,099,,319,11152,0.028604734576757534,0.010837176300762384,0.04637229285275268
08,101,,1831,160329,0.011420267075825333,0.008159833225376901,0.014680700926273766
08,103,,109,6095,0.017883511074651352,0,0.04091115083864168
08,105,,99,10759,0.00920159866158565,0,0.020462090272981126
08,107,,287,24168,0.011875206885137372,0.003102954074539893,0.02064745969573485
08,109,,92,6289,0.014628716807123548,0,0.0317154939506291
08,111,,44,687,0.06404657933042213,0,0.21581325861720213
08,113,,129,7767,0.01660872923908845,0,0.04516576003633033
08,115,,34,2127,0.015984955336154207,0,0.04373091979787458
08,117,,774,29873,0.025909684330331736,0.014480362084898024,0.03733900657576545
08,119,,9,23972,3.754380110128483e-4,0,0.004879287746488937
08,121,,47,4579,0.010264249836208779,0,0.024974332574885173
08,123,,12115,326626,0.037091352188741863,0.032572779191885344,0.04160992518559838
08,125,,782,9261,0.08444012525645178,0.04311786862415784,0.12576238188874572
09,000,,147224,3442817,0.04276265627827445,0.04123295246569235,0.04429236009085655
09,001,U,,,,,
09,003,U,,,,,
09,005,U,,,,,
09,007,U,,,,,
09,009,U,,,,,
09,011,U,,,,,
09,013,U,,,,,
09,015,U,,,,,
09,110,A,35551,927881,0.03831418037442302,0.0360019459501545,0.040626414798691536
09,120,A,24827,311486,0.07970502687119164,0.07240106669158958,0.08700898705079371
09,130,A,2260,168630,0.013402122991164087,0.009982800268533112,0.016821445713795062
09,140,A,18438,431970,0.042683519688867286,0.03859631524870544,0.046770724129029134
09,150,A,577,91997,0.006271943650336424,0.0018092164588852482,0.0107346708417876
09,160,A,2663,108442,0.024556905995831872,0.018383100359035606,0.030730711632628138
09,170,A,20913,542193,0.03857113610835994,0.035337796045647005,0.04180447617107287
09,180,A,7490,266584,0.028096209825045765,,
09,190,A,34505,593634,0.058125040007816264,0.053421037611516634,0.0628290424041159
10,000,,24563,966580,0.0254122783421962,0.02348020454698476,0.027344352137407636
10,001,,2412,176674,0.013652263490949432,0.010422326231304152,0.01688220075059471
10,003,,14441,546418,0.02642848515239249,0.02378851889651764,0.02906845140826734
10,005,,7710,243488,0.03166480483637797,,
11,000,,14462,640841,0.022567220262124304,0.02048500896586872,0.024649431558379887
11,001,,14462,640841,0.022567220262124304,0.02048500896586872,0.024649431558379887
12,000,,1452128,21289728,0.06820791698231185,0.06730988156866743,0.06910595239595627
12,001,,2584,272102,0.00949643883543671,0.007342729327812474,0.011650148343060947
12,003,,59,26796,0.002201821167338409,0,0.008744675400166116
12,005,,4921,176098,0.027944667173959954,0.02217504496726728,0.03371428938065262
12,007,,141,26318,0.005357549965802872,0,0.011845524866959164
12,009,,8429,605227,0.01392700590026552,0.012117784912993555,0.015736226887537483
12,011,,152565,1869894,0.08159018639559247,0.07837633056193985,0.08480404222924509
12,013,,72,12865,0.005596579867858531,0,0.014293425340841834
12,015,,3143,195537,0.016073684264359175,0.01241808642565233,0.019729282103066022
12,017,,1245,156942,0.00793286691898918,0.005533033476731979,0.01033270036124638
12,019,,3154,215774,0.014617145717278263,0.010197041339615834,0.019037250094940693
12,021,,29135,381850,0.0762995940814456,0.0701048121451268,0.0824943760177644
12,023,,538,67828,0.007931827563837942,0.0031461797956352016,0.012717475332040682
12,027,,1767,33598,0.05259241621525091,0.03317870774545789,0.07200612468504393
12,029,,27,16341,0.001652285661832201,0,0.008555670762068902
12,031,,27505,958743,0.028688605809899004,0.026047918139594978,0.03132929348020303
12,033,,4455,307350,0.014494875549048316,0.011757129676349433,0.0172326214217472
12,035,,2430,122059,0.019908404951703686,0.014229995219890075,0.025586814683517298
12,037,,186,12093,0.015380798809228479,0.001904165568181397,0.02885743205027556
12,039,,1258,41216,0.030522127329192548,,
12,041,,330,17997,0.01833638939823304,0.01000963636521959,0.026663142431246487
12,043,,538,12226,0.04400458040242107,0.022591905573885986,0.06541725523095615
12,045,,119,14489,0.008213127199944785,0,0.017830230571129067
12,047,,165,12891,0.012799627647195718,0.0011156023144443111,0.024483652979947125
12,049,,1426,24125,0.05910880829015544,0.04222656198010602,0.07599105460020486
12,051,,6067,39663,0.15296371933540076,0.1254242848919512,0.18050315377885032
12,053,,3613,198052,0.018242683739623938,0.014819841538644556,0.02166552594060332
12,055,,4000,101404,0.039446175693266534,0.032074158220761505,0.046818193165771564
12,057,,103070,1436562,0.07174768649038468,0.06843699901721208,0.07505837396355729
12,059,,119,18551,0.0064147485310764914,0,0.013314038757217098
12,061,,2600,160560,0.01619332336821126,0.012135798143684717,0.0202508485927378
12,063,,410,45819,0.008948252908182195,0.0048528534787614375,0.013043652337602952
12,065,,103,14472,0.007117191818684356,0,0.015619174069796876
12,067,,355,7819,0.04540222534851004,0.017857682742814972,0.0729467679542051
12,069,,9190,393643,0.0233460267298034,0.019005958191399025,0.027686095268207776
12,071,,54878,781130,0.0702546311113387,0.06594591388415019,0.07456334833852721
12,073,,3605,283177,0.01273055368197276,0.01020831718061771,0.01525279018332781
12,075,,742,43195,0.01717791411042945,0.009963968306051165,0.02439185991480773
12,077,,62,7379,0.008402222523377152,0,0.02139204150468942
12,079,,148,17226,0.008591663764077558,3.6682777220335347e-4,0.01681649975595176
12,081,,14157,411070,0.03443938988493444,0.030326775447643024,0.03855200432222586
12,083,,9324,381265,0.02445543126172085,0.020194507438096677,0.02871635508534502
12,085,,3737,155722,0.023997893682331333,0.01821135019649544,0.029784437168167227
12,086,,571484,2589522,0.22069092288074788,0.21668444135116754,0.2246974044103282
12,087,,4532,78276,0.05789769533445756,0.04634854134920434,0.06944684931971078
12,089,,665,93368,0.007122354554022791,0.0040140373648762,0.010230671743169382
12,091,,5239,203252,0.02577588412414146,0.020327726142683016,0.031224042105599904
12,093,,1607,38555,0.041680715860459086,0.031480829514993744,0.05188060220592443
12,095,,107163,1388825,0.07716090940183248,0.07297567647589093,0.08134614232777404
12,097,,41232,402001,0.1025669090375397,0.09380422801708337,0.11132959005799604
12,099,,119880,1458151,0.08221370763384588,0.07886129335926548,0.08556612190842627
12,101,,15299,581682,0.026301312400933842,0.023640090030202586,0.028962534771665098
12,103,,24496,926045,0.02645227823701872,,
12,105,,42329,746315,0.05671733785331931,0.05294614897284833,0.06048852673379029
12,107,,1858,71060,0.026146918097382493,0.01859684830495381,0.033696987889811174
12,109,,3226,293060,0.011007984713028048,0.008060168067322815,0.013955801358733281
12,111,,13599,342624,0.03969073970299804,0.033628010288122734,0.04575346911787334
12,113,,1402,188082,0.0074541955104688385,0.004697809518790599,0.010210581502147077
12,115,,9150,444432,0.020588076466141053,0.018003628664796448,0.02317252426748566
12,117,,13764,457656,0.030074990822801406,0.02665997059131722,0.0334900110542856
12,119,,1387,140769,0.009853021616975328,0.007010713339670056,0.012695329894280601
12,121,,861,43350,0.01986159169550173,0.011543599248162994,0.02817958414284047
12,123,,219,20542,0.010661084607146334,0.00245908266196777,0.0188630865523249
12,125,,55,14861,0.003700962250185048,0,0.011563479406708887
12,127,,8467,554083,0.015281104094512915,0.013227728149203345,0.017334480039822485
12,129,,178,33588,0.005299511730379898,7.730889378202172e-4,0.009825934522939579
12,131,,1598,78262,0.020418593953642893,0.014658390673013652,0.026178797234272133
12,133,,66,24299,0.002716161158895428,0,0.008757730577296886
13,000,,304027,10304177,0.029505219097071024,0.02878663736251699,0.03022380083162506
13,001,,511,17382,0.029398228052007824,0.013252050336089772,0.04554440576792587
13,003,,549,7728,0.07104037267080746,0.0339999326041183,0.10808081273749662
13,005,,94,10369,0.00906548365319703,0,0.02375524903984303
13,007,,79,2729,0.028948332722609015,0,0.06316384302637078
13,009,,310,41631,0.00744637409622637,0.002700861668962627,0.012191886523490113
13,011,,174,18228,0.009545753785385122,0.0023501953067291484,0.016741312264041096
13,013,,2396,84154,0.02847161156926587,0.02277087226492791,0.03417235087360383
13,015,,1689,106462,0.015864815614961208,0.011717283596569292,0.020012347633353123
13,017,,95,16061,0.005914949255961646,0,0.015552664730709653
13,019,,20,17267,0.001158278797706608,0,0.007309691799423476
13,021,,1705,146537,0.011635286651152951,0.008258130271892032,0.01501244303041387
13,023,,47,11882,0.0039555630365258375,0,0.013918257277667476
13,025,,10,17401,5.746796161140164e-4,0,0.006797391504921794
13,027,,137,15467,0.008857567724833516,0,0.01972301734483695
13,029,,418,44871,0.009315593590515031,0.0033363423280041863,0.015294844853025878
13,031,,646,78198,0.008261080846057443,0.0043488637789960895,0.012173297913118797
13,033,,184,23001,0.007999652189035259,0.0014623132234322473,0.01453699115463827
13,035,,57,25119,0.00226919861459453,0,0.007078990187247795
13,037,,41,5271,0.007778410168848416,0,0.025953615941624507
13,039,,198,53202,0.0037216645990752226,0,0.007580594987192389
13,043,,235,10572,0.022228528187665533,0.003419815378514747,0.04103724099681632
13,045,,2760,116816,0.02362690042459937,0.01631963037865624,0.030934170470542498
13,047,,653,65281,0.010002910494630902,0.005557356801678776,0.01444846418758303
13,049,,207,12330,0.016788321167883213,0,0.03612127051447715
13,051,,5463,283567,0.019265288274023424,0.015660869588592002,0.022869706959454845
13,053,,66,8303,0.007948934120197518,0,0.020398819698312136
13,055,,474,23753,0.019955374058013724,0.011516980485117118,0.02839376763091033
13,057,,8173,265900,0.030737119217751033,0.025189298666636176,0.03628493976886589
13,059,,4080,123494,0.03303804233404052,,
13,061,,13,2695,0.004823747680890538,0,0.030374027659346072
13,063,,12419,278816,0.04454192011936187,0.039895961328980246,0.0491878789097435
13,065,,335,6312,0.05307351077313054,,
13,067,,29786,731550,0.04071628733511038,0.03718305160066248,0.04424952306955828
13,069,,1473,40479,0.036389238864596454,0.02391686441533317,0.04886161331385974
13,071,,2779,43168,0.06437638991845812,0.050258305458435876,0.07849447437848037
13,073,,1947,152831,0.01273956199985605,0.00933575324293296,0.01614337075677914
13,075,,407,16313,0.024949426837491573,0.003180927390642036,0.04671792628434111
13,077,,2309,144384,0.015992076684397165,0.011002121079198004,0.020982032289596324
13,079,,43,11661,0.0036875053597461623,0,0.012557483621707183
13,081,,154,18471,0.008337393752368577,0,0.01821043791394386
13,083,,33,15199,0.002171195473386407,0,0.009387978956467846
13,085,,320,28499,0.011228464156637075,0.0028064038106216122,0.01965052450265254
13,087,,235,27241,0.008626702397121985,0.0026722754778996174,0.014581129316344352
13,089,,33520,715620,0.04684050194237165,0.043741095185895605,0.0499399086988477
13,091,,62,18915,0.0032778218345228655,0,0.008510301593006192
13,093,,97,10600,0.009150943396226414,0,0.019956873854566334
13,095,,841,77695,0.01082437737306133,0.005315512142497987,0.016333242603624672
13,097,,2932,139266,0.021053236252926055,0.01596310290468263,0.02614336960116948
13,099,,0,9957,0,0,0.011009041003976677
13,101,,320,3373,0.09487103468722206,0.04670752165709618,0.14303454771734794
13,103,,761,64769,0.011749448038413438,0.006974372247567319,0.016524523829259556
13,105,,391,18710,0.02089791555318012,0.007599352699588665,0.03419647840677158
13,107,,269,21556,0.012479124141770272,0.004584089233573606,0.020374159049966936
13,109,,415,10141,0.04092298589882654,0.012639791720137059,0.06920618007751603
13,111,,110,24691,0.004455064598436678,0,0.010979231411536965
13,113,,2119,117018,0.018108325214924198,0.013259879706829214,0.02295677072301918
13,115,,2985,93890,0.031792523165406324,0.025113703724911052,0.0384713426059016
13,117,,6695,252873,0.026475740786877207,0.02266278546328342,0.030288696110470994
13,119,,355,22856,0.015532026601330066,0.006539966365239326,0.024524086837420807
13,121,,19947,1019041,0.019574286019895176,0.01774689047475438,0.02140168156503597
13,123,,603,30865,0.019536692046006804,0.010837162752792045,0.028236221339221563
13,125,,0,2807,0,0,0.02377036133071576
13,127,,1432,81033,0.01767181271827527,0.011943958370066916,0.023399667066483627
13,129,,2041,55711,0.03663549388810109,0.026755260114517496,0.046515727661684686
13,131,,1145,24509,0.04671753233506059,0.026400073089275392,0.06703499158084579
13,133,,261,19351,0.013487675055552685,0.0047620663889034395,0.02221328372220193
13,135,,82135,920311,0.08924700454520265,0.08518097466566735,0.09331303442473796
13,137,,1898,45112,0.04207306259975173,0.032584507267813076,0.05156161793169038
13,139,,16551,199736,0.08286438098289743,,
13,141,,23,8532,0.0026957337083919363,0,0.014123911072379723
13,143,,42,29498,0.0014238253440911248,0,0.006108797940941914
13,145,,116,34461,0.0033661240242593075,0,0.0075954432928070845
13,147,,421,25583,0.016456240472188563,0.006457343164364025,0.0264551377800131
13,149,,185,11175,0.016554809843400447,0,0.03926228405385941
13,151,,4084,235743,0.017323950233941197,0.013738558127465937,0.020909342340416456
13,153,,2052,159169,0.012891957604809982,0.008310518126089423,0.017473397083530542
13,155,,8,8693,9.202806856091108e-4,0,0.011734351524096348
13,157,,1577,79606,0.019810064567997387,0.014234507324018777,0.025385621811975997
13,159,,141,14976,0.009415064102564102,0,0.01992727511201256
13,161,,445,14133,0.031486591664897756,0.014413787815671628,0.04855939551412389
13,163,,178,14495,0.012280096585029321,0,0.026039201337421207
13,165,,182,8488,0.021442035815268615,0,0.04297948400578014
13,167,,36,8727,0.004125128910278446,,
13,169,,53,27166,0.0019509681219171023,0,0.006514254772463048
13,171,,29,18536,0.0015645230902028486,0,0.008194673537047465
13,173,,139,9599,0.014480675070319825,0,0.030868140429958536
13,175,,343,46705,0.007343967455304572,0.0027995185350600214,0.011888416375549122
13,177,,235,31663,0.007421912010864416,9.169268716330671e-4,0.013926897150095766
13,179,,643,61014,0.010538564919526665,0.006325265322422012,0.014751864516631318
13,181,,31,7554,0.004103786073603389,0,0.017229412129308667
13,183,,257,16951,0.015161347413131968,0,0.03190936777770902
13,185,,1132,112002,0.010106962375671862,0.0061724752224195465,0.014041449528924178
13,187,,176,33002,0.0053330101205987515,3.272578112842473e-4,0.010338762429913256
13,189,,8,20435,3.914851969659897e-4,0,0.006528619868467732
13,191,,3,11019,2.722570106180234e-4,0,0.01005851011995947
13,193,,180,11295,0.01593625498007968,0.003155676477646665,0.028716833482512697
13,195,,352,29605,0.011889883465630805,0.003998028387879472,0.019781738543382138
13,197,,71,7196,0.009866592551417454,0,0.024313817512769988
13,199,,9,19738,4.559732495693586e-4,0,0.006609381007629425
13,201,,50,5601,0.008926977325477594,0,0.026754881113036026
13,205,,146,19843,0.007357758403467218,0,0.01581503690686447
13,207,,120,28232,0.004250495891187305,0,0.008990443036341365
13,209,,64,8194,0.007810593116914816,0,0.020481216334025838
13,211,,58,19941,0.0029085803119201646,0,0.00947409268545121
13,213,,1083,38205,0.02834707499018453,0.01906637886818379,0.03762777111218527
13,215,,1924,189915,0.010130848010952268,0.004853052264920653,0.015408643756983883
13,217,,1264,111082,0.011378981293098792,0.005481868047397122,0.01727609453880046
13,219,,263,41486,0.0063394880200549585,0.0015434660318816764,0.01113551000822824
13,221,,240,14806,0.01620964473861948,0.005244317366451626,0.027174972110787336
13,223,,1671,168101,0.009940452466076942,0.007027681497056803,0.01285322343509708
13,225,,580,27028,0.02145922746781116,0.011907189577904488,0.03101126535771783
13,227,,322,33353,0.009654303960663208,0.0034201927940583875,0.01588841512726803
13,229,,114,19092,0.005971087366436203,0,0.014282045815833862
13,231,,43,18857,0.0022803203054568596,0,0.00800305526338713
13,233,,1093,40930,0.02670412900073296,0.016316324018513018,0.0370919339829529
13,235,,124,9405,0.01318447634237108,0,0.027004395187565707
13,237,,271,22012,0.012311466472833,8.166013003166675e-4,0.023806331645349333
13,239,,0,2211,0,0,0.030177930463735476
13,241,,116,16563,0.00700356215661414,0,0.015281588373852996
13,243,,0,5607,0,0,0.0170000265625415
13,245,,1212,192799,0.006286339659438068,0.004299713754028404,0.008272965564847731
13,247,,1946,90001,0.021621981977978023,0.014115186898512426,0.02912877705744362
13,249,,0,4313,0,0,0.015470300082383292
13,251,,42,13298,0.0031583696796510753,0,0.012633868056220812
13,253,,28,8696,0.003219871205151794,0,0.014505173484086167
13,255,,915,64541,0.014177034753102679,0.007497527083306358,0.020856542422899
13,257,,178,25527,0.006973008970893564,6.587464495457461e-5,0.013880143296832553
13,259,,58,4777,0.012141511408833997,0,0.031632778661515516
13,261,,296,27375,0.010812785388127855,0.002864430879172205,0.018761139897083504
13,263,,0,5575,0,0,0.01709760519034443
13,265,,20,1484,0.013477088948787063,0,0.058874063357746614
13,267,,444,23077,0.019239935866880442,0.010595107819503314,0.027884763914257572
13,269,,0,7398,0,0,0.012884448355794836
13,271,,30,11350,0.0026431718061674008,0,0.012980039344006135
13,273,,18,8387,0.0021461786097531897,0,0.012752551609116421
13,275,,306,43087,0.00710191008888992,0.002488075898747685,0.011715744279032155
13,277,,917,38758,0.023659631559936015,0.015016991727615484,0.03230227139225655
13,279,,752,25215,0.029823517747372595,0.015486475895349053,0.04416055959939614
13,281,,54,12500,0.00432,0,0.013649110582264132
13,283,,2,5972,3.348961821835231e-4,0,0.015809666279444426
13,285,,961,66015,0.014557297583882451,0.00946592999221377,0.019648665175551132
13,287,,91,8281,0.01098901098901099,0,0.024697393835837383
13,289,,47,7515,0.006254158349966733,0,0.02069227760923988
13,291,,152,25373,0.005990619950340914,2.449278775129996e-4,0.011736312023168827
13,293,,12,26398,4.5457989241609213e-4,0,0.00523639360807626
13,295,,158,65134,0.0024257684158811065,0,0.0052322751486086755
13,297,,1119,97440,0.01148399014778325,0.007122431949271957,0.015845548346294543
13,299,,596,33736,0.017666587621531896,0.010640008822125388,0.024693166420938405
13,301,,4,4851,8.245722531436817e-4,0,0.019951199895997605
13,303,,65,18804,0.0034567113380131885,0,0.009227668109295642
13,305,,435,29116,0.014940239043824702,0.0064095464584399495,0.023470931629209456
13,307,,29,2327,0.012462397937258273,0,0.044389873822337146
13,309,,15,7087,0.0021165514321998024,0,0.013470754749521165
13,311,,131,27452,0.004771965612705814,0,0.009561951849079417
13,313,,8313,97228,0.08550006171061834,0.07472798913660392,0.09627213428463277
13,315,,46,8406,0.005472281703545087,0,0.01699535542921414
13,317,,114,9077,0.012559215599867798,0,0.02598355311681004
13,319,,54,8269,0.006530414802273551,0,0.020632203625460005
13,321,,161,19314,0.008335922129025577,0,0.017270581712402353
15,000,,53542,1365077,0.03922269586257771,0.03742803260530061,0.04101735911985482
15,001,,4602,195177,0.02357859788807083,0.019725972244860147,0.02743122353128151
15,003,,42572,944365,0.04508002731994515,,
15,005,,0,67,0,0,0.853604318831375
15,007,,1860,69767,0.026660168847736036,0.02055431224379177,0.0327660254516803
15,009,,4508,155701,0.028952929011374366,0.024308588021625853,0.03359727000112288
16,000,,33695,1820514,0.01850850913533211,0.01734047431825331,0.01967654395241091
16,001,,6507,492552,0.013210787896506359,,
16,003,,8,4570,0.00175054704595186,0,0.014565644133187524
16,005,,319,84019,0.0037967602566086243,0.0017440706286939384,0.00584944988452331
16,007,,52,6208,0.008376288659793814,0,0.020168440434165616
16,009,,8,9626,8.310824849366299e-4,0,0.00968706748511518
16,011,,1239,46230,0.02680077871512005,0.020317108469190288,0.03328444896104981
16,013,,1349,23892,0.056462414197220825,0.03754169721591937,0.07538313117852227
16,015,,4,7950,5.031446540880503e-4,0,0.009784378566920594
16,017,,254,48707,0.00521485618083643,0.0015200841095083643,0.008909628252164497
16,019,,1324,120005,0.011032873630265406,0.00793260693068642,0.014133140329844392
16,021,,141,12330,0.011435523114355231,0.0013264839219299645,0.0215445623067805
16,023,,35,2580,0.013565891472868217,0,0.039380739744728756
16,025,,7,1040,0.006730769230769231,0,0.0617115290920837
16,027,,7422,233959,0.031723507110220164,0.026827340451458338,0.036619673768981995
16,029,,133,6721,0.01978872191638149,5.104216818424025e-4,0.039067022150920575
16,031,,1223,23496,0.052051413006469184,0.0357725905355397,0.06833023547739867
16,033,,117,757,0.154557463672391,0.0575099392107422,0.2516049881340398
16,035,,57,8697,0.006553984132459468,0,0.015336895558846129
16,037,,29,4331,0.006695913184022166,0,0.02958247991471191
16,039,,837,27098,0.030887888405048344,0.01645679443198602,0.04531898237811067
16,041,,52,13872,0.003748558246828143,0,0.010763223837932144
16,043,,331,13174,0.025125246698041597,0.011252883536768298,0.0389976098593149
16,045,,496,19601,0.02530483138615377,0.004444504754403101,0.04616515801790444
16,047,,1236,14921,0.08283627102741103,0.058649870494896304,0.10702267155992576
16,049,,125,16560,0.007548309178743961,0,0.017316431803317885
16,051,,554,30785,0.017995777164203346,0.01113771267387325,0.024853841654533443
16,053,,2641,23347,0.11311945860281834,0.08866797561067151,0.1375709415949652
16,055,,358,172114,0.0020800167330955067,0.0010385056595320565,0.003121527806658957
16,057,,104,39043,0.0026637297338831544,0,0.005962991393883208
16,059,,38,7916,0.004800404244567963,0,0.014695650912101045
16,061,,17,3485,0.004878048780487805,0,0.020826399768365315
16,063,,232,5013,0.04627967285058847,0.021573472172356705,0.07098587352882023
16,065,,432,50907,0.008486062820437268,0.0021154588724576658,0.01485666676841687
16,067,,942,20697,0.045513842585882015,0.027345292349872454,0.06368239282189157
16,069,,131,40485,0.003235766333209831,0,0.006981056646405429
16,071,,23,4464,0.005152329749103943,0,0.01936636875266917
16,073,,814,11765,0.06918827029324266,0.046215516773227314,0.09216102381325801
16,075,,492,25050,0.019640718562874252,0.008759487440551755,0.03052194968519675
16,077,,524,7709,0.06797249967570372,0.03431966581706188,0.10162533353434555
16,079,,24,12943,0.0018542841690489067,0,0.008629050219827936
16,081,,264,11726,0.0225140712945591,0.00880918079737165,0.03621896179174655
16,083,,2360,87831,0.02686978401703271,0.020592770630500582,0.03314679740356483
16,085,,92,11774,0.007813827076609478,0,0.02058833598808941
16,087,,348,10564,0.03294206739871261,0.014616501908722532,0.05126763288870269
17,000,,496791,12003587,0.04138687877215369,0.040716374484381604,0.042057383059925776
17,001,,57,60964,9.349780198149727e-4,0,0.0030988246191098216
17,003,,0,4699,0,0,0.013185240861568553
17,005,,15,16015,9.366219169528567e-4,0,0.006907522090072889
17,007,,2100,50528,0.04156111462951235,0.030002076982473674,0.05312015227655102
17,009,,29,6035,0.0048053024026512015,0,0.018667628961602598
17,011,,315,31201,0.010095830261850581,0.005309277085823927,0.014882383437877235
17,013,,0,4149,0,0,0.014933103593278051
17,015,,140,14914,0.009387153010594073,0,0.018902842397368613
17,017,,873,11928,0.07318913480885311,0.05338067799996957,0.09299759161773666
17,019,,4458,198033,0.022511399615215647,0.017845125676622744,0.02717767355380855
17,021,,61,31910,0.0019116264493889063,0,0.005688779492737795
17,023,,23,14411,0.0015960030532232322,0,0.007618540353788179
17,025,,17,12291,0.0013831258644536654,0,0.009068326844562798
17,027,,185,34869,0.005305572284837534,6.322193561594152e-4,0.009978925213515653
17,029,,97,44466,0.0021814420006296947,0,0.004772989958104875
17,031,,335983,4901570,0.06854599648683993,0.06701975146688983,0.07007224150679002
17,033,,26,17498,0.0014858841010401188,0,0.006633539874091554
17,035,,2,9790,2.0429009193054137e-4,0,0.009644059612933022
17,037,,1679,95290,0.017619897156049953,0.01222239140393103,0.023017402908168876
17,039,,76,14487,0.005246082694829847,0,0.013355056166868141
17,041,,384,18413,0.020854830826046816,0.011714317533348128,0.029995344118745503
17,043,,36431,878442,0.04147228843793899,0.03901690208426449,0.04392767479161348
17,045,,86,15727,0.00546830291854772,0,0.01191730431928608
17,047,,22,5742,0.0038314176245210726,0,0.01717314575871323
17,049,,190,32372,0.00586926973928086,0.001570508622978948,0.010168030855582773
17,051,,61,20108,0.003033618460314303,0,0.008628373505393479
17,053,,110,12641,0.008701843208606914,0,0.018073046759085012
17,055,,213,35219,0.0060478718873335415,4.957972076410442e-4,0.011599946567026039
17,057,,40,31429,0.0012727099175920329,0,0.005111417564439224
17,059,,55,4609,0.011933174224343675,0,0.028718581543954035
17,061,,0,11074,0,0,0.00860747236194421
17,063,,385,50212,0.007667489843065403,0.0036452934294125463,0.011689686256718259
17,065,,3,7506,3.996802557953637e-4,0,0.011111866653818652
17,067,,35,16453,0.00212727162219656,0,0.0073544083181260374
17,069,,3,3503,8.564087924636027e-4,0,0.018725582710790212
17,071,,7,5903,0.0011858377096391666,0,0.014387777802354191
17,073,,275,46302,0.00593926828214764,0.0021938250632488536,0.009684711501046425
17,075,,289,24988,0.011565551464703058,0.006374601920493048,0.016756501008913068
17,077,,534,50348,0.010606180980376578,0.005153494811527987,0.01605886714922517
17,079,,5,8643,5.785028346638898e-4,0,0.010408901496693965
17,081,,255,34483,0.007394948235362352,0.002634671736856305,0.0121552247338684
17,083,,29,20289,0.0014293459510079354,0,0.007207208249296335
17,085,,33,20986,0.001572476889354808,0,0.006653481869204654
17,087,,42,12810,0.003278688524590164,0,0.012114863917410876
17,089,,26898,487624,0.05516135383000016,0.05155454056541414,0.05876816709458618
17,091,,1579,100572,0.015700194885256334,0.011632437390974755,0.019767952379537913
17,093,,3370,129286,0.02606624073758953,,
17,095,,330,46403,0.007111609163200655,0.0031243967194577813,0.011098821606943528
17,097,,30222,676256,0.044690176501206644,0.04183741435967077,0.04754293864274252
17,099,,1279,103071,0.012408922005219702,0.00893325241296262,0.015884591597476787
17,101,,115,14389,0.00799221627632219,0,0.016937505958927963
17,103,,410,32271,0.012704905332961482,0.00567345994945181,0.019736350716471153
17,105,,125,33547,0.003726115599010344,0,0.008229076038623214
17,107,,22,26456,8.315693982461445e-4,0,0.00484185389452158
17,109,,126,25593,0.004923221193295042,1.1836834226504854e-4,0.009728074044325035
17,111,,5896,296098,0.0199123263243926,0.01680957777015684,0.02301507487862836
17,113,,1072,162386,0.006601554321185324,0.00465160248159774,0.008551506160772908
17,115,,465,95680,0.00485994983277592,0.002516236081321793,0.007203663584230047
17,117,,60,42155,0.0014233187047799788,0,0.004295050626469449
17,119,,870,250458,0.0034736362983015115,0.0022927569298928883,0.004654515666710135
17,121,,101,34707,0.0029100757772207338,0,0.006403303074359596
17,123,,31,11073,0.0027996026370450647,0,0.011322689482078273
17,125,,9,12142,7.412287926206556e-4,0,0.008405393927513292
17,127,,66,13235,0.0049867774839440875,0,0.013615570163644394
17,129,,0,11471,0,0,0.008309576230160423
17,131,,56,14757,0.003794809243071085,0,0.009787586708947082
17,133,,60,33229,0.0018056516897890396,0,0.005710926543780755
17,135,,50,26544,0.0018836648583484027,0,0.005730115359826174
17,137,,60,31396,0.0019110714740731304,0,0.005741424178192893
17,139,,28,13606,0.002057915625459356,0,0.009159258305426765
17,141,,528,48773,0.010825661739076948,0.005853392083474367,0.015797931394679526
17,143,,2125,168017,0.012647529714255106,0.008710225751194654,0.016584833677315558
17,145,,15,19649,7.633976283780345e-4,0,0.0063289564079652035
17,147,,19,15873,0.001197001197001197,0,0.006797191007529361
17,149,,21,13573,0.0015471892728210418,0,0.0077884859200660645
17,151,,2,3565,5.610098176718093e-4,0,0.017441529299734405
17,153,,14,4763,0.002939323955490237,0,0.02130317116298481
17,155,,29,5346,0.0054246165357276464,0,0.021651668787084185
17,157,,294,28608,0.010276845637583893,0.004599176333156828,0.01595451494201096
17,159,,217,14705,0.014756885413124787,0.0042261006004595675,0.025287670225790006
17,161,,2908,134525,0.02161679985132875,0.017581142697931006,0.025652457004726494
17,163,,1105,239273,0.004618155830369494,,
17,165,,46,21915,0.002099018936801278,0,0.0070769351575383724
17,167,,850,184101,0.00461703086892521,0.003095644861792851,0.006138416876057569
17,169,,7,6520,0.0010736196319018406,0,0.013553827780677877
17,171,,3,4723,6.351894982002964e-4,0,0.013399348418031873
17,173,,1,19635,5.0929462694168576e-5,0,0.005694347370682142
17,175,,40,5004,0.007993605115907274,0,0.024040650681272074
17,177,,250,41464,0.006029326644800308,0.0017357963075939741,0.010322856982006643
17,179,,328,123611,0.0026534855312229494,0.0011628936114393591,0.00414407745100654
17,181,,87,16113,0.0053993669707689445,0,0.012780207158614738
17,183,,313,68105,0.004595844651640849,0.0018452520059012742,0.007346437297380423
17,185,,12,10566,0.001135718341851221,0,0.009671766028185511
17,187,,560,15651,0.03578046131237621,0.023069011511756728,0.04849191111299569
17,189,,26,12916,0.002013007122948281,0,0.00891012906252712
17,191,,56,15062,0.003717965741601381,0,0.01020606450999582
17,193,,10,12958,7.717240314863404e-4,0,0.007511735041157258
17,195,,322,51939,0.006199580276863244,0.002628216157321636,0.009770944396404852
17,197,,21021,663389,0.03168729056405819,0.029188197636278043,0.034186383491838335
17,199,,230,63384,0.0036286760065631705,5.170153417870917e-4,0.006740336671339249
17,201,,6413,266047,0.02410476344405312,0.02093097543525986,0.027278551452846377
17,203,,16,36159,4.4249011311153514e-4,0,0.0035582700433328695
18,000,,111476,6441838,0.017304998977000042,0.01663189081464198,0.017978107139358105
18,001,,478,33014,0.01447870600351366,0.00740871230371538,0.02154869970331194
18,003,,8837,365953,0.02414790970425164,0.021067836165604835,0.02722798324289844
18,005,,1389,78335,0.017731537626859004,0.012196477806260462,0.023266597447457547
18,007,,87,8205,0.01060329067641682,0,0.02236299322614122
18,009,,79,11347,0.006962192650039658,0,0.01565350354458655
18,011,,508,70093,0.007247514017091578,0.0038547524378643653,0.01064027559631879
18,013,,60,15000,0.004,0,0.010719899617445173
18,015,,15,19408,7.728771640560594e-4,0,0.006609928653812959
18,017,,1135,35555,0.031922373787090425,0.02021566538373449,0.04362908219044636
18,019,,1514,117090,0.012930224613545135,0.008964034464975198,0.01689641476211507
18,021,,38,24829,0.0015304684038825566,0,0.006494594115778289
18,023,,1303,30699,0.04244437929574253,0.03160079186389201,0.053287966727593054
18,025,,68,9954,0.00683142455294354,0,0.016854068631357026
18,027,,651,30755,0.0211672898715656,0.013816793533777131,0.02851778620935407
18,029,,32,48312,6.62361318099023e-4,0,0.003309406439018362
18,031,,81,24796,0.0032666559122439104,0,0.008538553665097141
18,033,,105,41058,0.0025573578839690196,0,0.006896252903940345
18,035,,334,107007,0.0031212911304867906,5.118053586110369e-4,0.005730776902362544
18,037,,1014,40925,0.02477703115455101,0.01148405811454951,0.038070004194552504
18,039,,6133,192177,0.03191328827070877,0.026722950501615852,0.03710362603980169
18,041,,64,22081,0.002898419455640596,0,0.009586836259679645
18,043,,589,76494,0.007699950322901143,0.0042579795345860285,0.011141921111216258
18,045,,26,15556,0.001671380817690923,0,0.007574551836108124
18,047,,94,21720,0.00432780847145488,0,0.009930450439176454
18,049,,175,19151,0.00913790402589943,7.848405852725372e-4,0.017490967466526324
18,051,,136,31061,0.00437848105341103,0,0.00929194887848301
18,053,,286,62547,0.004572561433801781,8.343539313925897e-4,0.008310768936210973
18,055,,20,29399,6.802952481376917e-4,0,0.004837748653149327
18,057,,5735,343701,0.016686014879211872,0.013644988982675379,0.019727040775748366
18,059,,579,79339,0.007297798056441347,0.0035028720687813797,0.011092724044101315
18,061,,181,37785,0.004790260685457192,5.580116112382637e-4,0.00902250975967612
18,063,,2618,173237,0.015112245074666497,0.011333879827967276,0.018890610321365717
18,065,,82,46556,0.001761319701005241,0,0.004472322128877566
18,067,,388,78777,0.004925295454256953,0.0019106715467532625,0.007939919361760642
18,069,,148,34768,0.004256787850897377,7.487227749760489e-6,0.008506088474044993
18,071,,1844,43712,0.04218521229868229,0.02198659398585741,0.062383830611507166
18,073,,572,31388,0.018223524913979865,0.007932522493846897,0.028514527334112832
18,075,,96,18822,0.005100414408670704,0,0.011103517335359168
18,077,,189,31278,0.0060425858430845966,7.644792712710484e-4,0.011320692414898144
18,079,,119,26023,0.004572877838834877,0,0.009293939868480573
18,081,,1697,156422,0.010848857577578601,0.00776196470468689,0.013935750450470312
18,083,,304,34008,0.008939073159256645,2.2549201094280297e-5,0.01785559711741901
18,085,,970,75619,0.012827463997143575,0.007895185944204767,0.017759742050082385
18,087,,1160,37253,0.03113843180415,0.02361451762130122,0.03866234598699878
18,089,,8924,471750,0.01891679915209327,0.016858086186750564,0.020975512117435976
18,091,,701,105944,0.006616703163935664,0.0030158340180494224,0.010217572309821905
18,093,,214,42580,0.005025833724753405,8.913613382883767e-4,0.009160306111218434
18,095,,949,124704,0.007610020528611753,0.005161485943284072,0.010058555113939435
18,097,,40102,907365,0.04419610630782541,0.04099073592701147,0.04740147668863935
18,099,,852,43414,0.019625005758511078,0.011945930424265,0.027304081092757157
18,101,,2,9269,2.1577300679684973e-4,0,0.009191902984385231
18,103,,87,33926,0.0025644048812120497,0,0.006353314836646102
18,105,,1329,135311,0.009821817886202896,0.006515590609507412,0.01312804516289838
18,107,,335,36058,0.00929058738698763,0.004165554702249766,0.014415620071725494
18,109,,254,68914,0.0036857532576834895,0.0010494662963708625,0.0063220402189961165
18,111,,56,13148,0.0042592029205962886,0,0.011968403284437532
18,113,,1176,44381,0.02649782564610982,0.019210101470149586,0.033785549822070056
18,115,,20,5708,0.00350385423966363,0,0.018701798266756078
18,117,,39,18573,0.0020998223227265385,0,0.007645139743352525
18,119,,5,20468,2.4428376001563417e-4,0,0.005505980183493908
18,121,,86,15444,0.005568505568505569,0,0.012915898387284767
18,123,,32,18236,0.001754770783066462,0,0.007439480416252588
18,125,,8,11498,6.957731779439903e-4,0,0.008834851628279464
18,127,,1201,166034,0.00723345820735512,,
18,129,,0,23824,0,0,0.004801165997456525
18,131,,63,11746,0.005363528009535161,0,0.015199309910208292
18,133,,69,35509,0.0019431693373510941,0,0.005364253178914361
18,135,,127,22961,0.00553111798266626,0,0.011564130293776906
18,137,,49,27400,0.0017883211678832117,0,0.006013757702356748
18,139,,63,15820,0.003982300884955752,0,0.011019341345485923
18,141,,3892,256406,0.01517905197226274,0.012590494854999964,0.017767609089525516
18,143,,31,23111,0.0013413526026567436,0,0.006665516121418054
18,145,,560,42611,0.013142146394123583,0.0060259948416607366,0.02025829794658643
18,147,,69,18997,0.0036321524451229143,0,0.008822761274415974
18,149,,59,21931,0.0026902558022889973,0,0.008431909385417696
18,151,,50,33055,0.0015126304643775525,0,0.005379103060159862
18,153,,37,19766,0.001871901244561368,0,0.007643977575714515
18,155,,37,9345,0.003959336543606207,0,0.014144197763656347
18,157,,4108,178897,0.022962933978769907,0.018395485790788257,0.027530382166751556
18,159,,60,14442,0.004154549231408392,0,0.012511247446496218
18,161,,2,6593,3.033520400424693e-4,0,0.012922758705198942
18,163,,1413,169677,0.008327587121413038,0.005238644861199382,0.011416529381626694
18,165,,28,14619,0.0019153156850673782,0,0.007993694707639384
18,167,,718,100468,0.007146554126687105,0.004001828595116278,0.010291279658257931
18,169,,53,29218,0.0018139503046067493,0,0.005995962617356049
18,171,,7,8074,8.669804310131286e-4,0,0.011240086851590881
18,173,,106,61762,0.0017162656649719892,0,0.004176907854173878
18,175,,35,26629,0.0013143565285966428,0,0.00567385947316364
18,177,,658,62370,0.010549943883277216,0.007096577320489053,0.01400331044606538
18,179,,266,26727,0.009952482508324915,0.0027225723670977996,0.01718239264955203
18,181,,537,23309,0.023038311381869663,0.015030378094797016,0.031046244668942312
18,183,,74,32637,0.002267365260287404,0,0.006179271102537519
19,000,,56383,3022668,0.018653388331103516,0.01772402502096757,0.019582751641239463
19,001,,8,6988,0.0011448196908986834,0,0.011195943760733336
19,003,,14,3406,0.004110393423370522,0,0.017735437225145863
19,005,,580,13211,0.043902808265839074,0.027913316201987524,0.059892300329690625
19,007,,5,11475,4.3572984749455336e-4,0,0.006710571212926537
19,009,,16,5263,0.0030400912027360822,0,0.016121801806616785
19,011,,68,24290,0.002799505969534788,0,0.0068453842102730485
19,013,,2820,123049,0.022917699453063413,,
19,015,,88,25267,0.0034828036569438396,0,0.0082546329852564
19,017,,20,23803,8.402302230811242e-4,0,0.004316527815739243
19,019,,33,19360,0.0017045454545454545,0,0.005989253163324045
19,021,,1998,19299,0.10352868024249962,0.08085250321249017,0.12620485727250907
19,023,,24,13531,0.001773704825955214,0,0.007356774932687889
19,025,,76,9253,0.008213552361396304,0,0.01664363597446538
19,027,,35,19369,0.0018070112034694614,0,0.0064398867192165974
19,029,,36,12398,0.002903694144216809,0,0.008712961993931935
19,031,,14,17465,0.00080160320641282565,0,0.00516778174001846
19,033,,122,40455,0.0030156964528488444,0,0.006119644377264427
19,035,,121,11051,0.010949235363315537,0.0012829529684316582,0.020615517758199416
19,037,,175,11070,0.015808491418247517,0,0.0403762688950151
19,039,,167,8930,0.0187010078387458,0,0.03847007050021094
19,041,,155,15593,0.009940357852882704,0,0.02271022157476603
19,043,,111,15999,0.006937933620851303,9.946128030746482e-4,0.012881254438627959
19,045,,230,43661,0.005267859187833536,0.0016865799746875413,0.00884913840097953
19,047,,1709,15250,0.1120655737704918,0.08272197853093655,0.14140916901004705
19,049,,1842,100681,0.018295408269683455,0.013673166021103573,0.02291765051826334
19,051,,160,8356,0.019147917663954045,0.005906217544836242,0.032389617783071846
19,053,,39,7337,0.005315524056153742,0,0.015178885271603763
19,055,,1,16533,6.048509042521019e-5,0,0.004540848608402593
19,057,,164,36199,0.004530511892593718,6.027525374249247e-4,0.008458271247762512
19,059,,63,17150,0.003673469387755102,0,0.009423927895174327
19,061,,618,93195,0.006631257041686786,0.0034706550101310865,0.009791859073242485
19,063,,148,8888,0.01665166516651665,0.0030888652194308412,0.03021446511360246
19,065,,148,18198,0.008132761841960654,0.001806902817200663,0.014458620866720645
19,067,,9,14411,6.245229338699605e-4,0,0.005635313384697223
19,069,,409,9316,0.04390296264491198,0.02262499483389327,0.0651809304559307
19,071,,17,6219,0.002733558449911561,0,0.013174693520263932
19,073,,20,8277,0.0024163344206838224,0,0.011190312908173666
19,075,,19,11678,0.0016269909231032712,0,0.007813823882927303
19,077,,21,10171,0.0020646937370956643,0,0.009110988221743485
19,079,,245,14118,0.017353732823346082,0.0036447644893600976,0.03106270115733207
19,081,,1,10114,9.887284951552304e-5,0,0.0074075903197914905
19,083,,293,15884,0.018446235205237974,0.010416665439401097,0.02647580497107485
19,085,,2,13777,1.4516948537417434e-4,0,0.005521800822171227
19,087,,186,18996,0.009791535060012634,0.003874365431594813,0.015708704688430455
19,089,,70,8844,0.007914970601537766,0,0.017130325605886676
19,091,,130,9021,0.014410819199645273,0.002920667673620975,0.02590097072566957
19,093,,42,6526,0.006435795280416794,0,0.017951036151982062
19,095,,73,15583,0.004684592183790028,0,0.010623956039422285
19,097,,27,18315,0.0014742014742014742,0,0.005856631119549403
19,099,,300,35994,0.00833472245374229,0.003600038181840717,0.013069406725643863
19,101,,233,14980,0.01555407209612817,0.003092446649754454,0.028015697542501886
19,103,,2963,148324,0.019976537849572557,0.015756685399580764,0.02419639029956435
19,105,,157,19862,0.00790454133521297,0,0.01630734612972606
19,107,,60,9407,0.006378228978420325,0,0.013898238365555876
19,109,,220,13729,0.016024473741714618,0.0047350350039698265,0.02731391247945941
19,111,,185,31053,0.005957556435771101,0,0.012640753600699339
19,113,,2446,216549,0.011295365021311574,,
19,115,,563,10108,0.05569845666798575,0.03925506010347614,0.07214185323249536
19,117,,248,8196,0.030258662762323085,0.01454083227741887,0.0459764932472273
19,119,,49,11341,0.0043206066484437,0,0.010304415483554041
19,121,,57,15962,0.0035709810800651546,0,0.00854427855438799
19,123,,161,20657,0.007793968146391054,0.00146712730002995,0.014120808992752157
19,125,,91,31891,0.0028534696309303565,0,0.006485970945473629
19,127,,2888,37776,0.07645065650148242,0.06057909592664594,0.0923222170763189
19,129,,41,13862,0.0029577261578415813,0,0.01116122582710027
19,131,,82,9932,0.008256141763995167,0,0.018319580159164746
19,133,,46,8110,0.005672009864364982,0,0.015019375445023457
19,135,,0,7076,0,0,0.010103075424269033
19,137,,15,9632,0.0015573089700996678,0,0.009415964277690772
19,139,,765,40088,0.019083017361804032,0.011558667419943344,0.026607367303664718
19,141,,174,13161,0.013220879872350126,0.0014933921390242015,0.02494836760567605
19,143,,148,5748,0.025748086290883786,0.008984267957963251,0.04251190462380432
19,145,,66,14424,0.004575707154742097,0,0.011431862091410942
19,147,,55,8344,0.006591562799616491,0,0.01563965059839954
19,149,,315,24232,0.012999339716077914,0.005133566730116992,0.020865112702038835
19,151,,71,6600,0.010757575757575757,1.0495515038764537e-4,0.02141019636476387
19,153,,16128,470483,0.03427966579026235,0.03079789251098945,0.037761439069535246
19,155,,1384,88167,0.01569748318531877,0.011106812419711617,0.02028815395092592
19,157,,103,17694,0.005821182321690968,0,0.012145625665776769
19,159,,13,4382,0.0029666818804198994,0,0.013497528756844445
19,161,,57,9148,0.006230870135548754,0,0.01494079414058048
19,163,,1951,164509,0.01185953352096238,0.008107326321787527,0.015611740720137232
19,165,,74,11123,0.006652881416883934,0,0.01394864643602169
19,167,,1120,33633,0.0333006273600333,0.0248751805686432,0.041726074151423403
19,169,,483,96262,0.0050175562527269325,0.0026739106063259784,0.007361201899127886
19,171,,305,15912,0.019167923579688287,0.007637659768201485,0.030698187391175087
19,173,,57,5578,0.010218716385801362,0,0.0240090111859136
19,175,,102,11354,0.008983618108155716,0,0.01905508196145201
19,177,,11,6770,0.0016248153618906942,0,0.012076931267327985
19,179,,1600,33245,0.04812753797563543,0.035988155414769366,0.0602669205365015
19,181,,176,51274,0.0034325389086086516,7.815144510104205e-4,0.006083563366206883
19,183,,296,21110,0.014021790620558977,0.005353188813760261,0.022690392427357695
19,185,,81,6083,0.013315798125924708,2.0852157751147932e-4,0.026423074674337937
19,187,,349,34776,0.010035656774787209,0.00487439066147003,0.015196922888104387
19,189,,30,10079,0.0029764857624764362,0,0.010783145073420219
19,191,,166,18941,0.008764056807982683,0.002801774819501633,0.014726338796463734
19,193,,5532,98986,0.0558866910472188,0.0481634994003116,0.063609882694126
19,195,,13,6952,0.0018699654775604143,0,0.011761591246762054
19,197,,581,11946,0.04863552653607902,0.033419301370875926,0.06385175170128211
20,000,,63966,2770418,0.023088934593985457,0.022002557745679593,0.02417531144229132
20,001,,48,11759,0.004081979760183689,0,0.013003773602588926
20,003,,11,7271,0.0015128593040847202,0,0.011551714965898473
20,005,,109,15392,0.007081600831600832,3.8228808487225565e-4,0.013780913578329407
20,007,,1,3839,2.6048450117218026e-4,0,0.013541032688848213
20,009,,395,23531,0.016786366920232883,0.007335988865344013,0.026236744975121754
20,011,,27,13424,0.0020113230035756855,0,0.00864683398963996
20,013,,15,8783,0.0017078446999886144,0,0.00967712423171305
20,015,,286,64573,0.004429095752094529,,
20,017,,2,2431,8.227067050596463e-4,0,0.021755036900259567
20,019,,0,3199,0,0,0.01638810000465571
20,021,,72,18030,0.003993344425956739,0,0.009635249114901708
20,023,,73,2475,0.029494949494949494,0.004172175184979698,0.05481772380491929
20,025,,23,1864,0.012339055793991416,0,0.04388883722008812
20,027,,7,7602,9.208103130755065e-4,0,0.010913733180853669
20,029,,13,8304,0.0015655105973025048,0,0.010908493098683067
20,031,,14,7932,0.0017650025214321734,0,0.01091936980687986
20,033,,0,1674,0,0,0.03131752205190777
20,035,,549,32551,0.016865841295198303,0.010032990524981824,0.02369869206541478
20,037,,566,36791,0.01538419722214672,0.008572889897310275,0.022195504546983165
20,039,,35,2577,0.013581684128831975,0,0.03523838193226634
20,041,,54,17499,0.0030858906223212757,0,0.008593527150778782
20,043,,17,7113,0.002389990158864052,0,0.012706401198147428
20,045,,945,115073,0.00821217835634771,,
20,047,,189,2619,0.07216494845360824,0.035612941475668985,0.1087169554315475
20,049,,10,2332,0.004288164665523156,0,0.025771535649954457
20,051,,54,27471,0.001965709293436715,0,0.00563832034499763
20,053,,0,6088,0,0,0.01252551234378058
20,055,,4269,35123,0.12154428721920109,0.10017775012570537,0.1429108243126968
20,057,,4855,31236,0.15542963247534897,0.12614973278560118,0.18470953216509675
20,059,,50,24618,0.002031034202615972,0,0.006445702656787673
20,061,,742,31724,0.023389232127096204,0.013765697594650418,0.03301276665954199
20,063,,0,2605,0,0,0.020124964266753784
20,065,,0,2279,0,0,0.023003743709913826
20,067,,669,6679,0.10016469531366971,,
20,069,,170,5286,0.03216042376087779,0.01042091141748321,0.05389993610427238
20,071,,11,1205,0.009128630705394191,0,0.05262555346419621
20,073,,7,5637,0.0012417952811779316,0,0.014718146106731507
20,075,,373,2294,0.16259808195292066,0.08179921957165223,0.2433969443341891
20,077,,68,5075,0.013399014778325124,0,0.03081779736655388
20,079,,322,31939,0.0100817182754626,0.004349118050555372,0.01581431850036983
20,081,,164,3369,0.048679133273968535,0.021414756574375776,0.0759435099735613
20,083,,6,1569,0.0038240917782026767,0,0.03538881871506733
20,085,,280,12471,0.022452088846123007,0.011015208300146564,0.03388896939209945
20,087,,16,17408,9.191176470588235e-4,0,0.0057998692207289326
20,089,,0,2757,0,0,0.01901542688244237
20,091,,8188,584360,0.014011910466151002,0.012291503976341017,0.015732316955960987
20,093,,179,3594,0.049805230940456316,0.010224807530848722,0.0893856543500639
20,095,,48,6784,0.007075471698113208,0,0.01877968451131029
20,097,,20,2268,0.008818342151675485,0,0.030427930298567336
20,099,,13,18622,6.980990226613683e-4,,
20,101,,12,1379,0.00870195794053662,0,0.04935159111781967
20,103,,419,78112,0.005364092585006145,0.002377892277949146,0.008350292892063144
20,105,,0,2781,0,0,0.01885132395357555
20,107,,1,9269,1.0788650339842486e-4,0,0.00807771500281705
20,109,,18,2519,0.007145692735212386,0,0.027000314805361414
20,111,,1105,30363,0.03639297829595231,0.026367064790437544,0.04641889180146708
20,113,,88,28687,0.003067591592010318,0,0.007776540730910986
20,115,,38,11183,0.0033980148439595815,0,0.010221863345418428
20,117,,33,9375,0.00352,0,0.012340736647292837
20,119,,110,3625,0.030344827586206897,0.008291252714427239,0.052398402457986555
20,121,,145,33135,0.0043760374226648555,0,0.008937100800190133
20,123,,44,5436,0.008094186902133923,0,0.0237685138661657
20,125,,225,29164,0.007714991084899191,0.0021584769503334485,0.013271505219464933
20,127,,4,5076,7.880220646178094e-4,0,0.01488941422028867
20,129,,115,2479,0.0463896732553449,0.01332651655194663,0.07945282995874317
20,131,,7,9432,7.421543681085666e-4,0,0.009700486805982175
20,133,,25,14695,0.001701258931609391,0,0.00711915147028234
20,135,,27,2569,0.010509926041261192,0,0.03185422841081565
20,137,,38,5067,0.007499506611407144,0,0.03335485889691406
20,139,,7,14917,4.692632566870014e-4,0,0.00590601887690532
20,141,,6,3244,0.0018495684340320592,0,0.017770652521750634
20,143,,0,5490,0,0,0.013889857768476533
20,145,,13,5904,0.0022018970189701895,0,0.015282258921497859
20,147,,0,4531,0,0,0.011570410928027724
20,149,,54,24323,0.0022201208732475436,0,0.006457344480408688
20,151,,0,8649,0,0,0.00881666309965732
20,153,,24,2356,0.010186757215619695,0,0.03411133486119746
20,155,,185,58338,0.0031711748774383764,7.419342409783645e-4,0.005600415513898388
20,157,,10,4389,0.00227842333105491,0,0.014223169612540935
20,159,,193,8800,0.02193181818181818,0.0023630631496732585,0.0415005732139631
20,161,,848,68521,0.012375768012726026,0.005840911174447986,0.018910624851004067
20,163,,0,4567,0,0,0.011479205586795186
20,165,,17,2766,0.006146059291395517,0,0.024223809985778815
20,167,,0,6326,0,0,0.012054271126926362
20,169,,761,50503,0.015068411777518166,0.007146886136351224,0.02298993741868511
20,171,,69,4786,0.014417049728374426,0,0.0352954428294653
20,173,,14883,494789,0.030079488428400792,0.027585100114833384,0.032573876741968204
20,175,,3609,19668,0.1834960341671751,0.1491713115866899,0.21782075674766033
20,177,,2746,167892,0.016355752507564388,0.012362996242473964,0.02034850877265481
20,179,,11,2285,0.004814004376367615,0,0.027290357246793257
20,181,,61,5519,0.011052726943286828,0,0.031103693666989715
20,183,,2,3369,5.936479667557139e-4,0,0.015697980936138268
20,185,,41,3759,0.010907156158552806,0,0.026015504607420217
20,187,,470,1939,0.24239298607529655,0.1499147694922356,0.3348712026583575
20,189,,242,4878,0.04961049610496105,0.019318667171437,0.0799023250384851
20,191,,10,21081,4.743607988235852e-4,0,0.005138853213114591
20,193,,76,7385,0.01029113067027759,0,0.024773624961008232
20,195,,0,2606,0,0,0.020117241717150274
20,197,,18,6626,0.0027165710836100213,0,0.013495290068111055
20,199,,29,1316,0.022036474164133738,0,0.06270075791493876
20,201,,96,5152,0.018633540372670808,0.004462304726265827,0.03280477601907579
20,203,,84,1861,0.045137023105857065,0.0037675825742522068,0.08650646363746192
20,205,,4,8002,4.998750312421895e-4,0,0.009871049756020475
20,207,,12,2962,0.004051316677920324,0,0.022502645589417503
20,209,,12966,155474,0.08339658077877973,0.07511117453454841,0.09168198702301106
21,000,,63141,4268599,0.014791972729225679,0.014068427079905948,0.01551551837854541
21,001,,68,18189,0.003738523283303095,0,0.009881772121107892
21,003,,104,20042,0.005189102883943718,0,0.012139871708945356
21,005,,6,22953,2.6140373807345446e-4,0,0.005133479123635238
21,007,,6,7328,8.187772925764192e-4,0,0.012247879933064726
21,009,,431,42144,0.010226841305998482,0.004682771402734642,0.01577091120926232
21,011,,63,11977,0.005260081823495032,0,0.014082571241231117
21,013,,11,22090,4.979628791308285e-4,0,0.005662785184585441
21,015,,1365,130931,0.010425338537092056,0.007039063256856434,0.013811613817327678
21,017,,240,19054,0.012595780413561457,0.004190595010253548,0.021000965816869367
21,019,,176,45481,0.003869747806776456,1.7729800138361436e-4,0.0075621976121692976
21,021,,148,29430,0.005028882093102277,0,0.01064539414469741
21,023,,0,7969,0,0,0.010765119091799872
21,025,,18,12534,0.0014360938247965534,0,0.009040940066455536
21,027,,48,19604,0.002448479902060804,0,0.008642440389354508
21,029,,1142,79814,0.014308266720124288,0.0082511365920680535,0.020365396848180523
21,031,,139,11638,0.011943632926619693,2.8435342611383974e-4,0.023602912427125547
21,033,,11,11861,9.27409156057668e-4,0,0.009073507769639565
21,035,,149,36507,0.004081409044840716,0,0.008659240302353308
21,037,,558,88343,0.006316289915443215,0.0034206801529650835,0.009211899677921347
21,039,,30,4477,0.006700915791824883,0,0.021659045080603793
21,041,,174,10196,0.01706551588858376,0.003599763003350666,0.03053126877381685
21,043,,0,24790,0,0,0.004614077399088514
21,045,,121,14885,0.008128988915015116,0,0.018134610384854352
21,047,,837,65357,0.012806585369585507,0.006785420256572284,0.01882775048259873
21,049,,36,35111,0.0010253197003787986,0,0.004383674500978188
21,051,,58,18801,0.003084942290303707,0,0.008865505553287436
21,053,,64,8658,0.007392007392007392,0,0.020508969544823164
21,055,,40,8493,0.0047097609796302835,0,0.014943280316677408
21,057,,49,5594,0.008759385055416518,0,0.025844055932024275
21,059,,1601,97052,0.01649631125582162,,
21,061,,92,11818,0.007784735149771535,0,0.018340036510059464
21,063,,0,7044,0,0,0.012178766899851388
21,065,,151,13354,0.011307473416204883,0.001011558671917474,0.021603388160492294
21,067,,10707,305332,0.03506674701636252,0.03106206886818809,0.039071425164536946
21,069,,3,14317,2.095411049800936e-4,0,0.006709386947172317
21,071,,123,33250,0.003699248120300752,0,0.007870357204284716
21,073,,535,49165,0.010881724804230651,0.005307013975336752,0.01645643563312455
21,075,,0,6136,0,0,0.013980970345918053
21,077,,52,8253,0.006300739125166606,0,0.017155380944639427
21,079,,96,16617,0.0057772161039898896,0,0.013710302953758673
21,081,,0,23716,0,0,0.004823029968097667
21,083,,301,34218,0.00879653983283652,0.002369931656126191,0.015223148009546848
21,085,,81,24936,0.0032483156881616937,0,0.00811409248762253
21,087,,13,10762,0.0012079539119122839,0,0.010153779568811454
21,089,,246,33784,0.007281553398058253,0.0015553375778958644,0.013007769218220642
21,091,,0,8534,0,0,0.010052406145131613
21,093,,775,104911,0.007387213924183356,0.004504626636402779,0.010269801211963933
21,095,,2,24246,8.248783304462591e-5,,
21,097,,0,17948,0,0,0.005310850731901616
21,099,,120,18371,0.006532034184312231,0,0.013374665355843432
21,101,,294,41876,0.007020727863215207,0.0028437959157056377,0.011197659810724776
21,103,,96,14935,0.006427854034147975,0,0.013332685952582315
21,105,,3,4250,7.058823529411765e-4,0,0.014890616636866695
21,107,,360,42501,0.00847038893202513,0.0030660764467822935,0.013874701417267966
21,109,,5,12289,4.068679306697046e-4,0,0.007979355013696178
21,111,,24156,735218,0.03285556120769622,0.030157261373924275,0.03555386104146816
21,113,,953,51297,0.01857808448837164,0.010707992740035982,0.026448176236707296
21,115,,60,21177,0.002833262501770789,0,0.008978344481027559
21,117,,1599,160403,0.009968641484261517,0.006945598840220106,0.012991684128302927
21,119,,15,13225,0.0011342155009451795,0,0.008495483608579164
21,121,,43,28043,0.0015333594836501087,0,0.005517494159484619
21,123,,44,14303,0.0030762777039781866,0,0.010039460662646492
21,125,,207,59371,0.0034865506728874365,9.155954928273514e-4,0.006057505852947521
21,127,,30,15146,0.0019807209824376074,0,0.00846250204257243
21,129,,15,6996,0.002144082332761578,0,0.014364943164191867
21,131,,0,9583,0,0,0.009946691947842033
21,133,,65,19718,0.0032964803732630082,0,0.0094320672815734
21,135,,12,12197,9.838484873329507e-4,0,0.008656483101572651
21,137,,61,22792,0.0026763776763776763,0,0.007713943980740904
21,139,,2,8406,2.3792529145848205e-4,0,0.010135587103175754
21,141,,163,26091,0.00624736499175961,0,0.012560753752944069
21,143,,0,8647,0,0,0.009921040134445839
21,145,,202,63835,0.0031644082399937337,8.950020919034425e-4,0.005433814388084025
21,147,,38,15936,0.002384538152610442,0,0.009035032859970905
21,149,,0,8614,0,0,0.009959047369695053
21,151,,635,90459,0.007019754806044727,0.004032338835654986,0.010007170776434468
21,153,,19,10662,0.0017820296379666104,0,0.010949018883120833
21,155,,253,18606,0.013597764162098248,0.002547142166730536,0.024648386157465958
21,157,,28,30254,9.254974548819991e-4,0,0.005090968761648486
21,159,,9,10392,8.660508083140878e-4,0,0.009912132893739012
21,161,,8,15994,5.001875703388771e-4,0,0.006351326820129225
21,163,,16,28657,5.583278082143979e-4,0,0.004669467591260292
21,165,,24,5887,0.004076779344317989,0,0.02024403561411231
21,167,,382,21563,0.017715531234058342,0.0035660820413219614,0.031864980426794726
21,169,,0,9854,0,0,0.009673142778178424
21,171,,25,10578,0.0023633957269805256,0,0.011803534767310659
21,173,,72,26842,0.002682363460248864,0,0.006828632994842753
21,175,,0,13299,0,0,0.007167392205141003
21,177,,42,28943,0.001451128079328335,0,0.005724942489991083
21,179,,443,44730,0.009903867650346523,0.004101550238522372,0.015706185062170676
21,181,,16,7273,0.002199917503093634,0,0.01438910118148535
21,183,,276,22454,0.012291796561859802,0.0027604506572515806,0.021823142466468024
21,185,,435,65849,0.006606022870506765,,
21,187,,120,10740,0.0111731843575419,2.4307318468513514e-4,0.022103295530398664
21,189,,0,3682,0,0,0.016827117547124015
21,191,,0,13890,0,0,0.006862429729025932
21,193,,22,25851,8.510309078952459e-4,0,0.005127537426186558
21,195,,66,53909,0.001224285369789831,0,0.0038119025131295703
21,197,,44,12269,0.003586274349987774,0,0.011590360242206117
21,199,,486,62231,0.007809612572512092,0.0034045373818487818,0.012214687763175403
21,201,,0,2196,0,0,0.028213773592217956
21,203,,62,15300,0.004052287581699347,0,0.01094455538967504
21,205,,66,23278,0.0028352951284474613,0,0.007923506726021138
21,207,,141,17199,0.008198151055293913,0,0.018079689236283884
21,209,,447,55853,0.008003151128856105,0.002508662000793134,0.013497640256919075
21,211,,1245,46271,0.026906701821875472,0.017952401359365277,0.03586100228438567
21,213,,165,18902,0.008729235001587133,0,0.018267933897033465
21,215,,59,19133,0.003083677415982857,0,0.009045743607889591
21,217,,8,24897,3.213238542796321e-4,0,0.004835105222236836
21,219,,218,11559,0.018859762955272946,0.005681819630175345,0.032037706280370545
21,221,,45,13501,0.0033330864380416267,0,0.010961634526054498
21,223,,0,8131,0,0,0.010550637565189173
21,225,,27,12575,0.002147117296222664,0,0.010077348120010498
21,227,,6399,131732,0.04857589651717123,0.04152221668110401,0.05562957635323845
21,229,,67,11431,0.0058612544834222725,0,0.01700052774410596
21,231,,236,18557,0.012717572883547988,0.0037157231752745074,0.02171942259182147
21,233,,233,12084,0.019281694803045347,0.003608286018528001,0.034955103587562694
21,235,,51,34301,0.0014868371184513572,0,0.0050698972932953935
21,237,,102,6051,0.01685671789786812,0,0.043001007857117315
21,239,,736,25916,0.028399444358697328,0.012690881784970263,0.04410800693242439
22,000,,79253,4326919,0.01831626614688188,0.017382100671659507,0.019250431622104252
22,001,,316,53101,0.005950923711417864,0.0017751997779000576,0.01012664764493567
22,003,,646,21123,0.030582777067651376,0.02134062342433262,0.03982493071097013
22,005,,2069,121752,0.016993560680728038,0.011478660996421166,0.02250846036503491
22,007,,141,19462,0.007244887473024355,0,0.017294500416602413
22,009,,227,36359,0.006243296020242581,0,0.012777850887801038
22,011,,87,34222,0.002542224300157793,0,0.006216475627031164
22,013,,19,11898,0.0015969070432005378,0,0.01030925913855729
22,015,,3003,121487,0.024718694181270425,0.019405577893496263,0.030031810469044587
22,017,,957,216046,0.004429612212214065,0.002411393555732887,0.006447830868695243
22,019,,2049,193272,0.01060163914069291,0.007406354020759345,0.013796924260626474
22,021,,41,9034,0.004538410449413327,0,0.015411820443429794
22,023,,15,4634,0.0032369443245576176,0,0.02432841407865238
22,025,,0,8157,0,0,0.011685564415369646
22,027,,5,13214,3.7838655970939914e-4,0,0.008104008976021653
22,029,,245,17089,0.01433670782374627,0.005600255650075133,0.02307315999741741
22,031,,165,25456,0.006481772470144563,0,0.013256805741254422
22,033,,10163,424732,0.023928029910625995,,
22,035,,0,6951,0,0,0.013713012363137706
22,037,,33,18379,0.0017955275042167691,0,0.007496412410358696
22,039,,856,29943,0.02858764986808269,0.020773798747191298,0.03640150098897408
22,041,,27,18147,0.001487849231277897,0,0.007649181327783386
22,043,,471,20836,0.022605106546362067,0.014749466209185528,0.030460746883538607
22,045,,913,64011,0.014263173517051756,0.009352709107205454,0.01917363792689806
22,047,,868,28189,0.03079215296746958,0.015569045704772563,0.046015260230166596
22,049,,354,14163,0.024994704511755984,0.00999061731426137,0.039998791709250595
22,051,,24175,403900,0.05985392423867294,0.05464425514884444,0.06506359332850144
22,053,,28,29871,9.373639985269995e-4,0,0.005643620183063521
22,055,,4404,231643,0.019012014176987866,0.014913925311917937,0.023110103042057795
22,057,,697,90587,0.007694260765893561,0.004368797055632921,0.011019724476154201
22,059,,53,13574,0.003904523353469869,0,0.011843963559004664
22,061,,284,45722,0.0062114518175057955,0.0016099704995308018,0.01081293313548079
22,063,,2582,138621,0.018626326458473102,0.014123824712378361,0.023128828204567842
22,065,,68,8832,0.007699275362318841,0,0.02285257409597851
22,067,,58,23110,0.0025097360450021637,0,0.0079212888078334
22,069,,51,34525,0.0014771904417089066,0,0.005091951309229344
22,071,,6201,351634,0.017634813470824778,0.014920629719913755,0.0203489972217358
22,073,,988,148343,0.0066602401191832444,0.0038144927227521715,0.009505987515614317
22,075,,287,21389,0.013418112113703305,0.005724680052308957,0.021111544175097655
22,077,,44,19276,0.0022826312512969496,0,0.008934781871685511
22,079,,889,119328,0.007450053633681952,0.004977854620049594,0.009922252647314311
22,081,,4,6990,5.722460658082976e-4,,
22,083,,7,18555,3.7725680409593103e-4,0,0.005944274388471203
22,085,,163,20681,0.007881630482085006,4.1530994670831937e-4,0.015347951017461694
22,087,,1037,41508,0.024983135781054256,0.017411336659315865,0.03255493490279265
22,089,,893,48730,0.018325466858198237,0.010414150368808158,0.026236783347588315
22,091,,13,10267,0.0012661926560825947,0,0.011711348331697739
22,093,,78,18416,0.004235447437011294,0,0.012184941559994219
22,095,,794,38350,0.020704041720990874,0.011203634653152994,0.030204448788828754
22,097,,544,76020,0.007156011575901079,0.0038301963573841827,0.010481826794417975
22,099,,610,48187,0.01265901591715608,0.007271392251942064,0.018046639582370093
22,101,,1036,44657,0.023199050540788677,0.016313679607734846,0.030084421473842507
22,103,,3801,256842,0.014798981474992408,,
22,105,,1326,127408,0.010407509732512872,0.00689939222789037,0.013915627237135374
22,107,,0,3745,0,0,0.017816663352555176
22,109,,1403,99412,0.01411298434796604,0.00842315765034277,0.01980281104558931
22,111,,392,19632,0.019967400162999183,0.010362615698266353,0.029572184627732014
22,113,,828,53515,0.015472297486685976,0.009286592086041427,0.021658002887330524
22,115,,310,43361,0.007149281612508936,0.0037363199376982364,0.010562243287319636
22,117,,149,42195,0.0035312240786823084,0,0.008230868004312488
22,119,,112,33756,0.0033179286645337127,0,0.007772917549425702
22,121,,217,26276,0.00825848683209012,0.0011708854842932583,0.015346088179886981
22,123,,96,8963,0.010710699542563873,0,0.0284978806342835
22,125,,101,14663,0.006888085657778081,0,0.017616149122593672
22,127,,860,12778,0.06730317733604634,0.04126866103108577,0.0933376936410069
23,000,,7687,1325830,0.005797877555946087,0.005130515118660878,0.006465239993231295
23,001,,1320,107401,0.012290388357650301,0.007901323456323335,0.016679453258977267
23,003,,296,63975,0.004626807346619773,0.002589259584518041,0.006664355108721504
23,005,,3208,294512,0.010892595208344652,0.008927001409648496,0.012858189007040808
23,007,,63,29190,0.002158273381294964,0,0.005918663950237421
23,009,,119,54162,0.002197112366603892,0,0.004616257068353415
23,011,,607,120957,0.005018312292798267,0.0027682116154459364,0.007268412970150597
23,013,,73,39452,0.001850349792152489,0,0.0047035016214221435
23,015,,73,34715,0.002102837390177157,0,0.0055410397111360435
23,017,,120,56770,0.002113792496036639,3.280375177592372e-5,0.004194781240297355
23,019,,337,148129,0.0022750440494433907,0.0011125305874936325,0.003437557511393149
23,021,,80,16621,0.004813188135491246,0,0.010879429043557313
23,023,,119,35726,0.0033309074623523484,0,0.006684435957522805
23,025,,61,48605,0.0012550149161608887,0,0.0037688351455348514
23,027,,21,38479,5.457522284882663e-4,0,0.0029510510174607174
23,029,,71,29882,0.002376012315106084,0,0.005561620429369529
23,031,,1119,207254,0.005399172030455383,0.003729971053329807,0.007068373007580959
24,000,,218006,5849633,0.03726832093568947,0.03623560431430127,0.03830103755707767
24,001,,218,64359,0.003387249646514085,0.0010359353665198808,0.005738563926508289
24,003,,10813,562765,0.01921405915435395,0.01682951697981012,0.021598601328897776
24,005,,17230,802068,0.021481969109851035,0.019460569404956267,0.023503368814745802
24,009,,598,89294,0.006696978520393308,0.003668281806750486,0.009725675234036129
24,011,,699,31509,0.022184137865371798,0.015106440485502672,0.029261835245240925
24,013,,1331,165791,0.008028180058024862,,
24,015,,800,99061,0.008075832063072249,0.005047254525470865,0.011104409600673631
24,017,,1944,160722,0.012095419419867847,0.00852919880276063,0.015661640036975063
24,019,,557,30925,0.018011317704122877,0.009830084099667511,0.02619255130857824
24,021,,5281,270156,0.019547964879551075,0.01658474536172016,0.022511184397381992
24,023,,56,27277,0.002053011694834476,0,0.005902897566633639
24,025,,2431,249534,0.009742159385093815,0.007378667632447385,0.012105651137740245
24,027,,13338,318370,0.04189465087790935,0.037310194530163175,0.04647910722565552
24,029,,56,18547,0.003019356230118078,0,0.00891200818242427
24,031,,69266,1004869,0.06893037798956879,0.0658167212876287,0.07204403469150888
24,033,,74003,901354,0.08210203760120885,0.07804587481084335,0.08615820039157435
24,035,,584,49094,0.011895547317391127,0.007097931703891028,0.016693162930891226
24,037,,716,108101,0.006623435490883525,0.0036832067613178578,0.009563664220449193
24,039,,540,23669,0.022814652076555832,0.0068882829888133185,0.038741021164298346
24,041,,901,36261,0.024847632442569153,0.015557027631139204,0.0341382372539991
24,043,,2310,147184,0.015694640721817588,0.011911489247183502,0.01947779219645167
24,045,,2445,98582,0.024801687934917126,0.017585076559002204,0.03201829931083205
24,047,,364,51499,0.007068098409677858,0.0031027230886858017,0.011033473730669914
24,510,,11525,538642,0.02139640057774923,0.018771228880374947,0.024021572275123512
25,000,,346703,6694960,0.05178567160968848,0.050637854975528127,0.05293348824384883
25,001,,4282,223813,0.01913204326826413,0.01396256917275649,0.02430151736377177
25,003,,1730,124505,0.013895024296213003,0.009652272524478303,0.018137776067947704
25,005,,26081,552914,0.04717008431691004,0.043733466768323834,0.05060670186549625
25,007,,1309,20146,0.06497567755385684,0.02519587284583666,0.10475548226187703
25,009,,57540,769435,0.07478214534041212,0.0708364245060183,0.07872786617480594
25,011,,733,68304,0.01073143593347388,0.00719613573119771,0.014266736135750052
25,013,,24695,438502,0.05631673287693101,0.051749308532898,0.06088415722096402
25,015,,1712,156907,0.010910921756199532,0.008065156187297272,0.013756687325101793
25,017,,75505,1555829,0.048530397620818226,0.04619827606384782,0.05086251917778863
25,019,,851,13801,0.06166219839142091,0.022388301567733658,0.10093609521510816
25,021,,26309,692726,0.03797894116865831,0.035266612690632144,0.04069126964668448
25,023,,14568,507693,0.02869450632567319,0.02528203092671447,0.03210698172463191
25,025,,76737,747236,0.10269446332885461,0.09789299049600597,0.10749593616170325
25,027,,34651,823149,0.04209565947355825,0.03902762223524096,0.04516369671187554
26,000,,150700,9536435,0.01580255095326503,0.015318705296079664,0.016286396610450397
26,001,,11,10051,0.001094418465824296,0,0.00894703150805718
26,003,,10,8475,0.0011799410029498525,0,0.00998330953695424
26,005,,932,114648,0.008129230339822761,0.005226926567046699,0.011031534112598823
26,007,,36,27580,0.001305293691080493,0,0.004549413071940541
26,009,,21,23184,9.057971014492754e-4,0,0.004782799352582353
26,011,,29,14395,0.002014588398749566,0,0.007121633594129739
26,013,,29,7837,0.0037003955595253284,0,0.012394284893967999
26,015,,297,60099,0.00494184595417561,0.0014584440226416266,0.0084252478857095945
26,017,,96,98208,9.775171065493646e-4,0,0.002310911125236554
26,019,,0,17544,0,0,0.004889833221759757
26,021,,1143,145231,0.007870220545200405,,
26,023,,1147,42411,0.027044870434557073,0.019624596927849004,0.034465143941265146
26,025,,1309,126140,0.010377358490566037,,
26,027,,227,49071,0.004625950153858694,0.0012781792369422349,0.007973721070775153
26,029,,118,25018,0.004716604045087537,5.402223324813861e-4,0.008892985757693688
26,031,,80,24885,0.0032147880249146074,0,0.006949708830585278
26,033,,189,34689,0.0054484130415982015,0.0013653858615155076,0.009531440221680895
26,035,,204,29716,0.006864988558352402,0,0.013874078992290177
26,037,,240,75618,0.003173847496627787,0.0010150087052818758,0.005332686287973698
26,039,,1,12774,7.828401440425865e-5,0,0.006583474829270875
26,041,,46,35172,0.0013078585238257706,0,0.004025766218146878
26,043,,50,24616,0.0020311992200194996,0,0.0062469778977111805
26,045,,565,103558,0.005455879796828831,,
26,047,,58,32726,0.0017722911446556254,0,0.004577363152877851
26,049,,1964,380830,0.005157156736601633,0.00381737214884396,0.006496941324359307
26,051,,78,24460,0.003188879803761243,0,0.007382050240472647
26,053,,11,13748,8.001163805644458e-4,0,0.006946100162458549
26,055,,163,91683,0.0017778650349574076,0,0.0037851925314398216
26,057,,119,39397,0.0030205345584689187,2.127680094488136e-5,0.006019792315992956
26,059,,143,43175,0.0033121019108280254,7.22125716036142e-4,0.0059020781056199085
26,061,,157,35823,0.004382659185439522,5.283228922505776e-4,0.008236995478628467
26,063,,117,29719,0.003936875399576029,5.904717598644036e-4,0.007283279039287654
26,065,,4336,269111,0.01611231053357165,0.01313057665067293,0.01909404441647037
26,067,,277,63221,0.004381455529017257,0.001017014420390561,0.007745896637643954
26,069,,76,24158,0.0031459557910423048,0,0.0075677912403115145
26,071,,16,11190,0.0014298480786416443,0,0.008485574406864217
26,073,,382,61620,0.006199285946121389,0.0033019083478515654,0.009096663544391214
26,075,,622,151566,0.004103822757082723,,
26,077,,1374,248108,0.005537910909765103,,
26,079,,7,17362,4.031793572169105e-4,0,0.004885478467563956
26,081,,18566,622110,0.029843596791564193,0.027129887629428435,0.032557305953699954
26,083,,1,2059,4.8567265662943174e-4,0,0.025165954501515275
26,085,,86,12148,0.00707935462627593,0,0.02049637467516916
26,087,,593,84638,0.007006309222807722,0.003795320300150282,0.010217298145465164
26,089,,28,21937,0.0012763823676892922,0,0.005735106246017535
26,091,,501,93542,0.005355882918902739,0.003020960550162743,0.0076908052876427345
26,093,,488,186474,0.002616986818537705,0.0016804836924168096,0.0035534899446586004
26,095,,33,6016,0.005485372340425532,0,0.019305158454944737
26,097,,80,10533,0.007595177062565271,0,0.021207653474478904
26,099,,20621,833963,0.024726516644023776,0.022814362088286796,0.026638671199760756
26,101,,89,24345,0.003655781474635449,0,0.007532072435416333
26,103,,181,64124,0.00282265610379889,8.130726704857717e-4,0.004832239537112008
26,105,,72,27936,0.002577319587628866,0,0.006136030781217373
26,107,,269,39180,0.0068657478305257785,0.0032513616817456104,0.010480133979305946
26,109,,44,22345,0.001969120608637279,0,0.005809443643737117
26,111,,308,79417,0.003878262840449778,0.001550489184328806,0.00620603649657075
26,113,,69,14373,0.00480066791901482,0,0.010747963350593567
26,115,,343,147670,0.0023227466648608384,,
26,117,,483,64293,0.007512481918715879,0.0035131821724966586,0.011511781664935099
26,119,,51,9162,0.005566470203012442,0,0.013981413645195015
26,121,,788,165977,0.004747645758147213,0.0030975437802948282,0.006397747735999599
26,123,,316,48118,0.006567188993723763,0.0032824454272746668,0.009851932560172858
26,125,,21259,1214216,0.017508416953820407,0.01609359096896444,0.018923242938676373
26,127,,311,25596,0.012150335989998437,0.006640727745214347,0.017659944234782527
26,129,,18,20010,8.995502248875562e-4,0,0.005367783511973936
26,131,,9,5700,0.0015789473684210526,0,0.014211196605809764
26,133,,50,21978,0.0022750022750022752,0,0.006462043155962334
26,135,,30,8011,0.003744850830108601,0,0.012193801229781712
26,137,,33,24371,0.0013540683599359896,0,0.005357946359292751
26,139,,4185,284594,0.014705158928157306,,
26,141,,59,12673,0.004655566953365423,0,0.010168238125788875
26,143,,79,22913,0.003447824379173395,0,0.008190715722851407
26,145,,653,178281,0.0036627571081607126,,
26,147,,431,152469,0.0028268041372344543,0.0017673522438333153,0.0038862560306355933
26,149,,981,57252,0.017134772584363866,0.012519167227767698,0.021750377940960033
26,151,,189,38457,0.004914579920430611,0.0018175872243197202,0.008011572616541502
26,153,,48,7784,0.006166495375128468,0,0.015739123189345235
26,155,,182,64409,0.0028256920616684003,4.3999269272453284e-4,0.005211391430612267
26,157,,45,50380,8.932115919015483e-4,0,0.0027819606271381994
26,159,,1046,71542,0.014620782197869784,0.010660235125686437,0.01858132927005313
26,161,,5792,352881,0.016413465162476867,0.01394634546832216,0.018880584856631577
26,163,,54505,1661530,0.032804102243113274,0.03104889759266144,0.03455930689356511
26,165,,105,32211,0.003259755983980628,0,0.0068502742355582
27,000,,107213,5405770,0.01983306725961334,0.019184091984708142,0.02048204253451854
27,001,,24,15469,0.0015514900769280496,0,0.005740649565196857
27,003,,7791,348430,0.02236030192578136,0.019651577206471732,0.02506902664509099
27,005,,114,33431,0.0034100086745834706,0,0.007243776129010062
27,007,,103,43581,0.002363415249764806,0,0.004876723045031067
27,009,,296,39195,0.007551983671386656,0.003552345936783532,0.011551621405989781
27,011,,9,4814,0.0018695471541337765,0,0.014531066991525602
27,013,,660,66378,0.009943053421314291,0.006359474145430053,0.013526632697198528
27,015,,207,24384,0.008489173228346457,0.003363428721370588,0.013614917735322326
27,017,,230,34710,0.006626332469029098,0.0026838129796795786,0.010568851958378617
27,019,,953,103523,0.009205683761096569,0.005581753410733484,0.012829614111459654
27,021,,125,29573,0.004226828526020357,0.001260128638865642,0.007193528413175072
27,023,,318,11715,0.02714468629961588,0.004729811477965834,0.04955956112126592
27,025,,227,54816,0.00414112667834209,0.0017722862868026746,0.006509967069881505
27,027,,484,61881,0.007821463777249883,0.004333644746291503,0.011309282808208265
27,029,,22,8095,0.002717726991970352,0,0.01070396395377899
27,031,,21,5416,0.003877400295420975,0,0.01593498013423704
27,033,,260,10732,0.024226612001490868,0.012679973857803006,0.03577325014517873
27,035,,135,64430,0.002095297221791091,4.6457454843457004e-4,0.003726019895147612
27,037,,8233,419182,0.01964063342414512,0.017263199966918125,0.022018066881372114
27,039,,233,19719,0.011816015010903189,0.004318031971072923,0.019313998050733455
27,041,,183,37428,0.004889387624238538,0.0011729693080727542,0.008605805940404321
27,043,,101,13220,0.007639939485627837,2.0672694889266058e-4,0.015073152022363014
27,045,,123,20199,0.006089410366849844,0.001770014803232166,0.010408805930467523
27,047,,533,29040,0.018353994490358128,0.011062662570886775,0.02564532640982948
27,049,,292,45344,0.006439661256175018,0.003525319854343172,0.009354002658006864
27,051,,102,5770,0.017677642980935875,0.0023887048489501742,0.03296658111292158
27,053,,31007,1195180,0.025943372546394686,0.024219222042000783,0.027667523050788588
27,055,,123,17718,0.006942092786996275,0,0.014722728283109875
27,057,,41,20754,0.001975522790787318,0,0.005259454156402946
27,059,,89,40151,0.002216632213394436,3.7378272881515365e-5,0.004395886153907356
27,061,,50,43135,0.001159151501101194,0,0.003158862998559802
27,063,,106,9359,0.01132599636713324,0.002757834054456858,0.01989415867980962
27,065,,45,15569,0.0028903590468238164,0,0.007098787096062173
27,067,,1863,41154,0.04526898964863683,0.033173786410176466,0.05736419288709719
27,069,,11,3875,0.002838709677419355,0,0.014035408625454458
27,071,,8,11334,7.058408328921829e-4,0,0.007118479131883078
27,073,,46,6331,0.007265834781235192,0,0.017554995478237044
27,075,,25,10399,0.0024040773151264546,0,0.009512486225943717
27,077,,0,3614,0,0,0.013187486017732458
27,079,,353,27550,0.012813067150635208,0.006067048232559765,0.01955908606871065
27,081,,19,5276,0.003601213040181956,0,0.015789853755025732
27,083,,668,23895,0.027955639255074282,0.019412491089835976,0.03649878742031259
27,085,,360,34786,0.010348990973380096,0.004157165909709486,0.016540816037050706
27,087,,25,4931,0.0050699655242344354,0,0.015549662058132876
27,089,,45,8408,0.005352045670789724,0,0.013587026300158062
27,091,,70,18668,0.0037497321619884296,0,0.008279524209553676
27,093,,74,22164,0.003338747518498466,0,0.007214907070144204
27,095,,144,25591,0.005626978234535579,0.001535634890601976,0.00971832157846918
27,097,,51,32411,0.0015735398475826108,0,0.003998708921756054
27,099,,2353,37768,0.062301419190849396,0.049386299005832315,0.07521653937586648
27,101,,96,7696,0.012474012474012475,0.0019088453418415544,0.023039179606183395
27,103,,363,32632,0.011124050012257906,0.005045420107355235,0.01720267991716058
27,105,,2186,20155,0.10845943934507567,0.08301718514261011,0.13390169354754122
27,107,,11,5986,0.0018376211159371867,0,0.013313445032793013
27,109,,2570,154274,0.01665867223252136,0.012115630955705475,0.021201713509337243
27,111,,628,57297,0.010960434228668168,0.007125525197876986,0.014795343259459349
27,113,,145,13079,0.011086474501108648,0.0020163045354261444,0.020156644466791152
27,115,,170,28303,0.0060064304137370595,,
27,117,,102,8629,0.011820604936840885,3.9420471920005584e-4,0.023247005154481713
27,119,,119,28817,0.004129506888295104,0.001085842847706361,0.007173170928883847
27,121,,11,10824,0.0010162601626016261,0,0.007419762136807843
27,123,,22758,508995,0.04471163763887661,0.04106682668964768,0.04835644858810554
27,125,,8,3664,0.002183406113537118,0,0.015113459622123843
27,127,,104,14382,0.00723126129884578,0.0028686611488263607,0.011593861448865199
27,129,,171,13719,0.012464465340039362,0.0051893083482906785,0.019739622331788047
27,131,,2129,64216,0.03315373115734396,0.02456466198646263,0.0417428003282253
27,133,,63,9074,0.006942913819704651,0,0.016633004877655448
27,135,,72,14470,0.00497581202487906,0,0.010420966377782937
27,137,,631,190821,0.003306763930594641,0.0022981089230664376,0.004315418938122845
27,139,,3188,145348,0.021933566337342104,,
27,141,,1132,94146,0.012023877806810699,,
27,143,,218,14127,0.015431443335456926,0.00722393688342971,0.02363894978748414
27,145,,2944,150577,0.019551458722115594,0.015541482265482732,0.023561435178748456
27,147,,528,35418,0.014907674064035236,0.00880101032964914,0.021014337798421334
27,149,,438,9128,0.04798422436459246,0.033350014162152726,0.0626184345670322
27,151,,117,9204,0.012711864406779662,0.0041259778134989395,0.021297751000060386
27,153,,691,23896,0.02891697355205892,0.018584687254198172,0.03924925984991967
27,155,,35,3042,0.011505588428665352,0,0.0266747113833432
27,157,,220,20365,0.01080284802356985,0.003659884180509925,0.017945811866629774
27,159,,41,13239,0.003096910642797794,0,0.008801681560492826
27,161,,96,17798,0.005393864479154961,6.412719648603016e-4,0.010146456993449621
27,163,,3465,260758,0.013288182912892414,0.010961380598858601,0.015614985226926226
27,165,,890,10324,0.08620689655172414,,
27,167,,7,5971,0.0011723329425556857,0,0.011356996752401143
27,169,,390,47581,0.008196549042685105,0.004378857247061891,0.012014240838308318
27,171,,1049,138403,0.007579315477265666,0.004815999179845973,0.010342631774685359
27,173,,72,8916,0.008075370121130552,0.0021259933002615887,0.014024746941999514
28,000,,21028,2771334,0.00758768160026904,0.007032070175743487,0.008143293024794593
28,001,,683,27256,0.02505870267097153,0.01663207568758096,0.0334853296543621
28,003,,247,32408,0.007621574919772896,0.0018089749739344033,0.013434174865611388
28,005,,31,11901,0.002604823124107218,0,0.01146723891732298
28,007,,3,16492,1.819063788503517e-4,0,0.006352959083625942
28,009,,15,7209,0.0020807324178110697,0,0.014989333231355362
28,011,,87,27619,0.0031500054310438464,0,0.007549012078226705
28,013,,94,12203,0.007703023846595099,0,0.017564531011892204
28,015,,0,9175,0,0,0.01038900805843817
28,017,,25,15778,0.0015844847255672455,0,0.008289681460649456
28,019,,28,7728,0.0036231884057971015,0,0.018542610459599644
28,021,,0,8061,0,0,0.011824730050387072
28,023,,11,14409,7.634117565410507e-4,0,0.007635197568518965
28,025,,13,17274,7.525761259696654e-4,0,0.006569905554601109
28,027,,306,19070,0.016046145778710014,0.002617096310446621,0.02947519524697341
28,029,,80,26169,0.0030570522373801062,0,0.009056893503411377
28,031,,19,16935,0.0011219368172423975,0,0.007191392152183277
28,033,,1510,180177,0.008380647918435761,0.006235687591391319,0.010525608245480204
28,035,,561,73435,0.007639409001157486,0.0038160007513009728,0.011462817251014
28,037,,0,7292,0,0,0.013071742860144021
28,039,,110,23338,0.004713343045676579,0,0.013726139061965084
28,041,,19,12833,0.0014805579365697811,0,0.009416554325812315
28,043,,52,19929,0.002609262883235486,0,0.009085297122883996
28,045,,61,43909,0.001389236830718076,0,0.004404184299912283
28,047,,2909,198051,0.014688135884191445,0.01181203314034204,0.01756423862804085
28,049,,1203,205132,0.005864516506444631,,
28,051,,10,15162,6.595435958316845e-4,0,0.006974678514355389
28,053,,0,6964,0,0,0.013687413689857868
28,055,,0,928,0,0,0.07190022010271459
28,057,,17,22711,7.485359517414469e-4,0,0.006246155735219132
28,059,,1744,137108,0.012719899641158794,0.009234926430176689,0.016204872852140898
28,061,,0,15106,0,,
28,063,,0,6715,0,0,0.01419495888848402
28,065,,10,10532,9.494872768704899e-4,,
28,067,,1123,62095,0.01808519204444802,0.010293801516126579,0.025876582572769466
28,069,,22,8195,0.0026845637583892616,0,0.013781096024709201
28,071,,282,55590,0.005072854830005397,0.0014881643071334794,0.008657545352877313
28,073,,303,61783,0.004904261690108929,4.122670726678917e-4,0.009396256307549967
28,075,,217,67199,0.0032292147204571495,3.8123369432997364e-4,0.006077195746584325
28,077,,49,11076,0.004423979776092452,0,0.015407592085227862
28,079,,399,19901,0.020049243756595145,0.0011757723823750642,0.03892271513081523
28,081,,682,77811,0.008764827595070105,0.0042637829955065815,0.01326587219463363
28,083,,38,25231,0.001506083785819032,0,0.006392024609988375
28,085,,51,32935,0.001548504630332473,0,0.005851894305285343
28,087,,225,54112,0.004158042578356003,0.001015969916510327,0.007300115240201678
28,089,,1285,104825,0.012258526114953493,0.009202533373283186,0.0153145188566238
28,091,,32,22807,0.001403078002367694,0,0.007083085744897017
28,093,,467,32089,0.014553273707501013,,
28,095,,207,31809,0.006507592190889371,0.00102162142876246,0.011993562953016281
28,097,,0,9308,0,0,0.01024056176795984
28,099,,144,26791,0.005374939345302527,0,0.011033387849094297
28,101,,32,19742,0.0016209097355890994,0,0.007843998718418354
28,103,,66,9303,0.00709448564979039,,
28,105,,305,49185,0.006201077564298058,0.0021496556490889452,0.010252499479507172
28,107,,25,30638,8.159801553626215e-4,0,0.005029322578545775
28,109,,372,54165,0.006867903627803933,0.002298054960045582,0.011437752295562284
28,111,,11,10850,0.0010138248847926267,0,0.010233022574102371
28,113,,17,37095,4.5828278743766007e-4,0,0.004061018202785088
28,115,,595,29332,0.020285012955134324,0.008885157287179249,0.0316848686230894
28,117,,8,23677,3.3788064366262617e-4,0,0.00546881701702788
28,119,,0,5375,0,0,0.017733795150915384
28,121,,771,150230,0.005132130732876257,,
28,123,,876,25439,0.0344353158536106,,
28,125,,1,3661,2.731494127287626e-4,0,0.017931871543066465
28,127,,191,24188,0.007896477592194476,3.006159024779454e-4,0.015492339281911007
28,129,,55,13256,0.004149064574532287,0,0.013114702698286356
28,131,,67,17983,0.003725740977589946,0,0.01009598842946107
28,133,,360,22985,0.015662388514248424,0.006658603815533621,0.02466617321296323
28,135,,18,11203,0.001606712487726502,0,0.010245673687460013
28,137,,137,26734,0.005124560484775941,2.2833562695689317e-4,0.010020785342594988
28,139,,184,20251,0.009085971063157375,,
28,141,,186,17644,0.010541827250056677,0.003860906034959387,0.017222748465153967
28,143,,18,8740,0.002059496567505721,0,0.01343351972690525
28,145,,90,26423,0.003406123453052265,0,0.00897175835953969
28,147,,33,13058,0.002527186399142288,0,0.010082437555862092
28,149,,311,40474,0.0076839452488017,0.002803042544628781,0.01256484795297462
28,151,,142,39875,0.003561128526645768,0,0.00755340028226751
28,153,,254,18438,0.013775897602776874,0,0.029583984879870316
28,155,,21,9361,0.002243350069437026,0,0.012165639082292786
28,157,,0,7805,0,0,0.012212575135960307
28,159,,24,16585,0.001447090744648779,0,0.007803734009931331
28,161,,58,11701,0.004956841295615759,0,0.01594247229679733
28,163,,426,23372,0.01822693821666952,,
29,000,,53051,5835003,0.009091854794247749,0.0086803306541441,0.009503378934351398
29,001,,360,23847,0.015096238520568624,0.004612165223750362,0.02558031181738689
29,003,,17,17123,9.928166793202126e-4,0,0.0064235010024673534
29,005,,16,4960,0.0032258064516129032,0,0.01826784962148498
29,007,,121,23060,0.005247181266261926,0,0.01072722218908277
29,009,,527,32957,0.015990533118912523,0.009773107191880865,0.022207959045944182
29,011,,21,11002,0.0019087438647518633,0,0.010435409004498972
29,013,,36,15264,0.0023584905660377358,0,0.009091477758910707
29,015,,30,19345,0.0015507883173946756,0,0.007050747239842093
29,017,,0,9968,0,0,0.009084389194358116
29,019,,1536,178013,0.008628583305713628,0.006237473512058235,0.011019693099369022
29,021,,1004,78657,0.012764280356484484,0.008389509458859383,0.017139051254109583
29,023,,11,39306,2.798554928000814e-4,0,0.0033755109698489615
29,025,,8,8444,9.474182851729038e-4,0,0.009647994116696562
29,027,,83,42298,0.001962267719513925,0,0.004920539724381414
29,029,,150,41877,0.0035819184755354967,4.435384083996954e-4,0.006720298542671298
29,031,,226,78158,0.0028915785972005426,4.976445048354107e-4,0.0052855126895656745
29,033,,14,8002,0.0017495626093476631,0,0.011644341887539166
29,035,,54,4946,0.010917913465426607,0,0.03044114119764893
29,037,,320,104526,0.003061439259131699,0.0011930849974734366,0.0049297935207899615
29,039,,0,13639,0,0,0.006639283781022194
29,041,,4,6907,5.791226292167366e-4,0,0.011984012334621107
29,043,,459,87378,0.005253038522282497,0.001974094209848426,0.008531982834716567
29,045,,0,6270,0,0,0.01292205368353185
29,047,,2862,242783,0.011788304782460056,0.009304648916866241,0.014271960648053871
29,049,,22,20189,0.0010897023131408192,0,0.006433569789184354
29,051,,282,72686,0.0038797017307321906,0.0016444919952550091,0.006114911466209372
29,053,,11,15789,6.966875672936855e-4,0,0.005983962896171502
29,055,,48,21509,0.002231623971360826,0,0.007882714444155395
29,057,,13,7259,0.0017908802865408459,0,0.012448583727388466
29,059,,83,16453,0.0050446727040661275,0,0.011829924343144668
29,061,,32,7873,0.004064524323637749,0,0.014248146167198838
29,063,,23,10297,0.002233660289404681,0,0.011613493673240693
29,065,,11,13685,8.03799780781878e-4,0,0.0074430660092993095
29,067,,0,11262,0,0,0.008040595941161579
29,069,,321,25643,0.012518036111219436,0.006023667982564476,0.019012404239874395
29,071,,131,99923,0.0013110094772975191,0,0.0026417054832487555
29,073,,21,14023,0.001497539756114954,0,0.00788701979360768
29,075,,19,5813,0.003268536039910545,0,0.016690511895320014
29,077,,1171,286691,0.0040845370102305266,0.0029571866275632398,0.005211887392897813
29,079,,14,9069,0.0015437203660822582,0,0.009415577475148857
29,081,,8,7712,0.001037344398340249,0,0.011437026173983632
29,083,,57,21047,0.002708224450040386,0,0.007453079114049863
29,085,,0,8226,0,0,0.009849413639161766
29,087,,5,4019,0.001244090569793481,0,0.015136843915931167
29,089,,14,9602,0.0014580295771714226,0,0.010343076668850681
29,091,,68,37944,0.0017921146953405018,0,0.005380248553903147
29,093,,0,8976,0,0,0.009026434558349455
29,095,,12846,675688,0.01901173322598596,,
29,097,,1417,116375,0.012176154672395275,0.0090334115130339,0.01531889783175665
29,099,,641,216823,0.002956328433791618,0.0019316070494978116,0.0039810498180854244
29,101,,205,51313,0.0039950889638103405,8.879426000033379e-4,0.007102235327617343
29,103,,1,3441,2.906131938390003e-4,0,0.016416932816886266
29,105,,151,33955,0.0044470622883227805,4.3715274146013255e-4,0.008456971835185428
29,107,,225,31335,0.007180469123982767,0.001045247348550657,0.013315690899414877
29,109,,311,36137,0.008606137753548994,0.003602295072253261,0.013609980434844727
29,111,,17,9406,0.0018073570061662768,0,0.010196531921279204
29,113,,273,58883,0.004636312687872561,3.720940076333088e-4,0.008900531368111813
29,115,,28,11193,0.0025015634771732333,0,0.00962095689756975
29,117,,0,13608,0,0,0.006654408545661501
29,119,,1287,22181,0.05802263198232722,0.042209948498555964,0.07383531546609848
29,121,,20,14347,0.001394019655677145,0,0.007260522511316061
29,123,,38,12077,0.0031464767740332863,0,0.011505638993713098
29,125,,0,8006,0,0,0.010120069522326343
29,127,,12,26444,4.5378913931326575e-4,0,0.004303990930917531
29,129,,71,3222,0.02203600248292986,0.002570969057822503,0.041501035908037213
29,131,,19,23767,7.994277780115286e-4,0,0.005251879094335028
29,133,,0,11188,0,0,0.008093778288287603
29,135,,142,14259,0.009958622624307455,0.002346708391811372,0.01757053685680354
29,137,,40,8272,0.004835589941972921,0,0.014828387953284195
29,139,,10,10771,9.284189026088571e-4,0,0.009235982585414913
29,141,,149,20320,0.007332677165354331,7.543070330385425e-4,0.01391104729767012
29,143,,33,14774,0.0022336537159875457,0,0.00857566041466424
29,145,,936,56433,0.0165860400829302,0.011561406607284922,0.02161067355857548
29,147,,28,19747,0.0014179369018078695,0,0.0064585743274627495
29,149,,7,8168,8.570029382957884e-4,0,0.010646798398906903
29,151,,14,12655,0.0011062821019359936,0,0.007678041329619273
29,153,,0,8497,0,0,0.009535280286659373
29,155,,37,13927,0.0026567099877934947,0,0.008562926698635877
29,157,,87,17974,0.004840324913764326,0,0.011276558843002608
29,159,,1012,40439,0.02502534681866515,0.01734424647252973,0.03270644716480057
29,161,,106,42842,0.002474207553335512,0,0.005686368441989527
29,163,,221,16752,0.013192454632282713,0.004900698155010487,0.021484211109554938
29,165,,734,104080,0.007052267486548808,,
29,167,,105,30385,0.003455652460095442,0,0.007532077974504479
29,169,,383,50265,0.007619616035014424,0.0029306951029715025,0.012308536967057346
29,171,,0,4352,0,0,0.01314142678347935
29,173,,6,9899,6.06121830487928e-4,0,0.009544764803354125
29,175,,48,22878,0.002098085496984002,0,0.006632031774090421
29,177,,16,21875,7.314285714285715e-4,0,0.005534512833902629
29,179,,0,5721,0,0,0.014162082956781103
29,181,,1,10003,9.997000899730081e-5,0,0.008872396539272614
29,183,,2332,392159,0.005946567591206628,0.004710823637784302,0.007182311544628953
29,185,,33,9068,0.003639170710189678,0,0.01224628800055109
29,186,,34,17562,0.001935998177884068,0,0.007752866587697837
29,187,,107,63537,0.001684058107874152,0,0.0038253143521026507
29,189,,12324,939897,0.013112075046521055,0.011806250037655078,0.014417900055387033
29,195,,543,21954,0.024733533752391363,0.014945281256167547,0.03452178624861518
29,197,,0,3717,0,0,0.015386464719317226
29,199,,7,4314,0.0016226240148354196,0,0.014297367322242871
29,201,,8,35500,2.2535211267605634e-4,0,0.0033870584006649475
29,203,,3,6799,4.4124135902338577e-4,0,0.01204451135251113
29,205,,37,5613,0.006591840370568323,0,0.021155332993231125
29,207,,16,26765,5.977956286194658e-4,0,0.004189605122448625
29,209,,16,30761,5.201391372192061e-4,0,0.0043610366667541384
29,211,,248,5512,0.04499274310595065,0.025144914694313337,0.06484057151758797
29,213,,455,53690,0.00847457627118644,0.0043619944083392315,0.01258715813403365
29,215,,28,23772,0.001177856301531213,0,0.005612974638940605
29,217,,86,18494,0.00465015680761328,0,0.010294986875328134
29,219,,35,35076,9.97833276314289e-4,0,0.004515694052475632
29,221,,43,22163,0.0019401705545278166,0,0.006589424520444638
29,223,,0,10371,0,0,0.008731384773827181
29,225,,542,37561,0.014429860759830675,0.00647582098685078,0.02238390053281057
29,227,,0,1834,0,0,0.03118401819067728
29,229,,33,17695,0.0018649335970613167,0,0.007311981257872824
29,510,,4231,272092,0.015549887538038605,,
30,000,,3387,1058934,0.003198499623205979,0.0025873153433275697,0.0038096839030843884
30,001,,93,9229,0.010076931411853939,0,0.02309052333729455
30,003,,0,11975,0,0,0.007163860880380224
30,005,,13,6460,0.0020123839009287925,0,0.013245131470654776
30,007,,0,7263,0,0,0.010499148994759214
30,009,,17,10696,0.0015893792071802542,0,0.009334390861679176
30,011,,2,1222,0.0016366612111292963,0,0.043278156624182475
30,013,,224,79784,0.002807580467261606,5.162066767294489e-4,0.005098954257793763
30,015,,0,5573,0,0,0.013682992849261827
30,017,,12,11390,0.0010535557506584723,0,0.007990912648823283
30,019,,0,1476,0,0,0.035518653058871016
30,021,,0,8424,0,0,0.009052150896122527
30,023,,0,9247,0,0,0.008246492824584856
30,025,,0,2570,0,0,0.020399039655600627
30,027,,81,11041,0.007336292002536002,0,0.017717382073303943
30,029,,221,104839,0.002107994162477704,7.146409365605803e-4,0.0035013473883948273
30,031,,768,118396,0.006486705631947025,0.003277589356522473,0.009695821907371577
30,033,,0,1002,0,0,0.05232089013462436
30,035,,113,12589,0.008976090237508937,0,0.020030458697577885
30,037,,8,833,0.009603841536614645,0,0.07093800752657053
30,039,,4,3315,0.0012066365007541479,0,0.01678671764609308
30,041,,0,14792,0,0,0.00579956963511041
30,043,,21,12215,0.0017191977077363897,0,0.00828798512860423
30,045,,2,1964,0.0010183299389002036,0,0.026927942262644975
30,047,,229,30974,0.007393297604442435,0.002229633545482464,0.012556961663402408
30,049,,89,69660,0.0012776342233706574,0,0.0031508534378919106
30,051,,5,1808,0.0027654867256637168,0,0.031331805854905026
30,053,,183,20240,0.009041501976284585,8.046427059216921e-4,0.01727836124664748
30,055,,0,1612,0,0,0.03252204213082731
30,057,,22,8791,0.0025025594357866,0,0.010712213454550135
30,059,,0,1934,0,0,0.027107307091465156
30,061,,0,4646,0,0,0.011284014617928027
30,063,,338,115162,0.002934995918792657,9.909582415584101e-4,0.0048790335960269045
30,065,,0,4935,0,0,0.015451939037271767
30,067,,9,16913,5.321350440489564e-4,0,0.005321053775610901
30,069,,0,434,0,0,0.12079615648592998
30,071,,0,3965,0,0,0.013222076144992084
30,073,,51,5634,0.009052183173588925,0,0.02235368217872207
30,075,,0,1732,0,0,0.03026878286079308
30,077,,3,6824,4.396248534583822e-4,0,0.011272035239051494
30,079,,0,1184,0,0,0.04427832087406555
30,081,,45,44714,0.0010063962070045176,0,0.0035275923211133186
30,083,,25,10550,0.002369668246445498,0,0.010530117775763017
30,085,,2,9685,2.0650490449148167e-4,0,0.008790914453163722
30,087,,59,7537,0.0078280482950776175,0,0.01873359178692132
30,089,,96,12772,0.007516442217350454,4.332547552282403e-4,0.014599629679472668
30,091,,1,3405,2.936857562408223e-4,0,0.015238314847529215
30,093,,77,33968,0.0022668393782383418,0,0.0060826333298831005
30,095,,9,8796,0.0010231923601637107,0,0.00927280124202956
30,097,,6,3546,0.001692047377326565,0,0.016322911246301114
30,099,,5,5942,8.41467519353753e-4,0,0.01330761500122362
30,101,,0,4782,0,0,0.015946323535954866
30,103,,0,709,0,0,0.07394292230591483
30,105,,1,7095,1.4094432699083862e-4,0,0.010559600941988118
30,107,,0,1992,0,0,0.026318038109886352
30,109,,0,1136,0,0,0.04614923584057536
30,111,,553,159562,0.0034657374562865845,0.0018702607610458775,0.005061214151527291
31,000,,53145,1853332,0.028675380342000244,0.027234136582791547,0.030116624101208942
31,001,,550,29036,0.018942003030720484,0.011426559597115311,0.026457446464325657
31,003,,66,5891,0.011203530809709726,0,0.024774259220508302
31,005,,0,461,0,0,0.10338302487654034
31,007,,9,707,0.01272984441301273,0,0.08208188604947578
31,009,,0,393,0,0,0.12127118185263383
31,011,,44,5039,0.008731891248263544,0,0.024400386414261167
31,013,,65,10262,0.006334047943870591,0,0.015974377402413708
31,015,,8,1610,0.004968944099378882,0,0.03343748113769778
31,017,,45,2699,0.016672841793256763,0,0.040485681482969285
31,019,,679,47624,0.014257517218209306,0.009899513470363065,0.018615520966055545
31,021,,35,6395,0.00547302580140735,0,0.017936690816396664
31,023,,177,7949,0.02226695181783872,0.0075986903167305185,0.03693521331894692
31,025,,84,25759,0.003260996156683101,0,0.0067541046271524414
31,027,,26,7784,0.0033401849948612537,0,0.012328340936718012
31,029,,58,3485,0.016642754662840747,0,0.03816285844454578
31,031,,60,5206,0.01152516327314637,0,0.027165396861936628
31,033,,37,9039,0.004093373160747871,0,0.013109045081528431
31,035,,1,5693,1.756543123133673e-4,0,0.012350519497779882
31,037,,1753,9790,0.17906026557711952,0.1218581708924868,0.23626236026175224
31,039,,278,8313,0.03344159749789486,0.0175905219299771,0.04929267306581262
31,041,,47,9812,0.004790052996331023,0,0.01315911947482859
31,043,,2475,19594,0.12631417780953352,0.09863301253504246,0.1539953430840246
31,045,,123,7684,0.016007287870900572,0,0.03598989215236229
31,047,,2566,22300,0.11506726457399104,0.09197914358679651,0.13815538556118556
31,049,,0,1738,0,0,0.02742207967093504
31,051,,269,5205,0.051681075888568684,0.028365133839930234,0.07499701793720713
31,053,,1287,34954,0.03681982033529782,0.02595661291978418,0.04768302775081146
31,055,,20578,550314,0.03739319733824689,0.03451960267749629,0.04026679199899749
31,057,,2,1605,0.0012461059190031153,0,0.03015015444160788
31,059,,4,5204,7.686395080707148e-4,0,0.013659517689789982
31,061,,13,2698,0.004818383988139363,0,0.02134816735210729
31,063,,10,2450,0.004081632653061225,0,0.021989245542425526
31,065,,26,4312,0.006029684601113173,0,0.017830804168758412
31,067,,57,20531,0.002776289513418733,0,0.00728053680925643
31,069,,6,1678,0.003575685339690107,0,0.03130175148567006
31,071,,0,1610,0,0,0.029602220166512483
31,073,,7,1956,0.0035787321063394683,0,0.027797256084727367
31,075,,7,591,0.011844331641285956,0,0.09116618870053066
31,077,,1,2074,4.8216007714561236e-4,0,0.022798657636775972
31,079,,5256,57950,0.09069887834339949,0.0757478764507457,0.10564988023605328
31,081,,38,8915,0.004262478968031408,0,0.012880539613511863
31,083,,32,2681,0.011935844834017158,0,0.0318446323600947
31,085,,13,791,0.01643489254108723,0,0.07669470271868106
31,087,,0,2424,0,0,0.019661540622147318
31,089,,116,9455,0.012268640930724484,0,0.024822713733098183
31,091,,0,621,0,0,0.07674649672799533
31,093,,47,6103,0.007701130591512371,0,0.020556533292439592
31,095,,61,6730,0.009063893016344726,0,0.021480350844498855
31,097,,82,5027,0.016311915655460512,0,0.03265511590052003
31,099,,71,6318,0.011237733459955683,0,0.02371194214013688
31,101,,153,7849,0.01949292903554593,0.005119087542650072,0.03386677052844179
31,103,,0,766,0,0,0.062218765624131984
31,105,,7,3063,0.002285341168788769,0,0.017214104617338848
31,107,,31,7864,0.003942014242115971,0,0.011762137912861167
31,109,,6498,307828,0.021109190846836545,0.018158206234555566,0.024060175459117525
31,111,,215,31932,0.006733057747713892,0.001619363761165558,0.011846751734262227
31,113,,7,729,0.009602194787379973,0,0.07496647996896047
31,115,,0,553,0,0,0.08618367896579585
31,117,,0,463,0,0,0.10293644593538898
31,119,,1163,33067,0.03517101642120543,0.02689003163987027,0.04345200120254059
31,121,,64,7301,0.0087659224763731,0,0.018742174236914724
31,123,,20,4243,0.0047136460051850106,0,0.01652779186736207
31,125,,6,3145,0.0019077901430842607,0,0.016244220391782038
31,127,,18,6640,0.002710843373493976,0,0.012640275401673487
31,129,,0,3888,0,0,0.01225812100516592
31,131,,199,15269,0.013032942563363677,0,0.026811647505441124
31,133,,9,2352,0.003826530612244898,0,0.02383504777921035
31,135,,16,2681,0.005967922417008579,0,0.023024609467203444
31,137,,93,8398,0.011074065253631818,1.0633380202977605e-4,0.02204179670523386
31,139,,108,6805,0.015870683321087434,0.0030594950572564433,0.028681871584918424
31,141,,2279,32397,0.07034601969318147,0.052497699851059385,0.08819433953530355
31,143,,28,4945,0.005662285136501517,0,0.0195162756207324
31,145,,108,9947,0.010857544988438725,0,0.024395630926079073
31,147,,9,7359,0.0012229922543823889,0,0.010064475495885685
31,149,,0,1262,0,0,0.03776511447550325
31,151,,854,13721,0.06224036148968734,0.03464021555916514,0.08984050742020955
31,153,,3339,184538,0.018093834332224258,0.013618281359125625,0.022569387305322892
31,155,,77,21652,0.003556253463883244,0,0.008173119595244192
31,157,,318,33605,0.00946287754798393,0.00355147069144166,0.015374284404526201
31,159,,36,16678,0.0021585321981052886,0,0.00635776333498336
31,161,,21,4706,0.004462388440288993,0,0.01832987964928827
31,163,,0,2804,0,0,0.01699699517406744
31,165,,10,1101,0.009082652134423252,0,0.05262937001474711
31,167,,3,5482,5.472455308281649e-4,0,0.013220571092622363
31,169,,24,4659,0.0051513200257566,0,0.016571147615874728
31,171,,0,558,0,0,0.08541142377793029
31,173,,29,6003,0.004830917874396135,0,0.015267755439624338
31,175,,6,3831,0.0015661707126076742,0,0.014483424003358523
31,177,,17,20028,8.488116636708608e-4,0,0.00504831479320927
31,179,,137,9349,0.01465397368702535,0.001133545352658213,0.028174402021392486
31,181,,7,3190,0.00219435736677116,0,0.016426909007854217
31,183,,24,794,0.030226700251889168,0,0.0926232002830732
31,185,,43,13427,0.0032025024204960155,0,0.009121415885190338
32,000,,160675,3009889,0.053382367256732725,0.051761448557182385,0.055003285956283066
32,001,,140,24270,0.0057684384013185,0,0.01160383180697621
32,003,,138821,2198729,0.06313693047210457,,
32,005,,536,47930,0.011182975172126018,0.0061691642514581915,0.016196786092793843
32,007,,968,50510,0.019164521876856067,0.012297326901342474,0.02603171685236966
32,009,,116,1000,0.116,0.00849393076514865,0.22350606923485136
32,011,,0,1526,0,0,0.04372438024594963
32,013,,527,16140,0.03265179677819083,0.019186796959596058,0.046116796596785595
32,015,,8,5438,0.001471129091577786,0,0.018031934932908625
32,017,,0,4290,0,0,0.015553241085155977
32,019,,1268,58513,0.02167039803120674,0.014932694939559791,0.028408101122853687
32,021,,9,4212,0.002136752136752137,0,0.01775647412153016
32,023,,1147,52141,0.02199804376594235,0.01445577840757538,0.02954030912430932
32,027,,138,6213,0.02221149203283438,5.5889471963527226e-5,0.044367094593705234
32,029,,23,4012,0.005732801595214357,0,0.024463189749772025
32,031,,15278,471034,0.03243502592169567,,
32,033,,25,8322,0.003004085556356645,0,0.014422981595715654
32,510,,1671,55609,0.03004909277275261,0.02093173308169452,0.0391664524638107
33,000,,12436,1332089,0.009335712553740778,0.008281708496867511,0.010389716610614046
33,001,,173,62111,0.002785335930833508,0,0.005695619684988383
33,003,,85,50164,0.0016944422294872818,0,0.004413279535253363
33,005,,138,73846,0.0018687538932372777,0,0.003876092131439605
33,007,,138,30074,0.00458868125290949,2.899319069160607e-4,0.008887430598902919
33,009,,233,88692,0.0026270689577413972,9.327326923600386e-4,0.004321405223122756
33,011,,8980,404986,0.0221736060011951,0.01908783800448159,0.02525937399790861
33,013,,781,149031,0.005240520428635653,,
33,015,,1304,304668,0.004280068796197829,0.002938437791894571,0.005621699800501086
33,017,,594,126725,0.004687315052278556,0.002714679138925934,0.006659950965631177
33,019,,10,41792,2.392802450229709e-4,0,0.0031377798364910477
34,000,,585882,8816621,0.06645198880614239,0.06534608396412693,0.06755789364815785
34,001,,15490,262052,0.05911040556836048,,
34,003,,63046,913364,0.06902614948695153,0.065723374285976,0.07232892468792707
34,005,,9077,444023,0.020442634728381186,0.01721644689921866,0.02366882255754371
34,007,,24081,496023,0.04854815200101608,0.044921310893757276,0.052174993108274885
34,009,,864,90937,0.009501083167467587,0.006164743952319296,0.012837422382615878
34,011,,11206,143876,0.07788651338652729,0.06920203545522496,0.08657099131782961
34,013,,74173,809215,0.09166043634880718,0.08676213529925884,0.09655873739835551
34,015,,4220,291520,0.014475850713501647,0.012181104609005088,0.016770596817998206
34,017,,77430,673545,0.11495891143130749,0.10943314265070929,0.12048468021190568
34,019,,1929,124412,0.015504935215252548,0.01135851891706556,0.019651351513439535
34,021,,27165,364280,0.0745717579883606,0.0678620921153009,0.0812814238614203
34,023,,71027,824756,0.08611880362191969,0.08219411230768849,0.0900434949361509
34,025,,16415,613027,0.02677696088426774,0.02426387657288992,0.029290045195645563
34,027,,18493,488664,0.03784399914869931,,
34,029,,9533,606269,0.015724043287715518,0.013677401493233482,0.017770685082197552
34,031,,70167,488156,0.14373888674931784,0.13764501457505848,0.1498327589235772
34,033,,777,61651,0.012603201894535369,0.008493602017211959,0.016712801771858778
34,035,,16173,332608,0.048624807581296906,0.0440241133614583,0.053225501801135514
34,037,,1379,138807,0.009934657474046697,,
34,039,,71326,543714,0.13118293808877463,0.12517762765381446,0.1371882485237348
34,041,,1911,105722,0.018075707988876488,0.014078265632452763,0.022073150345300212
35,000,,77037,2009638,0.03833376956446882,0.036569598862893814,0.04009794026604383
35,001,,22529,640838,0.0351555307269544,0.031756271304728405,0.03855479014918039
35,003,,0,3727,0,0,0.017902711096141437
35,005,,2976,60525,0.04916976456009913,0.039082650010693575,0.05925687910950469
35,006,,571,25454,0.022432623556219063,0.009338671997742487,0.03552657511469564
35,007,,91,11832,0.007691007437457742,0,0.018460717650506484
35,009,,1900,43965,0.04321619470032981,0.029865867217127355,0.05656652218353226
35,011,,1,1401,7.137758743754461e-4,0,0.04685827906886434
35,013,,16640,211418,0.07870663803460444,0.07145048342370669,0.08596279264550219
35,015,,2362,56932,0.04148809105599663,0.024072217206425703,0.058903964905567555
35,017,,372,26642,0.013962915697019743,0.005032123636882272,0.022893707757157215
35,019,,180,4204,0.04281636536631779,0.011524358035065449,0.07410837269757013
35,021,,7,727,0.009628610729023384,0,0.09995403070994545
35,023,,149,3828,0.038923719958202714,0.014067226411059515,0.0637802135053459
35,025,,6296,67944,0.09266454727422584,0.0786009609878466,0.10672813356060508
35,027,,307,19433,0.0157978696032522,0.005805971802837297,0.025789767403667105
35,028,,137,18472,0.007416630576006929,2.2098906086874624e-4,0.014612272091145111
35,029,,2637,23665,0.11143038242129727,0.0851601154657728,0.13770064937682175
35,031,,1627,66359,0.024518151268102292,0.0198046405352887,0.029231662000915884
35,033,,8,4007,0.001996506114299975,0,0.017300666212490688
35,035,,2408,64874,0.037118105866757095,0.02717948473974633,0.04705672699376786
35,037,,37,8420,0.004394299287410927,0,0.016147676838786946
35,039,,893,37981,0.02351175587793897,0.012334084687512313,0.03468942706836563
35,041,,323,17785,0.0181613719426483,0.007269167929972944,0.02905357595532365
35,043,,2202,146451,0.015035745744310384,0.011680832132920246,0.01839065935570052
35,045,,2508,114083,0.02198399410955182,0.017409460809406894,0.026558527409696744
35,047,,292,25708,0.011358332036720088,0.003809359195625096,0.018907304877815077
35,049,,5298,150317,0.0352455144794002,0.029700785338521263,0.04079024362027914
35,051,,299,11067,0.02701725851630975,0.009153006740196378,0.04488151029242313
35,053,,371,15420,0.024059662775616084,0.0025397224713924957,0.04557960307983967
35,055,,606,33488,0.018096034400382228,0.004397720676062002,0.03179434812470246
35,057,,309,14736,0.020969055374592833,0.007743957416627745,0.03419415333255792
35,059,,81,3756,0.02156549520766773,0,0.04390698715493837
35,061,,2620,74179,0.0353199692635382,0.026488987990387017,0.04415095053668938
36,000,,1290765,18772412,0.06875861237224071,0.06797936150278953,0.06953786324169188
36,001,,4784,302372,0.01582157078036326,0.013285607339459462,0.01835753422126706
36,003,,225,44817,0.005020416359863444,0.0022702530306783542,0.007770579689048535
36,005,,193271,1312556,0.14724781266475487,0.14286568557981483,0.1516299397496949
36,007,,2261,187976,0.012028131250797974,0.00963508449875115,0.014421178002844797
36,009,,529,72148,0.0073321505793646395,0.004861113433302777,0.009803187725426502
36,011,,522,71531,0.00729753533433057,0.004681128497723187,0.009913942170937953
36,013,,2232,119115,0.018738194182092934,0.014538676374137915,0.022937711990047953
36,015,,452,77959,0.005797919419181878,0.0031572772114841444,0.008438561626879611
36,017,,193,43964,0.004389955418069329,0.0014112588204431916,0.007368652015695467
36,019,,248,75112,0.0033017360741293003,8.778372454417874e-4,0.005725634902816813
36,021,,593,58798,0.01008537705364128,0.005869183398076781,0.01430157070920578
36,023,,147,44072,0.003335451080050826,0,0.007138756210376311
36,025,,265,42777,0.006194917829674826,0.002080888328009352,0.0103089473313403
36,027,,6518,284698,0.02289443550709875,0.019381283648405377,0.026407587365792122
36,029,,16296,901097,0.018084623519998403,0.016525042207016456,0.01964420483298035
36,031,,181,35658,0.005075999775646419,9.881028252722692e-4,0.009163896726020568
36,033,,130,44453,0.00292443704586867,6.160821395124814e-4,0.0052327919522248585
36,035,,226,50079,0.004512869665927834,8.197180468553248e-4,0.008206021285000344
36,037,,274,54867,0.004993894326279913,0.0018449328466775402,0.008142855805882285
36,039,,248,45348,0.005468818911528623,0.0021403983550804936,0.008797239467976753
36,041,,0,4956,0,0,0.018271426854189202
36,043,,308,56847,0.005418051964043837,0.002167786492641097,0.008668317435446576
36,045,,689,106683,0.006458386059634618,0.004047130218635053,0.008869641900634183
36,047,,285618,2461567,0.11603096726597326,0.11324455643810041,0.1188173780938461
36,049,,119,25068,0.004747087920855274,0,0.009817693877922038
36,051,,513,58842,0.008718262465585805,0.0040849747678256484,0.013351550163345962
36,053,,139,64324,0.0021609352652198245,4.5066675480238743e-4,0.0038712037756372616
36,055,,15340,714668,0.021464512193074266,0.019423700753509663,0.02350532363263887
36,057,,760,46468,0.01635534131014892,0.010877092572637753,0.021833590047660084
36,059,,67897,1316417,0.05157712183905252,0.04901662542771584,0.054137618250389194
36,061,,116427,1562344,0.07452072014869965,0.07124756803487688,0.07779387226252242
36,063,,1870,200218,0.009339819596639662,,
36,065,,5405,216693,0.02494312229744385,0.021295748411205226,0.028590496183682472
36,067,,7529,445741,0.01689097480375375,0.014488686772945158,0.01929326283456234
36,069,,958,107470,0.008914115567135015,,
36,071,,24091,379277,0.06351822019262966,,
36,073,,363,37744,0.009617422636710471,0.004205624324822827,0.015029220948598116
36,075,,372,111921,0.003323773018468384,0.0016060994841860586,0.0050414465527507096
36,077,,271,57764,0.004691503358493179,0.002250302560831062,0.007132704156155296
36,079,,2349,93477,0.025129176160980777,0.018699077585585176,0.03155927473637638
36,081,,333865,2196691,0.1519854180674478,0.14873920475867264,0.15523163137622298
36,083,,1562,152514,0.0102416827307657,0.007651817958597623,0.012831547502933777
36,085,,32073,468538,0.06845335917257511,0.06400654967671625,0.07290016866843398
36,087,,28903,312092,0.09261051228483909,0.08661776672559258,0.09860325784408559
36,089,,877,102150,0.00858541360744004,0.005677912716733777,0.011492914498146302
36,091,,1272,227381,0.005594134954107863,0.004162688186396589,0.007025581721819137
36,093,,1381,151208,0.009133114650018518,0.006535527949965144,0.011730701350071891
36,095,,61,28760,0.002121001390820584,0,0.005794395361022726
36,097,,63,16757,0.00375962284418452,0,0.009320290645342264
36,099,,244,31211,0.007817756560187114,0.004106558886474203,0.011528954233900025
36,101,,573,87587,0.0065420667450649065,0.0036404380861307564,0.009443695403999057
36,103,,65076,1449037,0.044909826319134705,0.04291460053104837,0.04690505210722104
36,105,,3107,74936,0.041462047613963916,0.033253894482145885,0.04967020074578195
36,107,,193,45509,0.0042409193785844556,9.667908208272394e-4,0.007515047936341671
36,109,,1196,100947,0.011847801321485532,0.008164058987140833,0.015531543655830232
36,111,,1828,174733,0.010461675813956151,0.007192620369321272,0.01373073125859103
36,113,,177,62756,0.0028204474472560393,3.911958264981017e-4,0.005249699068013976
36,115,,677,57750,0.011722943722943724,0.006725203443061449,0.016720684002825996
36,117,,1046,86046,0.012156288496850522,0.007357306695687061,0.016955270298013983
36,119,,55599,947051,0.05870750360857018,0.05549088602101755,0.06192412119612281
36,121,,169,37890,0.004460279757191871,9.469085331897079e-4,0.007973650981194035
36,123,,210,22982,0.00913758593682012,0.0031431093547487363,0.015132062518891504
37,000,,268371,10127421,0.026499441466884807,0.025838887120884866,0.02715999581288475
37,001,,5963,166833,0.03574232915550281,0.030530898397651052,0.040953759913354565
37,003,,273,34607,0.007888577455428092,0.001962691801461372,0.013814463109394812
37,005,,190,10754,0.0176678445229682,0.004174055919620275,0.031161633126316122
37,007,,191,21153,0.009029452087174396,5.754950123044496e-4,0.01748340916204434
37,009,,319,25876,0.012328025970010821,0.005696187700296077,0.018959864239725566
37,011,,124,16991,0.0072979812842092874,0,0.016471700344668726
37,013,,661,42378,0.015597715795931852,0.005448451302784384,0.02574698028907932
37,015,,146,16464,0.008867832847424683,0.001845411186260193,0.015890254508589174
37,017,,689,28099,0.024520445567457916,0.013533990439035866,0.035506900695879966
37,019,,862,147090,0.0058603576041879124,0.0031337673719144016,0.008586947836461424
37,021,,6552,262019,0.025005820188612277,0.01992751677698931,0.030084123600235244
37,023,,1424,83586,0.017036345799535807,0.01159932595353869,0.022473365645532924
37,025,,4846,221840,0.021844572664983773,0.016994287603972102,0.026694857725995443
37,027,,871,76603,0.011370311867681423,0.006565972771948387,0.016174650963414458
37,029,,34,10352,0.0032843894899536323,0,0.014004475296325538
37,031,,340,66606,0.005104645227156712,0.002226195027486751,0.007983095426826674
37,033,,262,21403,0.012241274587674626,0,0.02535852743270277
37,035,,3192,154871,0.020610701809893394,0.015762345782921468,0.02545905783686532
37,037,,2625,76549,0.03429176083293054,0.024773696157568664,0.04380982550829242
37,039,,101,28427,0.0035529602138811693,0,0.008093028609965159
37,041,,200,13137,0.015224175991474461,0,0.031832374826827825
37,043,,0,11066,0,0,0.009044379756278576
37,045,,680,95100,0.007150368033648791,0.004470028727933414,0.009830707339364168
37,047,,757,47419,0.015964065037221368,0.00909097431629043,0.022837155758152306
37,049,,1101,96499,0.01140944465745759,0.00691499373854468,0.0159038955763705
37,051,,3914,313828,0.012471799839402475,0.010705640658602487,0.014237959020202463
37,053,,319,29092,0.010965213804482331,0.0016459373444801442,0.02028449026448452
37,055,,618,36337,0.017007457962957866,0.007716817093277517,0.026298098832638214
37,057,,2533,163749,0.015468796756010724,,
37,059,,664,41941,0.015831763668009823,0.010590983562832184,0.021072543773187465
37,061,,3224,46151,0.06985764122120865,0.05682581264308188,0.08288946979933541
37,063,,16327,312403,0.052262622317967494,0.046658357644217906,0.05786688699171708
37,065,,362,45923,0.007882760272630272,0.002973459860027486,0.012792060685233057
37,067,,10914,367624,0.029687942027723978,0.026117841763951925,0.03325804229149603
37,069,,1359,70182,0.0193639394716594,0.012458033339923093,0.026269845603395705
37,071,,4811,221295,0.021740211030524866,0.017297584445324816,0.026182837615724916
37,073,,25,10062,0.002484595507851322,0,0.013114911010282525
37,075,,55,7748,0.007098606091894682,0,0.01867200369202496
37,077,,1196,57676,0.02073652819196893,0.01431674766145366,0.0271563087224842
37,079,,366,19500,0.01876923076923077,,
37,081,,15135,517446,0.029249428925916907,0.02655463247048704,0.03194422538134677
37,083,,182,45061,0.004038969397039569,2.4691276244542164e-4,0.007831026031633716
37,085,,2347,129450,0.018130552336809578,0.013837081626325026,0.022424023047294128
37,087,,402,60019,0.006697879004981756,0.0022117611542562653,0.011183996855707246
37,089,,3944,113121,0.034865321204727684,0.027680557191513203,0.042050085217942165
37,091,,242,18958,0.012765059605443612,0.002693933951958237,0.022836185258928988
37,093,,1294,49570,0.026104498688723016,0.019446117477534136,0.0327628798999119
37,095,,118,4423,0.02667872484738865,0,0.053506760765770794
37,097,,3741,186009,0.02011193006789994,0.015904004840691217,0.02431985529510866
37,099,,887,42294,0.020972241925568638,0.012758128080054791,0.029186355771082487
37,101,,6567,219985,0.029852035366047684,0.025088872673903306,0.03461519805819206
37,103,,6,8821,6.80194989230246e-4,0,0.010375472393709877
37,105,,3176,61802,0.05138992265622472,0.040664006660147585,0.06211583865230185
37,107,,1051,51726,0.02031860186366624,0.013216238929552503,0.02742096479777998
37,109,,1243,88059,0.014115536174610204,0.009535344181006575,0.018695728168213833
37,111,,553,42797,0.012921466457929295,0.005498543177742962,0.02034438973811563
37,113,,614,36300,0.016914600550964186,0.010153936661894876,0.023675264440033497
37,115,,39,20947,0.0018618417911872823,0,0.006956113850165374
37,117,,181,20585,0.008792810298761234,0.0016852064730394608,0.01590041412448301
37,119,,63416,1080788,0.058675706984163405,0.055938506797230995,0.061412907171095814
37,121,,167,14341,0.011644934105013598,0.001205880406352288,0.022083987803674907
37,123,,697,24699,0.028219765982428438,0.01789135574207354,0.03854817622278334
37,125,,1689,98833,0.017089433691176024,0.011074115091265853,0.023104752291086196
37,127,,869,90702,0.0095808251196225,0.005792430940574852,0.01336921929867015
37,129,,3294,224395,0.014679471467724326,0.010805087447249864,0.018553855488198788
37,131,,71,16131,0.004401463021511376,0,0.01069805188971326
37,133,,1414,191211,0.007394972046587278,0.005000570637805363,0.009789373455369193
37,135,,4502,143577,0.03135599713045961,0.025642931266587093,0.03706906299433213
37,137,,34,11939,0.0028478096993047996,0,0.010300658471303315
37,139,,96,38296,0.0025067892208063504,0,0.006678502662439518
37,141,,877,61992,0.014146986707962318,0.00586331136678982,0.022430662049134815
37,143,,47,12660,0.003712480252764613,0,0.011263936188651947
37,145,,473,37474,0.012622084645354113,0.004871606062970558,0.020372563227737665
37,147,,2815,167425,0.016813498581454384,0.013151064500289524,0.020475932662619246
37,149,,175,19204,0.009112684857321392,1.78438232545243e-4,0.01804693148209754
37,151,,4077,138295,0.029480458440290683,0.02449067604084848,0.03447024083973289
37,153,,492,39616,0.012419224555735056,0.005455862775148222,0.01938258633632189
37,155,,3050,108648,0.028072306899344673,0.023804943760412672,0.032339670038276674
37,157,,980,87520,0.011197440585009141,0.0072704239140607575,0.015124457255957525
37,159,,3928,141431,0.027773260459163833,0.021469108474500974,0.03407741244382669
37,161,,510,61714,0.00826392714781087,0.0038483634232725702,0.01267949087234917
37,163,,3375,55615,0.06068506697833318,0.04645240393169544,0.07491773002497093
37,165,,343,31392,0.010926350662589195,0.0042278921346859425,0.017624809190492446
37,167,,959,61055,0.015707149291622306,0.009132456357997233,0.02228184222524738
37,169,,61,43137,0.0014140992651320212,0,0.0047751344211700245
37,171,,1878,67682,0.027747406991519164,0.020545760353562183,0.034949053629476146
37,173,,147,13405,0.010966057441253264,0,0.02240099911898006
37,175,,268,32359,0.008282085354924442,0.001811141457112292,0.014753029252736593
37,177,,38,3276,0.0115995115995116,0,0.037267668566510814
37,179,,6590,237373,0.027762213899643177,0.023821103914638535,0.03170332388464782
37,181,,691,39584,0.01745654810024252,0.011204123062500487,0.023708973137984556
37,183,,31276,1111017,0.028150784371436262,0.025550385599336516,0.030751183143536007
37,185,,91,18046,0.00504266873545384,0,0.012068361433496152
37,187,,0,10526,0,0,0.009508370357493703
37,189,,555,53536,0.01036685594739988,0.004358985293890262,0.0163747266009095
37,191,,4703,111071,0.042342285565089,0.03565843526630131,0.049026135863876684
37,193,,401,62659,0.006399719114572528,0.0026506841382021944,0.01014875409094286
37,195,,1440,74658,0.019287953065980874,0.013890235767575351,0.024685670364386396
37,197,,873,35669,0.024475034343547617,0.015011460269567357,0.033938608417527875
37,199,,197,17864,0.011027765338110165,0.004210708698386694,0.017844821977833637
38,000,,5049,735169,0.006867808626315854,0.005676336788618388,0.00805928046401332
38,001,,0,2032,0,0,0.023454514994136366
38,003,,45,10240,0.00439453125,0,0.013314480956504815
38,005,,100,5256,0.01902587519025875,0.0038193753735742964,0.034232375006943205
38,007,,0,960,0,0,0.049645390070921974
38,009,,21,5994,0.0035035035035035035,0,0.014786777291243274
38,011,,0,2695,0,0,0.017684443216358106
38,013,,16,2072,0.007722007722007722,0,0.029656286672890518
38,015,,460,94889,0.004847769499098947,0.0015860852448012397,0.008109453753396655
38,017,,1600,181278,0.00882622270766447,,
38,019,,20,3430,0.0058309037900874635,0,0.024139789090651266
38,021,,17,4634,0.0036685369011653,0,0.013299323845223206
38,023,,3,2017,0.001487357461576599,0,0.024555833729121086
38,025,,107,3708,0.02885652642934196,0.008922549503070424,0.048790503355613496
38,027,,2,2236,8.944543828264759e-4,0,0.021642054424637406
38,029,,0,3067,0,0,0.015539476513884936
38,031,,0,3163,0,0,0.015067838908657951
38,033,,0,1540,0,0,0.030947775628626686
38,035,,475,68508,0.006933496817889882,,
38,037,,10,2147,0.004657661853749418,0,0.026855753488938785
38,039,,0,2140,0,0,0.022270829190693973
38,041,,7,2303,0.00303951367781155,0,0.023315897402166753
38,043,,1,2257,4.4306601683650863e-4,0,0.020916113999236936
38,045,,14,3864,0.0036231884057971015,0,0.01511064353926123
38,047,,13,1686,0.00771055753262159,0,0.035156911785623676
38,049,,5,4934,0.0010133765707336846,0,0.014663181803636472
38,051,,20,2377,0.008413967185527976,0,0.027814527220280872
38,053,,218,13020,0.01674347158218126,0.002234792913113069,0.03125215025124945
38,055,,46,9339,0.004925580897312346,0,0.013484989993919047
38,057,,77,7829,0.009835227998467238,0,0.020596280382960595
38,059,,114,31984,0.0035642821410705352,0,0.007802401460364979
38,061,,172,8761,0.01963246204771145,0.005745213277621262,0.03351971081780164
38,063,,5,2876,0.0017385257301808068,0,0.018122513675419318
38,065,,0,1718,0,0,0.027741312263146158
38,067,,26,6387,0.00407076874902145,0,0.014242394151246661
38,069,,25,3711,0.006736728644570197,0,0.021519152454272283
38,071,,62,10772,0.005755662829558114,0,0.01585063899195129
38,073,,20,5345,0.0037418147801683817,0,0.01632028481021777
38,075,,0,2214,0,0,0.02152645639931576
38,077,,38,15710,0.0024188415022278805,0,0.00714669993380082
38,079,,27,11035,0.002446760308110557,0,0.00943508385758236
38,081,,11,3592,0.003062360801781737,0,0.01672286156037091
38,083,,3,1251,0.002398081534772182,0,0.03959092889906943
38,085,,1,3439,2.907822041291073e-4,0,0.013749466661202837
38,087,,0,751,0,0,0.0634614839788084
38,089,,207,30649,0.00675389082841202,0.0014476360139162037,0.012060145642907836
38,091,,4,1696,0.0023584905660377358,0,0.030141087212752143
38,093,,55,20452,0.002689223547819284,0,0.007671510893298032
38,095,,24,1983,0.012102874432677761,0,0.038386996821224956
38,097,,13,7463,0.001741926839072759,0,0.01103887075743635
38,099,,52,9780,0.005316973415132925,0,0.013229280087027229
38,101,,349,64162,0.005439356628534024,7.265622964723502e-4,0.010152150960595697
38,103,,11,3612,0.003045404208194906,0,0.016923438848220458
38,105,,553,36211,0.015271602551710806,0.004842269530346742,0.02570093557307487
39,000,,134488,11140750,0.012071718690393377,0.011644944834737556,0.012498492546049197
39,001,,10,25919,3.858173540645858e-4,0,0.004729652520852537
39,003,,519,95225,0.005450249409293778,0.0028115671688311622,0.008088931649756393
39,005,,245,49441,0.004955401387512388,0,0.010359860634822032
39,007,,942,91750,0.010267029972752044,0.006913720405766866,0.013620339539737222
39,009,,291,59379,0.004900722477643611,4.126010925048322e-4,0.00938884386278239
39,011,,83,43366,0.0019139417977217174,0,0.005392564109280372
39,013,,145,62495,0.002320185614849188,0,0.00465317940832414
39,015,,96,41388,0.002319512902290519,0,0.0056112099617042065
39,017,,8535,370164,0.023057347554057122,0.01947394666181164,0.026640748446302605
39,019,,155,25341,0.006116569985399155,0,0.012505503737451875
39,021,,44,36620,0.0012015292190060076,0,0.004054003083618584
39,023,,1166,127329,0.009157379701403451,0.006224076770401595,0.012090682632405307
39,025,,908,199561,0.004549987221952185,0.002733113997389414,0.006366860446514956
39,027,,248,39600,0.006262626262626263,0.0019439150701570382,0.010581337455095489
39,029,,184,95645,0.0019237806471849026,1.1128389312723818e-4,0.003736277401242567
39,031,,159,34458,0.004614313076789134,5.373351509944842e-4,0.008691291002583784
39,033,,304,39399,0.007715931876443565,0.002616393564173626,0.012815470188713504
39,035,,21090,1178914,0.0178893456180858,0.01654356462185204,0.01923512661431956
39,037,,30,48470,6.189395502372602e-4,0,0.0033590327232016306
39,039,,234,36124,0.0064776879636806554,0.0011839443140925802,0.01177143161326873
39,041,,2577,214212,0.012030138367598454,0.009089182243723716,0.014971094491473193
39,043,,269,70972,0.0037902271318266357,0.0012162683207733492,0.006364185942879922
39,045,,1217,154103,0.007897315431886466,,
39,047,,58,27102,0.002140063463951,0,0.006744650671836912
39,049,,40065,1245750,0.032161348585189646,0.030072024636413182,0.03425067253396611
39,051,,333,39858,0.008354659039590547,0.0035820438929683764,0.013127274186212717
39,053,,33,27300,0.0012087912087912088,0,0.005266065374241648
39,055,,383,90569,0.004228820015678654,0.0023309581928560867,0.006126681838501222
39,057,,611,160860,0.0037983339549919185,0.002163433899194809,0.005433234010789028
39,059,,128,36003,0.00355525928394856,0,0.007531209524795561
39,061,,11783,778972,0.015126346004734444,0.012750075460450129,0.01750261654901876
39,063,,469,70375,0.006664298401420959,0.0034841503425969375,0.00984444646024498
39,065,,77,28675,0.0026852659110723626,0,0.007346073076049235
39,067,,3,13621,2.202481462447691e-4,0,0.0070162860243210045
39,069,,178,25955,0.006858023502215373,6.892031539226084e-4,0.013026843850508138
39,071,,82,40820,0.0020088192062714355,0,0.005237983354225744
39,073,,132,26276,0.005023595676663115,0,0.011404368880390918
39,075,,617,40695,0.015161567760167097,0.009575762500039824,0.02074737302029437
39,077,,651,54873,0.011863758132414848,0.005919981005220916,0.01780753525960878
39,079,,42,30498,0.0013771394845563643,0,0.0061466075807046355
39,081,,156,61339,0.0025432432873049773,0,0.005230172993674126
39,083,,374,59512,0.006284446834251916,0.0026845659403068435,0.009884327728196987
39,085,,2425,221291,0.010958421264308084,0.00846946476770325,0.013447377760912918
39,087,,57,53875,0.0010580046403712298,0,0.003702948331601532
39,089,,1309,171495,0.007632875594040643,0.005723520379787892,0.009542230808293393
39,091,,53,43402,0.001221141882862541,0,0.004261177118440098
39,093,,3696,300155,0.01231363795372391,,
39,095,,2434,402407,0.0060486025342501495,0.004784989431814864,0.007312215636685435
39,097,,266,42205,0.006302570785451961,0.001522641706957659,0.011082499863946263
39,099,,1683,214379,0.007850582379803992,0.00578734265569689,0.009913822103911094
39,101,,265,61509,0.00430831260465948,0.0013362823990227947,0.007280342810296166
39,103,,898,174642,0.005141947526940828,0.0029809155709760488,0.007302979482905607
39,105,,7,20880,3.3524904214559385e-4,0,0.005670015237274144
39,107,,54,39447,0.0013689253935660506,0,0.0047000926381729315
39,109,,403,104143,0.0038696791911122207,0.0015042400794596134,0.006235118302764828
39,111,,27,12608,0.002141497461928934,0,0.010468461775391513
39,113,,6424,504700,0.012728353477313256,0.010585576661816955,0.014871130292809558
39,115,,26,12966,0.0020052444855776647,0,0.00912920183891289
39,117,,169,33449,0.005052467936261173,0,0.010121298824974225
39,119,,192,81333,0.0023606654125631664,0,0.004774767281000643
39,121,,111,13570,0.008179808400884303,,
39,123,,93,38457,0.0024182853576722053,0,0.005814917705168225
39,125,,128,17726,0.007221031253525894,0,0.01476490687568436
39,127,,47,33486,0.0014035716418801887,0,0.005120965567672155
39,129,,155,56934,0.0027224505567850494,1.905636368582978e-4,0.0052543374767118015
39,131,,32,25371,0.0012612825667100232,0,0.005630068322494684
39,133,,480,154982,0.0030971338607064048,0.0015690943107040346,0.004625173410708775
39,135,,17,38595,4.40471563674051e-4,0,0.003711113035419476
39,137,,315,32149,0.009798127468972597,0.0036886290192593048,0.01590762591868589
39,139,,321,117971,0.002721007705283502,0.0011275066033809105,0.004314508807186093
39,141,,80,72354,0.0011056748763026232,0,0.003147776989354838
39,143,,335,55701,0.006014254681244502,0.00248743208448623,0.009541077278002774
39,145,,198,68781,0.0028787019671130108,7.658727742338948e-4,0.004991531159992127
39,147,,110,51790,0.0021239621548561497,0,0.004893028780401378
39,149,,128,44832,0.0028551034975017845,0,0.006384910697370376
39,151,,1451,353308,0.004106898230439164,0.0028458892200011517,0.005367907240877176
39,153,,7848,509259,0.015410626027227795,0.013124166774585042,0.017697085279870548
39,155,,636,190416,0.003340055457524578,0.0021159271127695178,0.004564183802279638
39,157,,1181,86529,0.01364860335841163,0.008041716110295957,0.019255490606527304
39,159,,331,63189,0.005238253493487791,0.0010267096590234415,0.00944979732795214
39,161,,102,27072,0.0037677304964539005,0,0.008859049842391064
39,163,,69,11982,0.005758637956935403,0,0.015501715752903862
39,165,,2145,236355,0.009075331598654566,,
39,167,,36,56230,6.402276364929752e-4,0,0.0030313646701004265
39,169,,1218,109372,0.011136305452949566,0.007658919685263192,0.01461369122063594
39,171,,190,34594,0.005492281898595132,4.2298916727667724e-4,0.010561574629913587
39,173,,693,125520,0.005521032504780115,0.0031879225975302333,0.007854142412029997
39,175,,24,20411,0.001175836558718338,0,0.006626933537282099
40,000,,78251,3782477,0.020687766244183375,0.019947362146946177,0.021428170341420572
40,001,,78,18248,0.004274441034633932,1.8899022787829088e-4,0.008359891841389574
40,003,,30,5472,0.005482456140350877,0,0.018264529058697014
40,005,,110,13635,0.008067473414008068,0.0010697760807488231,0.015065170747267313
40,007,,218,4722,0.04616687844133842,0.020621751987726554,0.07171200489495028
40,009,,180,20844,0.008635578583765112,0.0013895289613761524,0.01588162820615407
40,011,,147,8046,0.018269947800149143,0.007495327211685589,0.029044568388612697
40,013,,296,45110,0.006561737973841721,0.0032025127291784375,0.009920963218505004
40,015,,457,24906,0.01834899221071228,0.011914284980720127,0.02478369944070443
40,017,,2393,158192,0.015127187215535551,0.011766855245848647,0.018487519185222456
40,019,,424,45372,0.009344970466366922,0.005867089995437046,0.012822850937296798
40,021,,529,45358,0.011662771727148464,0.007739626951372072,0.015585916502924856
40,023,,39,13330,0.0029257314328582145,0,0.008466821377256564
40,025,,108,2123,0.05087140838436175,0.003195829217531594,0.0985469875511919
40,027,,4211,285720,0.014738205235895281,,
40,029,,14,4927,0.0028414856910899127,0,0.017413531180733702
40,031,,1383,113875,0.01214489571899012,0.009281321942132,0.015008469495848241
40,033,,0,5215,0,0,0.013708410681136656
40,035,,149,13567,0.010982531141740989,0.0030872948560397608,0.018877767427442217
40,037,,327,68543,0.004770727864260391,0.002576740402949704,0.006964715325571079
40,039,,672,26480,0.025377643504531724,0.016310634834402274,0.034444652174661174
40,041,,180,39328,0.004576891781936533,0.0010731278887359985,0.008080655675137069
40,043,,6,4097,0.001464486209421528,0,0.012469624246180443
40,045,,51,3499,0.014575593026579023,5.522586570449791e-4,0.02859892739611307
40,047,,1245,57997,0.02146662758418539,0.01565095386682072,0.027282301301550058
40,049,,233,24302,0.009587688256110609,0.005541160985431876,0.013634215526789343
40,051,,374,53599,0.006977742122054516,0.004108992804258178,0.009846491439850854
40,053,,23,3886,0.005918682449819866,0,0.01870840896893161
40,055,,49,5226,0.009376195943360123,0,0.02490279195008247
40,057,,63,2277,0.02766798418972332,0.004167483208183529,0.051168485171263114
40,059,,166,3007,0.05520452278017958,0.018499326726151837,0.09190971883420732
40,061,,58,10981,0.005281850468991895,0,0.012630559123278592
40,063,,156,12635,0.012346656113969134,0.003986360971982137,0.020706951255956133
40,065,,495,22947,0.021571447248006276,0.013402815773702649,0.029740078722309903
40,067,,36,5083,0.0070824316348613026,0,0.021606188714112427
40,069,,33,9729,0.0033919210607462227,0,0.011180908107518948
40,071,,289,40959,0.007055836324129007,0.003826483712354689,0.010285188935903324
40,073,,439,14452,0.03037641848879048,0.01967132611901817,0.04108151085856279
40,075,,17,7850,0.0021656050955414013,0,0.010957173937759416
40,077,,0,8970,0,0,0.007969828506368749
40,079,,668,46024,0.014514166521814705,0.010868135567574235,0.018160197476055174
40,081,,58,32339,0.0017935001082284548,0,0.004499445544936831
40,083,,531,49283,0.010774506422092812,0.006111719483383278,0.015437293360802346
40,085,,268,9646,0.02778353721749948,0.01676826511977041,0.038798809315228555
40,087,,592,42780,0.013838242169237961,0.008681441738602125,0.018995042599873797
40,089,,365,28710,0.012713340299547196,0.007588762216004066,0.017837918383090325
40,091,,0,18418,0,0,0.004140260568407871
40,093,,150,7174,0.020908837468636744,0.00953742276580944,0.03228025217146405
40,095,,505,14815,0.03408707391157611,0.023452631463629175,0.04472151635952304
40,097,,80,37345,0.0021421877091980183,0,0.004585154403587947
40,099,,63,12971,0.004856988667026443,0,0.01123557351727637
40,101,,328,62270,0.0052673839730207166,0.0024532843855144372,0.008081483560526997
40,103,,59,10294,0.005731494074217991,0,0.01526490725469733
40,105,,27,8814,0.0030633083730428863,0,0.010826527677509247
40,107,,40,10658,0.0037530493525989865,0,0.010263965209155308
40,109,,28971,751545,0.03854858990479612,0.0358891094570468,0.041208070352545444
40,111,,178,34814,0.0051128856207272935,0.0017646585774400148,0.008461112664014572
40,113,,112,43859,0.002553637793839349,0,0.005217465141692279
40,115,,269,28364,0.00948385277111832,0.006294913567303032,0.012672791974933607
40,117,,51,14901,0.0034225890879806724,0,0.009095257665699023
40,119,,589,79027,0.007453148923785542,0.0041562823316789125,0.010750015515892171
40,121,,155,41125,0.003768996960486322,8.420693541377534e-4,0.0066959245668348905
40,123,,191,35798,0.005335493602994581,0.0019562710405927634,0.008714716165396399
40,125,,345,69279,0.004979864028060451,0.0026906666739497146,0.007269061382171187
40,127,,26,10225,0.00254278728606357,0,0.009570245639758472
40,129,,36,3175,0.011338582677165355,0,0.028333745740707413
40,131,,642,93015,0.006902112562489921,0.004730698294169587,0.009073526830810256
40,133,,99,22076,0.0044845080630549015,0,0.009022021405487145
40,135,,216,37339,0.005784836230215057,0.002483265525716954,0.00908640693471316
40,137,,437,41108,0.010630534202588304,0.006477064419189155,0.014784003985987454
40,139,,1906,19162,0.09946769648262185,0.0724391466679802,0.1264962462972635
40,141,,122,6506,0.018751921303412234,0.005161921520830646,0.03234192108599382
40,143,,22691,635926,0.03568182461481367,,
40,145,,868,81737,0.010619425719074593,,
40,147,,478,50143,0.009532736373970445,0.005633939527433312,0.013431533220507578
40,149,,54,10217,0.00528530879906039,0,0.012089229478298285
40,151,,89,8184,0.010874877810361682,0,0.025271701538606667
40,153,,314,18902,0.01661199873029309,0.006097862282788795,0.027126135177797384
41,000,,109509,4046536,0.027062405968957152,0.025953281191175487,0.028171530746738817
41,001,,54,16081,0.003358000124370375,0,0.00990630953492743
41,003,,1439,92902,0.015489440485673075,0.011018531406580783,0.01996034956476537
41,005,,6413,403650,0.015887526322308932,0.013580112779082049,0.018194939865535817
41,007,,268,39548,0.006776575300900172,0.0021072233674640463,0.011445927234336298
41,009,,62,50870,0.0012187930017692155,0,0.0037377433292073922
41,011,,706,62112,0.011366563626996394,0.006569503945751635,0.016163623308241153
41,013,,236,24983,0.009446423568026259,0.0010959907539387827,0.017796856382113736
41,015,,19,22566,8.419746521315253e-4,0,0.005899504083059561
41,017,,1704,196868,0.008655545847979357,0.005529400388703738,0.011781691307254977
41,019,,781,106911,0.0073051416598853254,0.0046931498108460905,0.00991713350892456
41,021,,18,1933,0.009311950336264873,0,0.0426948219322605
41,023,,8,6900,0.0011594202898550724,0,0.013576753646794743
41,025,,56,7152,0.007829977628635347,0,0.021811028188279284
41,027,,1465,22625,0.06475138121546961,0.04303352007607015,0.08646924235486908
41,029,,3058,211604,0.01445152265552636,0.011325477573801354,0.017577567737251366
41,031,,550,23709,0.023197941709899195,0.014362288638853145,0.032033594780945245
41,033,,402,84200,0.004774346793349169,0.0014210888691139718,0.008127604717584367
41,035,,933,66316,0.014069002955546172,0.009675114434735135,0.01846289147635721
41,037,,21,7846,0.002676523069079786,0,0.014792928804683459
41,039,,4242,368052,0.011525545303381044,0.00893961907992771,0.014111471526834379
41,041,,734,49105,0.014947561348131555,0.0095821402915232,0.02031298240473991
41,043,,1395,123412,0.011303600946423362,0.007401238673659749,0.015205963219186975
41,045,,1229,29960,0.04102136181575434,0.02686260997740262,0.05518011365410606
41,047,,20055,328756,0.06100268892430861,,
41,049,,1417,11462,0.12362589425929157,0.09887666233445797,0.14837512618412518
41,051,,29704,764563,0.0388509514585456,,
41,053,,1815,85020,0.021347918136908964,0.015755567509030777,0.02694026876478715
41,055,,9,1825,0.004931506849315068,0,0.037253375805144845
41,057,,672,26534,0.025325996834250394,0.01361962907749389,0.0370323645910069
41,059,,3635,75101,0.048401485998854875,0.03887100105635419,0.05793197094135556
41,061,,105,24934,0.004211117349803481,0,0.009259914782909561
41,063,,52,7206,0.0072162087149597555,0,0.019306824286468422
41,065,,851,25120,0.03387738853503185,0.020983425230144372,0.04677135183991932
41,067,,22171,572019,0.038759202054477214,0.03549731368022412,0.042021090428730305
41,069,,4,1412,0.0028328611898017,0,0.044222178644397245
41,071,,3226,103279,0.031235778812730566,0.024005844294178232,0.0384657133312829
42,000,,287526,12340793,0.023298826906828433,0.022755063661440568,0.0238425901522163
42,001,,1385,101216,0.013683607334808726,0.010637776247183027,0.016729438422434424
42,003,,11113,1176389,0.009446705129000697,0.008382270712241603,0.01051113954575979
42,005,,188,61834,0.00304039848626969,0.001187751138040592,0.004893045834498788
42,007,,811,158324,0.005122407215583234,0.0032287855420005443,0.007016028889165924
42,009,,188,45119,0.004166759015049092,0.0014918816184308608,0.006841636411667323
42,011,,22273,409321,0.05441450597452855,0.049879750608343924,0.058949261340713176
42,013,,442,115266,0.0038346086443530616,0.002524927911790414,0.0051442893769157085
42,015,,165,56576,0.002916430995475113,8.158115020120422e-4,0.005017050488938184
42,017,,13159,617275,0.021317889109392085,0.018840627582609067,0.023795150636175103
42,019,,950,187848,0.005057280354329032,0.0033485714143957944,0.00676598929426227
42,021,,239,125351,0.0019066461376454915,6.755821126247562e-4,0.003137710162666227
42,023,,8,4254,0.0018805829807240243,0,0.015324748928922542
42,025,,285,62403,0.004567088120763425,0.0021604050431693156,0.006973771198357534
42,027,,1005,152903,0.006572794516785151,,
42,029,,9337,518697,0.018000875270148084,0.015877203877075512,0.020124546663220656
42,031,,84,35283,0.0023807499362299123,0,0.005323542282437348
42,033,,468,75165,0.006226302135302335,0.004194892281910963,0.008257711988693708
42,035,,159,35694,0.004454530173138342,0.0010249317770926517,0.007884128569184032
42,037,,114,62583,0.0018215809405110015,0,0.003933915524371444
42,039,,525,78347,0.0067009585561667966,0.004786823387609673,0.00861509372472392
42,041,,2789,254256,0.01096925932918004,0.008806888615348294,0.013131630043011785
42,043,,8123,272534,0.02980545546610698,0.02456833345416757,0.03504257747804639
42,045,,10848,546292,0.019857512099756173,,
42,047,,34,29121,0.0011675423234092236,0,0.005089636015213793
42,049,,3308,255220,0.01296136666405454,0.010571492756872447,0.015351240571236635
42,051,,240,120024,0.001999600079984003,7.284290893297398e-4,0.0032707710706382665
42,053,,33,6677,0.004942339373970346,0,0.016110595101911464
42,055,,1870,148631,0.012581493766441725,0.008599787120378814,0.016563200412504635
42,057,,17,13850,0.001227436823104693,0,0.007265972852101488
42,059,,81,33273,0.002434406275358399,0,0.005774108037235024
42,061,,118,41723,0.0028281763056347818,0,0.0056934394248305785
42,063,,335,79324,0.004223185921032727,0.0021390641882698368,0.0063073076537956164
42,065,,170,41521,0.004094313720767804,9.282435014206407e-4,0.007260383940114968
42,067,,370,21977,0.016835782863903172,0.010454040623327,0.023217525104479345
42,069,,5026,205299,0.024481366202465674,0.02050890328089645,0.028453829124034897
42,071,,12784,523187,0.024434857899756683,0.021608646655913163,0.027261069143600204
42,073,,267,80781,0.003305232666097226,0.0012451906931393347,0.005365274639055118
42,075,,3095,136169,0.02272910868112419,0.017723836740313817,0.027734380621934562
42,077,,22739,357366,0.06362944432318687,0.05784377413287002,0.06941511451350373
42,079,,13644,310611,0.04392632585452544,0.039844439377545275,0.0480082123315056
42,081,,393,107615,0.003651907261998792,0.001408813300705426,0.005895001223292158
42,083,,143,38163,0.003747084872782538,3.5575731441658863e-4,0.007138412431148487
42,085,,535,104055,0.005141511700542982,0.003222593023333966,0.007060430377751998
42,087,,363,43182,0.008406280394608865,0.00383820751730307,0.01297435327191466
42,089,,3041,159929,0.019014687767696915,0.015067840278245887,0.022961535257147943
42,091,,18786,822383,0.022843371032718333,0.020775247032396766,0.0249114950330399
42,093,,75,17110,0.004383401519579193,0,0.010000711702232292
42,095,,7031,303809,0.02314282987008285,0.02002518767175664,0.02626047206840906
42,097,,588,86131,0.006826810323809081,0.0037368552973467478,0.009916765350271414
42,099,,285,43791,0.006508186613687744,0.0029284299336781155,0.010087943293697372
42,101,,95335,1485249,0.06418789038067017,0.06112811805686292,0.06724766270447743
42,103,,698,58307,0.01197111839058775,0.007522371353569031,0.01641986542760647
42,105,,50,15422,0.003242121644404098,0,0.008435170413776913
42,107,,1197,136865,0.008745844445256274,0.006695229606657596,0.010796459283854951
42,109,,258,37589,0.006863710127962968,0.00310556456674033,0.010621855689185606
42,111,,361,69477,0.005195964132014911,0.0025643283406057006,0.007827599923424121
42,113,,49,5737,0.008541049328917553,0,0.027085570625600484
42,115,,126,36389,0.0034625848470691695,6.778796854467598e-4,0.0062472900086915795
42,117,,75,38946,0.0019257433369280542,0,0.004825180529033076
42,119,,512,40620,0.012604628261939931,0.0076423974713632345,0.017566859052516627
42,121,,150,47516,0.0031568313831130566,8.751013684080832e-4,0.00543856139781803
42,123,,141,35975,0.003919388464211258,8.105331407358769e-4,0.00702824378768664
42,125,,965,199788,0.00483011992712275,0.003329061944812457,0.006331177909433043
42,127,,263,49168,0.005349007484542792,0.0025904900864425814,0.008107524882643003
42,129,,942,337331,0.002792509434353795,0.0019918032482662902,0.0035932156204412998
42,131,,107,24775,0.004318869828456105,3.8146148200344544e-4,0.008256278174908765
42,133,,6268,437787,0.014317464885891997,0.012204092475960757,0.016430837295823238
44,000,,47393,1048547,0.04519873691880288,0.04228080878517129,0.04811666505243446
44,001,,679,48682,0.013947660326198595,0.007081067548428994,0.020814253103968196
44,003,,1297,163700,0.00792302993280391,0.005581200095921741,0.01026485976968608
44,005,,854,81354,0.010497332644983651,0.0067839282917854845,0.014210736998181818
44,007,,43552,629051,0.0692344499889516,0.06438216932666423,0.07408673065123898
44,009,,1011,125760,0.00803912213740458,0.005384941551812402,0.010693302722996758
45,000,,76862,5006696,0.015351840814780846,0.01458889385016231,0.01611478777939938
45,001,,47,23233,0.0020229845478414326,0,0.007781692083502606
45,003,,1553,164396,0.009446701866225456,0.0067562962309887205,0.012137107501462192
45,005,,9,7335,0.001226993865030675,0,0.013985428630131348
45,007,,1818,198733,0.009147952277679098,,
45,009,,56,12430,0.004505229283990346,,
45,011,,65,19174,0.003390007301554188,0,0.010921084145091934
45,013,,3862,186269,0.02073345537904858,0.01620197816871533,0.02526493258938183
45,015,,4147,231581,0.017907341275838692,0.01386712542381598,0.021947557127861405
45,017,,36,13570,0.0026529108327192335,0,0.010300360930575257
45,019,,8034,396604,0.02025698177527206,0.01682962114514078,0.023684342405403336
45,021,,667,53350,0.012502343017806936,0.007114297843328244,0.017890388192285625
45,023,,36,30449,0.0011823048375972937,0,0.005966657055948443
45,025,,770,41364,0.018615220965090416,0.010319775444819719,0.026910666485361112
45,027,,253,29592,0.008549608002162746,0.002947294540984106,0.014151921463341386
45,029,,700,36676,0.019086050823426765,0.009890062395500488,0.02828203925135304
45,031,,232,59011,0.003931470403823016,4.2626679268056465e-4,0.007436674014965467
45,033,,262,25926,0.010105685412327394,0.002740848664344495,0.017470522160310295
45,035,,1788,157450,0.011355986027310257,0.007969138907464653,0.01474283314715586
45,037,,552,26253,0.021026168437892814,0.006641637210838691,0.035410699664946935
45,039,,39,19599,0.0019898974437471298,0,0.008345348249714068
45,041,,1019,129178,0.007888340119834646,0.005021621355531098,0.010755058884138195
45,043,,188,62319,0.0030167364688136844,0,0.006089990632501946
45,045,,12913,515463,0.025051264591250972,0.022238202681469595,0.02786432650103235
45,047,,520,65513,0.007937355944621678,0.003556358166583935,0.01231835372265942
45,049,,155,17284,0.00896783152048137,0.001370229514316446,0.016565433526646293
45,051,,4909,366889,0.013380068631111863,0.010882793498422376,0.015877343763801347
45,053,,1268,30407,0.04170092412931233,0.025785571037747174,0.05761627722087749
45,055,,674,64434,0.0104603159822454,0.005418075841031357,0.015502556123459441
45,057,,1778,98557,0.01804032184421198,0.012091729039112428,0.02398891464931153
45,059,,1186,64834,0.018292871024462472,0.012432828352794526,0.02415291369613042
45,061,,0,15378,0,0,0.006818250996864821
45,063,,4788,287805,0.016636264137176213,,
45,065,,0,9471,0,0,0.010064317277602175
45,067,,20,27193,7.354833964623249e-4,0,0.0054065683498445705
45,069,,63,24640,0.002556818181818182,0,0.007459872758476919
45,071,,650,36357,0.01787826278295789,0.011219030068140113,0.024537495497775664
45,073,,1184,76907,0.0153952176004785,0.008832609012184411,0.021957826188772588
45,075,,474,78937,0.0060047886289065966,0.003278420361898411,0.008731156895914782
45,077,,747,128387,0.005818346094230724,0.0033698202534231778,0.008266871935038271
45,079,,4537,398846,0.011375317791829428,0.009113047932338355,0.0136375876513205
45,081,,817,18018,0.045343545343545344,0.0313424466759145,0.05934464401117619
45,083,,9896,326770,0.030284297824157664,0.02656202183958743,0.0340065738087279
45,085,,621,97995,0.0063370580131639365,0.0028862890366252126,0.00978782698970266
45,087,,121,25525,0.004740450538687561,0,0.010336703650465764
45,089,,229,28898,0.007924423835559554,0.001023101733858535,0.014825745937260573
45,091,,3179,277696,0.011447770223553814,,
46,000,,8591,850347,0.010102934449113126,0.008826824462461415,0.011379044435764837
46,003,,49,2453,0.019975540154912354,0,0.04183869488672057
46,005,,769,18132,0.04241120670637547,0.02442870053673687,0.06039371287601407
46,007,,0,3081,0,0,0.015468865455399251
46,009,,24,6699,0.0035826242722794446,0,0.013464705808352129
46,011,,240,33483,0.007167816503897501,0.002623067646284647,0.011712565361510354
46,013,,514,35765,0.014371592338878792,0.006526765119598406,0.02221641955815918
46,015,,26,4969,0.0052324411350372305,0,0.019744853999660673
46,017,,0,1573,0,0,0.03029852159445969
46,019,,0,9940,0,0,0.007671561282589151
46,021,,17,1514,0.011228533685601057,0,0.042895937192507005
46,023,,11,8524,0.001290473955889254,0,0.00870016134868829
46,025,,48,3595,0.013351877607788595,0,0.03680852920810611
46,027,,45,14511,0.0031010957204879058,0,0.009301279852035948
46,029,,107,27220,0.003930933137398972,7.228495849899126e-5,0.007789581316298953
46,031,,0,3418,0,,
46,033,,0,8568,0,0,0.008343763037129746
46,035,,66,18719,0.0035258293712270954,0,0.009773979740904964
46,037,,61,5159,0.011823996898623764,0,0.026282122526894405
46,039,,0,4068,0,0,0.011715726270424066
46,041,,3,4608,6.510416666666666e-4,,
46,043,,23,2616,0.008792048929663608,0,0.02683315735234732
46,045,,40,3679,0.010872519706441968,0,0.027080937975197217
46,047,,0,6954,0,0,0.01028032236153691
46,049,,4,2031,0.0019694731659281144,0,0.02411505189501081
46,051,,39,7165,0.005443126308443824,0,0.018749674148847987
46,053,,0,3765,0,0,0.01265858551609166
46,055,,0,1617,0,0,0.02947407202726351
46,057,,136,5730,0.0237347294938918,0.009259683355883593,0.038209775631900006
46,059,,2,2937,6.809669731018045e-4,0,0.016476507882669536
46,061,,0,3213,0,0,0.014833356510452879
46,063,,0,1082,0,0,0.04404766586699177
46,065,,38,16772,0.0022656808967326495,0,0.007272863655407432
46,067,,37,6845,0.005405405405405406,0,0.01540932027359491
46,069,,0,1121,0,0,0.04251523146127127
46,071,,0,2534,0,0,0.018808040437286937
46,073,,5,1661,0.0030102347983142685,0,0.030086572078406523
46,075,,0,846,0,0,0.056335194406719975
46,077,,1,4895,2.0429009193054137e-4,0,0.014363944366978442
46,079,,139,10455,0.01329507412721186,0.0033680289152050683,0.023222119339218653
46,081,,143,26178,0.005462602185040874,1.3252462396860353e-4,0.010792679746113143
46,083,,606,66227,0.00915034653540097,0.004652270779163701,0.01364842229163824
46,085,,20,3419,0.0058496636443404505,0,0.01907854167390142
46,087,,56,5302,0.010562052055827989,0,0.026465079908652815
46,089,,16,2037,0.007854688267059401,0,0.030943331716665586
46,091,,75,4043,0.01855058125154588,0.0016277984183397723,0.03547336408475199
46,093,,51,28987,0.0017594093904163936,0,0.006744558895001336
46,095,,0,1782,0,0,0.026744991283998373
46,097,,0,2168,0,0,0.021983198555389806
46,099,,3637,189055,0.019237787945306922,,
46,101,,95,5942,0.015987882867721306,0.0013142719221638875,0.030661493813278727
46,102,,0,12299,0,0,0.006200123518085712
46,103,,741,106671,0.006946592794667717,0.004097765710037365,0.009795419879298068
46,105,,0,2780,0,0,0.017143731823052195
46,107,,2,2269,8.814455707360071e-4,0,0.021279978797332937
46,109,,34,9499,0.003579324139383093,0,0.012168471284650373
46,111,,0,2207,0,0,0.02159473242776851
46,115,,27,5821,0.0046383782855179525,0,0.01708064007232109
46,117,,107,2909,0.036782399449982815,0,0.07917760149597437
46,119,,68,1469,0.04628999319264806,0,0.11279513611580408
46,121,,41,8295,0.004942736588306209,0,0.015586449736803648
46,123,,37,5223,0.007084051311506797,0,0.021457453843768383
46,125,,80,8376,0.009551098376313277,0,0.01987771004561678
46,127,,41,16212,0.002528990870959783,0,0.0081574181485589755
46,129,,3,4912,6.107491856677524e-4,,
46,135,,266,22158,0.01200469356440112,0.004478272396529114,0.019531114732273126
46,137,,1,2190,4.5662100456621003e-4,0,0.02159105556597169
47,000,,128021,6655459,0.01923548774021446,0.0185277471671552,0.019943228313273723
47,001,,528,74986,0.007041314378684021,0.0030470333343624693,0.011035595423005572
47,003,,1690,48864,0.034585789129011134,0.02213186564749302,0.04703971261052925
47,005,,74,15209,0.004865540140706161,0,0.012352299253574887
47,007,,45,14402,0.003124566032495487,0,0.010538037895489724
47,009,,1217,132553,0.009181233167110515,0.006296636002267566,0.012065830331953464
47,011,,2307,104797,0.022013988950065365,0.016533049316552806,0.027494928583577924
47,013,,110,37667,0.0029203281386890384,0,0.006803233925888669
47,015,,39,13961,0.0027934961678962823,0,0.010364130994770942
47,017,,78,27035,0.0028851488810800814,0,0.007555938688828305
47,019,,159,54457,0.0029197348366601173,0,0.006228599089542365
47,021,,143,39621,0.0036091971429292546,0,0.008107363431786302
47,023,,36,16635,0.002164111812443643,0,0.008729079609026769
47,025,,45,30838,0.0014592386017251444,0,0.006082300939730801
47,027,,38,7347,0.0051721791207295495,0,0.019173677411132847
47,029,,140,34955,0.004005149477900157,0,0.008770266366183454
47,031,,804,55950,0.014369973190348526,0.006379424608789867,0.022360521771907185
47,033,,446,13074,0.03411350772525623,0.023039877406561785,0.04518713804395068
47,035,,152,60842,0.002498274218467506,0,0.0055607871258692345
47,037,,38109,668739,0.05698635790644781,0.052789738894038714,0.0611829769188569
47,039,,16,10980,0.0014571948998178506,0,0.010670706911634563
47,041,,325,19424,0.016731878088962107,0.003928222337405529,0.029535533840518685
47,043,,400,52670,0.007594456047085627,0.002422301388151164,0.01276661070602009
47,045,,247,34334,0.007194035067280247,0.0013222813078462023,0.013065788826714293
47,047,,421,41197,0.010219190717770712,0.005209049051804964,0.015229332383736461
47,049,,24,18278,0.001313053944632892,0,0.007138457510621964
47,051,,267,41765,0.006392912725966719,0.001635524709612186,0.011150300742321251
47,053,,177,47868,0.0036976685886187014,0,0.007698179634572592
47,055,,114,29020,0.003928325292901447,0,0.00881226552476445
47,057,,184,23144,0.007950224680262703,0,0.017184381831106748
47,059,,247,68298,0.003616504143605962,0,0.00729706839581542
47,061,,28,12993,0.002155006541984145,0,0.00966396959959952
47,063,,2701,61691,0.04378272357394109,0.031169050506811576,0.05639639664107061
47,065,,8518,354285,0.02404279040885163,,
47,067,,73,6472,0.011279357231149567,0,0.028198418132893692
47,069,,119,24150,0.004927536231884058,0,0.011348536690058066
47,071,,113,26017,0.004343313987008495,0,0.012503445766367308
47,073,,75,55261,0.001357195852409475,0,0.004185320041148958
47,075,,10,16542,6.045218232378189e-4,0,0.006639430307989027
47,077,,64,26364,0.0024275527234107115,0,0.007316399427305199
47,079,,38,30871,0.0012309287033137896,0,0.005711526442477362
47,081,,84,24096,0.0034860557768924302,0,0.009583753293982906
47,083,,12,7960,0.001507537688442211,0,0.012488709598602984
47,085,,23,18161,0.0012664500853477232,0,0.00692007595971898
47,087,,8,11481,6.968034143367303e-4,0,0.009446936943816653
47,089,,574,54245,0.0105816204258457,0.004665045170674426,0.016498195681016976
47,091,,141,17451,0.008079766202509884,0,0.01687758300358041
47,093,,7936,467182,0.016986955833058637,0.014715450661526587,0.019258461004590686
47,095,,16,6314,0.0025340513145391194,0,0.017020228854899854
47,097,,134,23287,0.0057542835058186975,1.2174455520734886e-4,0.011386822456430046
47,099,,407,42543,0.009566791246503538,0.003602726289378231,0.015530856203628846
47,101,,7,12266,5.706831893037666e-4,0,0.009030020003339394
47,103,,93,33887,0.0027444152624900406,0,0.007120031996383433
47,105,,1651,55842,0.029565559972780344,0.019926931150212372,0.039204188795348316
47,107,,421,51778,0.008130866391131369,0.002810045772405327,0.01345168700985741
47,109,,52,24535,0.0021194212349704505,0,0.006914364277292912
47,111,,476,24582,0.019363762102351315,0.009600505993314253,0.029127018211388377
47,113,,909,93313,0.009741407949589017,0.005672015534071231,0.013810800365106804
47,115,,106,27721,0.003823815879658021,0,0.009537243676572703
47,117,,458,34048,0.013451597744360902,0.005451276834923947,0.021451918653797857
47,119,,800,101053,0.007916637803924674,0.004148564338878034,0.011684711268971314
47,121,,18,12703,0.0014169881130441629,0,0.009921436572934414
47,123,,407,45314,0.0089817716379044,0.004899247295044747,0.013064295980764053
47,125,,2688,215781,0.01245707453390243,0.008911223367002858,0.016002925700802
47,127,,1,6342,1.576789656259855e-4,0,0.014729634721437526
47,129,,133,20389,0.006523125214576487,0,0.013723081081524981
47,131,,206,28803,0.0071520327743637814,0,0.014478906404130291
47,133,,6,21915,2.737850787132101e-4,0,0.005808985449241841
47,135,,0,8188,0,0,0.01164132253739255
47,137,,0,4873,0,0,0.019560670826220025
47,139,,14,17097,8.188571094344037e-4,0,0.006421861086023758
47,141,,1228,78032,0.015737133483698994,0.009733477234537734,0.021740789732860255
47,143,,326,32103,0.010154814191820079,4.525415453580754e-4,0.019857086838282082
47,145,,146,52724,0.0027691373947348456,0,0.006028347306538461
47,147,,1573,70743,0.022235415518143137,0.015682731453788755,0.02878809958249752
47,149,,12251,338017,0.03624373922021674,0.030786146755511216,0.04170133168492226
47,151,,62,20761,0.0029863686720292856,0,0.009590542107387717
47,153,,228,15888,0.014350453172205438,0,0.030954383439785557
47,155,,2627,94321,0.027851697925170428,0.02124051400492117,0.034462881845419686
47,157,,20645,856682,0.024098790449665102,0.02193684193707363,0.026260738962256575
47,159,,110,19275,0.005706874189364461,0,0.012873664353352039
47,161,,219,13306,0.016458740417856606,0.006323425998472236,0.026594054837240977
47,163,,508,153013,0.0033199793481599603,0.0016109837813721704,0.00502897491494775
47,165,,2416,192668,0.01253970560757365,0.009127126784426119,0.01595228443072118
47,167,,153,58169,0.0026302669806941843,0,0.005974181764871335
47,169,,41,11347,0.003613289856349696,0,0.013080585030552098
47,171,,180,16976,0.01060320452403393,0,0.02143824092929831
47,173,,3,19366,1.5491066818134876e-4,0,0.00636129676982912
47,175,,10,6092,0.0016414970453053185,0,0.017072703749025246
47,177,,659,39683,0.016606607363354585,0.008429458018397501,0.02478375670831167
47,179,,1247,130018,0.009590979710501622,0.006028026071428258,0.013153933349574987
47,181,,110,15539,0.007078962610206577,0,0.014735153556104101
47,183,,355,31426,0.011296378794628652,0.003447297619688313,0.01914545996956899
47,185,,24,26624,9.014423076923077e-4,0,0.005457626365573343
47,187,,2470,246625,0.01001520527116067,,
47,189,,2328,149355,0.015587024204077534,0.009431870504346643,0.021742177903808425
48,000,,1915342,28253216,0.0677919993249618,0.06703473175391039,0.0685492668960132
48,001,,921,55488,0.01659818339100346,0.010992286195683895,0.022204080586323026
48,003,,1373,17114,0.08022671497019984,0.058595962517496235,0.10185746742290344
48,005,,2642,81619,0.03236991386809444,0.024641766848320177,0.0400980608878687
48,007,,45,23767,0.0018933815795009888,0,0.007552067960889473
48,009,,90,8449,0.010652148183216949,0,0.022469291987608747
48,011,,6,1716,0.0034965034965034965,0,0.04412481595340241
48,013,,2466,47672,0.05172847793253901,0.03536988659685274,0.06808706926822529
48,015,,1207,29420,0.04102651257647859,0.026412907570885522,0.05564011758207166
48,017,,849,6417,0.13230481533426836,0.07212054560367487,0.19248908506486184
48,019,,478,21136,0.022615442846328538,0.00836976980856244,0.03686111588409464
48,021,,7047,99620,0.07073880746837985,0.059409623142296634,0.08206799179446307
48,023,,0,3335,0,0,0.021436090465405597
48,025,,835,29568,0.028239989177489176,0.017051104044582634,0.03942887431039572
48,027,,8317,357147,0.023287329866973544,0.020071920655388983,0.026502739078558105
48,029,,113352,1934539,0.058593804518802674,0.05612063097983712,0.06106697805776823
48,031,,135,11966,0.011281965569112486,0,0.023658497657854223
48,033,,2,654,0.0030581039755351682,0,0.10903667770238475
48,035,,413,17746,0.023272850219767834,0.013715893715870479,0.032829806723665186
48,037,,1002,86753,0.011550032851889849,0.007631950274395734,0.015468115429383963
48,039,,14639,366716,0.03991917451106578,0.03578956300895015,0.044048786013181414
48,041,,7486,229007,0.03268895710611466,0.028541105273415537,0.03683680893881379
48,043,,398,9116,0.04365949978060553,0,0.08885397282837718
48,045,,49,1219,0.04019688269073011,0,0.10659948316044227
48,047,,610,6769,0.09011670852415424,0.04848470522685885,0.13174871182144962
48,049,,481,36401,0.013213922694431472,0.006727472499040649,0.019700372889822293
48,051,,675,17926,0.037654803079326116,0.022588020159102523,0.05272158599954971
48,053,,1904,49993,0.038085331946472505,0.027900539318834953,0.048270124574110056
48,055,,2836,45609,0.06218070994759806,0.047398497920665784,0.07696292197453034
48,057,,451,18705,0.024111200213846565,0.011887838342351383,0.03633456208534175
48,059,,16,13484,0.0011865915158706616,0,0.00877090732938956
48,061,,62062,395853,0.1567804210148717,0.1490819819113988,0.1644788601183446
48,063,,498,11941,0.041705049828322585,0.02523904681243735,0.058171052844207816
48,065,,23,5544,0.004148629148629149,0,0.022484513360608593
48,067,,47,26889,0.0017479266614600765,0,0.006196297967279164
48,069,,876,6745,0.12987398072646406,0.08510739907168374,0.17464056238124437
48,071,,1590,48082,0.03306850796555884,0.019982044025296013,0.046154971905821664
48,073,,2093,48439,0.043208984495964,0.03206258747955498,0.05435538151237301
48,075,,117,6428,0.01820161792159303,0,0.040526236271836616
48,077,,75,10027,0.007479804527775007,0,0.01848214567378137
48,079,,298,2353,0.12664683382915426,0.07103544327270007,0.18225822438560846
48,081,,23,3202,0.007183010618363523,0,0.028597772239975297
48,083,,126,7429,0.01696055996769417,0,0.034402557738805364
48,085,,38125,1096003,0.03478548872585203,0.03241316209248203,0.037157815359222024
48,087,,104,2394,0.04344193817878028,0.006500235625801314,0.08038364073175924
48,089,,515,19618,0.02625140177388113,0.010682233370629289,0.04182057017713297
48,091,,3227,174123,0.018532876185225387,0.013675722181260128,0.02339003018919065
48,093,,608,13187,0.04610601349814211,0.027987074878583387,0.06422495211770084
48,095,,274,3231,0.0848034664190653,0.0435262828094764,0.1260806500286542
48,097,,1399,40411,0.034619286827843904,0.024402760925369728,0.04483581273031808
48,099,,1175,79361,0.014805761016116229,0.010375578022798159,0.0192359440094343
48,101,,26,1280,0.0203125,0,0.08976545100554156
48,103,,348,4263,0.08163265306122448,0.024467828331428666,0.1387974777910203
48,105,,295,2786,0.10588657573582197,0.02365758904309108,0.18811556242855287
48,107,,102,4740,0.021518987341772152,3.785762147376637e-4,0.04265939846880664
48,109,,143,2070,0.06908212560386473,6.000967474251301e-4,0.13756415446030434
48,111,,363,6854,0.05296177414648381,0.01374622063746729,0.09217732765550032
48,113,,243187,2441840,0.09959170133997314,0.09675159540254769,0.10243180727739859
48,115,,424,11341,0.037386473855921,0.021612728484625934,0.05316021922721606
48,117,,1405,16778,0.08374061270711647,0.05386749770120225,0.11361372771303069
48,119,,17,5013,0.003391182924396569,0,0.02169094037606729
48,121,,30640,923160,0.03319034620217514,0.030703774608560355,0.03567691779578992
48,123,,583,18833,0.030956300111506397,0.015137603964139521,0.04677499625887327
48,125,,36,1639,0.021964612568639415,0,0.06740815539939873
48,127,,320,7802,0.041015124327095615,0.01494854735605532,0.06708170129813591
48,129,,44,3150,0.013968253968253968,0,0.0403047918619449
48,131,,340,9122,0.037272527954395965,0.010874840332542855,0.06367021557624908
48,133,,458,17046,0.026868473542179985,0.008266191570395327,0.04547075551396464
48,135,,11446,150541,0.076032442988953175,0.0649700727410832,0.08709481323682315
48,137,,41,1253,0.03272146847565842,0,0.10029177506095344
48,139,,6327,199383,0.031732895984110984,0.026182636110925406,0.037283155857296565
48,141,,102352,813194,0.12586418493004128,0.1211738491386801,0.13055452072140247
48,143,,1268,41319,0.03068806118250684,0.021449838971922045,0.039926283393091636
48,145,,345,16331,0.021125466903435183,0.010179954735985071,0.0320709790708853
48,147,,657,35487,0.018513821962972354,0.010238401000498625,0.026789242925446086
48,149,,504,23830,0.021149811162400337,0.01012519966126009,0.032174422663540585
48,151,,33,3437,0.009601396566773349,0,0.030071910742218256
48,153,,397,4910,0.08085539714867618,0.04647568525426507,0.11523510904308729
48,155,,1,949,0.001053740779768177,0,0.07403579549867452
48,157,,46887,839763,0.05583361019716277,0.052086487158805844,0.0595807332355197
48,159,,214,9968,0.021468699839486356,0.006169189418560131,0.03676821026041258
48,161,,302,19052,0.015851354188536636,0.006371147050079013,0.02533156132699426
48,163,,1390,17566,0.07913013776613913,0.044216374091101206,0.11404390144117704
48,165,,2023,20025,0.10102372034956304,0.06509054127930772,0.13695689941981837
48,167,,10422,338548,0.030784408710138593,0.02729482025861034,0.03427399716166685
48,169,,349,4945,0.0705763397371082,0.02528431346652603,0.11586836600769036
48,171,,607,26268,0.02310796406273793,0.01000787272875473,0.03620805539672113
48,173,,75,1002,0.0748502994011976,0,0.1614629892716029
48,175,,95,6800,0.013970588235294118,0,0.029968345865134347
48,177,,1112,18539,0.0599816602837262,0.040945275956921406,0.079018044610531
48,179,,1045,19860,0.0526183282980866,0.03751059227495616,0.06772606432121706
48,181,,3187,134559,0.02368477768116588,,
48,183,,3481,117161,0.029711252037794147,0.02434005057068537,0.035082453504902925
48,185,,1143,29684,0.038505592238242826,0.024464850387568213,0.05254633408891744
48,187,,5111,173105,0.029525432540943357,0.024284499672435327,0.03476636540945138
48,189,,1710,30034,0.056935473130452156,0.04089992349146428,0.07297102276944004
48,191,,61,2676,0.022795216741405083,0,0.051945364809498865
48,193,,209,8024,0.026046859421734795,0.005532564949409565,0.04656115389406003
48,195,,418,4766,0.08770457406630298,0.04062933922977425,0.13477980890283173
48,197,,118,3279,0.0359865812747789,0.005871862627356925,0.06610129992220087
48,199,,386,54340,0.007103422892896577,0.002503437884400961,0.011703407901392193
48,201,,515048,4507628,0.11426142529951451,,
48,203,,1245,66178,0.018812898546344707,0.01286874417927128,0.024757052913418134
48,205,,192,4835,0.03971044467425026,0.004522570018599521,0.07489831932990099
48,207,,128,5196,0.024634334103156273,0.0016523706920062338,0.04761629751430631
48,209,,7967,253114,0.03147593574436815,0.026092499736691577,0.03685937175204472
48,211,,226,3115,0.07255216693418941,0.028241831262295687,0.11686250260608314
48,213,,1167,80151,0.014560017966089007,0.010209393389852238,0.018910642542325776
48,215,,148102,822131,0.18014404030501222,0.1747504125446715,0.18553766806535293
48,217,,788,35197,0.022388271727704065,0.015396977379431093,0.029379566075977036
48,219,,833,19905,0.041848781713137405,0.02738468346891726,0.05631287995735755
48,221,,1262,62651,0.020143333705766868,0.013335638585276043,0.026951028826257693
48,223,,1122,35318,0.031768503312758364,0.02121701979485277,0.04231998683066396
48,225,,303,20923,0.014481670888495914,0.0035007592540986458,0.025462582522893185
48,227,,2102,30363,0.06922899581727761,0.053784246917720914,0.08467374471683431
48,229,,638,3306,0.19298245614035087,0.1358841472195711,0.25008076506113064
48,231,,3181,102073,0.031163970883583317,0.023770636742434605,0.03855730502473203
48,233,,356,19089,0.01864948399601865,0.007163045937781956,0.030135922054255346
48,235,,22,1339,0.016430171769977596,0,0.06917876756249533
48,237,,151,8383,0.01801264463795777,0,0.03838312314075418
48,239,,295,14156,0.020839220118677594,0.00360100514168692,0.03807743509566827
48,241,,184,30856,0.0059631838216230235,0,0.012674855272334022
48,243,,84,1732,0.04849884526558892,0,0.12513588783876758
48,245,,11467,237121,0.04835927648753168,0.04297175248045195,0.05374680049461141
48,247,,24,3993,0.006010518407212622,0,0.023208547353959344
48,249,,1390,36274,0.03831945746264542,0.024002449473209193,0.05263646545208166
48,251,,5419,183384,0.02955001526850761,0.02413356361288637,0.03496646692412885
48,253,,259,19449,0.013316880045246542,0.0043834467548238935,0.02225031333566919
48,255,,440,14243,0.030892368180860774,0.01731302141496294,0.04447171494675861
48,257,,4107,159823,0.025697177502612266,0.020367114840673658,0.031027240164550874
48,259,,1060,46310,0.022889224789462318,0.01044719181902509,0.035331257759899544
48,261,,68,145,0.4689655172413793,0,0.9883775030898996
48,263,,1,717,0.001394700139470014,0,0.09806308280456685
48,265,,1111,51086,0.021747641232431586,0.01401269092464451,0.029482591540218664
48,267,,91,4172,0.02181208053691275,0,0.04450839620133107
48,269,,0,195,0,0,0.3666121112929624
48,271,,304,3091,0.09835004852798447,0.032838031934426457,0.1638620651215425
48,273,,574,28532,0.020117762512266928,0.010019996859895863,0.030215528164637993
48,275,,106,3146,0.033693579148124604,0.004439457376106671,0.06294770092014254
48,277,,519,47459,0.01093575507279968,0.005112506889041972,0.016759003256557388
48,279,,1096,11959,0.09164645873400785,0.06243133731571944,0.12086158015229627
48,281,,309,21610,0.014298935677926885,0.005577601344392481,0.02302027001146129
48,283,,393,6700,0.05865671641791045,0.024818015317279077,0.09249541751854182
48,285,,210,19317,0.010871253300201895,0.002909934673702855,0.018832571926700938
48,287,,542,16902,0.032067210980949,0.015073176224695489,0.04906124573720251
48,289,,456,15418,0.02957582046958101,0.01801853755914269,0.041133103380019326
48,291,,7383,95517,0.07729514117905713,0.06306750684774787,0.09152277551036639
48,293,,749,20999,0.03566836516024573,0.02351106082236064,0.047825669498130816
48,295,,232,2705,0.08576709796672828,0.045394511495384746,0.12613968443807183
48,297,,596,10948,0.05443916697113628,0.032310426713182155,0.0765679072290904
48,299,,590,21513,0.02742527773904151,0.012570871534342002,0.042279683943741014
48,301,,2,33,0.06060606060606061,0,1
48,303,,5183,298935,0.01733821733821734,0.014232151119888068,0.02044428355654661
48,305,,105,5372,0.0195457930007446,7.952048258719827e-4,0.03829638117561722
48,307,,173,7161,0.02415863706186287,0.003116426530127739,0.045200847593598
48,309,,9680,249306,0.03882778593375209,0.03405166299253632,0.043603908874967866
48,311,,15,605,0.024793388429752067,0,0.1496146447854581
48,313,,575,12845,0.04476449980537174,0.023434269210307387,0.06609473040043609
48,315,,39,9338,0.00417648318697794,0,0.01533129179554498
48,317,,285,4998,0.05702280912364946,0.022804733128939915,0.09124088511835901
48,319,,58,3733,0.015537101526922047,0,0.03671426736767015
48,321,,1253,33832,0.03703594230314495,0.02355418841616113,0.05051769619012877
48,323,,11688,53083,0.22018348623853212,0.19571235407810877,0.24465461839895547
48,325,,2262,50597,0.04470620787793743,0.03196398231785377,0.057448433438021085
48,327,,28,1871,0.014965259219668627,0,0.053255915551834024
48,329,,9548,160302,0.059562575638482364,0.04977392467187354,0.06935122660509119
48,331,,743,24149,0.030767319557745663,0.01734207056945941,0.044192568546031916
48,333,,24,4410,0.005442176870748299,0,0.021387190788288792
48,335,,294,8616,0.034122562674094706,0.005997652974609764,0.06224747237357965
48,337,,261,20117,0.012974101506188796,0.0030863076270392295,0.022861895385338362
48,339,,28914,641105,0.045100256588234376,0.04125120371751832,0.04894930945895043
48,341,,3406,19515,0.17453241096592365,0.14345431767501066,0.20561050425683663
48,343,,202,11388,0.017737969792764312,0.00588280306574133,0.029593136519787296
48,345,,0,1144,0,0,0.062490700788573134
48,347,,2066,61220,0.033747141457040185,0.024280941605184805,0.043213341308895564
48,349,,2082,51027,0.0408019283908519,0.03202584898954391,0.049578007792159894
48,351,,22,11499,0.00191320984433429,0,0.011588473775497474
48,353,,276,13593,0.02030456852791878,0.0058329261271467415,0.03477621092869082
48,355,,8556,331550,0.025806062434022017,0.022122715849530912,0.029489409018513123
48,357,,1016,9089,0.11178347452965123,0.0819310519653545,0.14163589709394797
48,359,,81,2057,0.03937773456490034,0,0.08339451256786581
48,361,,1254,79863,0.015701889485744337,0.01048759129269567,0.020916187678793004
48,363,,520,27581,0.018853558609187485,0.011407617541037808,0.026299499677337163
48,365,,322,21438,0.015020057841216532,0.006318358268737801,0.02372175741369526
48,367,,2667,155351,0.017167575361600504,0.01334814008403708,0.020987010639163927
48,369,,1223,9015,0.13566278424847478,0.09574078034072775,0.1755847881562218
48,371,,485,13959,0.034744609212694316,0.01738918619489001,0.052100032230498625
48,373,,1037,50176,0.020667251275510203,0.013485082803815218,0.027849419747205187
48,375,,5999,108209,0.05543901154247798,0.04783035141605081,0.06304767166890515
48,377,,1117,5550,0.20126126126126126,0.12827594219316754,0.274246580329355
48,379,,42,12226,0.0034353018158023883,0,0.012657059728543633
48,381,,1191,137422,0.008666734583982186,0.005665841816762222,0.01166762735120215
48,383,,169,2892,0.05843706777316736,0.018718443273758115,0.0981556922725766
48,385,,44,2717,0.016194331983805668,0,0.048161277934197964
48,387,,141,10906,0.012928663121217678,0.0027990736395259903,0.023058252602909366
48,389,,1591,11788,0.13496776382762132,0.08826404256546451,0.18167148508977815
48,391,,81,6390,0.01267605633802817,0,0.028629850559094637
48,393,,0,796,0,0,0.08981075590719557
48,395,,334,16098,0.02074791899614859,0.008106340747679016,0.03338949724461816
48,397,,1697,116213,0.014602497138874309,0.010897130382106431,0.018307863895642186
48,399,,208,9310,0.02234156820622986,0.0068904757240350785,0.03779266068842464
48,401,,1101,49977,0.022030133861576325,0.01552014396541598,0.02854012375773667
48,403,,1,9484,1.0544074230282581e-4,0,0.011302867614553876
48,405,,262,7487,0.03499398958194203,0.014107969849174375,0.05588000931470969
48,407,,1183,26978,0.04385054488842761,0.030540669276663657,0.05716042050019156
48,409,,2200,65557,0.03355858260750187,0.023096251434691913,0.04402091378031183
48,411,,252,5439,0.04633204633204633,0.01799057149105895,0.0746735211730337
48,413,,92,2174,0.04231830726770929,0.001812159609116737,0.08282445492630185
48,415,,525,15424,0.034037863070539416,0.017584909256156394,0.050490816884922435
48,417,,7,3023,0.002315580549123387,0,0.02577939528600195
48,419,,558,22583,0.02470885179117035,0.015012903895019443,0.034404799687321255
48,421,,307,2112,0.14535984848484848,0.07403529700400888,0.21668439996568808
48,423,,8846,226586,0.03904036436496518,,
48,425,,144,9240,0.015584415584415584,0,0.03184335919446662
48,427,,13409,60126,0.2230150018294914,0.20361845465013476,0.24241154900884807
48,429,,283,8869,0.031908896155147144,0.0048190368023903925,0.0589987555079039
48,431,,48,1350,0.035555555555555556,0,0.09549717346343731
48,433,,3,1161,0.002583979328165375,0,0.06242403138014164
48,435,,114,3082,0.03698896820246593,8.649321526803394e-4,0.07311300425225152
48,437,,71,6528,0.010876225490196078,0,0.02935216637367929
48,439,,117463,2028780,0.05789834284643973,,
48,441,,2253,136019,0.01656386240157625,0.01221558916258832,0.02091213564056418
48,443,,7,835,0.008383233532934131,0,0.09268603135569399
48,445,,771,10781,0.07151470179018644,0.0453813401561972,0.09764806342417569
48,447,,15,1537,0.009759271307742356,0,0.05414499749308313
48,449,,2735,29190,0.09369647139431313,0.07984848628544008,0.10754445650318617
48,451,,2346,112209,0.02090741384380932,0.015647345507812244,0.026167482179806398
48,453,,64545,1255476,0.05141077965648089,0.04747272377583925,0.055348835537122526
48,455,,140,13409,0.010440748750838988,0,0.02175860299062653
48,457,,126,19465,0.006473156948368867,0,0.013632307022322557
48,459,,519,40037,0.012963009216474761,0.005361776199386393,0.02056424223356313
48,461,,36,3085,0.011669367909238249,0,0.037147492565568006
48,463,,1476,23067,0.06398751463129146,0.041378831519881976,0.08659619774270094
48,465,,4710,44094,0.10681725404816982,0.08873655391824622,0.1248979541780934
48,467,,1136,59097,0.019222633974651845,0.010145939799814116,0.028299328149489572
48,469,,2059,85426,0.02410273218926322,0.016371229111958138,0.031834235266568305
48,471,,1709,77060,0.022177524007267066,0.013802287043965503,0.03055276097056863
48,473,,3387,57774,0.05862498701838197,0.047169479832162214,0.07008049420460173
48,475,,515,10299,0.05000485484027575,0.02539347509177361,0.07461623458877789
48,477,,844,34861,0.02421043573047245,0.012261682604026169,0.036159188856918725
48,479,,43284,247515,0.1748742500454518,0.16506821915307712,0.18468028093782646
48,481,,1563,38976,0.040101600985221676,0.028144111254103925,0.05205909071633943
48,483,,119,4656,0.025558419243986254,0.004918596230432767,0.04619824225753974
48,485,,2278,122125,0.018653019447287617,0.014927630740652995,0.02237840815392224
48,487,,262,11744,0.02230926430517711,0.00426390288540569,0.04035462572494854
48,489,,1378,18986,0.07257979563889182,0.05268709302714507,0.09247249825063857
48,491,,20739,632207,0.03280412902735971,0.029325715070104987,0.03628254298461444
48,493,,1208,49966,0.024176439979185848,0.01639730027394823,0.03195557968442347
48,495,,693,6933,0.09995672868887927,0.058038277755862525,0.141875179621896
48,497,,2341,70642,0.03313892585147646,0.02579209059131107,0.040485761111641844
48,499,,682,44956,0.015170388824628525,0.007738381965940822,0.022602395683316227
48,501,,832,6803,0.1222989857415846,0.07039533335239688,0.1742026381307723
48,503,,614,17065,0.03598007617931439,0.01889913142949664,0.05306102092913214
48,505,,2357,12817,0.1838963876102052,0.13906751962491282,0.22872525559549756
48,507,,516,8741,0.059032147351561606,0.028379679944943743,0.08968461475817947
49,000,,76923,3156873,0.02436683388910482,0.02336566029945976,0.025368007478749878
49,001,,215,6777,0.031724952043677146,0.005555153500961297,0.057894750586393
49,003,,535,56780,0.009422331806974287,0.0050385829248127895,0.013806080689135785
49,005,,1986,129635,0.015319936745477688,0.011472135154747277,0.0191677383362081
49,007,,43,19264,0.002232142857142857,0,0.008405432791888802
49,009,,7,742,0.009433962264150943,0,0.09764966162871373
49,011,,3281,344954,0.009511413115951693,,
49,013,,127,18614,0.006822821532180079,0.001020089793764679,0.01262555327059548
49,015,,72,9446,0.007622273978403557,0,0.018129505824973566
49,017,,60,4932,0.012165450121654502,0,0.03170360266206517
49,019,,56,9295,0.006024744486282948,0,0.02144105215723155
49,021,,647,58236,0.011109966343842297,0.005599663937198296,0.0166202687504863
49,023,,26,11635,0.0022346368715083797,0,0.010710208477747162
49,025,,4,7781,5.140727412928929e-4,0,0.011242875656619435
49,027,,251,12390,0.020258272800645682,0.00632296270071327,0.0341935829005781
49,029,,26,12034,0.0021605451221538975,0,0.01045852034990108
49,031,,7,1638,0.004273504273504274,0,0.04135531626304528
49,033,,0,2454,0,0,0.0252475333368014
49,035,,43960,1120505,0.039232310431457244,,
49,037,,371,13643,0.02719343252950231,0.01772399522752606,0.03666286983147856
49,039,,428,27981,0.015296093777920731,0.006507373611933679,0.024084813943907782
49,041,,87,20666,0.004209813219781283,0,0.009878167812911521
49,043,,702,40816,0.017199137593100745,0.011161899640096392,0.0232363755461051
49,045,,770,73616,0.010459682677678765,0.007118048292430476,0.013801317062927055
49,047,,345,34324,0.010051276075049529,0.00247682234796528,0.017625729802133776
49,049,,13902,645521,0.021536092551597857,,
49,051,,942,34423,0.02736542428027772,0.017001676440692122,0.03772917211986332
49,053,,2746,184699,0.014867432958489218,0.010373650610654046,0.01936121530632439
49,055,,6,2435,0.0024640657084188913,0,0.026629633165858195
49,057,,5321,251637,0.02114553901055886,0.018165872371331,0.02412520564978672
50,000,,2704,619410,0.0043654445359293526,0.0034901523885354268,0.005240736683323278
50,001,,141,36169,0.003898366004036606,5.069157221444303e-4,0.007289816285928782
50,003,,155,35646,0.004348313976322729,8.041290971986565e-4,0.007892498855446801
50,005,,40,29227,0.001368597529681459,0,0.004904038772135869
50,007,,1538,162530,0.009462868393527349,0.006539379207242123,0.012386357579812574
50,009,,25,5751,0.004347070074769605,0,0.016496693380620264
50,011,,59,47783,0.0012347487600192536,0,0.0034202626642093168
50,013,,0,7149,0,0,0.009999910715082902
50,015,,34,24940,0.00136327185244587,0,0.004761290614242785
50,017,,50,28533,0.0017523569200574773,0,0.005044647784059815
50,019,,106,26301,0.004030265008935022,4.2882849639325725e-4,0.0076317015214767865
50,021,,191,58009,0.0032925925287455395,6.405011286741021e-4,0.005944683928816977
50,023,,92,57569,0.0015980823012385138,0,0.0034660681071769497
50,025,,170,44188,0.003847198334389427,9.522097923521464e-5,0.00759917568954364
50,027,,103,55615,0.0018520183403757978,0,0.004029677113780739
51,000,,226148,8215710,0.027526288050576275,0.02682130061202747,0.02823127548912508
51,001,,1487,31638,0.0470004425058474,0.03458672688754602,0.05941415812414878
51,003,,2112,109260,0.019330038440417353,0.01366500169190335,0.024995075188931355
51,005,,25,14320,0.0017458100558659217,0,0.009131824260860275
51,007,,105,12762,0.008227550540667606,0,0.02324504687197828
51,009,,103,30072,0.0034251130619845703,0,0.00807176525010654
51,011,,48,15617,0.0030735736697188962,0,0.010523514874409067
51,013,,9892,224449,0.044072372788473105,0.03847165494527674,0.04967309063166947
51,015,,411,74769,0.005496930546081932,0.002721858320036009,0.008272002772127855
51,017,,0,3885,0,0,0.01594786275637339
51,019,,355,77355,0.004589231465322216,0.0017631564921586225,0.007415306438485808
51,021,,0,5997,0,0,0.015099748455788178
51,023,,84,32581,0.002578189742487953,0,0.0068347847369594275
51,025,,24,15201,0.0015788434971383462,0,0.007657389686367535
51,027,,23,18592,0.0012370912220309811,0,0.006422129855650177
51,029,,68,16215,0.004193647856922602,0,0.010055059568041334
51,031,,749,52730,0.014204437701498198,0.006045580468854251,0.022363294934142144
51,033,,576,30281,0.01902182886958819,0.00781307540659764,0.03023058233257874
51,035,,215,27901,0.007705816995806602,2.4718161125265956e-4,0.015164452380360544
51,036,,28,6391,0.004381161007667032,0,0.018054417142524246
51,037,,55,10783,0.005100621348418807,0,0.015338149282995732
51,041,,11317,355705,0.0318156899678104,0.027852479205943387,0.03577890072967742
51,043,,214,14588,0.014669591445023307,0.0053467231861048965,0.023992459703941718
51,045,,19,4538,0.004186866460996034,0,0.018449334153501397
51,047,,2020,50995,0.03961172663986665,0.025908249068700866,0.05331520421103244
51,049,,0,9364,0,0,0.009670353640470067
51,051,,6,13123,4.5721252762325685e-4,0,0.007935462167531607
51,053,,374,26937,0.013884248431525411,0.0037326659205244254,0.0240358309425264
51,057,,167,10042,0.0166301533559052,0.0013956179220394483,0.03186468878977095
51,059,,63013,1081508,0.05826401653986841,0.055520137855765955,0.06100789522397086
51,061,,1750,70389,0.02486183920783077,0.018407802004722553,0.031315876410938984
51,063,,42,14937,0.0028118096003213497,0,0.010398965488761777
51,065,,73,26637,0.002740548860607426,0,0.0070451402454413895
51,067,,184,52525,0.0035030937648738696,0,0.007135046596254935
51,069,,1996,89752,0.022239058739638114,0.01501883233592758,0.029459285143348647
51,071,,86,15777,0.005450972935285542,0,0.012452010217876827
51,073,,28,37596,7.447600808596659e-4,0,0.004104400425076421
51,075,,187,25375,0.007369458128078818,9.368312739514023e-4,0.013802084982206234
51,077,,172,14760,0.011653116531165311,0.0017764005168318681,0.021529832545498756
51,079,,318,19841,0.01602741797288443,0.005581840734177569,0.026472995211591292
51,081,,59,10863,0.0054312804934180245,0,0.01726182967989114
51,083,,79,31935,0.0024737748551745733,0,0.006484190347872434
51,085,,592,107271,0.005518732928750548,0.003036634302625001,0.008000831554876095
51,087,,7628,316625,0.024091590998815634,0.0205900402082098,0.027593141789421467
51,089,,616,47859,0.012871142313880356,0.006986452860819557,0.018755831766941157
51,091,,2,2228,8.976660682226212e-4,0,0.027870927466195503
51,093,,393,38067,0.01032390259279691,0.0038929786434501786,0.016754826542143643
51,095,,614,77096,0.007964096710594584,0.0039056026114597277,0.01202259080972944
51,097,,0,6381,0,0,0.014191065897094764
51,099,,240,26469,0.009067210699308626,0.0013770429887681786,0.016757378409849075
51,101,,93,17375,0.005352517985611511,0,0.013718321250308103
51,103,,70,10609,0.00659817136393628,0,0.017018660863655062
51,105,,111,20961,0.005295548876484901,0,0.01162277924295035
51,107,,18339,406200,0.045147710487444606,0.040966750065356806,0.049328670909532406
51,109,,491,37869,0.012965750349890412,0.006278220101305163,0.01965328059847566
51,111,,151,11520,0.01310763888888889,0.0029889849369195334,0.023226292840858247
51,113,,81,13326,0.006078343088698784,0,0.013467492568099816
51,115,,56,8253,0.006785411365564037,0,0.021999856481035227
51,117,,47,29012,0.001620019302357645,0,0.005972152419960099
51,119,,58,10467,0.005541224801757906,0,0.015449228173712306
51,121,,574,95410,0.006016140865737344,0.0036720348865318547,0.008360246844942834
51,125,,57,13923,0.004093945270415859,0,0.01203643218022327
51,127,,244,23851,0.010230179028132993,0.0014631478077915035,0.018997210248474485
51,131,,250,11582,0.021585218442410636,0.007636864249607085,0.035533572635214186
51,133,,37,11697,0.0031632042404035224,0,0.011911510020182271
51,135,,76,14827,0.005125784042624941,0,0.012642691647518172
51,137,,111,35588,0.003119028886141396,0,0.0077951056162946855
51,139,,174,22585,0.0077042284702236,0,0.015748362203886763
51,141,,89,16781,0.005303617186103331,0,0.013615074205037105
51,143,,356,57407,0.0062013343320500985,0.0025466670989274433,0.009856001565172754
51,145,,225,30121,0.007469871518209887,0,0.016751739622289923
51,147,,125,21040,0.00594106463878327,0,0.012628859158342342
51,149,,267,41148,0.006488772236803733,0.0021508508519010898,0.010826693621706376
51,153,,27625,455961,0.06058632207579157,0.05607766270466265,0.0650949814469205
51,155,,41,32163,0.0012747567080185307,0,0.004978918688443841
51,157,,38,7205,0.00527411519777932,0,0.019008770847924128
51,159,,82,8637,0.009494037281463471,0,0.02042067963157187
51,161,,792,92785,0.00853586247777119,0.00531825354723545,0.011753471408306931
51,163,,51,21792,0.002340308370044053,0,0.0073352671975422685
51,165,,1872,80750,0.02318266253869969,0.017039710334268633,0.029325614743130744
51,167,,13,24307,5.348253589500967e-4,0,0.005191311775257749
51,169,,27,20659,0.0013069364441647708,0,0.006920614951263009
51,171,,886,42379,0.020906581089690648,0.01444206128497691,0.027371100894404386
51,173,,197,28072,0.007017668851524651,0.002116000934952909,0.011919336768096391
51,175,,32,17187,0.0018618723453773202,0,0.007481046621996305
51,177,,2414,138155,0.017473128008396368,0.012744623304193653,0.022201632712599083
51,179,,4396,153520,0.02863470557582074,0.022887531449346105,0.03438187970229538
51,181,,55,6243,0.00880986705109723,0,0.023388080276725523
51,183,,0,10311,0,0,0.009706634311218963
51,185,,111,37869,0.002931157411075022,0,0.006562833235354718
51,187,,415,39150,0.010600255427841635,0.005403329389494683,0.015797181466188588
51,191,,146,51698,0.002824093775387829,1.4811890192776688e-5,0.005633375660582881
51,193,,258,17912,0.014403751674854847,6.232281883302923e-5,0.028745180530876664
51,195,,169,33792,0.005001183712121212,5.51648150950673e-4,0.00945071927329175
51,197,,223,26798,0.00832151653108441,0.002831835984825056,0.013811197077343764
51,199,,729,67411,0.0108142588004925,0.006428686536222815,0.015199831064762186
51,510,,7919,146717,0.05397465869667455,0.045075460365117295,0.06287385702823181
51,520,,50,16053,0.0031146826138416495,0,0.00969453660379632
51,530,,0,6271,0,0,0.014439992264289856
51,540,,861,43121,0.019967069409336517,0.012344021467735087,0.027590117350937946
51,550,,3219,237283,0.013566079323002491,0.00991460656011868,0.017217552085886302
51,570,,367,17273,0.021247032941585132,0.0104678505007501,0.03202621538242016
51,580,,85,5348,0.015893792071802543,0,0.03384316551183275
51,590,,459,39715,0.011557346090897645,0.004555990101798916,0.018558702079996374
51,595,,72,5221,0.013790461597395135,0,0.03714145243070664
51,600,,1757,22839,0.07692981303909978,0.05135693892960936,0.1025026871485902
51,610,,414,13929,0.02972216239500323,0.011970374166890365,0.0474739506231161
51,620,,4,7619,5.25003281270508e-4,0,0.012118528316105439
51,630,,995,27224,0.03654863355862474,0.0175448855601921,0.055552381557057384
51,640,,124,6209,0.019971009824448382,0,0.04000041494688325
51,650,,1335,129317,0.01032346868547832,0.00705670639682471,0.013590230974131931
51,660,,3849,48636,0.07913890944979028,0.06257866042554322,0.09569915847403734
51,670,,168,21187,0.007929390664086468,5.611653406530481e-4,0.015297615987519888
51,678,,69,7284,0.009472817133443162,0,0.027738530765732718
51,680,,549,74719,0.007347528741016341,0.0035457570366928676,0.011149300445339815
51,683,,5609,39612,0.14159850550338282,0.11993583021246622,0.1632611807942994
51,685,,1788,15814,0.1130643733400784,0.08355438269742563,0.14257436398273118
51,690,,276,12732,0.021677662582469368,0.009739244338491049,0.03361608082644769
51,700,,2326,171594,0.013555252514656689,0.010502761700595144,0.016607743328718234
51,710,,2891,218622,0.013223737775704184,0.010373020838975608,0.01607445471243276
51,720,,11,3380,0.003254437869822485,0,0.022622775527007935
51,730,,581,30861,0.018826350409902465,0.010491996998709566,0.027160703821095363
51,735,,27,12039,0.00224271118863693,0,0.010567292907898448
51,740,,586,90407,0.0064817989757430285,0.0037909085978391614,0.009172689353646896
51,750,,51,16114,0.003164949733151297,0,0.011363408645631205
51,760,,7348,215961,0.034024661860243284,0.02824549116518709,0.03980383255529948
51,770,,2316,91998,0.02517446031435466,0.01870653663379883,0.03164238399491049
51,775,,113,24352,0.004640275952693824,0,0.011113651748058149
51,790,,172,24458,0.007032463815520484,7.572415026334016e-4,0.013307686128407565
51,800,,1178,92578,0.012724405366285727,0.008848855892526545,0.01659995484004491
51,810,,5406,429896,0.012575134451123062,0.010621268041202146,0.01452900086104398
51,820,,413,21363,0.019332490755043768,0.009613195597146035,0.0290517859129415
51,830,,248,15403,0.01610075959228722,0.0036858377933988284,0.028515681391175607
51,840,,1309,26271,0.049826805222488675,0.03204536308668059,0.06760824735829676
53,000,,273552,7383546,0.03704886513878291,0.03617313268255196,0.037924597595013855
53,001,,3179,19013,0.16720138852364172,0.13346378251151667,0.20093899453576677
53,003,,106,21202,0.004999528346382417,0,0.010932393826206251
53,005,,8278,199459,0.041502263623100485,0.03548574514592502,0.04751878210027595
53,007,,5456,75767,0.07201024192590441,0.061546221050133826,0.082474262801675
53,009,,403,74865,0.005383022774327122,0.002686775203743109,0.008079270344911134
53,011,,13337,488067,0.027326166284547,,
53,013,,6,3852,0.001557632398753894,0,0.016808558336874946
53,015,,1433,105970,0.013522695102387468,0.008615328024821392,0.018430062179953542
53,017,,3804,41649,0.09133472592379169,0.07593859422919905,0.10673085761838433
53,019,,47,7074,0.006644048628781454,0,0.019554058293686644
53,021,,10109,91065,0.111008620216329,0.09731264829105296,0.12470459214160504
53,023,,31,2255,0.013747228381374724,0,0.047721843244807355
53,025,,9840,94594,0.10402351100492632,0.09196339651016194,0.1160836254996907
53,027,,2092,73435,0.028487778307346633,0.02201578533425134,0.03495977128044192
53,029,,837,82697,0.010121286140972467,0.00601884047227656,0.014223731809668374
53,031,,99,32769,0.0030211480362537764,0,0.006991076158458809
53,033,,104265,2167896,0.04809501931826988,,
53,035,,2492,263413,0.00946042906006917,,
53,037,,444,45217,0.009819315744078554,0.004242284533441345,0.015396346954715763
53,039,,586,22368,0.026198140200286123,0.013826666715914336,0.03856961368465791
53,041,,1203,80342,0.014973488337357796,0.010991734176513439,0.018955242498202154
53,043,,37,10896,0.003395741556534508,0,0.01216770449757301
53,045,,1450,64482,0.022486895567755343,0.01621252119221244,0.028761269943298244
53,047,,3193,41120,0.07765077821011673,0.06247413984100624,0.09282741657922722
53,049,,238,23190,0.01026304441569642,0.0025674711055604076,0.017958617725832432
53,051,,4,13472,2.969121140142518e-4,0,0.0075167191161180135
53,053,,22815,874062,0.026102267344879426,,
53,055,,148,18012,0.008216744392627137,0.0015800012441944903,0.014853487541059784
53,057,,4051,124349,0.032577664476594104,0.027333511919481128,0.03782181703370708
53,059,,95,11957,0.007945136739984947,0,0.016502059325572402
53,061,,31167,793873,0.039259428145307876,,
53,063,,5734,518722,0.011054090630434029,,
53,065,,85,45723,0.0018590206241935131,0,0.004551919987172637
53,067,,4441,283240,0.015679282587205197,,
53,069,,1,4486,2.2291573785109228e-4,0,0.01361935708130348
53,071,,2652,59136,0.044845779220779224,0.03497756320864119,0.054713995232917256
53,073,,4155,219978,0.018888252461609797,0.015112742051940777,0.022663762871278817
53,075,,246,45065,0.005458781759680461,0.0017011375552821516,0.00921642596407877
53,077,,24993,238814,0.10465466848677213,,
54,000,,4198,1690312,0.0024835651643010286,0.0020966077778922457,0.0028705225507098114
54,001,,2,14687,1.3617484850548105e-4,0,0.006428497557590109
54,003,,660,121644,0.0054256683436914276,0.002864704733835409,0.007986631953547447
54,005,,80,19970,0.00400600901352028,0,0.009775538685478612
54,007,,0,11724,0,0,0.008130258353477499
54,009,,120,20919,0.00573641187437258,3.404886559709346e-4,0.011132335092774226
54,011,,256,87987,0.0029095207246525056,8.975506299842826e-4,0.004921490819320728
54,013,,0,5793,0,0,0.014808775080710025
54,015,,0,7453,0,0,0.011510429899711952
54,017,,0,7424,0,0,0.0115553925165077
54,019,,0,37625,0,0,0.0034200890648193962
54,021,,73,7024,0.010392938496583144,0,0.023864467778832284
54,023,,0,10398,0,0,0.00916706567957013
54,025,,18,30765,5.850804485616773e-4,0,0.0044720633794496
54,027,,28,22326,0.0012541431514825764,0,0.006126123787093373
54,029,,13,27251,4.770467138820594e-4,0,0.004625183449589779
54,031,,120,13469,0.00890934739030366,0,0.019040216017223523
54,033,,189,61556,0.0030703749431412047,6.396548455298127e-4,0.005501095040752597
54,035,,70,26178,0.002674001069600428,0,0.008082800518656586
54,037,,553,56319,0.009819066389673113,0.003678443677438922,0.015959689101907305
54,039,,187,168010,0.001113028986369859,2.544846487639754e-4,0.0019715733239757424
54,041,,0,15797,0,0,0.006034003224420472
54,043,,27,18897,0.0014287982219399905,0,0.007109059592472903
54,045,,15,29844,5.026135906714917e-4,0,0.004458507543827935
54,047,,91,17224,0.005283325592196935,0,0.011314339161645742
54,049,,66,53213,0.0012402984233176103,0,0.003981611589184094
54,051,,18,28583,6.297449532939159e-4,0,0.004343710691393222
54,053,,5,23749,2.1053518042864962e-4,0,0.004895733504454906
54,055,,181,55536,0.0032591472198213772,0,0.007096478428012714
54,057,,34,25566,0.0013298912618321208,0,0.006293646201087332
54,059,,0,21267,0,0,0.00537842566997716
54,061,,476,102307,0.00465266306313351,0.0020547268712540227,0.007250599255012998
54,063,,0,11721,0,0,0.008132339300074242
54,065,,11,16737,6.572265041524765e-4,0,0.00611468323604992
54,067,,24,23144,0.0010369858278603526,0,0.005997413269965524
54,069,,168,39523,0.00425068947195304,0,0.008885343550824359
54,071,,16,5760,0.002777777777777778,0,0.017596505388074453
54,073,,0,7121,0,0,0.012047076821029795
54,075,,0,7415,0,0,0.011569417942353766
54,077,,76,32624,0.002329573320255027,0,0.006274272245159977
54,079,,59,54463,0.0010833042616087986,0,0.003587149693978655
54,081,,83,69464,0.001194863526430957,0,0.0031546198396295634
54,083,,54,26226,0.002059025394646534,0,0.0067311942518301126
54,085,,62,7889,0.007859044238813537,0,0.020100983950271795
54,087,,9,13191,6.822833750284285e-4,0,0.00800704235626906
54,089,,38,11307,0.0033607499778898027,0,0.01207643799066747
54,091,,0,15684,0,0,0.006077476978842782
54,093,,0,6409,0,0,0.01338543205532114
54,095,,3,7682,3.9052330122363966e-4,0,0.011230994225646196
54,097,,48,22602,0.002123705866737457,0,0.007614535089034328
54,099,,4,36265,1.1029918654349924e-4,0,0.003561646406516238
54,101,,0,7771,0,0,0.011039407288965793
54,103,,20,13242,0.0015103458692040477,0,0.008079356107391997
54,105,,28,4807,0.005824838776783857,0,0.025998103660439337
54,107,,106,79139,0.0013394154588761546,0,0.003116492781433547
54,109,,107,19621,0.005453340808317619,0,0.014169464010585624
55,000,,81719,5598986,0.014595321367118975,0.014044642609975906,0.015146000124262045
55,001,,150,20509,0.007313862206836023,0.0025422230132385645,0.012085501400433482
55,003,,34,15281,0.0022249852758327335,0,0.00665636514601977
55,005,,205,44440,0.004612961296129613,0.002033798493144689,0.007192124099114536
55,007,,31,15936,0.0019452811244979919,0,0.005492585458192523
55,009,,5031,255324,0.01970437561686328,0.016370531041140578,0.02303822019258598
55,011,,91,12758,0.007132779432512933,0.0013410038485148499,0.012924555016511016
55,013,,48,16363,0.002933447411843794,0,0.006944943417767492
55,015,,323,50390,0.006410001984520739,0.0028226889424077667,0.00999731502663371
55,017,,456,63349,0.007198219387835641,0.003677597779636998,0.010718840996034283
55,019,,784,31900,0.02457680250783699,0.019689885387527348,0.02946371962814663
55,021,,226,55372,0.004081485227190638,0.0017232400265299393,0.006439730427851337
55,023,,80,15247,0.005246933823047157,0,0.01117313211782212
55,025,,7953,543810,0.014624593148342252,0.012612496086645393,0.01663669021003911
55,027,,719,84721,0.008486679807839851,0.00543107590985032,0.011542283705829381
55,029,,140,29282,0.004781094187555495,5.171722176581586e-4,0.009045016157452831
55,031,,196,42197,0.004644879967770221,0.0021334538871899977,0.007156306048350445
55,033,,273,43394,0.006291192330736968,0.003816686172522656,0.008765698488951281
55,035,,879,101619,0.008649957193044608,0.004896361622471395,0.01240355276361782
55,037,,3,4483,6.691947356680794e-4,0,0.010659816199801692
55,039,,1236,98863,0.012502149439122827,0.008859277678317866,0.01614502119992779
55,041,,17,8863,0.0019180864267178156,0,0.008362510300468919
55,043,,148,48835,0.0030306132896488177,0.0011448394497993713,0.004916387129498264
55,045,,360,35164,0.010237743146399726,0.005902084432472358,0.014573401860327094
55,047,,152,18230,0.008337904552934722,0.003667703251777177,0.013008105854092268
55,049,,37,22603,0.0016369508472326682,0,0.004962515052836497
55,051,,20,5985,0.003341687552213868,0,0.014283797824748062
55,053,,121,19887,0.006084376728516116,0.0022448071665295316,0.009923946290502701
55,055,,1332,81937,0.01625639210613032,0.011743176105425197,0.020769608106835445
55,057,,176,25438,0.006918782923185785,0.002696016026367808,0.011141549820003762
55,059,,2645,159610,0.016571643380740554,0.011861213096974403,0.021282073664506705
55,061,,181,19589,0.009239879524222777,0.003600675393050006,0.014879083655395548
55,063,,802,114821,0.00698478501319445,0.004698797116159595,0.009270772910229305
55,065,,475,15732,0.030193236714975844,0.017799791828872896,0.04258668160107879
55,067,,22,18494,0.0011895749972964205,0,0.004930149480235017
55,069,,156,27046,0.005767950898469275,8.125306149073122e-4,0.010723371182031236
55,071,,886,77481,0.01143506149894813,,
55,073,,1883,130733,0.014403402354417017,,
55,075,,229,40112,0.005709014758675708,0.0023080699124392473,0.00910995960491217
55,077,,80,15048,0.00531632110579479,7.492166518695102e-5,0.01055772054640263
55,078,,2,3914,5.10986203372509e-4,0,0.012363730484171005
55,079,,31960,866870,0.03686827321282315,0.03471354942904371,0.03902299699660259
55,081,,459,43295,0.010601686106940756,0.007195221886030433,0.014008150327851078
55,083,,53,37675,0.001406768414067684,0,0.004052554947392992
55,085,,50,36646,0.0013644053921301096,0,0.003651467972758778
55,087,,2010,181730,0.011060364276674187,,
55,089,,595,88312,0.006737476220672162,0.003931322991220065,0.009543629450124259
55,091,,48,7022,0.006835659356308744,0,0.015432547308690007
55,093,,79,40434,0.001953801256368403,0,0.004213399234412281
55,095,,97,43494,0.002230192670253368,2.711629927632394e-4,0.004189222347743497
55,097,,758,67694,0.01119744733654386,0.006715422237217549,0.01567947243587017
55,099,,31,13600,0.0022794117647058822,0,0.007403631363031461
55,101,,2444,186314,0.013117640112927638,0.009296252236002703,0.01693902798985257
55,103,,167,16335,0.01022344658708295,0.0033908300044608267,0.017056063169705073
55,105,,2078,155111,0.013396857734138777,,
55,107,,26,13509,0.0019246428307054557,0,0.0072583525530392195
55,109,,453,90656,0.004996911401341334,0.002998236388783578,0.00699558641389909
55,111,,774,62326,0.012418573308089723,0.008463655961473051,0.016373490654706394
55,113,,45,17738,0.0025369263727590486,0,0.006207465679379699
55,115,,148,38818,0.0038126642279354937,0.0010962685124259984,0.006529059943444989
55,117,,1518,111877,0.013568472518927037,,
55,119,,222,18896,0.011748518204911093,0.006269631354640428,0.017227405055181756
55,121,,1034,28628,0.03611848539891016,0.027646878798631966,0.044590091999188355
55,123,,391,28922,0.013519120392780581,0.009228214783344273,0.01781002600221689
55,125,,17,22747,7.473512990724051e-4,0,0.0042190867403287206
55,127,,2209,101006,0.021869987921509612,0.017429277008099542,0.026310698834919682
55,129,,45,16220,0.0027743526510480886,0,0.00694596675255661
55,131,,416,131227,0.0031700793281870345,0.0017821465591033032,0.004558012097270766
55,133,,3016,391198,0.0077096508673357225,,
55,135,,157,49024,0.003202513054830287,7.599754163978858e-4,0.005645050693262689
55,137,,171,23839,0.007173119677838836,0.0030507034524993237,0.011295535903178347
55,139,,1241,163001,0.007613450224231753,,
55,141,,425,70062,0.006066055779167023,0.0032739300015773073,0.00885818155675674
56,000,,4139,551114,0.0075102428898558195,0.0062538819050239345,0.008766603874687705
56,001,,179,36801,0.004863998260916823,0,0.009730366102086711
56,003,,143,11195,0.012773559624832514,0.0015357324781241442,0.024011386771540882
56,005,,305,44195,0.00690123317117321,0.001958769966013416,0.011843696376333004
56,007,,207,13678,0.015133791489983915,0.0034111572953706027,0.02685642568459723
56,009,,77,12860,0.00598755832037325,0,0.016318459326847827
56,011,,45,6980,0.0064469914040114614,0,0.01974957671001186
56,013,,105,37245,0.002819170358437374,0,0.0061267544753067634
56,015,,45,11904,0.003780241935483871,0,0.013008179770856623
56,017,,7,4386,0.0015959872321021432,0,0.014493267109439302
56,019,,0,8286,0,0,0.010353274685318993
56,021,,611,95366,0.006406895539290733,0.0034824033677207846,0.009331387710860681
56,023,,150,19334,0.007758353160235854,4.3983749720141827e-4,0.015076868823270289
56,025,,325,75411,0.004309716089164711,0.0012267206640469907,0.0073927115142824315
56,027,,3,2306,0.0013009540329575022,0,0.02782385263344682
56,029,,112,28918,0.003873020264195311,0,0.008563327653812038
56,031,,71,8248,0.008608147429679922,0,0.022430891479779964
56,033,,354,30604,0.01156711540975036,0.004349893322670236,0.018784337496830485
56,035,,11,8455,0.0013010053222945004,0,0.011413027251562095
56,037,,325,39248,0.008280676722380758,0.0023290543914550356,0.014232299053306481
56,039,,827,22449,0.03683905741903871,0.02069283480867693,0.052985280029400485
56,041,,191,19423,0.009833702311692323,4.995150992845952e-4,0.01916788952410005
56,043,,30,7338,0.004088307440719542,0,0.015679419233284194
56,045,,16,6484,0.0024676125848241827,0,0.01665031938708307
