statecode,countycode,v067_flag_CT,v067_numerator,v067_denominator,v067_rawvalue,v067_cilow,v067_cihigh
00,000,,109447738,159114094,0.687856966335113,0.6867035163596743,0.6890104163105516
01,000,,1796123,2229079,0.8057691091253383,0.8024934642441689,0.8090447540065077
01,001,,22790,27033,0.8430436873450967,0.8188408568978237,0.8672465177923697
01,003,,89348,112467,0.794437479438413,0.7771336925858685,0.8117412662909576
01,005,,7049,8469,0.8323296729247845,0.7896485990549218,0.8750107467946473
01,007,,6740,7944,0.8484390735146022,0.8158339691316787,0.8810441778975258
01,009,,21514,25492,0.8439510434646164,0.8227783561377828,0.8651237307914499
01,011,,2676,3072,0.87109375,0.8007805213646502,0.9414069786353498
01,013,,6030,7123,0.8465534185034396,0.8159862910529886,0.8771205459538906
01,015,,41650,48933,0.8511638362659146,0.8332230523100576,0.8691046202217717
01,017,,11967,14084,0.8496875887531952,0.8160463402316286,0.8833288372747617
01,019,,8438,9833,0.858130784094376,0.8306529947987495,0.8856085733900025
01,021,,15421,19158,0.8049378849566761,0.7681141139877233,0.8417616559256288
01,023,,3648,4546,0.8024637043554773,0.7533637599251366,0.851563648785818
01,025,,7269,8193,0.8872207982424021,0.8455582746402657,0.9288833218445385
01,027,,4074,5283,0.771152754116979,0.7045720265377102,0.8377334816962478
01,029,,5129,6022,0.8517103952175357,0.8270848953278488,0.8763358951072225
01,031,,19352,23067,0.8389474140547102,0.8142165668445018,0.8636782612649185
01,033,,20703,25608,0.8084582942830365,0.7712526030185413,0.8456639855475317
01,035,,2778,3271,0.8492815652705594,0.7974413428507015,0.9011217876904174
01,037,,3128,3855,0.8114137483787289,0.7463431720792624,0.8764843246781955
01,039,,12465,14702,0.8478438307713236,0.8168445866874324,0.8788430748552148
01,041,,4233,5095,0.8308145240431796,0.7686845878218161,0.892944460264543
01,043,,33098,39801,0.8315871460516068,0.8095720259681775,0.8536022661350361
01,045,,15731,19416,0.8102080758137619,0.780185291631491,0.8402308599960328
01,047,,11029,13459,0.8194516680288283,0.7825808362579139,0.8563224997997427
01,049,,24731,29730,0.8318533467877565,0.8093457985054162,0.8543608950700967
01,051,,34121,40625,0.8399015384615385,0.8119162293055439,0.8678868476175331
01,053,,10899,12093,0.9012651947407592,0.873115766441635,0.9294146230398833
01,055,,36942,42690,0.8653548840477864,0.8471887226195036,0.8835210454760691
01,057,,5424,6098,0.8894719580190227,0.8367166748909636,0.9422272411470818
01,059,,11640,13508,0.8617115783239562,0.8303916690346489,0.8930314876132635
01,061,,9625,11006,0.8745229874613847,0.8524636110406324,0.896582363882137
01,063,,1941,2171,0.8940580377706127,0.8028158620623581,0.9853002134788672
01,065,,4475,5236,0.8546600458365164,0.805822349515281,0.9034977421577519
01,067,,6412,7403,0.8661353505335675,0.8346447519940816,0.8976259490730534
01,069,,39963,47016,0.8499872383869321,0.8374252976738513,0.8625491791000129
01,071,,17629,21074,0.8365284236499952,0.8165749406209257,0.8564819066790648
01,073,,237051,306598,0.7731655131475091,0.7641031472723329,0.7822278790226854
01,075,,4171,5159,0.8084900174452413,0.7603083019017274,0.8566717329887552
01,077,,34948,44112,0.7922560754443235,0.7662800005212244,0.8182321503674227
01,079,,12882,14785,0.8712884680419344,0.8411119365217615,0.9014649995621072
01,081,,66504,84085,0.7909139561158351,0.7768083768154432,0.8050195354162271
01,083,,42141,51340,0.8208219711725749,0.8016064967841875,0.8400374455609624
01,085,,2719,3253,0.8358438364586536,0.7825635654024278,0.8891241075148794
01,087,,5107,7324,0.6972965592572364,0.6577285463852546,0.7368645721292183
01,089,,152148,201016,0.756894973534445,0.7461705831504712,0.7676193639184188
01,091,,6007,7233,0.8304991013410756,0.7297334503750176,0.9312647523071337
01,093,,9290,10824,0.8582779009608278,0.8295423712548456,0.8870134306668099
01,095,,33618,41591,0.8082998725685846,0.7875196615277053,0.829080083609464
01,097,,146233,177251,0.8250052185883295,0.81447142201097,0.8355390151656891
01,099,,5872,6359,0.9234156313885831,0.8075258564222614,1
01,101,,78167,97269,0.8036167741006899,0.7907200153434183,0.8165135328579615
01,103,,44163,53897,0.8193962558212887,0.8037344725551576,0.8350580390874198
01,105,,1728,2027,0.852491366551554,0.6582038870855144,1
01,107,,5817,6451,0.901720663463029,0.8483237772508001,0.955117549675258
01,109,,12151,14197,0.8558850461365077,0.8261498592170009,0.8856202330560146
01,111,,7139,8832,0.8083106884057971,0.7654682632403101,0.8511531135712841
01,113,,18513,23537,0.7865488379997451,0.7567672937040231,0.8163303822954671
01,115,,33675,41974,0.8022823652737409,0.7804519838648385,0.8241127466826432
01,117,,87736,117267,0.7481729727885935,0.733196322636685,0.763149622940502
01,119,,3042,3804,0.7996845425867508,0.7356776936549888,0.8636913915185128
01,121,,26656,31416,0.8484848484848485,0.8269788652502252,0.8699908317194718
01,123,,14301,16936,0.8444142654700048,0.8101996421130698,0.8786288888269397
01,125,,87297,111012,0.7863744460058372,0.7658240660223841,0.8069248259892903
01,127,,21889,25942,0.8437668645439828,0.8252193122666355,0.86231441682133
01,129,,4838,5802,0.8338503964150293,0.7800682791960136,0.887632513634045
01,131,,2734,3361,0.813448378458792,0.7942487064446092,0.8326480504729749
01,133,,7524,9849,0.7639354249162351,0.70134846299519,0.8265223868372802
02,000,,229760,353321,0.6502868496353175,0.6420875738538739,0.658486125416761
02,013,,601,2126,0.28269049858889933,0.22280377172748625,0.3425772254503124
02,016,,1628,3717,0.4379876244283024,0.38931428266031637,0.48666096619628846
02,020,,104338,149225,0.6991991958452002,0.6833751871248877,0.7150232045655127
02,050,,1451,6408,0.22643570536828964,0.19737237217453152,0.25549903856204775
02,060,,264,515,0.512621359223301,0.33583783698452563,0.6894048814620763
02,063,,2295,3489,0.6577815993121238,0.6129941216292224,0.7025690769950251
02,066,,706,1002,0.7045908183632734,0.6275828891700257,0.7815987475565211
02,068,,367,1334,0.27511244377811095,0.1975544889451698,0.3526703986110521
02,070,,617,1766,0.34937712344280863,0.2515685487412499,0.44718569814436737
02,090,,34452,48185,0.7149942928297188,0.6849759794708122,0.7450126061886254
02,100,,577,921,0.6264929424538545,0.5433778677980747,0.7096080171096342
02,105,,343,992,0.34576612903225806,0.26684846802686285,0.4246837900376533
02,110,,10474,16385,0.6392432102532805,0.6006383007026161,0.6778481198039448
02,122,,16074,24378,0.6593650012306178,0.6311182293416581,0.6876117731195776
02,130,,4866,7046,0.6906045983536758,0.6496020129251158,0.7316071837822359
02,150,,4427,6673,0.6634197512363255,0.5914289358344103,0.7354105666382407
02,158,,111,2233,0.04970891177787729,0.03352560935876185,0.06589221419699273
02,164,,239,568,0.42077464788732394,0.0722312792838034,0.7693180164908444
02,170,,34542,48638,0.7101854517044286,0.696068417124764,0.7243024862840932
02,180,,1039,3496,0.29719679633867274,0.2629453163102629,0.3314482763670826
02,185,,1417,5704,0.24842215988779803,0.194836332158849,0.3020079876167471
02,188,,370,2322,0.15934539190353145,0.12684309671972144,0.19184768708734146
02,195,,873,1773,0.49238578680203043,0.42831623104608973,0.5564553425579711
02,198,,1345,2539,0.5297361165813312,0.49190067921435554,0.5675715539483069
02,220,,2765,4555,0.6070252469813392,0.5591531663717157,0.6548973275909626
02,230,,282,698,0.4040114613180516,0.25683265530414956,0.5511902673319536
02,240,,1841,3033,0.606989779096604,0.504199476720717,0.709780081472491
02,275,,465,826,0.562953995157385,0.4916896285503786,0.6342183617643913
02,282,,108,328,0.32926829268292684,0.16484591099390086,0.4936906743719528
02,290,,883,2446,0.36099754701553555,0.29351796456415036,0.42847712946692074
04,000,,2259212,3379754,0.6684545679951854,0.6652353785344087,0.6716737574559621
04,001,,15125,18821,0.8036236119228521,0.7781737050096018,0.8290735188361025
04,003,,34131,46039,0.7413497252329546,0.7232345271999507,0.7594649232659585
04,005,,44800,68933,0.6499064308821609,0.6342045980589889,0.665608263705333
04,007,,12815,19179,0.6681787371604359,0.6253827037416321,0.7109747705792396
04,009,,11514,14690,0.7837985023825732,0.7484834478452442,0.8191135569199022
04,011,,3484,3972,0.877139979859013,0.8164686921390811,0.937811267578945
04,012,,3977,5435,0.731738730450782,0.6786672601912979,0.7848102007102661
04,013,,1448090,2235381,0.6478045577017967,0.6437081676372514,0.651900947766342
04,015,,58039,76463,0.7590468592652656,0.7413093843459542,0.776784334184577
04,017,,26742,34578,0.7733819191393372,0.7487551786941705,0.7980086595845038
04,019,,327541,472862,0.6926777791406372,0.6859232870485995,0.6994322712326749
04,021,,128921,188631,0.683456059714469,0.6682024909748455,0.6987096284540925
04,023,,14079,18547,0.7590985064970076,0.7167727338115845,0.8014242791824308
04,025,,67795,96204,0.7047004282566214,0.6882328141319948,0.721168042381248
04,027,,62159,80019,0.7768030092852948,0.7577572500306506,0.7958487685399389
05,000,,1046829,1326796,0.7889901687976147,0.7854522046334386,0.7925281329617909
05,001,,5850,7052,0.8295519001701644,0.7963281665315958,0.8627756338087331
05,003,,5620,6644,0.8458759783263095,0.8047738989101496,0.8869780577424693
05,005,,10950,14456,0.7574709463198672,0.7201328372268766,0.7948090554128578
05,007,,113449,150868,0.751975236630697,0.7409443519931539,0.7630061212682401
05,009,,12395,16526,0.7500302553551979,0.7343346701775393,0.7657258405328564
05,011,,3392,3795,0.8938076416337286,0.7521713041449867,1
05,013,,1548,1885,0.8212201591511936,0.7714165352855774,0.8710237830168098
05,015,,8288,11733,0.7063837040825024,0.6606689373067911,0.7520984708582137
05,017,,2968,3234,0.9177489177489178,0.8730932787007333,0.9624045567971022
05,019,,7194,9443,0.7618341628719687,0.7214478302395745,0.8022204955043629
05,021,,4792,6012,0.7970725216234198,0.7653571136554718,0.8287879295913678
05,023,,7366,8960,0.8220982142857143,0.7873538896354924,0.8568425389359362
05,025,,2338,2734,0.8551572787125091,0.8164296179286897,0.8938849394963285
05,027,,7732,9572,0.807772670288341,0.7557786453021308,0.8597666952745512
05,029,,6690,8313,0.8047636232407073,0.7762321482828478,0.8332950981985667
05,031,,41823,51322,0.8149136822415338,0.7946717617018711,0.8351556027811965
05,033,,20584,25134,0.8189703190896793,0.7871399968825582,0.8508006412968004
05,035,,14884,19579,0.7602022575208132,0.7322062406007355,0.7881982744408909
05,037,,5366,6576,0.8159975669099757,0.7815409957857042,0.8504541380342472
05,039,,1994,2465,0.8089249492900609,0.750109418270905,0.8677404803092167
05,041,,3122,3666,0.8516093835242772,0.8095855587332567,0.8936332083152977
05,043,,5458,6604,0.8264688067837674,0.789074649632501,0.8638629639350339
05,045,,49535,60581,0.8176656047275549,0.7956613826129566,0.8396698268421532
05,047,,5758,7084,0.8128176171654432,0.7686225083186468,0.8570127260122397
05,049,,3154,4084,0.7722820763956905,0.7039833621014828,0.8405807906898981
05,051,,32542,41603,0.7822032064995312,0.7626897456301731,0.8017166673688894
05,053,,6400,8084,0.7916872835230084,0.7485031161549951,0.8348714508910218
05,055,,16527,19892,0.8308365171928414,0.8019654439606011,0.8597075904250816
05,057,,6241,7236,0.8624930901050304,0.8420285110641725,0.8829576691458882
05,059,,10691,13190,0.810538286580743,0.7800413539439084,0.8410352192175776
05,061,,4068,5114,0.7954634337113805,0.7382550182413233,0.8526718491814377
05,063,,13279,16475,0.8060091047040971,0.7840135888244204,0.8280046205837739
05,065,,3696,4455,0.8296296296296296,0.7639651489737987,0.8952941102854605
05,067,,4718,5592,0.8437052932761088,0.800276065869102,0.8871345206831155
05,069,,20484,24162,0.8477775018624286,0.8359784688563642,0.8595765348684931
05,071,,8429,10114,0.8333992485663437,0.7945597861851461,0.8722387109475414
05,073,,1817,2180,0.8334862385321101,0.76729547014553,0.8996770069186902
05,075,,5359,6461,0.8294381674663365,0.7992356291320716,0.8596407058006014
05,077,,1582,2041,0.7751102400783929,0.5829320617897272,0.9672884183670586
05,079,,3234,3874,0.8347960764068146,0.7974350183557308,0.8721571344578984
05,081,,4277,4840,0.8836776859504132,0.8341905347631055,0.9331648371377209
05,083,,7154,9183,0.7790482413154742,0.7437374194995948,0.8143590631313536
05,085,,28845,35608,0.8100707706133453,0.7849022614699208,0.8352392797567698
05,087,,5867,7447,0.7878340271250168,0.741451014817077,0.8342170394329567
05,089,,4497,6046,0.7437975521005623,0.7016460218016639,0.7859490823994607
05,091,,13302,16218,0.8201997780244173,0.7936288719935135,0.8467706840553212
05,093,,13252,16303,0.8128565294731032,0.7808448004565759,0.8448682584896304
05,095,,2036,2329,0.8741949334478317,0.8060447220666919,0.9423451448289716
05,097,,2526,3039,0.8311944718657454,0.7689745625943412,0.8934143811371495
05,099,,2922,3301,0.8851863071796425,0.8630918069524254,0.9072808074068597
05,101,,2026,2826,0.7169143665958952,0.6565191401218397,0.7773095930699508
05,103,,6912,8301,0.8326707625587279,0.7873200594639619,0.8780214656534938
05,105,,3437,4022,0.8545499751367479,0.7991502898955857,0.9099496603779101
05,107,,3653,4829,0.7564713191136881,0.6354655472528229,0.8774770909745534
05,109,,3188,3898,0.8178553104155978,0.7618261470648191,0.8738844737663765
05,111,,7022,8769,0.8007754590033072,0.7711371474566274,0.8304137705499869
05,113,,5889,7703,0.7645073348046216,0.7249758275614815,0.8040388420477618
05,115,,21784,27333,0.7969853290893791,0.7609194418445822,0.8330512163341761
05,117,,2978,3406,0.8743394010569583,0.8234974384378217,0.9251813636760948
05,119,,141416,185280,0.7632556131260795,0.7485974114378662,0.7779138148142928
05,121,,6013,7339,0.8193214334377981,0.77118025057201,0.8674626163035861
05,123,,6057,7415,0.8168577208361429,0.7654694931983037,0.8682459484739822
05,125,,47506,60113,0.7902783091843695,0.7782591638067556,0.8022974545619833
05,127,,3030,3702,0.8184764991896273,0.7487972044078823,0.8881557939713722
05,129,,2551,2895,0.8811744386873921,0.8411892911133623,0.9211595862614219
05,131,,45481,57621,0.7893129241075303,0.7656545258036713,0.8129713224113893
05,133,,4834,6301,0.7671798127281384,0.7043763640582252,0.8299832613980516
05,135,,4664,5941,0.7850530213768726,0.7316858720936553,0.8384201706600899
05,137,,2848,3978,0.7159376571141277,0.6492507609341286,0.7826245532941268
05,139,,13397,15832,0.8461975745325923,0.8189345727849265,0.873460576280258
05,141,,4201,5635,0.7455190771960958,0.683794194322104,0.8072439600700876
05,143,,96109,126573,0.7593167579183554,0.7471580526363648,0.771475463200346
05,145,,26803,32527,0.824023119254773,0.8027570482804446,0.8452891902291014
05,147,,2031,2477,0.8199434800161486,0.775457366423267,0.8644295936090302
05,149,,7004,8971,0.7807379333407647,0.7265286289743977,0.8349472377071316
06,000,,12076803,18371933,0.657350699025519,0.6562685262389284,0.6584328718121096
06,001,,440471,837261,0.5260856530998099,0.5186404693535308,0.533530836846089
06,003,,498,800,0.6225,0.47728984813454944,0.7677101518654507
06,005,,11744,15901,0.7385699012640714,0.7022238308193971,0.7749159717087457
06,007,,65040,90412,0.7193735344865726,0.7041524637596035,0.7345946052135417
06,009,,13152,18264,0.7201051248357424,0.6759964656338291,0.7642137840376557
06,011,,7524,9163,0.8211284513805522,0.7678433296310507,0.8744135731300537
06,013,,329327,551854,0.5967647240030878,0.5876759964099342,0.6058534515962414
06,015,,6421,9743,0.6590372575182182,0.6018653045449409,0.7162092104914954
06,017,,57098,86589,0.659414013327328,0.6424279011438389,0.6764001255108171
06,019,,307213,419664,0.7320451599374738,0.7229913924880013,0.7410989273869463
06,021,,9099,11965,0.760468031759298,0.7252241607481366,0.7957119027704594
06,023,,38257,56342,0.6790138795214937,0.6508713277149203,0.7071564313280672
06,025,,48101,60888,0.7899914597293392,0.7652794492623807,0.8147034701962976
06,027,,5399,8346,0.6468967169901749,0.5897419250628503,0.7040515089174996
06,029,,279407,356584,0.7835657236443587,0.7748041506804513,0.7923272966082662
06,031,,44530,57785,0.7706152115600935,0.7536919979160217,0.7875384252041653
06,033,,17163,24224,0.7085122192866579,0.6767189293005612,0.7403055092727545
06,035,,6994,9432,0.741518235793045,0.6829355059204597,0.8001009656656303
06,037,,3036426,4687090,0.6478275433157887,0.6456741176311165,0.649980969000461
06,039,,43183,60117,0.7183159505630686,0.6946463334795658,0.7419855676465714
06,041,,63611,122873,0.5176971344396246,0.5007050673401877,0.5346892015390615
06,043,,4590,7435,0.6173503698722259,0.5669647196946929,0.667736020049759
06,045,,25930,36548,0.7094779468096749,0.6917803081572219,0.7271755854621279
06,047,,84446,111073,0.760274774247567,0.7457500384377997,0.7747995100573342
06,049,,2059,3122,0.659513132607303,0.5860617849798052,0.7329644802348009
06,051,,4716,7626,0.6184107002360346,0.5531276899496753,0.6836937105223939
06,053,,132218,188150,0.7027265479670476,0.6919963842260423,0.7134567117080529
06,055,,46234,65795,0.7026977733870355,0.6927840964513668,0.7126114503227042
06,057,,27187,43269,0.6283251288451316,0.6045782698344201,0.6520719878558431
06,059,,1057284,1565842,0.6752175506851905,0.6714371329202311,0.6789979684501499
06,061,,130074,192652,0.6751759649523493,0.6665989017755976,0.6837530281291011
06,063,,5025,6779,0.7412597728278507,0.6826757039681243,0.7998438416875772
06,065,,797104,1087103,0.7332368689995337,0.7286200468550841,0.7378536911439832
06,067,,483360,731947,0.660375682938792,0.6542912074902694,0.6664601583873146
06,069,,23321,31798,0.7334109063463111,0.7056614792610685,0.7611603334315538
06,071,,711594,960759,0.7406581671366076,0.7352226999282088,0.7460936343450064
06,073,,1077507,1635987,0.6586280942330226,0.6541231765233724,0.6631330119426728
06,075,,133460,466388,0.28615659064984517,0.27873502938320693,0.2935781519164834
06,077,,248632,337508,0.7366699456012894,0.7274141719432274,0.7459257192593514
06,079,,89313,126611,0.7054126418715594,0.6902123670893126,0.7206129166538062
06,081,,217918,384595,0.5666168306920267,0.5593119262257067,0.5739217351583468
06,083,,130630,201783,0.6473786196062107,0.6367079622438532,0.6580492769685682
06,085,,581048,970790,0.5985310932333461,0.5932439862621571,0.603818200204535
06,087,,78208,125770,0.6218335056054703,0.6066613433540111,0.6370056678569296
06,089,,57546,74793,0.7694035538085114,0.7528999278354119,0.785907179781611
06,091,,751,1086,0.6915285451197053,0.5421618419221359,0.8408952483172747
06,093,,11719,16184,0.7241102323282254,0.6841979570929971,0.7640225075634536
06,095,,151978,204574,0.7428998797501148,0.7336214625562478,0.7521782969439819
06,097,,164536,237164,0.6937646523081075,0.6835566717011009,0.703972632915114
06,099,,179963,233227,0.7716216390040604,0.7634238423654819,0.779819435642639
06,101,,31593,41859,0.7547480828495664,0.7266613062514067,0.7828348594477261
06,103,,19192,25059,0.7658725408037033,0.7384495995362423,0.7932954820711642
06,105,,3531,5164,0.6837722695584818,0.572008439683658,0.7955360994333056
06,107,,145635,189030,0.7704332645611808,0.7622199012228823,0.7786466278994792
06,109,,15033,20077,0.7487672461025053,0.7179956562401679,0.7795388359648427
06,111,,282114,400814,0.7038526598372312,0.6966615967833226,0.7110437228911398
06,113,,63230,102474,0.6170345648652341,0.5993366421752914,0.6347324875551769
06,115,,27466,35801,0.7671852741543532,0.7411963159612673,0.7931742323474391
08,000,,2001174,3074682,0.650855600676753,0.6481410995507197,0.6535701018027862
08,001,,196434,279791,0.7020740481287818,0.6914359456970912,0.7127121505604724
08,003,,5758,7713,0.7465318293789706,0.6985658964705446,0.7944977622873965
08,005,,231768,353633,0.6553913237735166,0.6470575525214232,0.6637250950256101
08,007,,3693,5783,0.6385958844890195,0.5786632826556857,0.6985284863223533
08,009,,1218,1517,0.8029004614370469,0.7482934438598955,0.8575074790141982
08,011,,1415,1718,0.8236321303841676,0.7720396982661688,0.8752245625021664
08,013,,92212,174583,0.5281843020225337,0.5148517165638271,0.5415168874812404
08,014,,24744,42449,0.5829112582157412,0.5651657470360607,0.6006567693954217
08,015,,5474,9183,0.5961014918871829,0.5275473138349539,0.6646556699394118
08,017,,723,968,0.746900826446281,0.6499342386634717,0.8438674142290903
08,019,,3249,5228,0.6214613618974751,0.5623702153061729,0.6805525084887774
08,021,,2201,3247,0.677856482907299,0.6240792372812745,0.7316337285333236
08,023,,837,1231,0.6799350121852152,0.6129345960959016,0.7469354282745289
08,025,,1011,1456,0.6943681318681318,0.6089090489028907,0.779827214833373
08,027,,1174,2012,0.5834990059642147,0.4664715567927021,0.7005264551357273
08,029,,8827,12363,0.7139852786540484,0.6690541664507795,0.7589163908573172
08,031,,235611,419619,0.5614879211856469,0.5526928861066458,0.5702829562646481
08,033,,931,1302,0.7150537634408602,0.6059812650774075,0.824126261804313
08,035,,127287,205588,0.6191363309142557,0.6065220277715752,0.6317506340569362
08,037,,19695,30797,0.6395103419164204,0.6078599687699121,0.6711607150629287
08,039,,9590,14159,0.6773077194717141,0.6471089147236797,0.7075065242197485
08,041,,262025,378598,0.6920929323451259,0.6831071541922578,0.7010787104979941
08,043,,12664,17739,0.7139072101020351,0.6770368363152156,0.7507775838888545
08,045,,23812,33520,0.710381861575179,0.6837244146412205,0.7370393085091376
08,047,,2232,3370,0.6623145400593472,0.5514216683349763,0.7732074117837181
08,049,,5811,9205,0.6312873438348724,0.5821851877519097,0.680389499917835
08,051,,5404,10024,0.5391061452513967,0.4891489688386061,0.5890633216641872
08,053,,196,453,0.4326710816777042,0.22682603741876844,0.6385161259366399
08,055,,1529,2295,0.6662309368191721,0.5946401681242248,0.7378217055141194
08,057,,317,659,0.48103186646433993,0.3640349201473684,0.5980288127813115
08,059,,205111,318324,0.6443466405297748,0.6346902864139583,0.6540029946455912
08,061,,530,681,0.7782672540381792,0.6806637679262373,0.8758707401501211
08,063,,2563,3366,0.761437908496732,0.7183882312678742,0.8044875857255898
08,065,,2899,4398,0.6591632560254661,0.5922474579256135,0.7260790541253187
08,067,,19117,28910,0.6612590799031477,0.6368304194099547,0.6856877403963407
08,069,,128322,193404,0.6634919650058944,0.6504582769464009,0.6765256530653878
08,071,,3842,5876,0.6538461538461539,0.6089792648820015,0.6987130428103062
08,073,,1704,2121,0.8033946251768034,0.767688286672956,0.8391009636806508
08,075,,6991,9148,0.7642107564494972,0.7226703222589981,0.8057511906399963
08,077,,53140,73797,0.7200834722278684,0.7022005393280554,0.7379664051276814
08,079,,227,328,0.6920731707317073,0.5421342444170156,0.8420120970463989
08,081,,4973,6276,0.7923836838750796,0.7537394918378457,0.8310278759123135
08,083,,8337,11152,0.7475789096126255,0.7102263665084411,0.78493145271681
08,085,,14828,19218,0.7715683213653867,0.744969882024943,0.7981667607058304
08,087,,10054,13469,0.746454822184275,0.7102367990382197,0.7826728453303302
08,089,,5822,7437,0.7828425440365739,0.7379105554514098,0.8277745326217381
08,091,,1396,2343,0.5958173282116944,0.5253218777308536,0.6663127786925352
08,093,,5245,9252,0.5669044530912235,0.507162704761183,0.626646201421264
08,095,,1730,2188,0.7906764168190128,0.721200131393691,0.8601527022443346
08,097,,4485,9715,0.4616572310859496,0.40898468730439996,0.5143297748674992
08,099,,4395,5283,0.8319136854060193,0.7839261070036688,0.8799012638083697
08,101,,56301,71229,0.7904224402981932,0.7752621088321201,0.8055827717642663
08,103,,2308,3062,0.7537557152188112,0.6856880143787218,0.8218234160589006
08,105,,3660,4966,0.7370116794200564,0.6827116140716646,0.7913117447684482
08,107,,9507,14396,0.6603917754931925,0.6274602810251467,0.6933232699612383
08,109,,1735,2845,0.6098418277680141,0.5495473766943935,0.6701362788416347
08,111,,221,427,0.5175644028103045,0.33763134430947994,0.697497461311129
08,113,,1941,5138,0.3777734527053328,0.3272325515469082,0.4283143538637574
08,115,,886,1144,0.7744755244755245,0.7013415845172671,0.8476094644337818
08,117,,10408,18849,0.5521778343678709,0.5046607576308804,0.5996949111048615
08,119,,7866,11753,0.6692759295499021,0.6274072969353647,0.7111445621644396
08,121,,1596,2208,0.7228260869565217,0.6783696177010261,0.7672825562120174
08,123,,127611,177235,0.7200101560075606,0.7106831460459788,0.7293371659691423
08,125,,3581,4541,0.7885928209645453,0.734816264893415,0.8423693770356756
09,000,,1247615,1814693,0.6875074737159398,0.6841183132368527,0.6908966341950269
09,001,U,,,,,
09,003,U,,,,,
09,005,U,,,,,
09,007,U,,,,,
09,009,U,,,,,
09,011,U,,,,,
09,013,U,,,,,
09,015,U,,,,,
09,110,A,342172,490975,0.6969234686083813,0.6902654576033349,0.7035814796134277
09,120,A,102595,160140,0.6406581740976646,0.6271999377510863,0.6541164104442428
09,130,A,66198,92517,0.7155225526119524,0.6997510351214771,0.7312940701024278
09,140,A,166648,224432,0.7425322592143723,0.7304920352093989,0.7545724832193457
09,150,A,38837,48662,0.798097077801981,0.7852070930268057,0.8109870625771564
09,160,A,40983,57332,0.7148363915439894,0.6977779735888289,0.7318948094991499
09,170,A,196215,282730,0.6940013440384819,0.684449283640553,0.7035534044364108
09,180,A,103651,137209,0.7554242068668965,0.7470677241038343,0.7637806896299587
09,190,A,190316,320696,0.5934467533115474,0.5813874222651279,0.6055060843579669
10,000,,345304,481641,0.7169323209610478,0.7093706314222007,0.7244940104998948
10,001,,66476,85817,0.7746250742859806,0.7552806901130897,0.7939694584588715
10,003,,197235,287629,0.6857270998404195,0.6761760447406174,0.6952781549402215
10,005,,81593,108195,0.7541291187208281,0.74045359753197,0.7678046399096862
11,000,,102181,373183,0.27380936430651986,0.2638886662577565,0.28373006235528325
11,001,,102181,373183,0.27380936430651986,0.2638886662577565,0.28373006235528325
12,000,,7266487,10356895,0.7016086384963833,0.6999452176104736,0.7032720593822931
12,001,,91545,134722,0.6795103991924111,0.6618271392890205,0.6971936590958017
12,003,,9228,11983,0.770090962196445,0.720705006327867,0.819476918065023
12,005,,68384,91093,0.7507053231313053,0.7325426597486799,0.7688679865139307
12,007,,7444,10561,0.7048574945554398,0.6604673192535928,0.7492476698572867
12,009,,210550,282236,0.746006887852719,0.7361430786891271,0.7558706970163108
12,011,,690405,990527,0.6970077544579805,0.6907155337542561,0.7032999751617048
12,013,,3717,4467,0.832102081934184,0.7751119052097053,0.8890922586586627
12,015,,51470,71770,0.7171520133760624,0.6909319558581023,0.7433720708940225
12,017,,38936,52359,0.7436352871521611,0.7237496433878968,0.7635209309164254
12,019,,78358,108765,0.7204339631315221,0.7071691227713359,0.7336988034917082
12,021,,113751,164884,0.689885010067684,0.6766178278849715,0.7031521922503965
12,023,,22387,29020,0.771433494141971,0.7401646864997955,0.8027023017841466
12,027,,9145,13102,0.6979850404518394,0.6609287672178705,0.7350413136858083
12,029,,3889,5346,0.7274597830153385,0.68357470284278,0.7713448631878971
12,031,,356690,505254,0.7059617538901226,0.6975063914621061,0.7144171163181391
12,033,,104372,150020,0.6957205705905879,0.6810368944538576,0.7104042467273182
12,035,,33553,49957,0.6716376083431751,0.646568806930384,0.6967064097559662
12,037,,3253,4559,0.7135336696644001,0.6548056279380627,0.7722617113907375
12,039,,12645,15643,0.8083487822029023,0.7763194942620704,0.8403780701437342
12,041,,6091,7404,0.8226634251755808,0.7574210084775681,0.8879058418735934
12,043,,2882,3894,0.7401129943502824,0.7269637279800301,0.7532622607205348
12,045,,3572,5214,0.685078634445723,0.635610548091854,0.734546720799592
12,047,,2807,3909,0.7180864671271425,0.6549594251074475,0.7812135091468375
12,049,,6812,9779,0.6965947438388383,0.6576009725468059,0.7355885151308708
12,051,,12511,18452,0.6780294818989812,0.625352895944519,0.7307060678534433
12,053,,61041,83477,0.7312313571402902,0.7148362866885904,0.7476264275919899
12,055,,26920,35779,0.7523966572570502,0.7237515437106263,0.781041770803474
12,057,,504647,759341,0.6645854760904522,0.6578796502779004,0.6712913019030039
12,059,,6318,7350,0.8595918367346939,0.8128335255184452,0.9063501479509425
12,061,,47391,65773,0.7205236191142262,0.7012347840474252,0.7398124541810273
12,063,,14050,16790,0.8368076235854676,0.8097429075889414,0.8638723395819937
12,065,,4924,6134,0.8027388327355722,0.7521825445657743,0.8532951209053702
12,067,,2175,2710,0.8025830258302583,0.7076386305145643,0.8975274211459523
12,069,,124954,172835,0.7229669916394249,0.7090853863957323,0.7368485968831175
12,071,,248138,350535,0.7078836635428701,0.6983152826140452,0.7174520444716951
12,073,,107652,149964,0.7178522845482916,0.7060299552037431,0.7296746138928402
12,075,,13974,17685,0.7901611535199321,0.7599487244454145,0.8203735825944497
12,077,,2037,2576,0.7907608695652174,0.7290135247099769,0.8525082144204579
12,079,,4565,5849,0.7804752949222089,0.7525918220687067,0.8083587677757111
12,081,,130763,187097,0.6989048461493236,0.6844976465516739,0.7133120457469733
12,083,,114144,152685,0.7475783475783476,0.7304376332045004,0.7647190619521949
12,085,,48297,67479,0.7157337838438625,0.6940868309471367,0.7373807367405883
12,086,,931441,1356445,0.6866780444470657,0.6808323363892445,0.692523752504887
12,087,,27101,42262,0.6412616534948654,0.622674631123493,0.6598486758662379
12,089,,34686,44164,0.7853908160492709,0.7582026402452872,0.8125789918532546
12,091,,81871,106806,0.7665393329962736,0.7521528908309241,0.7809257751616232
12,093,,11624,15713,0.7397696175141603,0.6991746075505896,0.7803646274777309
12,095,,509803,748729,0.6808912169823794,0.673653359914012,0.6881290740507469
12,097,,147006,207664,0.7079031512443178,0.6889272792871188,0.7268790232015168
12,099,,488349,703075,0.6945901930803968,0.688542921847265,0.7006374643135287
12,101,,183238,271014,0.6761200528385988,0.6657154741564231,0.6865246315207745
12,103,,310865,460113,0.6756275088945541,0.6691434066825304,0.6821116111065779
12,105,,259063,345479,0.7498661278977883,0.7415734274647807,0.7581588283307958
12,107,,20257,26322,0.7695843780867715,0.7442469358799227,0.7949218202936202
12,109,,91372,143290,0.637671854281527,0.6201300000333764,0.6552137085296775
12,111,,117527,154298,0.7616884211072081,0.7483434071733019,0.7750334350411143
12,113,,68259,89468,0.7629431752134842,0.7441417330870906,0.7817446173398778
12,115,,132745,185688,0.7148819525225109,0.7036796699499873,0.7260842350950344
12,117,,169031,249687,0.6769715684036414,0.6635848024561704,0.6903583343511124
12,119,,22445,32183,0.6974178914333654,0.6675468987919563,0.7272888840747745
12,121,,13621,17430,0.7814687320711418,0.7483344267206246,0.814603037421659
12,123,,5320,7071,0.7523688304341677,0.694059755827198,0.8106779050411373
12,125,,3704,4588,0.8073234524847428,0.750033400764519,0.8646135042049666
12,127,,184098,253344,0.7266720348616901,0.7167414355363276,0.7366026341870525
12,129,,13116,16249,0.8071881346544403,0.7607343057233091,0.8536419635855714
12,131,,25817,37448,0.689409314249092,0.66480831750145,0.7140103109967341
12,133,,7741,9386,0.8247389729384189,0.7849799822722966,0.8644979636045412
13,000,,3650427,5149633,0.7088712923814182,0.7068826000698263,0.7108599846930101
13,001,,6067,7496,0.8093649946638207,0.7469455705196081,0.8717844188080334
13,003,,3088,3463,0.8917123881028011,0.8129516769202656,0.9704730992853365
13,005,,3625,4237,0.855558177956101,0.812319548338284,0.898796807573918
13,007,,759,974,0.7792607802874744,0.6598612488245232,0.8986603117504255
13,009,,13083,16345,0.8004282655246253,0.7801992619907036,0.8206572690585471
13,011,,7389,9104,0.8116212653778558,0.7810458144497299,0.8421967163059818
13,013,,34852,44536,0.7825579306628345,0.7622691822652576,0.8028466790604114
13,015,,41539,55139,0.7533506229710368,0.7347892696001979,0.7719119763418758
13,017,,5851,7093,0.8248977865501198,0.7712114139086202,0.8785841591916194
13,019,,5916,7872,0.7515243902439024,0.6971014091032712,0.8059473713845335
13,021,,47484,62314,0.7620117469589498,0.7431672804055495,0.7808562135123501
13,023,,4327,5177,0.8358122464747924,0.8045928913612784,0.8670316015883063
13,025,,6358,7399,0.8593053115285849,0.8142029212586519,0.9044077017985179
13,027,,5206,6369,0.8173967655832941,0.778968950926132,0.8558245802404562
13,029,,19326,23890,0.8089577228966095,0.7764609957901693,0.8414544500030497
13,031,,27710,36172,0.7660621475174167,0.7341537358329518,0.7979705592018816
13,033,,8274,10533,0.7855311876958132,0.7475772303111483,0.8234851450804781
13,035,,8980,11301,0.7946199451375985,0.7599862214042259,0.8292536688709711
13,037,,1069,1484,0.7203504043126685,0.6228431418940211,0.8178576667313159
13,039,,19859,25699,0.7727538036499475,0.746130515593229,0.799377091706666
13,043,,3820,4498,0.8492663405958204,0.8399579601724715,0.8585747210191693
13,045,,42748,57284,0.746246770476922,0.7234610896802176,0.7690324512736264
13,047,,25410,32625,0.7788505747126436,0.7510087084901307,0.8066924409351566
13,049,,4647,5007,0.9281006590772918,0.889916544368005,0.9662847737865785
13,051,,105073,144244,0.728439311167189,0.7140764069337637,0.7428022154006142
13,053,,3423,6034,0.5672853828306265,0.4963109189144291,0.6382598467468238
13,055,,7976,9186,0.8682778140648814,0.8335705698052785,0.9029850583244842
13,057,,99881,146848,0.6801658858139028,0.6631468671947994,0.6971849044330062
13,059,,44923,63780,0.7043430542489809,0.6795952476605082,0.7290908608374537
13,061,,905,1093,0.827996340347667,0.7561749748635155,0.8998177058318185
13,063,,98469,137554,0.7158570452331448,0.6969928670924502,0.7347212233738393
13,065,,1993,2517,0.7918156535558204,0.6274996331719033,0.9561316739397375
13,067,,264689,408573,0.6478377181066786,0.6392399140034514,0.6564355222099058
13,069,,14019,17145,0.8176727909011373,0.7762863671445434,0.8590592146577313
13,071,,15532,20175,0.7698636926889715,0.7429045068427711,0.7968228785351719
13,073,,61055,77205,0.7908166569522699,0.766226803062395,0.8154065108421448
13,075,,6028,7515,0.8021290751829674,0.7488518163845261,0.8554063339814086
13,077,,56858,74520,0.7629898013955985,0.7414761712411193,0.7845034315500776
13,079,,4363,5486,0.7952971199416697,0.7319050493410255,0.858689190542314
13,081,,6349,7832,0.8106486210418795,0.736881163593345,0.884416078490414
13,083,,5530,7147,0.7737512242899118,0.7366066367563217,0.810895811823502
13,085,,10809,14827,0.7290078910096446,0.6798982904019036,0.7781174916173855
13,087,,8875,10676,0.8313038591232671,0.7910650384851415,0.8715426797613927
13,089,,231665,377442,0.6137764212779712,0.6039917894286467,0.6235610531272956
13,091,,5916,7069,0.8368934785683972,0.788090210095636,0.8856967470411585
13,093,,3097,3926,0.7888436067244015,0.7233243054098056,0.8543629080389973
13,095,,24147,31792,0.7595306995470559,0.7339250804784594,0.7851363186156524
13,097,,52185,70546,0.7397301051795991,0.7159622296773036,0.7634979806818947
13,099,,3438,4078,0.8430603236880824,0.8012263658888354,0.8848942814873293
13,101,,1396,1736,0.804147465437788,0.7339420335961563,0.8743528972794198
13,103,,27281,32908,0.8290081439163729,0.8075780103377421,0.8504382774950037
13,105,,7207,8841,0.8151792783621762,0.7690759317177525,0.8612826250065999
13,107,,7164,8954,0.800089345543891,0.7596011109879242,0.8405775800998578
13,109,,3204,4461,0.7182246133154001,0.6562217313536125,0.7802274952771877
13,111,,7505,10595,0.7083529966965549,0.6632738214227463,0.7534321719703636
13,113,,40187,56047,0.7170232126608025,0.6941910271957102,0.7398553981258947
13,115,,34034,43418,0.7838684416601409,0.7639232887777945,0.8038135945424874
13,117,,79819,136167,0.5861846115431786,0.5724425521600349,0.5999266709263222
13,119,,7651,9741,0.7854429730007186,0.7319498996822705,0.8389360463191667
13,121,,320995,566583,0.5665454134698712,0.5583515353872837,0.5747392915524587
13,123,,10386,13446,0.7724230254350736,0.7277772982665114,0.8170687526036358
13,125,,976,1168,0.8356164383561644,0.7432519791375687,0.9279808975747601
13,127,,28793,37303,0.771868214352733,0.7430392244848326,0.8006972042206334
13,129,,22498,27139,0.8289914882641217,0.7973067170456243,0.8606762594826192
13,131,,8976,11003,0.8157775152231209,0.7756642797391826,0.8558907507070592
13,133,,5935,8278,0.7169606185068857,0.6539766684730436,0.7799445685407279
13,135,,316584,474684,0.6669363197411331,0.6613965547292513,0.6724760847530149
13,137,,15778,20501,0.7696209940978489,0.7426002596355952,0.7966417285601026
13,139,,73814,101943,0.7240712947431408,0.7069274327686416,0.74121515671764
13,141,,1737,2101,0.8267491670633031,0.7145620647778598,0.9389362693487465
13,143,,11148,14163,0.7871213725905528,0.7549986051769635,0.8192441400041421
13,145,,12472,15998,0.7795974496812101,0.7522386507598776,0.8069562486025427
13,147,,9380,11709,0.8010931761892561,0.7540286605663428,0.8481576918121695
13,149,,3958,4607,0.8591274148035598,0.8116230770900535,0.9066317525170661
13,151,,89410,121169,0.7378950061484373,0.7197325034516863,0.7560575088451883
13,153,,61451,78181,0.7860093884703444,0.7643302472403881,0.8076885297003007
13,155,,3291,3974,0.8281328636134877,0.7575691376160738,0.8986965896109016
13,157,,31515,41147,0.76591246020366,0.7368208001228511,0.7950041202844689
13,159,,5525,6839,0.8078666471706389,0.761750761073873,0.8539825332674049
13,161,,4613,5957,0.7743830787309048,0.7029138526329208,0.8458523048288888
13,163,,5108,6228,0.8201669877970456,0.7678546903687885,0.8724792852253026
13,165,,2228,2933,0.7596317763382202,0.641362897446161,0.8779006552302794
13,167,,2502,3090,0.8097087378640777,0.7484980992967257,0.8709193764314297
13,169,,10581,13310,0.7949661908339595,0.7434896529762226,0.8464427286916963
13,171,,7199,8654,0.8318696556505663,0.7864491933589436,0.8772901179421889
13,173,,3096,4192,0.7385496183206107,0.6565528528830383,0.8205463837581831
13,175,,17805,20583,0.865034251566827,0.832483162269433,0.897585340864221
13,177,,13316,16294,0.817233337424819,0.7788414760572541,0.8556251987923839
13,179,,24350,30773,0.7912780684366165,0.7637446446359238,0.8188114922373092
13,181,,2680,3329,0.8050465605286873,0.7595072208673691,0.8505859001900055
13,183,,5816,7481,0.7774361716348082,0.7192527349405933,0.835619608329023
13,185,,43444,53412,0.813375271474575,0.7921344907412695,0.8346160522078805
13,187,,11605,15435,0.7518626498218335,0.7223476405434011,0.7813776591002659
13,189,,7663,9119,0.840333369887049,0.8164830385722838,0.8641837012018142
13,191,,3339,4522,0.7383900928792569,0.6719745811962331,0.8048056045622808
13,193,,2918,3860,0.7559585492227979,0.6823871281114516,0.8295299703341442
13,195,,11573,13791,0.8391704734972083,0.8143512133284322,0.8639897336659844
13,197,,2516,3104,0.8105670103092784,0.7756551906103885,0.8454788300081683
13,199,,7045,8222,0.8568474823643882,0.8150885960227394,0.898606368706037
13,201,,2062,2353,0.8763280917977051,0.802285495684454,0.9503706879109562
13,205,,6521,7696,0.8473232848232848,0.8003701785986101,0.8942763910479594
13,207,,11311,13571,0.8334684253186943,0.7896614786976628,0.8772753719397257
13,209,,2942,3564,0.8254769921436588,0.7968923676249245,0.854061616662393
13,211,,7586,9506,0.7980223017041869,0.7652195924780912,0.8308250109302825
13,213,,16134,19044,0.8471959672337744,0.8190725063920559,0.875319428075493
13,215,,64740,88531,0.7312692729100541,0.7100564796388158,0.7524820661812923
13,217,,40853,54689,0.7470057964124412,0.7250351686220893,0.7689764242027932
13,219,,15901,21169,0.7511455430110067,0.7205625149920898,0.7817285710299235
13,221,,5796,7254,0.7990074441687345,0.7446890188281556,0.8533258695093133
13,223,,66335,88150,0.7525241066364152,0.7345034652537838,0.7705447480190466
13,225,,9773,12969,0.7535661963142879,0.7113207655528864,0.7958116270756894
13,227,,11888,16226,0.7326513003821028,0.7015316780372568,0.7637709227269488
13,229,,7846,9161,0.856456718698832,0.8081434373883308,0.9047700000093332
13,231,,7497,9146,0.8197026022304833,0.779520669137552,0.8598845353234146
13,233,,15228,18508,0.8227793386643614,0.779490037476384,0.8660686398523387
13,235,,2735,3427,0.7980741173037642,0.7249253059361367,0.8712229286713917
13,237,,7524,9736,0.7728019720624486,0.7194281422606854,0.8261758018642118
13,239,,466,541,0.8613678373382625,0.6826037900019173,1
13,241,,5251,7560,0.6945767195767196,0.6575764026384205,0.7315770365150187
13,243,,1746,2262,0.7718832891246684,0.675427954586419,0.8683386236629178
13,245,,70080,91666,0.7645146510156438,0.7531164420947558,0.7759128599365317
13,247,,33495,45370,0.7382631694952612,0.710006121715035,0.7665202172754874
13,249,,1382,1832,0.7543668122270742,0.6836986632105624,0.8250349612435861
13,251,,4663,5856,0.7962773224043715,0.7579961571214451,0.834558487687298
13,253,,2834,3338,0.8490113840623128,0.8060577593388196,0.891965008785806
13,255,,22371,28129,0.7953002239681467,0.7636793208916747,0.8269211270446187
13,257,,9411,11676,0.8060123329907503,0.7651660776087268,0.8468585883727737
13,259,,1406,1466,0.9590723055934516,0.8995294740823997,1
13,261,,9377,12489,0.7508207222355673,0.7130433665382292,0.7885980779329054
13,263,,1607,2143,0.7498833411105926,0.6722960116282206,0.8274706705929646
13,265,,491,614,0.7996742671009772,0.7008170697337316,0.8985314644682229
13,267,,6327,8574,0.737928621413576,0.692072073098442,0.7837851697287099
13,269,,2188,2633,0.8309912647170528,0.775820753719869,0.8861617757142365
13,271,,2979,3355,0.8879284649776453,0.8379847322490847,0.937872197706206
13,273,,2212,3267,0.6770737679828589,0.6060301075921848,0.748117428373533
13,275,,15962,20799,0.7674407423433819,0.7373110234611425,0.7975704612256213
13,277,,14076,17542,0.802417056207958,0.7747612194778672,0.8300728929380488
13,279,,8471,10866,0.7795877047671637,0.7422484204726087,0.8169269890617186
13,281,,3132,4491,0.6973947895791583,0.6505209725201424,0.7442686066381743
13,283,,2026,2518,0.8046068308181096,0.7168183778025133,0.8923952838337058
13,285,,24878,31696,0.7848939929328622,0.751830857384794,0.8179571284809304
13,287,,2381,3260,0.7303680981595092,0.6587846001931903,0.8019515961258281
13,289,,2229,2822,0.7898653437278526,0.6955596953148914,0.8841709921408137
13,291,,7878,9754,0.8076686487594833,0.7653478349901972,0.8499894625287694
13,293,,10030,11685,0.8583654257595208,0.8284427186030632,0.8882881329159784
13,295,,23473,30722,0.7640453095501595,0.7353222809439879,0.7927683381563311
13,297,,36476,47852,0.7622669898854803,0.7409291844907868,0.7836047952801737
13,299,,10976,12972,0.8461301264261486,0.8132339997096599,0.8790262531426373
13,301,,1723,2015,0.8550868486352358,0.7842900476951498,0.9258836495753218
13,303,,5701,7403,0.770093205457247,0.724513983282155,0.815672427632339
13,305,,8764,11537,0.7596428880991593,0.7216008501259316,0.797684926072387
13,307,,921,1099,0.83803457688808,0.7609068091672939,0.9151623446088661
13,309,,2179,2349,0.9276287782034909,0.8661012710879187,0.9891562853190631
13,311,,9956,12590,0.7907863383637808,0.7410832200148115,0.84048945671275
13,313,,39413,47872,0.8232996323529411,0.8020020608389492,0.844597203866933
13,315,,2050,2623,0.781547845977888,0.7201005142494039,0.842995177706372
13,317,,3026,3603,0.8398556758257008,0.7869797199900456,0.8927316316613559
13,319,,2789,3454,0.807469600463231,0.7526483476175627,0.8622908533088993
13,321,,6907,8324,0.8297693416626621,0.7921199115044236,0.8674187718209007
15,000,,453819,696107,0.6519385669157184,0.6460760741179286,0.6578010597135082
15,001,,58954,86392,0.682401148254468,0.6637319270937938,0.7010703694151421
15,003,,314929,496814,0.6338971929132432,0.6278281787527463,0.6399662070737401
15,005,,29,49,0.5918367346938775,0.09722271078020928,1
15,007,,25040,34799,0.7195609069226128,0.6921724824300668,0.7469493314151587
15,009,,54867,78053,0.7029454345124466,0.6873026286554708,0.7185882403694225
16,000,,658968,906878,0.7266335714395983,0.7222384073786313,0.7310287355005652
16,001,,181940,262719,0.6925269965248041,0.6831807504326755,0.7018732426169327
16,003,,1230,1725,0.7130434782608696,0.6473587854871262,0.7787281710346129
16,005,,30917,41283,0.7489039071772885,0.7251440719034776,0.7726637424510994
16,007,,2126,2746,0.774217042971595,0.7218663194962848,0.8265677664469052
16,009,,3279,4239,0.7735314932767162,0.7348413525788376,0.8122216339745948
16,011,,17038,21714,0.784655061250806,0.7563804123095816,0.8129297101920303
16,013,,9341,13888,0.6725950460829493,0.6116501548694125,0.733539937296486
16,015,,2292,3590,0.6384401114206129,0.5797212727577782,0.6971589500834475
16,017,,15068,20534,0.7338073439174053,0.7048249273289159,0.7627897605058948
16,019,,42987,57962,0.7416410751871916,0.7212394615466869,0.7620426888276962
16,021,,3488,4900,0.7118367346938775,0.6547965046501287,0.7688769647376263
16,023,,731,1109,0.6591523895401262,0.5726037823359523,0.7457009967443001
16,025,,292,443,0.6591422121896162,0.5138974505345484,0.804386973844684
16,027,,86136,117256,0.7345978030974961,0.7214937243335584,0.7477018818614338
16,029,,2622,3289,0.7972027972027972,0.7497768709305398,0.8446287234750546
16,031,,8879,11330,0.7836716681376875,0.7406651069118884,0.8266782293634867
16,033,,204,371,0.5498652291105122,0.43291535703023204,0.6668151011907923
16,035,,2636,3492,0.7548682703321878,0.706670501214583,0.8030660394497927
16,037,,1061,1859,0.5707369553523399,0.3944549517257141,0.7470189589789658
16,039,,11266,13616,0.8274089306698003,0.799967114506838,0.8548507468327625
16,041,,5172,6946,0.7446012093291102,0.6943331718274794,0.794869246830741
16,043,,4385,6105,0.7182637182637183,0.6675847535711407,0.7689426829562959
16,045,,6533,8721,0.7491113404426097,0.7051373206098646,0.7930853602753549
16,047,,5441,7151,0.7608726052300377,0.7156479196386477,0.8060972908214278
16,049,,4606,6712,0.6862336114421931,0.644255094436665,0.7282121284477212
16,051,,11727,14955,0.7841524573721164,0.7505544591429071,0.8177504556013256
16,053,,9298,11535,0.8060684872128305,0.7718902988686784,0.8402466755569826
16,055,,61943,83799,0.7391854318070621,0.7219950137620857,0.7563758498520384
16,057,,13057,19382,0.6736662883087401,0.6492124028578518,0.6981201737596284
16,059,,2419,3450,0.7011594202898551,0.6261056035915695,0.7762132369881407
16,061,,992,1348,0.7359050445103857,0.69195030188321,0.7798597871375614
16,063,,2084,2650,0.7864150943396226,0.7329145954821097,0.8399155931971356
16,065,,16183,27732,0.583549689888937,0.534920343046497,0.6321790367313769
16,067,,8373,10364,0.8078927055191046,0.772803194652589,0.8429822163856203
16,069,,15553,19421,0.8008341486020287,0.7762917328877537,0.8253765643163038
16,071,,1637,2230,0.7340807174887892,0.6724218138390978,0.7957396211384806
16,073,,4066,5321,0.7641420785566623,0.7009863416998794,0.8272978154134452
16,075,,9529,11483,0.8298354088652791,0.7888044188884107,0.8708663988421474
16,077,,2416,3539,0.6826787228030518,0.6130787654937718,0.7522786801123317
16,079,,4373,5792,0.7550069060773481,0.705223837641549,0.8047899745131473
16,081,,4650,7056,0.6590136054421769,0.6155549851502986,0.7024722257340552
16,083,,34970,44286,0.7896400668382785,0.7677845342401736,0.8114955994363834
16,085,,3199,4863,0.6578243882377134,0.5865658617464745,0.7290829147289523
16,087,,2829,3972,0.7122356495468278,0.6581659764204051,0.7663053226732506
17,000,,4051863,6152715,0.6585487869989103,0.6566592324853947,0.6604383415124259
17,001,,25475,32047,0.7949262021406059,0.7738876527298945,0.8159647515513174
17,003,,1495,1711,0.8737580362361193,0.8084745284128703,0.9390415440593682
17,005,,5618,6905,0.8136133236784938,0.7698344051525,0.8573922422044876
17,007,,19866,25223,0.7876144788486699,0.756237149744932,0.8189918079524078
17,009,,1718,2127,0.8077103902209685,0.7292525371414827,0.8861682433004542
17,011,,12665,15826,0.8002653860735498,0.7761714230977793,0.8243593490493203
17,013,,1394,1864,0.7478540772532188,0.6998579207963846,0.795850233710053
17,015,,5060,6388,0.7921102066374452,0.7531665401327269,0.8310538731421636
17,017,,4409,5514,0.7996010155966631,0.7652442918996102,0.833957739293716
17,019,,63462,98899,0.6416849513139667,0.6263391458531306,0.6570307567748029
17,021,,12351,14930,0.8272605492297388,0.797124113214028,0.8573969852454496
17,023,,5914,7032,0.8410125142207053,0.7971860611479877,0.8848389672934229
17,025,,4750,5549,0.856010091908452,0.8176285764052271,0.8943916074116769
17,027,,13672,17918,0.7630315883469138,0.7378519840684421,0.7882111926253854
17,029,,16432,21569,0.7618341137743985,0.7270766711239602,0.7965915564248367
17,031,,1392162,2539962,0.5481034755638077,0.5442930399476429,0.5519139111799725
17,033,,6899,8112,0.8504684418145957,0.8279724165623791,0.8729644670668123
17,035,,4287,5281,0.811778072334785,0.7705928664700862,0.8529632781994839
17,037,,37955,50752,0.7478523013871374,0.7240850269811248,0.7716195757931501
17,039,,5905,7330,0.805593451568895,0.7721798391374713,0.8390070640003185
17,041,,7154,9600,0.7452083333333334,0.7116221910233841,0.7787944756432826
17,043,,309059,476233,0.6489659473409024,0.6411580825576934,0.6567738121241115
17,045,,6330,7462,0.8482980434199946,0.8276728175953488,0.8689232692446404
17,047,,2180,2789,0.7816421656507709,0.7396118885196051,0.8236724427819367
17,049,,13750,17306,0.7945221310528141,0.7793436921104032,0.809700569995225
17,051,,7176,9051,0.7928405701027511,0.7564722192263822,0.82920892097912
17,053,,4963,6239,0.795480044878987,0.7666972350050137,0.82426285475296035
17,055,,12148,15307,0.7936238322336187,0.7710009572384012,0.8162467072288361
17,057,,11190,13519,0.8277239440787041,0.8036044500080093,0.8518434381493989
17,059,,1727,1951,0.885187083546899,0.8768616949055618,0.8935124721882363
17,061,,3886,5110,0.7604696673189824,0.7294365505329543,0.7915027841050104
17,063,,21768,26499,0.8214649609419223,0.7948651992798377,0.848064722604007
17,065,,3060,3412,0.8968347010550997,0.8278192306500316,0.9658501714601677
17,067,,6588,7775,0.8473311897106109,0.8249346340894691,0.8697277453317528
17,069,,1014,1244,0.815112540192926,0.7179775963509437,0.9122474840349083
17,071,,2255,2540,0.8877952755905512,0.8573276005372038,0.9182629506438985
17,073,,18325,22906,0.8000087313367676,0.7740822603128188,0.8259352023607165
17,075,,9943,12255,0.811342309261526,0.8014699933959953,0.8212146251270566
17,077,,15796,21777,0.7253524360563898,0.6943527266225197,0.7563521454902599
17,079,,3806,4690,0.8115138592750533,0.756034185940276,0.8669935326098305
17,081,,13212,16045,0.8234340916173263,0.8023913487005013,0.8444768345341512
17,083,,7472,10017,0.7459319157432365,0.7006002877342972,0.7912635437521758
17,085,,7936,10368,0.7654320987654321,0.7363939300702047,0.7944702674606594
17,087,,3798,4477,0.8483359392450301,0.8008427307137673,0.895829147776293
17,089,,187539,265318,0.7068461242735133,0.697247552675365,0.7164446958716617
17,091,,38347,48970,0.7830712681233408,0.7684074374064594,0.7977350988402222
17,093,,54535,71273,0.7651565108806981,0.7462535483168179,0.7840594734445784
17,095,,16412,20751,0.790901643294299,0.7632071289165099,0.8185961576720882
17,097,,237282,360949,0.6573837301114562,0.6501780269224705,0.664589433300442
17,099,,41706,50247,0.8300197026688161,0.815770717838837,0.8442686874987951
17,101,,4466,5870,0.7608177172061329,0.7175813512461737,0.8040540831660921
17,103,,12059,14699,0.8203959453024016,0.79140538152711,0.8493865090776931
17,105,,13140,16353,0.8035222894881673,0.7715260145306484,0.8355185644456862
17,107,,9502,11962,0.7943487711085103,0.7612897771127621,0.8274077651042585
17,109,,9711,12650,0.7676679841897234,0.7325039775470386,0.8028319908324082
17,111,,119406,163840,0.72879638671875,0.7169596493997266,0.7406331240377735
17,113,,59288,85768,0.6912601436433169,0.6755672471506478,0.706953040135986
17,115,,34885,43182,0.8078597563799731,0.7921486486333087,0.8235708641266375
17,117,,15978,19584,0.8158700980392157,0.7959232468978777,0.8358169491805537
17,119,,98668,126283,0.7813244854810227,0.7637150994499384,0.798933871512107
17,121,,13387,16139,0.8294813805068467,0.8030093308510264,0.855953430162667
17,123,,4450,5120,0.869140625,0.8420947879975835,0.8961864620024165
17,125,,4392,5302,0.8283666540927952,0.8025721292318152,0.8541611789537752
17,127,,4913,5760,0.8529513888888889,0.8154126334843299,0.8904901442934479
17,129,,4585,5559,0.8247886310487498,0.791317878919151,0.8582593831783486
17,131,,5746,7262,0.7912420820710548,0.7599019948020691,0.8225821693400406
17,133,,14936,18740,0.7970117395944504,0.7715235554378361,0.8224999237510646
17,135,,9208,11340,0.8119929453262786,0.779225633811521,0.8447602568410363
17,137,,11747,14525,0.8087435456110155,0.7864783848440171,0.8310087063780138
17,139,,4816,6541,0.7362788564439688,0.6884110968849173,0.7841466160030204
17,141,,19124,23732,0.8058317883027136,0.7887102075587151,0.8229533690467121
17,143,,61482,80784,0.7610665478312537,0.7459148713827243,0.7762182242797832
17,145,,6617,7717,0.8574575612284566,0.8156404094654164,0.8992747129914969
17,147,,7157,8463,0.8456812005199102,0.8119450995378993,0.8794173015019212
17,149,,5496,6557,0.8381881958212597,0.8100128196342317,0.8663635720082877
17,151,,1077,1335,0.8067415730337079,0.7301154075460244,0.8833677385213913
17,153,,1228,1552,0.7912371134020618,0.7019709629737019,0.8805032638304218
17,155,,2269,2599,0.8730280877260485,0.841561476995947,0.9044946984561499
17,157,,9940,12214,0.8138202063206157,0.7843248989656594,0.843315513675572
17,159,,5942,7361,0.807227278902323,0.7620605356019894,0.8523940222026567
17,161,,49546,64387,0.7695031605758926,0.7508593566743021,0.7881469644774831
17,163,,88849,117865,0.7538200483604124,0.7385424417020617,0.769097655018763
17,165,,7668,9050,0.847292817679558,0.8226090364584817,0.8719765989006343
17,167,,69335,89950,0.7708171206225681,0.7578635433539371,0.7837706978911991
17,169,,2421,2811,0.8612593383137673,0.8255092809138723,0.8970093957136623
17,171,,1710,2142,0.7983193277310925,0.7467965781781933,0.8498420772839916
17,173,,8311,9915,0.8382249117498739,0.8138010282066148,0.862648795293133
17,175,,1963,2429,0.8081515026759983,0.7713062991715848,0.8449967061804119
17,177,,15953,20466,0.7794879312029708,0.7549698511703584,0.8040060112355831
17,179,,49274,61929,0.79565308659917,0.7746290943328865,0.8166770788654535
17,181,,5467,6717,0.8139050171207384,0.7781354607375995,0.8496745735038772
17,183,,23751,30006,0.7915416916616677,0.7643720124191713,0.818711370904164
17,185,,3811,4726,0.8063901819720694,0.7685527459222856,0.8442276180218531
17,187,,6098,7572,0.8053354463814052,0.761126644547191,0.8495442482156194
17,189,,5546,6627,0.8368794326241135,0.8104544021527499,0.863304463095477
17,191,,5728,7079,0.80915383528747,0.7772378869609127,0.8410697836140273
17,193,,4402,5611,0.7845303867403315,0.7415856267297605,0.8274751467509025
17,195,,20610,25501,0.8082035998588291,0.7834749145283912,0.8329322851892669
17,197,,258587,354486,0.729470275271802,0.7213531654538122,0.7375873850897917
17,199,,24339,29662,0.8205448048007552,0.7973245818367061,0.8437650277648043
17,201,,96594,125786,0.7679232983002878,0.7533464303514261,0.7825001662491495
17,203,,14439,18186,0.7939623886506103,0.7567015653527598,0.8312232119484608
18,000,,2486433,3260273,0.7626456434783222,0.7600337259393529,0.7652575610172915
18,001,,11429,15272,0.7483630172865374,0.7069192061869799,0.789806828386095
18,003,,146443,188815,0.7755898630935042,0.7666355337957181,0.7845441923912903
18,005,,31133,41204,0.7555819823318124,0.7310333404203042,0.7801306242433206
18,007,,3110,3886,0.8003088008234689,0.7556442640017976,0.8449733376451402
18,009,,3912,5080,0.7700787401574803,0.7137188319039822,0.8264386484109785
18,011,,27945,38706,0.7219810882033794,0.6998971256633297,0.744065050743429
18,013,,6028,7659,0.7870479174827001,0.7250802014081524,0.8490156335572477
18,015,,8437,10162,0.8302499507970872,0.8074134924756236,0.8530864091185508
18,017,,14048,17073,0.8228196567679963,0.7931871322584528,0.8524521812775397
18,019,,47602,62146,0.7659704566665594,0.7492052637355424,0.7827356495975764
18,021,,9859,12144,0.8118412384716732,0.7771931196375805,0.8464893573057659
18,023,,12990,15835,0.8203347016103568,0.7913627566684591,0.8493066465522545
18,025,,3162,4189,0.7548340892814515,0.7101440889029863,0.7995240896599166
18,027,,10132,14825,0.6834401349072513,0.6448152796542712,0.7220649901602314
18,029,,19450,25110,0.7745917960971724,0.7425914104490133,0.8065921817453315
18,031,,10280,13045,0.7880413951705635,0.7384115671212254,0.8376712232199016
18,033,,17628,21644,0.8144520421363889,0.7891145714966376,0.8397895127761402
18,035,,39985,51892,0.7705426655361135,0.756968285864553,0.784117045207674
18,037,,18772,22223,0.8447104351347703,0.8307571763641682,0.8586636939053723
18,039,,71790,96597,0.7431907823224324,0.7252113446361467,0.7611702200087181
18,041,,8234,10171,0.8095565824402714,0.7856035329663082,0.83350963191423455
18,043,,30034,38946,0.7711703384172958,0.7493119723073495,0.7930287045272421
18,045,,6400,7700,0.8311688311688312,0.8012413596087463,0.8610963027289161
18,047,,8516,10918,0.7799963363253343,0.7412504871691129,0.8187421854815556
18,049,,6693,8671,0.7718832891246684,0.7391332223734435,0.8046333558758934
18,051,,12855,15570,0.825626204238921,0.800293650502329,0.8509587579755129
18,053,,21443,28612,0.7494407940724171,0.7228885883510601,0.7759929997937742
18,055,,10870,13524,0.8037562851227448,0.7786097515962535,0.8289028186492361
18,057,,133098,193091,0.6893019353569042,0.6769097016879704,0.701694169025838
18,059,,32911,43916,0.7494079606521541,0.7252445370210907,0.7735713842832175
18,061,,14740,18278,0.8064339643287012,0.7806174303064712,0.8322504983509311
18,063,,71600,94044,0.761345753051763,0.7425183346604617,0.7801731714430643
18,065,,16147,20561,0.7853217255970041,0.7601560081886528,0.8104874430053554
18,067,,28525,35768,0.7975005591590248,0.7756286595928908,0.8193724587251588
18,069,,13855,17710,0.782326369282891,0.7552670494210533,0.8093856891447287
18,071,,18319,21943,0.8348448252290024,0.8063471855992319,0.8633424648587729
18,073,,11884,14527,0.8180629173263578,0.7935326780916617,0.8425931565610539
18,075,,6549,8562,0.7648913805185704,0.7232779674342303,0.8065047936029105
18,077,,12111,14713,0.8231495955957316,0.7791024165484532,0.86719677464301
18,079,,10215,12395,0.8241226300927793,0.7848421140661636,0.8634031461193951
18,081,,64048,83717,0.7650536927983563,0.7457322867216272,0.7843750988750855
18,083,,14291,16904,0.8454212020823474,0.8230271508512892,0.8678152533134056
18,085,,29450,38862,0.7578096855540116,0.7366466510629053,0.778972720045118
18,087,,8434,17679,0.47706318230669154,0.44435203224972486,0.5097743323636582
18,089,,177816,223415,0.7959000067139628,0.7879288924310264,0.8038711209968992
18,091,,39716,47606,0.8342645884972483,0.8157123651957299,0.8528168117987667
18,093,,17224,21203,0.8123378767155591,0.784535486437631,0.8401402669934872
18,095,,45827,59368,0.7719141625117909,0.7571243856261506,0.7867039393974312
18,097,,350310,486246,0.7204378030873262,0.7127833269538411,0.7280922792208113
18,099,,16820,21889,0.7684224953172827,0.7470450966117114,0.789799894022854
18,101,,3710,4741,0.7825353300991352,0.746252570502473,0.8188180896957975
18,103,,12256,14685,0.8345931222335716,0.8010328573512914,0.8681533871158519
18,105,,44910,69333,0.647743498766821,0.628044891599383,0.667442105934259
18,107,,14379,18416,0.7807884448305821,0.7655784629743322,0.795998426686832
18,109,,26969,34245,0.7875310264272156,0.7655499397597724,0.8095121130946589
18,111,,4750,6080,0.78125,0.7381883984617243,0.8243116015382757
18,113,,17258,22171,0.7784042217310901,0.7606846641520776,0.7961237793101027
18,115,,2182,2755,0.7920145190562613,0.721194954637322,0.8628340834752006
18,117,,7162,9204,0.7781399391568883,0.7299710376070214,0.8263088407067551
18,119,,7857,10039,0.7826476740711226,0.7484671638275966,0.8168281843146485
18,121,,4682,6485,0.7219737856592136,0.6722537634668005,0.7716938078516266
18,123,,7062,8329,0.8478808980669948,0.8125049132686868,0.8832568828653029
18,125,,4532,5583,0.8117499552212072,0.7805435580418031,0.8429563524006113
18,127,,67683,83571,0.8098862045446387,0.7950118381091829,0.8247605709800945
18,129,,10103,12221,0.8266917600850994,0.7968730063800722,0.8565105137901265
18,131,,4365,5711,0.7643144808264752,0.715497208479104,0.81313175317384645
18,133,,12385,16248,0.7622476612506155,0.7270323446157456,0.7974629778854854
18,135,,8198,10368,0.7907021604938271,0.7581126979331295,0.8232916230545247
18,137,,11587,14145,0.8191587133262637,0.7866957875499485,0.8516216391025788
18,139,,6335,7748,0.8176303562209603,0.7832710629043819,0.8519896495375386
18,141,,95421,127667,0.7474210250103785,0.7382282937655932,0.7566137562551639
18,143,,8959,10823,0.8277741846068558,0.781993589226891,0.8735547799868206
18,145,,17401,21681,0.8025921313592547,0.7803863220139506,0.8247979407045587
18,147,,8511,9726,0.8750771128932757,0.8513891785477231,0.8987650472388283
18,149,,7855,9638,0.8150031126789791,0.7716654436656519,0.8583407816923062
18,151,,12910,15746,0.8198907659088023,0.7896353167246887,0.8501462150929159
18,153,,7112,8858,0.8028900428990743,0.7603410684841831,0.8454390173139654
18,155,,3579,4321,0.8282804906271697,0.7714291131506861,0.8851318681036533
18,157,,65364,90115,0.7253398435332631,0.712206999107068,0.7384726879594582
18,159,,5572,7085,0.7864502470007058,0.7316183981415452,0.8412820958598664
18,161,,2916,3512,0.8302961275626424,0.7790245317570533,0.8815677233682314
18,163,,69931,87299,0.8010515584370955,0.7855132017478883,0.8165899151263027
18,165,,5442,6534,0.8328741965105602,0.7956255261893378,0.8701228668317825
18,167,,36002,46298,0.7776145837833168,0.7622007770067026,0.793028390559931
18,169,,11485,14231,0.8070409669032395,0.7716239177277657,0.8424580160787132
18,171,,3106,4161,0.7464551790434991,0.6943833074183234,0.7985270506686748
18,173,,25571,31865,0.8024792091636592,0.7810796737272665,0.823878744600052
18,175,,10068,13090,0.7691367456073338,0.7353686172317365,0.8029048739829311
18,177,,22478,28636,0.7849559994412627,0.7689823019048061,0.8009296969777193
18,179,,11987,14148,0.8472575629064178,0.8226069780568233,0.8719081477560124
18,181,,9145,11442,0.799248383149799,0.7730200599166877,0.8254767063829103
18,183,,14183,17303,0.8196844477836214,0.7990403628857013,0.8403285326815414
19,000,,1224151,1611395,0.7596840005088759,0.7570627443494546,0.7623052566682971
19,001,,2963,3699,0.8010273046769397,0.7657683081197324,0.836286301234147
19,003,,1261,1636,0.7707823960880196,0.7227838291514352,0.8187809630246039
19,005,,5114,6843,0.7473330410638609,0.7100188292037678,0.784647252923954
19,007,,4041,5225,0.7733971291866029,0.7266497413624649,0.8201445170107409
19,009,,2223,2718,0.8178807947019867,0.7814140579701446,0.8543475314338288
19,011,,10185,13051,0.7803999693510076,0.7526526475113152,0.8081472911907001
19,013,,51607,65820,0.7840625949559404,0.7695145383408436,0.7986106515710373
19,015,,11221,14165,0.7921637839745852,0.7641076395952278,0.8202199283539426
19,017,,9504,12677,0.7497041886881755,0.7186224691914573,0.7807859081848936
19,019,,8215,10545,0.7790422000948317,0.7476418677634508,0.8104425324262127
19,021,,7359,10153,0.7248104008667389,0.6754939370579323,0.7741268646755455
19,023,,5674,6946,0.8168730204434207,0.7887347082453379,0.8450113326415035
19,025,,3367,4271,0.7883399672207914,0.7519911906078416,0.8246887438337411
19,027,,8590,10527,0.8159969601975872,0.7857907798329108,0.8462031405622635
19,029,,5216,6548,0.7965791081246182,0.7607527735385318,0.8324054427107046
19,031,,7229,9240,0.7823593073593074,0.7424638258901284,0.8222547888284863
19,033,,16887,21074,0.8013191610515327,0.7714144426979379,0.8312238794051274
19,035,,4588,5888,0.7792119565217391,0.7444876077471012,0.8139363052963771
19,037,,4886,6022,0.811358352706742,0.7618619084540047,0.8608547969594792
19,039,,3634,4538,0.8007933010136624,0.7403505758312288,0.8612360261960961
19,041,,6594,8157,0.8083854358219934,0.7808475812638068,0.83592329038018
19,043,,6275,8210,0.7643118148599269,0.7320047267695201,0.7966189029503338
19,045,,17525,21346,0.820996908085824,0.7927784401452844,0.8492153760263637
19,047,,6106,7960,0.7670854271356784,0.7388476346337357,0.7953232196376211
19,049,,41370,58788,0.7037150438865074,0.6852409524622072,0.7221891353108076
19,051,,2634,3914,0.6729688298415942,0.6158997037759302,0.7300379559072583
19,053,,2832,3775,0.7501986754966887,0.7101904507622694,0.7902069002311081
19,055,,7537,9420,0.8001061571125265,0.7695525878390005,0.8306597263860526
19,057,,15132,18273,0.8281070431784601,0.8039117941240542,0.8523022922328659
19,059,,7174,9233,0.7769955594064768,0.7391500385915099,0.8148410802214437
19,061,,39626,50370,0.7866984316061147,0.7722524901513438,0.8011443730608857
19,063,,3885,4986,0.7791817087845969,0.7620109437723156,0.7963524737968782
19,065,,7236,9115,0.7938562808557323,0.7761034556989759,0.8116091060124888
19,067,,5769,7161,0.8056137410976121,0.7615989292125571,0.849628552982667
19,069,,3594,4543,0.7911071978868589,0.7546282165083398,0.827586179265378
19,071,,2473,3065,0.8068515497553018,0.7758276848157605,0.8378754146948432
19,073,,3147,4100,0.7675609756097561,0.727983369043644,0.8071385821758682
19,075,,5019,6219,0.8070429329474192,0.7908769687518552,0.8232088971429833
19,077,,3939,5156,0.7639643134212568,0.7310256463712917,0.7969029804712219
19,079,,6116,7278,0.8403407529541083,0.806016423996361,0.8746650819118555
19,081,,4098,5248,0.7808689024390244,0.7375857888668957,0.8241520160111531
19,083,,6401,8065,0.793676379417235,0.759251243350574,0.828101515483896
19,085,,5952,7251,0.8208522962350021,0.7903537211437883,0.8513508713262159
19,087,,7651,9376,0.8160196245733788,0.7781875064847038,0.8538517426620539
19,089,,3494,4573,0.7640498578613601,0.7159648079557539,0.8121349077669664
19,091,,3601,4574,0.7872759073021426,0.754338865566019,0.8202129490382661
19,093,,2781,3426,0.8117338003502627,0.7806449414744554,0.8428226592260699
19,095,,7011,8452,0.8295078088026503,0.7920646117494226,0.866951005855878
19,097,,7300,8980,0.8129175946547884,0.773256712814663,0.8525784764949138
19,099,,13755,17633,0.7800714569273521,0.753064462589946,0.8070784512647583
19,101,,5019,7201,0.6969865296486599,0.6560536829850924,0.7379193763122275
19,103,,55094,84480,0.652154356060606,0.6327860665781523,0.6715226455430597
19,105,,7419,9637,0.7698453875687454,0.7372896422262265,0.8024011329112644
19,107,,3544,4445,0.7973003374578178,0.761897255253111,0.8327034196625246
19,109,,5579,6998,0.797227779365533,0.7680762921924102,0.8263792665386558
19,111,,11873,14511,0.8182068775411757,0.8041437120827613,0.8322700429995902
19,113,,89769,118744,0.7559876709560062,0.7444761380435122,0.7674992038685001
19,115,,4174,5192,0.8039291217257319,0.7615926343304025,0.8462656091210614
19,117,,3183,3872,0.8220557851239669,0.778124478037018,0.8659870922109159
19,119,,4663,6023,0.7741989042005645,0.7440946545787654,0.8043031538223635
19,121,,6359,8750,0.7267428571428571,0.6815840851252949,0.7719016291604194
19,123,,8667,10800,0.8025,0.7728129094387217,0.8321870905612783
19,125,,13156,16706,0.7875014964683348,0.7631513764281911,0.8118516165084785
19,127,,15059,19557,0.7700056245845477,0.755898851617822,0.7841123975512734
19,129,,5080,6983,0.727481025347272,0.6747683845964083,0.7801936660981357
19,131,,3900,5432,0.7179675994108984,0.6780170508383726,0.7579181479834242
19,133,,3292,4039,0.8150532309977717,0.7655891518197219,0.8645173101758216
19,135,,2774,3539,0.7838372421588019,0.727026866237691,0.8406476180799128
19,137,,3587,4609,0.7782599262312866,0.723880832111906,0.8326390203506672
19,139,,16668,20867,0.7987731825370201,0.7714848050761854,0.8260615599978548
19,141,,5500,6937,0.7928499351304599,0.759784283216541,0.8259155870443787
19,143,,2362,2981,0.7923515598792351,0.7502497145458261,0.8344534052126441
19,145,,5020,6377,0.7872040144268465,0.7631890660831875,0.8112189627705055
19,147,,3539,4573,0.7738902252350754,0.7519653944632088,0.7958150560069421
19,149,,10574,13375,0.7905794392523364,0.7589935910253715,0.8221652874793014
19,151,,2556,3198,0.799249530956848,0.7549673475550488,0.8435317143586473
19,153,,191674,264612,0.7243586836575817,0.7170930675889653,0.7316242997261981
19,155,,35540,44546,0.7978269653840974,0.7809915356795867,0.814662395088608
19,157,,6202,9132,0.6791502409110819,0.643992716934197,0.7143077648879668
19,159,,1645,2260,0.7278761061946902,0.6896061166686456,0.7661460957207349
19,161,,4247,4939,0.8598906661267463,0.8267935213888371,0.8929878108646554
19,163,,67755,86297,0.7851373744162601,0.7716482013801882,0.798626547452332
19,165,,4294,5681,0.7558528428093646,0.700487566391713,0.8112181192270163
19,167,,14212,18689,0.7604473219540906,0.7389127291969243,0.7819819147112569
19,169,,36327,53175,0.6831593794076164,0.6676110548612323,0.6987077039540005
19,171,,6234,7899,0.7892138245347512,0.7632102257603331,0.8152174233091692
19,173,,2174,2772,0.7842712842712842,0.7535856923860293,0.8149568761565391
19,175,,4268,5334,0.8001499812523435,0.7571135485061288,0.8431864139985582
19,177,,2039,3036,0.6716073781291173,0.5991746197448562,0.7440401365133784
19,179,,12544,15984,0.7847847847847848,0.7497935421775188,0.8197760273920507
19,181,,21194,27899,0.7596688053335245,0.7367598303761733,0.7825777802908758
19,183,,8819,11487,0.7677374423261077,0.7345279700486054,0.8009469146036101
19,185,,2211,2918,0.7577107607950652,0.7221908026590053,0.7932307189311251
19,187,,14499,17536,0.8268134124087592,0.7923388948859906,0.8612879299315277
19,189,,4048,5181,0.7813163481953291,0.751120343230828,0.8115123531598303
19,191,,7457,10604,0.703225198038476,0.6668551109833624,0.7395952850935897
19,193,,41162,51793,0.7947406020118549,0.7748800090491864,0.8146011949745234
19,195,,2878,3836,0.7502606882168926,0.7117426830677462,0.788778693366039
19,197,,4527,5726,0.790604261264408,0.74748975090959,0.8337187716192259
20,000,,1096103,1454367,0.753663277563366,0.7509164011698044,0.7564101539569277
20,001,,4480,5751,0.7789949573987133,0.7301774948352779,0.8278124199621486
20,003,,2764,3472,0.7960829493087558,0.7257509260967249,0.8664149725207867
20,005,,5523,7464,0.739951768488746,0.7041731073933216,0.7757304295841704
20,007,,1884,2202,0.8555858310626703,0.7983746532338806,0.91279700889146
20,009,,9558,11796,0.8102746693794507,0.7898118040035448,0.8307375347553566
20,011,,4455,6444,0.6913407821229051,0.6406681253341807,0.7420134389116294
20,013,,3284,4292,0.7651444547996272,0.734297935211879,0.7959909743873754
20,015,,26233,32424,0.8090611892425363,0.7902838235357187,0.827838554949354
20,017,,884,1140,0.775438596491228,0.7367472676778327,0.8141299253046234
20,019,,1073,1400,0.7664285714285715,0.703779333961382,0.8290778088957609
20,021,,7497,8909,0.8415085868223146,0.805836852194142,0.8771803214504871
20,023,,926,1250,0.7408,0.675943905235791,0.8056560947642091
20,025,,666,924,0.7207792207792207,0.6733607734435618,0.7681976681148797
20,027,,2882,3689,0.7812415288696124,0.7184553302373005,0.8440277275019243
20,029,,3547,4300,0.8248837209302325,0.7946126585142734,0.8551547833461917
20,031,,3009,3645,0.8255144032921811,0.7768768792101887,0.8741519273741735
20,033,,718,858,0.8368298368298368,0.7648737437284184,0.9087859299312552
20,035,,11616,14943,0.7773539449909657,0.7427369817219248,0.8119709082600065
20,037,,15271,19151,0.7973996135972012,0.7727082922750637,0.8220909349193388
20,039,,897,1270,0.7062992125984252,0.647385370180225,0.7652130550166254
20,041,,7137,8692,0.8210998619420157,0.7807534001203588,0.8614463237636726
20,043,,2848,3659,0.7783547417327139,0.7359277647870495,0.8207817186783783
20,045,,45002,65610,0.6859015393994818,0.6675227981830716,0.7042802806158921
20,047,,945,1190,0.7941176470588235,0.7779949890417073,0.8102403050759397
20,049,,721,990,0.7282828282828283,0.6662215859198344,0.7903440706458222
20,051,,12701,16214,0.7833353891698532,0.7483135236030009,0.8183572547367056
20,053,,2102,2633,0.7983289023927079,0.7508400818738883,0.8458177229115276
20,055,,14571,18426,0.7907847606642787,0.7610933765517229,0.8204761447768345
20,057,,13168,16447,0.8006323341642853,0.7577675465651678,0.8434971217634027
20,059,,9842,12993,0.7574847995074271,0.7253727864283851,0.7895968125864691
20,061,,12817,16845,0.7608785989907985,0.7276482202390773,0.7941089777425197
20,063,,1070,1397,0.7659269863994274,0.7075723475141293,0.8242816252847254
20,065,,895,1115,0.8026905829596412,0.7445786329021735,0.860802533017109
20,067,,2479,3427,0.7233732127224978,0.6223341523574154,0.8244122730875801
20,069,,2299,2818,0.8158268275372604,0.7813046919779822,0.8503489630965386
20,071,,438,665,0.6586466165413534,0.5866105711807111,0.7306826619019956
20,073,,2095,2712,0.7724926253687315,0.7279106499700195,0.8170746007674435
20,075,,756,1098,0.6885245901639344,0.6143305920098855,0.7627185883179833
20,077,,1739,2253,0.7718597425654683,0.7091493649474623,0.8345701201834743
20,079,,13061,16375,0.797618320610687,0.7668625913396158,0.8283740498817583
20,081,,1228,1602,0.766541822721598,0.7053232336412398,0.8277604118019561
20,083,,599,770,0.7779220779220779,0.715890626515102,0.8399535293290538
20,085,,4759,6431,0.7400093298087389,0.7030691002056614,0.7769495594118164
20,087,,7020,9246,0.7592472420506164,0.7307620357253324,0.7877324483759005
20,089,,1062,1363,0.7791636096845195,0.7240073179958899,0.834319901373149
20,091,,233631,335949,0.6954359143798612,0.6884276206389699,0.7024442081207525
20,093,,1187,1746,0.6798396334478809,0.5947935758230611,0.7648856910727007
20,095,,2874,3449,0.8332850101478689,0.8091132847066758,0.8574567355890621
20,097,,908,1226,0.7406199021207178,0.6958941770460237,0.7853456271954119
20,099,,6567,8683,0.756305424392491,0.7243999053029405,0.7882109434820416
20,101,,465,644,0.7220496894409938,0.6041242621784155,0.83997511670357206
20,103,,28850,37412,0.7711429487864856,0.7435124770501712,0.7987734205228
20,105,,1086,1442,0.753120665742025,0.6937078716786644,0.8125334598053855
20,107,,3252,4231,0.7686126211297566,0.7247077773994722,0.812517464860041
20,109,,1176,1445,0.813840830449827,0.7751360547479167,0.8525456061517374
20,111,,13084,16767,0.7803423391185066,0.7497896434468586,0.8108950347901546
20,113,,12373,15611,0.7925821536096342,0.7663218243172911,0.8188424829019774
20,115,,4208,5540,0.7595667870036101,0.7277224321241172,0.791411141883103
20,117,,3453,4698,0.7349936143039592,0.6843989499959915,0.7855882786119268
20,119,,1304,1782,0.7317620650953984,0.6737182706729518,0.7898058595178451
20,121,,13298,17422,0.7632877970382276,0.72776907580660255,0.7988065182698526
20,123,,2147,2767,0.7759306107697868,0.7024594963113221,0.8494017252282514
20,125,,10611,13145,0.80722708254089,0.781753263775073,0.832700901306707
20,127,,2146,2609,0.822537370640092,0.7671269384965561,0.8779478027836279
20,129,,882,1041,0.8472622478386167,0.7780475082072803,0.9164769874699531
20,131,,3977,4756,0.8362068965517241,0.7993498622170317,0.8730639308864164
20,133,,5624,7251,0.7756171562543097,0.7215280737632777,0.8297062387453418
20,135,,1094,1455,0.7518900343642612,0.7114424952227616,0.7923375735057607
20,137,,1466,1963,0.7468160978094753,0.6435074665816258,0.8501247290373248
20,139,,5818,7515,0.7741849634065203,0.7411305930803269,0.8072393337327137
20,141,,1351,1700,0.7947058823529412,0.7418861475026506,0.8475256172032317
20,143,,2266,2831,0.8004238784881668,0.7692002970145955,0.8316474599617381
20,145,,2015,2819,0.714792479602696,0.6518877588546071,0.7776972003507848
20,147,,1716,2220,0.772972972972973,0.7247850055356279,0.8211609404103181
20,149,,9984,12442,0.8024433370840701,0.7696780753064606,0.8352085988616796
20,151,,3373,4121,0.8184906576073768,0.765664502178035,0.8713168130367187
20,153,,953,1315,0.7247148288973384,0.6546425045889612,0.7947871532057156
20,155,,22944,28343,0.8095120488303991,0.7853082441746271,0.833715853486171
20,157,,1678,2155,0.7786542923433875,0.7379853824518042,0.8193232022349707
20,159,,3414,4478,0.7623939258597588,0.7247299665243649,0.8000578851951528
20,161,,27014,41882,0.6450026264266272,0.6221955815249086,0.6678096713283458
20,163,,1909,2330,0.81931330472103,0.7844235396932906,0.8542030697487695
20,165,,1120,1406,0.7965860597439545,0.7286255683248288,0.8645465511630801
20,167,,2902,3585,0.8094839609483961,0.7571315203054803,0.861836401591312
20,169,,20601,26713,0.7711975442668364,0.7468379074250698,0.795557181108603
20,171,,2322,2578,0.9006982156710628,0.8695794716498226,0.9318169596923029
20,173,,199795,252549,0.791113803657904,0.7829252117680756,0.7993023955477323
20,175,,7909,9797,0.8072879452893743,0.7643518172774799,0.8502240733012687
20,177,,63708,82634,0.7709659462206839,0.7555603955861996,0.7863714968551683
20,179,,824,1273,0.6472898664571878,0.55993973092851,0.7346400019858655
20,181,,2277,3096,0.7354651162790697,0.6645651918550046,0.8063650407031349
20,183,,1338,1731,0.7729636048526863,0.7262395725661739,0.8196876371391988
20,185,,1443,1930,0.7476683937823834,0.7053213312767039,0.7900154562880628
20,187,,783,992,0.7893145161290323,0.6828751467510661,0.8957538855069984
20,189,,1859,2286,0.8132108486439195,0.7748913263287762,0.8515303709590627
20,191,,8175,9726,0.8405305367057372,0.8200431213164792,0.8610179520949952
20,193,,3582,4346,0.8242061665899678,0.771205872857812,0.8772064603221237
20,195,,1094,1471,0.7437117607070021,0.6804172382963071,0.8070062831176971
20,197,,2403,3257,0.7377955173472521,0.7262717452699361,0.7493192894245682
20,199,,520,654,0.7951070336391437,0.7260756636172899,0.8641384036609975
20,201,,2111,2710,0.7789667896678967,0.755167332653568,0.8027662466822254
20,203,,597,886,0.6738148984198645,0.542113979975502,0.805515816864227
20,205,,3161,3865,0.8178525226390686,0.7636348243244333,0.8720702209537039
20,207,,1004,1298,0.773497688751926,0.7044717779408106,0.8425235995630415
20,209,,57956,78104,0.7420362593465123,0.7226974903895412,0.7613750283034834
21,000,,1544436,2017413,0.7655527152843766,0.7617040119342333,0.7694014186345199
21,001,,5593,7811,0.7160414799641531,0.6699868372012595,0.7620961227270467
21,003,,7401,9070,0.815986769570011,0.7786264833003806,0.8533470558396414
21,005,,9124,11331,0.8052246050657488,0.7675737977224781,0.8428754124090194
21,007,,2962,3396,0.8722025912838633,0.8316410659191902,0.9127641166485365
21,009,,14124,18272,0.772985989492119,0.7426272592254746,0.8033447197587635
21,011,,4065,5058,0.8036773428232503,0.7373637896402564,0.8699908960062442
21,013,,5112,7072,0.7228506787330317,0.6661336654384462,0.7795676920276171
21,015,,53737,69770,0.7702020925899383,0.7544321287675608,0.7859720564123158
21,017,,6584,8971,0.7339204102106789,0.6893264279686242,0.7785143924527336
21,019,,15290,18936,0.8074566962399662,0.7827154020034214,0.832197990476511
21,021,,9976,12837,0.777128612604191,0.7430758986145104,0.8111813265938715
21,023,,2942,3654,0.8051450465243569,0.768168014244579,0.8421220788041348
21,025,,2976,4150,0.7171084337349397,0.6691023793406625,0.7651144881292169
21,027,,6759,8293,0.8150247196430724,0.7698504689002523,0.8601989703858925
21,029,,33374,41578,0.8026841117898889,0.7774632254639783,0.8279049981157994
21,031,,3908,4895,0.7983656792645557,0.7286134469328107,0.8681179115963007
21,033,,4268,5300,0.8052830188679245,0.7602632327739458,0.8503028049619032
21,035,,13606,17370,0.7833045480713875,0.7495385281600214,0.8170705679827536
21,037,,34284,47834,0.7167286867081992,0.6933108181145059,0.7401465553018926
21,039,,1761,2066,0.8523717328170377,0.7951612963244609,0.9095821693096146
21,041,,3563,4287,0.83111733146722655,0.7698490260874469,0.8923856368470062
21,043,,7559,9378,0.8060354020046918,0.7764384001284617,0.835632403880922
21,045,,4075,5540,0.7355595667870036,0.7020034462530766,0.7691156873209306
21,047,,22943,30551,0.7509737815456122,0.722102578264857,0.7798449848263674
21,049,,12702,16207,0.7837354229653853,0.7516946474623083,0.8157761984684624
21,051,,4724,6218,0.7597298166613059,0.7115732000870824,0.8078864332355294
21,053,,3308,4079,0.8109830840892376,0.7465355541237335,0.8754306140547417
21,055,,2339,3274,0.7144166157605376,0.6494347170805942,0.779398514440481
21,057,,1845,2082,0.8861671469740634,0.7994356518258251,0.9728986421223017
21,059,,39631,47098,0.8414582360185145,0.8233065593807509,0.8596099126562782
21,061,,3477,4594,0.7568567696996081,0.6903208055085593,0.8233927338906569
21,063,,1594,1963,0.8120224146714213,0.688292229870196,0.9357525994726467
21,065,,3783,4948,0.7645513338722716,0.7143546001258687,0.8147480676186745
21,067,,122358,167458,0.7306787373550383,0.7182202587064386,0.743137216003638
21,069,,4689,5863,0.7997612143953607,0.7630182970028183,0.8365041317879032
21,071,,9184,11073,0.8294048586652217,0.7876279878403566,0.8711817294900869
21,073,,17692,24214,0.7306516891054762,0.694525949000236,0.7667774292107163
21,075,,1538,2134,0.7207122774133083,0.652788015089744,0.7886365397368726
21,077,,3108,3968,0.7832661290322581,0.7255354565197852,0.840996801544731
21,079,,5573,7266,0.7669969721992843,0.7175611002303613,0.8164328441682073
21,081,,9124,11598,0.7866873598896361,0.7461310993093514,0.8272436204699208
21,083,,12362,15276,0.8092432573972244,0.7715423102225133,0.8469442045719354
21,085,,8244,10581,0.7791324071448823,0.7393949202816208,0.8188698940081438
21,087,,3715,4474,0.8303531515422441,0.7869893864130577,0.8737169166714305
21,089,,10931,13411,0.8150771754529863,0.7906977980259691,0.8394565528800035
21,091,,3352,3921,0.8548839581739353,0.8187873634993013,0.8909805528485693
21,093,,39068,50958,0.7666705914674831,0.7479303452314696,0.7854108377034965
21,095,,5787,7533,0.7682198327359617,0.7052661895509067,0.8311734759210168
21,097,,6702,8413,0.7966242719600618,0.746679956396726,0.8465685875233976
21,099,,5793,7596,0.7626382306477093,0.7135408488352171,0.8117356124602015
21,101,,15143,19433,0.7792414964236093,0.753264736870689,0.8052182559765296
21,103,,5200,6814,0.7631347226298797,0.7260264594325181,0.8002429858272413
21,105,,1469,1982,0.7411705348133198,0.6854673241703548,0.7968737454562849
21,107,,15732,17792,0.8842176258992805,0.8596588066036629,0.9087764451948982
21,109,,3579,4412,0.8111967361740707,0.7350032599637567,0.8873902123843848
21,111,,276920,382485,0.7240022484541877,0.7162124187685318,0.7317920781398436
21,113,,19149,25094,0.7630907786721925,0.7287077797554687,0.7974737775889164
21,115,,6367,7640,0.8333769633507854,0.7794450082779291,0.8873089184236417
21,117,,65755,87715,0.7496437325428946,0.7340507363589176,0.7652367287268717
21,119,,3187,4235,0.7525383707201889,0.6806057613503735,0.8244709800900043
21,121,,6992,8757,0.798446956720338,0.7368764844199396,0.8600174290207365
21,123,,5445,6517,0.835507135184901,0.8020578710389218,0.8689563993308803
21,125,,19973,26244,0.7610501447950008,0.7359659248078003,0.7861343647822012
21,127,,4424,5270,0.8394686907020873,0.7750009870447053,0.9039363943594693
21,129,,1694,2357,0.7187102248621129,0.6407121461758735,0.7967083035483523
21,131,,2554,3194,0.799624295554164,0.6832205418997286,0.9160280492085995
21,133,,4759,6654,0.7152088969041178,0.6734441259599452,0.7569736678482905
21,135,,3491,4533,0.770130156629164,0.7148776257695412,0.8253826874887867
21,137,,7347,9203,0.7983266326197979,0.7607699590503093,0.8358833061892864
21,139,,2934,3721,0.7884977156678312,0.7192726912738384,0.857722740061824
21,141,,9511,11253,0.8451968363991824,0.8031471375687034,0.8872465352296615
21,143,,2760,3212,0.8592777085927771,0.7888145079312099,0.9297409092543443
21,145,,24776,30327,0.8169617832294654,0.7911847743463651,0.8427387921125657
21,147,,3489,4480,0.7787946428571428,0.7036962106700629,0.8538930750442227
21,149,,3120,3771,0.8273667462211615,0.78255558146867,0.8721779109736529
21,151,,34880,45654,0.7640075349366978,0.7444491483493895,0.7835659215240062
21,153,,2273,2923,0.7776257269928156,0.7038046200655615,0.8514468339200697
21,155,,6992,8260,0.8464891041162228,0.806959357773105,0.8860188504593406
21,157,,10758,13759,0.7818882186205393,0.7399759863746579,0.8238004508664206
21,159,,2425,2797,0.8670003575259206,0.8224614891766383,0.911539225875203
21,161,,5848,7145,0.8184744576627012,0.7740958856883633,0.8628530296370391
21,163,,11534,14228,0.8106550463874052,0.7751636194368327,0.8461464733379777
21,165,,1691,2028,0.8338264299802761,0.7729913963065835,0.8946614636539687
21,167,,8115,10397,0.7805136096951043,0.7309681344056904,0.8300590849845182
21,169,,3267,4081,0.8005390835579514,0.7324785320276108,0.8685996350882921
21,171,,3914,4902,0.7984496124031008,0.7735076043108461,0.8233916204953554
21,173,,10160,12263,0.8285085215689473,0.7968536449980567,0.8601633981398379
21,175,,3549,4509,0.7870924817032602,0.737220964237351,0.8369639991691694
21,177,,10124,11766,0.8604453510113887,0.8277810162757772,0.8931096857470003
21,179,,18882,22872,0.8255508919202519,0.7921756061107204,0.8589261777297834
21,181,,2611,3105,0.840901771336554,0.7852241256731787,0.8965794169999293
21,183,,7984,9385,0.8507192328183271,0.8204342230780639,0.8810042425585902
21,185,,23872,33262,0.7176958691600024,0.6934510875729516,0.7419406507470532
21,187,,3413,4750,0.7185263157894737,0.6584618991210703,0.778590732457877
21,189,,790,1085,0.728110599078341,0.6133721191487248,0.8428490790079571
21,191,,4959,6431,0.7711086922718084,0.7189248872217129,0.823292497321904
21,193,,6940,9524,0.7286854262914741,0.6805562357495953,0.776814616833353
21,195,,15057,18934,0.7952360832365057,0.7650121624660363,0.8254600040069752
21,197,,4114,4645,0.8856835306781485,0.8395202887601588,0.9318467725961382
21,199,,20472,25695,0.7967308814944541,0.7708944380673312,0.8225673249215771
21,201,,681,771,0.8832684824902723,0.8008718623590146,0.96566510262153
21,203,,4622,5904,0.782859078590786,0.7319967951455044,0.8337213620360675
21,205,,7961,10578,0.7525997352996786,0.701135656917752,0.8040638136816052
21,207,,5778,7174,0.8054084192918873,0.7444682363960631,0.8663486021877116
21,209,,22825,29518,0.7732569957314182,0.7457058467327052,0.8008081447301311
21,211,,17776,23403,0.7595607400760587,0.7276428139123873,0.7914786662397301
21,213,,7167,9051,0.7918462048392443,0.7622814834906677,0.8214109261878209
21,215,,7608,9532,0.7981535879143936,0.7558590657717118,0.8404481100570754
21,217,,8966,11620,0.7716006884681583,0.7337066788418523,0.8094946980944644
21,219,,3769,5117,0.7365643931991401,0.6684642608892352,0.8046645255090451
21,221,,4227,5552,0.7613472622478387,0.6992187996254595,0.8234757248702178
21,223,,2804,3702,0.757428417071853,0.6582724273083651,0.856584406835341
21,225,,4561,5596,0.8150464617583989,0.7596121649262724,0.8704807585905254
21,227,,51641,68165,0.757588205090589,0.7349733083261574,0.7802031018550206
21,229,,4174,5413,0.7711065952336966,0.7156003343486309,0.8266128561187623
21,231,,5157,7137,0.7225725094577553,0.6805452420382457,0.7645997768772649
21,233,,4144,5120,0.809375,0.768159471314523,0.8505905286854769
21,235,,9872,13608,0.7254556143445032,0.687882167133123,0.7630290615558835
21,237,,1305,1590,0.8207547169811321,0.7562959578962566,0.8852134760660076
21,239,,10395,13747,0.7561649814504983,0.7199250307832739,0.7924049321177227
22,000,,1562517,1988865,0.7856325089938231,0.7823935435689621,0.7888714744186841
22,001,,18309,22198,0.8248040363996757,0.8014201640717654,0.848187908727586
22,003,,6345,7665,0.8277886497064579,0.7776932780003276,0.8778840214125883
22,005,,52413,64195,0.8164654568112781,0.7946012028768374,0.8383297107457188
22,007,,7308,8622,0.8475991649269311,0.816676393490625,0.8785219363632372
22,009,,11522,13967,0.8249445120641512,0.8014137871114317,0.8484752370168707
22,011,,12143,14578,0.8329674852517492,0.801855497729019,0.8640794727744795
22,013,,3669,4408,0.832350272232305,0.7985904663739916,0.8661100780906184
22,015,,48476,58335,0.830993400188566,0.8172563074131275,0.8447304929640046
22,017,,74478,93076,0.8001847952211096,0.7842368014938583,0.8161327889483609
22,019,,73742,91444,0.8064170421241416,0.7906734448130767,0.8221606394352065
22,021,,2864,3295,0.869195751138088,0.8160066637873268,0.9223848384888492
22,023,,1979,2169,0.9124020285846012,0.8440188266756694,0.980785230493533
22,025,,2065,2784,0.7417385057471264,0.6450307527724125,0.8384462587218403
22,027,,3379,3889,0.868860889688866,0.8343817576354373,0.9033400217422947
22,029,,5076,5777,0.8786567422537649,0.8461605852409214,0.9111528992666084
22,031,,8760,10469,0.8367561371668736,0.7944830223053274,0.8790292520284197
22,033,,158631,205418,0.7722351497921311,0.7583490288939019,0.7861212706903604
22,035,,1601,2003,0.7993010484273589,0.7224160403204679,0.87618605653425
22,037,,5827,6753,0.8628757589219606,0.8284360970122464,0.8973154208316747
22,039,,9160,11227,0.815890264540839,0.772542872578751,0.859237656502927
22,041,,5422,6776,0.8001770956316411,0.7520219911924392,0.848332200070843
22,043,,7288,8154,0.893794456708364,0.8512879450591331,0.9363009683575949
22,045,,22351,27181,0.8223023435488025,0.7910658399221641,0.8535388471754409
22,047,,9816,11713,0.8380431998633996,0.8018011579657346,0.8742852417610646
22,049,,4424,5195,0.8515880654475457,0.7862687975981211,0.9169073332969704
22,051,,153008,199979,0.7651203376354517,0.7519802293744674,0.7782604458964361
22,053,,11040,12760,0.8652037617554859,0.8207934221989551,0.9096141013120166
22,055,,95549,119217,0.8014712666817652,0.7912544310481725,0.8116881023153578
22,057,,33155,41079,0.8071033861583777,0.7843449097210782,0.8298618625956773
22,059,,4521,6042,0.7482621648460774,0.6786857602859174,0.8178385694062374
22,061,,14596,19091,0.764548740244094,0.7273351030486744,0.8017623774395136
22,063,,56104,67457,0.8317001941977853,0.8149834844799039,0.8484169039156667
22,065,,2449,2916,0.8398491083676269,0.7787792840949347,0.9009189326403192
22,067,,7610,8937,0.8515161687367125,0.8277034770965163,0.8753288603769088
22,069,,12063,14614,0.8254413576022992,0.7981148212586097,0.8527678939459887
22,071,,104124,167719,0.6208241165282407,0.6110616312676198,0.6305866017888615
22,073,,53676,68455,0.7841063472354102,0.7645010488566933,0.803711645614127
22,075,,8508,10565,0.8053005205868433,0.7500120889773899,0.8605889521962967
22,077,,7083,8120,0.8722906403940887,0.8474396560510044,0.897141624737173
22,079,,43152,53673,0.8039796545749259,0.7904211316579184,0.8175381774919335
22,081,,2474,2757,0.8973521944142183,0.8290850462394244,0.9656193425890123
22,083,,5891,7177,0.8208164971436533,0.8042480147311852,0.8373849795561215
22,085,,6026,7645,0.7882275997383911,0.7454994519294288,0.8309557475473534
22,087,,14087,18435,0.7641442907512883,0.7305340256524401,0.7977545558501365
22,089,,19846,23814,0.8333753254388175,0.7960893223005969,0.8706613285770382
22,091,,2798,3611,0.774854610911105,0.6521646942570376,0.8975445275651723
22,093,,7091,8268,0.8576439283986453,0.8123205782635079,0.9029672785337828
22,095,,13550,16547,0.8188795552063818,0.7886223439479764,0.8491367664647872
22,097,,23446,30010,0.7812729090303232,0.759657847487525,0.8028879705731214
22,099,,18404,22221,0.8282255524053823,0.8058804918426296,0.8505706129681351
22,101,,15996,18883,0.8471111581846105,0.8172679178833633,0.8769543984858577
22,103,,97082,125937,0.7708775022431851,0.754930931719659,0.7868240727667112
22,105,,46730,58292,0.80165374322377,0.7835709051329887,0.8197365813145514
22,107,,824,981,0.8399592252803262,0.7937324757750684,0.8861859747855839
22,109,,38091,45363,0.8396931419879637,0.8224857723986101,0.8569005115773174
22,111,,6731,7789,0.8641674155860829,0.827622895306018,0.9007119358661478
22,113,,19060,23257,0.8195382035516189,0.7939782771624343,0.8450981299408035
22,115,,16399,20579,0.7968803148841052,0.7624222739243629,0.8313383558438474
22,117,,11326,15560,0.7278920308483291,0.6843783681366742,0.771405693559984
22,119,,10775,13279,0.8114315837035921,0.7826580917275834,0.8402050756796009
22,121,,10580,12817,0.8254661777326988,0.7848022712437455,0.8661300842216522
22,123,,2991,3615,0.8273858921161825,0.7606773099105765,0.8940944743217886
22,125,,4652,5314,0.8754234098607452,0.8143400269561352,0.9365067927653552
22,127,,3981,4799,0.8295478224630132,0.764753539598819,0.8943421053272074
23,000,,481348,679677,0.7082011014055206,0.7025863271245583,0.713815875686483
23,001,,39908,55291,0.7217811217015427,0.7042730064703476,0.7392892369327378
23,003,,22284,28632,0.778290025146689,0.7589100507993274,0.7976699994940506
23,005,,106512,167323,0.6365652062179139,0.6253852701856065,0.6477451422502213
23,007,,9822,13592,0.7226309593878752,0.6819017948871351,0.7633601238886154
23,009,,18394,26970,0.682017055988135,0.6579363303515674,0.7060977816247026
23,011,,44294,60135,0.7365760372495219,0.7160874446560512,0.7570646298429926
23,013,,13097,19042,0.6877953996428946,0.6624170461735632,0.713173753112226
23,015,,12106,16627,0.7280928610092019,0.6952785463855231,0.7609071756328807
23,017,,19598,26561,0.7378487255750913,0.7171278054597764,0.7585696456904062
23,019,,55670,73628,0.7560982235019286,0.7366649451632132,0.7755315018406439
23,021,,5697,7622,0.7474416163736552,0.7171271246821103,0.7777561080652002
23,023,,13063,18335,0.712462503408781,0.6794082642646437,0.7455167425529183
23,025,,17240,22542,0.7647946056250554,0.7358061236890223,0.7937830875610885
23,027,,13356,18547,0.7201164608831617,0.691381108843939,0.7488518129223845
23,029,,9474,12524,0.7564675822420952,0.7313086543215703,0.7816265101626201
23,031,,80833,112306,0.7197567360604064,0.7041827640754975,0.7353307080453152
24,000,,2024501,3127685,0.6472841734381819,0.6441359126654286,0.6504324342109352
24,001,,20650,26253,0.7865767721784177,0.7640897162481189,0.8090638281087165
24,003,,221445,316236,0.7002523431867339,0.6914032463624958,0.709101440010972
24,005,,292861,421668,0.6945298196685544,0.6865510255076824,0.7025086138294264
24,009,,35102,48386,0.7254577770429463,0.6995615181788862,0.7513540359070064
24,011,,12938,15703,0.8239189963701203,0.7981894597112523,0.8496485330289884
24,013,,67334,91064,0.7394140384784328,0.723679480301479,0.7551485966553866
24,015,,36928,49031,0.7531561665069038,0.7238270292073072,0.7824853038065003
24,017,,61756,88013,0.7016690716144206,0.6814416322750336,0.7218965109538076
24,019,,11463,14562,0.7871858261227853,0.7508438999367678,0.8235277523088028
24,021,,102326,151629,0.6748445218262997,0.662080913168726,0.6876081304838735
24,023,,9864,13132,0.7511422479439537,0.7101605151834485,0.7921239807044589
24,025,,101752,135576,0.7505163155720777,0.7362073594354082,0.7648252717087471
24,027,,113876,175433,0.6491139067336248,0.6367519131031781,0.6614759003640714
24,029,,6484,9450,0.6861375661375662,0.645089980254088,0.7271851520210443
24,031,,291655,552344,0.5280314441724723,0.5196157213039222,0.5364471670410224
24,033,,294219,490191,0.6002129782064543,0.5916634631739438,0.6087624932389647
24,035,,20339,26957,0.754497904069444,0.7321445551894823,0.7768512529494056
24,037,,42647,59087,0.7217662091492206,0.6999207577831421,0.7436116605152991
24,039,,6640,8784,0.75591985428051,0.6961764804128007,0.8156632281482193
24,041,,12108,16841,0.7189596817291135,0.6948052286526141,0.743114134805613
24,043,,52506,70640,0.7432899207248018,0.7199045852524506,0.766675256197153
24,045,,40775,51556,0.7908875785553573,0.7741268709528911,0.8076482861578235
24,047,,18597,24547,0.7576078543202835,0.7284578829323518,0.7867578257082153
24,510,,150236,270602,0.5551917576366767,0.5429496755768912,0.5674338396964622
25,000,,2220613,3629298,0.611857444607745,0.609299428313829,0.6144154609016611
25,001,,79236,109841,0.7213699802441711,0.7049346824005802,0.737805278087762
25,003,,44326,62234,0.7122473246135553,0.6879415564957959,0.7365530927313148
25,005,,214027,287109,0.7454555586902535,0.7371024641372593,0.7538086532432476
25,007,,6678,11021,0.6059341257599129,0.5204852681910035,0.6913829833288223
25,009,,280866,415471,0.6760183021197629,0.6679643218310465,0.6840722824084793
25,011,,24819,35290,0.7032870501558515,0.6859355124533464,0.7206385878583565
25,013,,159156,209421,0.7599810907215608,0.747758565813018,0.7722036156301036
25,015,,51675,80118,0.6449861454354827,0.628800478652661,0.6611718122183045
25,017,,481891,888792,0.5421864733255924,0.5362839742042786,0.5480889724469062
25,019,,5494,8095,0.6786905497220507,0.6175284269483818,0.7398526724957195
25,021,,220941,385073,0.5737639356693406,0.5659289378115017,0.5815989335271795
25,023,,191620,271717,0.7052190330380507,0.6949792567762092,0.7154588092998921
25,025,,151736,428123,0.3544215097063227,0.34599632233025784,0.36284669708238754
25,027,,308148,436993,0.7051554601561123,0.698957185469818,0.7113537348424066
26,000,,3445716,4639810,0.7426416167903427,0.7408357184077818,0.7444475151729035
26,001,,2775,3701,0.7497973520670089,0.7082004338735303,0.7913942702604876
26,003,,2083,2906,0.7167928423950447,0.6635792264371149,0.7700064583529745
26,005,,45191,57296,0.7887287070650656,0.7723144427587441,0.8051429713713871
26,007,,9234,11941,0.7733020685034754,0.7485234595246645,0.7980806774822863
26,009,,7675,10548,0.7276260902540767,0.698747764113628,0.7565044163945253
26,011,,4835,6100,0.7926229508196722,0.7637096978289818,0.8215362038103625
26,013,,2278,2861,0.7962250961202377,0.7427331886116563,0.8497170036288192
26,015,,22680,28585,0.7934231240160924,0.7854600746916428,0.801386173340542
26,017,,39060,47604,0.8205192840937736,0.8036586980624908,0.8373798701250564
26,019,,6151,8026,0.7663842511836532,0.7449567568058161,0.7878117455614903
26,021,,52325,68444,0.7644936006077961,0.7482196963056315,0.7807675049099608
26,023,,15081,19199,0.7855096619615605,0.7551056794758033,0.8159136444473176
26,025,,46526,58233,0.7989627874229389,0.7869282071139604,0.8109973677319174
26,027,,17996,23241,0.7743212426315563,0.7434914098755879,0.8051510753875247
26,029,,9111,12188,0.747538562520512,0.7248089469902989,0.7702681780507251
26,031,,8085,10596,0.7630237825594564,0.7383646399360296,0.7876829251828831
26,033,,11575,15076,0.7677765985672592,0.7450575118799133,0.7904956852546051
26,035,,7585,10547,0.7191618469707026,0.6870460299707506,0.7512776639706547
26,037,,29808,39229,0.7598460322720436,0.7420614479589591,0.7776306165851281
26,039,,3739,5031,0.7431922083084874,0.6877283027758918,0.798656113841083
26,041,,12123,14840,0.8169137466307278,0.7922446523366196,0.841582840924836
26,043,,9070,11740,0.772572402044293,0.7382604388383697,0.8068843652502163
26,045,,38561,53315,0.7232673731595236,0.7084407268774672,0.73809401944158
26,047,,12333,16502,0.7473639558841353,0.7220081004970567,0.7727198112712139
26,049,,134312,171153,0.7847481493166932,0.7748924346279009,0.7946038640054855
26,051,,7550,9346,0.8078322276909908,0.7811893101281588,0.8344751452538228
26,053,,4879,6009,0.8119487435513396,0.7768607136371164,0.8470367734655628
26,055,,34113,48250,0.7070051813471503,0.6837884526877538,0.7302219100065468
26,057,,13569,16990,0.7986462625073573,0.7790218091505374,0.8182707158641771
26,059,,15209,19811,0.767704810458836,0.7491920249200567,0.7862175959976153
26,061,,10672,16749,0.6371723684996119,0.6072335120012595,0.6671112249979643
26,063,,10683,13537,0.7891704218068996,0.7725827253537929,0.8057581182600062
26,065,,91636,138634,0.6609922529826738,0.6470539195920768,0.6749305863732709
26,067,,24062,30563,0.7872918234466512,0.7634421912474788,0.8111414556458235
26,069,,7544,9472,0.7964527027027027,0.7642272264782117,0.8286781789271938
26,071,,3337,4361,0.7651914698463655,0.7314762995371943,0.7989066401555368
26,073,,22619,30616,0.7387967076038673,0.7136566323702727,0.7639367828374619
26,075,,54419,68901,0.7898143713443927,0.7759307530875988,0.8036979896011865
26,077,,99463,129826,0.7661254294209172,0.7538639296909974,0.7783869291508371
26,079,,6277,7828,0.8018650996423097,0.7627048403587638,0.8410253589258555
26,081,,249423,340801,0.7318728524857615,0.7244572787865273,0.7392884261849957
26,083,,532,801,0.6641697877652933,0.5999000160039014,0.7284395595266853
26,085,,3532,4443,0.7949583614674769,0.7507670226898435,0.8391497002451103
26,087,,32159,40476,0.7945202095068683,0.771908369204023,0.8171320498097137
26,089,,7077,9387,0.7539149888143176,0.7278756624719742,0.779954315156661
26,091,,34430,43563,0.7903496086128137,0.7739535120566304,0.8067457051689969
26,093,,74730,98084,0.7618979650095836,0.7502075952805015,0.7735883347386657
26,095,,1479,1987,0.7443381982888777,0.6787941912294576,0.8098822053482978
26,097,,2919,4437,0.6578769438810007,0.6317679681256084,0.683985919636393
26,099,,321836,423414,0.7600976821739479,0.7526688081736119,0.7675265561742839
26,101,,7579,9844,0.769910605444941,0.750108018367764,0.7897131925221181
26,103,,24297,31471,0.7720441040958342,0.7528211226378235,0.791267085553845
26,105,,9034,12443,0.7260306999919633,0.6958248091149332,0.7562365908689935
26,107,,13261,17392,0.7624770009199632,0.7460182402487073,0.778935761591219
26,109,,7990,10160,0.7864173228346457,0.7693470772928633,0.8034875683764281
26,111,,29315,37864,0.7742182548066765,0.7557568031645174,0.7926797064488356
26,113,,5264,6534,0.8056320783593511,0.785395614008667,0.8258685427100353
26,115,,57458,70475,0.8152962043277758,0.7967740962342842,0.8338183124212675
26,117,,23484,28998,0.8098489551003517,0.7877363334582821,0.8319615767424213
26,119,,2455,3209,0.7650358367092552,0.7229045052388915,0.807167168179619
26,121,,62010,76661,0.8088858741733085,0.7965959851746884,0.8211757631719285
26,123,,16595,21508,0.771573368049098,0.7453002711804835,0.7978464649177126
26,125,,464268,651199,0.7129433552569951,0.7077839167742893,0.718102793739701
26,127,,8683,11264,0.7708629261363636,0.7514754455945004,0.7902504066782269
26,129,,6135,7717,0.7949980562394713,0.7636518679269141,0.8263442445520285
26,131,,1425,2091,0.6814921090387375,0.6264403070785403,0.7365439109989347
26,133,,7218,9235,0.781591770438549,0.7602396896283419,0.8029438512487561
26,135,,1940,2786,0.6963388370423547,0.6359964578327343,0.756681216251975
26,137,,9343,12333,0.757561015162572,0.7267764443803384,0.7883455859448056
26,139,,118262,152829,0.773819105012792,0.7614463641943239,0.7861918458312602
26,141,,3604,4809,0.7494281555416926,0.710845246380479,0.7880110647029063
26,143,,6080,8210,0.7405602923264312,0.7046173398136067,0.7765032448392556
26,145,,62514,80478,0.776783717289197,0.7574789297135534,0.7960885048648407
26,147,,59272,74143,0.7994281321230595,0.7852325451749633,0.8136237190711557
26,149,,19553,27025,0.7235152636447734,0.7030993246894838,0.743931202600063
26,151,,13041,16717,0.7801040856613028,0.7609444869321487,0.799263684390457
26,153,,2545,3212,0.7923412204234122,0.7363945453647985,0.8482878954820258
26,155,,25165,31606,0.7962095804594065,0.7780177340725496,0.8144014268462634
26,157,,18183,21972,0.8275532495903878,0.8101936449629298,0.8449128542178458
26,159,,25413,33296,0.76324483421432,0.744477308467861,0.782012359960779
26,161,,108495,182655,0.5939886671593989,0.5843348554643742,0.6036424788544236
26,163,,530628,738356,0.7186614587001392,0.7114722460248041,0.7258506713754743
26,165,,10866,14130,0.7690021231422506,0.738869612164672,0.7991346341198292
27,000,,2024933,2939889,0.6887787259995191,0.6859543983657768,0.6916030536332614
27,001,,4554,6132,0.7426614481409002,0.7213389983781179,0.7639838979036825
27,003,,139332,191607,0.7271759382486026,0.7165684400687018,0.7377834364285034
27,005,,12162,16179,0.7517151863526794,0.7200720388645147,0.7833583338408442
27,007,,16306,21221,0.7683898025540737,0.7421441779461344,0.7946354271620131
27,009,,17434,22077,0.7896906282556507,0.7641775410839466,0.8152037154273548
27,011,,1607,2186,0.7351326623970723,0.6994851402344637,0.7707801845596809
27,013,,27918,36956,0.7554389003138868,0.7349620944968015,0.7759157061309722
27,015,,10397,13023,0.7983567534362283,0.7724211439409905,0.824292362931466
27,017,,12926,16421,0.7871627793678826,0.7656773661377808,0.8086481925979844
27,019,,40595,60171,0.6746605507636569,0.6564221785971609,0.692898922930153
27,021,,9427,12875,0.7321941747572815,0.7162355923423832,0.7481527571721799
27,023,,4393,5655,0.7768346595932802,0.7443464132145293,0.8093229059720312
27,025,,21789,28936,0.753006635333149,0.7345970075750804,0.7714162630912177
27,027,,25155,33753,0.7452670873700116,0.721971334785333,0.7685628399546901
27,029,,2638,3504,0.7528538812785388,0.7174030345131167,0.7883047280439609
27,031,,1800,2858,0.6298110566829951,0.5803242743074721,0.679297839058518
27,033,,3843,5359,0.7171114013808546,0.6767948367358413,0.7574279660258679
27,035,,22896,31013,0.7382710476251895,0.7174624421797522,0.7590796530706267
27,037,,160212,236304,0.6779910623603493,0.6680862509696831,0.6878958737510156
27,039,,8282,11081,0.7474054688205035,0.711914287878951,0.7828966497620561
27,041,,15291,19373,0.7892943787745832,0.7716962432345639,0.8068925143146025
27,043,,5068,6668,0.7600479904019196,0.7386609771864074,0.7814350036174318
27,045,,7871,10709,0.734989261368942,0.7153393264257234,0.7546391963121607
27,047,,11304,14231,0.7943222542337152,0.7688004167772794,0.8198440916901509
27,049,,18576,23681,0.7844263333474093,0.7647788760249448,0.8040737906698738
27,051,,2071,2865,0.7228621291448517,0.6952510878152645,0.750473170474439
27,053,,411361,686167,0.5995056597009183,0.593601311191503,0.6054100082103336
27,055,,7130,9463,0.75346084751136,0.7232650229754941,0.7836566720472259
27,057,,7098,9681,0.7331887201735358,0.7092981431574031,0.7570792971896684
27,059,,16368,21413,0.764395460701443,0.7384905286507473,0.7903003927521388
27,061,,14453,18949,0.7627315425616128,0.737306320682003,0.7881567644412226
27,063,,3879,5097,0.761035903472631,0.7299850463939052,0.7920867605513567
27,065,,5791,7468,0.7754418853776112,0.7540843485511661,0.7967994222040562
27,067,,17138,21488,0.7975614296351452,0.7739813210957288,0.8211415381745616
27,069,,1423,1898,0.7497365648050579,0.7232201741399037,0.7762529554702121
27,071,,3743,5296,0.7067598187311178,0.6445206472721269,0.7689989901901088
27,073,,2262,3118,0.7254650416933932,0.689207248119534,0.7617228352672524
27,075,,3554,4747,0.7486833789761955,0.706178368208097,0.7911883897442941
27,077,,1547,2037,0.7594501718213058,0.7066478852502452,0.8122524583923664
27,079,,12019,15033,0.7995077496175081,0.7768161880612345,0.8221993111737818
27,081,,1876,2671,0.7023586671658555,0.6731405875238146,0.7315767468078964
27,083,,9076,12638,0.7181516062668144,0.6861586020765185,0.7501446104571103
27,085,,14980,18998,0.7885040530582167,0.7677257008471999,0.8092824052692335
27,087,,1442,1961,0.7353391126976032,0.6927368848426739,0.7779413405525325
27,089,,3167,4167,0.7600191984641229,0.7369055910857099,0.783132805842536
27,091,,7441,9307,0.7995057483614484,0.7742484524284312,0.8247630442944656
27,093,,9361,11549,0.8105463676508788,0.7884360176163163,0.8326567176854414
27,095,,10035,13131,0.7642220699108979,0.7469149228088846,0.7815292170129112
27,097,,12652,15979,0.7917892233556543,0.7744195376647347,0.8091589090465738
27,099,,14567,19059,0.7643108242824912,0.7418221472938867,0.7867995012710957
27,101,,2946,3964,0.743188698284561,0.7076093525507758,0.7787680440183462
27,103,,12751,18175,0.7015680880330124,0.6699685041259067,0.7331676719401181
27,105,,7184,9788,0.7339599509603596,0.7073730604765387,0.7605468414441805
27,107,,2214,2999,0.7382460820273424,0.7012818544279993,0.7752103096266856
27,109,,57343,85722,0.6689414619350925,0.6528844652081854,0.6849984586619996
27,111,,20976,27869,0.7526642506010263,0.7395730462155877,0.7657554549864648
27,113,,5537,7404,0.7478390059427337,0.7159042032007382,0.7797738086847291
27,115,,9851,12972,0.7594048720320691,0.7430691282750128,0.7757406157891253
27,117,,3480,4496,0.7740213523131673,0.727971439335291,0.8200712652910436
27,119,,11785,15049,0.7831085121935012,0.7632744463690738,0.8029425780179286
27,121,,4122,5664,0.7277542372881356,0.7053472289828608,0.7501612455934104
27,123,,171849,274937,0.6250486475083383,0.6161977350389234,0.6338995599777533
27,125,,1450,1980,0.7323232323232324,0.6923653036127676,0.77228116103369715
27,127,,5394,7024,0.7679384965831435,0.7507075781892782,0.7851694149770088
27,129,,5485,6964,0.7876220562894888,0.7624004740337097,0.8128436385452679
27,131,,22504,33116,0.6795506703708177,0.6510770172465514,0.708024323495084
27,133,,3885,5011,0.7752943524246657,0.7462074313427987,0.8043812735065328
27,135,,5613,7506,0.7478017585931255,0.7259076961520909,0.76969582103416
27,137,,71049,95866,0.7411282415037657,0.7288206177086977,0.7534358652988337
27,139,,59909,84977,0.705002530096379,0.6892487177724561,0.720756342420302
27,141,,40767,54055,0.7541763019147165,0.7342817633760695,0.7740708404533635
27,143,,5892,7558,0.7795713151627415,0.76150264773447,0.797639982591013
27,145,,62221,83346,0.7465385261440262,0.7349773703693154,0.7580996819187369
27,147,,14797,18442,0.8023533239344973,0.7728768576965382,0.8318297901724564
27,149,,3480,4901,0.7100591715976331,0.6746479800868148,0.7454703631084514
27,151,,3348,4340,0.7714285714285715,0.7447436023139524,0.7981135405431905
27,153,,8095,11305,0.7160548429898275,0.6888876908501126,0.7432219951295423
27,155,,991,1411,0.702338766832034,0.6697346719338232,0.7349428617302448
27,157,,8189,11037,0.7419588656337773,0.7166813474839601,0.7672363837835946
27,159,,4884,6283,0.7773356676746777,0.7500738781477082,0.8045974572016471
27,161,,7422,9218,0.8051638099370796,0.7722256055279902,0.8381020143461689
27,163,,93759,141463,0.6627810805652361,0.6455427947862383,0.6800193663442339
27,165,,3666,5020,0.7302788844621514,0.6976936405854477,0.7628641283388551
27,167,,2291,2953,0.7758211987809008,0.7229675359215314,0.8286748616402703
27,169,,20860,27369,0.7621761847345537,0.7350188490871918,0.7893335203819156
27,171,,59137,78990,0.7486643878972021,0.7352296238747889,0.7620991519196154
27,173,,3597,4562,0.7884699693117054,0.7706995174792404,0.8062404211441705
28,000,,1017486,1243121,0.8184931314007244,0.8154532593453531,0.8215330034560958
28,001,,9045,10236,0.8836459554513482,0.8625854552673214,0.9047064556353749
28,003,,11941,14548,0.8208001099807534,0.779275004307616,0.8623252156538908
28,005,,3068,3892,0.7882836587872559,0.7047254856920316,0.8718418318824802
28,007,,6048,7529,0.8032939301368044,0.7701740827352387,0.8364137775383701
28,009,,2835,3206,0.8842794759825328,0.8135332234053345,0.955025728559731
28,011,,8784,10205,0.8607545320921117,0.8157373498541097,0.9057717143301137
28,013,,4521,5200,0.869423076923077,0.8306906968910591,0.9081554569550948
28,015,,2985,3816,0.7822327044025157,0.7170691731761357,0.8473962356288957
28,017,,5272,6409,0.8225932282727415,0.7924307217925259,0.8527557347529571
28,019,,2534,3011,0.8415808701428097,0.7970587023181804,0.88610303796743894
28,021,,2012,2341,0.8594617684750107,0.6712361785238101,1
28,023,,4741,5695,0.832484635645303,0.7797507650003122,0.8852185062902937
28,025,,6487,7386,0.8782832385594368,0.844424368746983,0.9121421083718906
28,027,,5870,7400,0.7932432432432432,0.7442127340778174,0.8422737524086691
28,029,,8805,10588,0.8316018133736305,0.7873634206173322,0.8758402061299287
28,031,,6039,7173,0.8419071518193224,0.7916578896234782,0.8921564140151667
28,033,,77706,95491,0.8137520813479804,0.7999500547918205,0.8275541079041403
28,035,,28785,35711,0.8060541569824424,0.7924308453485852,0.8196774686162996
28,037,,2347,2802,0.837615988579586,0.7576290628637836,0.9176029142953883
28,039,,7584,8960,0.8464285714285714,0.8126747217622713,0.8801824210948715
28,041,,2518,3439,0.7321895899970922,0.6631206621983374,0.8012585177958469
28,043,,7783,8936,0.8709713518352731,0.830257041803008,0.9116856618675382
28,045,,16016,20653,0.7754805597249794,0.7359657456801485,0.8149953737698103
28,047,,72432,92652,0.7817640202046368,0.7670032881702878,0.7965247522389857
28,049,,70282,93042,0.7553792910728488,0.7354062200638884,0.7753523620818092
28,051,,4305,5096,0.8447802197802198,0.7993113170258617,0.8902491225345779
28,053,,2081,2514,0.8277645186953063,0.807475524705506,0.8480535126851066
28,055,,154,186,0.8279569892473119,0.6805206564146301,0.9753933220799936
28,057,,9107,10541,0.8639597761123233,0.8325920903980255,0.8953274618266212
28,059,,52311,63890,0.8187666301455627,0.8033666779190202,0.8341665823721053
28,061,,5488,6226,0.8814648249277225,0.8370348468382164,0.9258948030172286
28,063,,2143,2429,0.8822560724578016,0.7865179073594493,0.9779942375561539
28,065,,3722,4342,0.8572086596038692,0.8371256434285357,0.8772916757792026
28,067,,22558,27421,0.8226541701615551,0.8004857652022452,0.8448225751208649
28,069,,2818,3374,0.8352104327208062,0.7708635224781272,0.8995573429634852
28,071,,20168,25819,0.7811301754521863,0.7479518354404721,0.8143085154639006
28,073,,24980,30745,0.8124898357456497,0.7909567726661257,0.8340228988251737
28,075,,23623,29677,0.796003639181858,0.7786158809584278,0.8133913974052882
28,077,,3376,4032,0.8373015873015873,0.8028988051801194,0.8717043694230553
28,079,,6675,8169,0.8171134777818583,0.7944022376904459,0.8398247178732706
28,081,,32691,38018,0.8598821610815929,0.8330868014691876,0.8866775206939982
28,083,,7912,9688,0.8166804293971924,0.7689033117362829,0.864457547058102
28,085,,11701,13780,0.8491291727140784,0.8036577270240804,0.8946006184040763
28,087,,20760,24079,0.8621620499190166,0.8323050836446764,0.8920190161933568
28,089,,43093,53939,0.7989210033556425,0.7761433526575918,0.8216986540536932
28,091,,7956,9400,0.8463829787234043,0.8033870751354555,0.8893788823113531
28,093,,12231,14153,0.8641984031654066,0.8381545284079784,0.8902422779228348
28,095,,11398,13620,0.8368575624082232,0.7992236116078208,0.8744915132086255
28,097,,3117,3799,0.8204790734403791,0.7410381604609209,0.8999199864198373
28,099,,9300,11401,0.8157179194807473,0.7827682935826961,0.8486675453787986
28,101,,6324,8038,0.7867628763373974,0.7284163036539223,0.8451094490208725
28,103,,2996,3373,0.8882300622591165,0.8226259004508631,0.9538342240673698
28,105,,18311,22436,0.8161436976288109,0.7795800487148925,0.8527073465427293
28,107,,10646,12220,0.8711947626841244,0.8343791038467906,0.9080104215214583
28,109,,18069,23485,0.7693847136470088,0.7426144118247685,0.796155015469249
28,111,,3422,4310,0.7939675174013922,0.7160366889794945,0.8718983458232898
28,113,,11893,14490,0.8207729468599034,0.8016878343187451,0.8398580594010617
28,115,,11955,13679,0.8739673952774326,0.8437261178542167,0.9042086727006485
28,117,,8912,10420,0.855278310940499,0.8034531620097916,0.9071034598712064
28,119,,1638,2028,0.8076923076923077,0.7355366612294928,0.8798479541551226
28,121,,62666,76875,0.8151674796747967,0.7982198338624287,0.8321151254871648
28,123,,8917,10500,0.8492380952380952,0.8186636655104528,0.8798125249657377
28,125,,1190,1537,0.7742355237475602,0.7276285275754842,0.8208425199196362
28,127,,8163,10380,0.7864161849710982,0.7517475206207516,0.8210848493214449
28,129,,4581,5377,0.8519620606286034,0.7992156701425122,0.9047084511146946
28,131,,5958,6933,0.8593682388576374,0.7957461470804095,0.9229903306348652
28,133,,6978,8650,0.8067052023121387,0.7531500737298283,0.8602603308944491
28,135,,3428,4247,0.8071579938780316,0.7352029232286215,0.8791130645274416
28,137,,10786,12294,0.8773385391247763,0.8416281246516869,0.9130489535978658
28,139,,7910,9362,0.8449049348429822,0.8197106570917159,0.8700992125942486
28,141,,7018,7806,0.8990520112733794,0.8631509763723129,0.934953046174446
28,143,,3161,3644,0.8674533479692645,0.7795870274323913,0.9553196685061378
28,145,,10521,11534,0.9121727067799549,0.886931453116252,0.9374139604436578
28,147,,4075,5017,0.8122383894757823,0.7544620860825708,0.8700146928689938
28,149,,16310,18628,0.8755636675971655,0.8663430395977686,0.8847842955965625
28,151,,13806,16221,0.851118919918624,0.8309009461004799,0.871336893736768
28,153,,6505,7646,0.8507716453047345,0.7956088111335126,0.9059344794759564
28,155,,3598,3991,0.9015284389877224,0.8560056841522223,0.9470511938232224
28,157,,1830,2278,0.8033362598770851,0.7189464687652429,0.8877260509889273
28,159,,5576,6594,0.8456172277828329,0.8189248846989478,0.872309570866718
28,161,,4096,4947,0.8279765514453203,0.7817133966318294,0.8742397062588113
28,163,,6139,7522,0.8161393246477001,0.7657722489564347,0.8665064003389655
29,000,,2215039,2959377,0.7484815216175567,0.7458815203601807,0.7510815228749326
29,001,,8394,10783,0.7784475563386812,0.7445360434546975,0.812359069222665
29,003,,7387,8750,0.8442285714285714,0.8239507680554048,0.8645063748017381
29,005,,2073,2531,0.8190438561833268,0.7690769678057421,0.8690107445609114
29,007,,8359,10001,0.8358164183581642,0.8058059826290818,0.8658268540872467
29,009,,10740,14845,0.7234759178174469,0.6881034431374752,0.7588483924974186
29,011,,4067,4832,0.8416804635761589,0.7887469791015527,0.8946139480507651
29,013,,5629,6982,0.806215983958751,0.7830201909786744,0.8294117769388277
29,015,,5206,6796,0.7660388463802237,0.7250095967002229,0.8070680960602244
29,017,,3709,4751,0.7806777520521996,0.7460428461887834,0.8153126579156158
29,019,,73052,97568,0.7487290915054116,0.7340269556944734,0.7634312273163497
29,021,,30685,38334,0.800464339750613,0.7840693774823767,0.8168593020188494
29,023,,13450,17157,0.783936585650172,0.7566311210265331,0.8112420502738109
29,025,,3136,4023,0.7795177728063634,0.742509574141664,0.8165259714710628
29,027,,15311,20189,0.7583832780226856,0.7329289072798815,0.7838376487654897
29,029,,13135,17733,0.7407094118310494,0.7060730968061475,0.7753457268559514
29,031,,33702,41763,0.8069822570217656,0.7833698740587544,0.8305946399847769
29,033,,2893,3807,0.7599159443131074,0.7188020249538193,0.8010298636723955
29,035,,1530,2231,0.6857911250560287,0.5951299751797225,0.7764522749323348
29,037,,42532,55894,0.7609403513793968,0.7414256243843197,0.7804550783744738
29,039,,4361,5704,0.7645511921458625,0.7006499492615608,0.8284524350301643
29,041,,2685,3358,0.7995830851697439,0.7762403431484084,0.8229258271910793
29,043,,34772,44189,0.7868926655955102,0.7673755554626872,0.8064097757283332
29,045,,2021,2594,0.7791056283731689,0.7264492673698607,0.831761989376477
29,047,,99904,133585,0.7478683983980238,0.7369997540107077,0.7587370427853398
29,049,,7568,9454,0.800507721599323,0.7719691806992648,0.8290462624993813
29,051,,29596,37931,0.7802588911444465,0.7578557289314117,0.8026620533574812
29,053,,5921,7443,0.7955125621389225,0.7685065797853865,0.8225185444924585
29,055,,7564,9341,0.8097634086286265,0.7763888014803717,0.8431380157768813
29,057,,2383,3132,0.7608556832694764,0.7142254064242528,0.8074859601147
29,059,,4696,6359,0.7384808932222048,0.6739663409083991,0.8029954455360104
29,061,,2604,3817,0.6822111605973278,0.6409069122799567,0.7235154089146989
29,063,,3160,4128,0.7655038759689923,0.7188050517064757,0.8122027002315089
29,065,,4661,5604,0.8317273376159886,0.7990416830165471,0.8644129922154301
29,067,,3341,4347,0.7685760294455947,0.703085812592713,0.8340662462984764
29,069,,8673,10637,0.8153614740998402,0.7878721357494654,0.842850812450215
29,071,,38788,49738,0.7798463951103783,0.7604614263130443,0.7992313639077124
29,073,,5742,6787,0.8460291734197731,0.8184731171396091,0.8735852296999371
29,075,,2250,2833,0.7942110836569009,0.7609000478811101,0.8275221194326916
29,077,,113871,149872,0.759788352727661,0.749261795021181,0.770314910434141
29,079,,3167,3971,0.7975321077814153,0.7612907652817299,0.8337734502811006
29,081,,2670,3373,0.7915801956715091,0.7655651861622996,0.8175952051807185
29,083,,7432,9426,0.7884574580946319,0.7553726001175344,0.8215423160717293
29,085,,1949,2524,0.7721870047543582,0.722428774389514,0.8219452351192024
29,087,,1594,1990,0.8010050251256281,0.7684868496899879,0.8335232005612683
29,089,,3356,4436,0.7565374211000901,0.730070848630586,0.7830039935695943
29,091,,12718,16384,0.7762451171875,0.7430548923277847,0.8094353420472153
29,093,,2978,3778,0.7882477501323452,0.766471265283675,0.8100242349810153
29,095,,260255,358002,0.7269652124848465,0.7171531028830486,0.7367773220866444
29,097,,46330,57912,0.8000069070313579,0.7835780236890969,0.8164357903736189
29,099,,92126,115830,0.7953552620219287,0.7776386593504354,0.8130718646934221
29,101,,21633,27349,0.7909978426999159,0.768909772533841,0.8130859128659909
29,103,,1076,1711,0.6288720046756283,0.5574255583279755,0.7003184510232812
29,105,,12588,16129,0.7804575609151219,0.7575595274199869,0.8033555944102568
29,107,,12495,15745,0.793585265163544,0.7624274803219431,0.8247430500051449
29,109,,12894,16907,0.762642692375939,0.7238777973872759,0.801407587364602
29,111,,3589,4423,0.8114401989599819,0.7522853773113751,0.8705950206085886
29,113,,23962,29939,0.8003607334914326,0.7672616685127004,0.8334597984701647
29,115,,4407,5524,0.7977914554670529,0.7577960290953426,0.8377868818387632
29,117,,5242,6244,0.8395259449071109,0.8000257068370975,0.8790261829771242
29,119,,7014,9465,0.7410459587955626,0.7157264168148353,0.7663655007762898
29,121,,5119,6554,0.7810497406164174,0.7470445349359986,0.8150549462968362
29,123,,3951,5309,0.744207948766246,0.6746377630082483,0.8137781345242436
29,125,,2778,3514,0.790552077404667,0.7228205853788735,0.8582835694304606
29,127,,9627,12424,0.7748712169993561,0.7477041693829782,0.802038264615734
29,129,,1060,1453,0.729525120440468,0.6553546518717309,0.8036955890092051
29,131,,8669,10942,0.7922683238895997,0.756652801027084,0.8278838467521153
29,133,,3744,4439,0.8434332056769542,0.7863302704078461,0.9005361409460624
29,135,,4823,6539,0.7375745526838966,0.686738999622663,0.7884101057451302
29,137,,2836,3534,0.8024900962082626,0.7536579641286258,0.8513222282878994
29,139,,3817,5060,0.7543478260869565,0.7169982891468403,0.7916973630270727
29,141,,5174,8043,0.6432923038667164,0.6006441636426155,0.6859404440908173
29,143,,5429,6271,0.865731143358316,0.8390185975447182,0.8924436891719139
29,145,,20699,26500,0.7810943396226415,0.7523116531318557,0.8098770261134274
29,147,,7886,9954,0.7922443238898935,0.7622465844282102,0.8222420633515768
29,149,,2436,3189,0.7638758231420508,0.7009166806924721,0.8268349655916295
29,151,,5285,6615,0.798941798941799,0.7652942513980513,0.8325893464855466
29,153,,2212,3046,0.7261982928430729,0.6472994898781248,0.805097095808021
29,155,,4416,5530,0.7985533453887884,0.7601852668258623,0.8369214239517145
29,157,,7524,8926,0.8429307640600493,0.8088723691604393,0.8769891589596593
29,159,,14994,19739,0.7596129489842444,0.7354887962334627,0.783737101735026
29,161,,13657,19053,0.7167900068230725,0.6844182609481563,0.7491617526979887
29,163,,5454,6717,0.8119696292987941,0.7772578848704667,0.8466813737271216
29,165,,42968,58554,0.7338183557058442,0.7142106683219223,0.7534260430897661
29,167,,11060,14094,0.7847310912445012,0.7521759701314187,0.8172862123575838
29,169,,17181,27823,0.6175106925924595,0.600834796161787,0.634186589023132
29,171,,1538,2014,0.7636544190665343,0.6660577139715212,0.8612511241615474
29,173,,3550,4397,0.807368660450307,0.7760637490830139,0.8386735718176
29,175,,8472,10456,0.8102524866105585,0.7766356157439127,0.8438693574772043
29,177,,8219,10704,0.7678437967115097,0.7341971062562178,0.8014904871668016
29,179,,1670,2239,0.7458686913800804,0.6792173543433386,0.8125200284168221
29,181,,2955,4008,0.7372754491017964,0.6972738513327029,0.7772770468708899
29,183,,163152,220969,0.7383479130556775,0.7271235054736949,0.7495723206376601
29,185,,2939,3894,0.7547508988186954,0.7206613236860707,0.7888404739513201
29,186,,7211,8393,0.8591683545811987,0.8337889648151358,0.8845477443472616
29,187,,21290,26778,0.7950556426917619,0.774272430886489,0.8158388544970347
29,189,,349336,489741,0.7133076462865066,0.7061070653560344,0.7205082272169787
29,195,,8287,10362,0.7997490831885736,0.775624689830394,0.8238734765467532
29,197,,1288,1585,0.8126182965299684,0.7600664085775318,0.865170184482405
29,199,,1630,2078,0.7844080846968239,0.7298887472792064,0.8389274221144414
29,201,,14647,17628,0.8308940322214659,0.8003949499649416,0.86139311447799
29,203,,2041,2492,0.8190208667736758,0.7743827761395385,0.8636589574078131
29,205,,1981,2500,0.7924,0.7332401601090752,0.8515598398909248
29,207,,10666,12208,0.8736893840104849,0.8599024298065084,0.8874763382144614
29,209,,9139,12354,0.7397604014893961,0.6977360065582212,0.7817847964205711
29,211,,1920,2573,0.7462106490478041,0.6848510665393167,0.8075702315562915
29,213,,18350,25217,0.7276837054368085,0.6992065985273095,0.7561608123463075
29,215,,6691,8939,0.7485177312898534,0.6965798163201651,0.8004556462595418
29,217,,6053,8278,0.7312152693887413,0.6789368355367561,0.7834937032407264
29,219,,14279,17747,0.8045866907082887,0.7778995437464499,0.8312738376701275
29,221,,7499,9189,0.8160844487974752,0.7787109295179486,0.8534579680770018
29,223,,2921,3874,0.7540010325245224,0.7235448218223544,0.7844572432266905
29,225,,13389,16976,0.7887016965127238,0.7560358777318833,0.8213675152935643
29,227,,684,858,0.7972027972027972,0.7348107789878966,0.8595948154176978
29,229,,5964,7305,0.8164271047227926,0.76895030131619,0.8639039081293951
29,510,,95453,148914,0.6409941308406194,0.6252861539050455,0.6567021077761933
30,000,,384757,540910,0.7113142666987115,0.7042263039003428,0.7184022294970801
30,001,,3331,4577,0.7277692811885514,0.6717295241938785,0.7838090381832243
30,003,,3026,4582,0.6604103011785246,0.61288741536968006,0.7079331869873692
30,005,,1597,2670,0.59812734082397,0.5331339084128291,0.6631207732351109
30,007,,2802,3720,0.7532258064516129,0.7006235587540441,0.8058280541491816
30,009,,3204,5218,0.6140283633576082,0.5553025525308138,0.6727541741844026
30,011,,277,592,0.46790540540540543,0.3804062640147297,0.5554045467960812
30,013,,31352,40504,0.7740470077029429,0.756815105489863,0.7912789099160228
30,015,,1598,2327,0.6867211001289214,0.6281403216172974,0.7453018786405454
30,017,,4451,6230,0.714446227929374,0.6710789983701116,0.7578134574886363
30,019,,615,798,0.7706766917293233,0.666366679418309,0.8749867040403376
30,021,,3636,4306,0.8444031583836508,0.776300384299476,0.9125059324678255
30,023,,3393,4507,0.7528289327712447,0.6948096086141005,0.810848256928389
30,025,,1021,1251,0.8161470823341327,0.7429592869881992,0.8893348776800661
30,027,,3713,5809,0.6391805818557411,0.5862490027600383,0.6921121609514439
30,029,,38250,53461,0.7154748321206112,0.690143654279713,0.7408060099615095
30,031,,48218,70276,0.6861232853321191,0.6674509718766923,0.7047955987875458
30,033,,192,490,0.39183673469387753,0.34250296465987956,0.4411705047278755
30,035,,3102,4816,0.6441029900332226,0.5860179115166539,0.7021880685497912
30,037,,174,383,0.45430809399477806,0.31958045222192233,0.5890357357676338
30,039,,1006,1501,0.670219853431046,0.5958846920417098,0.7445550148203821
30,041,,5060,7061,0.7166123778501629,0.6781162935925122,0.7551084621078135
30,043,,4479,6006,0.7457542457542458,0.7033386401244837,0.7881698513840079
30,045,,621,1066,0.5825515947467167,0.5293427458231557,0.6357604436702777
30,047,,9224,13289,0.6941079087967492,0.6597426312023306,0.7284731863911679
30,049,,24975,36698,0.6805547986266282,0.6542087652875924,0.7069008319656639
30,051,,364,782,0.46547314578005117,0.36572862771607684,0.5652176638440255
30,053,,4299,7199,0.5971662730934852,0.5349053397756925,0.6594272064112779
30,055,,536,829,0.646562123039807,0.5694898924150156,0.7236343536645984
30,057,,2556,4140,0.6173913043478261,0.5708472983419901,0.663935310353662
30,059,,736,1086,0.6777163904235728,0.5764431532149797,0.7789896276321658
30,061,,1457,2033,0.7166748647319232,0.6548513476984328,0.7784983817654136
30,063,,45913,66469,0.6907430531525974,0.672111878298074,0.7093742280071209
30,065,,1231,2082,0.5912584053794429,0.5209015659032222,0.6616152448556635
30,067,,5647,8604,0.6563226406322641,0.6049493262927443,0.7076959549717838
30,069,,117,235,0.4978723404255319,0.37527317927803105,0.6204715015730328
30,071,,1113,1832,0.607532751091703,0.5211868747103983,0.6938786274730078
30,073,,1784,2562,0.6963309914129586,0.6512918998728126,0.7413700829531047
30,075,,410,802,0.5112219451371571,0.4594446298000829,0.5629992604742314
30,077,,1823,2433,0.7492807233867653,0.6909033993479421,0.8076580474255886
30,079,,267,538,0.4962825278810409,0.42789226751101817,0.5646727882510636
30,081,,14599,20109,0.725993336317072,0.6941237842981766,0.7578628883359674
30,083,,4196,5735,0.7316477768090671,0.6762695069445711,0.7870260466735631
30,085,,2895,3787,0.7644573541061527,0.7388098460416571,0.7901048621706482
30,087,,2279,3120,0.7304487179487179,0.6755907874387925,0.7853066484586433
30,089,,2789,4316,0.6462001853568119,0.5961655214375675,0.6962348492760563
30,091,,1153,1779,0.6481169196177627,0.5647794067700043,0.7314544324655212
30,093,,12818,16756,0.7649797087610408,0.732304330721388,0.7976550868006936
30,095,,2710,4489,0.6036979282691023,0.5541982620306091,0.6531975945075955
30,097,,1296,1937,0.6690758905524006,0.6131379206191628,0.7250138604856383
30,099,,1830,2893,0.632561354994815,0.5875090707411127,0.6776136392485174
30,101,,1532,2181,0.7024300779458964,0.6382849375546359,0.7665752183371569
30,103,,250,390,0.6410256410256411,0.5068391804811562,0.775212101570126
30,105,,2443,3562,0.6858506457046603,0.617104346038199,0.7545969453711215
30,107,,432,823,0.5249088699878494,0.42685624812323264,0.6229614918524661
30,109,,387,516,0.75,0.6693821546896075,0.8306178453103925
30,111,,65578,84753,0.773754321380954,0.7604840732070337,0.7870245695548743
31,000,,771030,1013728,0.7605886391615897,0.7569736845424118,0.7642035937807676
31,001,,12927,15765,0.8199809705042816,0.7904271206854644,0.8495348203230989
31,003,,2392,3041,0.7865833607365998,0.7549850392932974,0.8181816821799023
31,005,,166,238,0.6974789915966386,0.6126523108564189,0.7823056723368583
31,007,,295,390,0.7564102564102564,0.5998763459154874,0.9129441669050253
31,009,,131,226,0.5796460176991151,0.47713886471034006,0.68215317068789
31,011,,1860,2574,0.7226107226107226,0.6727762432395785,0.7724452019818666
31,013,,4220,5080,0.8307086614173228,0.7850590035885772,0.8763583192460684
31,015,,546,754,0.7241379310344828,0.7196697097018397,0.7286061523671258
31,017,,997,1406,0.7091038406827881,0.6364022210081266,0.7818054603574496
31,019,,22278,27391,0.8133328465554379,0.7968506401297457,0.8298150529811301
31,021,,2221,3116,0.712772785622593,0.6801024376365223,0.7454431336086638
31,023,,3386,4262,0.7944626935710933,0.7466266456364905,0.8422987415056962
31,025,,11129,14306,0.7779253460086677,0.7498893049452744,0.805961387072061
31,027,,3399,4272,0.7956460674157303,0.7644795459209982,0.8268125889104624
31,029,,1325,1718,0.7712456344586729,0.7226096809221624,0.8198815879951834
31,031,,1876,2811,0.6673781572394166,0.6095578368551448,0.7251984776236885
31,033,,3462,4710,0.7350318471337579,0.67821517608481,0.7918485181827059
31,035,,2546,3093,0.8231490462334303,0.7863860196712371,0.8599120727956235
31,037,,4087,5310,0.7696798493408663,0.7040560153426958,0.8353036833390368
31,039,,3832,4570,0.838512035010941,0.8144822096069879,0.862541860414894
31,041,,3965,5012,0.7911013567438149,0.7550283234665661,0.8271743900210636
31,043,,7833,10402,0.753028263795424,0.705496090062839,0.800560437528009
31,045,,3047,4207,0.7242690753506061,0.6668187945822405,0.7817193561189718
31,047,,9831,12480,0.7877403846153846,0.7551523177693957,0.8203284514613736
31,049,,698,856,0.8154205607476636,0.7446039323666671,0.88623718912866
31,051,,2079,2733,0.7607025246981339,0.7117076529333669,0.809697396462901
31,053,,15215,18196,0.8361727852275226,0.8148016589490186,0.8575439115060266
31,055,,217683,304027,0.7159989079917244,0.7069190965433136,0.7250787194401351
31,057,,716,920,0.7782608695652173,0.7075239613177791,0.8489977778126556
31,059,,2190,2938,0.7454050374404356,0.7170905830389436,0.7737194918419277
31,061,,1135,1309,0.86707410236822,0.821661821532168,0.912486383204272
31,063,,992,1211,0.8191577208918249,0.7640499268828762,0.8742655149007736
31,065,,1590,2055,0.7737226277372263,0.7366567866711348,0.8107884688033179
31,067,,8896,10565,0.8420255560814008,0.8172036829938256,0.8668474291689761
31,069,,502,721,0.6962552011095701,0.6092335847495514,0.7832768174695888
31,071,,653,877,0.7445838084378563,0.6573970654803137,0.8317705513953989
31,073,,706,969,0.7285861713106295,0.6869621335530393,0.7702102090682198
31,075,,240,323,0.7430340557275542,0.6146586847408859,0.8714094267142225
31,077,,736,997,0.7382146439317954,0.6765536487417709,0.7998756391218198
31,079,,24069,30325,0.7937015663643858,0.7732110743175877,0.8141920584111839
31,081,,3674,4687,0.7838702794964796,0.7380493408721139,0.8296912181208452
31,083,,992,1371,0.7235594456601021,0.6806546501183098,0.7664642412018944
31,085,,326,419,0.7780429594272077,0.6971725471904333,0.8589133716639821
31,087,,861,1065,0.8084507042253521,0.7243117427744035,0.8925896656763008
31,089,,3889,4954,0.7850222042793702,0.7429088712175641,0.8271355373411763
31,091,,259,329,0.7872340425531915,0.5753860872028816,0.9990819979035014
31,093,,2567,3178,0.8077407174323474,0.7531416471911,0.8623397876735949
31,095,,2472,3309,0.7470534904805077,0.6633319646528264,0.8307750163081891
31,097,,1556,2059,0.7557066537153958,0.6959809885734998,0.8154323188572918
31,099,,2890,3573,0.8088441085922194,0.7675032812001177,0.8501849359843212
31,101,,3126,3951,0.7911921032649962,0.7486316052959586,0.8337526012340338
31,103,,221,383,0.577023498694517,0.5216163219325145,0.6324306754565194
31,105,,1237,1498,0.8257676902536716,0.7678094165730426,0.8837259639343006
31,107,,3004,3876,0.7750257997936016,0.7457849015263014,0.8042666980609019
31,109,,128956,173735,0.7422568854865168,0.7314475595491623,0.7530662114238713
31,111,,14080,16414,0.8578043133910077,0.8288874079487747,0.8867212188332407
31,113,,276,398,0.6934673366834171,0.5707155024697976,0.81621917089703655
31,115,,246,307,0.8013029315960912,0.7731660567987887,0.8294398063933938
31,117,,165,259,0.637065637065637,0.4774974749132087,0.7966337992180653
31,119,,13996,17655,0.7927499291985274,0.7626545035683451,0.8228453548287097
31,121,,3224,3932,0.8199389623601221,0.7872357592442031,0.8526421654760411
31,123,,1636,2095,0.7809069212410501,0.7434144969776397,0.8183993455044605
31,125,,1288,1620,0.7950617283950617,0.7476201676646873,0.84250328912543615
31,127,,2796,3394,0.8238067177371833,0.7786026052988289,0.8690108301755377
31,129,,1461,2109,0.6927453769559033,0.6513177156913542,0.7341730382204524
31,131,,6725,8159,0.8242431670547862,0.7966829513493272,0.8518033827602451
31,133,,697,995,0.700502512562814,0.6281557751964918,0.7728492499291363
31,135,,1181,1479,0.7985125084516566,0.7420630239591213,0.8549619929441918
31,137,,3794,4575,0.8292896174863388,0.7866903824353353,0.8718888525373423
31,139,,2986,3626,0.8234969663541092,0.779566341848603,0.8674275908596154
31,141,,14163,17712,0.7996273712737128,0.7754777494249095,0.823776993122516
31,143,,2097,2777,0.7551314368023047,0.7119082491016457,0.7983546245029636
31,145,,4494,5168,0.8695820433436533,0.8242509998876246,0.914913086799682
31,147,,3008,3711,0.8105631905146861,0.769109788431396,0.8520165925979761
31,149,,491,651,0.7542242703533026,0.672165533838229,0.8362830068683763
31,151,,5840,7427,0.7863201831156591,0.7428887492007493,0.8297516170305689
31,153,,83166,106573,0.780366509341015,0.7672068114163456,0.7935262072656845
31,155,,9360,12103,0.7733619763694952,0.7412835622761171,0.8054403904628733
31,157,,14130,17246,0.81932042212687,0.78526474627268,0.85337609798106
31,159,,7237,9155,0.7904969961769525,0.7671187814264632,0.8138752109274418
31,161,,1502,2341,0.6416061512174285,0.5685576128589944,0.7146546895758625
31,163,,1082,1400,0.7728571428571429,0.7455648685949482,0.8001494171193376
31,165,,431,551,0.7822141560798548,0.6507279906438516,0.913700321515858
31,167,,2389,2919,0.8184309695101062,0.781313652557735,0.8555482864624774
31,169,,2008,2427,0.8273588792748249,0.8000230681957596,0.8546946903538901
31,171,,221,326,0.6779141104294478,0.5696683031728315,0.7861599176860642
31,173,,2247,2695,0.8337662337662337,0.7879792164446197,0.8795532510878478
31,175,,1703,2059,0.8271005342399222,0.793159646746988,0.8610414217328565
31,177,,8214,10760,0.7633828996282528,0.7344878951602198,0.7922779040962857
31,179,,3522,4967,0.7090799275216428,0.6738599448908125,0.7442999101524732
31,181,,1374,1731,0.7937608318890814,0.7437385373882784,0.8437831263898844
31,183,,325,458,0.7096069868995634,0.6326270636707194,0.7865869101284073
31,185,,5594,7011,0.7978890315218942,0.7577808426726768,0.8379972203711116
32,000,,1043400,1479885,0.7050547846623217,0.7011651834427227,0.7089443858819208
32,001,,8668,11438,0.7578247945445008,0.704112611082477,0.8115369780065246
32,003,,764473,1079990,0.707851924554857,0.7035995260198792,0.7121043230898348
32,005,,15286,20710,0.7380975374215355,0.7147451331041393,0.7614499417389317
32,007,,16580,26302,0.6303703140445593,0.5979162469307853,0.6628243811583334
32,009,,254,351,0.7236467236467237,0.5256466947567278,0.9216467525367196
32,011,,346,490,0.7061224489795919,0.5425095919570552,0.8697353060021286
32,013,,5432,7791,0.6972147349505841,0.641269668921114,0.7531598009800541
32,015,,1870,2478,0.7546408393866021,0.6813675876982933,0.8279140910749109
32,017,,848,1621,0.5231338679827268,0.38582671550969816,0.6604410204557554
32,019,,20524,26794,0.7659923863551541,0.7337162644891868,0.7982685082211214
32,021,,1314,1670,0.7868263473053893,0.6712955205886613,0.9023571740221172
32,023,,12854,17658,0.727942009287575,0.695920512652536,0.7599635059226141
32,027,,1674,2188,0.7650822669104205,0.6677733740152698,0.8623911598055711
32,029,,1216,1735,0.700864553314121,0.5848127635462834,0.8169163430819586
32,031,,170964,248976,0.6866685945633314,0.6776086692114721,0.6957285199151907
32,033,,2528,3394,0.7448438420742487,0.6772685610530389,0.8124191230954585
32,510,,18569,26299,0.7060724742385642,0.6793426128936958,0.7328023355834327
33,000,,529020,734959,0.7197952538849106,0.7131714898989502,0.726419017870871
33,001,,24948,32670,0.7636363636363637,0.7360868855030344,0.791185841769693
33,003,,17945,24595,0.7296198414311852,0.6926223194630071,0.7666173633993633
33,005,,28719,38441,0.7470929476340366,0.7215237651109925,0.7726621301570806
33,007,,10186,13419,0.7590729562560549,0.7340845697508399,0.7840613427612698
33,009,,30545,45513,0.6711269307670336,0.648768850523792,0.6934850110102752
33,011,,166933,236086,0.707085553569462,0.6953490160967635,0.7188220910421605
33,013,,58441,79894,0.7314817132700828,0.7166650168289078,0.7462984097112578
33,015,,123916,171858,0.7210371353093833,0.7060634711713385,0.7360107994474281
33,017,,51133,71417,0.7159779884341263,0.6953761877298362,0.7365797891384164
33,019,,16254,21066,0.7715750498433495,0.7386135204218456,0.8045365792648533
34,000,,2851331,4582367,0.6222397725891444,0.6199317881935119,0.6245477569847769
34,001,,92594,127636,0.7254536337710363,0.7119486662823142,0.7389586012597584
34,003,,287275,487054,0.5898216624850633,0.5816256533134333,0.5980176716566933
34,005,,172944,237719,0.7275144182837721,0.714965374592719,0.7400634619748251
34,007,,171750,254202,0.6756437793565747,0.666861493065452,0.6844260656476975
34,009,,31296,42984,0.7280848687883864,0.7102404350566179,0.7459293025201549
34,011,,47763,62425,0.765126151381658,0.7430049411362308,0.7872473616270851
34,013,,211670,401962,0.5265920659166787,0.5157432281878473,0.5374409036455101
34,015,,113971,152788,0.7459420896929079,0.7358895581518802,0.7559946212339356
34,017,,125480,381869,0.3285943608933954,0.31988947297001646,0.3372992488167743
34,019,,45871,66032,0.6946783377756239,0.676120505071772,0.7132361704794759
34,021,,111079,184365,0.6024950505790144,0.5885332015480151,0.6164568996100137
34,023,,264426,431309,0.6130778629706313,0.603623717844891,0.6225320080963715
34,025,,209190,324037,0.6455744251428077,0.6356495692935026,0.6554992809921129
34,027,,177782,268168,0.662950090987739,0.6538666608341531,0.672033521141325
34,029,,208095,276027,0.7538936408394831,0.7454964717828813,0.7622908098960849
34,031,,158998,244507,0.6502799510852451,0.6408163707505897,0.6597435314199004
34,033,,23094,28796,0.8019863869981942,0.7791227987708038,0.8248499752255847
34,035,,118824,186280,0.6378784625295254,0.6261183773040557,0.6496385477549951
34,037,,58374,76459,0.7634680024588342,0.7477858586695703,0.7791501462480981
34,039,,176721,290048,0.6092819119593998,0.600301380576258,0.6182624433425417
34,041,,44134,57700,0.7648873483535529,0.744800880101275,0.7849738166058308
35,000,,674708,916223,0.7364015092395628,0.7312477938051729,0.7415552246739527
35,001,,228443,321963,0.709531840615226,0.7011580911552594,0.7179055900751926
35,003,,519,1057,0.4910122989593188,0.3965729134008129,0.5854516845178247
35,005,,21240,25958,0.8182448570768164,0.7953424768720148,0.841147237281618
35,006,,5911,8237,0.7176156367609566,0.6519812654442817,0.7832500080776316
35,007,,3102,4494,0.6902536715620827,0.6131428220895515,0.76736452103461394
35,009,,17344,21193,0.8183834284905394,0.7964187760520938,0.8403480809289849
35,011,,634,732,0.8661202185792349,0.6922109507095674,1
35,013,,71678,95579,0.7499346090668453,0.7301326670775273,0.7697365510561632
35,015,,21775,27302,0.7975606182697238,0.7716406656251736,0.823480570914274
35,017,,6966,9631,0.7232893780500467,0.6637935050081534,0.78278525109194
35,019,,1399,1748,0.8003432494279176,0.7020497732674227,0.8986367255884125
35,021,,201,252,0.7976190476190477,0.6321120538065259,0.9631260414315694
35,023,,1460,1664,0.8774038461538461,0.8105024226639574,0.9443052696437348
35,025,,22986,30392,0.7563174519610424,0.7217989265459027,0.790835977376182
35,027,,5806,8173,0.7103878624739998,0.6484493204241297,0.7723264045238698
35,028,,7551,10510,0.7184586108468125,0.665349802782117,0.771567418911508
35,029,,6477,8277,0.782529902138456,0.7301377126998765,0.8349220915770355
35,031,,18844,23593,0.7987114822193023,0.7788910598169746,0.8185319046216301
35,033,,1144,1524,0.7506561679790026,0.638442716626317,0.8628696193316882
35,035,,22231,28415,0.7823684673587894,0.7514774698957425,0.8132594648218363
35,037,,2838,3538,0.8021481062747314,0.7365454618320658,0.867750750717397
35,039,,12179,15797,0.770969171361651,0.7376274566353536,0.8043108860879484
35,041,,6988,8631,0.8096396709535396,0.766221594088309,0.8530577478187702
35,043,,48942,68738,0.7120079141086444,0.6963195205766906,0.7276963076405982
35,045,,37943,45485,0.8341870946465868,0.8190890431027632,0.8492851461904104
35,047,,7955,10764,0.7390375325157934,0.6959136383353873,0.7821614266961995
35,049,,48767,71640,0.6807230597431603,0.6642956476096668,0.6971504718766538
35,051,,2522,3490,0.7226361031518624,0.6497485412859455,0.7955236650177794
35,053,,3109,4977,0.6246734980912196,0.5251291914990196,0.7242178046834197
35,055,,9549,14963,0.6381741629352402,0.5782880692661176,0.6980602566043628
35,057,,4773,6201,0.7697145621673923,0.7175431397326435,0.8218859846021411
35,059,,1064,1304,0.8159509202453987,0.7283779799955871,0.9035238604952104
35,061,,22368,30001,0.7455751474950835,0.7138821892144607,0.7772681057757063
36,000,,4538595,9306567,0.4876766051326982,0.48629556447372246,0.489057645791674
36,001,,104942,157251,0.6673534667506089,0.6576764503188389,0.6770304831823789
36,003,,14181,18918,0.749603552172534,0.7326714212020412,0.7665356831430269
36,005,,128459,545887,0.23532159586141455,0.22852314891060746,0.24212004281222163
36,007,,61189,84206,0.7266584328907679,0.713110682916171,0.7402061828653649
36,009,,23919,31566,0.7577456757270481,0.7411559164155598,0.7743354350385364
36,011,,26889,34115,0.7881870145097465,0.7720373269535244,0.8043367020659685
36,013,,39576,52584,0.7526243724326791,0.7364036416432219,0.7688451032221363
36,015,,27483,35236,0.7799693495288909,0.7637120391859333,0.7962266598718484
36,017,,15962,20372,0.7835264087963872,0.7655308079624958,0.8015220096302786
36,019,,27289,35660,0.7652551878855861,0.7414564630711539,0.7890539127000183
36,021,,18802,28209,0.666524867949945,0.6423136254250229,0.6907361104748672
36,023,,16285,22525,0.7229744728079911,0.7012036737458359,0.7447452718701463
36,025,,13316,18714,0.711552848135086,0.6863425009936853,0.7367631952764867
36,027,,100948,145916,0.6918226925080183,0.6778177652501578,0.7058276197658788
36,029,,328191,453372,0.7238889918212859,0.7169114493518862,0.7308665342906855
36,031,,11763,16722,0.7034445640473628,0.6725207817167465,0.7343683463779791
36,033,,14073,18746,0.750720153632775,0.7193432306775361,0.7820970765880139
36,035,,19691,24383,0.807570848542017,0.7854970406837447,0.8296446564002893
36,037,,22464,27458,0.818122223031539,0.8051593505518312,0.8310850955112469
36,039,,15643,21412,0.7305716420698674,0.7051789246642631,0.7559643594754716
36,041,,1575,2130,0.7394366197183099,0.6990513428319726,0.7798218966046472
36,043,,20830,26990,0.7717673212300852,0.7440309253740464,0.799503717086124
36,045,,42189,54359,0.7761180301330046,0.7586325593989555,0.7936035008670538
36,047,,212734,1208610,0.17601542267563564,0.17230530705450545,0.17972553829676582
36,049,,8833,11622,0.7600240922388574,0.7340099894445912,0.7860381950331236
36,051,,20734,27311,0.7591812822672184,0.7426955308045056,0.7756670337299312
36,053,,22788,30392,0.7498025796262174,0.7291322358077195,0.7704729234447154
36,055,,258321,364537,0.7086276564518827,0.700666970069294,0.7165883428344715
36,057,,17144,22663,0.7564753121828531,0.7287498102628944,0.7842008141028118
36,059,,412126,679059,0.6069074999374134,0.6014997680171402,0.6123152318576867
36,061,,48514,860693,0.05636620723068504,0.053258955230642495,0.05947345923072759
36,063,,75307,97726,0.7705932914475165,0.7561328202733397,0.7850537626216934
36,065,,74272,99808,0.7441487656300096,0.7316911864127443,0.756606344847275
36,067,,159411,222268,0.7172017564381737,0.7090342814562199,0.7253692314201275
36,069,,40222,53649,0.7497250647728756,0.7319617033845319,0.7674884261612193
36,071,,122481,183632,0.666991591879411,0.651629824561176,0.6823533591976461
36,073,,13106,17516,0.7482301895409911,0.714915526788579,0.7815448522934032
36,075,,41006,52327,0.7836489766277448,0.7661732421338673,0.8011247111216223
36,077,,18586,26338,0.7056724124838636,0.6841863346416356,0.7271584903260916
36,079,,34021,49140,0.6923280423280423,0.6677848759613126,0.716871208694772
36,081,,342465,1090454,0.314057264222058,0.30909641948147487,0.3190181089626411
36,083,,56173,77780,0.7222036513242479,0.7098088231048192,0.7345984795436766
36,085,,114127,221153,0.5160544962085072,0.5040579545614886,0.5280510378555258
36,087,,94422,145803,0.6475998436246168,0.6313754512073374,0.6638242360418961
36,089,,32810,43847,0.7482838050493762,0.7250443164214869,0.7715232936772655
36,091,,90263,122396,0.7374669106833557,0.7255406987479459,0.7493931226187655
36,093,,53786,75504,0.7123596100868829,0.6924890224592184,0.7322301977145473
36,095,,9850,13147,0.7492203544534874,0.7186906226893723,0.7797500862176026
36,097,,5889,7695,0.7653021442495127,0.7299797482675432,0.8006245402314822
36,099,,10728,14113,0.7601502161128038,0.7320762820220152,0.7882241502035923
36,101,,30776,40490,0.7600889108421832,0.7466604815529051,0.7735173401314613
36,103,,552301,766432,0.7206131789904389,0.7157210116312109,0.7255053463496668
36,105,,24723,34584,0.7148681471200555,0.6913384165610572,0.7383978776790538
36,107,,17419,21583,0.8070703794653199,0.7878345489144593,0.8263062100161805
36,109,,25562,49438,0.5170516606658846,0.4900492486737887,0.5440540726579806
36,111,,56712,82336,0.6887874076952973,0.6704187038785326,0.707156111512062
36,113,,24194,31298,0.7730206402965045,0.751213161249524,0.7948281193434851
36,115,,22099,27431,0.8056213772738872,0.7800065993423789,0.8312361552053954
36,117,,33021,42433,0.7781915018971084,0.7524753874508033,0.8039076163434135
36,119,,245662,487062,0.5043752130118958,0.4957415709847038,0.5130088550390878
36,121,,13361,17402,0.7677853120330996,0.7466984499444056,0.7888721741217937
36,123,,6987,10164,0.6874262101534829,0.6508272327913396,0.7240251875156263
37,000,,3636052,5084515,0.7151226813176871,0.7128611442650238,0.7173842183703504
37,001,,65056,83488,0.7792257569950173,0.761361881953294,0.7970896320367405
37,003,,13336,15707,0.8490481950722608,0.8259070210876995,0.8721893690568221
37,005,,3260,4317,0.7551540421589067,0.6989754186141792,0.8113326657036342
37,007,,6541,8866,0.7377622377622378,0.6842027384370724,0.7913217370874033
37,009,,8915,11236,0.7934318262726949,0.7589655919112157,0.8278980606341741
37,011,,5032,6437,0.7817306198539692,0.7334741508335713,0.8299870888743671
37,013,,15931,19332,0.8240740740740741,0.7918527517960151,0.856295396352133
37,015,,5222,6287,0.8306028312390648,0.7997364088397111,0.8614692536384184
37,017,,8847,11142,0.7940226171243941,0.7553974535417687,0.8326477807070196
37,019,,45647,61266,0.7450625142819834,0.7253129135607705,0.7648121150031963
37,021,,90934,129061,0.7045815544587443,0.691025041126315,0.7181380677911735
37,023,,33390,39855,0.8377869777945051,0.8225949005878863,0.8529790550011238
37,025,,85191,117786,0.7232693189343385,0.7063916005175722,0.7401470373511049
37,027,,29357,35960,0.8163793103448276,0.7891816789259345,0.8435769417637207
37,029,,4290,5479,0.782989596641723,0.7261445453625411,0.8398346479209048
37,031,,23902,30511,0.7833895971944544,0.7646247628261252,0.8021544315627837
37,033,,7115,8857,0.8033194083775544,0.7550535598617936,0.8515852568933153
37,035,,60504,75857,0.797606021856915,0.7799697875874377,0.8152422561263922
37,037,,25327,37242,0.6800655174265614,0.6545491800770522,0.7055818547760706
37,039,,9319,11721,0.7950686801467451,0.758688177668564,0.8314491826249263
37,041,,4633,5922,0.7823370482944951,0.7225883409982395,0.8420857555907507
37,043,,3487,4409,0.7908822862327058,0.7096208055626692,0.8721437669027425
37,045,,36266,44120,0.821985494106981,0.8014626488153026,0.8425083393986593
37,047,,16092,19311,0.8333074413546683,0.8002321993190878,0.8663826833902487
37,049,,35941,46178,0.7783143488241154,0.7578511562613157,0.7987775413869151
37,051,,118101,156208,0.7560496261395063,0.7465960203886897,0.765503231890323
37,053,,12361,15603,0.7922194449785298,0.76303677122595,0.8214021187311096
37,055,,13859,19066,0.7268960453162698,0.695723219386163,0.7580688712463767
37,057,,61783,78107,0.7910046474707773,0.7729802750881803,0.8090290198533742
37,059,,15792,20069,0.7868852459016393,0.7646378911419375,0.8091326006613412
37,061,,16766,21398,0.7835311711374895,0.7503482305482775,0.8167141117267015
37,063,,108976,173792,0.6270484257042902,0.6124893310906865,0.6416075203178939
37,065,,15888,20193,0.7868073094636755,0.7583770449720905,0.8152375739552605
37,067,,133500,181037,0.7374183178024382,0.7281030407806728,0.7467335948242035
37,069,,26688,34725,0.7685529157667387,0.7486006537908206,0.7885051777426567
37,071,,84450,110116,0.7669185222855898,0.7519480052082195,0.7818890393629601
37,073,,3717,4448,0.8356564748201439,0.7883425537440012,0.8829703958962867
37,075,,2482,3037,0.8172538689496214,0.7692806940306904,0.8652270438685523
37,077,,19735,25059,0.7875414022905942,0.7599611895282278,0.8151216150529607
37,079,,6770,8171,0.8285399583894261,0.7990775076663394,0.8580024091125127
37,081,,193461,264008,0.7327846125874974,0.7225863329502991,0.7429828922246957
37,083,,13519,17753,0.7615050977299611,0.7254314048406983,0.7975787906192239
37,085,,47393,60105,0.7885034522918226,0.7680524924986727,0.8089544120849725
37,087,,21678,27689,0.7829101809382787,0.7556091324799546,0.8102112293966027
37,089,,40906,53540,0.764026895778857,0.7401592870974053,0.7878945044603086
37,091,,6133,7774,0.7889117571391819,0.7570933397833555,0.8207301744950084
37,093,,17932,22604,0.7933109184215184,0.7660975342852663,0.8205243025577704
37,095,,1225,1748,0.7008009153318078,0.5780561280329475,0.8235457026306681
37,097,,70489,95807,0.7357395597398937,0.7193084326676308,0.7521706868121566
37,099,,15013,18989,0.7906156195692243,0.7487098688746299,0.8325213702638188
37,101,,86895,114601,0.7582394568982819,0.7411005795276839,0.7753783342688798
37,103,,3281,4006,0.8190214677983025,0.7713994114867349,0.8666435241098702
37,105,,24088,30034,0.8020243723779716,0.772912422522598,0.8311363222333453
37,107,,18164,22044,0.8239883868626383,0.7916012850902187,0.856375488635058
37,109,,33226,43596,0.7621341407468575,0.738181011562481,0.786087269931234
37,111,,15896,19054,0.8342605227248872,0.8125851169135672,0.8559359285362071
37,113,,13072,16285,0.8027018728891618,0.7600033885301685,0.8454003572481552
37,115,,7366,9654,0.7629997928319867,0.722540331919307,0.8034592537446664
37,117,,7024,9255,0.7589411129119394,0.7121033059761878,0.8057789198476911
37,119,,362635,619000,0.5858400646203554,0.5782938865276831,0.5933862427130278
37,121,,5107,6465,0.7899458623356536,0.754568920317096,0.8253228043542111
37,123,,9107,10843,0.8398967075532602,0.8050295850024642,0.8747638301040561
37,125,,34898,45329,0.7698824152308676,0.7478467612326316,0.7919180692291037
37,127,,34810,43199,0.8058056899465266,0.7827875464215558,0.8288238334714974
37,129,,85900,121342,0.7079164675050683,0.692043439209406,0.7237894958007306
37,131,,5411,6550,0.8261068702290076,0.7885749981575092,0.8636387423005061
37,133,,70281,106923,0.657304789427906,0.6398550670786316,0.6747545117771805
37,135,,40220,72751,0.5528446344380146,0.5364194057196418,0.5692698631563874
37,137,,3484,4316,0.8072289156626506,0.7565022574110343,0.857955573914267
37,139,,13249,18207,0.7276871532926896,0.686162496420724,0.7692118101646552
37,141,,22517,30293,0.743307034628462,0.7187261377401191,0.767887931516805
37,143,,4460,5450,0.818348623853211,0.759710006979993,0.8769872407264291
37,145,,13980,18320,0.7631004366812227,0.7081334685357946,0.8180674048266509
37,147,,62229,82587,0.7534963129790403,0.7326594100102793,0.7743332159478012
37,149,,6080,8635,0.704111175448755,0.6582531056044968,0.7499692452930132
37,151,,55424,67701,0.8186585131681955,0.8023798242575201,0.8349372020788709
37,153,,14666,17292,0.8481378672218367,0.8244098893756434,0.87186584506803
37,155,,36204,42442,0.8530229489656472,0.8419323048116983,0.8641135931195961
37,157,,31754,39634,0.801180804359893,0.7775017804533954,0.8248598282663907
37,159,,52076,66757,0.7800829875518672,0.7545284314564099,0.8056375436473245
37,161,,21249,26662,0.7969769709699197,0.7605662981131813,0.8333876438266581
37,163,,19754,23962,0.8243886153075703,0.7991992117018158,0.8495780189133249
37,165,,10048,12127,0.8285643605178528,0.8070717993278694,0.8500569217078361
37,167,,22402,28630,0.782465944813133,0.7607271547104406,0.8042047349158254
37,169,,16393,19663,0.8336978080659105,0.8021294051994249,0.8652662109323962
37,171,,24413,31241,0.7814410550238469,0.7640515366624844,0.7988305733852094
37,173,,4749,5909,0.8036892875275005,0.7705797992265334,0.8367987758284675
37,175,,9719,13209,0.7357862063744417,0.699632765477104,0.7719396472717794
37,177,,783,1193,0.6563285834031852,0.5092934290998078,0.8033637377065627
37,179,,86998,124925,0.6964018411046627,0.683212046519879,0.7095916356894465
37,181,,13498,17348,0.778072400276689,0.749410538795378,0.806734261758
37,183,,380153,619080,0.6140611875686502,0.6072683103599175,0.620854064777383
37,185,,5293,7071,0.7485504171970019,0.7043744384618511,0.7927263959321527
37,187,,2843,3552,0.8003941441441441,0.7222834012408121,0.8785048870474761
37,189,,18603,25655,0.7251218086143052,0.6921655124738394,0.758078104754771
37,191,,43405,53375,0.8132084309133489,0.7930587302357087,0.8333581315909891
37,193,,22415,28302,0.7919934986926719,0.7675834824481387,0.8164035149372051
37,195,,27107,34077,0.7954632156586554,0.7676563826762453,0.8232700486410656
37,197,,14465,16810,0.8604997025580012,0.8275718770031752,0.8934275281128272
37,199,,6106,7766,0.7862477465876899,0.7413403296720456,0.8311551635033343
38,000,,317566,407488,0.7793260169624627,0.7743857815927885,0.784266252332137
38,001,,780,957,0.8150470219435737,0.7828909609005302,0.8472030829866172
38,003,,4204,5265,0.7984805318138651,0.7632414882578599,0.8337195753698704
38,005,,1514,2050,0.7385365853658536,0.6859048085817115,0.7911683621499958
38,007,,386,555,0.6954954954954955,0.5771743620941113,0.8138166288968797
38,009,,2238,2856,0.7836134453781513,0.7461365899805892,0.8210903007757133
38,011,,1023,1421,0.7199155524278676,0.6504453440333327,0.7893857608224026
38,013,,686,965,0.7108808290155441,0.6424372867433211,0.779324371287767
38,015,,40737,51462,0.7915937973650461,0.7760550559637419,0.8071325387663503
38,017,,86848,111035,0.7821677849326789,0.7735152823052235,0.7908202875601343
38,019,,1262,1714,0.7362893815635939,0.6914384305918451,0.7811403325353428
38,021,,1799,2553,0.7046611829220525,0.6645911114728951,0.7447312543712099
38,023,,794,1047,0.7583572110792741,0.6638638488456361,0.8528505733129121
38,025,,1233,1859,0.6632598171059709,0.6156456299353776,0.7108740042765642
38,027,,858,1138,0.7539543057996485,0.6763510457505116,0.8315575658487854
38,029,,993,1440,0.6895833333333333,0.6324978654565345,0.7466688012101321
38,031,,1442,1822,0.7914379802414928,0.7290166758298334,0.8538592846531522
38,033,,654,788,0.8299492385786802,0.7838026409138057,0.8760958362435547
38,035,,31504,40318,0.7813879656729005,0.7624100785976973,0.8003658527481037
38,037,,644,1018,0.6326129666011788,0.573516894512768,0.6917090386895897
38,039,,792,1078,0.7346938775510204,0.7075182076989676,0.7618695474030733
38,041,,831,1133,0.733451015004413,0.6512573850834442,0.8156446449253818
38,043,,675,1055,0.6398104265402843,0.552523053597571,0.7270977994829976
38,045,,1525,2083,0.7321171387421987,0.6878247480681647,0.7764095294162328
38,047,,544,842,0.6460807600950119,0.5696410136197088,0.7225205065703151
38,049,,1739,2458,0.7074857607811229,0.6586832355543972,0.7562882860078486
38,051,,771,1205,0.6398340248962655,0.5786638952859882,0.7010041545065429
38,053,,5434,6971,0.7795151341270979,0.7233951371047523,0.8356351311494435
38,055,,3415,4571,0.7471012907460074,0.7161819896126872,0.7780205918793276
38,057,,3098,3625,0.8546206896551725,0.7972331678452327,0.9120082114651122
38,059,,14323,18277,0.7836625266728675,0.7487937094560094,0.8185313438897256
38,061,,3305,4304,0.7678903345724907,0.7203917929669941,0.8153888761779873
38,063,,1010,1412,0.7152974504249292,0.6864326432940828,0.7441622575557756
38,065,,628,790,0.7949367088607595,0.7121676950869662,0.8777057226345528
38,067,,2413,3204,0.7531210986267166,0.7123443594913315,0.7938978377621018
38,069,,1534,1889,0.8120698782424564,0.7409768763493549,0.8831628801355578
38,071,,4868,6122,0.7951649787651094,0.7478710437377046,0.8424589137925141
38,073,,2031,2717,0.7475156422524843,0.6993774076381318,0.7956538768668369
38,075,,967,1193,0.8105616093880972,0.739579721173735,0.8815434976024593
38,077,,6610,8548,0.7732802994852597,0.7396111875082186,0.8069494114623007
38,079,,3219,4282,0.7517515179822513,0.6965757709233764,0.8069272650411261
38,081,,1459,2031,0.7183653372722797,0.6777437999543184,0.758986874590241
38,083,,459,651,0.7050691244239631,0.6222636005523083,0.7878746482956178
38,085,,786,1137,0.6912928759894459,0.6311381544538961,0.7514475975249957
38,087,,242,400,0.605,0.5230252843197084,0.6869747156802916
38,089,,12949,16638,0.7782786392595263,0.7472130219620894,0.8093442565569633
38,091,,566,799,0.7083854818523154,0.6370324881363785,0.7797384755682524
38,093,,8177,10292,0.7945005829770696,0.760270463905981,0.8287307020481582
38,095,,832,1024,0.8125,0.71640389593408,0.90859610406592
38,097,,3254,4015,0.8104607721046078,0.7817681168633716,0.839153427345844
38,099,,4136,5142,0.8043562816024893,0.7696475958105865,0.8390649673943921
38,101,,28141,35883,0.7842432349580581,0.7568988076511672,0.811587662264949
38,103,,1104,1699,0.6497939964685109,0.582882393048457,0.7167055998885647
38,105,,16130,19755,0.8165021513540875,0.7774198777240873,0.8555844249840878
39,000,,4210848,5608273,0.7508279286689503,0.7484610424655559,0.7531948148723447
39,001,,8684,10260,0.8463937621832359,0.8238967207222182,0.8688908036442536
39,003,,37243,44960,0.828358540925267,0.8180101616664025,0.8387069201841314
39,005,,19424,24095,0.8061423531853081,0.7905891841274794,0.8216955222431369
39,007,,32066,41002,0.7820594117360129,0.7614894852179468,0.802629338254079
39,009,,17988,27582,0.6521644550793996,0.6260001430807943,0.6783287670780048
39,011,,19477,23118,0.8425036767886496,0.8176721384453328,0.8673352151319663
39,013,,23360,27830,0.8393819619116062,0.8227083462506681,0.8560555775725442
39,015,,15244,18638,0.8178989161927246,0.7794421703137402,0.856355662071709
39,017,,139770,185991,0.7514879752246076,0.7430457192245935,0.7599302312246218
39,019,,8359,11062,0.7556499728801301,0.711620033994588,0.7996799117656723
39,021,,14847,18327,0.8101162219675888,0.779077098657148,0.8411553452780296
39,023,,45747,58288,0.7848442217952237,0.766946958323611,0.8027414852668364
39,025,,80614,103417,0.7795043368111626,0.7640008165519354,0.7950078570703898
39,027,,15567,19431,0.8011425042457928,0.7811511624682246,0.821133846023361
39,029,,36245,45027,0.8049614675639061,0.7846126449031631,0.8253102902246491
39,031,,11083,15456,0.7170678053830227,0.6898190389199439,0.7443165718461016
39,033,,15789,19211,0.8218728853261152,0.7990567916844297,0.8446889789678008
39,035,,414672,594968,0.6969652149359293,0.6897100002543581,0.7042204296175005
39,037,,19323,23638,0.817454945426855,0.8032755006185626,0.8316343902351475
39,039,,15236,18212,0.8365912585108719,0.8095681385055169,0.8636143785162269
39,041,,80264,118286,0.678558747442639,0.6613049532106348,0.6958125416746432
39,043,,28362,35474,0.7995151378474376,0.7852252865420702,0.8138049891528049
39,045,,59781,78382,0.7626878620091347,0.7468357745209296,0.7785399494973398
39,047,,10637,12852,0.8276532835356365,0.7953776939750302,0.8599288730962428
39,049,,469535,686735,0.6837207947752773,0.6782659310377336,0.6891756585128209
39,051,,17769,20321,0.8744156291521087,0.8630002502963865,0.8858310080078309
39,053,,9205,11575,0.7952483801295896,0.7548755416221852,0.8356212186369941
39,055,,32837,47058,0.6977984614730758,0.6746231824193547,0.7209737405267969
39,057,,62489,82491,0.7575250633402432,0.7414312138013996,0.7736189128790867
39,059,,13507,16383,0.824452176036135,0.787544921321437,0.8613594307508329
39,061,,288972,408182,0.7079489051452539,0.7000862604377449,0.7158115498527629
39,063,,29050,36946,0.7862826828344069,0.75839612228534,0.8141692433834739
39,065,,11335,13919,0.814354479488469,0.7749199319338986,0.8537890270430393
39,067,,4679,5628,0.8313788201847904,0.7766864171488502,0.8860712232207305
39,069,,11354,13330,0.8517629407351838,0.8221193830522312,0.8814064984181363
39,071,,15703,19581,0.8019508707420459,0.7776893194592017,0.82621242202489
39,073,,10085,12049,0.8369989210722881,0.8152568405697203,0.858741001574856
39,075,,9585,20065,0.4776974831796661,0.4429635091432837,0.5124314572160484
39,077,,21928,26776,0.8189423364206753,0.7966870442371679,0.8411976286041827
39,079,,11067,13671,0.8095238095238095,0.7667843365385607,0.8522632825090584
39,081,,22382,27752,0.8065004324012683,0.7903280742128225,0.8226727905897142
39,083,,21276,28827,0.7380580705588511,0.7155118791711069,0.7606042619465953
39,085,,91865,120047,0.7652419469041292,0.7498108551900069,0.7806730386182514
39,087,,19830,23493,0.8440812156812667,0.8138896775104499,0.8742727538520835
39,089,,63328,87330,0.7251574487575861,0.7079593687645294,0.7423555287506429
39,091,,16101,20679,0.7786159872334252,0.7425008142707541,0.8147311601960963
39,093,,114723,147177,0.7794900018345258,0.76922028862926894,0.7897597150397826
39,095,,154073,195978,0.7861749788241538,0.7745740964178558,0.7977758612304517
39,097,,15390,20433,0.7531933636764058,0.7300795882371011,0.7763071391157105
39,099,,77347,97976,0.7894484363517597,0.7763634580913467,0.8025334146121726
39,101,,21308,25885,0.8231794475564999,0.7972228974023772,0.8491359977106225
39,103,,72310,95086,0.7604694697431799,0.7443838959180503,0.7765550435683094
39,105,,7026,8049,0.8729034662691018,0.8401968636907584,0.9056100688474451
39,107,,18664,21371,0.8733330213841186,0.8448175544563038,0.9018484883119334
39,109,,43318,53955,0.8028542303771662,0.7849093870950152,0.8207990736593171
39,111,,4482,5430,0.825414364640884,0.7956412904177501,0.8551874388640179
39,113,,191371,251172,0.7619121558135461,0.751959056216385,0.7718652554107072
39,115,,4457,5396,0.8259822090437361,0.7783617344080904,0.8736026836793818
39,117,,12367,16817,0.7353868109650948,0.6964260381708153,0.7743475837593744
39,119,,31681,38511,0.8226480745760951,0.8004532236162234,0.8448429255359668
39,121,,3793,4253,0.8918410533740889,0.8617166664532083,0.9219654402949695
39,123,,15020,18511,0.8114094322294851,0.793228502567979,0.8295903618909912
39,125,,7414,8746,0.8477018065401326,0.8086694351348702,0.886734177945395
39,127,,13076,15335,0.8526899250081513,0.8198892832313246,0.8854905667849781
39,129,,20185,26846,0.7518810996051554,0.7290692231631042,0.7746929760472065
39,131,,8810,10133,0.8694364946215336,0.833416398207991,0.9054565910350763
39,133,,59890,81097,0.738498341492287,0.721451465336078,0.755545217648496
39,135,,15900,19194,0.8283838699593623,0.8024101175090181,0.8543576224097065
39,137,,14281,16731,0.8535652381806228,0.8350912201231641,0.8720392562380815
39,139,,43154,53030,0.8137657929473883,0.792222953649464,0.8353086322453125
39,141,,26110,31312,0.833865610628513,0.8257723395757035,0.8419588816813226
39,143,,22210,26176,0.8484871638141809,0.8283126678397744,0.8686616597885873
39,145,,22907,27143,0.8439376634859816,0.8144440329187544,0.8734312940532089
39,147,,21343,26140,0.8164881407804132,0.7944084492774804,0.838567832283346
39,149,,19343,23208,0.8334625991037573,0.8101336819440443,0.8567915162634703
39,151,,137644,177066,0.7773598545175245,0.7683679169997003,0.7863517920353488
39,153,,196360,263518,0.7451483390128948,0.7341111427931378,0.7561855352326518
39,155,,68853,84904,0.81095119193442,0.7939729980268088,0.8279293858420312
39,157,,33503,41683,0.8037569272845044,0.7812888636415505,0.8262249909274584
39,159,,24017,34333,0.6995310634083826,0.6836960633947943,0.7153660634219708
39,161,,11808,14051,0.8403672336488506,0.8206846582295101,0.8600498090681911
39,163,,4237,5068,0.8360299921073402,0.7906398837838475,0.8814201004308329
39,165,,92155,125084,0.7367449074222123,0.717810935702886,0.7556788791415386
39,167,,21611,26656,0.8107367947178872,0.793972473574042,0.8275011158617324
39,169,,38644,53004,0.7290770507886197,0.7068401588036536,0.7513139427735859
39,171,,14589,16990,0.8586815773984697,0.838564130602359,0.8787990241945804
39,173,,52759,65942,0.8000818901458858,0.7833785409201385,0.8167852393716332
39,175,,9051,10538,0.8588916302903776,0.8276006931728361,0.8901825674079191
40,000,,1407146,1816948,0.7744558457369171,0.7718314629871437,0.7770802284866904
40,001,,6074,7730,0.7857697283311772,0.763635897888746,0.8079035587736084
40,003,,1635,1983,0.8245083207261724,0.7679585782754343,0.8810580631769105
40,005,,4036,5240,0.7702290076335878,0.7316902803040932,0.8087677349630824
40,007,,1750,2170,0.8064516129032258,0.7430624679204381,0.8698407578860134
40,009,,6127,8023,0.7636794216627196,0.7147508473188557,0.8126079960065835
40,011,,2723,3194,0.8525360050093926,0.8235166848512158,0.8815553251675695
40,013,,16090,20636,0.779705369257608,0.7594186540931491,0.7999920844220669
40,015,,8286,10491,0.7898198455819274,0.7861578086048073,0.7934818825590475
40,017,,66503,83390,0.7974937042810889,0.7776234616338392,0.8173639469283386
40,019,,16705,21549,0.775209986542299,0.7541969478378695,0.7962230252467285
40,021,,14981,20527,0.729819262434842,0.7047802486534618,0.7548582762162221
40,023,,4226,5542,0.7625405990617106,0.7268645904266134,0.7982166076968077
40,025,,661,1072,0.6166044776119403,0.46063560546926297,0.7725733497546176
40,027,,111397,148873,0.7482686585210213,0.734848511101919,0.7616888059401237
40,029,,1523,1987,0.7664821338701561,0.72329593820691,0.8096683295334022
40,031,,40332,53273,0.7570814483884895,0.7445647445047662,0.7695981522722127
40,033,,1853,2345,0.7901918976545842,0.7613767235628307,0.8190070717463377
40,035,,3926,5207,0.7539850201651623,0.7222534410878017,0.785716599242523
40,037,,24979,31478,0.7935383442404219,0.7781862955991727,0.8088903928816711
40,039,,11305,13959,0.8098717673185758,0.7793278252248529,0.8404157094122987
40,041,,11949,15734,0.7594381594000255,0.741944193775532,0.7769321250245189
40,043,,1370,1813,0.7556536127964699,0.7066782452965226,0.8046289802964173
40,045,,1217,1522,0.7996057818659659,0.752028535685279,0.8471830280466527
40,047,,22479,28523,0.7881008309083897,0.7634395966791832,0.8127620651375962
40,049,,9054,10867,0.833164626851937,0.8106223104382608,0.8557069432656133
40,051,,20880,25628,0.8147338848134853,0.7967033823919538,0.8327643872350168
40,053,,1328,1686,0.7876631079478055,0.7331558159724221,0.8421703999231889
40,055,,1551,1847,0.8397401191120736,0.7686575130325036,0.9108227251916435
40,057,,749,926,0.8088552915766739,0.723770425203203,0.8939401579501448
40,059,,1316,1490,0.8832214765100671,0.8222811103436936,0.9441618426764407
40,061,,3773,4730,0.7976744186046512,0.7603792032947178,0.8349696339145846
40,063,,3406,4478,0.7606074140241179,0.7197923407070372,0.8014224873411986
40,065,,9428,11645,0.8096178617432375,0.7740600105277774,0.8451757129586975
40,067,,1472,2080,0.7076923076923077,0.6587699481155992,0.7566146672690163
40,069,,3065,3850,0.7961038961038961,0.7645857437377523,0.8276220484700398
40,071,,14908,18452,0.8079340992846304,0.7818979489807667,0.8339702495884942
40,073,,6114,7318,0.8354741732713856,0.8117983067491363,0.8591500397936349
40,075,,2412,3283,0.7346938775510204,0.6780032225073409,0.7913845325947
40,077,,2885,3298,0.8747725894481504,0.8420577918856799,0.9074873870106209
40,079,,15469,18653,0.8293035972765775,0.8090101572849882,0.8495970372681669
40,081,,11266,14503,0.776804799007102,0.7577141376570813,0.7958954603571227
40,083,,18480,23181,0.7972046072214314,0.7734315183246497,0.820977696118213
40,085,,3508,4451,0.7881374971916423,0.7546662780533221,0.8216087163299625
40,087,,17252,21534,0.8011516671310486,0.7739941420040505,0.8283091922580467
40,089,,9948,11870,0.8380791912384161,0.8181876344797997,0.8579707479970325
40,091,,4730,6155,0.768480909829407,0.729249927165001,0.8077118924938129
40,093,,2899,3395,0.8539027982326951,0.8127295139383611,0.8950760825270291
40,095,,4692,6140,0.7641693811074919,0.7315905012266388,0.796748260988345
40,097,,12868,16582,0.7760221927391147,0.7577133324017986,0.7943310530764307
40,099,,5043,5985,0.8426065162907268,0.8138278543784165,0.8713851782030371
40,101,,20443,25617,0.798024749189991,0.7790200599564605,0.8170294384235215
40,103,,3782,4730,0.7995771670190275,0.7630418411090946,0.8361124929289604
40,105,,2913,3802,0.7661756970015782,0.7315139737376761,0.8008374202654802
40,107,,2906,3815,0.7617300131061598,0.7187721929454459,0.8046878332668738
40,109,,291633,383943,0.7595736867191224,0.7529863834413371,0.7661609899969077
40,111,,11160,14122,0.790256337629231,0.7601942828238143,0.8203183924346477
40,113,,15014,19004,0.7900442012207957,0.7683138906222446,0.8117745118193467
40,115,,9905,12127,0.8167724911354828,0.8017722884771858,0.8317726937937797
40,117,,5127,6352,0.8071473551637279,0.7769453977436026,0.8373493125838533
40,119,,27307,37952,0.7195141231028668,0.6968317086640433,0.7421965375416902
40,121,,14007,16957,0.8260305478563426,0.8045714777172523,0.8474896179954328
40,123,,14482,17470,0.8289639381797367,0.8079107413233435,0.8500171350361299
40,125,,23393,29734,0.7867424497208583,0.7683084771590237,0.8051764222826928
40,127,,3283,4020,0.8166666666666667,0.7915206252495842,0.8418127080837491
40,129,,1209,1472,0.8213315217391305,0.810181335986276,0.832481707491985
40,131,,36233,46294,0.7826716205123774,0.7707065762008126,0.7946366648239421
40,133,,6913,8743,0.7906896946128331,0.768146556062711,0.8132328331629552
40,135,,12813,15584,0.8221894250513347,0.8020798265666632,0.8422990235360063
40,137,,14063,17697,0.7946544612081143,0.7731941923157153,0.8161147301005134
40,139,,7175,9345,0.7677902621722846,0.7117995919010873,0.8237809324434819
40,141,,2132,2742,0.7775346462436178,0.759921007682909,0.7951482848043265
40,143,,245919,323528,0.7601165895996637,0.7543490275042494,0.765884151695078
40,145,,32602,40711,0.8008155044091277,0.7865052148381637,0.8151257939800918
40,147,,17636,22808,0.7732374605401613,0.7503074032099839,0.7961675178703387
40,149,,3522,4673,0.7536914187887866,0.7343007206818641,0.7730821168957092
40,151,,3264,4066,0.8027545499262174,0.7516861680684721,0.8538229317839627
40,153,,7687,9352,0.8219632164242943,0.7889902916131852,0.8549361412354033
41,000,,1305634,2025499,0.6445986890144108,0.6411332813322835,0.648064096696538
41,001,,4438,6170,0.7192868719611021,0.6755417391644127,0.7630320047577914
41,003,,26958,45990,0.586170906718852,0.5629045887940354,0.6094372246436686
41,005,,137738,206161,0.6681089051760517,0.6570462381355555,0.6791715722165479
41,007,,12669,18169,0.6972865870438659,0.6614659314375811,0.7331072426501507
41,009,,16813,23726,0.7086318806372756,0.6807152986318188,0.7365484626427323
41,011,,19981,25766,0.7754793138244198,0.7507245908808299,0.8002340367680097
41,013,,9224,11456,0.8051675977653632,0.7502198797310226,0.8601153157997038
41,015,,5901,8438,0.6993363356245555,0.6210228481752347,0.7776498230738764
41,017,,66621,102126,0.6523412255449151,0.6332708443355609,0.6714116067542694
41,019,,30125,42204,0.7137949009572553,0.6954801952131916,0.732109606701319
41,021,,597,799,0.7471839799749687,0.6822467428346115,0.8121212171153258
41,023,,2040,2858,0.7137858642407278,0.6471974553505557,0.7803742731308998
41,025,,2340,3244,0.7213316892725031,0.6598707517253306,0.7827926268196757
41,027,,7667,12298,0.6234347048300537,0.5835682655076964,0.663301144152411
41,029,,70773,98081,0.7215770638553848,0.7051758078765222,0.7379783198342473
41,031,,7272,9853,0.7380493250786563,0.7034373534499867,0.7726612967073259
41,033,,24539,33231,0.7384370015948963,0.7095694481627672,0.7673045550270254
41,035,,20394,26317,0.7749363529277653,0.7450295780364619,0.8048431278190687
41,037,,2377,3178,0.7479546884833228,0.6742487689929664,0.8216606079736792
41,039,,118771,179963,0.6599745503242334,0.6459930554329216,0.6739560452155451
41,041,,13663,19351,0.7060617022376104,0.6726703353856651,0.7394530690895558
41,043,,44212,57813,0.7647414941276184,0.7495989540907512,0.7798840341644856
41,045,,8729,11480,0.7603658536585366,0.7157148784314235,0.8050168288856497
41,047,,111691,159486,0.7003185232559598,0.6859892810428061,0.7146477654691135
41,049,,3867,5169,0.7481137550783518,0.7047919366621581,0.7914355734945454
41,051,,228421,434367,0.5258709800698488,0.517445196721179,0.5342967634185186
41,053,,26915,40237,0.6689116981882347,0.6444823375789878,0.6933410587974816
41,055,,534,771,0.6926070038910506,0.6217302754422773,0.7634837323398238
41,057,,7100,10782,0.6585049156000742,0.6047914596380041,0.7122183715621443
41,059,,26248,34465,0.7615842158711736,0.7312282810831049,0.7919401506592424
41,061,,8385,11658,0.7192485846628924,0.6760389117456584,0.7624582575801264
41,063,,2059,3274,0.6288943188759927,0.5594580688351194,0.698330568916866
41,065,,8540,11593,0.736651427585612,0.6983973796940819,0.7749054754771421
41,067,,193224,315642,0.6121618795977721,0.6021942442579709,0.6221295149375734
41,069,,373,563,0.6625222024866785,0.47581738403258633,0.8492270209407706
41,071,,34435,48820,0.7053461696026219,0.681487766156517,0.7292045730487268
42,000,,4234548,6210797,0.6818042837336336,0.6799171174046172,0.6836914500626499
42,001,,40123,52567,0.7632735366294443,0.7461193673095684,0.7804277059493202
42,003,,386064,623940,0.6187518030579864,0.6127565081372917,0.6247470979786811
42,005,,22788,29220,0.7798767967145791,0.7636148642711481,0.7961387291580101
42,007,,58750,79371,0.7401947814693024,0.7257439721893094,0.7546455907492954
42,009,,17045,21506,0.792569515484051,0.7678238365232529,0.817315194444849
42,011,,153069,208255,0.7350075628436292,0.7251977059811724,0.7448174197060861
42,013,,43673,54945,0.7948493948493949,0.7792256467529022,0.8104731429458876
42,015,,19692,24888,0.7912246865959498,0.7735337191277414,0.8089156540641582
42,017,,230744,331373,0.696327099673178,0.6877291237088006,0.7049250756375554
42,019,,71338,96315,0.7406738306598142,0.7290660355082548,0.7522816258113736
42,021,,43560,55636,0.782946293766626,0.7653506989780421,0.8005418885552098
42,023,,1496,1793,0.8343558282208589,0.7808756793982494,0.8878359770434683
42,025,,22651,29625,0.7645907172995781,0.7330347980673101,0.796146636531846
42,027,,45092,71625,0.6295567190226876,0.6139206433073846,0.6451927947379906
42,029,,183003,283105,0.6464138747107964,0.6389745557039643,0.6538531937176284
42,031,,13252,17183,0.7712273758947797,0.7543426929093472,0.7881120588802123
42,033,,26410,33670,0.7843777843777844,0.7630402536028245,0.8057153151527443
42,035,,12440,16843,0.7385857626313602,0.7106313724214552,0.7665401528412652
42,037,,22940,30315,0.7567210951674088,0.7356155563779571,0.7778266339568606
42,039,,25280,34135,0.7405888384356233,0.7282236308915032,0.7529540459797434
42,041,,92922,130931,0.709702056808548,0.697659102795627,0.721745010821469
42,043,,96634,141132,0.6847065158858374,0.6694302291716371,0.6999828026000378
42,045,,179199,278394,0.6436884415612405,0.6334538646147914,0.6539230185076896
42,047,,12196,14375,0.8484173913043478,0.821552698096298,0.8752820845123975
42,049,,91108,120814,0.7541179002433492,0.7396596834036456,0.7685761170830528
42,051,,41790,51925,0.8048146364949447,0.7879434773771232,0.8216857956127661
42,053,,1370,1830,0.7486338797814208,0.6770307185096514,0.8202370410531903
42,055,,57691,73893,0.7807370116249172,0.7635784019200609,0.7978956213297734
42,057,,5357,6796,0.7882577987051207,0.763532021063482,0.8129835763467594
42,059,,11015,13524,0.8144779650990831,0.7876916422631453,0.841264287935021
42,061,,13334,17599,0.7576566850389227,0.7448202993561529,0.7704930707216925
42,063,,26760,35863,0.7461729358949335,0.7323306160877557,0.7600152557021113
42,065,,15612,19382,0.8054896295531937,0.7855783277941767,0.8254009313122107
42,067,,8397,11036,0.7608735048930773,0.7300333119395332,0.7917136978466213
42,069,,75124,98942,0.759273109498494,0.7476581335802798,0.7708880854167083
42,071,,198500,276350,0.7182920209878777,0.7086031913818077,0.7279808505939477
42,073,,28535,37597,0.7589701305955262,0.7384989142061158,0.7794413469849366
42,075,,50712,68462,0.7407320849522363,0.7212518634307583,0.7602123064737143
42,077,,132646,182142,0.7282559761065542,0.717450942294193,0.7390610099189154
42,079,,112006,150240,0.745513844515442,0.7381402517449911,0.7528874372858929
42,081,,40076,51907,0.7720731307916081,0.7579473875354331,0.7861988740477831
42,083,,13385,16985,0.7880482778922578,0.7662113971381994,0.8098851586463163
42,085,,36623,46032,0.79559871393813,0.7825190388554931,0.8086783890207668
42,087,,16787,21152,0.7936365355521936,0.7656657038344573,0.8216073672699299
42,089,,55814,76738,0.727331960697438,0.7106867481963539,0.7439771731985221
42,091,,289454,449261,0.6442891771153071,0.6362607195028077,0.6523176347278065
42,093,,6199,8444,0.7341307437233539,0.6947910505091027,0.773470436937605
42,095,,117189,157018,0.7463411838133208,0.734584252253785,0.7580981153728567
42,097,,30708,40250,0.7629316770186335,0.7448797081274209,0.7809836459098461
42,099,,16659,22235,0.7492241960872499,0.7254699420354063,0.7729784501390935
42,101,,333901,726419,0.4596534506944339,0.4518479034881397,0.46745899790072815
42,103,,18666,25901,0.7206671557082738,0.6916101670868404,0.7497241443297071
42,105,,5097,6840,0.7451754385964913,0.727493199532539,0.7628576776604435
42,107,,49381,63446,0.7783154178356397,0.7620558692829968,0.7945749663882826
42,109,,13793,18905,0.7295953451467866,0.7063405555742971,0.7528501347192761
42,111,,25292,31499,0.8029461252738183,0.787422419141404,0.8184698314062325
42,113,,1990,2478,0.8030669895076675,0.7786398517866665,0.8274941272286686
42,115,,12225,16232,0.7531419418432725,0.7321170906093889,0.7741667930771562
42,117,,14191,18071,0.7852913507830225,0.7677780954971285,0.8028046060689165
42,119,,11890,17086,0.6958913730539623,0.6708477792303883,0.7209349668775363
42,121,,16676,21195,0.7867893371078084,0.7631695074849315,0.8104091667306853
42,123,,12737,16133,0.7894997830533689,0.7652869550490521,0.8137126110576857
42,125,,74600,99265,0.7515236991890394,0.7361992442619611,0.7668481541161176
42,127,,15494,20615,0.7515886490419598,0.7274012918102752,0.7757760062736443
42,129,,129268,167542,0.771555788996192,0.7634297139870203,0.7796818640053638
42,131,,9538,11830,0.8062552831783601,0.7866020562299192,0.8259085101268011
42,133,,176597,229781,0.7685448318181225,0.7592419725748395,0.7778476910614055
44,000,,396290,547074,0.7243809795384171,0.7145802735479128,0.7341816855289214
44,001,,18083,25528,0.7083594484487622,0.6719850994421612,0.7447337974553632
44,003,,69988,89496,0.7820237775989989,0.7647314720904628,0.799316083107535
44,005,,30033,43051,0.6976144572716081,0.6692993568873408,0.7259295576558754
44,007,,228610,323306,0.7071010126629261,0.6951863697480919,0.7190156555777604
44,009,,49576,65693,0.7546618361164812,0.7344237276764796,0.7748999445564828
45,000,,1850945,2425248,0.7631982378709311,0.7600788197307522,0.76631765601111
45,001,,8465,9737,0.8693642805792339,0.8415974402480799,0.8971311209103878
45,003,,60522,76108,0.7952120670625953,0.7750058273202376,0.815418306804953
45,005,,2149,2556,0.8407668231611893,0.7489503009210562,0.9325833454013225
45,007,,75185,93866,0.8009822512943984,0.7864345065995993,0.8155299959891974
45,009,,3570,4635,0.7702265372168284,0.7015463502412116,0.8389067241924453
45,011,,6980,8515,0.8197298884321785,0.7820553809089026,0.8574043959554545
45,013,,64037,89149,0.7183142828298691,0.7018711638738124,0.7347574017859257
45,015,,94255,123152,0.7653550084448486,0.7478974027580858,0.7828126141316114
45,017,,4796,6153,0.7794571753616122,0.7350566662186591,0.8238576845045653
45,019,,150237,217708,0.6900848843404928,0.6775549158529273,0.7026148528280582
45,021,,19954,23507,0.8488535329901732,0.8240770510858907,0.8736300148944557
45,023,,11877,14065,0.8444365446142907,0.8180072805276429,0.8708658087009385
45,025,,14862,18035,0.8240643193789853,0.7977275170432594,0.8504011217147112
45,027,,9282,11437,0.8115764623590103,0.7863640155285851,0.8367889091894354
45,029,,12013,15232,0.7886685924369747,0.7558244463999728,0.8215127384739767
45,031,,21105,25876,0.8156206523419385,0.7863858269625892,0.8448554777212878
45,033,,8713,10873,0.8013427756828843,0.7488601947496588,0.8538253566161097
45,035,,62467,80157,0.7793081078383672,0.7634991271426731,0.7951170885340614
45,037,,9302,11717,0.7938892207903047,0.7584657868800025,0.8293126547006068
45,039,,7104,8906,0.7976644958454974,0.7429011559411284,0.8524278357498664
45,041,,47119,59356,0.7938371857941909,0.770917114261962,0.8167572573264199
45,043,,20266,26175,0.7742502387774594,0.7442657033641599,0.8042347741907588
45,045,,199710,268060,0.7450197716929046,0.7342061924258743,0.7558333509599349
45,047,,24578,28957,0.8487757709707497,0.8295305722935472,0.8680209696479523
45,049,,5685,7206,0.7889258950874272,0.7477698490089096,0.8300819411659447
45,051,,125024,162549,0.7691465342758184,0.7551203808466624,0.7831726877049743
45,053,,9717,12906,0.7529056252905625,0.715465652101514,0.790345598479611
45,055,,24616,30360,0.8108036890645586,0.7881029998614243,0.8335043782676929
45,057,,33220,46741,0.7107250593697182,0.6794266296723042,0.7420234890671322
45,059,,24145,29507,0.8182804080387704,0.7971571556259545,0.8394036604515864
45,061,,4648,5696,0.8160112359550562,0.7815015164621569,0.8505209554479555
45,063,,113708,147150,0.7727353041114509,0.760667397252722,0.7848032109701797
45,065,,2539,2947,0.8615541228367831,0.7963475670931701,0.9267606785803961
45,067,,8803,10239,0.8597519288993066,0.8148007231370872,0.9047031346615261
45,069,,7172,8580,0.8358974358974359,0.7896535395873111,0.8821413322075607
45,071,,13329,16051,0.8304155504329949,0.7951513014716718,0.8656797993943179
45,073,,24998,33075,0.7557974300831444,0.7221738543365108,0.7894210058297779
45,075,,25859,31825,0.8125373134328359,0.7887813297421917,0.83629329712348
45,077,,47416,60337,0.7858527934766395,0.7729585544129314,0.7987470325403476
45,079,,144943,203412,0.7125587477631605,0.697598897431172,0.7275185980951491
45,081,,6382,8134,0.7846078190312269,0.7484825615078525,0.8207330765546013
45,083,,127054,160694,0.7906580208346298,0.7798487751568238,0.8014672665124357
45,085,,38272,44903,0.8523261252032158,0.8386066300787669,0.8660456203276647
45,087,,8699,10423,0.8345965652883047,0.7956353385716954,0.873557792004914
45,089,,9678,11818,0.8189202910814013,0.7912000065213327,0.8466405756414699
45,091,,106490,146763,0.7255916000626861,0.7109136792964217,0.7402695208289505
46,000,,352463,457555,0.7703183223874726,0.7639303545185255,0.7767062902564196
46,003,,1023,1342,0.7622950819672131,0.7184556043250068,0.8061345596094194
46,005,,7110,9440,0.753177966101695,0.7139472021150882,0.7924087300883017
46,007,,849,1048,0.8101145038167938,0.7249636761337226,0.8952653314998651
46,009,,1990,2725,0.7302752293577982,0.6955476164835838,0.7650028422320126
46,011,,13720,18577,0.7385476664692899,0.709919768713706,0.7671755642248739
46,013,,15393,19410,0.7930448222565688,0.7551828246455929,0.8309068198675447
46,015,,1777,2521,0.7048790162633876,0.6579510591803953,0.7518069733463798
46,017,,467,568,0.8221830985915493,0.72260553607203315,0.9217606611110654
46,019,,4192,5559,0.7540924626731427,0.7131291303931387,0.7950557949531466
46,021,,447,802,0.557356608478803,0.4753903598217371,0.6393228571358688
46,023,,2913,3870,0.7527131782945736,0.7063913240118523,0.7990350325772949
46,025,,1067,1550,0.6883870967741935,0.5601134721387888,0.8166607214095982
46,027,,5855,7768,0.7537332646755922,0.7134675545844971,0.7939989747666873
46,029,,12819,15324,0.836530931871574,0.8053548308151461,0.8677070329280019
46,031,,730,1120,0.6517857142857143,0.6053598206974145,0.6982116078740142
46,033,,3028,4091,0.7401613297482278,0.6846218570616489,0.7957008024348067
46,035,,8310,10554,0.7873791927231382,0.7480676529403156,0.8266907325059607
46,037,,1855,2432,0.7627467105263158,0.6982254500896936,0.827267970962938
46,039,,1527,2086,0.7320230105465004,0.6945997080994022,0.7694463129935987
46,041,,1258,1750,0.7188571428571429,0.6488831808234607,0.788831104890825
46,043,,1153,1471,0.7838205302515295,0.7452381085458828,0.8224029519571763
46,045,,1218,1809,0.6733001658374793,0.613825584402115,0.7327747472728436
46,047,,2404,3057,0.7863918874713771,0.7272294639081889,0.8455543110345654
46,049,,640,950,0.6736842105263158,0.590793115167385,0.7565753058852466
46,051,,2985,3984,0.7492469879518072,0.6948956570400723,0.8035983188635422
46,053,,1512,1950,0.7753846153846153,0.7402938032676885,0.8104754275015422
46,055,,672,857,0.7841306884480747,0.6943706955221507,0.8738906813739986
46,057,,2294,3126,0.7338451695457454,0.6939288616542352,0.7737614774372557
46,059,,1160,1636,0.7090464547677262,0.6249469465439511,0.7931459629915013
46,061,,1363,1799,0.7576431350750417,0.6770304648478669,0.8382558053022164
46,063,,411,681,0.6035242290748899,0.5312539892298024,0.6757944689199774
46,065,,7008,8855,0.7914172783738002,0.7531929420397366,0.8296416147078637
46,067,,2813,3574,0.7870733072188024,0.7519865539546875,0.8221600604829173
46,069,,383,591,0.6480541455160744,0.5947606279074483,0.7013476631247005
46,071,,623,784,0.7946428571428571,0.7559677809630653,0.8333179333226489
46,073,,672,945,0.7111111111111111,0.618994514909111,0.8032277073131113
46,075,,302,457,0.6608315098468271,0.5175137029263381,0.8041493167673162
46,077,,2033,2551,0.7969423755390043,0.7640962917364054,0.8297884593416032
46,079,,4442,5702,0.7790249035426167,0.7259211404565551,0.8321286666286782
46,081,,11016,14432,0.7633037694013304,0.727304122998537,0.7993034158041238
46,083,,31739,39645,0.8005801488207844,0.7831947974167257,0.8179655002248432
46,085,,1111,1514,0.7338177014531043,0.6855930298855696,0.7820423730206391
46,087,,2243,2898,0.7739820565907523,0.7275057050064851,0.8204584081750194
46,089,,683,1008,0.6775793650793651,0.5151458975679015,0.8400128325908287
46,091,,1726,2145,0.8046620046620047,0.7573020423939161,0.8520219669300932
46,093,,12615,16473,0.765798579493717,0.6762009138678275,0.8553962451196064
46,095,,479,748,0.6403743315508021,0.5109327271326424,0.7698159359689619
46,097,,878,1166,0.7530017152658662,0.6693835206539676,0.8366199098777649
46,099,,86186,111662,0.7718471816732639,0.7604079919898937,0.7832863713566341
46,101,,2324,3080,0.7545454545454545,0.7093888154056742,0.7997020936852348
46,102,,1928,2676,0.7204783258594918,0.6493727742974612,0.7915838774215224
46,103,,43396,56090,0.7736851488678909,0.7593302973122349,0.7880400004235468
46,105,,857,1506,0.5690571049136787,0.5075402762330858,0.6305739335942715
46,107,,874,1134,0.7707231040564374,0.6907218195743885,0.8507243885384863
46,109,,3167,4204,0.7533301617507137,0.7189686013186305,0.7876917221827968
46,111,,883,1219,0.7243642329778507,0.6744986992152932,0.7742297667404082
46,115,,1970,2988,0.6593038821954484,0.612481724038476,0.7061260403524209
46,117,,1321,1633,0.8089406001224739,0.6997330188563767,0.9181481813885711
46,119,,600,867,0.6920415224913494,0.664900141237671,0.7191829037450278
46,121,,1816,2388,0.7604690117252931,0.6763379591444887,0.8446000643060976
46,123,,1884,2530,0.7446640316205534,0.6964230231915768,0.79290504004953
46,125,,3659,4570,0.8006564551422319,0.7742355539217973,0.8270773563626665
46,127,,7369,8924,0.8257507844016136,0.7836686993248981,0.8678328694783292
46,129,,1926,2464,0.7816558441558441,0.7116388513551706,0.8516728369565176
46,135,,8937,11387,0.7848423640994117,0.7482580922036983,0.821426635995125
46,137,,458,888,0.5157657657657657,0.43863683628424355,0.5928946952472879
47,000,,2512992,3314309,0.758225017643195,0.7565575962848479,0.7598924390015422
47,001,,27183,35374,0.7684457511166394,0.7422158445144252,0.7946756577188535
47,003,,18207,24357,0.7475058504741964,0.7174902539425198,0.777521447005873
47,005,,5029,6069,0.8286373372878563,0.8052594907304813,0.8520151838452312
47,007,,4602,5885,0.7819881053525913,0.7041055070898552,0.8598707036153275
47,009,,52834,67081,0.7876149729431583,0.7711880549710491,0.8040418909152675
47,011,,39973,50573,0.7904019931584046,0.7693791237116515,0.8114248626051578
47,013,,12740,15688,0.8120856705762366,0.7693133589878822,0.854857982164591
47,015,,5094,6255,0.814388489208633,0.7731844004395578,0.8555925779777083
47,017,,9228,11543,0.7994455514164429,0.7673740689056286,0.8315170339272572
47,019,,19197,23224,0.8266017912504305,0.8047120457045361,0.8484915367963249
47,021,,15873,21212,0.7483028474448425,0.7100279799609629,0.7865777149287222
47,023,,6028,7182,0.8393205235310498,0.7934465367426516,0.885194510319448
47,025,,10123,13193,0.7673008413552641,0.7267927589113339,0.8078089237991943
47,027,,2182,2568,0.8496884735202492,0.7944535949662187,0.9049233520742798
47,029,,12346,15315,0.806137773424747,0.768215771551087,0.844059775298407
47,031,,20658,26251,0.7869414498495295,0.7624754697922899,0.8114074299067692
47,033,,5838,6673,0.8748688745691593,0.8341852295308424,0.9155525196074762
47,035,,18305,23083,0.793007841268466,0.7624562107775665,0.8235594717593655
47,037,,263601,394905,0.6675048429369089,0.6582668200953972,0.6767428657784207
47,039,,3737,4480,0.8341517857142857,0.7857999480312203,0.8825036233973511
47,041,,7081,8663,0.8173842779637539,0.754050481162372,0.88071807476513575
47,043,,20861,26953,0.773976922791526,0.7477489112551297,0.8002049343279223
47,045,,14095,15912,0.8858094519859225,0.8577984015899833,0.9138205023818617
47,047,,15563,20082,0.7749726122896126,0.7511662070718299,0.7987790175073952
47,049,,5534,6939,0.7975212566652256,0.7364197339404293,0.8586227793900219
47,051,,15836,19468,0.8134374357920691,0.7844616554077576,0.8424132161763805
47,053,,18131,21800,0.8316972477064221,0.7997088563509142,0.86368563906193
47,055,,10663,12991,0.8207990147024863,0.786825557730847,0.8547724716741256
47,057,,8153,9882,0.8250354179315927,0.7867506862491209,0.8633201496140646
47,059,,23370,29009,0.8056120514323141,0.7836363164109277,0.8275877864537005
47,061,,4000,5047,0.7925500297206262,0.7580784178290978,0.8270216416121545
47,063,,23598,28208,0.8365711854792967,0.8080175220475031,0.8651248489110902
47,065,,136033,183372,0.74184172065528,0.7287294951126403,0.7549539461979197
47,067,,2059,2349,0.8765432098765432,0.8171702174697875,0.935916202283299
47,069,,6973,8718,0.799839412709337,0.740902876671991,0.8587759487466831
47,071,,9058,10803,0.8384707951494955,0.7965290194417511,0.8804125708572399
47,073,,17500,21958,0.7969760451771564,0.7679579639924993,0.8259941263618135
47,075,,5946,7354,0.8085395703018765,0.7560025815845263,0.8610765590192268
47,077,,9224,11116,0.8297948902482908,0.7976310259514486,0.8619587545451329
47,079,,10658,12960,0.8223765432098765,0.7760161892761969,0.8687368971435562
47,081,,8571,11395,0.7521720052654673,0.7140336363845408,0.7903103741463939
47,083,,2738,3397,0.8060052987930527,0.744292723532726,0.8677178740533794
47,085,,6170,7882,0.7827962446079675,0.7274416914857758,0.8381507977301592
47,087,,3831,4891,0.7832754038029033,0.7392145485963386,0.827336259009468
47,089,,22138,26430,0.8376087779038971,0.8137606875344289,0.8614568682733653
47,091,,5193,6627,0.783612494341331,0.7346201397626805,0.8326048489199814
47,093,,188359,248407,0.7582676816675858,0.7512642739204517,0.76527108941472
47,095,,1390,1652,0.8414043583535109,0.7745562539403386,0.9082524627666833
47,097,,7378,8729,0.8452285485164395,0.8179974688617633,0.8724596281711157
47,099,,15203,19315,0.7871084649236345,0.7542599104168052,0.8199570194304638
47,101,,4840,5931,0.8160512561119542,0.7712802733200487,0.8608222389038597
47,103,,13083,15964,0.8195314457529441,0.7839737386595559,0.8550891528463324
47,105,,20388,25630,0.7954740538431525,0.7697572270168622,0.8211908806694428
47,107,,19547,23255,0.8405504192646742,0.8132187326943806,0.8678821058349678
47,109,,8322,10551,0.7887404037531988,0.744290744559886,0.8331900629465115
47,111,,9076,11882,0.7638444706278404,0.7205892790440582,0.8070996622116227
47,113,,33804,44389,0.7615400211764176,0.7382843744876975,0.7847956678651378
47,115,,8741,11739,0.7446119771701167,0.7124271705329607,0.7767967838072728
47,117,,12914,16638,0.7761750210361822,0.7407411619299794,0.811608880142385
47,119,,40851,52940,0.7716471477143937,0.7520094715931985,0.7912848238355888
47,121,,3703,5110,0.7246575342465753,0.6759257905384751,0.7733892779546755
47,123,,15103,18551,0.8141340089483047,0.7887802133499391,0.8394878045466703
47,125,,88898,111668,0.7960919869613498,0.7795265915095941,0.8126573824131054
47,127,,2463,2989,0.8240214118434259,0.7649539777887404,0.8830888458981114
47,129,,6445,7675,0.8397394136807818,0.7895177262708061,0.8899611010907574
47,131,,10364,12681,0.8172857030202665,0.7812332917003776,0.8533381143401554
47,133,,8538,10295,0.8293346284604177,0.7971140045688089,0.8615552523520266
47,135,,2493,3559,0.7004776622646811,0.6210100776334465,0.7799452468959157
47,137,,1491,1877,0.7943526904635055,0.6992511524123273,0.8894542285146838
47,139,,5902,7387,0.7989711655611209,0.747499417068642,0.8504429140535998
47,141,,30729,39098,0.7859481303391478,0.7700160099956236,0.801880250682672
47,143,,10597,13334,0.7947352632368382,0.757594983799649,0.8318755426740274
47,145,,18957,23347,0.8119672763095901,0.784260516246286,0.8396740363728942
47,147,,29734,37559,0.7916611198381214,0.775240188376224,0.8080820513000188
47,149,,139433,191041,0.7298590354949984,0.7178393163623196,0.7418787546276773
47,151,,7194,8677,0.8290883946064308,0.7942574639862368,0.8639193252266248
47,153,,4616,6206,0.7437963261359974,0.7020250257898704,0.7855676264821245
47,155,,38104,48155,0.7912781642612398,0.7607629261703179,0.8217934023521616
47,157,,320754,418661,0.7661425353687112,0.7597086911616512,0.7725763795757713
47,159,,7675,9658,0.7946779871609029,0.7782868269165505,0.8110691474052553
47,161,,4375,5822,0.7514599793885263,0.6823772352077582,0.8205427235692944
47,163,,55221,69428,0.79537074379213,0.78315060681444,0.80759088076982
47,165,,76943,104034,0.7395947478708884,0.7228274979442845,0.7563619977974924
47,167,,21629,27409,0.7891203619249152,0.7645565827403088,0.8136841411095216
47,169,,4367,5100,0.8562745098039216,0.7709470202032207,0.9416019994046225
47,171,,6396,7720,0.8284974093264249,0.7782447286328322,0.8787500900200176
47,173,,6491,8758,0.7411509477049555,0.6920317299680404,0.7902701654418706
47,175,,1976,2666,0.741185296324081,0.6764858869156444,0.8058847057325177
47,177,,14186,18067,0.7851884651574694,0.750797166768786,0.8195797635461528
47,179,,48942,63330,0.7728090952155376,0.7549923885259352,0.7906258019051401
47,181,,5179,6263,0.8269200063867156,0.7822430192084642,0.871596993564967
47,183,,11086,14359,0.7720593356083293,0.738720391440892,0.8053982797757666
47,185,,9422,11532,0.817030870620881,0.7667692536949859,0.867292487546776
47,187,,84430,130018,0.649371625467243,0.631564064448527,0.6671791864859591
47,189,,59505,80136,0.742550164719976,0.7232103052852528,0.7618900241546993
48,000,,10200815,14280889,0.7142983185430543,0.7128971598523822,0.7156994772337263
48,001,,17032,20729,0.8216508273433354,0.78288421917565,0.8604174355110208
48,003,,7136,8389,0.8506377398974848,0.8092639450818744,0.8920115347130952
48,005,,29545,36500,0.8094520547945205,0.7934665943220541,0.8254375152669869
48,007,,6776,10051,0.6741617749477664,0.6028845329608818,0.745439016934651
48,009,,3466,4078,0.8499264345267288,0.8186081761422236,0.881244692911234
48,011,,701,876,0.8002283105022832,0.729767500595036,0.8706891204095303
48,013,,15760,20944,0.7524828113063408,0.7207060839338342,0.7842595386788473
48,015,,11390,14260,0.7987377279102384,0.7641508825160209,0.833324573304456
48,017,,2239,2705,0.8277264325323475,0.7656017508472776,0.8898511142174174
48,019,,7403,9309,0.7952519067569019,0.7461905736027501,0.8443132399110538
48,021,,33073,48379,0.6836230595919717,0.6553031357894263,0.711942983394517
48,023,,1116,1395,0.8,0.7001586121870589,0.8998413878129412
48,025,,9023,10863,0.8306176930866244,0.7354533287697033,0.9257820574035455
48,027,,133618,176187,0.7583873952107704,0.7445671473996838,0.772207643021857
48,029,,675116,987158,0.6838986261571096,0.6768871341240412,0.690910118190178
48,031,,3808,5557,0.6852618319236998,0.6379425791186256,0.732581084728774
48,033,,244,289,0.8442906574394463,0.7073881986471181,0.9811931162317745
48,035,,5929,7471,0.7936019274528175,0.7602654775595853,0.8269383773460498
48,037,,31423,38029,0.8262904625417444,0.8063706932649821,0.8462102318185067
48,039,,143693,180225,0.7972978221667361,0.784898339398797,0.8096973049346751
48,041,,85058,116186,0.7320847606424182,0.7164559802103567,0.7477135410744797
48,043,,3052,4653,0.6559209112400601,0.5634502723028034,0.7483915501773168
48,045,,389,544,0.7150735294117647,0.5870597681438124,0.843087290679717
48,047,,2098,2488,0.8432475884244373,0.7608156178674448,0.9256795589814297
48,049,,13096,16568,0.7904394012554321,0.753955486315602,0.8269233161952622
48,051,,5986,8132,0.736104279390064,0.6728757874037563,0.7993327713763716
48,053,,16926,24280,0.6971169686985172,0.6638202689441044,0.7304136684529301
48,055,,16602,21509,0.7718629410944255,0.7401040090106326,0.8036218731782185
48,057,,7889,9639,0.8184458968772694,0.7484353720825088,0.8884564216720301
48,059,,4906,6403,0.7662033421833515,0.7167298036481878,0.8156768807185152
48,061,,130269,172205,0.7564762927905694,0.7439599580607709,0.7689926275203679
48,063,,4235,5360,0.7901119402985075,0.7351727994377484,0.8450510811592666
48,065,,2499,2931,0.8526100307062436,0.7957015259669975,0.9095185354454898
48,067,,9241,10930,0.8454711802378774,0.8121099260729535,0.8788324344028012
48,069,,2260,3318,0.6811332127787824,0.61605450144815,0.7462119241094147
48,071,,17495,22979,0.7613473171156273,0.7233893038560808,0.7993053303751738
48,073,,14669,19884,0.7377288271977469,0.6990419527582415,0.7764157016372523
48,075,,2276,2526,0.9010292953285828,0.8274510492565542,0.9746075414006113
48,077,,3883,5088,0.7631682389937107,0.7126647265786616,0.8136717514087597
48,079,,761,1062,0.716572504708098,0.6400897903649518,0.7930552190512441
48,081,,1146,1329,0.8623024830699775,0.7699188213748317,0.9546861447651233
48,083,,2173,3101,0.7007416962270235,0.6124867134545661,0.788996678999481
48,085,,377122,608264,0.6199972380413767,0.6119346139339364,0.628059862148817
48,087,,918,1184,0.7753378378378378,0.6672149029195314,0.8834607727561442
48,089,,7578,9109,0.8319244703040949,0.7983546273571077,0.8654943132510821
48,091,,62618,87781,0.7133434342283638,0.6935843944525918,0.7331024740041358
48,093,,4889,6287,0.7776363925560681,0.7341419257631162,0.82113085934902
48,095,,929,1288,0.7212732919254659,0.6000723658390462,0.8424742180118855
48,097,,16417,20447,0.8029050716486527,0.7673061244488826,0.8385040188484227
48,099,,24795,35194,0.7045234983235779,0.6762340497163797,0.732812946930776
48,101,,373,562,0.6637010676156584,0.5299097487688035,0.7974923864625133
48,103,,1439,1725,0.8342028985507246,0.7413111087558827,0.9270946883455665
48,105,,1097,1353,0.8107908351810791,0.684450163363479,0.9371315069986792
48,107,,1708,2146,0.7958993476234856,0.7360255790467146,0.8557731162002565
48,109,,741,823,0.9003645200486027,0.7760541953329892,1
48,111,,2977,3621,0.8221485777409555,0.7179391255467958,0.9263580299351152
48,113,,893939,1306172,0.6843960825986164,0.6780710387230225,0.6907211264742102
48,115,,3082,4525,0.6811049723756906,0.6159142666343733,0.7462956781170078
48,117,,6351,8331,0.7623334533669427,0.6941933236866882,0.8304735830471972
48,119,,1871,2346,0.7975277067348678,0.7183292732778709,0.8767261401918648
48,121,,345598,527502,0.6551596012906112,0.6458078153982444,0.6645113871829781
48,123,,6272,7857,0.7982690594374443,0.7679860603166875,0.8285520585582011
48,125,,553,712,0.776685393258427,0.5719842974824872,0.9813864890343668
48,127,,1966,2668,0.7368815592203898,0.6431949250706674,0.8305681933701121
48,129,,987,1401,0.7044967880085653,0.6410328522456092,0.7679607237715214
48,131,,2474,3112,0.7949871465295629,0.7148676861332035,0.8751066069259223
48,133,,6057,7763,0.7802395980935205,0.732982471112776,0.827496725074265
48,135,,61932,74555,0.8306887532693984,0.8151827823647857,0.8461947241740111
48,137,,378,522,0.7241379310344828,0.4714422412199052,0.9768336208490603
48,139,,80581,104588,0.7704612383829885,0.7517524461190433,0.7891700306469337
48,141,,289947,386774,0.7496548371917451,0.7401378728823794,0.7591718015011107
48,143,,15966,21098,0.7567541947103991,0.7254975880646976,0.7880108013561006
48,145,,4944,6425,0.7694941634241245,0.7161440172197525,0.8228443096284964
48,147,,11438,15727,0.7272842881668469,0.6951204779940723,0.7594480983396215
48,149,,8968,11193,0.8012150451174841,0.759400664980311,0.8430294252546572
48,151,,1351,1571,0.8599618077657543,0.8220356259416522,0.8978879895898563
48,153,,1874,2252,0.8321492007104796,0.7559387505706776,0.9083596508502816
48,155,,369,509,0.724950884086444,0.6077597593506201,0.842142008822268
48,157,,298981,424776,0.7038556792285816,0.6955154865384033,0.7121958719187599
48,159,,3118,4555,0.6845225027442371,0.6199222669480688,0.7491227385404053
48,161,,6183,7518,0.8224261771747805,0.777886747400776,0.866965606948785
48,163,,5561,6995,0.7949964260185847,0.7324019507366111,0.8575909013005583
48,165,,6489,8864,0.732062274368231,0.6743565060755762,0.7897680426608858
48,167,,129687,168011,0.7718958877692532,0.7578546256272474,0.7859371499112591
48,169,,1394,1698,0.8209658421672555,0.7114502862451534,0.9304813980893577
48,171,,8910,11845,0.7522161249472351,0.7225301080131737,0.7819021418812965
48,173,,405,476,0.8508403361344538,0.7454119180223199,0.9562687542465876
48,175,,2326,2786,0.8348887293610912,0.7901843119755879,0.8795931467465944
48,177,,7109,8660,0.8209006928406467,0.7660142218299942,0.8757871638512992
48,179,,7550,8907,0.847647917368362,0.8199301005550986,0.8753657341816253
48,181,,48899,67408,0.7254183479705673,0.7085138878243615,0.742322808116773
48,183,,46188,56493,0.8175880197546599,0.801321953215433,0.8338540862938868
48,185,,9362,11833,0.7911772162596129,0.7358494893758033,0.8465049431434225
48,187,,64594,87570,0.7376270412241636,0.7234755734166097,0.7517785090317174
48,189,,10690,13501,0.7917932005036664,0.7593906197899535,0.8241957812173794
48,191,,851,1105,0.7701357466063349,0.7088791362737679,0.8313923569389019
48,193,,2772,3425,0.8093430656934306,0.7486984468720178,0.8699876845148434
48,195,,2092,2426,0.8623248145094806,0.792717342321018,0.9319322866979433
48,197,,1257,1716,0.7325174825174825,0.6437351139196124,0.8212998511153526
48,199,,20838,24383,0.854611819710454,0.8192063901444966,0.8900172492764113
48,201,,1614103,2295484,0.7031645613735491,0.6992192760238423,0.7071098467232559
48,203,,24373,31287,0.7790136478409563,0.7575900677056535,0.800437227976259
48,205,,1292,1633,0.7911818738518065,0.6815727288591594,0.9007910188444536
48,207,,1895,2531,0.7487159225602529,0.6748155037392172,0.8226163413812886
48,209,,96690,138834,0.6964432343662216,0.6812375558705764,0.7116489128618667
48,211,,1260,1497,0.8416833667334669,0.7875283732169165,0.8958383602500173
48,213,,26503,34672,0.7643920166128289,0.7406375155092376,0.7881465177164201
48,215,,258204,345428,0.7474900702896117,0.7373071614423368,0.7576729791368866
48,217,,12385,15687,0.7895072352903678,0.7619630687588967,0.8170514018218389
48,219,,7650,9429,0.811326757874642,0.7739515997159161,0.848701916033368
48,221,,21905,28432,0.7704347214406303,0.745374860469286,0.7954945824119746
48,223,,13225,17072,0.7746602624179943,0.7419875178665428,0.8073330069694459
48,225,,5951,7424,0.8015894396551724,0.7645153401789753,0.8386635391313695
48,227,,10535,13314,0.7912723449001051,0.7600187857988506,0.8225259040013596
48,229,,905,1326,0.6825037707390649,0.5320828735651695,0.8329246679129603
48,231,,36714,48421,0.7582247372008013,0.7413473704597389,0.7751021039418637
48,233,,6958,8558,0.813040430007011,0.7681835265592729,0.8578973334547491
48,235,,521,658,0.7917933130699089,0.656999073485576,0.9265875526542418
48,237,,2653,3089,0.8588539980576239,0.8144266303262309,0.9032813657890169
48,239,,4635,6129,0.7562408223201175,0.7053420758634623,0.8071395687767726
48,241,,9617,11887,0.809035080339867,0.7811096712725922,0.83696048940714185
48,243,,367,743,0.4939434724091521,0.3656391198919311,0.6222478249263731
48,245,,87775,102385,0.8573033159154173,0.8431759702360037,0.871430661594831
48,247,,1438,1767,0.8138087153367289,0.5995008852025048,1
48,249,,12233,15266,0.8013232018865453,0.7687989848911244,0.8338474188819661
48,251,,76935,91723,0.8387754434547496,0.8244213095731445,0.8531295773363547
48,253,,5078,6581,0.7716152560401155,0.7147450403454583,0.8284854717347727
48,255,,3901,5193,0.7512035432312729,0.6814429889602555,0.8209640975022904
48,257,,62051,81584,0.7605780545204942,0.7419513172337205,0.7792047918072679
48,259,,14817,21815,0.6792115516846207,0.6365700704547947,0.7218530329144466
48,261,,46,56,0.8214285714285714,0.42754538930379044,1
48,263,,223,270,0.825925925925926,0.69739945762472,0.9544523942271319
48,265,,16880,23328,0.7235939643347051,0.6969888664798654,0.7501990621895449
48,267,,1517,2017,0.7521070897372335,0.6585882402746392,0.8456259391998278
48,269,,62,100,0.62,0.17245680147099773,1
48,271,,1080,1544,0.6994818652849741,0.6179523682283466,0.7810113623416016
48,273,,10148,13426,0.7558468642931625,0.698756999034896,0.812936729551429
48,275,,1135,1457,0.7789979409746054,0.7135063114803939,0.8444895704688169
48,277,,17393,22599,0.7696358245940086,0.7383164983756331,0.8009551508123841
48,279,,4605,5715,0.8057742782152231,0.7708152424544279,0.8407333139760182
48,281,,7069,9424,0.7501061120543294,0.7156857274882051,0.7845264966204537
48,283,,1674,2208,0.7581521739130435,0.6247909308323222,0.8915134169937647
48,285,,7350,9122,0.8057443543082657,0.7742341613944534,0.837254547222078
48,287,,5692,8049,0.7071685923717232,0.6574705897724566,0.7568665949709898
48,289,,5015,6170,0.8128038897893031,0.7818423008726696,0.8437654787059365
48,291,,29131,37535,0.7761023045157852,0.7377574720075588,0.8144471370240116
48,293,,6994,8451,0.8275943675304698,0.7913807592211948,0.8638079758397448
48,295,,938,1145,0.8192139737991266,0.7587068048564161,0.8797211427418372
48,297,,3013,3824,0.787918410041841,0.7224927992116503,0.8533440208720318
48,299,,6253,8835,0.7077532541029994,0.6631891857016863,0.7523173225043125
48,301,,25,26,0.9615384615384616,0.6090973254451972,1
48,303,,121124,155621,0.7783268324968995,0.766716330859232,0.789937334134567
48,305,,2007,2509,0.7999202869669191,0.7433146670588551,0.8565259068749831
48,307,,2211,3246,0.6811460258780037,0.5777531980259191,0.7845388537300882
48,309,,95770,123559,0.7750952986022872,0.7616696120920591,0.7885209851125153
48,311,,171,231,0.7402597402597403,0.6118260572122362,0.8686934233072444
48,313,,3856,5122,0.7528309254197579,0.7056656416820029,0.799996209157513
48,315,,2992,3694,0.8099621007038441,0.7323356865424842,0.8875885148652041
48,317,,1901,2347,0.809970174691095,0.7488980774158707,0.8710422719663193
48,319,,1172,1468,0.7983651226158038,0.6853539635770443,0.9113762816545634
48,321,,11974,15368,0.7791514836022905,0.7458150711591081,0.8124878960454729
48,323,,17572,22044,0.797133006713845,0.7608008218382893,0.8334651915894007
48,325,,16154,22123,0.7301902996881074,0.692322445134221,0.7680581542419939
48,327,,597,733,0.8144611186903138,0.668401045904778,0.9605211914758496
48,329,,68588,85979,0.7977296781772293,0.7768859064582474,0.8185734498962112
48,331,,8539,11072,0.771224710982659,0.7405214752073646,0.8019279467579534
48,333,,1523,1988,0.7660965794768612,0.6900511839222258,0.8421419750314966
48,335,,3018,3744,0.8060897435897436,0.74215987273215,0.8700196144473372
48,337,,6273,8130,0.7715867158671587,0.7191514480232142,0.8240219837111031
48,339,,233313,322513,0.7234220015937342,0.7124181643235289,0.7344258388639394
48,341,,7969,9710,0.8207003089598353,0.7755955733352533,0.8658050445844172
48,343,,3732,4855,0.768692070030896,0.7079655088221142,0.8294186312396779
48,345,,393,609,0.645320197044335,0.5524906093135389,0.738149784775131
48,347,,21152,28735,0.7361057943274752,0.7120688132098629,0.7601427754450876
48,349,,18285,23265,0.7859445519019987,0.7575429998827244,0.814346103921273
48,351,,3810,4532,0.8406884377758164,0.7876094231129865,0.8937674524386462
48,353,,5047,6233,0.8097224450505375,0.777384826347114,0.8420600637539609
48,355,,128042,160007,0.8002274900473104,0.7888476178901588,0.8116073622044621
48,357,,3522,4852,0.7258862324814509,0.6747573458593169,0.7770151191035849
48,359,,638,850,0.7505882352941177,0.6926641139921778,0.8085123565960576
48,361,,31545,37134,0.8494910324769753,0.8275759623730055,0.8714061025809452
48,363,,8847,11911,0.7427587943917388,0.7049235155504319,0.7805940732330456
48,365,,7883,9625,0.819012987012987,0.7831141810223478,0.8549117930036262
48,367,,60767,79939,0.760167127434669,0.7451876545597963,0.7751466003095416
48,369,,3739,4531,0.8252041491944383,0.772347115551693,0.8780611828371836
48,371,,5106,6150,0.8302439024390244,0.7796035324540709,0.8808842724239778
48,373,,14625,18920,0.7729915433403806,0.7528995243830192,0.7930835622977419
48,375,,37412,49364,0.7578802366096751,0.7382633271790536,0.7774971460402965
48,377,,1571,2400,0.6545833333333333,0.5316595174968822,0.7775071491697844
48,379,,3841,5327,0.7210437394405856,0.670928033066972,0.7711594458141993
48,381,,58463,74212,0.7877836468495661,0.7703234501186453,0.805243843580487
48,383,,1053,1358,0.7754050073637703,0.6704787909520598,0.8803312237754808
48,385,,353,725,0.4868965517241379,0.3003588654342704,0.6734342380140055
48,387,,3379,4567,0.7398730019706591,0.6870320932881498,0.7927139106531683
48,389,,4305,5378,0.8004834510970621,0.7372367368845836,0.8637301653095406
48,391,,2339,2659,0.8796540052651373,0.8201103446400541,0.9391976658902205
48,393,,313,388,0.8067010309278351,0.6994623755036335,0.9139396863520366
48,395,,5531,7092,0.779892836999436,0.7466980179440126,0.8130876560548594
48,397,,44964,62439,0.7201268437995484,0.6978593106062617,0.7423943769928351
48,399,,3653,4488,0.8139483065953654,0.7641546918811852,0.8637419213095456
48,401,,17753,21152,0.8393059757942511,0.823285463372759,0.8553264882157433
48,403,,2705,3623,0.7466188241788573,0.6755672599098315,0.8176703884478831
48,405,,2133,2909,0.7332416638019938,0.6486978449420336,0.817785482661954
48,407,,8382,10659,0.7863777089783281,0.742909482949486,0.8298459350071703
48,409,,24867,29958,0.8300620869216904,0.8016879008068928,0.858436273036488
48,411,,1691,2369,0.7138032925284931,0.6262491075366996,0.8013574775202865
48,413,,758,1002,0.7564870259481038,0.6677272719409195,0.8452467799552881
48,415,,5293,6680,0.7923652694610779,0.7338500310525238,0.850880507869632
48,417,,1241,1579,0.7859404686510449,0.7247995227645593,0.8470814145375306
48,419,,8209,10007,0.8203257719596283,0.7772923663211697,0.8633591775980869
48,421,,860,1114,0.7719928186714542,0.6761413542689825,0.8678442830739259
48,423,,85821,110174,0.7789587379962605,0.7598201215572556,0.7980973544352653
48,425,,3559,4804,0.7408409658617818,0.6741004330207635,0.8075814987028002
48,427,,16812,23397,0.7185536607257341,0.6793373904333968,0.7577699310180714
48,429,,2934,3905,0.7513444302176696,0.6960412478366227,0.8066476125987165
48,431,,439,548,0.801094890510949,0.6940089994672005,0.9081807815546974
48,433,,509,553,0.9204339963833634,0.8283124379758829,1
48,435,,1184,1609,0.7358607830950901,0.586397917355844,0.8853236488343361
48,437,,2231,2731,0.8169168802636397,0.7364826008411637,0.8973511596861158
48,439,,782831,1085495,0.7211742108439007,0.7158231497222042,0.7265252719655971
48,441,,55954,70835,0.7899202371708901,0.7665590047584478,0.8132814695833324
48,443,,239,278,0.8597122302158273,0.6842252552015943,1
48,445,,3525,4644,0.7590439276485789,0.6808324981443377,0.8372553571528201
48,447,,516,720,0.7166666666666667,0.6128747420165928,0.8204585913167406
48,449,,10354,13677,0.7570373619945895,0.7161602616529019,0.797914462336277
48,451,,42127,56980,0.7393295893295894,0.7175479554574196,0.7611112232017592
48,453,,428544,751869,0.5699716306963049,0.5614434892376134,0.5784997721549963
48,455,,4264,5154,0.8273185875048507,0.8041129323781272,0.8505242426315741
48,457,,4928,6628,0.7435123717561859,0.6990471886472724,0.78797755486509935
48,459,,13758,17337,0.7935629001557363,0.7696270290084244,0.8174987713030482
48,461,,1029,1204,0.8546511627906976,0.6692295605309262,1
48,463,,8353,10048,0.8313097133757962,0.784105146785999,0.8785142799655934
48,465,,14897,20267,0.7350372526767652,0.6887345635048198,0.7813399418487107
48,467,,20518,26897,0.7628360040153177,0.7294067887120398,0.7962652193185956
48,469,,33337,41087,0.8113758609779249,0.7903935857365725,0.8323581362192773
48,471,,23100,28798,0.8021390374331551,0.763815943069517,0.8404621317967932
48,473,,21094,27124,0.7776876566878042,0.7437195444983435,0.8116557688772648
48,475,,4270,5120,0.833984375,0.7925521484910393,0.8754166015089607
48,477,,12703,16680,0.7615707434052758,0.7206339330310135,0.802507553779538
48,479,,90979,114717,0.7930733892971399,0.7807166620338026,0.8054301165604771
48,481,,14731,18640,0.7902896995708154,0.7762299401929275,0.8043494589487034
48,483,,1785,2238,0.7975871313672922,0.7536790556061951,0.8414952071283893
48,485,,45088,62218,0.7246777459899064,0.711927986451484,0.7374275055283288
48,487,,4572,5512,0.8294629898403484,0.7740236798188207,0.8849022998618761
48,489,,6646,8045,0.8261031696706028,0.7823394564044284,0.8698668829367773
48,491,,226632,354535,0.6392373108437813,0.6287119899272164,0.6497626317603462
48,493,,17871,23884,0.7482415005861665,0.7206983934002561,0.7757846077720768
48,495,,3017,3512,0.8590546697038725,0.8173576595285126,0.9007516798792323
48,497,,26624,35086,0.7588211822379296,0.7363808958889209,0.7812614685869383
48,499,,12481,17073,0.7310373103731037,0.6967185229866703,0.7653560977595372
48,501,,2323,2945,0.7887945670628184,0.7551387095676394,0.8224504245579973
48,503,,6794,8718,0.7793071805459968,0.7408856491721096,0.8177287119198839
48,505,,3675,4838,0.7596114096734188,0.7041360891287619,0.8150867302180757
48,507,,2874,3570,0.8050420168067227,0.7248543603105109,0.8852296733029346
49,000,,1139561,1689998,0.6742972476890505,0.6711279610132627,0.6774665343648384
49,001,,2306,3039,0.7588022375781507,0.7037247262111138,0.8138797489451876
49,003,,20791,28082,0.7403674951926501,0.7154824198192975,0.7652525705660027
49,005,,47574,70171,0.6779723817531459,0.6624557882318732,0.6934889752744186
49,007,,6507,8394,0.7751965689778413,0.7347465990937341,0.8156465388619485
49,009,,226,294,0.7687074829931972,0.676454261572633,0.8609607044137615
49,011,,130932,184346,0.7102513751315461,0.6974355064260658,0.7230672438370265
49,013,,6402,8303,0.7710466096591594,0.73723117951577,0.8048620398025488
49,015,,3289,4264,0.7713414634146342,0.7099985016600997,0.8326844251691686
49,017,,1594,2379,0.6700294241277848,0.595032495747459,0.7450263525081106
49,019,,3628,5296,0.6850453172205438,0.6131452642977495,0.7569453701433382
49,021,,20536,28202,0.7281753067158357,0.6903909811670521,0.7659596322646194
49,023,,4476,5965,0.7503772003352892,0.702442110292938,0.7983122903776404
49,025,,2158,3445,0.6264150943396226,0.503355613330725,0.7494745753485202
49,027,,4458,5617,0.7936620972049137,0.7572513018069215,0.8300728926029058
49,029,,4222,5755,0.7336229365768897,0.6808844175897112,0.7863614555640682
49,031,,377,616,0.612012987012987,0.4997422831591519,0.7242836908668221
49,033,,778,1208,0.6440397350993378,0.5559796991362842,0.7320997710623913
49,035,,409578,634662,0.6453482326025507,0.6389274138657918,0.6517690513393096
49,037,,3764,5245,0.7176358436606292,0.6820712415907856,0.7532004457304727
49,039,,8829,12248,0.7208523840627041,0.6822146389951224,0.7594901291302859
49,041,,7380,9536,0.7739093959731543,0.752086103572004,0.7957326883743047
49,043,,14447,23037,0.6271215870121978,0.5983843428702266,0.655858831154169
49,045,,27604,40092,0.6885164122518208,0.6598267120225986,0.717206112481043
49,047,,11070,15210,0.727810650887574,0.7102074770537293,0.7454138247214187
49,049,,224141,343102,0.6532780339374297,0.645208043276199,0.6613480245986604
49,051,,12407,18347,0.6762413473592412,0.6383356898204592,0.7141470048980233
49,053,,60422,84384,0.7160362153962837,0.6947619676184363,0.7373104631741311
49,055,,785,1231,0.6376929325751421,0.5336270648361873,0.741758800314097
49,057,,98880,137528,0.7189808620789948,0.7065208587104479,0.7314408654475417
50,000,,227773,332501,0.6850295187082144,0.67900623957703,0.6910527978393988
50,001,,13030,19573,0.6657129719511572,0.6443760282408004,0.687049915661514
50,003,,12224,17489,0.6989536279947396,0.656005384232647,0.7419018717568322
50,005,,10651,15227,0.6994811847376371,0.6708891664759383,0.7280732029993359
50,007,,59347,95810,0.6194238597223671,0.6038835413299485,0.6349641781147858
50,009,,2062,2617,0.7879251050821552,0.757487502578451,0.8183627075858594
50,011,,18638,25199,0.7396325251002024,0.7108588299610779,0.7684062202393269
50,013,,2746,3757,0.7309023156774022,0.6861618852906359,0.7756427460641684
50,015,,10572,14439,0.732183669229171,0.6990082875130322,0.7653590509453098
50,017,,10598,15191,0.6976499242972812,0.6675982203903731,0.7277016282041894
50,019,,9695,13163,0.7365342247208083,0.7195539112097077,0.753514538231909
50,021,,22255,28133,0.7910638751643977,0.7664245287294673,0.8157032215993281
50,023,,21802,31315,0.6962158709883443,0.6786331969719896,0.7137985450046989
50,025,,15096,22355,0.6752851711026616,0.6499177533536492,0.700652588851674
50,027,,19057,28233,0.6749902596252613,0.6507566541901265,0.699223865060396
51,000,,2924214,4327663,0.6757027984850021,0.6735972091880009,0.6778083877820034
51,001,,10359,14281,0.7253693718927245,0.6863654514857446,0.7643732922997045
51,003,,35827,55283,0.648065408896044,0.6280024232995133,0.6681283944925748
51,005,,5152,5853,0.8802323594737741,0.8472942688058056,0.9131704501417426
51,007,,4475,5875,0.7617021276595745,0.7108364240025765,0.8125678313165724
51,009,,11175,14321,0.7803226031701697,0.7491791254680578,0.8114660808722816
51,011,,6241,7619,0.8191363696023101,0.778028272413213,0.8602444667914071
51,013,,55534,146240,0.3797456236323851,0.3659151797659119,0.3935760674988583
51,015,,31383,38039,0.8250216882673046,0.8048862185607221,0.8451571579738871
51,017,,1547,1723,0.897852582704585,0.8154183805886035,0.9802867848205665
51,019,,28864,36854,0.783198567319694,0.7559420418394079,0.81045509279998
51,021,,1751,2302,0.760642919200695,0.6824246436705699,0.8388611947308202
51,023,,12430,15443,0.8048954218739882,0.7738789098458255,0.8359119339021509
51,025,,5327,6690,0.7962630792227204,0.7508167373895992,0.8417094210558417
51,027,,4261,5246,0.8122378955394587,0.6387800390402363,0.9856957520386811
51,029,,4966,6145,0.8081366965012206,0.7617715635569665,0.8545018294454746
51,031,,21359,26315,0.8116663499904997,0.7797168294505581,0.8436158705304413
51,033,,11887,16189,0.7342640064241152,0.6974339980051871,0.7710940148430432
51,035,,10149,12137,0.8362033451429514,0.796532218776459,0.8758744715094438
51,036,,2581,3171,0.8139388205613372,0.7861096672181879,0.8417679739044864
51,037,,4005,4818,0.8312577833125778,0.7948624011973607,0.8676531654277949
51,041,,135340,189807,0.7130400880894804,0.7006564232736014,0.7254237529053593
51,043,,5012,7294,0.6871401151631478,0.6258862342805676,0.748393996045728
51,045,,1374,1940,0.7082474226804124,0.6096559186601412,0.8068389267006836
51,047,,18926,25843,0.732345315946291,0.7030529136059769,0.7616377182866052
51,049,,3792,4635,0.8181229773462784,0.768476927269952,0.8677690274226048
51,051,,3888,4814,0.8076443705857914,0.7656981291862366,0.8495906119853462
51,053,,10426,13412,0.7773635550253505,0.7287697200381418,0.8259573900125592
51,057,,3342,4257,0.7850599013389711,0.723258154302846,0.8468616483750961
51,059,,339557,612714,0.554185150004733,0.5468441851788404,0.5615261148306256
51,061,,27823,38099,0.7302816346885745,0.7065707101451828,0.7539925592319663
51,063,,5646,7514,0.7513973915357999,0.702455285783485,0.8003394972881147
51,065,,9195,13326,0.690004502476362,0.6466209779894886,0.7333880269632355
51,067,,18690,24128,0.774618700265252,0.7526639358995241,0.79657346463098
51,069,,35411,46236,0.7658750756985898,0.7381301984990503,0.7936199528981294
51,071,,6120,7429,0.8237986270022883,0.7691888752207221,0.8784083787838546
51,073,,15586,18618,0.8371468471371791,0.803486514453957,0.8708071798204012
51,075,,9405,12329,0.7628355908832833,0.7174775488022782,0.8081936329642885
51,077,,4581,5782,0.7922864060878588,0.7447125798485137,0.839860232327204
51,079,,7522,10821,0.6951298401256816,0.6430812116913306,0.7471784685600326
51,081,,3174,3749,0.8466257668711656,0.7861624570401087,0.9070890767022226
51,083,,10603,13536,0.7833185579196218,0.7565840694801098,0.8100530463591338
51,085,,42080,57783,0.728241870446325,0.70948312089038,0.7470006200022701
51,087,,117885,175223,0.6727712686119973,0.658401974160491,0.6871405630635037
51,089,,16632,20025,0.830561797752809,0.8018673923602019,0.8592562031454162
51,091,,621,893,0.6954087346024636,0.5850916859957113,0.8057257832092158
51,093,,14986,19082,0.7853474478566188,0.7540160863824742,0.8166788093307634
51,095,,26317,36334,0.7243078108658557,0.701183454227127,0.7474321675045844
51,097,,2454,3113,0.7883070992611628,0.7221379837570752,0.8544762147652505
51,099,,10245,13924,0.735779948290721,0.7000502548256285,0.7715096417558135
51,101,,7713,9698,0.7953186223963704,0.7582913562859321,0.8323458885068087
51,103,,3161,4025,0.7853416149068323,0.7266318503324102,0.8440513794812544
51,105,,5279,6453,0.8180691151402448,0.7529901244962971,0.8831481057841926
51,107,,134669,234211,0.5749900730537848,0.562236532263913,0.5877436138436566
51,109,,14615,19208,0.7608808829654311,0.7285578218075738,0.7932039441232884
51,111,,3454,4334,0.7969543147208121,0.7469283307258904,0.8469802987157339
51,113,,5020,6689,0.7504858723277023,0.7082166228866222,0.7927551217687823
51,115,,2421,3379,0.716484166913288,0.6458735943193838,0.7870947395071921
51,117,,10298,12720,0.8095911949685535,0.7713719693133111,0.8478104206237959
51,119,,3152,4422,0.7127996381727725,0.6662434110257917,0.7593558653197533
51,121,,31635,46406,0.6817006421583416,0.6583749046386511,0.7050263796780321
51,125,,4299,6375,0.6743529411764706,0.6302498242431913,0.7184560581097499
51,127,,9805,12795,0.7663149667839,0.7262366728603792,0.8063932607074208
51,131,,3627,5059,0.7169401067404625,0.6599831602795051,0.7738970532014199
51,133,,3006,4383,0.6858316221765913,0.5866727180320822,0.7849905263211004
51,135,,4672,5816,0.8033012379642366,0.7497725607841043,0.8568299151443689
51,137,,13108,17757,0.7381877569409248,0.6999696244876935,0.776405889394156
51,139,,7892,10302,0.7660648417782955,0.729575958184663,0.8025537253719279
51,141,,5370,7306,0.7350123186422118,0.6824596847782805,0.7875649525061432
51,143,,20407,24360,0.8377257799671592,0.8123563066604529,0.8630952532738656
51,145,,10868,15728,0.690996948118006,0.6390698619404968,0.7429240342955153
51,147,,6270,8558,0.7326478149100257,0.6954183750020777,0.7698772548179738
51,149,,13609,21142,0.6436950146627566,0.6045206342757435,0.6828693950497696
51,153,,165726,252390,0.6566266492333294,0.6449196210578994,0.6683336774087594
51,155,,12128,14425,0.8407625649913345,0.8061966975159692,0.8753284324666998
51,157,,2372,3346,0.7089061566049014,0.6328280310951463,0.7849842821146565
51,159,,2625,3404,0.7711515863689776,0.7024006537383544,0.8399025189996009
51,161,,35484,46320,0.7660621761658031,0.7423636708156042,0.789760681516002
51,163,,7832,10132,0.772996446900908,0.7266152079338752,0.8193776858679407
51,165,,32585,41950,0.7767580452920143,0.7580155024007418,0.7955005881832868
51,167,,7236,9107,0.7945536400570989,0.7498621828470814,0.8392450972671165
51,169,,6692,7760,0.8623711340206186,0.8370930514231807,0.8876492166180565
51,171,,16213,20731,0.7820655057643143,0.7509636767337047,0.813167334794924
51,173,,9681,11685,0.8284980744544288,0.7920756914137073,0.8649204574951503
51,175,,6224,7867,0.7911529172492691,0.7552100603435624,0.8270957741549757
51,177,,50398,72773,0.6925370673189232,0.6729761672192324,0.712097967418614
51,179,,54307,82545,0.6579078078623781,0.6346359327667271,0.6811796829580291
51,181,,2449,3147,0.7782014617095646,0.7288135207881212,0.827589402631008
51,183,,3644,4205,0.8665873959571938,0.8211123195269987,0.9120624723873889
51,185,,11371,13970,0.8139584824624194,0.8012314629727033,0.8266855019521355
51,187,,14062,19345,0.7269061773067976,0.709122111719861,0.7446902428937343
51,191,,19096,23270,0.820627417275462,0.793583196403918,0.847671638147006
51,193,,5692,7503,0.758629881380781,0.7115674060222721,0.80569235673929
51,195,,9603,12415,0.7734997986306886,0.7345436285936107,0.8124559686677666
51,197,,9835,12148,0.8095982877839973,0.7673345432215198,0.8518620323464748
51,199,,26463,35816,0.7388597274960911,0.716180388961531,0.7615390660306511
51,510,,47330,98041,0.4827572138187085,0.46502242056479964,0.5004920070726173
51,520,,5597,7142,0.7836740408849062,0.726468153220853,0.8408799285489594
51,530,,2120,2769,0.7656193571686529,0.6937953198634582,0.8374433944738476
51,540,,12424,23413,0.530645367957972,0.49413639295903133,0.5671543429569127
51,550,,94134,124399,0.7567102629442359,0.7426869176571255,0.7707336082313464
51,570,,6837,8646,0.7907702984038862,0.747315881047184,0.8342247157605884
51,580,,1770,2015,0.8784119106699751,0.819039178946623,0.9377846423933273
51,590,,12397,16449,0.7536628366466046,0.718681953729415,0.7886437195637942
51,595,,1607,2264,0.7098056537102474,0.5940988151744886,0.8255124922460062
51,600,,6876,13084,0.5255273616631,0.4883740371093876,0.5626806862168123
51,610,,3897,7914,0.49241849886277483,0.4484352174006031,0.5364017803249466
51,620,,2699,3196,0.8444931163954944,0.7821153129716034,0.9068709198193854
51,630,,9649,14806,0.651695258678914,0.6130717597577372,0.6903187576000908
51,640,,2331,2795,0.8339892665474061,0.7442457437465941,0.9237327893482181
51,650,,50701,66940,0.7574096205557216,0.7436910680814538,0.7711281730299894
51,660,,16215,23876,0.6791338582677166,0.6509401028871014,0.7073276136483317
51,670,,7895,9951,0.7933875992362577,0.7542980714211519,0.8324771270513635
51,678,,1586,2941,0.5392723563413805,0.46240018275141925,0.6161445299313417
51,680,,24392,35735,0.6825801035399468,0.6551831420390921,0.7099770650408015
51,683,,15254,22181,0.6877056940624859,0.6580293672228371,0.7173820209021348
51,685,,6671,9315,0.7161567364465915,0.6635725823229706,0.7687408905702124
51,690,,4377,5504,0.7952398255813954,0.7526734528176711,0.8378061983451197
51,700,,67257,90827,0.7404956675878318,0.7190573239938303,0.7619340111818333
51,710,,87873,124521,0.7056881971715614,0.6901272004737866,0.7212491938693362
51,720,,950,1321,0.7191521574564723,0.5663896586909327,0.8719146562220119
51,730,,10655,14525,0.7335628227194492,0.6754523715473648,0.7916732738915335
51,735,,5095,6403,0.7957207558956739,0.7538941924236241,0.8375473193677238
51,740,,32299,45445,0.7107272527230718,0.6856602888483428,0.7357942165978008
51,750,,6352,8128,0.781496062992126,0.7380604532747005,0.8249316727095516
51,760,,76720,121803,0.6298695434431008,0.6155471789445419,0.6441919079416596
51,770,,33687,44966,0.7491660365609571,0.7294940125098409,0.7688380606120734
51,775,,9326,12162,0.7668146686400263,0.731286415020352,0.8023429222597007
51,790,,8944,11816,0.7569397427217333,0.7157214209092864,0.7981580645341801
51,800,,37682,47710,0.7898134562984699,0.7724200670620678,0.807206845534872
51,810,,177119,239302,0.7401484316888284,0.7317841725940039,0.7485126907836529
51,820,,8295,11010,0.7534059945504087,0.7125826558389186,0.7942293332618988
51,830,,3679,6408,0.5741260923845194,0.524413694743274,0.6238384900257647
51,840,,9548,13356,0.7148846960167715,0.6803302511058469,0.7494391409276961
53,000,,2401413,3787614,0.6340173523489986,0.6310856641163927,0.6369490405816045
53,001,,5532,8063,0.6860969862334119,0.6384783908332725,0.7337155816335512
53,003,,7455,9280,0.8033405172413793,0.7775766233719534,0.8291044111108052
53,005,,69220,94188,0.7349131524185671,0.7192384982331067,0.7505878066040276
53,007,,26105,35993,0.7252799155391326,0.7018236316233666,0.7487361994548987
53,009,,20782,29561,0.70302087209499,0.6792420012113884,0.7267997429785915
53,011,,170199,245804,0.6924175359229304,0.6803318892467092,0.7045031825991517
53,013,,1205,1735,0.6945244956772334,0.5970408468920301,0.7920081444624367
53,015,,38121,46758,0.8152829462337996,0.7975256047782916,0.8330402876893076
53,017,,15801,20760,0.7611271676300578,0.7239796973271965,0.7982746379329192
53,019,,1477,2320,0.6366379310344827,0.5808527255487181,0.6924231365202473
53,021,,33341,43576,0.7651230034881586,0.7335087834838093,0.796737223492508
53,023,,580,876,0.6621004566210046,0.5295520305824094,0.7946488826595998
53,025,,31962,43639,0.7324182497307454,0.7125974458153961,0.7522390536460948
53,027,,22029,29091,0.7572445086109106,0.7344257914793514,0.7800632257424699
53,029,,26711,38902,0.6866227957431494,0.657571341400121,0.7156742500861779
53,031,,7429,12194,0.609234049532557,0.5673302026231424,0.6511378964419716
53,033,,618912,1228860,0.5036472828475173,0.4991145067150995,0.508180058979935
53,035,,84243,133025,0.633286976132306,0.6179899913742174,0.6485839608903946
53,037,,15907,22549,0.7054414829925939,0.674116696101422,0.7367662698837658
53,039,,6138,9361,0.6556991774383079,0.6109842015748933,0.7004141533017224
53,041,,25978,34834,0.7457656312797841,0.7270635147739342,0.7644677477856341
53,043,,3197,4464,0.7161738351254481,0.6862602706379758,0.7460873996129204
53,045,,17927,25280,0.7091376582278481,0.6769619890680809,0.7413133273876154
53,047,,11126,18309,0.6076792834125293,0.5606116283851361,0.6547469384399225
53,049,,5794,9120,0.6353070175438597,0.6099178260631049,0.6606962090246145
53,051,,3816,5184,0.7361111111111112,0.6828722570658744,0.7893499651563479
53,053,,319349,451807,0.7068261447919134,0.7000320735851043,0.7136202159987225
53,055,,4897,8132,0.6021888834235121,0.5693283819605799,0.6350493848864442
53,057,,43006,57683,0.7455576166288161,0.727777464955168,0.7633377683024642
53,059,,3945,5589,0.7058507783145465,0.654982565503671,0.756718991125422
53,061,,277139,426375,0.649988859571973,0.6405581091248269,0.6594196100191192
53,063,,177714,254584,0.698056437168086,0.6851678435425341,0.7109450307936378
53,065,,13834,17989,0.7690255155928623,0.746022897988075,0.7920281331976495
53,067,,93180,139361,0.6686232159642942,0.6548886144296256,0.6823578174989627
53,069,,964,1552,0.6211340206185567,0.5281492362487631,0.7141188049883503
53,071,,19215,27394,0.701430970285464,0.6761943734931432,0.7266675670777848
53,073,,78545,113527,0.6918618478423635,0.6745359925692314,0.7091877031154956
53,075,,14421,22974,0.627709584747976,0.594331057335185,0.661088112160767
53,077,,84217,106921,0.7876563069930136,0.7740886924240961,0.8012239215619311
54,000,,573056,734007,0.7807227996463248,0.7798085531186704,0.7816370461739793
54,001,,4395,5486,0.8011301494713817,0.7549856711476242,0.8472746277951393
54,003,,50213,63917,0.7855969460393949,0.763996145073813,0.8071977470049768
54,005,,5720,7240,0.7900552486187845,0.7387067598236567,0.8414037374139123
54,007,,2789,3959,0.7044708259661531,0.6783257653090522,0.7306158866232539
54,009,,7520,9281,0.810257515353949,0.7739494303895901,0.8465656003183079
54,011,,30758,40567,0.7582024798481525,0.7326895644032042,0.7837153952931007
54,013,,1617,1782,0.9074074074074074,0.8215575327493951,0.9932572820654197
54,015,,1841,2445,0.7529652351738241,0.6587899736518391,0.847140496695809
54,017,,2043,2604,0.7845622119815668,0.7558805124320085,0.8132439115311252
54,019,,11337,14517,0.7809464765447407,0.7394253139292608,0.8224676391602206
54,021,,1436,1955,0.7345268542199489,0.6588369816666048,0.810216726773293
54,023,,3880,4796,0.8090075062552127,0.7473559540054138,0.8706590585050116
54,025,,10128,12656,0.8002528445006322,0.7656570683304186,0.8348486206708458
54,027,,7409,9157,0.8091077863929235,0.7594997586927992,0.8587158140930478
54,029,,9692,12471,0.7771630182022292,0.7423546353920855,0.811971401012373
54,031,,4503,5981,0.7528841330881123,0.7037291807898661,0.8020390853863585
54,033,,22251,28109,0.7915969974029671,0.7685656610597132,0.8146283337462209
54,035,,8184,10395,0.7873015873015873,0.7475089931577876,0.8270941814453869
54,037,,20562,29573,0.6952963852162446,0.6685696693838112,0.722023101048678
54,039,,58369,75528,0.7728127317021501,0.7570998617191786,0.7885256016851216
54,041,,5190,6473,0.8017920593233431,0.7654551808522054,0.8381289377944807
54,043,,5088,6055,0.8402972749793559,0.7831980331386172,0.8973965168200946
54,045,,8761,10316,0.8492632803412176,0.815133503392058,0.8833930572903771
54,047,,3075,3697,0.8317554774141196,0.7621170569585944,0.9013938978696447
54,049,,18920,25378,0.745527622350067,0.7144740636268299,0.7765811810733041
54,051,,9989,12625,0.7912079207920792,0.7529490643316341,0.8294667772525244
54,053,,7675,9026,0.8503212940394416,0.8220992678447805,0.8785433202341026
54,055,,18991,23191,0.8188952610926653,0.7894569096756872,0.8483336125096435
54,057,,8821,11195,0.7879410451094239,0.7519945367920273,0.8238875534268204
54,059,,4333,5445,0.7957759412304867,0.7529150437392669,0.8386368387217065
54,061,,39179,54924,0.7133311484961037,0.6942714627063421,0.7323908342858653
54,063,,3572,4356,0.820018365472911,0.7400463013456646,0.8999904296001573
54,065,,6515,8064,0.8079117063492064,0.7643521367865833,0.8514712759118295
54,067,,6935,8752,0.792390310786106,0.7331751644281221,0.8516054571440899
54,069,,14565,18381,0.7923943202219683,0.7616394062846692,0.8231492341592674
54,071,,1908,2339,0.8157332193244976,0.7674268489193478,0.8640395897296475
54,073,,2417,3029,0.7979531198415318,0.7473932239059247,0.848513015777139
54,075,,1847,2475,0.7462626262626263,0.6768889272156762,0.8156363253095764
54,077,,10226,13433,0.761259584605077,0.7232922076075886,0.7992269616025655
54,079,,21099,26454,0.7975731458380585,0.7805886362730359,0.8145576554030811
54,081,,22083,26839,0.8227951861097657,0.7798337774330627,0.8657565947864686
54,083,,8365,10710,0.7810457516339869,0.7346762541453469,0.827415249122627
54,085,,2414,3135,0.7700159489633174,0.7165699676994096,0.8234619302272251
54,087,,3453,4394,0.7858443331816113,0.7425144013638777,0.8291742649993449
54,089,,2910,3392,0.8579009433962265,0.8099908660063332,0.9058110207861197
54,091,,5285,6446,0.8198883028234564,0.7704628014546863,0.8693138041922265
54,093,,1996,2732,0.7306002928257687,0.6753287276200812,0.7858718580314561
54,095,,2344,2798,0.8377412437455325,0.7845765437446066,0.8909059437464584
54,097,,7107,8815,0.8062393647192286,0.7675430181586816,0.8449357112797756
54,099,,11843,14850,0.7975084175084175,0.7565190468392946,0.8384977881775404
54,101,,2143,2603,0.8232808298117557,0.7489212771900153,0.897640382433496
54,103,,4265,5089,0.8380821379445864,0.7949516908154823,0.8812125850736905
54,105,,1363,1827,0.746031746031746,0.638704140064245,0.8533593519992471
54,107,,28027,35941,0.7798057928271334,0.7625370172617574,0.7970745683925093
54,109,,5705,6409,0.8901544702761741,0.8337452909336308,0.9465636496187174
55,000,,2219659,2984569,0.7437117386128449,0.7413979557227754,0.7460255215029143
55,001,,6557,8329,0.7872493696722296,0.7622661116981257,0.8122326276463334
55,003,,5520,7470,0.7389558232931727,0.7056003123316534,0.7723113342546919
55,005,,16844,22506,0.7484226428507953,0.7256144744726716,0.771230811228919
55,007,,5030,7086,0.7098504092576913,0.6901689559622892,0.7295318625530933
55,009,,107630,140548,0.7657882004724365,0.750411913482378,0.7811644874624949
55,011,,5315,6683,0.7953015112973215,0.7720858283413757,0.8185171942532673
55,013,,5208,6886,0.7563171652628522,0.7392673220414387,0.77336700848426565
55,015,,21841,28409,0.7688056601781126,0.7453944385374219,0.7922168818188032
55,017,,24737,32697,0.7565525889225311,0.7381073764721447,0.7749978013729174
55,019,,10713,15520,0.690270618556701,0.6735980581278662,0.7069431789855358
55,021,,23024,29952,0.7686965811965812,0.7554512435772466,0.7819419188159159
55,023,,5239,6795,0.7710080941869021,0.7457204492568846,0.7962957391169195
55,025,,204411,320244,0.638297673024319,0.6278208856331899,0.648774460415448
55,027,,36220,44717,0.8099827805979829,0.7952616634378152,0.8247038977581506
55,029,,10823,14391,0.7520672642623862,0.7220712604262973,0.7820632680984752
55,031,,16517,21729,0.7601362234801418,0.7384583246419667,0.7818141223183168
55,033,,17981,23604,0.7617776648025758,0.7434832725841994,0.7800720570209522
55,035,,44381,58185,0.762756724241643,0.7451344578297581,0.7803789906535279
55,037,,1539,1865,0.825201072386059,0.8117100384086229,0.8386921063634951
55,039,,40892,52098,0.7849053706476257,0.7709500892937076,0.7988606520015438
55,041,,2906,3690,0.7875338753387534,0.7606859133401542,0.8143818373373526
55,043,,18952,25110,0.7547590601354042,0.7342781968237393,0.775239923447069
55,045,,15153,19191,0.7895888697827107,0.7639490763028591,0.8152286632625623
55,047,,6596,8749,0.7539147331123557,0.730861029399546,0.7769684368251654
55,049,,9201,12530,0.734317637669593,0.7118981139579379,0.7567371613812481
55,051,,2218,2692,0.8239227340267459,0.7925095304171618,0.85533593763633
55,053,,7313,9153,0.7989730143122473,0.7829210358348352,0.8150249927896595
55,055,,35398,46019,0.7692040244246942,0.7471636898181108,0.7912443590312775
55,057,,9365,11822,0.792167145998985,0.7651975258513555,0.8191367661466145
55,059,,67454,85766,0.7864888184128909,0.7732960190675405,0.7996816177582412
55,061,,8237,10494,0.784924718886983,0.758413021556413,0.811436416217553
55,063,,48011,63571,0.7552343049503705,0.7366718835746736,0.7737967263260673
55,065,,6186,8244,0.7503639010189228,0.7258176668989847,0.7749101351388609
55,067,,7062,8729,0.8090273799977088,0.7707700247381455,0.8472847352572721
55,069,,10512,13344,0.7877697841726619,0.7673403105693849,0.8081992577759388
55,071,,32077,39786,0.8062383753078972,0.7920219119074604,0.820454838708334
55,073,,54160,71122,0.7615083940271646,0.7450091157874342,0.778007672266895
55,075,,15290,18925,0.8079260237780713,0.7840739133601945,0.8317781341959481
55,077,,5478,6992,0.7834668192219679,0.7612386617403862,0.8056949767035496
55,078,,1140,1409,0.8090844570617459,0.7462396835679119,0.8719292305555799
55,079,,307631,446476,0.6890202384898628,0.6804934919399097,0.6975469850398159
55,081,,16792,21686,0.7743244489532417,0.7510390583604125,0.7976098395460709
55,083,,14967,19147,0.7816890374471197,0.7605592768515615,0.8028187980426779
55,085,,13082,17172,0.7618215699976706,0.7331338854492984,0.7905092545460428
55,087,,79061,101651,0.7777690332608631,0.7640924274817963,0.7914456390399299
55,089,,35675,48105,0.7416069015694834,0.72326786031806,0.7599459428209068
55,091,,2519,3446,0.7309924550203134,0.7070878626331302,0.7548970474074966
55,093,,16876,22371,0.7543694962227885,0.7311871509147821,0.7775518415307948
55,095,,16934,21901,0.7732067028902789,0.7569000692748934,0.7895133365056645
55,097,,27392,36988,0.740564507407808,0.722017461639423,0.7591115531761929
55,099,,4622,5938,0.7783765577635567,0.7465702223359241,0.8101828931911894
55,101,,73747,95299,0.7738486238050767,0.7616602035327663,0.7860370440773871
55,103,,6334,7971,0.794630535691883,0.769462027565222,0.8197990438185441
55,105,,65296,81549,0.8006965137524679,0.7838941919199599,0.8174988355849758
55,107,,4588,5923,0.7746074624345771,0.7519099543963276,0.7973049704728267
55,109,,37334,50649,0.7371122825722127,0.715614722858655,0.7586098422857704
55,111,,26108,33900,0.7701474926253687,0.7485723548389644,0.791722630411773
55,113,,5422,7691,0.7049798465739175,0.6713602307372938,0.7385994624105413
55,115,,15214,19324,0.787311115711033,0.7702701900357651,0.8043520413863008
55,117,,45744,59821,0.7646812992093077,0.7473024324478369,0.7820601659707785
55,119,,7142,9582,0.7453558756000835,0.7133779660586334,0.7773337851415337
55,121,,12016,15042,0.7988299428267518,0.7823236889466633,0.8153361967068403
55,123,,10039,13779,0.7285724653458161,0.7041037534725194,0.7530411772191128
55,125,,7776,10348,0.751449555469656,0.7235037601795231,0.7793953507597888
55,127,,42104,54861,0.7674668708189789,0.7480545297395965,0.7868792118983613
55,129,,5367,7166,0.7489533910131175,0.7268411886084679,0.7710655934177671
55,131,,57186,73487,0.7781784533318818,0.7605310070299749,0.7958258996337888
55,133,,164665,216325,0.761192649947995,0.753314460095453,0.7690708398005369
55,135,,20151,24810,0.8122128174123338,0.7915374113191491,0.8328882235055184
55,137,,8596,10813,0.7949690187736983,0.7779797845679249,0.8119582529794717
55,139,,68968,89202,0.773166520930024,0.7599254804954789,0.7864075613645691
55,141,,27180,35094,0.7744913660454779,0.7555106463049306,0.7934720857860251
56,000,,214081,286028,0.7484616890654062,0.7394860041130109,0.7574373740178015
56,001,,14043,21508,0.652919843779059,0.6262153354540524,0.6796243521040656
56,003,,4039,5150,0.7842718446601942,0.7502302439527856,0.8183134453676028
56,005,,18303,23458,0.7802455452297724,0.7450523305871379,0.8154387598724069
56,007,,4749,6300,0.7538095238095238,0.7100412475036038,0.7975778001154439
56,009,,5141,6829,0.7528188607409577,0.7167229398893802,0.7889147815925353
56,011,,2594,3583,0.7239743231928552,0.6585849840137725,0.7893636623719378
56,013,,12401,16786,0.7387704039080186,0.7108727085924041,0.7666680992236331
56,015,,3697,5303,0.697152555157458,0.6453909758653227,0.7489141344495933
56,017,,1430,1965,0.727735368956743,0.6448714070983224,0.8105993308151636
56,019,,2792,4052,0.6890424481737414,0.6260527396271199,0.7520321567203628
56,021,,40283,50929,0.7909638909069489,0.7737332660327846,0.8081945157811131
56,023,,7223,9858,0.7327044025157232,0.6856216369757788,0.7797871680556676
56,025,,31358,39736,0.7891584457418965,0.7673786108883976,0.8109382805953954
56,027,,924,1130,0.8176991150442477,0.7196556631752418,0.9157425669132537
56,029,,10629,14639,0.7260741853951773,0.6836691411591935,0.7684792296311611
56,031,,2743,3522,0.7788188529244747,0.7147463439647382,0.8428913618842112
56,033,,12488,15684,0.7962254526906402,0.761275669440132,0.8311752359411483
56,035,,2869,4297,0.6676751221782639,0.6094811094155339,0.7258691349409938
56,037,,15490,20184,0.7674395560840269,0.7343668697477528,0.8005122424203011
56,039,,8625,14609,0.5903894859333287,0.541948233629409,0.6388307382372485
56,041,,7442,9640,0.7719917012448133,0.745641661411899,0.7983417410777276
56,043,,2827,3754,0.7530633990410229,0.6946580288683958,0.8114687692136501
56,045,,1991,3112,0.6397814910025706,0.5633909318220541,0.7161720501830872
