statecode,countycode,v067_race_black,v067_race_black_cilow,v067_race_black_cihigh,v067_race_white,v067_race_white_cilow,v067_race_white_cihigh,v067_race_hispanic,v067_race_hispanic_cilow,v067_race_hispanic_cihigh,v067_race_asian,v067_race_asian_cilow,v067_race_asian_cihigh,v067_race_aian,v067_race_aian_cilow,v067_race_aian_cihigh,v067_race_flag_CT
00,000,0.6717903826254243,,,0.7125810901004436,,,0.6694463644053377,,,0.5647128176375446,,,0.667602076818516,,,
01,000,0.8069822286501482,0.7989865375725811,0.8149779197277154,0.8140275932123202,0.8092939409412728,0.8187612454833676,0.7183767762182895,0.7021860929631696,0.7345674594734095,0.7124840514280106,0.6927606681260327,0.7322074347299886,0.7636400241594524,0.6564341831323414,0.8708458651865635,
01,001,0.8042484538854531,0.7362072926031963,0.8722896151677099,0.8078680707331611,0.7582005001977089,0.8575356412686134,,,,,,,,,,
01,003,0.8422592259225923,0.7904122319423428,0.8941062199028418,0.7739084638209868,0.7535656322884728,0.7942512953535007,0.6032252348041822,0.5330239579034832,0.6734265117048812,,,,,,,
01,005,0.8095378274948484,0.7452446345197353,0.8738310204699614,0.8124156545209177,0.7612126640509268,0.8636186449909086,,,,,,,,,,
01,007,,,,0.8258518117901569,0.7600435691203402,0.8916600544599735,,,,,,,,,,
01,009,,,,0.7494527145359019,0.7009144030566444,0.7979910260151594,0.708171206225681,0.5832056921321722,0.8331367203191897,,,,,,,
01,011,0.9113764927718416,0.8649824550168175,0.9577705305268658,0.9003250270855905,0.84427016431391,0.956379889857271,,,,,,,,,,
01,013,0.867296918767507,0.7985578882700985,0.9360359492649155,0.8536009445100354,0.8092022449478762,0.8979996440721947,,,,,,,,,,
01,015,0.8105593011110056,0.7846981477856839,0.8364204544363273,0.8646286950252343,0.8461177836778588,0.8831396063726098,0.8428954423592493,0.7564211045947572,0.9293697801237414,,,,,,,
01,017,0.7459046232253367,0.6393742819458929,0.8524349645047805,0.8389505936422826,0.7746327414278226,0.9032684458567427,,,,,,,,,,
01,019,,,,0.8217682282493836,0.703969504711341,0.9395669517874261,,,,,,,,,,
01,021,,,,0.7544102386717398,0.7066404212284293,0.8021800561150504,,,,,,,,,,
01,023,0.8202531645569621,0.728824793732045,0.9116815353818791,0.8757187085360459,0.8044751548934219,0.94696226217867,,,,,,,,,,
01,025,0.854080791426216,0.7968206695267105,0.9113409133257214,0.902258726899384,0.8530861448952173,0.9514313089035508,,,,,,,,,,
01,027,,,,0.6823851536355339,0.6148782601318585,0.7498920471392092,,,,,,,,,,
01,029,,,,0.8204518430439952,0.7498574884082315,0.8910461976797589,,,,,,,,,,
01,031,0.8218094255245958,0.7592372851618826,0.884381565887309,0.8277383766745469,0.7938726373873642,0.8616041159617295,0.7468493150684932,0.6850675068218315,0.8086311233151549,,,,,,,
01,033,0.7587772397094431,0.6532943526383556,0.8642601267805307,0.8190623042451693,0.7845103615258004,0.8536142469645382,,,,,,,,,,
01,035,0.875,0.5225648295775978,1,0.8487712665406427,0.7832260118660469,0.9143165212152385,,,,,,,,,,
01,037,,,,0.6734265734265734,0.5769430752368172,0.7699100716163296,,,,,,,,,,
01,039,0.901111761263897,0.813858382551819,0.9883651399759751,0.8643399943709541,0.8279097521550647,0.9007702365868435,,,,,,,,,,
01,041,0.8946648426812586,0.7800567442126796,1,0.7784410112359551,0.7075196286922808,0.8493623937796294,,,,,,,,,,
01,043,,,,0.843453539754643,0.8159509905861029,0.8709560889231831,0.6096925482021887,0.5108484049065506,0.7085366914978267,,,,,,,
01,045,0.7958477508650519,0.7252802701074936,0.8664152316226101,0.8768734007554526,0.8454918169841665,0.9082549845267387,0.8176597272074659,0.7333404993467428,0.901978955068189,,,,,,,
01,047,0.780276134122288,0.7323238453546834,0.8282284228898926,0.8435779816513761,0.7786085959643702,0.908547367338382,,,,,,,,,,
01,049,,,,0.8351920693928129,0.8019236826216186,0.8684604561640071,0.8599019006744328,0.7729453233801994,0.9468584779686663,,,,,,,
01,051,0.8033164440350069,0.7108990622292833,0.8957338258407305,0.7687961755758366,0.73286129610681106,0.8047310550448621,,,,,,,,,,
01,053,0.8896321070234113,0.8263726089792787,0.952891605067544,0.8878261896327784,0.8707445870100557,0.904907792255501,,,,,,,,,,
01,055,0.8794967216019848,0.8215982297271688,0.9373952134768008,0.8689835931649533,0.8491875091999298,0.8887796771299769,0.8273773470623864,0.7621181305909083,0.8926365635338646,,,,,,,
01,057,,,,0.8573132903841565,0.7973380292518863,0.9172885515164266,,,,,,,,,,
01,059,,,,0.8827154455639245,0.8589072659998723,0.9065236251279766,0.735581188997338,0.6667747984041108,0.8043875795905653,,,,,,,
01,061,,,,0.7957760918597498,0.7447375425052092,0.8468146412142905,,,,,,,,,,
01,063,0.8657445077298617,0.7290068919131397,1,,,,,,,,,,,,,
01,065,0.9135695764909249,0.8524925905596318,0.9746465624222179,0.8339148639218423,0.7506050268865967,0.917224700957088,,,,,,,,,,
01,067,0.8315889628924833,0.752213466411881,0.9109644593730856,0.8394308943089431,0.7734861664658979,0.9053756221519884,,,,,,,,,,
01,069,0.8236868517898963,0.7923320892074065,0.8550416143723861,0.8805065778699711,0.8684760028795104,0.8925371528604318,0.8181413961760783,0.7523327603741004,0.8839500319780562,0.6561461794019934,0.642744063207849,0.6695482955961377,,,,
01,071,,,,0.8223353894706642,0.7921783192174994,0.852492459723829,,,,,,,,,,
01,073,0.7821535312845169,0.7646190289370758,0.7996880336319581,0.8241922491304368,0.811793512342328,0.8365909859185455,0.723135343459533,0.6857336890483788,0.7605369978706872,0.742625273734381,0.6769356191210587,0.8083149283477034,0.8375241779497099,0.7542089006668774,0.9208394552325424,
01,075,,,,0.8213426049745921,0.7592087804416732,0.883476429507511,,,,,,,,,,
01,077,0.6889641546711827,0.5647539368710794,0.8131743724712859,0.810099846390169,0.7868252398074719,0.833374452972866,0.6936799184505607,0.5217802408935692,0.8655795960075521,,,,,,,
01,079,,,,0.8207418916294426,0.7637065566795466,0.8777772265793385,,,,,,,,,,
01,081,0.7914432768603903,0.7538625181046731,0.8290240356161075,0.7814243727903906,0.7623893610110394,0.8004593845697417,0.7313186813186813,0.6390512745656973,0.8235860880716652,0.6720686367969495,0.5887328628064671,0.7554044107874319,,,,
01,083,0.7649218001915097,0.670840654483321,0.8590029458996984,0.7745690543231921,0.7502910543778784,0.7988470542685059,0.7669871794871795,0.6717426466983547,0.8622317122760044,,,,,,,
01,085,0.8857331571994715,0.7810135952618509,0.9904527191370922,0.7828185328185329,0.6657299581769615,0.8999071074601043,,,,,,,,,,
01,087,0.6723516694691328,0.6221234729025368,0.7225798660357289,0.6775417298937785,0.5281803762827333,0.8269030835048237,,,,,,,,,,
01,089,0.8021017541720024,0.7772070318432032,0.8269964765008015,0.7863046268836039,0.7759959337846358,0.796613319982572,0.7329394583112055,0.679476575543198,0.7864023410792131,0.7065462753950339,0.6419345228445389,0.7711580279455289,0.6426931905126243,0.41386260692621557,0.871523774099033,
01,091,0.9021827000808408,0.8303418649519781,0.9740235352097034,0.792385484830458,0.7304270087339598,0.8543439609269562,,,,,,,,,,
01,093,,,,0.8623196903952152,0.8233288477865702,0.9013105330038601,,,,,,,,,,
01,095,0.8091787439613527,0.649208622697849,0.9691488652248564,0.8299640478576059,0.813824988851357,0.8461031068638548,0.7296091104955371,0.6789598749050585,0.7802583460860157,0.5254777070063694,0.2010615319443539,0.849893882068385,,,,
01,097,0.8330812445980985,0.8141309006625592,0.8520315885336378,0.8391806207524697,0.826640971710004,0.8517202697949354,0.7779853235490327,0.7417755518491839,0.8141950952488816,0.7344632768361582,0.664269217871139,0.8046573358011774,0.8751381215469614,0.769917019805312,0.9803592232886107,
01,099,0.8621529469069654,0.7177263196997422,1,0.927700089259149,0.8790195500866581,0.97638062843164,,,,,,,,,,
01,101,0.8307726849921416,0.8182710104720946,0.8432743595121887,0.8594288162686837,0.8461668782656347,0.8726907542717327,0.7027134085957616,0.6179883091369869,0.7874385080545363,0.76587207930139245,0.6880024592760802,0.8437416993267047,,,,
01,103,0.8651011312992801,0.8117287212294584,0.9184735413691019,0.8361895397293627,0.8154004046817214,0.8569786747770041,0.7298440979955456,0.6457641251525985,0.8139240708384927,,,,,,,
01,105,0.9400479616306955,0.845756401939253,1,,,,,,,,,,,,,
01,107,0.8410462776659959,0.6819188083763211,1,0.8153980752405949,0.7563256572563188,0.874470493224871,,,,,,,,,,
01,109,0.8595583160800552,0.7863384934353899,0.9327781387247205,0.8532012047022248,0.8283185761458149,0.8780838332586347,,,,,,,,,,
01,111,,,,0.7681331747919143,0.7348749891990117,0.801391360384817,,,,,,,,,,
01,113,0.5895558032160484,0.5247375962732804,0.6543740101588164,0.8180721276310498,0.7583306478273818,0.8778136074347177,,,,,,,,,,
01,115,0.7348781221787541,0.6334779048032638,0.8362783395542445,0.7120523975713534,0.677013358124713,0.7470914370179939,,,,,,,,,,
01,117,0.7431037604877165,0.6945258613580476,0.7916816596173855,0.7101364799545067,0.6864059426285489,0.7338670172804644,0.5978944490019141,0.5416183271339778,0.6541705708698504,0.6051919956733369,0.4928685086770612,0.7175154826696126,,,,
01,119,0.7609409190371991,0.6760713961939494,0.8458104418804487,0.7981275599765945,0.7002646019306817,0.8959905180225072,,,,,,,,,,
01,121,0.8595834308448397,0.8279615105275957,0.8912053511620837,0.8618925831202046,0.8350410309188465,0.8887441353215626,,,,,,,,,,
01,123,0.8597033374536465,0.7632871361648489,0.956119538742444,0.8245318537600317,0.7933113292812111,0.8557523782388523,,,,,,,,,,
01,125,0.8142890692273569,0.7959661080419064,0.8326120304128074,0.7979119318181818,0.7756515535038073,0.8201723101325562,0.6137860082304527,0.5370413658891912,0.6905306505717143,0.5273258239465999,0.4126038066732442,0.6420478412199556,,,,
01,127,0.8086003372681282,0.6583724492106662,0.9588282253255902,0.853051345588659,0.8209981101082763,0.8851045810690418,,,,,,,,,,
01,129,0.7600411946446962,0.6773214882181776,0.8427609010712148,0.8372307692307692,0.7622133861747398,0.9122481522867987,,,,,,,,,,
01,131,0.7276368491321762,0.6469405343917726,0.8083331638725798,0.94104134762634,0.8780511018587304,1,,,,,,,,,,
01,133,,,,0.7663043478260869,0.7163882695192799,0.8162204261328939,,,,,,,,,,
02,000,0.5600281932806015,0.509512307602127,0.610544078959076,0.6854311626590722,0.6762802772762264,0.694582048041918,0.6055212495459499,0.5717979429181022,0.6392445561737976,0.5800259732032561,0.5443536476334518,0.6156982987730604,0.45831080675196734,0.4340706783919561,0.48255093511197855,
02,013,,,,0.32222222222222224,0.21603293937387907,0.4284115050705654,,,,0.10385756676557864,0.018137718730413824,0.18957741480074347,0.5807770961145194,0.48867377282838137,0.6728804194006576,
02,016,,,,0.43829787234042555,0.36171307388907664,0.5148826707917744,0.20209059233449478,0.04075565757126537,0.3634255270977242,0.5634451019066403,0.4764895059690328,0.6504006978442478,0.3695652173913043,0.24759800608143245,0.4915324287011762,
02,020,0.6373006134969326,0.5693139000587109,0.7052873269351543,0.7365677957355461,0.721146355734622,0.7519892357364701,0.6537605057107967,0.6108863841225692,0.6966346272990241,0.6229929351316634,0.5719830631589139,0.674002807104413,0.6613522634702665,0.6042292996674675,0.7184752272730656,
02,050,,,,0.4403114186851211,0.34899949497329336,0.5316233423969489,,,,,,,0.15423211169284468,0.12731966321098281,0.18114456017470654,
02,060,,,,0.49049429657794674,0.25926808956771225,0.7217205035881813,,,,,,,,,,
02,063,,,,0.7434611250447868,0.6891227496356305,0.7977995004539431,,,,,,,,,,
02,066,,,,0.6325757575757576,0.5444921546024803,0.7206593605490348,,,,,,,0.7443609022556391,0.536332855065215,0.9523889494460632,
02,068,,,,0.35398230088495575,0.16761740794477942,0.5403471938251321,,,,,,,,,,
02,070,,,,0.2563106796116505,0.0027791155369135123,0.5098422436863874,,,,,,,0.32212581344902386,0.271697889911467,0.37255373698658073,
02,090,0.5266362252663622,0.38602415358017483,0.6672482969525496,0.7456278366111951,0.7096629746539788,0.7815926985684115,0.7145818935729095,0.6228503093417909,0.8063134778040281,0.5188755020080321,0.4347600087340744,0.60299099528198985,0.6962142197599261,0.5968311322647928,0.7955973072550595,
02,100,,,,0.6341085271317829,0.5651387661719705,0.7030782880915953,,,,,,,,,,
02,105,,,,0.3214990138067061,0.22566969105455414,0.41732833655885804,,,,,,,0.4392523364485981,0.32241686900437905,0.5560878038928172,
02,110,,,,0.6446191379777717,0.5925201107384673,0.6967181652170761,0.46403242147923,0.31830950333240016,0.6097553396260599,0.4550682961897915,0.35932556925141396,0.5508110231281691,0.7246932515337423,0.6207654266340391,0.8286210764334455,
02,122,,,,0.669358382773017,0.6377992987355499,0.7009174668104841,0.6901993355481728,0.5618594737183351,0.8185391973780105,0.7631133671742809,0.7251028248999164,0.8011239094486454,0.6231343283582089,0.49846273946622754,0.7478059172501903,
02,130,,,,0.6971403812824957,0.6457304692108387,0.7485502933541527,,,,0.5861635220125786,0.44897363249414723,0.72335341153101,0.5707317073170731,0.4526163639461687,0.6888470506879776,
02,150,,,,0.7664211172498465,0.6802024165542591,0.852639817945434,,,,0.5407225964482547,0.4457623656949819,0.6356828272015276,0.5077160493827161,0.3491918088897065,0.6662402898757256,
02,158,,,,,,,,,,,,,0.042294322132097335,0.026167312107717885,0.05842133215647678,
02,164,,,,0.11848341232227488,0,0.2549235582513501,,,,,,,0.44886363636363635,0.34460199618264287,0.5531252765446298,
02,170,,,,0.6900674542274885,0.6641235774754847,0.7160113309794923,0.6652025378233285,0.5912597296937895,0.7391453459528675,0.8389662027833003,0.7232100167705003,0.9547223887961002,0.7091945830363506,0.592653142909959,0.8257360231627423,
02,180,,,,0.30749354005167956,0.24631315641661242,0.36867392368674673,,,,,,,0.25165876777251184,0.20359941279428143,0.2997181227507422,
02,185,,,,0.2329390354868062,0.18841033259267473,0.2774677383809377,0.29381443298969073,0.13567659876173976,0.4519522672176417,,,,0.3772391991570074,0.3122495120094853,0.44222888630452944,
02,188,,,,0.2024353120243531,0.10459886542947976,0.30027175861922645,,,,,,,0.13058823529411764,0.09679030709147347,0.16438616349676183,
02,195,,,,0.5524296675191815,0.45085313841124564,0.6540061966271175,,,,,,,,,,
02,198,,,,0.5508474576271186,0.505466407302144,0.5962285079520933,,,,,,,0.5656934306569343,0.4941363482586962,0.6372505130551726,
02,220,,,,0.591776798825257,0.5534294370999004,0.6301241605506136,0.39204545454545453,0.23942852250887364,0.5446623865820355,0.5289079229122056,0.3690404196051732,0.6887754262192379,0.6291079812206573,0.42629281844988026,0.8319231439914343,
02,230,,,,0.42363636363636364,0.3253847419900677,0.5218879852826596,,,,,,,,,,
02,240,,,,0.6195524146054181,0.5328700079626492,0.706234821248187,,,,,,,,,,
02,275,,,,0.6967741935483871,0.5925704025097006,0.8009779845870736,,,,,,,,,,
02,282,,,,,,,,,,,,,,,,
02,290,,,,0.27476635514018694,0.17941930709913256,0.3701134031812413,,,,,,,0.4041916167664671,0.3175915598128253,0.4907916737201089,
04,000,0.6203751664940063,0.6048834657822462,0.6358668672057664,0.6667313273849231,0.6628342039652175,0.6706284508046287,0.6903278027406037,0.6859324979410238,0.6947231075401835,0.5784928624693725,0.5670813215979119,0.589904403340833,0.691046403988745,0.6770121736680635,0.7050806343094264,
04,001,,,,0.723762914627515,0.6592716305447035,0.7882541987103264,0.688783570300158,0.4555604431378631,0.922006697462453,,,,0.8311889250814333,0.800350835864058,0.8620270142988086,
04,003,0.6593860684769776,0.5088417793901978,0.8099303575637573,0.730402222490639,0.6984741585400329,0.7623302864412451,0.7609899055682188,0.7170257900931167,0.8049540210433208,0.6033210332103321,0.506324880591533,0.7003171858291313,,,,
04,005,0.4252252252252252,0.27527745661900604,0.5751729938314444,0.6456292895000366,0.6209317811082713,0.6703267978918019,0.6211873376310979,0.5910005790145273,0.6513740962476685,0.5870748299319728,0.42175559106172944,0.7523940688022162,0.7154267921207609,0.6576146055738745,0.7732389786676472,
04,007,,,,0.6664792954843545,0.6299531162628365,0.7030054747058725,0.6645383104125737,0.5540367657826922,0.7750398550424552,,,,0.7082494969818913,0.6144666106369658,0.8020323833268168,
04,009,,,,0.7952262945089343,0.7514994065453083,0.8389531824725603,0.8251702174390512,0.7906108318015705,0.8597296030765318,,,,0.8611111111111112,0.748409396657104,0.9738128255651183,
04,011,,,,0.8194753223654958,0.725345284793262,0.9136053599377296,0.7795243853284965,0.7026103855895194,0.8564383850674737,,,,,,,
04,012,,,,0.6786281359161639,0.6164887682620707,0.7407675035702571,0.7721088435374149,0.6843059725685159,0.859911714506314,,,,0.8049568965517241,0.7277353126122799,0.8821784804911683,
04,013,0.6185267788946259,0.6011316576340097,0.6359219001552422,0.6574932002699442,0.6524812704088792,0.6625051301310092,0.6715390104835088,0.6647580424706365,0.6783199784963811,0.5586059496491679,0.543759919203481,0.5734519800948548,0.620912564421539,0.5929587583646683,0.6488663704784097,
04,015,,,,0.7555738230812414,0.7319254176710496,0.7792222284914333,0.7482486542290392,0.6899552664023186,0.8065420420557597,0.8354307841239109,0.7537891497950402,0.9170724184527816,0.6991525423728814,0.5900021224823839,0.8083029622633788,
04,017,,,,0.749793119754108,0.7230291479793308,0.7765570915288852,0.8245227606461086,0.7728796505071704,0.8761658707850468,,,,0.7717985369545111,0.721154040147703,0.8224430337613191,
04,019,0.6556928860283647,0.6108087804275616,0.7005769916291679,0.6911985736495536,0.6822740478824838,0.7001230994166234,0.710331583808258,0.6992309483719921,0.7214322192445239,0.6358764549959663,0.5931199992605044,0.6786329107314283,0.6782868525896414,0.6278456398342591,0.7287280653450237,
04,021,0.5156342182890855,0.4419095431345952,0.5893588934435758,0.5607450365417049,0.5327014807971594,0.5887885922862505,0.6862782401902497,0.6515235855146341,0.7210328948658654,0.6393797331410025,0.5353001850313261,0.7434592812506788,0.7067869591962271,0.6324801795854995,0.7810937388069548,
04,023,,,,0.6903114186851211,0.6141447045837518,0.7664781327864905,0.7640290816686666,0.7188781610518398,0.8091800022854934,,,,,,,
04,025,,,,0.7016989731164186,0.6819347558425384,0.7214631903902988,0.759811320754717,0.7334232801570043,0.7861993613524297,0.5930888575458392,0.45858630432786385,0.7275914107638145,0.6734550561797753,0.582161648045248,0.7647484643143027,
04,027,0.7453580901856764,0.6141006300483977,0.8766155503229552,0.7809983043662568,0.7493208542790941,0.8126757544534196,0.7803475835029782,0.7585242824371561,0.8021708845688003,0.8384201077199281,0.7370729922678537,0.9397672231720026,0.599406528189911,0.529071436025043,0.669741620354779,
05,000,0.7771732289771492,0.765771664759337,0.7885747931949615,0.7989269508784889,0.7948456955008247,0.803008206256153,0.7580227616861231,0.7449256493608474,0.7711198740113989,0.6963449220866129,0.6714871496732545,0.7212026944999713,0.7616163725592565,0.7446403516604848,0.7785923934580282,
05,001,0.7198795180722891,0.6349640352283438,0.8047950009162345,0.8837820091923835,0.8683730777038404,0.8991909406809265,,,,,,,,,,
05,003,0.8395973154362416,0.7328646150468601,0.9463300158256231,0.8683808553971487,0.8083431657788247,0.9284185450154727,,,,,,,,,,
05,005,,,,0.7790101206155553,0.7439003293635421,0.8141199118675685,,,,,,,,,,
05,007,0.7656473278079451,0.6857599848886982,0.845534670727192,0.7431384053719278,0.7286022607224402,0.7576745500214154,0.770121531758771,0.7393293943794363,0.8009136691381056,0.6836839404822986,0.6295088638287998,0.7378590171357975,0.7293103448275862,0.6654762431566932,0.7931444464984791,
05,009,,,,0.7660472972972973,0.740554416219907,0.7915401783746875,,,,,,,,,,
05,011,0.8527227722772277,0.4356465955687929,1,0.8144475920679887,0.7903894812697999,0.8385057028661774,,,,,,,,,,
05,013,,,,0.8395778364116095,0.7646809115235261,0.914474761299693,,,,,,,,,,
05,015,,,,0.706250738508803,0.6514593592697884,0.7610421177478177,0.6798544793087767,0.5588443714269433,0.8008645871906102,,,,,,,
05,017,0.9227769110764431,0.8291665567565935,1,0.9088074824629774,0.8575082228448545,0.9601067420811003,,,,,,,,,,
05,019,0.7454545454545455,0.6575076271453888,0.8334014637637022,0.7709901136195957,0.7307300844305733,0.8112501428086181,,,,,,,,,,
05,021,,,,0.7942633637548892,0.736348975112697,0.8521777523970813,,,,,,,,,,
05,023,,,,0.8030325776910374,0.7596279073937116,0.8464372479883633,,,,,,,,,,
05,025,,,,0.7107329842931938,0.5834138872451353,0.8380520813412522,,,,,,,,,,
05,027,0.722203215874102,0.6180170135537537,0.8263894181944502,0.8027610008628128,0.7490844708013142,0.8564375309243113,,,,,,,,,,
05,029,,,,0.7919663216979478,0.7609288118363647,0.8230038315595308,,,,,,,,,,
05,031,0.7669602843455416,0.7162055362428754,0.8177150324482079,0.8323927634176362,0.8104579089552152,0.8543276178800573,0.7884946606958319,0.6892361164286667,0.887753204962997,,,,,,,
05,033,,,,0.7792072581244888,0.7404345958699028,0.8179799203790747,0.8195296523517382,0.6825318457406105,0.956527458962866,,,,,,,
05,035,0.7175473865594486,0.6657194735694805,0.7693752995494167,0.7466117459473824,0.7045748170795527,0.7886486748152122,,,,,,,,,,
05,037,0.8663663663663663,0.7156761439085325,1,0.8369723435225619,0.7855583630071018,0.888386324038022,,,,,,,,,,
05,039,0.8557784145176696,0.7559483095168642,0.9556085195184749,0.8622412562455389,0.757567968317886,0.9669145441731919,,,,,,,,,,
05,041,0.8381944444444445,0.7354061825990439,0.940982706289845,0.8531746031746031,0.8062506997087815,0.9000985066404248,,,,,,,,,,
05,043,0.8310322156476002,0.567760714756508,1,0.8320968371729793,0.7809467375766905,0.8832469367692681,,,,,,,,,,
05,045,0.825216276834348,0.7695011603605352,0.8809313933081607,0.8006166226843989,0.77917494058863,0.8220583047801678,0.7554400779473855,0.6538360923364247,0.8570440635583464,,,,,,,
05,047,,,,0.7831275720164609,0.7302368212778731,0.8360183227550486,,,,,,,,,,
05,049,,,,0.7617791179796457,0.6772383187459168,0.8463199172133746,,,,,,,,,,
05,051,0.7119266055045872,0.5935388388973954,0.8303143721117789,0.7881251256714445,0.7636995649751854,0.8125506863677037,0.8653421633554084,0.7966373260829924,0.9340470006278243,,,,,,,
05,053,,,,0.6850899742930592,0.6224267552447865,0.7477531933413318,,,,,,,,,,
05,055,,,,0.8062782976154542,0.7853168316247863,0.8272397636061222,,,,,,,,,,
05,057,0.8661417322834646,0.7853932079983401,0.946890256568589,0.8612657184085756,0.827310442281374,0.8952209945357772,,,,,,,,,,
05,059,,,,0.8277634961439588,0.7848035679636907,0.870723424324227,,,,,,,,,,
05,061,0.6664217487141807,0.5702951776965388,0.7625483197318226,0.8276821862348178,0.7610416632937106,0.894322709175925,,,,,,,,,,
05,063,,,,0.8424969249692497,0.8062172373290928,0.8787766126094065,0.7378995433789954,0.6425020331251264,0.8332970536328644,,,,,,,
05,065,,,,0.8129543952412426,0.7294723130869216,0.8964364773955635,,,,,,,,,,
05,067,0.5924050632911393,0.4173926168795453,0.7674175097027333,0.8790931989924433,0.831807481579697,0.9263789164051897,,,,,,,,,,
05,069,0.845370978332239,0.8294820799169949,0.861259876747483,0.8609216589861751,0.8173445225881427,0.9044987953842075,,,,,,,,,,
05,071,,,,0.8446307269836681,0.7988497414731028,0.8904117124942335,0.8966942148760331,0.8238313638593412,0.969557065892725,,,,,,,
05,073,,,,0.8144329896907216,0.7081076703232527,0.9207583090581906,,,,,,,,,,
05,075,,,,0.8404552715654952,0.7818931307854222,0.8990174123455681,,,,,,,,,,
05,077,,,,0.83032490974729245,0.7393914345530116,0.9212583849415733,,,,,,,,,,
05,079,,,,0.7824871914299022,0.7281220557049269,0.8368523271548775,,,,,,,,,,
05,081,,,,0.8782412626832018,0.8433546658904002,0.9131278594760034,,,,,,,,,,
05,083,,,,0.775609756097561,0.7323850598121486,0.8188344523829734,,,,,,,,,,
05,085,0.7276490066225165,0.6267388086606953,0.8285592045843377,0.739307284604955,0.6915474066453411,0.7870671625645689,0.6346922462030375,0.5306894504606249,0.7386950419454502,,,,,,,
05,087,,,,0.7639366827253957,0.6688458151912502,0.8590275502595413,,,,,,,,,,
05,089,,,,0.7232142857142857,0.6442739404950133,0.8021546309335581,,,,,,,,,,
05,091,0.7636986301369864,0.7002827532498663,0.8271145070241064,0.8265412748171369,0.7780778140129873,0.8750047356212866,,,,,,,,,,
05,093,0.8495917490330898,0.7808990346538744,0.9182844634123051,0.8401153726223886,0.8190071653094451,0.861223579935332,0.7396496815286624,0.4945424760539312,0.9847568870033936,,,,,,,
05,095,0.8445229681978799,0.7617583385251566,0.9272875978706031,0.9009752438109527,0.8589793198631603,0.9429711677587451,,,,,,,,,,
05,097,,,,0.8173246906305245,0.7139907381995222,0.9206586430615268,,,,,,,,,,
05,099,0.8864426419466975,0.7511757387436497,1,0.8720136518771331,0.8148770205616916,0.9291502831925745,,,,,,,,,,
05,101,,,,0.5773324984345648,0.48361048639230636,0.6710545104768233,,,,,,,,,,
05,103,0.7678122380553227,0.6801434895410572,0.8554809865695883,0.831554524361949,0.7930944936353946,0.8700145550885033,,,,,,,,,,
05,105,,,,0.7678571428571429,0.6487077241895585,0.8870065615247273,,,,,,,,,,
05,107,0.7286925479696564,0.6659216793025861,0.7914634166367268,0.8822412155745489,0.8256678663288601,0.9388145648202377,,,,,,,,,,
05,109,,,,0.8065755764304013,0.7404370234277892,0.8727141294330135,,,,,,,,,,
05,111,,,,0.7928191976552482,0.7434062514491702,0.8422321438613263,,,,,,,,,,
05,113,,,,0.755182782085773,0.721477979534419,0.7888875846371272,,,,,,,,,,
05,115,,,,0.8184105056706745,0.7763918744816376,0.8604291368597115,0.6977284460505937,0.608673236483148,0.7867836556180394,,,,,,,
05,117,,,,0.8092345078979344,0.7215723747483694,0.8968966410474993,,,,,,,,,,
05,119,0.7697899159663866,0.7461737745308195,0.7934060574019537,0.8409261675959979,0.829967628670172,0.8518847065218238,0.7516665700539099,0.696837104329236,0.8064960357785839,0.6213539791141519,0.5654042356488028,0.677303722579501,0.6875852660300137,0.6670409398657181,0.7081295921943093,
05,121,,,,0.8327520608750792,0.7768618348145129,0.8886422869356456,,,,,,,,,,
05,123,0.7808921036769138,0.6807859758397362,0.8809982315140913,0.840867440439829,0.8082693334527227,0.8734655474269353,,,,,,,,,,
05,125,0.6407993771087465,0.5446512922248665,0.7369474619926264,0.6960712720899664,0.6673493436474941,0.7247932005324388,0.6805854498493328,0.5721737510155205,0.7889971486831451,,,,,,,
05,127,,,,0.8300132802124834,0.7191162421747632,0.9409103182502037,,,,,,,,,,
05,129,,,,0.83203125,0.7339209769919538,0.9301415230080462,,,,,,,,,,
05,131,0.7061900610287707,0.660402561593737,0.7519775604638044,0.8238634138700709,0.7978462060604387,0.8498806216797031,0.7769426104621635,0.719102716766017,0.83478250415831,0.8308714918759232,0.7662937697578837,0.8954492139939628,0.8664383561643836,0.8073678196038069,0.9255088927249603,
05,133,,,,0.8254883125200128,0.7757989664841042,0.8751776585559213,0.8182419035029742,0.7747530974738678,0.8617307095320806,,,,,,,
05,135,,,,0.7970356203681568,0.7252221326377303,0.8688491080985833,,,,,,,,,,
05,137,,,,0.6674150096215523,0.598274194040373,0.7365558252027317,,,,,,,,,,
05,139,0.8472885933928942,0.7995400431490354,0.895037143636753,0.8585777060353331,0.8268966584680288,0.8902587536026374,,,,,,,,,,
05,141,,,,0.7678934296680966,0.7347147832967884,0.8010720760394048,,,,,,,,,,
05,143,0.7953438007579859,0.7082888257534561,0.8823987757625158,0.7595388821834126,0.7409484990142645,0.7781292653525607,0.7325072284180091,0.7019253369968648,0.7630891198391534,0.7680077871512005,0.7073091611449731,0.828706413157428,0.7059447983014862,0.6689223909254248,0.7429672056775475,
05,145,0.763292061179898,0.6277481754490137,0.8988359469107823,0.8273780975219824,0.8016847952658929,0.853071399778072,0.7110625909752547,0.6276831712199757,0.7944420107305337,,,,,,,
05,147,,,,0.8937823834196891,0.8107175062986273,0.9768472605407509,,,,,,,,,,
05,149,,,,0.7412240396985849,0.6848567989711027,0.797591280426067,0.7531645569620253,0.6603187885496611,0.8460103253743896,,,,,,,
06,000,0.6549350807407265,0.6498973817122234,0.6599727797692295,0.6385497830780325,0.6365624041143706,0.6405371620416943,0.7026842907442322,0.7011047154033317,0.7042638660851327,0.6014676099664776,0.5988640770845576,0.6040711428483977,0.658668645790286,0.6514675741101461,0.6658697174704258,
06,001,0.5935708007199364,0.576739392986372,0.6104022084535008,0.5309678773882007,0.5197664765140513,0.5421692782623502,0.6456271241845776,0.6330215780029537,0.6582326703662015,0.5048620196316953,0.4963388813642291,0.5133851578991615,0.5998492840994725,0.49677486527400616,0.7029237029249388,
06,003,,,,0.5986038394415357,0.4097004616888713,0.7875072171942001,,,,,,,,,,
06,005,,,,0.7170831208567058,0.6548818852040759,0.7792843565093357,0.7392598894087622,0.6516031005695543,0.8269166782479701,0.833810888252149,0.6614381552607542,1,,,,
06,007,0.6654879773691655,0.5049056891603899,0.8260702655779412,0.7204526692350027,0.6974696818848396,0.7434356565851659,0.7272121398544038,0.6947911978817056,0.759633081827102,0.6526881720430108,0.5991021003368678,0.7062742437491537,0.752405949256343,0.6813675330227817,0.8234443654899042,
06,009,,,,0.6293591194321572,0.5790493436725846,0.6796688951917297,0.8247925817471937,0.7538877655287485,0.895697397965639,,,,,,,
06,011,,,,0.7835205992509363,0.6246482576941482,0.9423929408077244,0.813716228981674,0.7344334323491954,0.8929990256141525,,,,,,,
06,013,0.6188020742294471,0.5887605036038689,0.6488436448550253,0.5538721681200729,0.5421182459312265,0.5656260903089193,0.6619935770750988,0.6425966327417972,0.6813905214084003,0.5137990688386026,0.49469180031656934,0.5329063373606359,0.6704667670466767,0.6211806312653385,0.719752902828015,
06,015,,,,0.6647101980924431,0.5774599054323118,0.7519604907525744,0.752375628842929,0.659950873751554,0.8448003839343039,,,,0.7341337907375644,0.5602242158148091,0.9080433656603196,
06,017,,,,0.5890556648071598,0.5706068580744906,0.6075044715398289,0.6737195633921075,0.614863745707727,0.732575381076488,0.5775880936747647,0.4805562096345106,0.6746199777150188,,,,
06,019,0.7060076216095046,0.6611221779520837,0.7508930652669255,0.7515005202913632,0.7377007712111601,0.7653002693715663,0.7290692513572764,0.7193807311609448,0.738757771553608,0.708432466575429,0.6899218832083454,0.7269430499425127,0.7445267489711934,0.7075841795463137,0.7814693183960731,
06,021,,,,0.7417913013580884,0.6852173003632933,0.7983653023528834,0.833291235160394,0.7693673398477013,0.8972151304730868,,,,,,,
06,023,,,,0.7049022273862203,0.6751894709184845,0.7346149838539562,0.6331437435367114,0.5704413141868863,0.6958461728865366,0.5521907216494846,0.4524287254849925,0.6519527178139766,0.612950340798442,0.5554258225654596,0.6704748590314245,
06,025,,,,0.7839974699557243,0.7117860736115866,0.8562088662998619,0.7907733615394004,0.761385500848981,0.8201612222298197,0.7589041095890411,0.6328860793248688,0.8849221398532133,0.775,0.32569419356727675,1,
06,027,,,,0.6329416450906195,0.56780436304641,0.6980789271348289,0.6659311562224184,0.5812476596109633,0.7506146528338735,,,,0.8359173126614987,0.7543114081541679,0.9175232171688296,
06,029,0.7527024045885727,0.69580632616474,0.8095984830124054,0.7877424664708853,0.7728885653204872,0.8025963676212834,0.7823804433610725,0.7716938461219595,0.7930670406001855,0.743795341733486,0.707774303192869,0.779816380274103,0.6474276230868523,0.6278414448502535,0.6670138013234511,
06,031,0.7665896335424233,0.6364058981338293,0.8967733689510172,0.8024978066780203,0.7794527223991952,0.8255428909568454,0.7802058590657166,0.7564943732517602,0.803917344879673,0.8138479001135074,0.7526616094664136,0.8750341907606012,0.7286384976525822,0.579017974016093,0.8782590212890713,
06,033,,,,0.6591414944356121,0.6100460008109848,0.7082369880602394,0.7305743243243243,0.667646474178107,0.7935021744705417,,,,0.6046511627906976,0.403393973560388,0.8059083520210073,
06,035,,,,0.7443661971830986,0.703352577280606,0.7853798170855912,0.7843839541547278,0.6481653454893714,0.9206025628200842,,,,,,,
06,037,0.6542090856703804,0.6465731116555425,0.6618450596852182,0.6117642873659309,0.606890776512171,0.6166377982196908,0.68385580658021206,0.6813736711608257,0.6863379419995984,0.6401415912716433,0.6352813941782405,0.6450017883650461,0.6305091538912985,0.6141164227380441,0.6469018850445528,
06,039,,,,0.7180809761508596,0.6903835986691562,0.7457783536325631,0.7255809618491363,0.7008566718859205,0.7503052518123522,0.7932604735883424,0.7059843524761878,0.8805365947004969,0.6672185430463576,0.6200249507289859,0.7144121353637294,
06,041,0.7014051522248244,0.6462700564691864,0.7565402479804623,0.5247118329584303,0.5068717450949055,0.542551920821955,0.5982874535906613,0.5658376657978426,0.63073724138348,0.6571498490904641,0.6263760428643504,0.6879236553165778,0.7679814385150812,0.6240651841201472,0.9118976929100151,
06,043,,,,0.6340731853629274,0.5498600993359547,0.7182862713899002,0.5952773201537617,0.45733887146490426,0.7332157688426191,,,,,,,
06,045,,,,0.6963160658032902,0.6635590005966363,0.7290731310099441,0.770452017393063,0.7431744168370492,0.7977296179490768,0.6645718774548312,0.5279933971269808,0.8011503577826815,0.7610837438423645,0.6907188285650064,0.8314486591197227,
06,047,0.5913978494623656,0.49461872229301845,0.6881769766317128,0.7744659915542618,0.7402777377398442,0.8086542453686794,0.7488777245028558,0.7248015269227913,0.7729539220829204,0.7230522945570971,0.6773601053407244,0.7687444837734697,0.6124401913875598,0.5425212201912063,0.6823591625839133,
06,049,,,,0.6289308176100629,0.5516498176297078,0.706211817590418,,,,,,,,,,
06,051,,,,0.6581661353834615,0.5932362691000004,0.7230960016669226,0.4861051731509192,0.3443206945643199,0.6278896517375185,,,,,,,
06,053,0.6625370320495556,0.5852935688990041,0.7397804952001071,0.6609424549821041,0.6367229218479283,0.6851619881162799,0.7260569288097235,0.711208447538195,0.740905410081252,0.6529058834064655,0.6141410596262441,0.6916707071866869,0.6223814773980154,0.57582844617422,0.6689345086218108,
06,055,0.7184890656063618,0.5897061583935036,0.8472719728192201,0.7247800170309395,0.7072193129912265,0.7423407210706525,0.7322864150429214,0.7041154132983517,0.760457416787491,0.6759420289855073,0.6157741191337114,0.7361099388373031,0.6809728183118741,0.504787108920523,0.8571585277032251,
06,057,,,,0.586097895845972,0.5668589939886122,0.6053367977033319,0.6670560747663551,0.6045487353057776,0.7295634142269326,0.613664596273292,0.35075827747907007,0.8765709150675138,,,,
06,059,0.716681665712182,0.6873335655438038,0.7460297658805601,0.6695730504551872,0.6633093287083403,0.6758367722020342,0.7172679598357646,0.712298503835717,0.7222374158358122,0.6464540672690089,0.6370930808403299,0.6558150536976879,0.6759505112705497,0.6633787906984419,0.6885222318426576,
06,061,0.6661150186181216,0.5680078174795062,0.764222219756737,0.6768529774028128,0.6594920765799508,0.6942138782256748,0.6869626155629228,0.6630775998931202,0.7108476312327254,0.6279406248325384,0.5979141175137523,0.6579671321513245,0.6658496732026143,0.5211430607939972,0.8105562856112315,
06,063,,,,0.7619989214452634,0.6807373087582984,0.8432605341322283,,,,,,,,,,
06,065,0.69291777569959,0.6713524321584876,0.7144831192406924,0.6838216551362646,0.6745294823844596,0.6931138278880695,0.7490260217583063,0.7401207523547306,0.7579312911618821,0.6437522218272307,0.6271442149731642,0.6603602286812972,0.7559683622378637,0.7041961805068039,0.8077405439689235,
06,067,0.6204115634803878,0.5935393829013889,0.6472837440593868,0.6658466780890756,0.6550354890082838,0.6766578671698674,0.6756531130505853,0.6599956215014305,0.69131060459974,0.6419176120303018,0.6276569499166491,0.6561782741439546,0.685264483627204,0.6557499670409889,0.7147790002134192,
06,069,,,,0.6249188838416613,0.5519095919967746,0.697928175686548,0.7101567602873938,0.6808887280863326,0.739424792488455,0.6634615384615384,0.5088412169532534,0.8180818599698235,,,,
06,071,0.720045472949824,0.6926099562246342,0.7474809896750139,0.7435179850193432,0.7363336088055847,0.7507023612331016,0.7460716343783231,0.7385998033874341,0.7535434653692121,0.6896483672118968,0.6741405893104034,0.7051561451133902,0.7507052186177715,0.704630757635569,0.796779679599974,
06,073,0.6722637669941699,0.6513800032859799,0.6931475307023599,0.6423291007732447,0.6350176226704836,0.6496405788760058,0.6989341764138967,0.6923106868920812,0.7055576659357121,0.6483385937226022,0.6381709434786271,0.6585062439665772,0.6826559945888055,0.6464651975968813,0.7188467915807298,
06,075,0.4273516477240276,0.3972089423192001,0.4574943531288551,0.3071326645794731,0.29691172200952926,0.3173536071494169,0.4210291900781143,0.4038451102024902,0.4382132699537384,0.3316926974248499,0.32161350614958767,0.34177188870011216,0.3828003120124805,0.32548871693595105,0.44011190708900993,
06,077,0.6880029453531794,0.6443952707135029,0.7316106199928559,0.7686322093709299,0.7510414401588736,0.7862229785829862,0.7544848872661573,0.736847163630186,0.7721226109021285,0.6901284079620295,0.6725931364036934,0.7076636795203655,0.681490632077414,0.5000908291790478,0.8628904349757802,
06,079,0.7629382303839732,0.6196205696118047,0.9062558911561418,0.6921400163165409,0.6707318953951558,0.713548137237926,0.7335992786688161,0.7090068523670698,0.7581917049705624,0.6070130813953488,0.5371731316049086,0.676853031185789,0.7129008202833707,0.6077182791554016,0.8180833614113397,
06,081,0.6240382064208013,0.5765958203599919,0.6714805924816107,0.5601757628496019,0.5500096787957013,0.5703418469035025,0.6372832221388406,0.6217910126842728,0.6527754315934083,0.5706897127031265,0.557620237847622,0.583759187558631,0.5979802837220486,0.5189755607094025,0.6769850067346946,
06,083,0.664455626715462,0.6082134545818606,0.7206977988490634,0.6515992717300906,0.6355068863985249,0.6676916570616562,0.6771956134595557,0.6568618927990082,0.6975293341201032,0.5929329212262969,0.5472567547306794,0.6386090877219145,0.48523886205045624,0.4296581532591345,0.540819570841778,
06,085,0.6593521786225934,0.6286557176002031,0.6900486396449838,0.6018999873204132,0.5942869504408453,0.609513024199981,0.6840896714812854,0.6743357430856778,0.693843599876893,0.5860875165162164,0.5782966865336646,0.5938783464987681,0.648527600492666,0.6103219306143364,0.6867332703709956,
06,087,0.6747638326585695,0.5605571377442407,0.7889705275728984,0.5615599155233842,0.5383383328358186,0.5847814982109499,0.6848639114028624,0.6595455337966217,0.7101822890091031,0.48272327964860906,0.43224237297352486,0.5332041863236933,0.5266272189349113,0.3894230083149529,0.6638314295548696,
06,089,,,,0.7745520844290172,0.7589102774426331,0.7901938914154014,0.7747610773240661,0.7194588201932233,0.8300633344549089,0.7418752334703026,0.662316639000716,0.8214338279398892,0.6621823617339312,0.5450956617215337,0.7792690617463287,
06,091,,,,,,,,,,,,,,,,
06,093,,,,0.72980478640856,0.682133637003648,0.7774759358134719,0.7172385283174866,0.6208152891064094,0.8136617675285638,,,,0.7670103092783506,0.6363512633286745,0.8976693552280266,
06,095,0.7129672625957744,0.6849001907278504,0.7410343344636984,0.7281189971925331,0.7154173858234556,0.7408206085616107,0.7515139965273366,0.7266921465739024,0.7763358464807709,0.6908476525990366,0.6681087271487358,0.7135865780493373,0.7492559523809523,0.6286404544782926,0.869871450283612,
06,097,0.684931506849315,0.5832164867193413,0.7866465269792887,0.6853363993304863,0.67154007114179,0.6991327275191825,0.6954175958564132,0.67620451422468,0.7146306774881463,0.721415607985481,0.6830344107486621,0.7597968052222999,0.7005479452054795,0.6137822500734584,0.7873136403375005,
06,099,0.6934702577019958,0.6062393551687837,0.7807011602352079,0.7830318851389148,0.7651577443650713,0.8009060259127582,0.7638715947398791,0.7518917019219903,0.7758514875577679,0.7499079415735854,0.7084953226731426,0.7913205604740282,0.770460601446517,0.693987135137632,0.8469340677554019,
06,101,,,,0.7802893912115757,0.7439614743312676,0.8166173080918838,0.7941871455576559,0.7510666839598278,0.837307607155484,0.6939187947822891,0.6122300905992819,0.7756074989652963,,,,
06,103,,,,0.7743586099069008,0.7278835053631159,0.8208337144506856,0.7320017886421225,0.6716631415268384,0.7923404357574066,,,,,,,
06,105,,,,0.6468577438864055,0.5544516511696328,0.7392638366031782,,,,,,,,,,
06,107,0.7185792349726776,0.6440806926458434,0.7930777772995118,0.7953823125346019,0.7734790318208091,0.8172855932483947,0.7568356440743443,0.7455239462956508,0.7681473418530379,0.7771770062606717,0.7456275543399927,0.8087264581813506,0.7448227448227448,0.6594807179980918,0.8301647716473978,
06,109,,,,0.7680603583778686,0.7367865920420233,0.7993341247137138,0.6581818181818182,0.5651864442622545,0.7511771921013819,,,,,,,
06,111,0.7440606138435855,0.6716233854632648,0.8164978422239061,0.6626041680827635,0.6486517712022714,0.6765565649632556,0.7181416323018958,0.7055408361398522,0.7307424284639393,0.6420706973150473,0.6203426322939869,0.6637987623361077,0.52238588303923,0.4695288041079093,0.5752429619705506,
06,113,0.6845226707480391,0.6002208735490103,0.7688244679470678,0.6461991172143208,0.625798755651141,0.6665994787775006,0.6914679612692112,0.6567705914181556,0.7261653311202667,0.590339983713355,0.5536450317066998,0.6270349357200103,0.7333333333333333,0.5856607566139338,0.8810059100527328,
06,115,0.7458881578947368,0.6454796110729535,0.8462967047165202,0.7769132833498373,0.7377432605051348,0.8160833061945398,0.7594630872483221,0.734084759423415,0.7848414150732292,0.6062391681109185,0.5277712463267765,0.6847070898950605,,,,
08,000,0.6433017411655352,0.6241764172075641,0.6624270651235062,0.645509182455834,0.6420104589895678,0.6490079059221002,0.688564700077023,0.683964190925423,0.6931652092286229,0.578990945284149,0.5664674669578256,0.5915144236104724,0.6539732391140772,0.6342414597082646,0.6737050185198898,
08,001,0.7133156966490299,0.6430601283262661,0.7835712649717937,0.7076389046785354,0.693620770802045,0.7216570385550258,0.6831717683654452,0.6734936904475566,0.6928498462833339,0.596029215101327,0.5360091144154391,0.6560493157872149,0.6495406600884654,0.601769034322924,0.697312285854007,
08,003,,,,0.7348124669836239,0.6618810565449137,0.8077438774223341,0.8099514563106797,0.7663910369294203,0.853511875691939,,,,,,,
08,005,0.570109081790446,0.5355147727101862,0.6047033908707057,0.6638761069736282,0.6523130931906154,0.675439120756641,0.6703556371549028,0.6511422612206526,0.689569013089153,0.5696008458895057,0.5356605286454895,0.6035411631335218,0.5853843241196517,0.5147625269069582,0.6560061213323451,
08,007,,,,0.6159454374412041,0.5581560336808186,0.6737348412015897,0.6605902777777778,0.45743452886555225,0.8637460266900033,,,,,,,
08,009,,,,0.8421052631578947,0.7689021681014419,0.9153083582143475,,,,,,,,,,
08,011,,,,0.8189252336448598,0.7374458653104069,0.9004046019793127,,,,,,,,,,
08,013,0.5405307161032352,0.4337229912724663,0.6473384409340042,0.588993981083405,0.5738446971791474,0.6041432649876625,0.6579009995240361,0.6164711704642393,0.699330828583833,0.5446292134831461,0.4966127461491562,0.592645680817136,0.7267175572519083,0.37749689128835534,1,
08,014,,,,0.587897086692577,0.5546210987052669,0.6211730746798871,0.7184234889564872,0.6460699422774292,0.7907770356355452,0.4936034115138593,0.3645342271837698,0.6226725958439487,,,,
08,015,,,,0.5926919637153443,0.5207415150142761,0.6646424124164124,,,,,,,,,,
08,017,,,,0.7867132867132867,0.7004741770020605,0.8729523964245128,,,,,,,,,,
08,019,,,,0.5700272479564032,0.49831606497568504,0.6417384309371215,,,,,,,,,,
08,021,,,,0.5062611806797853,0.4062365727675348,0.6062857885920359,0.7372954349698536,0.6229333713107079,0.8516574986289993,,,,,,,
08,023,,,,,,,0.6255380200860832,0.5434882231082845,0.7075878170638819,,,,,,,
08,025,,,,0.6795366795366795,0.5157663107415398,0.8433070483318192,,,,,,,,,,
08,027,,,,0.5842824601366743,0.4771724452661259,0.6913924750072227,,,,,,,,,,
08,029,,,,0.6892416628597533,0.6387495456628044,0.7397337800567022,0.7496551724137931,0.6230136689830017,0.8762966758445845,,,,,,,
08,031,0.6234487679331345,0.5931663805930784,0.6537311552731907,0.6063303146856346,0.5971607754853671,0.6154998538859021,0.6892392079914378,0.6777229756669987,0.7007554403158769,0.5836447570894702,0.5490695692427728,0.6182199449361675,0.6158524995248051,0.5630415462515644,0.6686634527980458,
08,033,,,,,,,,,,,,,,,,
08,035,0.7101052631578947,0.6336168351201134,0.786593691195676,0.5547109496938408,0.5373301606594937,0.572091738728188,0.6289853851661542,0.5885340913806407,0.6694366789516677,0.4416794674859191,0.3896861199649653,0.4936728150068728,0.7632275132275133,0.5842456799494633,0.9422093465055632,
08,037,,,,0.6775333466056142,0.6385209143614347,0.7165457788497936,0.5873806000269071,0.5022362352888142,0.6725249647649999,,,,,,,
08,039,,,,0.49222967446425653,0.43547322935814564,0.5489861195703674,,,,,,,,,,
08,041,0.6884922337595469,0.6442818013714026,0.7327026661476913,0.6977397147623411,0.6874264585788383,0.7080529709458439,0.6832523525432068,0.6664557478691027,0.700048957217311,0.6978382706164932,0.6588418956477015,0.7368346455852849,0.7562704471101418,0.7184951727276663,0.7940457214926173,
08,043,,,,0.7168154873564944,0.6686534384179222,0.7649775362950665,0.7889467360833,0.704759014550851,0.873134457615749,,,,,,,
08,045,,,,0.7249323850545928,0.689442884337049,0.7604218857721365,0.7020172910662824,0.6287053801214131,0.7753292020111517,,,,,,,
08,047,,,,0.6990062761506276,0.5958299429463871,0.8021826093548681,,,,,,,,,,
08,049,,,,0.6268677176148046,0.5747601830080851,0.6789752522215242,0.7065868263473054,0.5143933922999844,0.8987802603946264,,,,,,,
08,051,,,,0.5344361917623227,0.4730834673707043,0.5957889161539411,,,,,,,,,,
08,053,,,,,,,,,,,,,,,,
08,055,,,,0.6285032796660703,0.555242876487325,0.7017636828448157,,,,,,,,,,
08,057,,,,0.5174953959484346,0.3428602652235441,0.6921305266733251,,,,,,,,,,
08,059,0.6973407308207384,0.6026122201145264,0.7920692415269505,0.5983405836766443,0.5842646000314626,0.612416567321826,0.681613659962312,0.659783394734718,0.7034439251899061,0.6029613649735243,0.5641461242185857,0.6417766057284628,0.6136783733826248,0.5151515062973036,0.712205240467946,
08,061,,,,0.8018867924528302,0.6832308698517574,0.9205427150539031,,,,,,,,,,
08,063,,,,0.7646123260437375,0.7099980311381758,0.8192266209492992,0.8232323232323232,0.7100249484614127,0.9364396980032337,,,,,,,
08,065,,,,0.5785046728971963,0.5096236503875606,0.647385695406832,,,,,,,,,,
08,067,,,,0.6792664994377648,0.6470692543402283,0.7114637445353014,0.6455627705627706,0.5667094952228573,0.7244160459026838,,,,0.7615163147792706,0.6720738018517933,0.8509588277067479,
08,069,0.631413612565445,0.5536952685123979,0.7091319566184922,0.6589696762665546,0.6464612604712454,0.6714780920618637,0.6721974758723088,0.64014157748868,0.7042533742559377,0.5729778581111613,0.49977440850670496,0.6461813077156177,0.6413949962092494,0.48555873385768217,0.7972312585608168,
08,071,,,,0.6221859706362153,0.5478511682815881,0.6965207729908425,0.6738063364569389,0.6172955407148097,0.730317132199068,,,,,,,
08,073,,,,0.7857142857142857,0.7186872218763388,0.8527413495522326,,,,,,,,,,
08,075,,,,0.7852399637790523,0.742426592039561,0.8280533355185435,0.5884016973125884,0.4882267649077746,0.6885766297174022,,,,,,,
08,077,,,,0.723703972240924,0.7093632288827565,0.7380447155990915,0.6905108162152336,0.6423974019605966,0.7386242304698706,,,,,,,
08,079,,,,0.7027972027972028,0.5539886671632571,0.8516057384311485,,,,,,,,,,
08,081,,,,0.8226424738052645,0.7563443401526369,0.888940607457892,,,,,,,,,,
08,083,,,,0.7466896948762234,0.6900760349125366,0.8033033548399102,0.7401433691756273,0.6697520263876222,0.8105347119636324,,,,0.7324940991345398,0.623047269845834,0.8419409284232455,
08,085,,,,0.7612903225806451,0.7292275404869699,0.7933531046743203,0.8462365591397849,0.7745601025282984,0.9179130157512714,,,,,,,
08,087,,,,0.7322145725760184,0.6888364875408934,0.7755926576111434,0.7581858407079646,0.6680657107162473,0.8483059706996818,,,,,,,
08,089,,,,0.7498766650222003,0.694141988019708,0.8056113420246926,0.8096960926193922,0.7239150218143745,0.89547716342441,,,,,,,
08,091,,,,0.577766699900299,0.48580051250140305,0.6697328872991951,,,,,,,,,,
08,093,,,,0.43527280048318906,0.3522782822433811,0.518267318722997,,,,,,,,,,
08,095,,,,0.7531837477258945,0.6829011780955687,0.8234663173562202,,,,,,,,,,
08,097,,,,0.5739066922304391,0.5230045601406638,0.6248088243202145,0.5086487841564302,0.42151833330776384,0.5957792350050967,,,,,,,
08,099,,,,0.8419580419580419,0.8154035872365948,0.868512496679489,0.8288659793814434,0.7445228046360987,0.913209154126788,,,,,,,
08,101,0.8162866449511401,0.7240337604988203,0.90853952940345994,0.7884148360746219,0.7669201800012709,0.8099094921479729,0.80272372171587425,0.7715044265086443,0.8339430169231042,0.5681818181818182,0.5426807624975071,0.5936828738661294,0.5590421139554087,0.4093032776394657,0.7087809502713517,
08,103,,,,0.7364607170099161,0.6672429101497035,0.8056785238701287,,,,,,,,,,
08,105,,,,0.68199784405318,0.6118145064408874,0.7521811816654725,0.714670981661273,0.5774355177401395,0.8519064455824065,,,,,,,
08,107,,,,0.67607332368548,0.643477198392275,0.708669448978685,0.6757475083056479,0.560826928846869,0.7906680877644268,,,,,,,
08,109,,,,0.5789090909090909,0.46716996292487706,0.6906482188933047,0.7448200654307524,0.6030672362464065,0.8865728946150984,,,,,,,
08,111,,,,,,,,,,,,,,,,
08,113,,,,0.45385839299920444,0.38417608515666224,0.5235407008417466,,,,,,,,,,
08,115,,,,0.8105781057810578,0.6939434782345382,0.9272127333275775,,,,,,,,,,
08,117,,,,0.5862127853361416,0.5368853726735594,0.6355401979987239,0.546875,0.4468273482956907,0.6469226517043093,,,,,,,
08,119,,,,0.5852027309460778,0.5226777187573307,0.6477277431348248,,,,,,,,,,
08,121,,,,0.6632513661202186,0.5915489994789563,0.7349537327614809,,,,,,,,,,
08,123,0.7022384174908901,0.59715218341046,0.8073246515713203,0.6816329586412689,0.6641176228082126,0.6991482944743252,0.7263155305173559,0.7005734199479954,0.7520576410867164,0.6539892517569244,0.5583467473997047,0.749631756114144,0.5825035561877667,0.46452055506224554,0.7004865573132879,
08,125,,,,0.7721286370597243,0.7319154137282262,0.8123418603912225,0.8326996197718631,0.5722486900553598,1,,,,,,,
09,000,0.6588618980873443,0.643284822338911,0.6744389738357776,0.719555423544624,0.7151274664550251,0.7239833806342229,0.6611922223885268,0.6529717236953052,0.6694127210817484,0.5663221407800298,0.5486919770712623,0.5839523044887974,0.6153981367551415,0.5533067927044812,0.6774894808058018,
09,001,,,,,,,,,,,,,,,,U
09,003,,,,,,,,,,,,,,,,U
09,005,,,,,,,,,,,,,,,,U
09,007,,,,,,,,,,,,,,,,U
09,009,,,,,,,,,,,,,,,,U
09,011,,,,,,,,,,,,,,,,U
09,013,,,,,,,,,,,,,,,,U
09,015,,,,,,,,,,,,,,,,U
09,110,0.6652164737585429,0.6353419437323076,0.6950910037847782,0.7432953879005699,0.7339626218188456,0.7526281539822942,0.67789354556972925,0.65816022518486,0.6976268659545986,0.5630532766950939,0.5312169532826239,0.5948896001075639,0.5922406967537609,0.4832453780240583,0.7012360154834635,A
09,120,0.6939725847707746,0.6442199556694121,0.7437252138721371,0.6896098147094163,0.6627183179128129,0.7165013115060197,0.624515503875969,0.591277660685118,0.65775334706682,0.5927826784282277,0.5088327341055108,0.6767326227509447,,,,A
09,130,0.7204562453253552,0.6058475750605901,0.8350649155901204,0.7089122917321597,0.6913511546520416,0.7264734288122779,0.6394017293760225,0.5721209956872783,0.7066824630647667,0.5815234016518813,0.48785684618022257,0.67518995712354,,,,A
09,140,0.6141465016971422,0.5757575296282536,0.6525354737660309,0.7413885699470351,0.7272506898735462,0.7555264500205239,0.6741640378548895,0.6441857470257075,0.7041423286840716,0.5645095645095645,0.5084632164961584,0.6205559125229705,,,,A
09,150,,,,0.7281458114265685,0.6993680891203958,0.7569235337327412,0.7877450980392157,0.6535692086086885,0.9219209874697428,,,,,,,A
09,160,0.666226040978189,0.502552428872001,0.8298996530843771,0.6905941242760175,0.6663693607538311,0.7148188877982039,0.6653624382207578,0.5854097524691613,0.7453151239723543,0.5811119573495811,0.44517644185375427,0.7170474728454079,,,,A
09,170,0.6601465024551235,0.6279547987130119,0.6923382061972352,0.7259137491203378,0.7150580174022447,0.7367694808384309,0.676778699257966,0.6545069217706462,0.6990504767452858,0.5505114282106327,0.5086700970967959,0.5923527593244695,0.6155660377358491,0.4333422289140637,0.7977898465576344,A
09,180,0.7052822806036892,0.6485855776244699,0.7619789835829086,0.775515139301728,0.7646820874277948,0.7863481911756612,0.7068263473053892,0.6717345440355982,0.7419181505751802,0.6999842841427,0.650224088028732,0.749744480256668,0.7160883280757098,0.3438182332256091,1,A
09,190,0.6333666921763702,0.5993912712291755,0.667342113123565,0.6520750426378624,0.6369924339747277,0.6671576513009971,0.6274109338818014,0.6044581909364384,0.6503636768271643,0.5273230924200454,0.49042607048142023,0.5642201143586706,0.6479113384484229,0.5384750781147519,0.7573475987820938,A
10,000,0.6732114173974639,0.6545140734456998,0.6919087613492281,0.753873843765122,0.7472667739190133,0.7604809136112307,0.7079944295315559,0.6836699669685418,0.73231889209457,0.6046363790472962,0.5675310793903096,0.6417416787042828,0.7043774872086412,0.5818022084396124,0.8269527659776701,
10,001,0.6991287615586081,0.6505284141255042,0.7477291089917121,0.7930406590722359,0.7762140936385309,0.8098672245059408,0.8002674988854213,0.731415601755017,0.8691193960158256,0.7267308574048602,0.6409638498090277,0.8124978650006928,0.8286713286713286,0.7594979493433137,0.8978447079993436,
10,003,0.6450910244943885,0.6221547786315292,0.6680272703572477,0.7479255779164622,0.7372952537235019,0.7585559021094225,0.6921584478577203,0.6570898094762752,0.7272270862391654,0.5810282621767889,0.5397213799401288,0.6223351444134491,0.5026362038664324,0.329309503307953,0.6759629044249118,
10,005,0.7932306179314866,0.7398580997550074,0.8466031361079659,0.7433808840494077,0.7261316471116271,0.7606301209871883,0.6969646010258135,0.6418813537746939,0.752047848276933,0.7450308430431802,0.6300521712094406,0.8600095148769199,0.7920353982300885,0.6177685373442066,0.9663022591159705,
11,000,0.5220712921478678,0.5068451664865329,0.5372974178092028,0.38151689017847595,0.3717863030547475,0.3912474773022044,0.4365293021329468,0.41445519475347325,0.4586034095124203,0.40379087857530505,0.38038387734239426,0.42719787980821583,0.39560779461800183,0.31182324522566407,0.4793923440103396,
11,001,0.5220712921478678,0.5068451664865329,0.5372974178092028,0.38151689017847595,0.3717863030547475,0.3912474773022044,0.4365293021329468,0.41445519475347325,0.4586034095124203,0.40379087857530505,0.38038387734239426,0.42719787980821583,0.39560779461800183,0.31182324522566407,0.4793923440103396,
12,000,0.7189406800973825,0.7140822135182895,0.7237991466764756,0.7111194372544448,0.7087140183363879,0.7135248561725017,0.6881178926995377,0.684215120328145,0.6920206650709304,0.6544537526262605,0.6442607944101056,0.6646467108424153,0.5871879124891173,0.5675583943315458,0.6068174306466888,
12,001,0.6901425416583016,0.6487363841148018,0.7315486992018013,0.7284985883443597,0.7116631671358717,0.7453340095528476,0.6534850494948464,0.6162273504630621,0.6907427485266308,0.6589825119236884,0.6166221383351047,0.7013428855122721,,,,
12,003,,,,0.8000291290416546,0.7192138278379291,0.8808444302453801,,,,,,,,,,
12,005,0.702632369132219,0.6251728646906282,0.7800918735738099,0.772339411790185,0.7503439873411961,0.7943348362391738,0.6740714200406067,0.595516294780719,0.7526265453004944,0.7199004975124378,0.639851337052664,0.7999496579722116,,,,
12,007,,,,0.6794831880448319,0.604848365174692,0.7541180109149718,,,,,,,,,,
12,009,0.7807434970839744,0.7439789916064393,0.8175080025615095,0.7488739918298942,0.7391561695716719,0.7585918140881166,0.6999611887336438,0.6641851919131054,0.7357371855541821,0.7397127865230599,0.6747261852600152,0.8046993877861047,,,,
12,011,0.7179775710300256,0.7050473329951062,0.7309078090649449,0.7023658577700251,0.6890074197619714,0.7157242957780788,0.6791227046338066,0.6648471307866506,0.6933982784809627,0.6168298410955562,0.5811920146696038,0.6524676675215085,0.6630272952853598,0.5974174669969862,0.7286371235737333,
12,013,,,,0.7943887775551102,0.7376363144579416,0.8511412406522787,,,,,,,,,,
12,015,0.7106299212598425,0.5844287405865739,0.836831101933111,0.7055479013447694,0.6777434204126068,0.733352382276932,0.7461311717022845,0.6783442285512993,0.8139181148532697,0.6899641577060932,0.5557360766178048,0.8241922387943816,,,,
12,017,,,,0.7203153227130892,0.6957442802743902,0.7448863651517882,0.7094710947109472,0.5976420021701233,0.821300187251771,,,,,,,
12,019,0.6403309907050555,0.5649189709252149,0.7157430104848961,0.6227603299069597,0.600250247120075,0.6452704126938444,0.6301227992306554,0.5543759654053794,0.7058696330559314,0.6754507628294036,0.5986685399786109,0.7522329856801964,,,,
12,021,0.7691859618465123,0.7350907383828506,0.8032811853101741,0.7158743487060242,0.6986909524060073,0.733057745006041,0.6607061725189849,0.6373703325883932,0.6840420124495766,0.6684456304202802,0.5976301625834604,0.7392610982571,0.37557603686635943,0.26478507524542416,0.4863669984872947,
12,023,0.7292084168336673,0.6341461586944114,0.8242706749729233,0.7856774858320453,0.7546979957636474,0.8166569759004433,0.5769633507853403,0.48811133827572545,0.6658153632949552,,,,,,,
12,027,,,,0.7652484939759037,0.7308908033295365,0.7996061846222708,0.7109581789306512,0.5971834996158143,0.824732858245488,,,,,,,
12,029,,,,0.7116964032851884,0.6478008397691444,0.7755919668012323,,,,,,,,,,
12,031,0.710464631357943,0.6921047511227187,0.7288245115931673,0.7558712055246485,0.7441658063021281,0.7675766047471688,0.7075222816399287,0.6851559397513115,0.7298886235285459,0.7054134357562142,0.6765064437968846,0.7343204277155437,0.668041237113402,0.5421931478332234,0.7938893263935807,
12,033,0.7007309680870031,0.6675629101574385,0.7338990260165676,0.7498996780780995,0.7361289992757793,0.7636703568804197,0.5672484599589322,0.5218348141830446,0.6126621057348199,0.691544345668803,0.6210585961201582,0.7620300952174477,,,,
12,035,0.6098548768140398,0.4645934554912932,0.7551162981367865,0.6275473334296864,0.5956093076943761,0.6594853591649966,0.5707678075855689,0.4884280280151642,0.6531075871559735,0.3428844317096466,0.23590413879231234,0.4498647246269809,,,,
12,037,,,,0.7514657150140199,0.6827067552578916,0.8202246747701483,,,,,,,,,,
12,039,0.8109972820405603,0.7633669414662598,0.8586276226148608,0.7450549450549451,0.6587757182521694,0.8313341718577207,0.7322670375521557,0.5667682582866872,0.8977658168176242,,,,,,,
12,041,,,,0.7496266799402688,0.6761830352641147,0.8230703246164228,,,,,,,,,,
12,043,,,,0.7589118198874296,0.6224703345105218,0.8953533052643374,0.6100966702470462,0.47170175371200396,0.7484915867820884,,,,,,,
12,045,,,,0.7061843070153997,0.6475412691881426,0.7648273448426568,,,,,,,,,,
12,047,,,,0.6706114398422091,0.5756920028115889,0.7655308768728292,,,,,,,,,,
12,049,,,,0.7549180327868853,0.7032363043795837,0.8065997611941869,0.5864160097028502,0.484301905285743,0.6885301141199575,,,,,,,
12,051,,,,0.7933025404157044,0.7187201043623869,0.8678849764690219,0.6164075286415712,0.5510183567833326,0.6817967004998099,,,,,,,
12,053,0.6325172964342736,0.48469476495657016,0.780339827911977,0.6897533850222655,0.6657905744337125,0.7137161956108184,0.6650837988826815,0.5933795051774609,0.7367880925879022,0.7443881245474294,0.6153586915356032,0.8734175575592557,,,,
12,055,0.783126157101296,0.717071908236208,0.8491804059663839,0.7646275915024315,0.722027508777841,0.807227674227022,0.7066292134831461,0.6491105368149896,0.7641478901513026,,,,,,,
12,057,0.6550729800100077,0.6343829216050306,0.6757630384149848,0.698186854050727,0.6901261707860646,0.7062475373153894,0.680009815909389,0.6699590612387945,0.6900605705799836,0.589626759794827,0.5597894249960251,0.61946409459362894,0.5378259746966176,0.45987050787463407,0.6157814415186011,
12,059,,,,0.7744565217391305,0.6810666733448387,0.8678463701334223,,,,,,,,,,
12,061,0.7743018259935553,0.6804152308143399,0.8681884211727708,0.7337134116665508,0.7107431057518608,0.7566837175812408,0.674048331043401,0.6085962088172521,0.7395004532695499,0.7209302325581395,0.5538932409292145,0.8879672241870644,,,,
12,063,0.9276511397423192,0.8707553860301318,0.9845468934545065,0.8166710863608239,0.7829200221724688,0.8504221505491789,0.7991513437057991,0.6368400543396077,0.9614626330719905,,,,,,,
12,065,,,,0.8172458172458172,0.7287512588850739,0.9057403756065606,,,,,,,,,,
12,067,,,,0.8199052132701422,0.6136432210158849,1,,,,,,,,,,
12,069,0.6946011281224819,0.6305735288164782,0.7586287274284855,0.6905654426126093,0.6670727325471528,0.7140581526780658,0.6145803391779247,0.5768946531375754,0.6522660252182739,0.6047481552775105,0.5361149408031066,0.6733813697519143,,,,
12,071,0.7378593409892666,0.7047810743237533,0.77093760765478,0.7123257684514901,0.6986950831799527,0.7259564537230275,0.6794631350649079,0.6625085480653383,0.6964177220644774,0.6470222360441611,0.5806080174254837,0.7134364546628384,0.3481684354673057,0.25203093203994986,0.4443059388946615,
12,073,0.7428969809643131,0.7259633478502364,0.7598306140783898,0.745555782042892,0.7298595846155478,0.7612519794702362,0.7250777127159691,0.6868531883272527,0.7633022371046855,0.6057660073751258,0.5391468109829073,0.6723852037673442,,,,
12,075,,,,0.7428803905614321,0.7107146130728906,0.7750461680499735,0.618798955613577,0.427167689323369,0.810430221903785,,,,,,,
12,077,,,,0.7958860759493671,0.6643853976850678,0.9273867542136665,,,,,,,,,,
12,079,0.7301239970824216,0.5758373993871354,0.8844105947777078,0.8646139913968757,0.7485032174892421,0.9807247653045092,,,,,,,,,,
12,081,0.7457039813308818,0.7057170002484642,0.7856909624132994,0.6601235199244719,0.6413922825806405,0.6788547572683034,0.6795804534982418,0.6445955177206405,0.7145653892758431,0.5972979994803845,0.5102825174617414,0.6843134814990277,,,,
12,083,0.7845684591052869,0.736540126677787,0.8325967915327869,0.7366602095623844,0.718495971231895,0.7548244478928738,0.7149135765992023,0.6800327333969561,0.7497944198014485,0.773682397519807,0.6739259086172351,0.873438886422379,,,,
12,085,0.8151312723318316,0.7650125036574195,0.8652500410062437,0.731413914461257,0.6991048339224066,0.7637229950001074,0.6989217960966289,0.64014748903456,0.7576961031586977,0.7814972611077298,0.6365494425668713,0.9264450796485882,,,,
12,086,0.7206829232161092,0.7027133200825307,0.7386525263496876,0.6387612288995405,0.6246723280390898,0.6528501297599911,0.7029130462894345,0.695143151466115,0.710682941112754,0.6132729903179137,0.5810646887412332,0.6454812918945942,0.6425992779783394,0.5277634352221731,0.7574351207345057,
12,087,0.6884984025559105,0.6027937266491846,0.7742030784626365,0.6121692923698686,0.5823569752459514,0.6419816094937858,0.711104642701208,0.6593432949618214,0.7628659904405946,,,,,,,
12,089,0.8367809577784074,0.7663644079989803,0.9071975075578346,0.7023867510959572,0.6653050114288899,0.7394684907630245,0.6722243273967412,0.6053754001554889,0.7390732546379936,,,,,,,
12,091,0.8023655733579398,0.760106259936541,0.8446248867793386,0.7923526677593757,0.7797240944597591,0.8049812410589924,0.6656198347107438,0.6117142068913938,0.7195254625300939,0.72890625,0.6664706909069573,0.7913418090930426,,,,
12,093,,,,0.7920071501532175,0.7598445938224103,0.8241697064840248,0.6163424124513619,0.49590308818845236,0.7367817367142714,,,,,,,
12,095,0.7239530813919447,0.705425912934506,0.7424802498493834,0.7369667478572701,0.7251729947245572,0.748760500989983,0.7140919169585136,0.7008423056324752,0.727341528284552,0.690969718817592,0.6612033970649037,0.7207360405702802,0.6410453497309762,0.5582923683050992,0.7237983311568531,
12,097,0.6712489522212909,0.6035887851493411,0.7389091192932407,0.6808303085299455,0.6479549377992292,0.7137056792606619,0.6406514038228042,0.6106863247353447,0.6706164829102637,0.6453193033381712,0.5578711866449959,0.7327674200313465,,,,
12,099,0.7547693492075284,0.7384838309725248,0.7710548674425319,0.6968676251652112,0.6884512123664565,0.7052840379639659,0.67442523614329,0.6601773489115795,0.6886731233750004,0.6772460117548279,0.6483752895027782,0.7061167340068776,0.7028324531925108,0.5919577885232249,0.8137071178617966,
12,101,0.538686344706656,0.49333792442157337,0.5840347649917387,0.6420481723785204,0.6260346675755665,0.6580616771814743,0.5709660973744584,0.53769644845959,0.6042357462893267,0.5345947472465405,0.47366877673079033,0.5955207177622908,,,,
12,103,0.7136806156166146,0.685819242153798,0.7415419890794311,0.6776256715758951,0.6676635493560832,0.6875877937957071,0.6884894848771267,0.6637023898540522,0.7132765799002012,0.7301675413807025,0.7059439421073163,0.7543911406540887,0.6355710549258936,0.5119448068382336,0.7591973030135536,
12,105,0.7448687509707769,0.7196347282594072,0.7701027736821465,0.749819636234764,0.7365624649968682,0.7630768074726598,0.7114311939560828,0.6863025779935624,0.7365598099186031,0.6732901367890569,0.6003603102797794,0.7462199632983344,0.6422167889160554,0.538883171593059,0.7455504062390518,
12,107,0.7692889561270801,0.6463392277090388,0.8922386845451215,0.755634114007954,0.7234430662411735,0.7878251617747345,0.6787330316742082,0.5393311626532061,0.8181349006952102,,,,,,,
12,109,0.5965843303743729,0.522620476165964,0.6705481845827818,0.5901354967685978,0.5682402131469182,0.6120307803902774,0.6602386133413372,0.6199407429363595,0.7005364837463148,0.49728787291747384,0.378368488419227,0.6162072574157207,,,,
12,111,0.7560059109140806,0.7085166403105113,0.80349518151765,0.724858226234019,0.6970828299306141,0.7526336225374238,0.7117569848115507,0.6820693207997668,0.7414446488233346,0.6698841698841699,0.5522594636856378,0.7875088760827019,,,,
12,113,0.7189894975872836,0.6179408638403524,0.8200381313342148,0.6983549821479421,0.6705107629190721,0.7261992013768122,0.5676333849900377,0.49291940275547663,0.6423473672245987,0.6350230414746544,0.5127403164041424,0.7573057665451663,,,,
12,115,0.8213634706525702,0.7748932249237117,0.8678337163814287,0.7378040261637138,0.7265594321961455,0.749048620131282,0.6970053211236233,0.660738554911869,0.7332720873353777,0.6391639163916392,0.5925074981481838,0.6858203346350945,0.8218142548596112,0.7017484504903123,0.9418800592289102,
12,117,0.6250520616409829,0.5833013452500293,0.6668027780319365,0.670259200101213,0.6513793337604556,0.6891390664419703,0.6579328217555197,0.6303846026850506,0.6854810408259888,0.5981105910903103,0.5347729268533579,0.6614482553272627,,,,
12,119,0.7619047619047619,0.6521365728201592,0.8716729509893645,0.7435174924806078,0.705690742408275,0.7813442425529407,0.7480380008261049,0.6117080563334899,0.88436794531872,,,,,,,
12,121,0.7493511308861698,0.6078915344911602,0.8908107272811794,0.7667858561779897,0.7289756462758442,0.8045960660801351,0.5786573146292585,0.44438690414899285,0.7129277251095242,,,,,,,
12,123,,,,0.7694331983805668,0.7255046531283688,0.8133617436327648,,,,,,,,,,
12,125,,,,0.7969040247678019,0.7008481019675551,0.8929599475680486,,,,,,,,,,
12,127,0.6725310402316501,0.6247294149682461,0.7203326654950541,0.7283763871321084,0.7148460570970173,0.7419067171671995,0.6501410496327124,0.6198291727773898,0.6804529264880349,0.6544802867383512,0.5800315964975901,0.7289289769791124,,,,
12,129,0.8293182983085597,0.7047272225541187,0.9539093740630008,0.7786980528916013,0.7250854862173082,0.8323106195658945,,,,,,,,,,
12,131,0.8153575615474795,0.7211989083787644,0.9095162147161946,0.7218418831473319,0.6920802981030002,0.7516034681916636,0.5864239154866262,0.49708860955629536,0.675759221416957,,,,,,,
12,133,,,,0.791488603988604,0.717874354726092,0.865102853251116,,,,,,,,,,
13,000,0.7061650633487203,0.7007787529789727,0.7115513737184679,0.7398971888079674,0.7372147036168112,0.7425796739991236,0.636939364289106,0.6289553418565332,0.6449233867216788,0.6099017493038801,0.5997620677946209,0.6200414308131392,0.5547412436491165,0.5252673422292665,0.5842151450689664,
13,001,,,,0.8496868475991649,0.7890477367364456,0.9103259584618842,,,,,,,,,,
13,003,,,,0.8146101903007981,0.6983654259743286,0.9308549546272675,,,,,,,,,,
13,005,,,,0.8139865104721334,0.7381181868050307,0.8898548341392362,,,,,,,,,,
13,007,,,,,,,,,,,,,,,,
13,009,0.816057852772112,0.7610373122611175,0.8710783932831064,0.7987661245092541,0.7643939235647886,0.8331383254537196,,,,,,,,,,
13,011,,,,0.7641591007349762,0.7046290462884833,0.823689155181469,,,,,,,,,,
13,013,0.7580469176213857,0.6389178365423637,0.8771759987004076,0.7399141145892191,0.6880353629542645,0.7917928662241737,0.6633585792635153,0.5774333581557065,0.749283800371324,0.6689595872742906,0.5711392705952751,0.7667799039533061,,,,
13,015,0.7517057746713264,0.6881998321010402,0.8152117172416126,0.7531605300284931,0.721660733921087,0.7846603261358993,0.6907862205373331,0.6281789349385145,0.7533935061361516,0.6417112299465241,0.5464873511630887,0.7369351087299595,,,,
13,017,0.8367952522255193,0.7658300899214459,0.9077604145295928,0.8453300124533001,0.7853586070766045,0.9053014178299956,,,,,,,,,,
13,019,,,,0.6551983927674535,0.5745082993503219,0.7358884861845851,,,,,,,,,,
13,021,0.7681095536160334,0.7353207859523762,0.8008983212796906,0.8472668810289389,0.827218248168911,0.8673155138889668,0.7058516196447231,0.6081783282145425,0.8035249110749036,0.7101449275362319,0.5967353329501424,0.8235545221223215,,,,
13,023,,,,0.7209765819631291,0.6553402085042075,0.7866129554220507,,,,,,,,,,
13,025,,,,0.8096665417759461,0.7092554540765335,0.9100776294753588,,,,,,,,,,
13,027,0.7431648715824358,0.5840153077830351,0.9023144353818365,0.8281167108753316,0.7179010854758165,0.9383323362748466,,,,,,,,,,
13,029,0.6355738454503886,0.5474202172193259,0.7237274736814514,0.7584905660377359,0.6922297607008482,0.8247513713746236,,,,,,,,,,
13,031,0.680895050468199,0.6228531390731478,0.7389369618632502,0.8105872202202711,0.7813600357575766,0.8398144046829655,0.6479719579369053,0.47726637189602716,0.8186775439777835,,,,,,,
13,033,0.8057909604519774,0.7181163567997276,0.8934655641042272,0.8438680433140267,0.7931602982664083,0.894575788361645,,,,,,,,,,
13,035,0.9024960998439937,0.8598267525348576,0.9451654471531298,0.7140019860973188,0.6989806110688888,0.7290233611257488,,,,,,,,,,
13,037,0.7205169628432956,0.5569494002796416,0.8840845254069496,0.7470119521912351,0.6473718538197781,0.846652050562692,,,,,,,,,,
13,039,0.7398658501020706,0.6904708993126345,0.7892608008915067,0.7914046761491973,0.750138648464391,0.8326707038340035,0.592627158189454,0.4626914901970922,0.7225628261818158,,,,,,,
13,043,,,,0.7711466165413534,0.5445256326687,0.9977676004140068,,,,,,,,,,
13,045,0.6846464437312351,0.6157573773396664,0.7535355101228037,0.7799439645108569,0.7702837657588062,0.7896041632629076,0.5888864290458269,0.5394317233874253,0.6383411347042285,,,,,,,
13,047,,,,0.6978999345588672,0.661027906415103,0.7347719627026315,,,,,,,,,,
13,049,,,,0.9038344491783323,0.8001774495159422,1,,,,,,,,,,
13,051,0.7418152694463968,0.7268189343788778,0.7568116045139157,0.7967320464600623,0.7779833607139205,0.8154807322062042,0.6695231242231962,0.6166496044367168,0.7223966440096755,0.8413276664642785,0.7744918026998389,0.9081635302287181,,,,
13,053,0.8428571428571429,0.7476118865838411,0.9381023991304446,0.7421187162737859,0.6899638078086356,0.7942736247389361,0.7170781893004116,0.599137964687876,0.8350184139129472,,,,,,,
13,055,,,,0.8461886451029179,0.7056700306487118,0.986707259557124,,,,,,,,,,
13,057,0.5778376478856742,0.5197687832510112,0.6359065125203371,0.603952914976537,0.583621592654668,0.6242842372984061,0.48786835055491773,0.42451055331119136,0.5512261477986441,0.5502024291497976,0.41649222630939264,0.6839126319902025,,,,
13,059,0.7719846841097638,0.7213835048175206,0.8225858634020071,0.7584094209385133,0.7370391244850718,0.7797797173919547,0.6347941567065073,0.5505394416357043,0.71904887177731025,0.6790830945558739,0.6182105711410844,0.7399556179706634,,,,
13,061,,,,,,,,,,,,,,,,
13,063,0.6874364909111438,0.6640621750523884,0.7108108067698992,0.8357091541573713,0.8073854997762432,0.8640328085384995,0.6619493583073187,0.6100061639719028,0.7138925526427347,0.7027177959791512,0.6326909292853504,0.7727446626729519,,,,
13,065,,,,0.8995535714285714,0.7970150755617765,1,,,,,,,,,,
13,067,0.6359903710768952,0.6127629735273404,0.6592177686264499,0.6840758806531623,0.6707028580095661,0.6974489032967585,0.6074425392192631,0.5877281546843033,0.6271569237542228,0.529285816243993,0.4857417773673031,0.5728298551206827,0.4949308755760369,0.40396447974162514,0.5858972714104487,
13,069,0.8429527394395651,0.7625998302383702,0.9233056486407599,0.8626690712353472,0.8258684066422604,0.899469735828434,0.6490196078431373,0.5193688390579287,0.7786703766283458,,,,,,,
13,071,0.7543195266272189,0.6657632470098234,0.8428758062446144,0.824452948680208,0.7953734855980628,0.8535324117623533,0.6310363537710255,0.5425500698879979,0.7195226376540531,,,,,,,
13,073,0.6765268579838116,0.6114220214550413,0.7416316945125819,0.7356841780610671,0.7019627797987188,0.7694055763234154,0.684661302880872,0.5945301500203244,0.7747924557414196,0.7353383458646616,0.5691320567626574,0.9015446349666658,,,,
13,075,0.8682170542635659,0.7257809528702848,1,0.8085585585585585,0.7632722708957166,0.8538448462214004,,,,,,,,,,
13,077,0.764379035891275,0.7064627646171983,0.8222953071653517,0.7051399153034958,0.6812069424550403,0.7290728881519514,0.5910900945744151,0.5117949520533281,0.670385237095502,0.6834677419354839,0.6038507941607946,0.7630846897101732,,,,
13,079,,,,0.6138814016172507,0.43173939852998494,0.7960234047045165,,,,,,,,,,
13,081,0.7382378100940975,0.6239266746234156,0.8525489455647794,0.8926622195269861,0.8830851635073506,0.9022392755466216,,,,,,,,,,
13,083,,,,0.7527173913043478,0.7455668649987687,0.7598679176099269,,,,,,,,,,
13,085,,,,0.7262766945218199,0.6776521229853993,0.7749012660582404,0.6687370600414079,0.5693822542748814,0.7680918658079343,,,,,,,
13,087,0.8797490414778668,0.8144389673007751,0.9450591156549585,0.8008305647840531,0.7473719141755918,0.8542892153925145,0.6535626535626535,0.5286253073373581,0.7784999997879489,,,,,,,
13,089,0.6343161394343136,0.617845714354628,0.6507865645139993,0.6033845979779694,0.5910963120369143,0.6156728839190245,0.5594211571416914,0.53433806083468,0.5845042534487027,0.617864593210696,0.5828195227695148,0.6529096636518772,0.46773272415762424,0.33457420571224084,0.6008912426030076,
13,091,0.8226452905811623,0.6708546173019836,0.974435963860341,0.8174142480211082,0.7580260282133631,0.8768024678288533,,,,,,,,,,
13,093,0.6859259259259259,0.5685895113191444,0.8032623405327075,0.8234859675036927,0.7791105961483259,0.8678613388590596,,,,,,,,,,
13,095,0.7823993754337266,0.7519492635575239,0.8128494873099293,0.8780487804878049,0.8677454782858781,0.8883520826897316,0.675754060324826,0.567997346222295,0.783510774427357,0.8433734939759037,0.7868961586387799,0.8998508293130274,,,,
13,097,0.6763963692516289,0.63280137863936,0.7199913598638978,0.7235801581595974,0.7021690151432156,0.7449913011759792,0.5467713787085515,0.4711089473712997,0.6224338100458033,0.6838624338624338,0.5179688602599148,0.8497560074649528,,,,
13,099,0.8945068664169787,0.673615017565127,1,0.8152920962199313,0.6060222812983472,1,,,,,,,,,,
13,101,,,,,,,,,,,,,,,,
13,103,0.868421052631579,0.7747270400793171,0.9621150651838408,0.7428294914657751,0.7103419020396406,0.7753170808919096,,,,,,,,,,
13,105,,,,0.8087681015671494,0.7841919135096111,0.8333442896246877,,,,,,,,,,
13,107,0.7048054919908466,0.6235801483193362,0.7860308356623571,0.8571111604171289,0.7939549724784569,0.9202673483558008,,,,,,,,,,
13,109,0.6545961002785515,0.5368015424765664,0.7723906580805366,0.842654028436019,0.7872294924229389,0.8980785644490991,,,,,,,,,,
13,111,,,,0.7065217391304348,0.659624929808081,0.7534185484527887,,,,,,,,,,
13,113,0.7316051008800815,0.6828435872988416,0.7803666144613213,0.7289898713386258,0.694582340212733,0.7633974024645186,0.6680906389301634,0.6158160378581389,0.7203652400021879,0.5814655172413793,0.4729486156353961,0.6899824188473624,,,,
13,115,0.770026363820726,0.7143679597016942,0.8256847679397578,0.8190521637985028,0.7958296133655277,0.8422747142314778,0.6552483974358975,0.5783607938354263,0.7321360010363687,0.7848699763593381,0.6556039758012604,0.9141359769174158,,,,
13,117,0.6928337507224042,0.6243251613946557,0.7613423400501527,0.6090603158167227,0.5911146185971243,0.6270060130363211,0.5876714152576221,0.5484053354715205,0.6269374950437238,0.29367914272402545,0.2655765889617651,0.3217816964862858,,,,
13,119,,,,0.8176892861980225,0.7777353939396019,0.8576431784564431,,,,,,,,,,
13,121,0.7050317708703796,0.6946518357269147,0.7154117060138445,0.6843612951127143,0.6761024670845833,0.6926201231408452,0.6125527868218303,0.5875871232868048,0.6375184503568558,0.5714529744195647,0.5459232849295331,0.5969826639095962,0.5834344660194175,0.48379748010010637,0.6830714519387286,
13,123,,,,0.7743043220840734,0.744870130631145,0.8037385135370018,0.5013071895424837,0.3679113520286974,0.6347030270562699,,,,,,,
13,125,,,,,,,,,,,,,,,,
13,127,0.7580986661020538,0.697073666704968,0.8191236654991396,0.7900772615459238,0.7592023504336713,0.8209521726581763,0.7300055157198014,0.6870666821629183,0.7729443492766845,,,,,,,
13,129,,,,0.847757612119394,0.8184558279576493,0.8770593962811388,0.7394512335715933,0.6222240217569528,0.8566784453862337,,,,,,,
13,131,0.7937285644292014,0.6901092742879091,0.8973478545704936,0.8073222248298522,0.7506675978149251,0.8639768518447792,,,,,,,,,,
13,133,0.7707182320441989,0.7342186385844534,0.8072178255039444,0.7456802549907734,0.6743715060729094,0.8169890039086374,,,,,,,,,,
13,135,0.6581973749916151,0.6392605285147198,0.6771342214685104,0.7192231387699697,0.7076720247744459,0.7307742527654935,0.626085564000542,0.6083056631480953,0.6438654648529888,0.6478324915824916,0.6186032123236624,0.6770617708413207,0.5894245723172629,0.354798471382862,0.8240506732516637,
13,137,,,,0.7690474417219036,0.7259028713352814,0.8121920121085259,0.6117836965294592,0.4953977460223012,0.7281696470366171,,,,,,,
13,139,0.7229876722262509,0.6521766084685389,0.793798735983963,0.7595963623537351,0.7376010048870687,0.7815917198204014,0.6582528615637001,0.6137372987923305,0.7027684243350697,0.6848192771084337,0.6010275255090485,0.7686110287078189,,,,
13,141,,,,,,,,,,,,,,,,
13,143,,,,0.7452288802882691,0.6822359497279139,0.8082218108486242,,,,,,,,,,
13,145,0.6480038948393378,0.45922968445793955,0.8367781052207361,0.6048479304825063,0.5331834008477159,0.6765124601172967,,,,,,,,,,
13,147,0.671864406779661,0.5294006039634109,0.814328209595911,0.7965065502183406,0.7340783890667989,0.8589347113698823,,,,,,,,,,
13,149,,,,0.7967711301044634,0.7189537719899308,0.874588488218996,,,,,,,,,,
13,151,0.6387158600862483,0.6083400019235535,0.669091718248943,0.7538076361360317,0.7219629367901605,0.7856523354819029,0.664413860899484,0.5861765620403155,0.7426511597586524,0.7895464601769911,0.7063864079759536,0.8727065123780287,,,,
13,153,0.8018464309840126,0.7583674244236316,0.8453254375443937,0.795473615513705,0.7853444395537166,0.8056027914736934,0.7208896641953773,0.6240129224986635,0.817766405892091,0.7372528616024974,0.6005481985029287,0.873957524702066,,,,
13,155,,,,0.7614240170031881,0.6967754120967382,0.8260726219096379,,,,,,,,,,
13,157,0.7484625768711565,0.7259465389036226,0.7709786148386903,0.739162201656113,0.7009139715071143,0.7774104318051117,0.7679337829552422,0.7203786931587963,0.815488872751688,0.7979176526265973,0.6864919447945655,0.9093433604586291,,,,
13,159,,,,0.6575993091537133,0.5810098099134816,0.7341888083939451,,,,,,,,,,
13,161,,,,0.7825982742090125,0.7181073126056946,0.8470892358123304,,,,,,,,,,
13,163,0.8385131017672152,0.7391974432113928,0.9378287603230375,0.8760611205432938,0.8187910686232773,0.9333311724633102,,,,,,,,,,
13,165,,,,0.6767908309455587,0.5554755552559266,0.7981061066351908,,,,,,,,,,
13,167,,,,0.7422945205479452,0.6378440930441317,0.8467449480517587,,,,,,,,,,
13,169,0.5870704717530577,0.4633662949882319,0.7107746485178835,0.6812358703843255,0.6045530728789457,0.7579186678897054,,,,,,,,,,
13,171,,,,0.7882045322486926,0.7122003004511156,0.8642087640462696,,,,,,,,,,
13,173,,,,0.6873868436934218,0.5379040058653916,0.8368696815214521,,,,,,,,,,
13,175,0.8899162091880959,0.8411959178634929,0.9386365005126989,0.87696481289396,0.8531263065962323,0.9008033191916877,,,,,,,,,,
13,177,0.6531231049120679,0.5559301522701473,0.7503160575539886,0.7545474960700651,0.7121378213405897,0.7969571707995405,,,,,,,,,,
13,179,0.7773512476007678,0.7341868241399095,0.820515671061626,0.824186529843476,0.7882251755527444,0.8601478841342075,0.7147361782636115,0.6325405420884208,0.7969318144388021,0.8450331125827815,0.6430123444077698,1,,,,
13,181,,,,0.7761601455868972,0.7082455814113265,0.8440747097624678,,,,,,,,,,
13,183,,,,0.6078296703296703,0.45168435466845974,0.7639749859908809,,,,,,,,,,
13,185,0.8033247096383552,0.7670025723634016,0.8396468469133088,0.8353452867033553,0.8116976503320993,0.8589929230746113,0.7663668165917041,0.6709334171437461,0.8618002160396622,0.8308525033829499,0.7056754522641943,0.9560295545017056,,,,
13,187,,,,0.7342854269335211,0.6781790922254123,0.7903917616416298,0.6492718446601942,0.4786027943047034,0.8199408950156849,,,,,,,
13,189,0.830077237619264,0.7427501538480461,0.9174043213904819,0.8367174280879864,0.77188204428762,0.9015528118883529,,,,,,,,,,
13,191,,,,0.5842440801457195,0.4508573776892336,0.7176307826022054,,,,,,,,,,
13,193,0.7506534239414532,0.605490812591698,0.8958160352912083,0.8200589970501475,0.6808656693569978,0.9592523247432972,,,,,,,,,,
13,195,,,,0.7155609657131264,0.6436700753032587,0.7874518561229942,,,,,,,,,,
13,197,,,,0.7231638418079096,0.5577836160097553,0.8885440676060639,,,,,,,,,,
13,199,0.7690982194141298,0.6648115940343264,0.8733848447939332,0.8015197568389058,0.6931106714220399,0.9099288422557716,,,,,,,,,,
13,201,,,,0.813731722822632,0.7619121617357122,0.8655512839095517,,,,,,,,,,
13,205,0.7394886363636364,0.6217842963190585,0.8571929764082142,0.8616301110208503,0.7986791039135015,0.9245811181281991,,,,,,,,,,
13,207,0.8332834480694403,0.7290101612065352,0.9375567349323455,0.7846257585974377,0.7356618330076795,0.8335896841871958,,,,,,,,,,
13,209,,,,0.6377079482439926,0.51325177867591,0.7621641178120752,,,,,,,,,,
13,211,0.8257425742574257,0.7014393890009726,0.9500457595138788,0.7735109717868338,0.7240482077486295,0.8229737358250381,,,,,,,,,,
13,213,,,,0.7716136299633906,0.7317165092971761,0.811510750629605,0.7291387773315484,0.6377513265749974,0.8205262280880994,,,,,,,
13,215,0.7401151092602124,0.710284876225947,0.7699453422944778,0.8134841000308737,0.7914623503623262,0.8355058496994212,0.6446300435242912,0.5748111098871501,0.7144489771614323,0.7939276485788114,0.7322326014889007,0.8556226956687221,,,,
13,217,0.6602737869341285,0.5939772997600368,0.7265702741082203,0.758571071071071,0.726594847844983,0.7905472942971591,0.5899033966967903,0.47930857678104233,0.7004982166125382,0.7309417040358744,0.5680364660869052,0.8938469419848437,,,,
13,219,0.8306374881065651,0.714582484133223,0.9466924920799072,0.7269587997142176,0.6894733068133224,0.7644442926151128,0.7623474723997675,0.6938822747776626,0.8308126700218724,,,,,,,
13,221,,,,0.6885849552866912,0.5965503449517684,0.7806195656216139,,,,,,,,,,
13,223,0.5173299101412067,0.4466275063103998,0.5880323139720135,0.6725781650435674,0.6518308891200861,0.6933254409670486,0.5226039783001808,0.43899119851240465,0.6062167580879569,,,,,,,
13,225,0.6955337690631809,0.629758260386934,0.7613092777394277,0.7775947281713345,0.7192049419136887,0.8359845144289803,0.775,0.6017103457277143,0.9482896542722857,,,,,,,
13,227,,,,0.6875636240244316,0.646094967691116,0.7290322803577473,,,,,,,,,,
13,229,,,,0.8075916230366492,0.7431511516223677,0.8720320944509308,,,,,,,,,,
13,231,,,,0.7321382842509603,0.6618732261871805,0.8024033423147401,,,,,,,,,,
13,233,,,,0.8028599605522683,0.7619469618813138,0.8437729592232227,,,,,,,,,,
13,235,,,,0.8663282571912013,0.7911435989859386,0.9415129153964641,,,,,,,,,,
13,237,0.8076216712580349,0.6760120638911837,0.939231278624886,0.6978825583933639,0.5944317243123758,0.801333392474352,,,,,,,,,,
13,239,,,,,,,,,,,,,,,,
13,241,,,,0.7306962025316456,0.6826446698582169,0.7787477352050742,0.48625,0.27712952810536695,0.6953704718946331,,,,,,,
13,243,0.7336769759450171,0.6383342283463048,0.8290197235437294,0.8513513513513513,0.7885294350449152,0.9141732676577874,,,,,,,,,,
13,245,0.7788247057918621,0.753000576812487,0.8046488347712373,0.857185154222617,0.841817068676976,0.8725532397682579,0.7290084388185654,0.6799701558372979,0.7780467217998328,0.7218086572925283,0.6639326576967532,0.7796846568883034,,,,
13,247,0.6877038782167452,0.6428884434227214,0.7325193130107689,0.8384444294668734,0.8008136080375813,0.8760752508961654,0.64411943936624,0.563606009446122,0.7246328692863581,,,,,,,
13,249,,,,0.7025246981339188,0.5396262346840695,0.8654231615837682,,,,,,,,,,
13,251,0.7677760968229954,0.5985185912632084,0.9370336023827824,0.801071155317521,0.7139531508590451,0.888189159775997,,,,,,,,,,
13,253,,,,0.8597161572052402,0.7802851484804472,0.9391471659300332,,,,,,,,,,
13,255,0.7407866561478643,0.712722050675274,0.7688512616204546,0.8286453721991419,0.7972037395921104,0.8600870048061734,0.6703296703296703,0.5263648542931735,0.8142944863661671,,,,,,,
13,257,,,,0.8115821885362388,0.7679452312409065,0.855219145831571,,,,,,,,,,
13,259,,,,,,,,,,,,,,,,
13,261,0.732989519214773,0.6581169947506414,0.8078620436789045,0.7993863985000852,0.7309822386552983,0.8677905583448721,0.7161383285302594,0.5412843750465636,0.8909922820139552,,,,,,,
13,263,,,,,,,,,,,,,,,,
13,265,,,,,,,,,,,,,,,,
13,267,0.6073333333333333,0.5010563175267978,0.7136103491398688,0.8260042785833135,0.7877829474426967,0.8642256097239303,,,,,,,,,,
13,269,,,,0.7776096822995462,0.6721991749714659,0.8830201896276265,,,,,,,,,,
13,271,,,,0.8888419273034658,0.8179935012051355,0.9596903534017961,,,,,,,,,,
13,273,0.44988696307460435,0.3187481555651499,0.5810257705840588,0.8008519701810437,0.7066910440133866,0.8950128963487008,,,,,,,,,,
13,275,0.7781258512666849,0.7114757132578622,0.8447759892755076,0.8019248889487145,0.7669522838962697,0.8368974940011593,0.7118959107806692,0.5659076922732602,0.8578841292880781,,,,,,,
13,277,0.8379970544918999,0.7717386236664334,0.9042554853173663,0.849437386569873,0.8129132559146778,0.8859615172250682,0.7800541167375338,0.6608619243905728,0.8992463090844948,,,,,,,
13,279,0.8070126227208976,0.7353787477169255,0.8786464977248697,0.8385911567211454,0.7904640859294643,0.8867182275128265,0.6109036594473488,0.40834325461387067,0.813464064280827,,,,,,,
13,281,,,,0.6437591776798826,0.5584062174547159,0.7291121379050493,,,,,,,,,,
13,283,,,,0.7449186991869918,0.593319416742744,0.8965179816312396,,,,,,,,,,
13,285,0.804990253411306,0.7512302072893214,0.8587502995332906,0.820595589906797,0.7883621996076194,0.8528289802059746,0.7404299947561616,0.7013683449866558,0.7794916445256673,0.7908045977011494,0.7418962518191293,0.8397129435831695,,,,
13,287,,,,0.6437448218724109,0.521500939214447,0.7659887045303748,,,,,,,,,,
13,289,0.8493975903614458,0.7066545046172954,0.9921406761055962,0.6576200417536534,0.48280177951663494,0.8324383039906719,,,,,,,,,,
13,291,,,,0.826581231914014,0.8062954840865489,0.8468669797414791,,,,,,,,,,
13,293,0.8462203023758099,0.749041437913618,0.9433991668380018,0.8493337371290127,0.782221643147074,0.9164458311109515,,,,,,,,,,
13,295,,,,0.6974863772191949,0.6183519448011562,0.7766208096372337,,,,,,,,,,
13,297,0.7027571251548946,0.6447985292619332,0.7607157210478561,0.6994878134934652,0.6606968614966787,0.7382787654902517,0.5195652173913043,0.28741964342471776,0.7517107913578909,,,,,,,
13,299,0.8696060037523452,0.8124400376640748,0.9267719698406156,0.9084051724137931,0.8688616801424,0.9479486646851863,,,,,,,,,,
13,301,,,,0.8958611481975968,0.7375166467967159,1,,,,,,,,,,
13,303,0.7302904564315352,0.6730095738289444,0.787571339034126,0.8270495396755809,0.8109661632399234,0.8431329161112384,,,,,,,,,,
13,305,0.7800989554700385,0.6249001646552219,0.9352977462848551,0.7978446234012316,0.7630782391674183,0.8326110076350449,,,,,,,,,,
13,307,,,,,,,,,,,,,,,,
13,309,,,,0.9190871369294605,0.8481729947216112,0.9900012791373098,,,,,,,,,,
13,311,,,,0.7598577892695539,0.6961699493203525,0.8235456292187554,,,,,,,,,,
13,313,0.8818897637795275,0.8051944677591882,0.9585850597998669,0.8709415348904685,0.8507373990762144,0.8911456707047227,0.8036822615135868,0.7567925213939487,0.8505720016332249,0.7921940928270043,0.6330406809089784,0.9513475047450302,0.5654296875,0.3833840243112935,0.7474753506887065,
13,315,,,,0.7790994052676296,0.7019655038255269,0.8562333067097322,,,,,,,,,,
13,317,,,,0.80566534914361,0.7391574019073276,0.8721732963798924,,,,,,,,,,
13,319,0.7324675324675325,0.6324702935620354,0.8324647713730295,0.7713659605551497,0.6721553172836562,0.8705766038266433,,,,,,,,,,
13,321,0.6395262768319763,0.49572134500208165,0.7833312086618709,0.7925622654384169,0.7408343250068711,0.8442902058699627,,,,,,,,,,
15,000,0.6800253244697689,0.6377482110471393,0.7223024378923986,0.6397053080988208,0.6275731372233044,0.6518374789743371,0.638259919327623,0.6243429164782126,0.6521769221770335,0.6453507645757615,0.6367862040222689,0.653915325129254,0.6237373737373737,0.5250135281862209,0.7224612192885265,
15,001,,,,0.6134062047902267,0.5782478194010823,0.6485645901793711,0.629975770162686,0.5882125062207252,0.6717390341046469,0.7157389820686991,0.6885928883040553,0.742885075833343,,,,
15,003,0.6692280824310164,0.6295758000584168,0.7088803648036159,0.6354670539193664,0.6228705090072005,0.6480635988315323,0.6232508323825933,0.6032461323923436,0.6432555323728429,0.6212292831803415,0.6127043718399919,0.6297541945206911,0.5782778864970646,0.4704834585394535,0.6860723144546756,
15,005,,,,,,,,,,,,,,,,
15,007,,,,0.6904216752528144,0.6336445160739965,0.7471988344316323,0.6907914998460117,0.6329384008551644,0.7486445988368591,0.7595587737700481,0.717584666440876,0.8015328810992202,,,,
15,009,,,,0.6631359687998581,0.6275585217132988,0.6987134158864174,0.7126749083005026,0.67325351548315715,0.7520963011178481,0.7168049465282816,0.6911010087505677,0.7425088843059956,,,,
16,000,0.7272957568081064,0.6781214237036666,0.7764700899125463,0.7261264445095706,0.7196441733955056,0.7326087156236357,0.7248139914522203,0.7110765065775374,0.7385514763269031,0.6926426921807984,0.6618708562804405,0.7234145280811564,0.7081042557523926,0.6918621678407026,0.7243463436640825,
16,001,0.7376552559830355,0.6689200433844075,0.8063904685816635,0.7091792400663559,0.6980540854521275,0.7203043946805843,0.7141297425166045,0.6854520264726719,0.7428074585605372,0.7084248079034029,0.6658969557667124,0.7509526600400934,0.6346777932313398,0.5793823829189656,0.6899732035437139,
16,003,,,,0.625,0.5293138230356694,0.7206861769643306,,,,,,,,,,
16,005,,,,0.7583819355643576,0.7352969660840638,0.7814669050446514,0.7305405405405405,0.6647708747049976,0.7963102063760834,,,,0.6548042704626335,0.5143255265616545,0.7952830143636124,
16,007,,,,0.7539936102236422,0.7094883538166807,0.7984988666306037,,,,,,,,,,
16,009,,,,0.7999430037047592,0.7505280914000326,0.8493579160094858,,,,,,,0.8016528925619835,0.6694459996450268,0.9338597854789401,
16,011,,,,0.7646908533469596,0.7268683116039273,0.802513395089992,0.7744888617638084,0.7038440588267678,0.8451336647008489,,,,0.7917716204869857,0.7402947879237624,0.843248453050209,
16,013,,,,0.6489392902532016,0.5826573103551637,0.7152212701512396,0.7660316608532332,0.6530043285153946,0.8790589931910717,,,,,,,
16,015,,,,0.5422828972317026,0.4436826313634458,0.6408831630999594,,,,,,,,,,
16,017,,,,0.7312565997888067,0.7036249345324813,0.7588882650451322,,,,,,,,,,
16,019,,,,0.7757733364854789,0.7527645069287637,0.798782166042194,0.7512623490669594,0.6998303266676145,0.8026943714663044,,,,,,,
16,021,,,,0.7352861404936263,0.6738872910675758,0.7966849899196767,,,,,,,,,,
16,023,,,,0.450051849291393,0.3842016214236161,0.51590207715917,,,,,,,,,,
16,025,,,,,,,,,,,,,,,,
16,027,0.7310536044362292,0.5975537915794575,0.864553417293001,0.7148058610218462,0.6927920656351857,0.7368196564085067,0.6832067582558239,0.6464961608657572,0.7199173556458905,0.7858942065491183,0.6549481723786477,0.916840240719589,0.5879396984924623,0.4040316999760108,0.7718476970089139,
16,029,,,,0.791875,0.7461558543977089,0.8375941456022911,,,,,,,,,,
16,031,,,,0.788702683698582,0.7383231192965077,0.8390822481006562,0.7906423473433782,0.7141079762686111,0.8671767184181454,,,,,,,
16,033,,,,0.7089552238805971,0.46031016146043574,0.9576002863007584,,,,,,,,,,
16,035,,,,0.7404483738553836,0.6461530693385413,0.834743678372226,,,,,,,,,,
16,037,,,,0.5213675213675214,0.33784960636875827,0.7048854363662845,,,,,,,,,,
16,039,,,,0.8336099126009514,0.7993487318846536,0.8678710933172492,0.7719693555655701,0.696720422559704,0.8472182885714362,,,,,,,
16,041,,,,0.6801165657924232,0.6041409412516113,0.756092190333235,,,,,,,,,,
16,043,,,,0.6394650655021834,0.5583614565336051,0.7205686744707617,,,,,,,,,,
16,045,,,,0.7291758483913618,0.6579324508421591,0.8004192459405646,,,,,,,,,,
16,047,,,,0.8116113744075829,0.7310217156561145,0.8922010331590513,0.7364603481624759,0.61469716642845,0.8582235298965017,,,,,,,
16,049,,,,0.6865256124721604,0.6435425342920323,0.7295086906522884,,,,,,,,,,
16,051,,,,0.7466948704389212,0.6973432639280348,0.7960464769498077,0.797634691195795,0.6174617951885569,0.9778075872030331,,,,,,,
16,053,,,,0.7859789993823347,0.7408463888523206,0.8311116099123489,0.7898850574712644,0.7168679410619029,0.8629021738806258,,,,,,,
16,055,,,,0.7235734331150608,0.7049008631035804,0.7422460031265413,0.7799054373522458,0.6800611299594101,0.8797497447450815,0.5992414664981036,0.4660870582086735,0.7323958747875337,0.7853949329359166,0.7061105668722963,0.8646792989995368,
16,057,,,,0.6631192924426548,0.6254733263919198,0.7007652584933898,0.5163398692810458,0.3487406788157117,0.6839390597463799,,,,,,,
16,059,,,,0.7058428475486904,0.618882553428476,0.7928031416689049,,,,,,,,,,
16,061,,,,0.797339593114241,0.7087470631329817,0.8859321230955002,,,,,,,,,,
16,063,,,,0.8092436974789916,0.7155370378437105,0.9029503571142727,0.7073732718894009,0.5497551363519875,0.8649914074268144,,,,,,,
16,065,,,,0.6168117471203728,0.5614653958104103,0.6721580984303352,0.5737567906393648,0.46567616919825544,0.6818374120804742,,,,,,,
16,067,,,,0.8017007418129184,0.7595181401155975,0.8438833435102393,0.8318370165745856,0.7564800539559975,0.9071939791931738,,,,,,,
16,069,,,,0.8155200763804169,0.7805769437195418,0.850463209041292,0.8540372670807453,0.7709758425513106,0.9370986916101801,,,,0.8082010582010583,0.7147057517331789,0.9016963646689377,
16,071,,,,0.7075075075075075,0.5947186277801584,0.8202963872348565,,,,,,,,,,
16,073,,,,0.7387529597474349,0.6422641970609609,0.8352417224339089,0.705945945945946,0.5621279463211506,0.8497639455707413,,,,,,,
16,075,,,,0.7769670050761421,0.708308995562223,0.8456250145900612,0.8913168487636572,0.7694291936454313,1,,,,,,,
16,077,,,,0.6866642573183954,0.6098159779037545,0.7635125367330363,0.6036682615629984,0.44281991288885597,0.7645166102371408,,,,,,,
16,079,,,,0.7350210970464135,0.6668609630105387,0.8031812310822883,,,,,,,,,,
16,081,,,,0.6070630308448816,0.5476171415764848,0.6665089201132783,,,,,,,,,,
16,083,,,,0.8002157885272433,0.7736548647807039,0.8267767122737827,0.7959770114942529,0.7569400042211936,0.8350140187673123,,,,,,,
16,085,,,,0.6718689036285603,0.6046169841934932,0.7391208230636275,,,,,,,,,,
16,087,,,,0.718206416698879,0.6270407187231725,0.8093721146745855,,,,,,,,,,
17,000,0.6069706213509494,0.599622310791644,0.6143189319102548,0.6857536418944337,0.6834643456446686,0.6880429381441987,0.6533827836068686,0.6478332902339767,0.6589322769797605,0.5210154271752021,0.5124164184024008,0.5296144359480034,0.6512529186625906,0.6274960129908894,0.6750098243342918,
17,001,0.8317880794701987,0.7106403521677386,0.9529358067726589,0.8116085073866531,0.7905890762534314,0.8326279385198748,0.6156462585034014,0.4456893701497886,0.7856031468570142,,,,,,,
17,003,,,,0.8658008658008658,0.8134888002410862,0.9181129313606454,,,,,,,,,,
17,005,,,,0.7670291929021179,0.7312858333475707,0.8027725524566651,,,,,,,,,,
17,007,,,,0.7327515680392691,0.7061938986922801,0.7593092373862581,0.7840453938584779,0.6707653055171242,0.8973254821998317,,,,,,,
17,009,,,,0.8189342990170719,0.7683110055597251,0.8695575924744188,,,,,,,,,,
17,011,,,,0.7814129919393077,0.7589339196841329,0.8038920641944824,0.6279296875,0.5368274594649813,0.7190319155350187,,,,,,,
17,013,,,,0.5869140625,0.48292482390505564,0.6909033010949444,,,,,,,,,,
17,015,,,,0.7777084632979829,0.7167368935126074,0.8386800330833585,,,,,,,,,,
17,017,,,,0.7865197334700154,0.7725998530025455,0.8004396139374852,0.7519466073414905,0.6236114085379039,0.8802818061450772,,,,,,,
17,019,0.6822476379910493,0.6221042417254916,0.7423910342566069,0.7072252072252072,0.689576843963736,0.7248735704866784,0.6041507512095747,0.5492263028190104,0.659075199600139,0.4378118479542774,0.3854851619797036,0.4901385339288512,,,,
17,021,,,,0.8184156834915284,0.7804368996571786,0.8563944673258782,,,,,,,,,,
17,023,,,,0.8007487520798668,0.748560157049227,0.8529373471105067,,,,,,,,,,
17,025,,,,0.8245513554791906,0.7914325416574824,0.8576701693008987,,,,,,,,,,
17,027,,,,0.7343466049892615,0.699046121303516,0.7696470886750071,,,,,,,,,,
17,029,0.33727810650887574,0.2094569485050409,0.46509926451271055,0.7996857816182247,0.7667277536829469,0.8326438095535025,,,,,,,,,,
17,031,0.5584774367312652,0.5505059364860746,0.5664489369764557,0.5482220978777407,0.5425895499146403,0.5538546458408411,0.6002996775543358,0.5922953714299611,0.6083039836787104,0.46150990207126696,0.44848305040657,0.47453675373596393,0.5758970463380848,0.5433692515139221,0.6084248411622475,
17,033,,,,0.8514056224899599,0.8333293572789201,0.8694818877009997,,,,,,,,,,
17,035,,,,0.7592375366568915,0.6871448968068878,0.8313301765068952,,,,,,,,,,
17,037,0.6847188685753708,0.5440075292503801,0.8254302079003615,0.7306055022555435,0.7019970477364044,0.7592139567746827,0.7751174420366722,0.7347544171328692,0.8154804669404753,0.5901201602136181,0.451804303472652,0.7284360169545843,,,,
17,039,,,,0.7569432465068139,0.7086829416765577,0.8052035513370701,,,,,,,,,,
17,041,,,,0.7420325536862262,0.7028675402182446,0.7811975671542079,0.5872611464968153,0.48378647833606314,0.6907358146575674,,,,,,,
17,043,0.7222236369655454,0.6864275099234424,0.7580197640076484,0.7178327319663235,0.7080047227256472,0.7276607412069998,0.7373992503096897,0.7220547356168799,0.7527437650024994,0.5890656915068854,0.5696346530745083,0.6084967299392624,0.7997326798841613,0.7071896248362501,0.8922757349320725,
17,045,,,,0.8493983697761677,0.8173546734753834,0.881442066076952,,,,,,,,,,
17,047,,,,0.8047504025764896,0.7382484882582566,0.8712523168947225,,,,,,,,,,
17,049,,,,0.8102344412013934,0.7924119203674076,0.8280569620353793,,,,,,,,,,
17,051,,,,0.779796397807361,0.7334189168675587,0.8261738787471633,,,,,,,,,,
17,053,,,,0.7955065529436239,0.7614126952127189,0.8296004106745289,,,,,,,,,,
17,055,,,,0.7465006061942026,0.7126622549093246,0.7803389574790806,,,,,,,,,,
17,057,,,,0.8065661047027507,0.7890621527657872,0.8240700566397142,,,,,,,,,,
17,059,,,,0.9002242152466368,0.8184217866466625,0.982026643846611,,,,,,,,,,
17,061,,,,0.7010236498411578,0.6470250551814153,0.7550222445009004,,,,,,,,,,
17,063,,,,0.7936903499469777,0.7598538994245935,0.827526800469362,0.7084666860634274,0.6214291944372876,0.7955041776895673,,,,,,,
17,065,,,,0.8438095238095238,0.7729222548970037,0.9146967927220438,,,,,,,,,,
17,067,,,,0.7710742064326256,0.7335804844378605,0.8085679284273907,,,,,,,,,,
17,069,,,,0.7919556171983356,0.6940890543350337,0.8898221800616376,,,,,,,,,,
17,071,,,,0.8297029702970297,0.7207732594453471,0.9386326811487122,,,,,,,,,,
17,073,,,,0.7688125894134478,0.7354286972569961,0.8021964815698994,0.5741482965931863,0.45799771197711414,0.6902988812092585,,,,,,,
17,075,,,,0.7578698845750262,0.7322232835305489,0.7835164856195036,0.7790368271954674,0.6726819129667353,0.8853917414241995,,,,,,,
17,077,0.5445595854922279,0.47362675220031636,0.6154924187841395,0.7826775956284153,0.7466522644944354,0.8187029267623952,0.6012024048096193,0.436168716374725,0.7662360932445136,0.6334478808705613,0.516561867595022,0.7503338941461005,,,,
17,079,,,,0.7856430707876371,0.7200155364129046,0.8512706051623695,,,,,,,,,,
17,081,0.6751677852348993,0.6068922028316857,0.7434433676381129,0.8582199546485261,0.8413097335690934,0.8751301757279587,0.7590711175616836,0.6132112963109132,0.9049309388124539,,,,,,,
17,083,,,,0.6776386957193633,0.628949620557984,0.7263277708807426,,,,,,,,,,
17,085,,,,0.7240255507756486,0.689780054637422,0.7582710469138751,,,,,,,,,,
17,087,,,,0.833152370611654,0.7787094924202641,0.887595248803044,,,,,,,,,,
17,089,0.7013349620451967,0.6459589393321712,0.7567109847582223,0.7097663202618132,0.6947144252999294,0.7248182152236969,0.7046378579311146,0.6906860666480801,0.718589649214149,0.6820878708223808,0.6475461237097029,0.7166296179350586,0.7848307291666666,0.691613650425907,0.8780478079074263,
17,091,0.7217119405901896,0.6469669018103528,0.7964569793700265,0.7803960273888101,0.7674213650086014,0.7933706897690188,0.8213460903992081,0.7818688476072913,0.860823333191125,0.7405541561712846,0.576666164364144,0.9044421479784253,,,,
17,093,0.5382154283682901,0.42537788312833635,0.6510529736082438,0.6708143130614048,0.6355944733121511,0.7060341528106585,0.6899970550701875,0.6315185398274639,0.7484755703129111,0.4977210574293528,0.3197996941603462,0.6756424206983593,,,,
17,095,0.4724220623501199,0.3412011052620957,0.6036430194381441,0.8178361755661169,0.7911194685813728,0.8445528825508609,0.7551622418879056,0.6137313679865719,0.8965931157892393,,,,,,,
17,097,0.6445624468988955,0.6120082049309704,0.6771166888668206,0.6909147718396274,0.685173599433722,0.6966559442455327,0.6949316615576094,0.6746287281193022,0.7152345949959167,0.5989810150001423,0.5711032491209653,0.6268587808793193,0.6379994707594602,0.5626648818904627,0.7133340596284576,
17,099,,,,0.828139333735224,0.8126069259130252,0.8436717415574227,0.7742056777589773,0.7073782001172266,0.841033155400728,0.758695652173913,0.7001447188280727,0.8172465855197533,,,,
17,101,,,,0.7836549375709421,0.7197916907159151,0.847518184425969,,,,,,,,,,
17,103,,,,0.8274909205747671,0.7977947901119761,0.8571870510375582,0.860982391102873,0.7677216738276571,0.9542431083780889,,,,,,,
17,105,,,,0.8146116866409371,0.7863974246535749,0.8428259486282993,0.7203311867525299,0.5781142238825837,0.8625481496224762,,,,,,,
17,107,,,,0.8014349018780333,0.7572037221045895,0.8456660816514772,,,,,,,,,,
17,109,,,,0.8055931057789794,0.7734773007608335,0.8377089107971252,,,,,,,,,,
17,111,0.6331401295601773,0.5179223970343068,0.7483578620860478,0.6803543455949873,0.6618910051846459,0.6988176860053287,0.6820204245942625,0.6652692384489327,0.6987716107395923,0.661504424778761,0.580531961571679,0.7424768879858431,,,,
17,113,0.7460443037974683,0.6897688199005759,0.8023197876943607,0.718319394101801,0.7002974955732322,0.7363412926303698,0.6431542774461928,0.5757917424143416,0.710516812478044,0.4852880232076254,0.39999097652813315,0.5705850698871175,,,,
17,115,0.7659422871392946,0.6965681113390003,0.8353164629395888,0.8313460555002288,0.8161357778252682,0.8465563331751893,0.7860593512767425,0.6804198407726109,0.8916988617808742,0.6612702366127023,0.5665454898295366,0.7559949833958681,,,,
17,117,,,,0.7213613972234661,0.7041931719279847,0.7385296225189476,,,,,,,,,,
17,119,0.7449517556948174,0.691142867478172,0.7987606439114628,0.772913491368594,0.7582848656070312,0.7875421171301568,0.758749416705553,0.6955848917043591,0.8219139417067468,0.7900414937759336,0.6524810348153435,0.9276019527365237,,,,
17,121,,,,0.8415091509150915,0.8157690839629739,0.8672492178672091,,,,,,,,,,
17,123,,,,0.8280153158902361,0.7737795101246489,0.8822511216558234,,,,,,,,,,
17,125,,,,0.7683118516189877,0.7271249974133686,0.8094987058246069,,,,,,,,,,
17,127,,,,0.8514800514800515,0.814072047715469,0.8888880552446339,,,,,,,,,,
17,129,,,,0.6955494289090193,0.6009292315612746,0.7901696262567639,,,,,,,,,,
17,131,,,,0.706379260122342,0.6808625853273814,0.7318959349173025,,,,,,,,,,
17,133,,,,0.6916263260891956,0.6462793366188953,0.736973315559496,,,,,,,,,,
17,135,,,,0.8112602100350058,0.7775221887300807,0.8449982313399309,,,,,,,,,,
17,137,,,,0.8208416242906625,0.8036781259063595,0.8380051226749656,,,,,,,,,,
17,139,,,,0.7161548246411048,0.6732463324227559,0.7590633168594537,,,,,,,,,,
17,141,,,,0.7576842733512384,0.7294064794114709,0.785962067291006,0.8084866691701089,0.7382279910067866,0.8787453473334312,,,,,,,
17,143,0.7111539632599209,0.6524775648848098,0.7698303616350319,0.8205436353079385,0.8103921479680033,0.8306951226478737,0.6859205776173285,0.6184790760990149,0.7533620791356421,0.6317941317941318,0.5417456312203005,0.7218426323679631,,,,
17,145,,,,0.8337025046856364,0.7924857768423563,0.8749192325289166,,,,,,,,,,
17,147,,,,0.7812773403324584,0.7046760139170812,0.8578786667478356,,,,,,,,,,
17,149,,,,0.8108614232209738,0.7715338793571296,0.850188967084818,,,,,,,,,,
17,151,,,,0.6972318339100346,0.5873358452404893,0.8071278225795799,,,,,,,,,,
17,153,,,,0.6984585741811176,0.5837712910968746,0.8131458572653605,,,,,,,,,,
17,155,,,,0.827681660899654,0.7635652012088641,0.8917981205904439,,,,,,,,,,
17,157,,,,0.8185302449591735,0.7863648088567978,0.8506956810615491,,,,,,,,,,
17,159,,,,0.7849692813259037,0.7553211385416204,0.814617424110187,,,,,,,,,,
17,161,0.6825490196078431,0.6178708384732664,0.7472272007424198,0.820079596123374,0.802690127916745,0.837469064330003,0.703904180582748,0.6528458361065799,0.754962525058916,0.7683176422431437,0.6963065719190855,0.8403287125672019,,,,
17,163,0.6851905974698342,0.6467422812970032,0.7236389136426653,0.7780482999324476,0.7588279350868656,0.7972686647780296,0.7422848967913346,0.6855076636243157,0.7990621299583535,0.7452068617558022,0.6386260837935339,0.8517876397180705,,,,
17,165,,,,0.8520892394921731,0.818259753077503,0.8859187259068432,,,,,,,,,,
17,167,0.767491805131683,0.7111139785933323,0.8238696316700338,0.7973367362612692,0.7852814428988293,0.8093920296237092,0.6815447926559037,0.6116148025631436,0.7514747827486639,0.7681159420289855,0.6585911901692999,0.877640693888671,,,,
17,169,,,,0.8807166430928807,0.8381874541569428,0.9232458320288185,,,,,,,,,,
17,171,,,,0.742772424017791,0.6620517460773162,0.8234931019582657,,,,,,,,,,
17,173,,,,0.7865470852017937,0.7329585666154517,0.8401356037881358,,,,,,,,,,
17,175,,,,0.7515151515151515,0.6939664605105696,0.8090638425197333,,,,,,,,,,
17,177,0.7878387309980172,0.6834317747592014,0.892245687236833,0.7793919333088145,0.7475953261224904,0.8111885404951387,0.7001675041876047,0.5618465684867536,0.8384884398884557,,,,,,,
17,179,0.7821413807358413,0.6592923143765455,0.9049904470951371,0.7760847159630581,0.7522705793694551,0.799898852556661,0.8184764991896273,0.7064873145175176,0.930465683861737,0.7405128205128205,0.6192052153858854,0.8618204256397557,,,,
17,181,,,,0.8065436560776108,0.7628639378409492,0.8502233743142724,,,,,,,,,,
17,183,0.7730744748567792,0.6971519922592092,0.8489969574543491,0.7998227025201571,0.7705129372813037,0.8291324677590105,0.6516363636363637,0.49116630490909946,0.8121064223636278,,,,,,,
17,185,,,,0.7964628297362111,0.7394734811466239,0.8534521783257982,,,,,,,,,,
17,187,,,,0.7702597906165181,0.7136085058662747,0.82691107536676145,0.8433889602053916,0.7299789275697983,0.9567989928409848,,,,,,,
17,189,,,,0.8262068965517242,0.7921720036119027,0.8602417894915457,,,,,,,,,,
17,191,,,,0.8130210400952759,0.7738387568088957,0.852203323381656,,,,,,,,,,
17,193,,,,0.8066198595787362,0.7487009419458901,0.8645387772115822,,,,,,,,,,
17,195,,,,0.823461155928832,0.8007516323450067,0.8461706795126572,0.6310997815003642,0.527462023867053,0.7347375391336753,,,,,,,
17,197,0.6757017692066327,0.6541585999515069,0.6972449384617585,0.7390202374812128,0.7246577920736763,0.7533826828887493,0.7553540908077581,0.7310853167728437,0.7796228648426724,0.507363172541744,0.46245107348473885,0.5522752715987492,0.783745247148289,0.6762620630005798,0.8912284312959982,
17,199,0.7369136641740313,0.6053096454088238,0.8685176829392387,0.8267610748002905,0.8009306419779065,0.8525915076226744,0.6648648648648648,0.5542458331774277,0.775483896552302,,,,,,,
17,201,0.6959074278907513,0.6436880889372717,0.748126766844231,0.7926448988814824,0.7756836277853737,0.809606169977591,0.7813979252694129,0.7444015873748497,0.818394263163976,0.7454790823211875,0.6616156932289878,0.8293424714133872,0.7466504263093788,0.5577700199193871,0.9355308326993705,
17,203,,,,0.7214525428104294,0.6901703006212763,0.7527347849995825,,,,,,,,,,
18,000,0.739962562411611,0.728614798002966,0.7513103268202559,0.7730096134112923,0.770183516158126,0.7758357106644586,0.7139919068383683,0.7037761524744249,0.7242076612023117,0.6349046172343829,0.6173583942099728,0.6524508402587929,0.719890153001177,0.6749692756156039,0.76481103038675,
18,001,,,,0.7674588368886366,0.7360419372418208,0.7988757365354524,,,,,,,,,,
18,003,0.7867020955371701,0.7573950486595674,0.8160091424147727,0.7981556097464785,0.7883929121030615,0.8079183073898955,0.7383838383838384,0.7124700179198157,0.764297658847861,0.6999872008191476,0.6525387341527394,0.7474356674855557,0.8258258258258259,0.432754855113883,1,
18,005,0.8145430286857905,0.625018475173719,1,0.8033182039644076,0.780458490885859,0.8261779170429562,0.7676548565919499,0.6725475442451477,0.862762168938752,0.584056399132321,0.48931574164776215,0.6787970566168798,,,,
18,007,,,,0.785140562248996,0.7270206071807066,0.8432605173172854,,,,,,,,,,
18,009,,,,0.7406593406593407,0.6820996673267379,0.7992190139919435,,,,,,,,,,
18,011,0.7391666666666666,0.6485659230808101,0.8297674102525232,0.7056533403127658,0.6836199002924175,0.7276867803331142,0.6207513416815742,0.4287472909493737,0.8127553924137747,0.41537053979871913,0.28782740234627047,0.5429136772511678,,,,
18,013,,,,0.6508152173913043,0.5826773497845978,0.7189530849980108,,,,,,,,,,
18,015,,,,0.7528811638012469,0.7056422324512633,0.8001200951512305,,,,,,,,,,
18,017,,,,0.8275141488898563,0.7972259986964275,0.8578022990832851,0.7730528200537153,0.6253991616117708,0.9207064784956599,,,,,,,
18,019,0.6011984021304927,0.5292557389280855,0.6731410653328999,0.7518916679386816,0.7291895055994329,0.7745938302779303,0.6840314136125655,0.6392030658030439,0.7288597614220871,0.8143418467583498,0.7819913794119772,0.8466923141047223,,,,
18,021,,,,0.7819000310462589,0.7397400783511111,0.8240599837414068,,,,,,,,,,
18,023,,,,0.7897851136717533,0.7714747716558117,0.8080954556876949,0.7893462469733656,0.714560475183849,0.8641320187628823,,,,,,,
18,025,,,,0.741082668904742,0.6329448215253474,0.8492205162841365,,,,,,,,,,
18,027,,,,0.692220871679111,0.6552349127394389,0.729206830618783,,,,,,,,,,
18,029,,,,0.7065092748735244,0.659475804678138,0.7535427450689108,,,,,,,,,,
18,031,,,,0.806395186118108,0.7565761374411641,0.8562142347950519,,,,,,,,,,
18,033,,,,0.8276088588588588,0.7992817650023879,0.8559359527153297,0.6266944734098019,0.4649665592254455,0.7884223875941583,,,,,,,
18,035,0.6778929188255614,0.5907333510855549,0.7650524865655678,0.7879136236588224,0.765968294134217,0.8098589531834279,0.6673881673881674,0.546735898108755,0.7880404366675798,0.6288515406162465,0.539449659730208,0.718253421502285,,,,
18,037,,,,0.8569184859431443,0.8439005617886658,0.8699364100976229,0.8438155136268344,0.7287540545520772,0.9588769727015916,,,,,,,
18,039,0.7948667324777887,0.7254630884916224,0.864270376463955,0.7487003075017145,0.7328872785657123,0.7645133364377166,0.7361070981411924,0.7042419865573565,0.7679722097250282,0.6924398625429553,0.5754858616450922,0.8093938634408184,,,,
18,041,,,,0.800799657289733,0.7641068340301006,0.8374924805493654,,,,,,,,,,
18,043,0.7502994011976047,0.5706565157742886,0.9299422866209209,0.7579365079365079,0.7288043027282904,0.7870687131447254,0.7471910112359551,0.6842742818434937,0.8101077406284165,,,,,,,
18,045,,,,0.7702534275031159,0.7364291397680888,0.804077715238143,,,,,,,,,,
18,047,,,,0.695834791739587,0.6272273161441284,0.7644422673350455,,,,,,,,,,
18,049,,,,0.7846937099687962,0.7357060269143524,0.83368139302324,,,,,,,,,,
18,051,,,,0.8518259129564782,0.8276684900726529,0.8759833358403036,,,,,,,,,,
18,053,0.7463917525773196,0.6278019420681508,0.8649815630864884,0.7764603588649118,0.7526180239407327,0.8003026937890909,0.7740422204847537,0.7022107845161663,0.8458736564533411,,,,,,,
18,055,,,,0.7400619862552217,0.7184317492348973,0.7616922232755461,,,,,,,,,,
18,057,0.7392368349496964,0.6757188428838385,0.8027548270155542,0.6633064077162577,0.6511574858616763,0.6754553295708391,0.6038867992118933,0.5472114397775023,0.6605621586462842,0.4815178681075771,0.4340207740654748,0.5290149621496794,,,,
18,059,0.7189113092444862,0.6020925159110004,0.835730102577972,0.6950731438034777,0.6574517861465189,0.7326945014604366,0.6869973190348525,0.6041241581534905,0.7698704799162145,,,,,,,
18,061,,,,0.760428659994686,0.7484894846974987,0.7723678352918734,,,,,,,,,,
18,063,0.7256478234841358,0.6624902921964338,0.7888053547718378,0.7377738155883852,0.7155358082802882,0.7600118228964822,0.6453779111301614,0.6038131160551663,0.6869427062051565,0.7215663691333142,0.6161825124926874,0.826950225773941,,,,
18,065,,,,0.7627070040863144,0.7319724413657117,0.7934415668069171,,,,,,,,,,
18,067,0.8181434599156118,0.713351422468291,0.9229354973629326,0.8168820875502988,0.7983083373975163,0.8354558377030813,0.782950423216445,0.7179698539491073,0.8479309924837828,,,,,,,
18,069,,,,0.7813400310260766,0.743282774716573,0.8193972873355803,,,,,,,,,,
18,071,,,,0.8285395424339268,0.805764083000881,0.8513150018669726,0.9305135951661632,0.8504715628082384,1,,,,,,,
18,073,,,,0.7808471454880295,0.7412323662531627,0.8204619247228963,0.8080229226361032,0.7691902689139897,0.8468555763582167,,,,,,,
18,075,,,,0.7512897094759706,0.7030802674949288,0.7994991514570124,,,,,,,,,,
18,077,,,,0.8375287740402465,0.8015635085389998,0.8734940395414932,,,,,,,,,,
18,079,,,,0.7749621785173979,0.7093827760491896,0.8405415809856062,,,,,,,,,,
18,081,0.8304455445544554,0.7306836408487013,0.9302074482602095,0.7184608876381762,0.7029876099279492,0.7339341653484032,0.6947707901405206,0.591422999942331,0.7981185803387101,0.6338028169014085,0.5459679451339429,0.7216376886688741,,,,
18,083,,,,0.8445354682554459,0.8148461675743476,0.8742247689365442,,,,,,,,,,
18,085,,,,0.7812087780309389,0.761609628980069,0.8008079270818088,0.7423951767607564,0.6775544876254298,0.807235865896083,,,,,,,
18,087,,,,0.517101030657126,0.48460060643567826,0.5496014548785737,0.781491002570694,0.65187276552725,0.911109239614138,,,,,,,
18,089,0.7720503038010457,0.7412125230561777,0.8028880845459136,0.8159850188546949,0.804012821200072,0.8279572165093178,0.7713819505460022,0.745607324195624,0.7971565768963804,0.7191113126275221,0.6632695358076196,0.7749530894474247,0.5784313725490197,0.40238148751406355,0.7544812575839758,
18,091,0.8851303735024665,0.8408836031111221,0.9293771438938109,0.823744070064469,0.8126797339991191,0.834808406129819,0.8237486687965921,0.7620753667655256,0.8854219708276587,,,,,,,
18,093,,,,0.7844103930712858,0.7697201884971332,0.7991005976454384,,,,,,,,,,
18,095,0.6603995299647474,0.5733456396491443,0.7474534202803504,0.755785565332384,0.7332124256353204,0.7783587050294475,0.7208994708994709,0.5561452397666533,0.8856537020322885,,,,,,,
18,097,0.7200279282703033,0.7026372036430204,0.7374186528975861,0.7911747099723989,0.7851649749490013,0.7971844449957965,0.6809100695141309,0.6549991972428331,0.7068209417854288,0.6806435684305818,0.6403666618334736,0.7209204750276901,0.7463126843657817,0.6164936158179357,0.8761317529136277,
18,099,,,,0.7383021390374331,0.6975773660635709,0.7790269120112954,0.7099316868102995,0.6426919036266859,0.7771714699939131,,,,,,,
18,101,,,,0.8310287961436001,0.7937929187554931,0.8682646735317072,,,,,,,,,,
18,103,,,,0.8055645074658933,0.7602039186337951,0.8509250962979914,,,,,,,,,,
18,105,0.6790266512166859,0.5510317539810303,0.8070215484523415,0.7132062004437755,0.6953729213482308,0.7310394795393201,0.5825932504440497,0.4709019682786151,0.6942845326094844,0.31906999752658916,0.24938036462910274,0.3887596304240756,,,,
18,107,,,,0.804455290657656,0.7935112260884783,0.8153993552268336,0.44564152791381,0.28164942992607506,0.6096336259015449,,,,,,,
18,109,,,,0.6959660297239915,0.6651906679279035,0.7267413915200794,,,,,,,,,,
18,111,,,,0.7063711911357341,0.6477909568461273,0.7649514254253409,,,,,,,,,,
18,113,,,,0.808186843903348,0.7812708244627328,0.8351028633439633,0.674937965260546,0.5728180048088464,0.7770579257122455,,,,,,,
18,115,,,,0.7348767737117252,0.6221106793290208,0.8476428680944297,,,,,,,,,,
18,117,,,,0.794392523364486,0.7539360606616248,0.8348489860673471,,,,,,,,,,
18,119,,,,0.7319727891156462,0.6879801560596245,0.775965422171668,,,,,,,,,,
18,121,,,,0.6623030303030303,0.5978813564312097,0.7267247041748509,,,,,,,,,,
18,123,,,,0.8345713401423708,0.7981079406799898,0.8710347396047518,,,,,,,,,,
18,125,,,,0.8069013593586616,0.7346965935446426,0.8791061251726806,,,,,,,,,,
18,127,0.8026116003644094,0.7248431699318456,0.8803800307969731,0.7969098525651488,0.7785037565034468,0.8153159486268508,0.7648453241673581,0.7202574305647605,0.8094332177699556,0.6171875,0.4675781108927172,0.7667968891072827,,,,
18,129,,,,0.7986851054182725,0.7627114429045655,0.8346587679319796,,,,,,,,,,
18,131,,,,0.8021305530371714,0.7499550763740466,0.8543060297002962,,,,,,,,,,
18,133,,,,0.7418002647448154,0.7049050919754996,0.7786954375141313,,,,,,,,,,
18,135,,,,0.7459159859976663,0.6894156700679779,0.8024163019273547,,,,,,,,,,
18,137,,,,0.7948779320248923,0.7634185800814006,0.826337283968384,,,,,,,,,,
18,139,,,,0.8127003205128205,0.760813830893816,0.8645868101318249,,,,,,,,,,
18,141,0.7484916769644545,0.7210115082805119,0.7759718456483972,0.771067759295499,0.7599449436906246,0.7821905749003734,0.6635007914687995,0.6238848633471887,0.7031167195904102,0.69535192563081,0.6243134596932439,0.7663903915683762,,,,
18,143,,,,0.7852166725705514,0.7216951751287126,0.8487381700123902,,,,,,,,,,
18,145,,,,0.7843084534308453,0.7540972372111828,0.8145196696505078,,,,,,,,,,
18,147,,,,0.8550908322771441,0.8160603576595353,0.8941213068947529,,,,,,,,,,
18,149,,,,0.7952270977675134,0.7333944579910814,0.8570597375439455,,,,,,,,,,
18,151,,,,0.7962899347303333,0.7727957202774915,0.819784149183175,0.8171641791044776,0.6752129425687828,0.9591154156401723,,,,,,,
18,153,,,,0.8268276546477009,0.770319167054157,0.8833361422412448,,,,,,,,,,
18,155,,,,0.7040337711069419,0.6224874452097393,0.7855800970041444,,,,,,,,,,
18,157,0.7594433399602386,0.6972883464866845,0.8215983334337927,0.7650364099075264,0.7512555783609257,0.7788172414541271,0.7686612576064908,0.7294333928464429,0.8078891223665388,0.5248362445414847,0.46168263727015857,0.5879898518128108,,,,
18,159,,,,0.7780959198282033,0.7040498636429398,0.8521419760134668,,,,,,,,,,
18,161,,,,0.7892561983471075,0.6849946072914203,0.8935177894027947,,,,,,,,,,
18,163,0.7248,0.6544634848004793,0.7951365151995207,0.8315082889785402,0.8161291767599208,0.8468874011971597,0.733048433048433,0.6380329793427584,0.8280638867541077,0.7673716012084593,0.6083843563508382,0.9263588460660803,,,,
18,165,,,,0.7754293262879789,0.7352590244116554,0.8155996281643024,,,,,,,,,,
18,167,0.6147047006830052,0.5096601849238559,0.7197492164421545,0.8248126596955317,0.8103094729803587,0.8393158464107048,0.49409681227863045,0.3953701352140202,0.5928234893432407,0.5829228243021346,0.43881401440546286,0.7270316341988063,,,,
18,169,,,,0.8104678168546782,0.7787950256402822,0.8421406080690741,,,,,,,,,,
18,171,,,,0.7197595792637115,0.6709677840161983,0.7685513745112247,,,,,,,,,,
18,173,,,,0.7537776514613235,0.7214527083120229,0.786102594610624,,,,,,,,,,
18,175,,,,0.6878314072059823,0.6300673045937105,0.7455955098182542,,,,,,,,,,
18,177,0.8837920489296636,0.7397149194378381,1,0.7923226223851628,0.7751497041233352,0.8094955406469905,0.7226890756302521,0.6503784804902931,0.794999670770211,,,,,,,
18,179,,,,0.7996065205171444,0.7642761339838322,0.8349369070504566,,,,,,,,,,
18,181,,,,0.7627856365614799,0.7284661586615059,0.7971051144614539,0.6642710472279261,0.5364400707668782,0.792102023688974,,,,,,,
18,183,,,,0.7954045812353734,0.7816174940698288,0.8091916684009179,,,,,,,,,,
19,000,0.691751549255645,0.6706318619060568,0.7128712366052331,0.7727629076298781,0.7694438062159736,0.7760820090437826,0.6965720831864646,0.6803032622263513,0.7128409041465779,0.6322204901706071,0.6040139206461129,0.6604270596951013,0.6204996326230713,0.5125159464618451,0.7284833187842975,
19,001,,,,0.7751497005988024,0.7128067628056228,0.837492638391982,,,,,,,,,,
19,003,,,,0.7681041497152156,0.6939588685218325,0.8422494309085986,,,,,,,,,,
19,005,,,,0.7329037622115985,0.6946085709314364,0.7711989534917606,,,,,,,,,,
19,007,,,,0.7781971580817052,0.7256979941146103,0.8306963220488001,,,,,,,,,,
19,009,,,,0.7796101949025487,0.723855574017639,0.8353648157874584,,,,,,,,,,
19,011,,,,0.6855374396135265,0.6561213061265401,0.714953573100513,,,,,,,,,,
19,013,0.7572564612326044,0.6787147380007155,0.8357981844644933,0.8085637908538332,0.7962767935626006,0.8208507881450658,0.7699560025141421,0.7062220938295065,0.8336899111987777,0.7233263598326359,0.5924838244503221,0.8541688952149498,,,,
19,015,,,,0.7553241836251775,0.7238238329168183,0.7868245343335367,,,,,,,,,,
19,017,,,,0.7325755309602153,0.6928805994889019,0.7722704624315287,,,,,,,,,,
19,019,,,,0.7630926130099228,0.7151174874564845,0.8110677385633611,,,,,,,,,,
19,021,,,,0.8039754363283775,0.7659930120881979,0.8419578605685571,0.7798828797795384,0.7051120709290718,0.854653688630005,,,,,,,
19,023,,,,0.7888801468659848,0.7408198964274562,0.8369403973045135,,,,,,,,,,
19,025,,,,0.7390374331550802,0.6834295339658746,0.7946453323442858,,,,,,,,,,
19,027,,,,0.8224714755366467,0.7970006013129041,0.8479423497603893,,,,,,,,,,
19,029,,,,0.7987538940809968,0.7652571795164733,0.8322506086455204,,,,,,,,,,
19,031,,,,0.6992119930809149,0.6290012552694818,0.7694227308923479,,,,,,,,,,
19,033,,,,0.8176322661766128,0.7912609973317606,0.844003535021465,0.8224899598393575,0.7177251676961169,0.927254751982598,,,,,,,
19,035,,,,0.7981742409208176,0.7623966561060471,0.833951825735588,,,,,,,,,,
19,037,,,,0.7971946230274694,0.7560310931494578,0.8383581529054809,,,,,,,,,,
19,039,,,,0.7910447761194029,0.7420347412840393,0.8400548109547665,,,,,,,,,,
19,041,,,,0.80225509214355,0.76985869822571,0.83465148606139,,,,,,,,,,
19,043,,,,0.7678936605316974,0.7305383288934816,0.8052489921699132,,,,,,,,,,
19,045,,,,0.8049692172383466,0.7742069797480058,0.8357314547286874,0.8166409861325116,0.6147762885214572,1,,,,,,,
19,047,,,,0.8208417735764123,0.7843847933197924,0.8572987538330322,0.6987799747580985,0.5746992548670417,0.8228606946491553,,,,,,,
19,049,0.47784431137724553,0.3157243962003152,0.6399642265541758,0.6729127733723925,0.6533201948946918,0.6925053518500932,0.6228528752800597,0.5399769560889718,0.7057287944711477,0.40560033941450996,0.30147004511882536,0.5097306337101946,,,,
19,051,,,,0.607497243660419,0.5332344955401909,0.6817599917806472,,,,,,,,,,
19,053,,,,0.7338286713286714,0.6818248556721873,0.7858324869851554,,,,,,,,,,
19,055,,,,0.8008669046404896,0.7560462977636078,0.8456875115173714,,,,,,,,,,
19,057,,,,0.849146642712778,0.8197706537728714,0.8785226316526845,,,,,,,,,,
19,059,,,,0.8101589418695121,0.7698604443765583,0.8504574393624659,,,,,,,,,,
19,061,0.574523396880416,0.43318626831721774,0.7158605254436142,0.8207969727392077,0.8066428911916554,0.83495105428676,0.6494213750850919,0.5058537329563275,0.7929890172138563,0.6993464052287581,0.5833923783851034,0.8153004320724129,,,,
19,063,,,,0.7886444708680143,0.6852503615476705,0.892038580188358,,,,,,,,,,
19,065,,,,0.7902752549951096,0.757170452704523,0.8233800572856963,,,,,,,,,,
19,067,,,,0.8141421266090637,0.7706029887329107,0.8576812644852168,,,,,,,,,,
19,069,,,,0.7958311063602351,0.7567996341543004,0.8348625785661699,,,,,,,,,,
19,071,,,,0.7546641791044776,0.6852246428299026,0.8241037153790526,,,,,,,,,,
19,073,,,,0.7884670282614902,0.7499825259274575,0.8269515305955228,,,,,,,,,,
19,075,,,,0.724380704041721,0.6825918364058841,0.7661695716775578,,,,,,,,,,
19,077,,,,0.7271456527816607,0.6718995342211055,0.7823917713422158,,,,,,,,,,
19,079,,,,0.8289909015715468,0.776432530877301,0.8815492722657925,,,,,,,,,,
19,081,,,,0.7716567683800942,0.7291909408027998,0.8141225959573887,,,,,,,,,,
19,083,,,,0.7882301782867083,0.7489459198361509,0.8275144367372657,0.8135860979462876,0.7681395679867596,0.8590326279058155,,,,,,,
19,085,,,,0.761138882851554,0.7143500538510448,0.8079277118520631,,,,,,,,,,
19,087,,,,0.8328782707622298,0.7939081756070014,0.8718483659174581,0.6144278606965174,0.4997356382179857,0.7291200831750492,,,,,,,
19,089,,,,0.7671130952380952,0.7148875002046309,0.8193386902715596,,,,,,,,,,
19,091,,,,0.7694355697550586,0.7347582978172859,0.8041128416928313,,,,,,,,,,
19,093,,,,0.8014582164890633,0.758758690649756,0.8441577423283707,,,,,,,,,,
19,095,,,,0.7998234106962664,0.7577692567056284,0.8418775646869043,,,,,,,,,,
19,097,,,,0.8006379585326954,0.7590813278353473,0.8421945892300434,,,,,,,,,,
19,099,,,,0.7346592515788481,0.6928248093266133,0.776493693831083,,,,,,,,,,
19,101,,,,0.747526821791835,0.6893378988200679,0.8057157447636022,,,,,,,,,,
19,103,0.6506404306664192,0.5639474403385553,0.7373334209942831,0.6892193001760564,0.6711195583457388,0.707319042006374,0.623481057898499,0.5413068869945924,0.7056552288024055,0.4962655601659751,0.40405508284566544,0.5884760374862849,,,,
19,105,,,,0.7353544229642648,0.6968954183615959,0.7738134275669337,,,,,,,,,,
19,107,,,,0.7529027576197388,0.6933820276421357,0.8124234875973418,,,,,,,,,,
19,109,,,,0.8130939809926082,0.7802472522550501,0.8459407097301663,,,,,,,,,,
19,111,,,,0.8300086730268864,0.8141655968966209,0.8458517491571519,,,,,,,,,,
19,113,0.7184704437817927,0.6835363955533147,0.7534044920102707,0.7811931594870529,0.7720446992870966,0.7903416196870092,0.6984336667295716,0.6106309113140129,0.7862364221451303,0.6132862644415917,0.5157263284476105,0.710846200435573,,,,
19,115,,,,0.7883211678832117,0.7338403204412545,0.842802015325169,0.7054794520547946,0.5988157397480741,0.812143164361515,,,,,,,
19,117,,,,0.836329233680227,0.797026152706678,0.8756323146537761,,,,,,,,,,
19,119,,,,0.7459944456312754,0.7017247577900805,0.7902641334724703,,,,,,,,,,
19,121,,,,0.5951364395767589,0.527251558375625,0.6630213207778928,,,,,,,,,,
19,123,,,,0.8035276825085742,0.7712994387689298,0.8357559262482186,,,,,,,,,,
19,125,,,,0.786001521573742,0.7568307855002914,0.8151722576471927,,,,,,,,,,
19,127,,,,0.7924721043532925,0.7619012019020012,0.8230430068045839,0.7133216695826043,0.6406789095089209,0.7859644296562878,,,,,,,
19,129,,,,0.6542108198549916,0.5676525972330264,0.7407690424769569,,,,,,,,,,
19,131,,,,0.6680207628074927,0.6291182494638163,0.706923276151169,,,,,,,,,,
19,133,,,,0.8219224283305228,0.7788774805747616,0.8649673760862839,,,,,,,,,,
19,135,,,,0.8061002178649237,0.7754948985756649,0.8367055371541825,,,,,,,,,,
19,137,,,,0.8353059682699572,0.7839631091088028,0.8866488274311115,,,,,,,,,,
19,139,,,,0.8144459775631412,0.7870667424215186,0.8418252127047637,0.7704376548307185,0.689009675140551,0.8518656345208859,,,,,,,
19,141,,,,0.7683928571428571,0.7347404242091033,0.8020452900766109,,,,,,,,,,
19,143,,,,0.7753888380603843,0.732097975185816,0.8186797009349526,,,,,,,,,,
19,145,,,,0.8220656573227402,0.7912170589654514,0.852914255680029,,,,,,,,,,
19,147,,,,0.7935253632424165,0.7522726491236843,0.8347780773611487,,,,,,,,,,
19,149,,,,0.798013570655915,0.7679630516697922,0.8280640896420379,0.661993769470405,0.5055396153966156,0.8184479235441944,,,,,,,
19,151,,,,0.8103964098728497,0.7763406594714951,0.8444521602742042,0.34036144578313254,0.23514671566550138,0.4455761759007637,,,,,,,
19,153,0.7038071528325945,0.6726855691551403,0.7349287365100488,0.7682102660083503,0.7606652883300552,0.7757552436866454,0.687507205164662,0.6470522183665033,0.7279621919628207,0.6826774961489988,0.6208966077565923,0.7444583845414052,0.6002317497103129,0.41806247442276745,0.7824010249978584,
19,155,0.7452025586353944,0.6363235508868397,0.8540815663839492,0.770856302829842,0.74731858383205,0.794394021827634,0.7376949564512862,0.7029612238121044,0.7724286890904681,0.7456140350877193,0.6241964910920018,0.8670315790834368,,,,
19,157,,,,0.7064912659046797,0.6672433844121994,0.74573914739716,0.6641604010025063,0.4115290669883337,0.9167917350166789,,,,,,,
19,159,,,,0.71227690643591135,0.6736509174117677,0.750902895460055,,,,,,,,,,
19,161,,,,0.8267114914425427,0.7865377326967078,0.8668852501883777,,,,,,,,,,
19,163,0.7628193175461495,0.7103328125140943,0.8153058225782047,0.8040890554392153,0.7896710556582681,0.8185070552201624,0.7129260450160771,0.6529743685378727,0.7728777214942816,0.7131394182547643,0.6339376409854196,0.7923411955241091,,,,
19,165,,,,0.7568040435458787,0.7078849549417952,0.8057231321499623,,,,,,,,,,
19,167,,,,0.7779625318700809,0.7525794060965556,0.8033456576436062,0.6988235294117647,0.6471212480137314,0.7505258108097981,,,,,,,
19,169,0.5458851391355832,0.39975348120478693,0.6920167970663795,0.7311834919812644,0.712721598144318,0.7496453858182108,0.6205342774380431,0.5262103998797635,0.7148581549963228,0.5747463961558996,0.4827484202054412,0.6667443721063581,,,,
19,171,,,,0.7561680801850424,0.7188004365323392,0.7935357238377457,,,,,,,0.7459807073954984,0.4521652885889446,1,
19,173,,,,0.7337307501241928,0.6805500391770903,0.7869114610712952,,,,,,,,,,
19,175,,,,0.8201668737795136,0.7829329340278348,0.8574008135311924,,,,,,,,,,
19,177,,,,0.6243093922651933,0.55758125700622585,0.6910375275241608,,,,,,,,,,
19,179,,,,0.8273110855389336,0.8078806132643113,0.846741557813556,0.6827268067657611,0.5631087932212373,0.802344820310285,,,,,,,
19,181,,,,0.6276624068157615,0.5942390159888871,0.6610857976426359,0.789838337182448,0.6350470638940232,0.9446296104708728,,,,,,,
19,183,,,,0.7505930193154863,0.7193250463940024,0.7818609922369701,0.7703703703703704,0.6574932507300454,0.8832474900106954,,,,,,,
19,185,,,,0.7522727272727273,0.711451092104547,0.7930943624409076,,,,,,,,,,
19,187,,,,0.8345938633708417,0.8067935596477511,0.8623941670939324,0.8235294117647058,0.6875550990640849,0.9595037244653268,,,,,,,
19,189,,,,0.7792207792207793,0.7408388393567309,0.8176027190848276,,,,,,,,,,
19,191,,,,0.7161926871735346,0.6812027815061449,0.7511825928409243,,,,,,,,,,
19,193,0.7036857419980601,0.5612940729185345,0.8460774110775857,0.8213503396644947,0.8016574164386753,0.8410432628903141,0.7318830539005127,0.7049505204028064,0.758815587398219,0.7614107883817427,0.6370345487980534,0.885787027965432,0.6349206349206349,0.31719466054081136,0.9526466093004584,
19,195,,,,0.6774809160305344,0.6138500695730653,0.7411117624880035,,,,,,,,,,
19,197,,,,0.848539814982768,0.8020994926894737,0.8949801372760623,0.5966666666666667,0.43657805049202747,0.7567552828413059,,,,,,,
20,000,0.7325616776816251,0.7082247739512615,0.7568985814119886,0.764158598626474,0.7609599253310932,0.7673572719218547,0.7424645798654225,0.733402241481369,0.7515269182494759,0.66803969693736,0.6511527005426723,0.6849266933320477,0.726313923601879,0.6981443493554731,0.7544834978482848,
20,001,,,,0.7929212889593238,0.7353151180670819,0.8505274598515656,,,,,,,,,,
20,003,,,,0.7638391079251294,0.6785854914351157,0.8490927244151432,,,,,,,,,,
20,005,,,,0.7407942238267148,0.6900645507825626,0.791523896870867,,,,,,,,,,
20,007,,,,0.8451749734888653,0.7661045994182833,0.9242453475594472,,,,,,,,,,
20,009,,,,0.8057584418333863,0.7798951162747398,0.8316217673920328,0.8477185266630016,0.7875496168113137,0.9078874365146895,,,,,,,
20,011,,,,0.7138914443422263,0.6670541843852875,0.7607287042991651,,,,,,,,,,
20,013,,,,0.7770419426048565,0.7465964439826308,0.8074874412270822,,,,,,,0.6986899563318777,0.5633207201120872,0.8340591925516682,
20,015,,,,0.7425965544420673,0.7167583279240407,0.7684347809600939,0.7486338797814208,0.6548300188771758,0.8424377406856658,,,,,,,
20,017,,,,0.7547169811320755,0.6462679271784788,0.8631660350856722,,,,,,,,,,
20,019,,,,0.7365269461077845,0.6495707935597648,0.8234830986558042,,,,,,,,,,
20,021,,,,0.8180392156862745,0.7580405004557305,0.8780379309168185,,,,,,,0.9447852760736196,0.8325192700345696,1,
20,023,,,,0.7186311787072244,0.6397992364301678,0.797463120984281,,,,,,,,,,
20,025,,,,0.737888198757764,0.6353408235598464,0.8404355739556816,,,,,,,,,,
20,027,,,,0.7741935483870968,0.7020303621744463,0.8463567345997473,,,,,,,,,,
20,029,,,,0.8186768309283964,0.7726732499838115,0.8646804118729813,,,,,,,,,,
20,031,,,,0.8416234360695758,0.7882958722145421,0.8949509999246095,,,,,,,,,,
20,033,,,,0.8380952380952381,0.7452788477649722,0.930911628425504,,,,,,,,,,
20,035,,,,0.7827681026581118,0.7422567593197484,0.8232794459964752,0.8087885985748219,0.7194753014740717,0.8981018956755721,,,,,,,
20,037,,,,0.7974661373190098,0.7817754734934823,0.8131568011445374,0.747244094488189,0.6253591467539839,0.8691290422223941,,,,,,,
20,039,,,,0.6678445229681979,0.5874585698394885,0.7482304760969072,,,,,,,,,,
20,041,,,,0.7879406307977737,0.7533860213870547,0.8224952402084926,,,,,,,,,,
20,043,,,,0.770917225950783,0.6956179207627933,0.8462165311387728,,,,,,,,,,
20,045,0.6011045029736618,0.4581965883899335,0.7440124175573901,0.6712455870372047,0.6483062545910393,0.6941849194833701,0.6215194908512331,0.5417260029856632,0.7013129787168031,0.5728890571753124,0.43661405336117215,0.7091640609894525,0.639269406392694,0.48840328243580555,0.7901355303495825,
20,047,,,,0.8230958230958231,0.7582081509690314,0.8879834952226148,,,,,,,,,,
20,049,,,,0.6878698224852071,0.5980927939160258,0.7776468510543885,,,,,,,,,,
20,051,,,,0.805701577031945,0.771582806966428,0.839820347097462,0.6399688958009331,0.4878146461044758,0.7921231454973904,,,,,,,
20,053,,,,0.8128193218764515,0.7447909366836504,0.8808477070692525,,,,,,,,,,
20,055,,,,0.842801241397922,0.8133763357592922,0.8722261470365518,0.738271332376642,0.6825246998635699,0.7940179648897141,,,,,,,
20,057,,,,0.8236262913609822,0.7895315258327997,0.8577210568891647,0.8039377383774868,0.7421810587494484,0.8656944180055253,,,,,,,
20,059,,,,0.7377480761441879,0.6997914733486067,0.7757046789397691,,,,,,,,,,
20,061,0.5771411518949567,0.5093689222190219,0.6449133815708916,0.7280397022332507,0.7245170478956109,0.7315623565708904,0.6385789782736347,0.5539479409702937,0.7232100155769758,0.5038071065989848,0.3896329465665235,0.617981266631446,,,,
20,063,,,,0.7642805495300072,0.6917310358481933,0.8368300632118212,,,,,,,,,,
20,065,,,,0.8129251700680272,0.737734223356691,0.8881161167793634,,,,,,,,,,
20,067,,,,0.7885679164105716,0.7013234387171445,0.8758123941039986,,,,,,,,,,
20,069,,,,0.828,0.7839486288938337,0.8720513711061663,,,,,,,,,,
20,071,,,,0.6543438077634011,0.582138478095225,0.7265491374315771,,,,,,,,,,
20,073,,,,0.7418630751964085,0.6825261906970527,0.8011999596957643,,,,,,,,,,
20,075,,,,0.6405228758169934,0.58490487989593265,0.6961408717380542,,,,,,,,,,
20,077,,,,0.7891344383057091,0.7151526983951838,0.8631161782162343,,,,,,,,,,
20,079,,,,0.7726694241170856,0.7386699997788468,0.8066688484553244,0.7943871706758304,0.7158925480297549,0.872881793321906,,,,,,,
20,081,,,,0.8055555555555556,0.7263745457676569,0.8847365653434542,,,,,,,,,,
20,083,,,,0.7982456140350878,0.7227239750361678,0.8737672530340077,,,,,,,,,,
20,085,,,,0.7053666312433581,0.6526366697759932,0.7580965927107229,,,,,,,0.8197879858657244,0.7774776067355685,0.8620983649958803,
20,087,,,,0.6741158602733782,0.6373216510264954,0.710910069520261,,,,,,,,,,
20,089,,,,0.7896512935883014,0.7126547912381507,0.8666477959384522,,,,,,,,,,
20,091,0.7403430828088362,0.7063132155389855,0.7743729500786869,0.7054660442704412,0.6971416106848091,0.7137904778560734,0.7356194090539442,0.7122106629920789,0.7590281551158095,0.6044945159752027,0.5732525784700636,0.6357364534803417,0.72808701215611,0.641451256248289,0.8147227680639311,
20,093,,,,0.7397769516728625,0.592550940926249,0.887002962419476,,,,,,,,,,
20,095,,,,0.8121546961325967,0.7608030039526742,0.8635063883125192,,,,,,,,,,
20,097,,,,0.7344689378757515,0.6947078490919739,0.7742300266595291,,,,,,,,,,
20,099,,,,0.7725613593455003,0.7576781603627799,0.7874445583282207,,,,,,,,,,
20,101,,,,0.785234899328859,0.6377413624077544,0.9327284362499637,,,,,,,,,,
20,103,0.7314967105263158,0.5682079399659378,0.8947854810866939,0.7454443145911787,0.710529252166945,0.7803593770154124,0.7703851925962981,0.7039748597087166,0.8367955254838796,,,,,,,
20,105,,,,0.7543064369900272,0.648430457612625,0.8601824163674294,,,,,,,,,,
20,107,,,,0.7104642014162077,0.6386846021357881,0.7822438006966272,,,,,,,,,,
20,109,,,,0.7822185970636215,0.7198497912357074,0.8445874028915357,,,,,,,,,,
20,111,,,,0.7930218805440568,0.7579502590064058,0.8280935020817077,0.7437629937629938,0.6720911727777923,0.8154348147481953,,,,,,,
20,113,,,,0.8104060422180621,0.7804148671363439,0.8403972172997803,0.7235939643347051,0.619000718164048,0.8281872105053623,,,,,,,
20,115,,,,0.7312623274161736,0.6932138889410986,0.7693107658912486,,,,,,,,,,
20,117,,,,0.7627307093617968,0.7144894106681985,0.810972008055395,,,,,,,,,,
20,119,,,,0.7700693756194251,0.6949994170220766,0.8451393342167737,,,,,,,,,,
20,121,,,,0.6302155218176028,0.5801111414020292,0.6803199022331763,,,,,,,,,,
20,123,,,,0.775523560209424,0.7092669169127338,0.8417802035061143,,,,,,,,,,
20,125,,,,0.84045203772913335,0.8169349901422462,0.8639690853160205,0.7139323990107173,0.5839677113073204,0.8438970867141141,,,,0.739514348785872,0.6405610286346213,0.8384676689371227,
20,127,,,,0.7860564129856307,0.7240532811274284,0.848059544843833,,,,,,,,,,
20,129,,,,0.8285714285714286,0.7687617075927108,0.8883811495501465,,,,,,,,,,
20,131,,,,0.8391836734693877,0.8036627527021029,0.8747045942366726,,,,,,,,,,
20,133,,,,0.8132444696539989,0.76506876132764845,0.8614201779803493,,,,,,,,,,
20,135,,,,0.7954898911353032,0.6364801804527437,0.9544996018178628,,,,,,,,,,
20,137,,,,0.715372907153729,0.6231200963061396,0.8076257180013184,,,,,,,,,,
20,139,,,,0.6697080291970803,0.6010445194365569,0.7383715389576037,,,,,,,,,,
20,141,,,,0.8227529855436833,0.7551461786835556,0.8903597924038109,,,,,,,,,,
20,143,,,,0.7865528281750267,0.7147565286538152,0.8583491276962382,,,,,,,,,,
20,145,,,,0.7714899713467048,0.6946368629572984,0.8483430797361112,,,,,,,,,,
20,147,,,,0.8305984555984556,0.779682632274739,0.8815142789221722,,,,,,,,,,
20,149,,,,0.7815143177417712,0.7372292161063296,0.8257994193772127,0.7826810990840966,0.561619446098859,1,,,,,,,
20,151,,,,0.8310108943501393,0.7792850811476317,0.8827367075526469,,,,,,,,,,
20,153,,,,0.7106420404573439,0.6248828026980028,0.796401278216685,,,,,,,,,,
20,155,,,,0.8017931336103215,0.7774160069759064,0.8261702602447365,0.8065045992115637,0.7310283769312383,0.88198082149188906,,,,,,,
20,157,,,,0.7639553429027113,0.715144504924465,0.8127661808809575,,,,,,,,,,
20,159,,,,0.7532542667052358,0.7192068117571279,0.7873017216533437,,,,,,,,,,
20,161,0.5173501577287066,0.3673110390188512,0.667389276438562,0.7255288574006618,0.7024045948717069,0.7486531199296166,0.6655107187894073,0.6092658539426178,0.7217555836361967,0.546691403834261,0.42747045038562226,0.6659123572828997,,,,
20,163,,,,0.8139298423995933,0.769975208257897,0.8578844765412896,,,,,,,,,,
20,165,,,,0.734982332155477,0.6502873993683985,0.8196772649425556,,,,,,,,,,
20,167,,,,0.8190571049136787,0.7687816160557841,0.8693325937715732,,,,,,,,,,
20,169,,,,0.7959345190985962,0.767356807052013,0.8245122311451795,0.674741506646972,0.578995685149713,0.7704873281442309,,,,,,,
20,171,,,,0.920515574650913,0.850245505137023,0.9907856441648031,,,,,,,,,,
20,173,0.7887527036770007,0.7515615973104528,0.8259438100435486,0.8087736240969836,0.8013648555442991,0.8161823926496681,0.7760513109518825,0.7609264832198056,0.7911761386839594,0.7678100263852242,0.7427797853191999,0.7928402674512486,0.7222222222222222,0.6620198496164443,0.7824245948280001,
20,175,,,,0.8206677265500795,0.7507609804611732,0.8905744726389857,0.8258272058823529,0.7672845793690221,0.8843698323956838,,,,,,,
20,177,0.7390070921985815,0.668447242799425,0.809566941597738,0.8065671976037847,0.7925695529945174,0.820564842213052,0.7104105571847508,0.6534081501941533,0.7674129641753482,0.6344238975817923,0.5072336681428742,0.7616141270207104,0.7627365356622998,0.577032629298665,0.9484404420259347,
20,179,,,,0.6349717969379532,0.5464706651993719,0.7234729286765346,,,,,,,,,,
20,181,,,,0.7185748598879104,0.6333078954808979,0.8038418242949228,,,,,,,,,,
20,183,,,,0.7750163505559189,0.7137677738427082,0.8362649272691296,,,,,,,,,,
20,185,,,,0.7013996889580093,0.6307809390993131,0.7720184388167055,,,,,,,,,,
20,187,,,,,,,,,,,,,,,,
20,189,,,,0.834958217270195,0.7709864608827679,0.8989299736576222,,,,,,,,,,
20,191,,,,0.8354002254791432,0.7876375018963815,0.8831629490619048,,,,,,,,,,
20,193,,,,0.8370983935742972,0.7760614104582121,0.8981353766903822,,,,,,,,,,
20,195,,,,0.6931034482758621,0.6174785692098919,0.7687283273418324,,,,,,,,,,
20,197,,,,0.609122401847575,0.542603632482321,0.6756411712128291,,,,,,,,,,
20,199,,,,0.782520325203252,0.7197806677571424,0.8452599826493615,,,,,,,,,,
20,201,,,,0.716203259827421,0.6917302620336815,0.7406762576211604,,,,,,,,,,
20,203,,,,0.7402135231316725,0.6282874421673807,0.8521396040959643,,,,,,,,,,
20,205,,,,0.7972486079266295,0.7295715949520183,0.8649256209012408,,,,,,,,,,
20,207,,,,0.7700394218134035,0.6818742937302262,0.8582045498965807,,,,,,,,,,
20,209,0.7450288646568313,0.6937545554103988,0.7963031739032638,0.8418551356225111,0.8203488639749205,0.8633614072701018,0.7202387024380291,0.6899097354088135,0.7505676694672447,0.6590726346823907,0.61030372776811,0.7078415415966715,0.8542581211589113,0.7112372331075423,0.9972790092102803,
21,000,0.7180411987803971,0.7064416354759879,0.7296407620848062,0.7800301132925233,0.7754078646651141,0.7846523619199324,0.6922045215511835,0.6744415608309474,0.7099674822714196,0.6554936658944152,0.6329016592289409,0.6780856725598894,0.6547647768395657,0.5775485608674207,0.7319809928117107,
21,001,,,,0.7153846153846154,0.66504045314833,0.7657287776209007,,,,,,,,,,
21,003,,,,0.8168333908244222,0.7580913114303139,0.8755754702185304,,,,,,,,,,
21,005,,,,0.7185007974481659,0.6729716701339324,0.7640299247623993,,,,,,,,,,
21,007,,,,0.8927563499529633,0.8367324304874093,0.9487802694185172,,,,,,,,,,
21,009,,,,0.7716330078908653,0.7471360482621574,0.7961299675195732,,,,,,,,,,
21,011,,,,0.6998514115898959,0.6007918346915384,0.7989109884882535,,,,,,,,,,
21,013,,,,0.7460297131147541,0.7040558725707258,0.7880035536587824,,,,,,,,,,
21,015,0.7209656627212,0.6614958204350558,0.7804355050073442,0.7863731151748476,0.768267862075891,0.8044783682738043,0.7488524590163934,0.6652985191118623,0.8324063989209245,0.6671626984126984,0.5532075676064488,0.7811178292189479,,,,
21,017,,,,0.7476970317297851,0.691975474152919,0.8034185893066511,,,,,,,,,,
21,019,,,,0.8302124594886569,0.8018707773207288,0.858554141656585,,,,,,,,,,
21,021,0.6482694106641721,0.5011750693912429,0.7953637519371013,0.8213278827177897,0.7864390118354175,0.8562167536001618,,,,,,,,,,
21,023,,,,0.7942008486562943,0.7080938422392712,0.8803078550733173,,,,,,,,,,
21,025,,,,0.6790681502086231,0.6159902245211513,0.7421460758960949,,,,,,,,,,
21,027,,,,0.7713791398912506,0.7243418727120934,0.8184164070704079,,,,,,,,,,
21,029,0.7503069995906673,0.5951681511142254,0.9054458480671091,0.7264950794852385,0.6957057852256529,0.7572843737448242,0.5760180995475113,0.46735437902977983,0.6846818200652427,,,,,,,
21,031,,,,0.7747747747747747,0.6971694903214237,0.8523800592281258,,,,,,,,,,
21,033,,,,0.8711133400200601,0.805721060231267,0.9365056198088533,,,,,,,,,,
21,035,0.6804635761589404,0.506263346912538,0.8546638054053427,0.7693331643002028,0.7391691142406364,0.7994972143597693,,,,,,,,,,
21,037,0.6514410005437737,0.5400139097449772,0.7628680913425703,0.6515325968570095,0.6265266084241983,0.6765385852898207,0.5576114381833474,0.43060437228575876,0.6846185040809359,,,,,,,
21,039,,,,0.7842502696871629,0.7011528051406772,0.8673477342336486,,,,,,,,,,
21,041,,,,0.8493510760637424,0.8028724787369749,0.8958296733905099,,,,,,,,,,
21,043,,,,0.7789920078290654,0.7288823199016546,0.8291016957564762,,,,,,,,,,
21,045,,,,0.6877067254685777,0.6246341143026256,0.7507793366345298,,,,,,,,,,
21,047,0.7901332129148793,0.7599961236546342,0.8202703021751243,0.8181727442108065,0.7930077090538931,0.84333777936772,0.7542566262945409,0.6846918683018332,0.8238213842872487,0.802007299270073,0.643973497310903,0.9600411012292429,,,,
21,049,,,,0.7628363690877745,0.7281141097200177,0.7975586284555314,,,,,,,,,,
21,051,,,,0.75,0.7045473949675296,0.7954526050324704,,,,,,,,,,
21,053,,,,0.8070884871550904,0.7708837555133489,0.843293218796832,,,,,,,,,,
21,055,,,,0.636144578313253,0.5753412911354429,0.6969478654910631,,,,,,,,,,
21,057,,,,0.8920817369093231,0.78032468621331,1,,,,,,,,,,
21,059,0.8684061259217243,0.7433863456693792,0.9934259061740693,0.8449939405239116,0.8269865388939144,0.8630013421539089,0.7150701647345943,0.5903955162457678,0.8397448132234208,,,,,,,
21,061,,,,0.7030878859857482,0.600681048190952,0.8054947237805444,,,,,,,,,,
21,063,,,,0.8146153846153846,0.6776203501971598,0.9516104190336094,,,,,,,,,,
21,065,,,,0.7063847092313948,0.6410367965853183,0.7717326218774714,,,,,,,,,,
21,067,0.7434174437739989,0.7053847438964952,0.7814501436515026,0.7839769589515266,0.7704033382013276,0.7975505797017257,0.6620019150033144,0.6292740960566349,0.6947297339499939,0.5552729992520569,0.49427749214532135,0.6162685063587924,,,,
21,069,,,,0.7395918367346939,0.6785972366056569,0.8005864368637309,,,,,,,,,,
21,071,,,,0.8338895467757562,0.8212499598906605,0.8465291336608519,,,,,,,,,,
21,073,0.7391474384043801,0.5877458931234402,0.8905489836853201,0.7826020834917496,0.7517419245727764,0.8134622424107228,0.7224126113776559,0.5934417286225189,0.8513834941327929,,,,,,,
21,075,,,,0.7303252885624344,0.6248072394818962,0.8358433376429726,,,,,,,,,,
21,077,,,,0.7454811919882756,0.6964092694454347,0.7945531145311164,,,,,,,,,,
21,079,,,,0.623015873015873,0.5394086171976257,0.7066231288341204,,,,,,,,,,
21,081,,,,0.7009086708763284,0.6360881666107754,0.7657291751418813,,,,,,,,,,
21,083,,,,0.7987426875054571,0.7562566320605529,0.8412287429503612,,,,,,,,,,
21,085,,,,0.7620076849183477,0.7329591337208998,0.7910562361157956,,,,,,,,,,
21,087,,,,0.7400598546387345,0.6630377862396764,0.8170819230377926,,,,,,,,,,
21,089,,,,0.7951573222840865,0.7633810025124738,0.8269336420556993,,,,,,,,,,
21,091,,,,0.9141187050359713,0.8690015334301973,0.9592358766417453,,,,,,,,,,
21,093,0.7647652700656234,0.7040809694868798,0.8254495706443671,0.8081076706056471,0.7881847107805814,0.8280306304307129,0.7272727272727273,0.6492191708414082,0.8053262837040464,0.7142857142857143,0.6175954826625599,0.8109759459088687,,,,
21,095,,,,0.7792476888747211,0.7176512735099034,0.8408441042395387,,,,,,,,,,
21,097,,,,0.7306595365418895,0.6595283988535967,0.8017906742301824,,,,,,,,,,
21,099,,,,0.7803179139131988,0.7053783749672546,0.855257452859143,,,,,,,,,,
21,101,0.6988636363636364,0.614393442101424,0.7833338306258487,0.8007312614259597,0.7729742163973005,0.828488306454619,,,,,,,,,,
21,103,,,,0.704599761051374,0.6508422843132882,0.7583572377894598,,,,,,,,,,
21,105,,,,0.751412429378531,0.6013334416550516,0.9014914171020104,,,,,,,,,,
21,107,,,,0.8900497199320284,0.8594970980512056,0.9206023418128513,,,,,,,,,,
21,109,,,,0.683011391778108,0.5729254589723476,0.7930973245838684,,,,,,,,,,
21,111,0.6888071262587142,0.665876126999793,0.7117381255176354,0.7849968631985533,0.7768112981872668,0.7931824282098399,0.7119503269542264,0.682944189233302,0.7409564646751509,0.674460031173458,0.6315700470621568,0.7173500152847592,,,,
21,113,,,,0.7258805513016845,0.7013387526529173,0.7504223499504517,0.7498428661219358,0.5816702100352213,0.9180155222086503,,,,,,,
21,115,,,,0.8031674208144797,0.7508800013217615,0.8554548403071979,,,,,,,,,,
21,117,0.7112700034048348,0.6061450932826845,0.8163949135269851,0.731740407329375,0.7101729236106001,0.7533078910481498,0.6889952153110048,0.5736429653653912,0.8043474652566185,0.7040498442367601,0.5725044095000579,0.8355952789734623,,,,
21,119,,,,0.7230995225853838,0.6407018685576319,0.8054971766131357,,,,,,,,,,
21,121,,,,0.759711823703913,0.6857154142036108,0.8337082332042152,,,,,,,,,,
21,123,,,,0.688859150217464,0.6063144247119395,0.7714038757229885,,,,,,,,,,
21,125,,,,0.7821570756424177,0.760582306025777,0.8037318452590583,,,,,,,,,,
21,127,,,,0.7909306617453203,0.7145232290107741,0.8673380944798665,,,,,,,,,,
21,129,,,,0.7519167579408543,0.6556077235455553,0.8482257923361534,,,,,,,,,,
21,131,,,,0.7065026362038664,0.573515374592465,0.8394898978152678,,,,,,,,,,
21,133,,,,0.7123995407577497,0.6700731968634464,0.754725884652053,,,,,,,,,,
21,135,,,,0.6808769792935444,0.5878715995457104,0.7738823590413784,,,,,,,,,,
21,137,,,,0.6971350613915416,0.6410546311904254,0.7532154915926578,,,,,,,,,,
21,139,,,,0.7885607126113455,0.7196606126995867,0.8574608125231044,,,,,,,,,,
21,141,,,,0.8306987399770905,0.8020989841351658,0.8592984958190153,,,,,,,,,,
21,143,,,,0.8100227790432801,0.7165548283305223,0.903490729756038,,,,,,,,,,
21,145,0.7572577824414131,0.6485026449135649,0.8660129199692612,0.8421215793478567,0.820266054218506,0.8639771044772074,0.8056,0.6959028338423193,0.9152971661576806,,,,,,,
21,147,,,,0.7474023647438194,0.6470941717782351,0.8477105577094036,,,,,,,,,,
21,149,,,,0.7416619559072922,0.6380755190942144,0.84524839272037,,,,,,,,,,
21,151,0.7729439809296782,0.6719310045469902,0.8739569573123662,0.7735317355807216,0.7457837043458538,0.8012797668155894,0.5356091818716893,0.43046855829769937,0.6407498054456792,,,,,,,
21,153,,,,0.7849898580121704,0.6930618716145333,0.8769178444098075,,,,,,,,,,
21,155,,,,0.8731177163807778,0.8406568383025262,0.9055785944590294,,,,,,,,,,
21,157,,,,0.7813539587491684,0.7404929413318387,0.822214976166498,,,,,,,,,,
21,159,,,,0.8703368344802608,0.7780177090613981,0.9626559598991234,,,,,,,,,,
21,161,,,,0.8378378378378378,0.7907275840246105,0.8849480916510651,,,,,,,,,,
21,163,,,,0.7153354197850048,0.6687647605485958,0.7619060790214138,,,,,,,,,,
21,165,,,,0.7416595380667237,0.6294385522757461,0.8538805238577013,,,,,,,,,,
21,167,,,,0.7490067132483902,0.6971036282143201,0.8009097982824602,,,,,,,,,,
21,169,,,,0.6746213859568609,0.5736544221293869,0.775588349784335,,,,,,,,,,
21,171,,,,0.8232973967920063,0.7664424898156931,0.8801523037683195,,,,,,,,,,
21,173,,,,0.8141829583179638,0.7626961572232588,0.8656697594126689,,,,,,,,,,
21,175,,,,0.7951843950015239,0.7230440984041161,0.8673246915989318,,,,,,,,,,
21,177,,,,0.836518771331058,0.80256385540664,0.870473687255476,,,,,,,,,,
21,179,0.828393135725429,0.6906323438941631,0.966153927556695,0.8175074183976261,0.7743232026871542,0.860691634108098,,,,,,,,,,
21,181,,,,0.7608554763447829,0.6461057121984857,0.8756052404910801,,,,,,,,,,
21,183,,,,0.8318952692650997,0.7905737574360064,0.873216781094193,,,,,,,,,,
21,185,0.6160108548168249,0.42196552234143647,0.8100561872922134,0.6200798630918426,0.5848518309541405,0.6553078952295447,0.5027548209366391,0.3442593482587271,0.6612502936145512,,,,,,,
21,187,,,,0.5869356388088377,0.49785732166753094,0.6760139559501445,,,,,,,,,,
21,189,,,,0.7863974495217854,0.6604034929574012,0.9123914060861695,,,,,,,,,,
21,191,,,,0.6619541313226516,0.5658583306928883,0.7580499319524149,,,,,,,,,,
21,193,,,,0.797004691447131,0.7574381701704384,0.8365712127238237,,,,,,,,,,
21,195,,,,0.809907331036825,0.7759387887880699,0.8438758732855801,,,,,,,,,,
21,197,,,,0.8902966625463535,0.8419449555516848,0.9386483695410223,,,,,,,,,,
21,199,,,,0.8379852422200834,0.8117687013079355,0.8642017831322313,,,,,,,,,,
21,201,,,,,,,,,,,,,,,,
21,203,,,,0.7683995922528033,0.6970552115325396,0.839743972973067,,,,,,,,,,
21,205,,,,0.7770379993504385,0.7340378428982428,0.8200381558026342,,,,,,,,,,
21,207,,,,0.8022565320665083,0.7377485057843961,0.8667645583486204,,,,,,,,,,
21,209,0.7031881454872025,0.5909252301712999,0.8154510608031051,0.8001060043916105,0.7707365904777125,0.8294754183055085,0.7440574903261471,0.6653959379808656,0.8227190426714286,,,,,,,
21,211,,,,0.7169004676018704,0.6866237070294009,0.74717722817434,0.6702401372212693,0.5157068201903261,0.8247734542522125,,,,,,,
21,213,,,,0.7967829076620825,0.7285263492895312,0.8650394660346338,,,,,,,,,,
21,215,,,,0.5406186759178954,0.4781379908382874,0.6030993609975034,,,,,,,,,,
21,217,,,,0.7816612186740424,0.7414985107156682,0.8218239266324165,,,,,,,,,,
21,219,,,,0.6626630061770762,0.5734800915036236,0.7518459208505288,,,,,,,,,,
21,221,,,,0.6812165587158547,0.5903318741069746,0.7721012433247348,,,,,,,,,,
21,223,,,,0.6742021276595744,0.5561367615363303,0.7922674937828186,,,,,,,,,,
21,225,,,,0.8170778720123362,0.7714088149328223,0.86274692909185,,,,,,,,,,
21,227,0.7072876932342903,0.6651936709638441,0.7493817155047365,0.8005583076501057,0.7776604486272262,0.8234561666729853,0.699048462049126,0.6270111838086095,0.7710857402896424,0.5494803434252147,0.4104313722742815,0.6885293145761479,,,,
21,229,,,,0.7581845238095238,0.6799606276150858,0.8364084200039619,,,,,,,,,,
21,231,,,,0.756883210365305,0.6874273775477977,0.8263390431828124,,,,,,,,,,
21,233,,,,0.8268136557610242,0.7526623274906249,0.9009649840314234,,,,,,,,,,
21,235,,,,0.7412236710130391,0.7296510079278808,0.7527963340981974,,,,,,,,,,
21,237,,,,0.7918622848200313,0.7094840862440452,0.8742404833960173,,,,,,,,,,
21,239,,,,0.7163260821797407,0.6639120630797104,0.768740101279771,,,,,,,,,,
22,000,0.7629457414989691,0.755316897449357,0.7705745855485812,0.813388505451866,0.8099196776205847,0.8168573332831474,0.6965867336429659,0.6809395383992399,0.7122339288866918,0.6922531182057443,0.6710339242124291,0.7134723121990595,0.6705986434680036,0.6553302250091222,0.685867061926885,
22,001,0.7506415739948674,0.6429016624113343,0.8583814855784005,0.7966267199289836,0.7652699405741812,0.827983499283786,,,,,,,,,,
22,003,0.8636968085106383,0.6988907175353611,1,0.8346019337584859,0.8003596730206951,0.8688441944962767,,,,,,,,,,
22,005,0.7751597751597752,0.7321496569665815,0.8181698933529689,0.8251356706003963,0.7989461515890353,0.8513251896117573,0.6355956068713039,0.5477995066141117,0.7233917071284961,,,,,,,
22,007,,,,0.7585196042506412,0.6770685097845532,0.8399706987167292,,,,,,,,,,
22,009,0.7885095753538718,0.766234266755267,0.8107848839524766,0.8348760824126605,0.8172486446752336,0.8525035201500875,,,,,,,,,,
22,011,0.6527224435590969,0.5672198314836433,0.7382250556345505,0.8684531059683313,0.839205619480948,0.8977005924557145,0.7525510204081632,0.652097792712799,0.8530042481035275,,,,,,,
22,013,0.8024042073628851,0.6627092320006106,0.9420991827251596,0.822746521476104,0.748901721406629,0.8965913215455791,,,,,,,,,,
22,015,0.7962422041525223,0.7412741941276508,0.8512102141773938,0.8258595163678236,0.8012964213483026,0.8504226113873447,0.689592209373098,0.5929348355753266,0.7862495831708693,,,,,,,
22,017,0.7937933311323869,0.7662060741712935,0.8213805880934804,0.8491413031330328,0.8474012220289064,0.8508813842371592,0.8010024132170039,0.7222008830770943,0.8798039433569136,0.7277173913043479,0.6140858140508643,0.8413489685578315,,,,
22,019,0.734987542584024,0.6868146769512338,0.7831604082168142,0.8446345415529247,0.8234218421496899,0.8658472409561595,0.7693257213392994,0.7066983834441765,0.8319530592344224,0.8300233644859814,0.7181200526952275,0.9419266762767352,,,,
22,021,,,,0.8424628450106157,0.7848200227799866,0.9001056672412449,,,,,,,,,,
22,023,,,,0.8146749393040195,0.6259262070305313,1,,,,,,,,,,
22,025,,,,0.5988156920799408,0.4835410790113471,0.7140903051485346,,,,,,,,,,
22,027,0.8320802005012531,0.6935113334733353,0.9706490675291709,0.852752880921895,0.7882599087287716,0.9172458531150185,,,,,,,,,,
22,029,0.9144834404349975,0.8334497435247179,0.9955171373452771,0.8301029678982434,0.7696081128686685,0.8905978229278184,,,,,,,,,,
22,031,0.8295454545454546,0.7423775897220943,0.9167133193688148,0.8151767151767152,0.736775772028605,0.8935776583248254,,,,,,,,,,
22,033,0.7665223732030834,0.741747150923959,0.7912975954822077,0.845403165585604,0.8380621771823661,0.852744153988842,0.6391639163916392,0.5890250804944144,0.689302752288864,0.6650686706400621,0.5985691952601255,0.7315681460199988,0.7151979565772669,0.5934288683797448,0.836967044774789,
22,035,0.8223552894211577,0.740224242059763,0.9044863367825523,0.6976127320954907,0.552090434933097,0.8431350292578844,,,,,,,,,,
22,037,0.836224283985478,0.7248752301166765,0.9475733378542794,0.8145491803278688,0.7153443206778727,0.913754039977865,,,,,,,,,,
22,039,0.742671009771987,0.7174476264590599,0.767894393084914,0.8499245852187028,0.7839474619556369,0.9159017084817688,,,,,,,,,,
22,041,0.6858316221765913,0.5949839118296513,0.7766793325235314,0.8604783599088838,0.8220322644336722,0.8989244553840954,,,,,,,,,,
22,043,,,,0.827768014059754,0.7572702385476837,0.8982657895718242,,,,,,,,,,
22,045,0.7987579476563655,0.7320554019567324,0.8654604933559987,0.8351621555718117,0.7921054238473544,0.8782188872962691,0.9219858156028369,0.8236794050162256,1,,,,,,,
22,047,0.8569321533923304,0.8021207028649076,0.9117436039197533,0.8742223950233281,0.8403222365704403,0.908122553476216,,,,,,,,,,
22,049,0.7995018679950187,0.6376810967777649,0.9613226392122725,0.850067842605156,0.7667890735181019,0.9333466116922101,,,,,,,,,,
22,051,0.7535658184103048,0.7245710292384867,0.7825606075821229,0.8055415357676263,0.7862784526658557,0.8248046188693969,0.7059117342752149,0.6727702257491368,0.739053242801293,0.7400934156998644,0.6932175845466869,0.7869692468530419,0.7448229792919172,0.5833200074841546,0.9063259510996798,
22,053,,,,0.8636175210722675,0.8041002160496067,0.9231348260949284,,,,,,,,,,
22,055,0.8136260162601626,0.7913623317366374,0.8358897007836879,0.82863162330138,0.8137861197460065,0.8434771268567535,0.7705471740598964,0.7049636468009071,0.8361307013188857,0.6538060479666319,0.5818745380111435,0.7257375579221202,,,,
22,057,0.7048315062931384,0.6474736861601139,0.7621893264261629,0.8268470494360016,0.8069954327297401,0.8466986661422632,0.7573502046892445,0.6690255881616021,0.845674821216887,,,,0.7392316647264261,0.5726054706963555,0.9058578587564967,
22,059,,,,0.8126223091976517,0.7739567209154673,0.851287897479836,,,,,,,,,,
22,061,0.7528295605858855,0.671071700734967,0.8345874204368039,0.8066298342541437,0.7676560452905594,0.845603623217728,0.5851393188854489,0.37790679497248714,0.7923718427984107,,,,,,,
22,063,0.6286799620132953,0.5563454503691592,0.7010144736574315,0.7606779404532213,0.72185833187702,0.7994975490294227,0.7233238904627006,0.6237093557990582,0.8229384251263431,,,,,,,
22,065,0.8012738853503185,0.7414413841006888,0.8611063865999482,0.9336134453781513,0.8860950974752536,0.9811317932810489,,,,,,,,,,
22,067,0.8050668543279381,0.7605091170060634,0.8496245916498129,0.8143189755529686,0.7497069877492132,0.878930963356724,,,,,,,,,,
22,069,0.8429319371727748,0.7992318949932927,0.8866319793522569,0.8173248407643312,0.7705065379013681,0.8641431436272943,0.6361071932299013,0.4620616157094757,0.8101527707503269,,,,,,,
22,071,0.6811587425912721,0.6657175219639295,0.6965999632186146,0.7016141904042392,0.684274596323896,0.7189537844845825,0.5964626191670848,0.5621203698259299,0.6308048685082396,0.6047067256002867,0.5485786667519047,0.6608347844486687,0.543231961836613,0.41529276003751814,0.671171163635708,
22,073,0.7798023867573464,0.7483665347524314,0.8112382387622613,0.8207371988301378,0.796424662357177,0.8450497353030987,0.5988181221273802,0.4556404404954969,0.7419958037592634,0.833170731707317,0.7011848639811299,0.9651565994335042,,,,
22,075,0.8128415300546448,0.7090446349845281,0.9166384251247615,0.8453076658645583,0.7988418663056382,0.8917734654234784,0.8472711267605634,0.7426463463048986,0.9518959072162282,,,,,,,
22,077,0.8149053145998778,0.7251568186343536,0.9046538105654021,0.8508217446270544,0.8079300646655367,0.8937134245885721,,,,,,,,,,
22,079,0.7686716336543703,0.7236950159345501,0.8136482513741905,0.8617043442025211,0.8456877961883185,0.8777208922167237,0.7817098808689559,0.6638960152088484,0.8995237465290633,,,,,,,
22,081,0.8,0.7390876071588902,0.8609123928411099,0.9358490566037736,0.8699426741527052,1,,,,,,,,,,
22,083,0.7809224318658281,0.6551672937632731,0.9066775699683831,0.7977188081936686,0.7668370663658801,0.828600550021457,,,,,,,,,,
22,085,0.8203939745075318,0.6863390786082888,0.9544488704067748,0.79369768586903,0.7334171408755644,0.8539782308624956,,,,,,,0.8732718894009217,0.7793823491502427,0.9671614296516007,
22,087,0.6766228594185584,0.5747671293129267,0.77847858952419,0.7472790336084201,0.6850164189715122,0.8095416482453279,0.6441653584510727,0.5457579826385489,0.7425727342635965,,,,,,,
22,089,0.8456682973015622,0.7850125458319744,0.90632404877115,0.8369314246132533,0.8051674807021754,0.8686953685243313,0.7771905424200278,0.5574671370403758,0.9969139477996799,,,,,,,
22,091,,,,,,,,,,,,,,,,
22,093,0.8856189320388349,0.8063130914218345,0.9649247726558353,0.8674849699398798,0.7731661007733112,0.9618038391064484,,,,,,,,,,
22,095,0.7757492249397175,0.7169127053438754,0.8345857445355597,0.8442394075512929,0.7882233317811497,0.9002554833214361,,,,,,,,,,
22,097,0.728147461163923,0.691706830136846,0.7645880921910001,0.8045720291663929,0.7677064816943687,0.8414375766384171,,,,,,,,,,
22,099,0.8211430263547528,0.7724066180892748,0.8698794346202308,0.795822760101503,0.7533453099246059,0.8383002102784001,0.8338692390139335,0.6872596766928833,0.9804788013349837,,,,,,,
22,101,0.8779438405797102,0.7830375633502423,0.9728501178091781,0.8462320200125079,0.8069240340624695,0.8855400059625462,0.8731974142217802,0.7395755850239358,1,,,,0.6159292035398231,0.28749714626400424,0.9443612608156419,
22,103,0.7093712029161604,0.6509377437268317,0.7678046621054891,0.7475754241408429,0.7321395783429595,0.7630112699387263,0.6521442384256626,0.5804517518507593,0.723836725000566,0.4956622325043378,0.36499096711563433,0.6263334978930413,,,,
22,105,0.779252811026478,0.7678453397463504,0.7906602823066057,0.7963368568072882,0.7708331016599579,0.8218406119546184,0.688855421686747,0.6064779407962804,0.7712329025772136,,,,,,,
22,107,0.835,0.71981255412704,0.9501874458729599,,,,,,,,,,,,,
22,109,0.7375366568914956,0.6663090786671149,0.8087642351158764,0.8691654089105036,0.8485560150431372,0.8897748027778701,0.7775910364145658,0.7358622268173802,0.8193198460117515,,,,0.8462174452252997,0.7452596380371291,0.9471752524134703,
22,111,0.8921848260125499,0.7890737051165659,0.9952959469085338,0.7657540199913081,0.6403323495879241,0.8911756903946921,,,,,,,,,,
22,113,0.6567612687813021,0.5552734804436618,0.7582490571189425,0.8094336048494033,0.7661511519169294,0.8527160577818772,,,,,,,,,,
22,115,0.7757594738490448,0.7249969919582966,0.8265219557397929,0.7996572995202194,0.7608344925463115,0.8384801064941272,0.8041182682154171,0.7255924771664748,0.8826440592643594,0.744,0.6546464507286636,0.8333535492713364,,,,
22,117,0.7315327041978522,0.650579729009802,0.8124856793859024,0.8040071636445042,0.7438503732499234,0.864163954039085,,,,,,,,,,
22,119,0.8348017621145375,0.7691378429923725,0.9004656812367025,0.8337411636759108,0.7988957988915915,0.8685865284602301,,,,,,,,,,
22,121,0.8346691519105313,0.7090517028991545,0.960286600921908,0.8456750718161506,0.7825675208942694,0.9087826227380319,,,,,,,,,,
22,123,,,,0.8644301470588235,0.8009123133407376,0.9279479807769093,,,,,,,,,,
22,125,0.9446657813191678,0.8520257540412125,1,0.8454122340425532,0.662981191330746,1,,,,,,,,,,
22,127,0.7535505430242272,0.4122327493776067,1,0.8676470588235294,0.7913688457268708,0.943925271920188,,,,,,,,,,
23,000,0.6445880452342488,0.585678519848544,0.7034975706199537,0.7145804312652411,0.7086295900899795,0.7205312724405026,0.6011419249592169,0.570318231564853,0.6319656183535809,0.575240128068303,0.5221618036858638,0.6283184524507422,0.6511541325390916,0.5694372520014613,0.7328710130767219,
23,001,0.5985294117647059,0.4958600474739494,0.7011987760554623,0.7207382885129926,0.697292875037623,0.7441837019883621,0.6518987341772152,0.48889870197687013,0.8148987663775603,,,,,,,
23,003,,,,0.7886539336061846,0.768789134745627,0.8085187324667422,,,,,,,0.7214484679665738,0.5361703161837004,0.9067266197494472,
23,005,0.6491400491400492,0.5637620317338449,0.7345180665462535,0.6868123444851943,0.6731631837808064,0.7004615051895823,0.559391771019678,0.4938291451232803,0.6249543969160756,0.5818304779080252,0.4984722410269084,0.665188714789142,,,,
23,007,,,,0.7270840851678094,0.687491506757364,0.7666766635782548,,,,,,,,,,
23,009,,,,0.6959637872500943,0.6736448554852874,0.7182827190149013,,,,,,,,,,
23,011,,,,0.7520868970236059,0.7358740381766806,0.7682997558705311,0.7658959537572254,0.6875610025818081,0.8442309049326427,,,,,,,
23,013,,,,0.7164858780188293,0.6845542254933613,0.7484175305442974,,,,,,,,,,
23,015,,,,0.7020079693726072,0.6502671290471919,0.7537488096980226,,,,,,,,,,
23,017,,,,0.714177022571646,0.6864557158833414,0.7418983292599505,,,,,,,,,,
23,019,0.6673132880698351,0.501977509334162,0.8326490668055083,0.764315682050119,0.7432056527979981,0.7854257113022399,0.6656050955414012,0.5614958191549517,0.7697143719278507,0.5831792975970426,0.4313898043675964,0.7349687908264888,0.7994616419919246,0.6079186520225364,0.9910046319613128,
23,021,,,,0.7797062750333779,0.7259448144218688,0.833467735644887,,,,,,,,,,
23,023,,,,0.6579702749250494,0.622589462070565,0.6933510877795339,,,,,,,,,,
23,025,,,,0.755168776371308,0.727052505638118,0.783285047104498,,,,,,,,,,
23,027,,,,0.6698264547178067,0.6337536558943242,0.7058992535412891,,,,,,,,,,
23,029,,,,0.7511275482590655,0.7278500461648544,0.7744050503532766,0.7852112676056338,0.6460448407152474,0.9243776944960201,,,,0.7142857142857143,0.6013008130773112,0.8272706154941174,
23,031,,,,0.6793672041375114,0.6643400535281048,0.694394354746918,0.5631868131868132,0.48786093277287235,0.638512693600754,0.6938622754491018,0.5865081779404793,0.8012163729577244,,,,
24,000,0.6125396257286021,0.6060762806245138,0.6190029708326904,0.6856692873074179,0.6813850910837899,0.689953483531046,0.6153231102247301,0.6045786525828343,0.6260675678666259,0.5875894941916396,0.5780802257040378,0.5970987626792414,0.6430988114860762,0.6068822660604859,0.6793153569116664,
24,001,0.4263565891472868,0.21693660826208325,0.6357765700324903,0.8116285288612141,0.7904030889874556,0.8328539687349725,,,,,,,,,,
24,003,0.7005331485888129,0.6699504158020458,0.7311158813755799,0.7077226104539692,0.6923631765845842,0.7230820443233542,0.6625191914022518,0.6252159178586474,0.6998224649458562,0.7264880417191153,0.6923666789143228,0.7606094045239078,0.6637441980402269,0.5728055880316638,0.75468280804879,
24,005,0.6227259362710867,0.6072844942983819,0.6381673782437915,0.7105972575009976,0.6995830040980405,0.7216115109039546,0.6153451474128745,0.5836998399103644,0.6469904549153845,0.6451643776618653,0.5903291115052686,0.699999643818462,0.6332429990966576,0.476598644555408,0.7898873536379072,
24,009,0.6990269291694954,0.6191828123589841,0.7788710459800067,0.6302149754053562,0.5784516035441208,0.6819783472665916,0.5765100671140939,0.3865336355250242,0.7664864987031637,,,,,,,
24,011,0.7199444058373871,0.614642493372491,0.8252463183022831,0.7654514383366562,0.7151313665304241,0.8157715101428883,,,,,,,,,,
24,013,0.6725222294513121,0.5848867804539681,0.7601576784486561,0.6702091893911094,0.6532226567949289,0.68719572198729,0.5686113393590797,0.4944785314326186,0.6427441472855407,0.6034675615212528,0.5396670232434875,0.6672680997990181,,,,
24,015,0.7633175994605529,0.7013952585707817,0.8252399403503241,0.7175005825759846,0.6836919880630008,0.7513091770889684,0.7129115797262301,0.6028235845481301,0.8229995749043301,0.8062622309197651,0.6494296357946112,0.963094826044919,,,,
24,017,0.49123551631934126,0.45470776997395695,0.5277632626647255,0.7161226970915552,0.6893255089737028,0.7429198852094075,0.5983535528596187,0.5055717140331246,0.6911353916861127,0.5797444391859915,0.474482827976119,0.6850060503958639,,,,
24,019,0.7365766834767131,0.7022914029038697,0.7708619640495565,0.8098485881871504,0.7693220465991908,0.8503751297751101,0.6185792349726776,0.518150140305182,0.7190083296401732,,,,,,,
24,021,0.6491376655374191,0.5939452070924245,0.7043301239824138,0.6520445682451254,0.6362534084466889,0.6678357280435618,0.677273306976151,0.6247277578764646,0.7298188560758373,0.5164272329793879,0.45389200963159565,0.57896245632718,,,,
24,023,,,,0.7719971056439943,0.734690905331799,0.8093033059561895,,,,,,,,,,
24,025,0.6514676019937234,0.6138276139399959,0.689107590047451,0.7174892394182384,0.6936124911848269,0.7413659876516498,0.720449500554939,0.6664565137180425,0.7744424873918354,0.7160745486313337,0.6293812903469417,0.8027678069157257,,,,
24,027,0.6683310418023494,0.6399622651800925,0.6966998184246063,0.6879527653409153,0.6710306383868115,0.7048748922950191,0.6851619644723093,0.6389336395451889,0.7313902893994296,0.5060901339829477,0.47237772911335246,0.5398025388525428,,,,
24,029,0.7251845775225595,0.6120208578374449,0.8383482972076741,0.6919011758488571,0.641006684739748,0.7427956669579663,,,,,,,,,,
24,031,0.5990296960692603,0.5778127531930758,0.6202466389454447,0.5300029018504877,0.5182970788536565,0.5417087248473189,0.5835424180649208,0.5631144156764524,0.6039704204533892,0.5219683427890469,0.5030600035353497,0.5408766820427441,0.6701895043731778,0.44995099223616125,0.8904280165101943,
24,033,0.5447236912580667,0.5320996991078482,0.5573476834082853,0.7221819219654898,0.7093784689387844,0.7349853749921952,0.5866195143514779,0.5660553690635955,0.6071836596393602,0.6510035720360605,0.6258329198259152,0.6761742242462059,0.6222019186843307,0.5419019814617458,0.7025018559069156,
24,035,0.7065158858373721,0.5935165052759299,0.8195152663988143,0.7016528432484038,0.6689862082176437,0.734319478279164,0.6850629874025195,0.5600079115744302,0.8101180632306088,,,,,,,
24,037,0.6998859749144812,0.6333014874738097,0.7664704623551528,0.7194206813747561,0.6983067235188677,0.7405346392306446,0.7377260981912145,0.6159626097977188,0.8594895865847102,0.7917675544794189,0.6615869469238871,0.9219481620349508,,,,
24,039,0.7464438122332859,0.6286438872272251,0.8642437372393468,0.8023748939779474,0.7476726591827377,0.857077128773157,,,,,,,,,,
24,041,0.6888335704125178,0.6043995322423783,0.7732676085826573,0.7779878460499663,0.7462268073930184,0.8097488847069142,0.6003184713375797,0.5242539222596272,0.6763830204155321,,,,,,,
24,043,0.6248976248976249,0.539076344505883,0.7107189052893668,0.7759522940245832,0.7530272911585271,0.7988772968906394,0.7163282221301285,0.6401519407972704,0.7925045034629865,0.6520847573479153,0.6084246937205959,0.6957448209752346,,,,
24,045,0.8102442581115566,0.7622546309990763,0.858233885224037,0.8189588430212753,0.7936213416883354,0.8442963443542152,0.7054356514788169,0.6644960732454972,0.7463752297121367,0.7467213114754099,0.6146237704150941,0.8788188525357257,,,,
24,047,0.7763831967213115,0.7404921195065801,0.8122742739360429,0.7481892433348744,0.7134610820508026,0.7829174046189461,0.6653674832962138,0.5143318603416974,0.8164031062507301,,,,,,,
24,510,0.6167396309628044,0.6015074059888499,0.6319718559367589,0.7058831676997126,0.6919402718541254,0.7198260635452998,0.5933130891377238,0.5539940750394248,0.6326321032360229,0.6479607802232189,0.6137817726348233,0.6821397878116146,0.5609386828160484,0.43652138937876794,0.6853559762533289,
25,000,0.5755412492646353,0.5630474437603095,0.5880350547689612,0.6475454216125582,0.6440679733631097,0.6510228698620067,0.5680964214939199,0.558692599684719,0.5775002433031209,0.4605063318027494,0.45143653594077454,0.4695761276647243,0.5316214397847051,0.47828113094397384,0.5849617486254364,
25,001,0.7943048576214405,0.7132221437820836,0.8753875714607975,0.7309753364472502,0.7102984832192785,0.751652189675222,0.5759019741320627,0.46150106539885466,0.6903028828652706,0.6676557863501483,0.5588831452893194,0.7764284274109773,,,,
25,003,0.6694263749260793,0.5595594508785905,0.779293298973568,0.7350797896872983,0.7132914210157734,0.7568681583588232,0.5894707364883786,0.5238487419348086,0.6550927310419485,0.5073465859982714,0.36927166155373004,0.6454215104428128,,,,
25,005,0.7235270700636943,0.6598493833977077,0.7872047567296809,0.7474117796465112,0.7388990374050433,0.7559245218879791,0.6540792329956585,0.6098851814298752,0.6982732845614418,0.6110278194236215,0.5574972071414408,0.6645584317058022,,,,
25,007,,,,0.5683078664402943,0.46462876471890474,0.6719869681616839,,,,,,,,,,
25,009,0.6516961299569995,0.6076455234596796,0.6957467364543195,0.6746274031575588,0.6667788695980187,0.6824759367170988,0.6253271409769602,0.5989944098542016,0.6516598720997188,0.6630027632790911,0.6239603916118639,0.7020451349463184,,,,
25,011,,,,0.6984437996910208,0.6726463400224062,0.7242412593596353,0.7120456165359943,0.5993482376689546,0.824742995403034,0.4952741020793951,0.28655429861950255,0.7039939055392876,,,,
25,013,0.7438398023535531,0.7064113499086275,0.7812682547984786,0.7950688486770962,0.778954527589042,0.8111831697651503,0.6854670048502648,0.6563326845542465,0.714601325146283,0.6626652748782185,0.6028100508639895,0.7225204988924474,,,,
25,015,0.6473737035797926,0.5282600472727749,0.7664873598868104,0.6611711199545196,0.6421717595303245,0.6801704803787147,0.6186096835271842,0.5544410039290903,0.682778363125278,0.3078607933803845,0.23480750068678308,0.38091408607398597,,,,
25,017,0.614560236511456,0.5875389769875236,0.6415814960353884,0.620628210924016,0.6142358513667624,0.6270205704812696,0.5821238669164936,0.5656990778629657,0.5985486559700216,0.46456672819605477,0.45169254807364034,0.4774409083184692,0.6180048661800487,0.5387577486366725,0.6972519837234249,
25,019,,,,0.6308758040573973,0.5727148178829636,0.689036790231831,,,,,,,,,,
25,021,0.5909299452973354,0.570267465085901,0.6115924255087699,0.6640830497039895,0.6551520716108293,0.6730140277971496,0.5590277777777778,0.5212755841582413,0.5967799713973143,0.4402581182348043,0.415858419359048,0.46465781711056064,,,,
25,023,0.6331569664902998,0.6034669724813472,0.6628469604992525,0.6968833132648203,0.6843845365689474,0.7093820899606933,0.5919459771061517,0.5455937014534437,0.6382982527588598,0.7173622456557255,0.6703331717012996,0.7643913196101514,,,,
25,025,0.43607972261717676,0.41493390073712966,0.45722554449722386,0.44796738516273626,0.4393546747102291,0.45658009561524343,0.39975995280428017,0.3827278868575591,0.41679201875100125,0.3193637289557246,0.30097758251277157,0.3377498753986777,0.3448456305599163,0.25501420510123596,0.43467705601859663,
25,027,0.6561005669213704,0.6225745946319183,0.6896265392108225,0.7142324329788383,0.7042457343216431,0.7242191316360336,0.64027326925933,0.6178511771943792,0.6626953613242809,0.581817297402471,0.5465408169455688,0.6170937778593732,0.6275071633237822,0.5729526984606218,0.6820616281869426,
26,000,0.6961715032759224,0.6884047537352428,0.7039382528166019,0.7587653072975982,0.7571244666467648,0.7604061479484315,0.7080244692335372,0.6987732753233689,0.7172756631437056,0.63283861552441,0.6210470187329155,0.6446302123159046,0.7224248189841974,0.6959047902998439,0.748944847668551,
26,001,,,,0.7062074829931972,0.6325419300295897,0.7798730359568048,,,,,,,,,,
26,003,,,,0.7350157728706624,0.65335707031599,0.8166744754253349,,,,,,,,,,
26,005,0.781974817760106,0.6474783316973671,0.9164713038228449,0.752064377005207,0.7397820416768109,0.7643467123336031,0.7856821251688428,0.7123548605716774,0.8590093897660083,0.6809872029250457,0.5771644498882043,0.7848099559618871,,,,
26,007,,,,0.8016001293033781,0.7667068555151602,0.836493403091596,,,,,,,,,,
26,009,,,,0.692458374142997,0.6439465518910988,0.7409701963948953,,,,,,,,,,
26,011,,,,0.7732653061224489,0.7565599923255667,0.7899706199193312,,,,,,,,,,
26,013,,,,0.7989712816116588,0.7570303331047858,0.8409122301185317,,,,,,,0.8404255319148937,0.7072676635594429,0.9735834002703444,
26,015,,,,0.7012909632571996,0.6716779331294219,0.7309039933849774,,,,,,,,,,
26,017,,,,0.8072183867866818,0.7779799691549271,0.8364568044184365,0.8268522308636922,0.7606868862321899,0.8930175754951944,,,,,,,
26,019,,,,0.721402949382224,0.681856008381987,0.7609498903824611,,,,,,,,,,
26,021,0.7270584973662323,0.6802965593964595,0.7738204353360051,0.7733373337333733,0.7566667194664135,0.7900079480003331,0.6418412205844324,0.5762396213945091,0.7074428197743556,0.6352112676056338,0.47998501559690754,0.7904375196143602,,,,
26,023,,,,0.7774515159792407,0.7431876565985627,0.8117153753599187,0.6354238456237078,0.5106015727436944,0.7602461185037211,,,,,,,
26,025,0.7924260834345889,0.7220714639559057,0.862780702913272,0.819416914436736,0.8061891140133185,0.8326447148601536,0.7248422949834785,0.6467115760516355,0.8029730139153215,0.8381976446492575,0.7355667382907471,0.9408285510077679,,,,
26,027,0.5814234016887817,0.5156158155956659,0.6472309877818975,0.7260068373217711,0.6842591658721778,0.7677545087713643,0.7575757575757576,0.6201007696087937,0.8950507455427215,,,,,,,
26,029,,,,0.7432493047456715,0.7256805878923455,0.7608180215989976,,,,,,,,,,
26,031,,,,0.7145336225596529,0.6763943892303537,0.7526728558889522,,,,,,,,,,
26,033,,,,0.7926598902581632,0.7671428791007325,0.8181769014155938,,,,,,,0.768503937007874,0.7157609508929864,0.8212469231227616,
26,035,,,,0.7155172413793104,0.6715888967761393,0.7594455859824815,,,,,,,,,,
26,037,,,,0.6688244432936302,0.6524618848705891,0.6851870017166714,0.6917355371900826,0.5726168286353706,0.8108542457447947,,,,,,,
26,039,,,,0.7973882881044685,0.7462622577935054,0.8485143184154316,,,,,,,,,,
26,041,,,,0.8175074183976261,0.7950754712310821,0.83993936556417,,,,,,,,,,
26,043,,,,0.8061540846380406,0.7769009050712583,0.8354072642048229,,,,,,,,,,
26,045,0.5200788371520079,0.44008424597390805,0.6000734283301077,0.7537427078696437,0.7345705410068867,0.7729148747324007,0.6960061053167133,0.6398293836140097,0.7521828270194169,0.7426337943475646,0.6168014004695797,0.8684661882255496,,,,
26,047,,,,0.7674134193118016,0.743647505391932,0.7911793332316712,0.715962441314554,0.5913108760028967,0.8406140066262113,,,,0.89501312335958,0.8535945992863948,0.9364316474327653,
26,049,0.7347445080228883,0.7065238932935535,0.7629651227522231,0.7861527780315349,0.7736562446973145,0.7986493113657553,0.7001843472431708,0.6442417830933315,0.7561269113930101,0.7996298010180471,0.7114355080136299,0.8878240940224644,,,,
26,051,,,,0.7477145148356055,0.7212682501689798,0.7741607795022312,,,,,,,,,,
26,053,,,,0.8413805764641087,0.8025640626960436,0.8801970902321737,,,,,,,,,,
26,055,,,,0.7480347616264822,0.7284918567412204,0.767577666511744,0.5789473684210527,0.4634554369304262,0.6944392999116791,,,,,,,
26,057,,,,0.7853704784130688,0.7521902765680041,0.8185506802581336,0.8353457738748628,0.699458437634518,0.9712331101152075,,,,,,,
26,059,,,,0.7255274107599095,0.7068593956723666,0.7441954258474524,0.6710280373831776,0.47963833892895835,0.8624177358373969,,,,,,,
26,061,,,,0.6807589193648175,0.6500819702650095,0.7114358684646255,,,,0.2531847133757962,0.14940103331676216,0.3569683934348302,,,,
26,063,,,,0.7835792370613868,0.761349288722805,0.8058091853999685,0.6415929203539823,0.5282935841174792,0.7548922565904854,,,,,,,
26,065,0.6408871606538489,0.5844435541201664,0.6973307671875314,0.7299187954660802,0.714832874233266,0.7450047166988943,0.6736254980079681,0.6262662819145007,0.7209847141014355,0.5140795904119153,0.47097110715664414,0.5571880736671865,0.7154046997389034,0.5873037754232071,0.8435056240545997,
26,067,,,,0.7359148887490705,0.724227947649288,0.747601829848853,0.6836158192090396,0.5421840959477888,0.8250475424702903,,,,,,,
26,069,,,,0.7887339289605578,0.7551908796955484,0.8222769782255672,,,,,,,,,,
26,071,,,,0.755841428196377,0.7202835273987489,0.7913993289940051,,,,,,,,,,
26,073,0.6089385474860335,0.43062201167871145,0.7872550832933556,0.7691611240728489,0.743093085723587,0.7952291624221107,0.779113924050633,0.6981517453176145,0.8600761027836514,0.4990138067061144,0.3476819196746985,0.6503456937375303,0.7073608617594255,0.575693762947771,0.83902796057108,
26,075,0.7553279822861888,0.6727816310764627,0.8378743334959149,0.7825771456560783,0.7655175393672389,0.7996367519449177,0.8269394714407502,0.7618634697930495,0.8920154730884509,0.8460526315789474,0.6843324313519784,1,,,,
26,077,0.7277329672215548,0.6729646193762108,0.7825013150668988,0.7867106520620452,0.7738957490699191,0.7995255550541712,0.7225425397271832,0.671878979672112,0.7732060997822544,0.6064343163538874,0.5019290076642603,0.7109396250435146,,,,
26,079,,,,0.7779346510689794,0.7260713630281962,0.8297979391097626,,,,,,,,,,
26,081,0.679911998646133,0.6508529188581452,0.7089710784341209,0.7746710364443394,0.766948031120347,0.7823940417683318,0.7102803738317757,0.680233281513908,0.7403274661496433,0.71053525913339,0.6608216345716109,0.7602488836951691,0.6685971685971686,0.5731580281975801,0.764036308996757,
26,083,,,,0.6197183098591549,0.48311618625143754,0.7563204334668723,,,,,,,,,,
26,085,,,,0.7232044198895028,0.6695200963782602,0.7768887434007454,,,,,,,,,,
26,087,,,,0.7585748691969105,0.7285623314693676,0.7885874069244535,0.662090007627765,0.5248347015013642,0.7993453137541658,,,,,,,
26,089,,,,0.7120654396728017,0.6626461291812389,0.7614847501643645,,,,,,,,,,
26,091,,,,0.7573322764286229,0.7405060559172875,0.7741584969399583,0.6660597232337946,0.5695486220392608,0.7625708244283284,,,,,,,
26,093,0.6723502304147465,0.5399020157936096,0.8047984450358834,0.6877062331607786,0.6701926497779411,0.7052198165436161,0.7331858407079646,0.6493608262141499,0.8170108552017792,0.7473073736536868,0.5861154182609039,0.9084993290464698,,,,
26,095,,,,0.806006006006006,0.7654743658627027,0.8465376461493094,,,,,,,,,,
26,097,,,,0.6277441934457525,0.5856859472953058,0.6698024395961992,,,,,,,0.7505154639175258,0.6774518895197481,0.8235790383153034,
26,099,0.6913269352791879,0.664300955108755,0.7183529154496208,0.7467503461830527,0.7388437235439121,0.7546569688221932,0.7356939614290231,0.687045348808371,0.7843425740496752,0.6726118166758697,0.6451459952907846,0.7000776380609547,0.6451612903225806,0.5180662801021412,0.7722563005430201,
26,101,,,,0.7511837121212122,0.7232913242484487,0.7790760999939756,,,,,,,,,,
26,103,,,,0.7746449744933132,0.7510493566222896,0.7982405923643368,,,,,,,0.7340425531914894,0.5746164943151575,0.8934686120678212,
26,105,,,,0.7422867513611615,0.7139761855713184,0.7705973171510047,0.509829619921363,0.36281499983370247,0.6568442400090235,,,,,,,
26,107,,,,0.7554175293305728,0.7341444492800164,0.7766906093811292,0.6820512820512821,0.5271338988560765,0.8369686652464876,,,,,,,
26,109,,,,0.7694650423728814,0.7319182285342577,0.8070118562115051,,,,,,,0.8058823529411765,0.6531666967531162,0.9585980091292368,
26,111,,,,0.7840320837362762,0.7621862774614331,0.8058778900111193,0.8558014755197854,0.7541078340816785,0.9574951169578922,0.7795031055900621,0.6585014274040354,0.9005047837760888,,,,
26,113,,,,0.7570339205890086,0.72619294752563,0.7878748936523873,,,,,,,,,,
26,115,0.8418491484184915,0.7237847422823727,0.9599135545546102,0.7584758041147494,0.734825046655753,0.7821265615737457,0.7906174542945843,0.6850686846078087,0.8961662239813599,,,,,,,
26,117,,,,0.7871457126749013,0.761265838290561,0.8130255870592416,0.8359303391384051,0.696077904777545,0.9757827734992651,,,,,,,
26,119,,,,0.7714390872285609,0.6958438678262644,0.8470343066308574,,,,,,,,,,
26,121,0.8299390774586597,0.7962026393133896,0.8636755156039297,0.8072774812071032,0.7881549500161013,0.8264000123981051,0.7705882352941177,0.6913885666470787,0.8497879039411567,,,,,,,
26,123,,,,0.745631481744566,0.7078792203520116,0.7833837431371203,0.6637246248896734,0.5958408221800565,0.7316084275992903,,,,,,,
26,125,0.7148725704592368,0.7002133852312555,0.7295317556872181,0.7486414200450537,0.7459336615609132,0.7513491785291943,0.727197162806162,0.7076006081770345,0.7467937174352894,0.5998009876907201,0.5777424759023466,0.6218594994790936,0.7697628458498024,0.6236286938616995,0.9158969978379052,
26,127,,,,0.7694822888283379,0.7530905224788416,0.7858740551778343,0.6966618287373004,0.6196276035655666,0.7736960539090343,,,,,,,
26,129,,,,0.8090628507295174,0.7790721039666753,0.8390535974923596,,,,,,,,,,
26,131,,,,0.6398416886543535,0.586769796736818,0.6929135805718891,,,,,,,,,,
26,133,,,,0.7908815390697062,0.7638332702563918,0.8179298078830205,,,,,,,,,,
26,135,,,,0.6807002917882451,0.6286189596332488,0.7327816239432414,,,,,,,,,,
26,137,,,,0.76989950550327,0.737857733817603,0.801941277188937,,,,,,,,,,
26,139,0.71633398931684,0.6915190187286964,0.7411489599049836,0.759401582505109,0.7498701734221703,0.7689329915880477,0.7395888869142824,0.7016215067598451,0.7775562670687196,0.7244484466456551,0.6606988976911549,0.7881979956001554,0.7372488408037094,0.5894294466896999,0.885068234917719,
26,141,,,,0.7407511210762332,0.6907865849416567,0.7907156572108097,,,,,,,,,,
26,143,,,,0.7085240274599542,0.6691194071109015,0.747928647809007,,,,,,,,,,
26,145,0.7250293772032902,0.6597823999573311,0.7902763544492493,0.8168232095853171,0.8032215697905801,0.830424849380054,0.7288820741566769,0.6765645180731811,0.7811996302401728,0.6962343096234309,0.5690273270152195,0.8234412922316423,,,,
26,147,0.6952822892498066,0.5640845779718462,0.826480000527767,0.770907980456026,0.7530029825444343,0.7888129783676178,0.6923076923076923,0.568764396944109,0.8158509876712756,,,,,,,
26,149,0.7422839506172839,0.7158946327229743,0.7686732685115936,0.7436316896471138,0.7246897438125601,0.7625736354816675,0.5854846566000974,0.4800621210056924,0.6909071921945025,,,,,,,
26,151,,,,0.7503765060240963,0.7297203260046102,0.7710326860435824,0.8180112570356473,0.7152251782441417,0.9207973358271528,,,,,,,
26,153,,,,0.7679290894439967,0.7115290045501463,0.8243291743378471,,,,,,,0.788235294117647,0.6826224939319901,0.8938480943033039,
26,155,,,,0.7539996049772862,0.7257389062326592,0.7822603037219132,,,,,,,,,,
26,157,,,,0.8089912442057243,0.7757500006123474,0.8422324877991012,0.8169761273209549,0.7167049896193637,0.9172472650225462,,,,,,,
26,159,0.8553948832035595,0.721616335138624,0.989173431268495,0.7386211667050957,0.7153443133747706,0.7618980200354208,0.6950028719126938,0.6286368588797666,0.761368884945621,,,,,,,
26,161,0.6930630744051366,0.6489099127078709,0.7372162361024023,0.6780991001476272,0.6634889613685385,0.6927092389267159,0.5822197767646596,0.5286157258228253,0.6358238277064939,0.541239602897773,0.4997420671210414,0.5827371386745045,0.5566600397614314,0.4900474656691348,0.623272613853728,
26,163,0.6799209808880735,0.6665200295049214,0.6933219322712256,0.7746178801063681,0.7661556643201636,0.7830800958925727,0.7039099102884636,0.6881371192184433,0.7196827013584839,0.6477709260008088,0.6214706423161527,0.6740712096854649,0.7548167737060824,0.648616566063998,0.8610169813481667,
26,165,,,,0.8014103425117528,0.783219934947178,0.8196007500763276,0.6110056925996205,0.37935901901933256,0.8426523661799084,,,,,,,
27,000,0.6400215525708737,0.6247290248589499,0.6553140802827975,0.7068309114240133,0.7042733506098431,0.7093884722381836,0.6383648331779529,0.6258230140658948,0.650906652290011,0.5858917402958403,0.5738686789422279,0.5979148016494528,0.6180780502853617,0.6004815411744827,0.6356745593962406,
27,001,,,,0.7124549459351222,0.677257513267936,0.7476523786023083,,,,,,,,,,
27,003,0.6337430653758295,0.578126037047442,0.6893600937042169,0.6884836157412993,0.6740212021641842,0.7029460293184145,0.6575633037253082,0.5995822888779683,0.7155443185726482,0.5988149180899268,0.5480113642817415,0.6496184718981122,0.6450809464508095,0.5195491579396742,0.7706127349619448,
27,005,,,,0.7569315394335836,0.7222509216018861,0.7916121572652811,,,,,,,0.7639405204460966,0.6294265794672971,0.8984544614248962,
27,007,,,,0.787089061566049,0.7566254106914934,0.8175527124406046,,,,,,,0.7814490445859873,0.7209975104807931,0.8419005786911815,
27,009,,,,0.7404249737670514,0.7119663787968944,0.7688835687372084,,,,,,,,,,
27,011,,,,0.7164556962025317,0.6590206502010962,0.7738907422039671,,,,,,,,,,
27,013,0.6358520900321544,0.45414266310168494,0.8175615169626238,0.786499436302142,0.7623462108173399,0.8106526617869442,0.7186803388319215,0.6088689847976076,0.8284916928662354,0.6458123107971746,0.4976535413132639,0.7939710802810853,,,,
27,015,,,,0.8089507333584054,0.7837427619009774,0.8341587048158334,0.7624521072796935,0.5973917770836251,0.9275124374757618,,,,,,,
27,017,,,,0.7435054258467609,0.7215666846611081,0.7654441670324138,,,,,,,0.6934673366834171,0.6278978197264753,0.7590368536403589,
27,019,0.7380952380952381,0.6408873812833941,0.8353030949070822,0.6366899026847954,0.6118396231791581,0.6615401821904328,0.6544727943436828,0.5669366739424477,0.7420089147449178,0.5546364823683065,0.4788164114970923,0.6304565532395208,,,,
27,021,,,,0.7113839285714286,0.676181437727404,0.7465864194154532,,,,,,,0.6892797319932998,0.6024812334336938,0.7760782305529059,
27,023,,,,0.8161065313887127,0.7809105195837696,0.8513025431936558,0.7521551724137931,0.5435244186101948,0.9607859262173915,,,,,,,
27,025,,,,0.685990875709358,0.6659927850186175,0.7059889664000986,,,,,,,,,,
27,027,0.5853462157809984,0.4003834600391959,0.770308971522801,0.6994386284327113,0.6709745603628005,0.7279026965026222,0.7529550827423168,0.5776842739627209,0.9282258915219127,,,,,,,
27,029,,,,0.7363164202956453,0.6978871995549435,0.774745641036347,,,,,,,0.6649214659685864,0.45070961479377913,0.8791333171433936,
27,031,,,,0.6513335910320835,0.5991779093306621,0.703489272733505,,,,,,,0.7988505747126436,0.6853076145149687,0.9123935349103186,
27,033,,,,0.7525394424032851,0.7133661978764262,0.791712686930144,0.5319905213270142,0.4364904274968866,0.6274906151571418,,,,,,,
27,035,,,,0.7538256169824835,0.7345667379997205,0.7730844959652465,0.685374149659864,0.5298249586332953,0.8409233406864327,,,,,,,
27,037,0.631614756576958,0.5917985301982803,0.6714309829556356,0.6621008921701419,0.6498696207841279,0.6743321635561559,0.5927902991959931,0.5557790458000451,0.6298015525919411,0.5684294234592445,0.5186802995701679,0.6181785473483211,0.7009029345372461,0.5683063485266397,0.8334995205478524,
27,039,,,,0.6692459960410293,0.6329826557889427,0.7055093362931159,,,,,,,,,,
27,041,,,,0.7954371849060448,0.7729258580631359,0.8179485117489537,0.7404761904761905,0.6408407219419003,0.8401116590104807,,,,,,,
27,043,,,,0.7521332791548151,0.7288314315436375,0.7754351267659927,0.7108433734939759,0.5029127823058224,0.9187739646821294,,,,,,,
27,045,,,,0.6634112792297111,0.6316791450515811,0.6951434134078411,,,,,,,,,,
27,047,,,,0.7931534142365514,0.7681427274178818,0.818164101055221,0.71869918699187,0.62160931782028,0.81578905616346,,,,,,,
27,049,,,,0.7698493931861383,0.744006451049311,0.7956923353229657,0.7375809935205183,0.5876684298534377,0.8874935571875989,,,,,,,
27,051,,,,0.6456123432979749,0.6055871905325555,0.6856374960633943,,,,,,,,,,
27,053,0.6273263731275533,0.6029560310888061,0.6516967151663006,0.6714659471028694,0.6652060796391498,0.6777258145665891,0.6111430873719351,0.5913431378547027,0.6309430368891675,0.5819878113008803,0.558020920449991,0.6059547021517696,0.555025011368804,0.5100518493460628,0.5999981733915452,
27,055,,,,0.665580682253737,0.6139763254651707,0.7171850390423034,,,,,,,,,,
27,057,,,,0.7084607543323139,0.6807591117888937,0.7361623968757341,,,,,,,,,,
27,059,,,,0.7046436285097192,0.663045058392562,0.7462421986268764,,,,,,,,,,
27,061,,,,0.7612592354641825,0.7331655605097217,0.7893529104186433,,,,,,,0.5603112840466926,0.42870806425849917,0.6919145038348861,
27,063,,,,0.7782569223785747,0.7395386908006849,0.8169751539564645,,,,,,,,,,
27,065,,,,0.7508949252474205,0.715361342464221,0.78642850803062,,,,,,,,,,
27,067,,,,0.8115737473535639,0.7924837677442881,0.8306637269628397,0.7221103503826017,0.6472168638653258,0.7970038368998776,,,,,,,
27,069,,,,0.7409753008233059,0.7004392515747166,0.7815113500718951,,,,,,,,,,
27,071,,,,0.7109777015437393,0.6411422426281144,0.7808131604593642,,,,,,,,,,
27,073,,,,0.6958904109589041,0.6588219805131709,0.7329588414046374,,,,,,,,,,
27,075,,,,0.7220093656875266,0.6718643815474263,0.7721543498276269,,,,,,,,,,
27,077,,,,0.7906304222093696,0.7462337802324075,0.8350270641863318,,,,,,,,,,
27,079,,,,0.734107655801174,0.69883960319413585,0.7693757084082121,0.6378378378378379,0.5473614593797492,0.7283142162959265,,,,,,,
27,081,,,,0.656824512534819,0.6213069643043476,0.6923420607652904,,,,,,,,,,
27,083,,,,0.7557929334428923,0.7293598437923101,0.7822260230934746,0.6260683760683761,0.42334420529989325,0.8287925468368589,0.5992970123022847,0.37106872531089496,0.8275252992936745,,,,
27,085,,,,0.7973675963647759,0.7766317338505667,0.8181034588789852,0.6918646508279338,0.5572287577150434,0.8265005439408242,,,,,,,
27,087,,,,0.7283531409168081,0.6678737739108871,0.7888325079227292,,,,,,,0.6971544715447154,0.6356884100042944,0.7586205330851364,
27,089,,,,0.69701230228471,0.6417561405419151,0.7522684640275049,,,,,,,,,,
27,091,,,,0.8112263139077583,0.7847364217937841,0.8377162060217326,0.7382753403933434,0.6311804546486512,0.8453702261380356,,,,,,,
27,093,,,,0.7883519206939281,0.7609713213700435,0.8157325200178127,,,,,,,,,,
27,095,,,,0.7389927469608745,0.7054153726087747,0.7725701213129742,,,,,,,0.6572164948453608,0.5865146314301966,0.7279183582605251,
27,097,,,,0.7602878916172735,0.741276861983709,0.779298921250838,,,,,,,,,,
27,099,,,,0.7729311678267595,0.7528048856341052,0.7930574500194139,0.7234401349072512,0.5714608962824411,0.8754193735320613,0.5435005117707267,0.39728650693397494,0.6897145166074784,,,,
27,101,,,,0.7433467006926723,0.6988521723897737,0.7878412289955709,,,,,,,,,,
27,103,,,,0.7098174390399592,0.6900042550792135,0.7296306230007049,0.7187153931339978,0.5809376704790712,0.8564931157889244,,,,,,,
27,105,,,,0.810790273556231,0.776470004949725,0.8451105421627371,0.6323185011709602,0.560416982015072,0.7042200203268485,,,,,,,
27,107,,,,0.7163509471585244,0.6655501403576969,0.767151753959352,,,,,,,,,,
27,109,0.5849720554750569,0.50723088572896,0.6627132252211538,0.7309477208661078,0.7182976559628099,0.7435977857694057,0.5885785744060025,0.48562369346254197,0.691533455349463,0.5723592368543509,0.5163117900822871,0.6284066836264146,,,,
27,111,,,,0.7528813707875016,0.7319815219416618,0.7737812196333415,0.6796577946768061,0.5424344687676103,0.8168811205860019,,,,,,,
27,113,,,,0.7999047732412808,0.7774056231488968,0.8224039233336649,,,,,,,,,,
27,115,,,,0.7362624756223471,0.7051257852155538,0.7673991660291405,,,,,,,,,,
27,117,,,,0.7775229357798165,0.7363946862679954,0.8186511852916375,,,,,,,,,,
27,119,,,,0.7422662343352905,0.7190074784486671,0.7655249902219139,0.83203125,0.6779809090487695,0.9860815909512305,,,,,,,
27,121,,,,0.7184400360685302,0.6769940112263053,0.7598860609107552,,,,,,,,,,
27,123,0.6603749683303775,0.6281667538383732,0.6925831828223817,0.7008655111131626,0.6946174111629245,0.7071136110634008,0.6294540986484114,0.5980833745010292,0.6608248227957936,0.6211747643219725,0.5988052643602415,0.6435442642837035,0.4580965909090909,0.366187766517022,0.5500054153011598,
27,125,,,,0.6811224489795918,0.6096648157416501,0.7525800822175336,,,,,,,,,,
27,127,,,,0.7636080870917574,0.7403158002138478,0.786900373969667,,,,,,,0.8377192982456141,0.8063438475871613,0.8690947489040669,
27,129,,,,0.7733990147783252,0.7390849001375203,0.8077131294191301,0.7305502846299811,0.585953831965974,0.8751467372939882,,,,,,,
27,131,0.541799617102744,0.416109956439077,0.6674892777664111,0.6887222946544981,0.6647079357214877,0.7127366535875085,0.6662229617304493,0.5570182932125869,0.7754276302483116,0.35141509433962265,0.20705297621218494,0.49577721246706036,,,,
27,133,,,,0.7306680694371384,0.6817384448510742,0.7795976940232026,,,,,,,,,,
27,135,,,,0.7362883994950203,0.7139928324828705,0.7585839665071702,,,,,,,,,,
27,137,0.5979695431472081,0.45478158950851966,0.7411574967858965,0.7623353688376349,0.7499118337114977,0.774758903963772,0.6821963394342762,0.5988699801357094,0.765522698732843,0.6347169811320754,0.5280286522997301,0.7414053099644208,0.4991596638655462,0.45093583661486775,0.5473834911162246,
27,139,0.7527657527657527,0.6616098873180156,0.8439216182134899,0.6638511308757994,0.6409115609265469,0.6867907008250519,0.5819108280254777,0.49430092035037404,0.6695207357005812,0.5096596136154554,0.4770266094922629,0.5422926177386479,,,,
27,141,,,,0.697223712446352,0.6776089518099491,0.7168384730827548,0.5407537248028046,0.38650777307641193,0.6949996765291973,,,,,,,
27,143,,,,0.6968348170128585,0.6493535355692073,0.7443160984565098,,,,,,,,,,
27,145,0.64742465316536435,0.5738951616012815,0.7209541447294472,0.7907010979574312,0.7852717870626131,0.7961304088522492,0.6454144188327612,0.5745522360448287,0.7162766016206936,0.596971177332682,0.5270623623422246,0.6668799923231394,,,,
27,147,,,,0.8267111135007258,0.7973657485725864,0.8560564784288652,0.7119722382880278,0.5977554570806458,0.8261890194954098,,,,,,,
27,149,,,,0.7780224179343475,0.7451432363530178,0.8109015995156771,0.5288888888888889,0.3906565364298481,0.6671212413479296,,,,,,,
27,151,,,,0.7819229602669093,0.7486034452945168,0.8152424752393018,,,,,,,,,,
27,153,,,,0.6578268348623854,0.6459336664397177,0.669720003285053,0.5729890764647467,0.4386757584666951,0.7073023944627983,,,,,,,
27,155,,,,0.6979806848112379,0.6469777816326128,0.748983587989863,,,,,,,,,,
27,157,,,,0.7051436205744823,0.6722135199489591,0.7380737212000056,,,,,,,,,,
27,159,,,,0.788573174457684,0.7572430126437809,0.8199033362715872,,,,,,,,,,
27,161,,,,0.7682989250981062,0.7334572720751427,0.8031405781210696,,,,,,,,,,
27,163,0.6466136965569429,0.5931130913330187,0.7001143017808671,0.6337922937346568,0.6202806491654582,0.6473039383038555,0.6602851323828921,0.6059138096195846,0.7146564551461996,0.5206263498920086,0.4796825167311134,0.5615701830529038,,,,
27,165,,,,0.7174249458372021,0.6616267498691142,0.77322314180529,0.7684630738522954,0.7119025350798207,0.8250236126247701,,,,,,,
27,167,,,,0.7411575562700965,0.6546095888982686,0.8277055236419244,,,,,,,,,,
27,169,,,,0.7675759682630567,0.7411775091601079,0.7939744273660055,0.7488015340364333,0.6276985912895385,0.8699044767833282,,,,,,,
27,171,0.6386785960082588,0.48310749392234986,0.7942496980941678,0.7051861887589408,0.6828643355218835,0.7275080419959981,0.6559701492537313,0.5388813826197997,0.773058915887663,0.5572755417956656,0.3790555164313975,0.7354955671599337,,,,
27,173,,,,0.7621133315083493,0.7381425711286133,0.7860840918880853,,,,,,,,,,
28,000,0.8109419121101602,0.8033279347405875,0.8185558894797329,0.8296199540262238,0.8259195781036187,0.8333203299488289,0.7551604106157018,0.7314265732376674,0.7788942479937363,0.6706450140220439,0.6355614377143525,0.7057285903297353,0.7565649396735273,0.6964025730973811,0.8167273062496736,
28,001,0.904718527965021,0.8843109487665428,0.9251261071634991,0.8971696192221543,0.8700935562537271,0.9242456821905816,,,,,,,,,,
28,003,0.5866261398176292,0.40418517607633725,0.7690671035589212,0.8508471746932643,0.8219037434193983,0.8797906059671303,,,,,,,,,,
28,005,,,,0.7984313725490196,0.6965601342041507,0.9003026108938885,,,,,,,,,,
28,007,0.7475292003593891,0.61785506708628,0.8772033336324981,0.824466159971046,0.7981676622544,0.850764657687692,,,,,,,,,,
28,009,,,,0.7927170868347339,0.7110291605164315,0.8744050131530362,,,,,,,,,,
28,011,0.8264388489208633,0.7706921537312493,0.8821855441104772,0.898876404494382,0.8511569209298452,0.9465958880589188,,,,,,,,,,
28,013,0.8348214285714286,0.7950235915607127,0.8746192655821445,0.8335511982570806,0.7606081626643427,0.9064942338498184,,,,,,,,,,
28,015,,,,0.6168421052631579,0.4272684744068067,0.806415736119509,,,,,,,,,,
28,017,0.8338509316770186,0.7331150212307186,0.9345868421233187,0.8514285714285714,0.7860419608902794,0.9168151819668634,,,,,,,,,,
28,019,,,,0.8190356919223544,0.7200314756071962,0.9180399082375126,,,,,,,,,,
28,021,0.8343516632722335,0.7462010393331072,0.9225022872113599,,,,,,,,,,,,,
28,023,0.8033707865168539,0.6317070815983423,0.9750344914353655,0.8048780487804879,0.7054718552546737,0.904284242306302,,,,,,,,,,
28,025,0.9180286648227307,0.8745432771008196,0.9615140525446418,0.8077048645119165,0.733988063045993,0.88142166597784,,,,,,,,,,
28,027,0.7904129487445528,0.7335094690484211,0.8473164284406846,0.9057377049180327,0.8561129869184271,0.9553624229176384,,,,,,,,,,
28,029,0.8274701743652493,0.7585130886821649,0.8964272600483336,0.7765991642558663,0.6904130651594129,0.8627852633523196,,,,,,,,,,
28,031,0.7889291257113296,0.6036640317200457,0.9741942197026134,0.8188325991189427,0.770956343839501,0.8667088543983844,,,,,,,,,,
28,033,0.7968119776709367,0.7695005904844966,0.8241233648573768,0.7562811378368244,0.7278746423955984,0.7846876332780504,0.7450381679389313,0.6787248375349242,0.8113514983429384,0.7623413258110014,0.6359506772547949,0.888731974367208,,,,
28,035,0.812352848846335,0.7835642000031341,0.8411414976895358,0.8280812977810926,0.808421585259977,0.8477410103022083,0.7777777777777778,0.6436695583401872,0.9118859972153683,,,,,,,
28,037,,,,0.7548936170212766,0.6348831355716175,0.8749040984709356,,,,,,,,,,
28,039,,,,0.7698042870456664,0.7313034266202033,0.8083051474711295,,,,,,,,,,
28,041,,,,0.8156028368794326,0.7457116211960795,0.8854940525627857,,,,,,,,,,
28,043,0.83978756362027,0.8201429592339597,0.8594321680065802,0.894290442697559,0.8487810560963442,0.9397998292987737,,,,,,,,,,
28,045,0.859802847754655,0.7196895695530189,0.9999161259562911,0.7513800996364616,0.7235995409499795,0.7791606583229437,,,,,,,,,,
28,047,0.7836363636363637,0.7592643132858082,0.8080084139869191,0.8312710419308295,0.8169070202406699,0.8456350636209891,0.7012195121951219,0.6583656214922339,0.7440734028980099,0.6473158551810237,0.5679974830343406,0.7266342273277069,,,,
28,049,0.7568198492629894,0.7254846704757828,0.788155028050196,0.8492228218255615,0.8383380668540589,0.8601075767970642,0.7477982385908727,0.6574547986400958,0.8381416785416496,0.8928571428571429,0.8295254595261647,0.9561888261881211,,,,
28,051,0.7618129218900676,0.6692954869383829,0.8543303568417522,0.8776255707762557,0.7764426722003445,0.9788084693521669,,,,,,,,,,
28,053,0.7477341389728097,0.6060130387752111,0.8894552391704084,0.8408304498269896,0.7276889764114844,0.9539719232424948,,,,,,,,,,
28,055,,,,,,,,,,,,,,,,
28,057,,,,0.866724286949006,0.821734507421772,0.9117140664762401,,,,,,,,,,
28,059,0.8431274401842026,0.7871641863123233,0.8990906940560819,0.8145422131669425,0.7902501717034286,0.8388342546304565,0.8014505893019039,0.7214504667889066,0.8814507118149013,,,,,,,
28,061,0.8693733451015004,0.7187310647142302,1,0.8641750227894257,0.778194998704841,0.9501550468740104,,,,,,,,,,
28,063,0.8558951965065502,0.7467242331603335,0.9650661598527669,,,,,,,,,,,,,
28,065,0.7789473684210526,0.6501295901647595,0.9077651466773458,0.8672985781990521,0.7161595870920245,1,,,,,,,,,,
28,067,0.8259239979177512,0.7617498433987495,0.8900981524367528,0.8498308656352244,0.8137737924190435,0.8858879388514053,,,,,,,,,,
28,069,0.7904191616766467,0.6837873362796701,0.8970509870736233,,,,,,,,,,,,,
28,071,0.7806084219991009,0.721549726118927,0.8396671178792747,0.8081392291918608,0.7751940820216281,0.8410843763620934,,,,,,,,,,
28,073,0.7471077368040492,0.6597514119540521,0.8344640616540463,0.826349350945115,0.8007592749711973,0.8519394269190327,,,,,,,,,,
28,075,0.7538695762496829,0.7177521284659928,0.789987024033373,0.8682243479169933,0.8327133945429248,0.9037353012910618,0.743,0.6258789631416073,0.8601210368583927,,,,,,,
28,077,0.9370860927152318,0.841592749787895,1,0.7591277890466531,0.6863676331456751,0.8318879449476312,,,,,,,,,,
28,079,0.8560950052392595,0.8045235782521388,0.9076664322263802,0.7733761598857959,0.7067499748725744,0.8400023448990174,,,,,,,,,,
28,081,0.8637072866281791,0.8274097670032114,0.9000048062531467,0.8863896637791807,0.8641521545058705,0.908627173052491,0.8888170652876535,0.8011818936990541,0.9764522368762528,,,,,,,
28,083,0.830543358946213,0.7782274318913912,0.8828592860010348,0.8578787169281199,0.7855659016353486,0.9301915322208912,,,,,,,,,,
28,085,0.9008503709064593,0.8511161105379348,0.9505846312749837,0.8537639572577741,0.7935597268132439,0.9139681877023043,,,,,,,,,,
28,087,0.8961975308641975,0.8563390585988339,0.9360560031295612,0.8745809879198027,0.8494841623109188,0.8996778135286865,,,,,,,,,,
28,089,0.7634629270702694,0.7298520899177933,0.7970737642227456,0.8252592926625008,0.7944888937192266,0.8560296916057749,0.7512410369553226,0.6331134940029293,0.869368579907716,,,,,,,
28,091,0.7991872671859126,0.7343617116247048,0.8640128227471204,0.8368451025056948,0.7842920768990019,0.8893981281123876,,,,,,,,,,
28,093,0.8366921473245309,0.7723757775245714,0.9010085171244904,0.852072179258378,0.7845623969682715,0.9195819615484845,,,,,,,,,,
28,095,0.818359375,0.5770364864716325,1,0.825679012345679,0.7905445966502705,0.8608134280410874,,,,,,,,,,
28,097,0.7397769516728625,0.5867604925084231,0.8927934108373019,0.7568476693897165,0.6823038805761913,0.8313914582032417,,,,,,,,,,
28,099,0.8371126228269086,0.7619126512501831,0.912312594403634,0.8882325509093736,0.851618177052117,0.9248469247666302,,,,,,,0.7665753424657534,0.6579185424072103,0.8752321425242966,
28,101,0.8044554455445545,0.7398398886462264,0.8690710024428826,0.8054405677114134,0.7469964550585095,0.8638846803643172,,,,,,,,,,
28,103,0.9247191011235955,0.8506424236197316,0.9987957786274593,0.844954128440367,0.7162669250416319,0.9736413318391021,,,,,,,,,,
28,105,0.8557282354559208,0.7965795001839715,0.9148769707278701,0.8092476610221913,0.7732766599315953,0.8452186621127872,,,,,,,,,,
28,107,0.8535805626598465,0.795762183480383,0.91139894183931,0.8485774298262364,0.7778417821647877,0.9193130774876851,,,,,,,,,,
28,109,0.8410332836562344,0.7599353701047338,0.9221311972077351,0.7487824675324676,0.7007408902977605,0.7968240447671746,,,,,,,,,,
28,111,,,,0.8695652173913043,0.7299342457041643,1,,,,,,,,,,
28,113,0.8390789812194495,0.7965008241903162,0.8816571382485827,0.8190308608554413,0.7903679043020161,0.8476938174088665,,,,,,,,,,
28,115,0.9462151394422311,0.8888304460930928,1,0.8853019369540448,0.8350469776684445,0.9355568962396451,,,,,,,,,,
28,117,,,,0.8435762584522916,0.7873887163324194,0.8997638005721638,,,,,,,,,,
28,119,0.8891108891108891,0.817550841884474,0.9606709363373042,0.8091106290672451,0.6920129854845403,0.9262082726499499,,,,,,,,,,
28,121,0.792,0.7649314292591362,0.8190685707408639,0.7942458587619878,0.772524066230839,0.8159676512931366,0.6910656620021528,0.5863867905931468,0.7957445334111588,0.5526315789473685,0.4090238778699481,0.6962392800247889,,,,
28,123,0.8412610619469026,0.7733637673385761,0.9091583565552291,0.8509204470742933,0.8117933011204577,0.8900475930281289,,,,,,,,,,
28,125,0.7582781456953642,0.6208066264317051,0.8957496649590233,0.8846153846153846,0.8381193074340291,0.9311114617967401,,,,,,,,,,
28,127,0.8681159420289855,0.7954155427812049,0.940816341276766,0.8056595921764461,0.7492472975233326,0.8620718868295596,,,,,,,,,,
28,129,0.8973013493253373,0.7865023408577702,1,0.7881944444444444,0.7135934701692211,0.8627954187196677,,,,,,,,,,
28,131,,,,0.8357954545454546,0.7504252452844221,0.921165663806487,,,,,,,,,,
28,133,0.8175535590877678,0.7580573955692144,0.8770497226063213,0.7995423340961099,0.7170886902868905,0.8819959779053292,,,,,,,,,,
28,135,0.7633426966292135,0.45545253980038114,1,0.8265682656826568,0.7240190006466636,0.9291175307186501,,,,,,,,,,
28,137,0.8803728638011393,0.5884391671847845,1,0.7914285714285715,0.7079550167729574,0.8749021260841856,,,,,,,,,,
28,139,0.8934065934065935,0.5529153569512927,1,0.8838187702265372,0.8529704160006176,0.9146671244524568,,,,,,,,,,
28,141,,,,0.8821256038647343,0.839918412004737,0.9243327957247315,,,,,,,,,,
28,143,0.8899595896798259,0.8368499742994135,0.9430692050602383,0.8214285714285714,0.5148099080911309,1,,,,,,,,,,
28,145,0.8919005102040817,0.6221591689558874,1,0.8747551561239774,0.8456377106388826,0.9038726016090721,,,,,,,,,,
28,147,,,,0.7983293556085919,0.67192556505171,0.9247331461654738,,,,,,,,,,
28,149,0.8801103339572456,0.7763793674370819,0.9838413004774093,0.8609473684210527,0.8411888428468346,0.8807058939952708,,,,,,,,,,
28,151,0.859186673199412,0.8405808950744558,0.8777924513243682,0.8590534979423868,0.8322043842311619,0.8859026116536117,,,,,,,,,,
28,153,0.8186555497655029,0.7289144293396815,0.9083966701913243,0.8544102019128587,0.7959719302290562,0.9128484735966611,,,,,,,,,,
28,155,,,,0.8678003291278114,0.8016827122837842,0.9339179459718385,,,,,,,,,,
28,157,,,,0.7920673076923077,0.7018841412147024,0.882250474169913,,,,,,,,,,
28,159,0.7718511878081578,0.674808390980939,0.8688939846353765,0.8341128780792018,0.7938927274124916,0.8743330287459119,,,,,,,,,,
28,161,,,,0.8330179754020813,0.7573620572916077,0.908673893512555,,,,,,,,,,
28,163,0.8186846957590658,0.7392504778004111,0.8981189137177205,0.8168498168498168,0.7859867186650655,0.8477129150345681,,,,,,,,,,
29,000,0.6849891476584242,0.6752810563191554,0.6946972389976931,0.7655298542240963,0.7624317575078728,0.7686279509403197,0.7162338159810006,0.7030543082141074,0.7294133237478937,0.6361962498590878,0.6184892024140604,0.6539032973041153,0.7271801832371904,0.6903029503486435,0.7640574161257372,
29,001,,,,0.7941094490383722,0.7565369486406076,0.8316819494361368,,,,,,,,,,
29,003,,,,0.6956819739547635,0.6169982020900842,0.7743657458194428,,,,,,,,,,
29,005,,,,0.8060897435897436,0.7601399119743386,0.8520395752051486,,,,,,,,,,
29,007,,,,0.8240165631469979,0.7869805245172532,0.8610526017767426,,,,,,,,,,
29,009,,,,0.7540497193263833,0.7169270023199885,0.7911724363327781,0.7754164273406089,0.65007842294688,0.9007544317343378,,,,,,,
29,011,,,,0.802652950730915,0.7400463896807337,0.8652595117810964,,,,,,,,,,
29,013,,,,0.7257415786827551,0.6705186959328869,0.7809644614326233,,,,,,,,,,
29,015,,,,0.7360940945846606,0.6753698998072118,0.7968182893621093,,,,,,,,,,
29,017,,,,0.6302521008403361,0.5413067194688475,0.7191974822118248,,,,,,,,,,
29,019,0.7469508280908974,0.6771523655748829,0.8167492906069119,0.7712007849871213,0.7587573672453923,0.7836442027288503,0.6593018117543085,0.5680986576237711,0.7505049658848458,0.6862062294447668,0.628565535390017,0.7438469234995166,,,,
29,021,0.7776274244474515,0.683631873349983,0.87162297554492,0.8342440801457195,0.8196203373280239,0.8488678229634151,0.7595356550580431,0.6875016516646595,0.8315696584514267,,,,,,,
29,023,,,,0.8032905442053878,0.7699704067150831,0.8366106816956925,,,,,,,,,,
29,025,,,,0.7096774193548387,0.6564748184320858,0.7628800202775917,,,,,,,,,,
29,027,,,,0.7187614109398963,0.6794488441756542,0.7580739777041384,,,,,,,,,,
29,029,,,,0.7408193854609043,0.7149897042034302,0.7666490667183784,,,,,,,,,,
29,031,0.7439759036144579,0.6966938125047685,0.7912579947241473,0.8270338554825669,0.8033994440996579,0.8506682668654759,0.7474262182566919,0.5158614861226907,0.9789909503906931,,,,,,,
29,033,,,,0.7347248576850095,0.6666753141276354,0.8027744012423836,,,,,,,,,,
29,035,,,,0.680306905370844,0.6114647317556855,0.7491490789860026,,,,,,,,,,
29,037,0.453259532595326,0.3058849914518194,0.6006340737388325,0.6756448911222781,0.641274961855443,0.7100148203891132,0.6882882882882883,0.5884535902325617,0.7881229863440148,,,,,,,
29,039,,,,0.7573211713874219,0.6814349900824753,0.8332073526923686,,,,,,,,,,
29,041,,,,0.7511961722488039,0.6992980170428017,0.803094327454806,,,,,,,,,,
29,043,,,,0.6776077885952713,0.6365848502527637,0.7186307269377789,,,,,,,,,,
29,045,,,,0.7405882352941177,0.6793967927254971,0.8017796778627382,,,,,,,,,,
29,047,0.7016580310880829,0.6345559309748001,0.7687601312013657,0.7300352047433759,0.7211693338633918,0.73890107562336,0.7139160437032778,0.6612141979497992,0.7666178894567564,0.6806562380770699,0.6023359548223791,0.7589765213317606,,,,
29,049,,,,0.6872209228152243,0.6297461293584112,0.7446957162720373,,,,,,,,,,
29,051,0.6909638554216867,0.5875145940157788,0.7944131168275946,0.8220514336387822,0.8026520248377859,0.8414508424397785,0.7818181818181819,0.6639474887490948,0.8996888748872689,,,,,,,
29,053,,,,0.7477438762354963,0.7087554524394282,0.7867323000315645,,,,,,,,,,
29,055,,,,0.7980241492864983,0.7553275410602296,0.8407207575127671,,,,,,,,,,
29,057,,,,0.7090069284064665,0.660204976868617,0.757808879944316,,,,,,,,,,
29,059,,,,0.720723306544202,0.6311022398605571,0.8103443732278469,,,,,,,,,,
29,061,,,,0.6050906286155032,0.5454797436122363,0.6647015136187702,,,,,,,,,,
29,063,,,,0.7563421828908554,0.7041821012517762,0.8085022645299347,,,,,,,,,,
29,065,,,,0.8151763922786777,0.7734120785184921,0.8569407060388632,,,,,,,,,,
29,067,,,,0.7055150884495317,0.6442826985512566,0.7667474783478068,,,,,,,,,,
29,069,,,,0.8197614489765866,0.7683609014317706,0.8711619965214027,,,,,,,,,,
29,071,,,,0.7495752362748221,0.7318793192551716,0.7672711532944727,0.6995967741935484,0.518270215058977,0.8809233333281198,,,,,,,
29,073,,,,0.8344382727109837,0.789292749896922,0.8795837955250454,,,,,,,,,,
29,075,,,,0.7957486136783734,0.7303685630606349,0.8611286642961118,,,,,,,,,,
29,077,0.6701986754966888,0.5272260237358579,0.8131713272575196,0.794218622096788,0.7841116992706291,0.8043255449229468,0.7383357929390396,0.6837327414499428,0.7929388444281364,0.6583387410772226,0.573396291653118,0.7432811905013271,0.824212271973466,0.6648354910846697,0.9835890528622624,
29,079,,,,0.7786674292250501,0.7646476235828155,0.7926872348672847,,,,,,,,,,
29,081,,,,0.7667552406259226,0.7421436498575527,0.7913668313942925,,,,,,,,,,
29,083,,,,0.8220948664796977,0.7919524708658918,0.8522372620935035,,,,,,,,,,
29,085,,,,0.7645673925838729,0.6880487917306013,0.8410859934371444,,,,,,,,,,
29,087,,,,0.7910737386804657,0.7276041917015287,0.8545432856594027,,,,,,,,,,
29,089,,,,0.6993842810575879,0.6482498936425541,0.7505186684726216,,,,,,,,,,
29,091,,,,0.7801272575358313,0.7401884983634578,0.8200660167082049,,,,,,,,,,
29,093,,,,0.7917612714888096,0.7502702361444571,0.8332523068331621,,,,,,,,,,
29,095,0.6970293909069419,0.6750134515581933,0.7190453302556906,0.7708612746021718,0.7640193198251006,0.777703229379243,0.7334125978960429,0.7051394591847449,0.7616857366073408,0.7107571327754814,0.6754345121360074,0.7460797534149554,0.6257989540964556,0.5888711530811915,0.6627267551117196,
29,097,0.7853658536585366,0.6293207275451329,0.9414109797719403,0.7999721907713088,0.7872609457185096,0.812683435824108,0.8009978890807906,0.7423350410940044,0.8596607370675768,0.797427652733119,0.643100980330398,0.95175432513584,0.8843537414965986,0.5483286277573125,1,
29,099,,,,0.6878347496964936,0.665202123275685,0.7104673761173023,0.596195652173913,0.47889616062315143,0.7134951437246746,,,,,,,
29,101,0.7205199628597957,0.6035493002954188,0.8374906254241726,0.7765117884975831,0.7560332805921549,0.7969902964030112,0.7100997506234414,0.5687245313858809,0.851474969861002,,,,,,,
29,103,,,,0.6029911624745071,0.498677240362875,0.7073050845861393,,,,,,,,,,
29,105,,,,0.7987883738343203,0.7570158626820135,0.8405608849866272,,,,,,,,,,
29,107,,,,0.7342910192514415,0.6841951161975663,0.7843869223053166,,,,,,,,,,
29,109,,,,0.7038072289156626,0.6739197872640337,0.7336946705672915,0.7186761229314421,0.5704257242760395,0.8669265215868447,,,,,,,
29,111,,,,0.7466762486525332,0.6861896194491571,0.8071628778559093,,,,,,,,,,
29,113,,,,0.6948278366991137,0.6774236836420671,0.7122319897561604,,,,,,,,,,
29,115,,,,0.7868358786835878,0.7557450145530898,0.8179267428140858,,,,,,,,,,
29,117,,,,0.847071732272665,0.8116091261251049,0.882534338420225,,,,,,,,,,
29,119,,,,0.6984312807305081,0.6564667976819702,0.7403957637790459,0.7105263157894737,0.6262585210066914,0.7947941105722559,,,,,,,
29,121,,,,0.7644164534540445,0.7378289134526238,0.7910039934554652,,,,,,,,,,
29,123,,,,0.734341763176554,0.6391356766371089,0.829547849715999,,,,,,,,,,
29,125,,,,0.7682215743440233,0.6762132121736555,0.8602299365143911,,,,,,,,,,
29,127,,,,0.7846492300171107,0.7566065504611751,0.8126919095730464,,,,,,,,,,
29,129,,,,0.7609108159392789,0.6908225075179034,0.8309991243606544,,,,,,,,,,
29,131,,,,0.7805362462760675,0.7324975000574266,0.8285749924947085,,,,,,,,,,
29,133,,,,0.878500823723229,0.8305039806526671,0.926497666793791,,,,,,,,,,
29,135,,,,0.6730019493177388,0.6101219859553464,0.7358819126801313,,,,,,,,,,
29,137,,,,0.7904052165812762,0.7552739271619189,0.8255365060006334,,,,,,,,,,
29,139,,,,0.7243963363863447,0.6160055735672447,0.8327870992054447,,,,,,,,,,
29,141,,,,0.6231097961867192,0.580447728299216,0.6657718640742225,,,,,,,,,,
29,143,0.8668171557562077,0.7694238889575828,0.9642104225548325,0.8592488592488593,0.8170495511734724,0.9014481673242462,,,,,,,,,,
29,145,,,,0.8034890803097537,0.7839697404632967,0.8230084201562108,0.7510402219140083,0.6200963457268309,0.8819840981011857,,,,0.7107023411371237,0.6103631545181771,0.8110415277560703,
29,147,,,,0.7891193397763058,0.7649534534939748,0.8132852260586367,,,,,,,,,,
29,149,,,,0.7612146307798482,0.6782711270696452,0.8441581344900512,,,,,,,,,,
29,151,,,,0.7589941972920696,0.7308657837448082,0.7871226108393311,,,,,,,,,,
29,153,,,,0.6374636979670861,0.5320026446066235,0.7429247513275488,,,,,,,,,,
29,155,0.6779661016949152,0.5855026244134143,0.7704295789764162,0.8028692879914984,0.7615623631805309,0.8441762128024658,,,,,,,,,,
29,157,,,,0.8562148116067562,0.808461107609755,0.9039685156037573,,,,,,,,,,
29,159,,,,0.7784806645029979,0.744731601950913,0.8122297270550828,0.7435114503816794,0.630909907892745,0.8561129928706138,,,,,,,
29,161,,,,0.763280872320997,0.7328194136792917,0.7937423309627022,,,,,,,,,,
29,163,,,,0.8229351293867423,0.7930811071691393,0.8527891516043453,,,,,,,,,,
29,165,0.6575848533825907,0.5704696061720608,0.7447001005931205,0.7169058436095286,0.6889201402996997,0.7448915469193574,0.7481629926519706,0.6748255431876455,0.8215004421162957,0.623989218328841,0.5310722980271472,0.7169061386305349,,,,
29,167,,,,0.7496624879459981,0.7152493939392132,0.784075581952783,,,,,,,,,,
29,169,0.45266530731138943,0.31470642652306713,0.5906241880997117,0.690560501821125,0.6516922296198768,0.7294287740223733,0.32566697332106714,0.19012545833969552,0.46120848830243877,0.5985401459854015,0.40229837538789087,0.7947819165829122,,,,
29,171,,,,0.7495069033530573,0.6259559522630692,0.8730578544430453,,,,,,,,,,
29,173,,,,0.7802991232594121,0.7523336888462272,0.808264557672597,,,,,,,,,,
29,175,,,,0.8206171247147535,0.7873223699304241,0.8539118794990828,,,,,,,,,,
29,177,,,,0.6684864457831325,0.6124047576781643,0.7245681338881008,,,,,,,,,,
29,179,,,,0.7402173913043478,0.682139691983772,0.7982950906249237,,,,,,,,,,
29,181,,,,0.706389651117209,0.6416262683216484,0.7711530339127696,,,,,,,,,,
29,183,0.7376662376662376,0.6890073665964852,0.78632510873599,0.688157637855705,0.6772693685909147,0.6990459071204954,0.6908808042125418,0.6430925027543926,0.7386691056706911,0.6370444333499751,0.5765363218985579,0.6975525448013923,,,,
29,185,,,,0.715195246179966,0.6606542353705764,0.7697362569893555,,,,,,,,,,
29,186,,,,0.8413017950008388,0.8070564397517471,0.8755471502499305,,,,,,,,,,
29,187,,,,0.8087035751475182,0.7866610704831335,0.830746079811903,,,,,,,,,,
29,189,0.6666283238434846,0.6471395316045374,0.6861171160824318,0.7794585773302161,0.7740074210714964,0.7849097335889357,0.7223736139823341,0.6880741379505684,0.7566730900140999,0.5692860490548352,0.5413110661023472,0.5972610320073231,0.6276595744680851,0.4997954606162146,0.7555236883199555,
29,195,,,,0.7908052230685527,0.6958316796974457,0.8857787664396597,0.8344895936570862,0.7730876725187885,0.8958915147953839,,,,,,,
29,197,,,,0.8155467720685112,0.7426425134725523,0.8884510306644702,,,,,,,,,,
29,199,,,,0.7679558011049724,0.73622555003383,0.7996860521761149,,,,,,,,,,
29,201,0.8839416058394161,0.8548456776070829,0.9130375340717493,0.8453095086151883,0.8128229925575096,0.877796024672867,,,,,,,,,,
29,203,,,,0.8055105348460292,0.613865610135295,0.9971554595567634,,,,,,,,,,
29,205,,,,0.7597323600973236,0.6941221649834786,0.8253425552111686,,,,,,,,,,
29,207,,,,0.8588133806191891,0.8329435940583262,0.884683167180052,,,,,,,,,,
29,209,,,,0.7031881989055436,0.6399009607846274,0.7664754370264598,,,,,,,,,,
29,211,,,,0.8451099672437997,0.7759627260261758,0.9142572084614237,0.6442307692307693,0.49813404286828444,0.7903274955932541,,,,,,,
29,213,,,,0.7561032955836827,0.7288225071078815,0.7833840840594839,0.6723842195540308,0.5463452914339013,0.7984231476741603,,,,,,,
29,215,,,,0.7978797763280522,0.7620489886355006,0.8337105640206037,0.8634992458521871,0.7379136967313045,0.9890847949730697,,,,,,,
29,217,,,,0.7313668685804583,0.685761400395882,0.7769723367650346,,,,,,,,,,
29,219,,,,0.7310234784590837,0.6856582147097833,0.776388742208384,,,,,,,,,,
29,221,,,,0.7699002719854942,0.7176936452063531,0.8221068987646352,,,,,,,,,,
29,223,,,,0.7492735574927356,0.6987163645570744,0.7998307504283968,,,,,,,,,,
29,225,,,,0.7480371900826446,0.7011565089960832,0.794917871169206,,,,,,,,,,
29,227,,,,0.792341678939617,0.6832955285624067,0.9013878293168274,,,,,,,,,,
29,229,,,,0.7785211871676102,0.7185746713001767,0.8384677030350437,,,,,,,,,,
29,510,0.681856935087514,0.6534559767954065,0.7102578933796215,0.785359200791026,0.7721192925046184,0.7985991090774335,0.6248362343252855,0.5711819864826156,0.6784904821679553,0.5974788089545751,0.5445243892883057,0.6504332286208444,,,,
30,000,0.6309948474038842,0.5404244989084626,0.7215651958993059,0.7157202103348821,0.7082166231427797,0.7232237975269845,0.6794871794871795,0.6409378693443816,0.7180364896299775,0.635441637470035,0.5673801247773845,0.7035031501626855,0.6471146995962954,0.6244954792740233,0.6697339199185676,
30,001,,,,0.7518536826495305,0.702791800100691,0.8009155651983699,,,,,,,,,,
30,003,,,,0.6035613870665417,0.5120052529810039,0.6951175211520796,,,,,,,0.6214605067064084,0.5751997895725881,0.6677212238402287,
30,005,,,,0.5599393019726859,0.467224475513786,0.6526541284315859,,,,,,,0.6161087866108786,0.5089795105833544,0.7232380626384028,
30,007,,,,0.5568581477139508,0.45567933205401884,0.6580369633738828,,,,,,,,,,
30,009,,,,0.5571900330231162,0.5049770167889147,0.6094030492573177,,,,,,,,,,
30,011,,,,0.4396887159533074,0.33415137999471617,0.5452260519118985,,,,,,,,,,
30,013,0.6159554730983302,0.440531119179865,0.7913798270167954,0.7861852615679554,0.767603433604252,0.8047670895316589,0.8274777136864184,0.7557770762376744,0.8991783511351624,,,,0.6914789422135161,0.6209121520602954,0.7620457323667369,
30,015,,,,0.663840096910963,0.620293748990949,0.707386444830977,,,,,,,,,,
30,017,,,,0.7213578500707214,0.6731661541005083,0.7695495460409345,,,,,,,,,,
30,019,,,,0.8064516129032258,0.6974422516284946,0.9154609741779569,,,,,,,,,,
30,021,,,,0.8363975486277645,0.7706886913987696,0.9021064058567594,,,,,,,,,,
30,023,,,,0.7184354328444061,0.6652606206953965,0.7716102449934158,,,,,,,,,,
30,025,,,,0.8484126984126984,0.7853602015150906,0.9114651953103062,,,,,,,,,,
30,027,,,,0.6205098493626883,0.5598973215804863,0.6811223771448902,,,,,,,,,,
30,029,,,,0.7198505102774184,0.6925817855905663,0.7471192349642706,0.6348314606741573,0.5010932987020202,0.7685696226462944,,,,,,,
30,031,,,,0.6964156692740238,0.6766068922429554,0.7162244463050921,0.63788522848034,0.5376230515566369,0.7381474054040431,0.4325358851674641,0.2852563205829274,0.5798154497520008,,,,
30,033,,,,0.46441947565543074,0.35081214539572586,0.5780268059151357,,,,,,,,,,
30,035,,,,0.6169354838709677,0.5186635255552587,0.7152074421866768,,,,,,,0.6476571013439884,0.5775544713853099,0.7177597313026668,
30,037,,,,0.5154929577464789,0.25424309627282243,0.7767428192201353,,,,,,,,,,
30,039,,,,0.5914577530176416,0.47215323486634764,0.7107622711689355,,,,,,,,,,
30,041,,,,0.7605171748359707,0.7241092007855516,0.7969251488863898,,,,,,,0.6053984575835476,0.509914639318008,0.7008822758490872,
30,043,,,,0.5833333333333334,0.5138661635003772,0.6528005031662896,,,,,,,,,,
30,045,,,,0.5024570024570024,0.4167178376816805,0.5881961672323244,,,,,,,,,,
30,047,,,,0.6611197110423117,0.6149942733360954,0.7072451487485281,,,,,,,0.6707119741100324,0.5912034938965025,0.7502204543235622,
30,049,,,,0.7094138247310932,0.6829447859285297,0.7358828635336566,0.6945536215609208,0.5408481407819665,0.8482591023398751,,,,,,,
30,051,,,,0.4610951008645533,0.3686703969726199,0.5535198047564868,,,,,,,,,,
30,053,,,,0.6058953825183165,0.5420499821186174,0.6697407829180156,,,,,,,,,,
30,055,,,,0.6344221105527639,0.5036293639710928,0.7652148571344349,,,,,,,,,,
30,057,,,,0.6380784708249497,0.5810306607577386,0.6951262808921609,,,,,,,,,,
30,059,,,,0.6137761377613776,0.5468564708534767,0.6806958046692786,,,,,,,,,,
30,061,,,,0.6429215509467989,0.5103336898828084,0.7755094120107895,,,,,,,,,,
30,063,,,,0.7087184278135531,0.6904463863813775,0.7269904692457287,0.6356447688564477,0.5292278186173134,0.742061719095582,0.7062883435582822,0.5202853392817205,0.8922913478348439,0.6047098402018503,0.5395301414194376,0.669889538984263,
30,065,,,,0.5640378548895899,0.48211157989195447,0.6459641298872253,,,,,,,,,,
30,067,,,,0.6645113886847906,0.6127691284899746,0.7162536488796067,,,,,,,,,,
30,069,,,,0.44976076555023925,0.32650489887430695,0.5730166322261715,,,,,,,,,,
30,071,,,,0.6323835997220292,0.5358941093006234,0.7288730901434349,,,,,,,,,,
30,073,,,,0.6819468024900962,0.612626729575988,0.7512668754042044,,,,,,,0.6210045662100456,0.4790563853450064,0.7629527470750849,
30,075,,,,0.5333333333333333,0.48409048443294,0.5825761822337266,,,,,,,,,,
30,077,,,,0.7130252100840336,0.6520145704782866,0.7740358496897807,,,,,,,,,,
30,079,,,,0.477751756440281,0.36864429943142607,0.5868592134491359,,,,,,,,,,
30,081,,,,0.6836680761099366,0.6411510870950956,0.7261850651247777,,,,,,,,,,
30,083,,,,0.7270485584218513,0.6648282938926401,0.7892688229510626,,,,,,,,,,
30,085,,,,0.7486971627099016,0.6923130049650414,0.8050813204547618,,,,,,,0.7330754352030948,0.6919920822951521,0.7741587881110376,
30,087,,,,0.7294172062904718,0.6687574165438042,0.7900769960371394,,,,,,,0.805464480874317,0.6870933852503734,0.9238355764982605,
30,089,,,,0.6220068415051311,0.5500741488196553,0.6939395341906068,,,,,,,,,,
30,091,,,,0.6375515818431912,0.5663770562328055,0.7087261074535768,,,,,,,,,,
30,093,,,,0.7809622617040591,0.7468735838097244,0.8150509395983939,,,,,,,,,,
30,095,,,,0.5138598326359832,0.47649715181611263,0.5512225134558538,,,,,,,,,,
30,097,,,,0.6289500509683996,0.5636573525964876,0.6942427493403116,,,,,,,,,,
30,099,,,,0.6237745098039216,0.582037719984196,0.6655112996236472,,,,,,,,,,
30,101,,,,0.7353619179345321,0.6645095084005785,0.8062143274684856,,,,,,,,,,
30,103,,,,0.631578947368421,0.44650327832741465,0.8166546164094274,,,,,,,,,,
30,105,,,,0.6728095699967669,0.5990128091475981,0.7466063308459356,,,,,,,,,,
30,107,,,,0.5294117647058824,0.4385061067611964,0.6203174226505683,,,,,,,,,,
30,109,,,,0.7322033898305085,0.5483747612500374,0.9160320184109796,,,,,,,,,,
30,111,,,,0.7850907634810464,0.7720084626509889,0.798173064311104,0.7137779636211583,0.6481775702130247,0.7793783570292919,,,,0.6196108355589469,0.5454881174161781,0.6937335537017157,
31,000,0.6939722151355614,0.6831708352899303,0.7047735949811925,0.7763939769002556,0.77202878577818,0.7807591680223311,0.7412572801587923,0.7297079502623652,0.7528066100552194,0.6271058586874528,0.6025859753190316,0.6516257420558741,0.7684996605566871,0.6587628932280317,0.8782364278853424,
31,001,,,,0.8382341881627434,0.803275485966346,0.8731928903591408,0.7123147675012774,0.6682331105315373,0.7563964244710175,,,,,,,
31,003,,,,0.7968998410174881,0.7646976375228114,0.8291020445121648,,,,,,,,,,
31,005,,,,0.642512077294686,0.48721073461682735,0.7978134199725446,,,,,,,,,,
31,007,,,,0.6864406779661016,0.38853578316466814,0.9843455727675352,,,,,,,,,,
31,009,,,,0.5056179775280899,0.3559434188403704,0.6552925362158094,,,,,,,,,,
31,011,,,,0.7402597402597403,0.6932060015643005,0.7873134789551801,,,,,,,,,,
31,013,,,,0.8624220837043634,0.8058950487232016,0.9189491186855251,,,,,,,,,,
31,015,,,,0.680379746835443,0.6552810579079776,0.7054784357629084,,,,,,,,,,
31,017,,,,0.7309236947791165,0.6576846080533383,0.8041627815048946,,,,,,,,,,
31,019,,,,0.829311285516431,0.8079369430063841,0.8506856280264778,0.782432010003126,0.7410497164870176,0.8238143035192345,,,,,,,
31,021,,,,0.7023017902813299,0.64795731082347,0.7566462697391898,,,,,,,,,,
31,023,,,,0.7331002331002331,0.6721179745757299,0.7940824916247363,,,,,,,,,,
31,025,,,,0.6669512021624697,0.6215336219399373,0.7123687823850021,,,,,,,,,,
31,027,,,,0.7684744687599112,0.718397963726919,0.8185509737929034,,,,,,,,,,
31,029,,,,0.7469879518072289,0.6855547247087568,0.808421178905701,,,,,,,,,,
31,031,,,,0.6962142197599261,0.6137398338442571,0.7786886056755952,,,,,,,,,,
31,033,,,,0.7493987493987494,0.6944703464177201,0.8043271523797787,,,,,,,,,,
31,035,,,,0.8306313993174061,0.7866117986541379,0.8746509999806744,,,,,,,,,,
31,037,,,,0.7532409476978096,0.6616968515442511,0.8447850438513681,0.7350993377483444,0.5491672006779319,0.9210314748187568,,,,,,,
31,039,,,,0.8246471226927253,0.7888870411777391,0.8604072042077116,,,,,,,,,,
31,041,,,,0.7756410256410257,0.7307193161518494,0.820562735130202,,,,,,,,,,
31,043,,,,0.8452717562048382,0.8112715625399829,0.8792719498696935,0.7116345467523197,0.612217050185548,0.8110520433190915,,,,,,,
31,045,,,,0.7329595750958985,0.679829033204904,0.786090116986893,,,,,,,,,,
31,047,,,,0.8472855671619832,0.8189595608419568,0.8756115734820097,0.723568281938326,0.6479853334908974,0.7991512303857546,,,,,,,
31,049,,,,0.7338262476894639,0.7055641229646477,0.7620883724142802,,,,,,,,,,
31,051,,,,0.7279534109816972,0.6269293475685556,0.8289774743948388,,,,,,,,,,
31,053,,,,0.8341342853219827,0.8031835389320068,0.8650850317119587,0.7888007054673721,0.7051718989529171,0.8724295119818272,,,,,,,
31,055,0.6782436302224832,0.6557069709638645,0.7007802894811019,0.7613512186624012,0.7520426038481565,0.7706598334766459,0.733100610896397,0.7004871567017722,0.7657140650910218,0.6263930520328952,0.584256922870054,0.6685291811957363,0.7444897959183674,0.6846987667648567,0.804280825071878,
31,057,,,,0.7457817772778402,0.6502390015737245,0.841324552981956,,,,,,,,,,
31,059,,,,0.753034742570113,0.7142947117641142,0.7917747733761119,,,,,,,,,,
31,061,,,,0.8484472049689441,0.7591403818538373,0.937754028084051,,,,,,,,,,
31,063,,,,0.7543859649122807,0.7048513616688155,0.803920568155746,,,,,,,,,,
31,065,,,,0.804567180031864,0.756460155424426,0.852674204639302,,,,,,,,,,
31,067,,,,0.8210887364461164,0.7978567284365333,0.8443207444556994,,,,,,,,,,
31,069,,,,0.7860026917900403,0.6551320493115431,0.9168733342685376,,,,,,,,,,
31,071,,,,0.7568134171907757,0.6638331987170565,0.8497936356644948,,,,,,,,,,
31,073,,,,0.7835420393559929,0.6932099431194302,0.8738741355925556,,,,,,,,,,
31,075,,,,0.6126126126126126,0.49029078491664957,0.7349344403085756,,,,,,,,,,
31,077,,,,0.7517321016166282,0.691116665057312,0.8123475381759444,,,,,,,,,,
31,079,,,,0.8269856702033225,0.8055712745397324,0.8484000658669125,0.7543160690571049,0.7054527865069642,0.8031793516072456,,,,,,,
31,081,,,,0.8025233132199671,0.7353937666157755,0.8696528598241586,,,,,,,,,,
31,083,,,,0.7057291666666666,0.659256633803714,0.7522016995296192,,,,,,,,,,
31,085,,,,0.7868852459016393,0.6894043725744066,0.8843661192288721,,,,,,,,,,
31,087,,,,0.8057395143487859,0.7635894317654324,0.8478895969321394,,,,,,,,,,
31,089,,,,0.7990101140520766,0.7650920434986976,0.8329281846054555,,,,,,,,,,
31,091,,,,0.8092485549132948,0.7408635652644189,0.8776335445621708,,,,,,,,,,
31,093,,,,0.7063157894736842,0.6273036386692012,0.7853279402781672,,,,,,,,,,
31,095,,,,0.7731660231660231,0.6914995325150266,0.8548325138170196,,,,,,,,,,
31,097,,,,0.7842639593908629,0.7057967710285438,0.862731147753182,,,,,,,,,,
31,099,,,,0.7675260063319764,0.6901068824352983,0.8449451302286546,,,,,,,,,,
31,101,,,,0.8237898465171193,0.7709781504214592,0.8766015426127793,,,,,,,,,,
31,103,,,,0.5234375,0.4343771777787714,0.6124978222212286,,,,,,,,,,
31,105,,,,0.8229768786127167,0.7780190794317416,0.8679346777936918,,,,,,,,,,
31,107,,,,0.7454606590450572,0.707386734938642,0.7835345831514724,,,,,,,0.6463878326996197,0.5115111658213417,0.7812644995778978,
31,109,0.701602564102564,0.6325584716421796,0.7706466565629485,0.7640604983677012,0.7505326218269845,0.7775883749084178,0.711203200914547,0.6740942744979513,0.7483121273311427,0.6145258404415455,0.5651024729684714,0.6639492079146195,0.7414364640883978,0.5599133623382139,0.9229595658385817,
31,111,,,,0.8736059479553904,0.8398868613907648,0.9073250345200159,0.8033044846577498,0.6803001937169026,0.926308775598597,,,,,,,
31,113,,,,0.6628787878787878,0.4685123064587613,0.8572452692988144,,,,,,,,,,
31,115,,,,0.6577777777777778,0.582845227074784,0.7327103284807716,,,,,,,,,,
31,117,,,,0.5833333333333334,0.5150787578822253,0.6515879087844414,,,,,,,,,,
31,119,,,,0.8403761187266342,0.8115074827538341,0.8692447546994343,0.7186021113942482,0.6221353635272863,0.8150688592612102,,,,,,,
31,121,,,,0.795553791186979,0.739101311736261,0.852006270637697,,,,,,,,,,
31,123,,,,0.7277227722772277,0.6531616960533497,0.8022838485011057,,,,,,,,,,
31,125,,,,0.8001816530426885,0.7521819418726057,0.8481813642127713,,,,,,,,,,
31,127,,,,0.8097633136094674,0.7789308740340918,0.840595753184843,,,,,,,,,,
31,129,,,,0.6659364731653888,0.6174108333411354,0.7144621129896422,,,,,,,,,,
31,131,,,,0.8150614754098361,0.7660543948562006,0.8640685559634715,,,,,,,,,,
31,133,,,,0.7045009784735812,0.6077140913625,0.8012878655846624,,,,,,,,,,
31,135,,,,0.7769886363636364,0.7100469276861335,0.8439303450411392,,,,,,,,,,
31,137,,,,0.8513853904282116,0.8057057633202375,0.8970650175361857,,,,,,,,,,
31,139,,,,0.7888029130632681,0.7272373887393421,0.8503684373871941,,,,,,,,,,
31,141,,,,0.8265512447870593,0.7962813475770962,0.8568211419970224,0.8004629629629629,0.7154671837338228,0.8854587421921031,,,,,,,
31,143,,,,0.7077732320280538,0.647628363977963,0.7679181000781445,,,,,,,,,,
31,145,,,,0.8528598766744631,0.7985904728205444,0.9071292805283817,,,,,,,,,,
31,147,,,,0.8053545586107091,0.7437287497432941,0.8669803674781242,,,,,,,,,,
31,149,,,,0.7570789865871833,0.6698468718403443,0.8443111013340223,,,,,,,,,,
31,151,,,,0.7966688297642224,0.7446060388671154,0.8487316206613293,0.8268839103869654,0.7637731910213814,0.8899946297525494,,,,,,,
31,153,0.7788059043842256,0.7266155139128614,0.8309962948555898,0.7453451733027786,0.7313138193877177,0.7593765272178395,0.7262345007613661,0.6834641205486416,0.7690048809740906,0.6334552102376599,0.5695177069738295,0.6973927135014903,0.8314238952536824,0.6840978529289958,0.978749937578369,
31,155,,,,0.7286776498031783,0.6727281611917006,0.7846271384146559,,,,,,,,,,
31,157,,,,0.8051797448782373,0.7731341093123374,0.8372253804441372,0.8446094609460946,0.7711594270579655,0.9180594948342237,,,,,,,
31,159,,,,0.7539730134932534,0.7182661433884847,0.7896798835980221,,,,,,,,,,
31,161,,,,0.6237458193979933,0.5437857256886152,0.7037059131073715,,,,,,,,,,
31,163,,,,0.7673019057171514,0.6882454065020647,0.8463584049322381,,,,,,,,,,
31,165,,,,0.8219895287958116,0.6501167608873046,0.9938622967043185,,,,,,,,,,
31,167,,,,0.7548076923076923,0.6738842588714542,0.8357311257439304,,,,,,,,,,
31,169,,,,0.8349553933495539,0.8036227251308369,0.866288061568271,,,,,,,,,,
31,171,,,,0.7038216560509554,0.5799547988581112,0.8276885132437996,,,,,,,,,,
31,173,,,,0.8683750728013978,0.8204037882936227,0.9163463573091729,,,,,,,0.8838652482269503,0.8086085704934202,0.9591219259604805,
31,175,,,,0.8073107049608355,0.7708898843625247,0.8437315255591462,,,,,,,,,,
31,177,,,,0.7252631578947368,0.6819863365844451,0.7685399792050286,,,,,,,,,,
31,179,,,,0.709307657038056,0.6509673273258395,0.7676479867502725,0.6426282051282052,0.4280049510417714,0.857251459214639,,,,,,,
31,181,,,,0.7779783393501805,0.7136466188328364,0.8423100598675245,,,,,,,,,,
31,183,,,,0.6972222222222222,0.592552604425529,0.8018918400189153,,,,,,,,,,
31,185,,,,0.8069206947623536,0.7767215878651279,0.8371198016595793,,,,,,,,,,
32,000,0.6645388387913305,0.6478197853909267,0.6812578921917343,0.7195464367702489,0.7139804233002097,0.725112450240288,0.7093652233053729,0.7009998374161039,0.7177306091946418,0.6771372330262053,0.6629220482725079,0.6913524177799028,0.688630303030303,0.5815935555663954,0.7956670504942107,
32,001,,,,0.7497649429147079,0.6918326920636841,0.8076971937657316,0.8183606557377049,0.6522615125715159,0.9844597989038939,,,,0.7788461538461539,0.6543249745182896,0.9033673331740181,
32,003,0.6655050798380512,0.6479446231983156,0.6830655364777868,0.7253677474504031,0.7186331202788131,0.7321023746219931,0.7126836083525281,0.7040951902501852,0.721272026454871,0.6889816410195473,0.6733096628231957,0.7046536192158989,0.6731048504211443,0.539629701501446,0.8065799993408427,
32,005,,,,0.7347696879643388,0.6972591748971523,0.7722802010315254,0.7340347443112307,0.6465671503150391,0.8215023383074224,,,,0.7444444444444445,0.6056656770142346,0.8832232118746544,
32,007,,,,0.6595259221701103,0.6210238685722443,0.6980279757679763,0.6000941324129275,0.5075964991296948,0.6925917656961602,,,,0.6481854838709677,0.5421327360190513,0.7542382317228842,
32,009,,,,,,,,,,,,,,,,
32,011,,,,0.4071376547705754,0.2735388003765224,0.5407365091646283,,,,,,,,,,
32,013,,,,0.7057522123893806,0.644554223981671,0.7669502007970902,0.7519181585677749,0.6254851865762845,0.8783511305592653,,,,,,,
32,015,,,,0.6807875894988067,0.5930724924712297,0.7685026865263836,,,,,,,,,,
32,017,,,,0.546875,0.41359565865898623,0.6801543413410138,,,,,,,,,,
32,019,,,,0.683113727689001,0.6367366145261403,0.7294908408518618,0.7330595482546202,0.6539782068237779,0.8121408896854624,,,,0.8629807692307693,0.6579500205661346,1,
32,021,,,,0.8042596348884381,0.6538287189586113,0.9546905508182649,,,,,,,0.8786885245901639,0.7663627994994144,0.9910142496809133,
32,023,,,,0.6817093387364156,0.6388916962975912,0.72452698117524,0.7775781530722242,0.7681230942252469,0.7870332119192015,,,,,,,
32,027,,,,0.7636363636363637,0.6303755876309936,0.8968971396417338,,,,,,,,,,
32,029,,,,0.586028192371476,0.5449527520326731,0.6271036327102788,0.5318471337579618,0.4329797949179972,0.6307144725979263,0.5126498002663116,0.3404739391748941,0.684825661357729,,,,
32,031,0.6430578976953345,0.5828248165167367,0.7032909788739323,0.7147267213359988,0.7035479810853845,0.7259054615866131,0.6969286148380159,0.6757597922050079,0.718097437471024,0.5961993843239404,0.5613602299644732,0.6310385386834075,0.7109788359788359,0.6497214937361223,0.7722361782215496,
32,033,,,,0.7242302543507363,0.6603117372773315,0.7881487714241411,,,,,,,,,,
32,510,,,,0.76015354722525,0.7345442888183412,0.7857628056321587,0.7275426874536006,0.6683320757002782,0.786753299206923,0.6670010030090271,0.5559140917502411,0.7780879142678131,0.8893528183716075,0.7145969623828954,1,
33,000,0.6970253042302492,0.6313992829591453,0.7626513255013532,0.7185169369980181,0.7117942234457425,0.7252396505502937,0.6733791748526523,0.6411460356128811,0.7056123140924235,0.6122912127814089,0.5728337510738243,0.6517486744889934,0.6192609182530795,0.4378760671433668,0.8006457693627922,
33,001,,,,0.738435285825574,0.70819147833357865,0.7686790933175695,,,,,,,,,,
33,003,,,,0.712132834002617,0.6704907554217647,0.7537749125834692,,,,,,,,,,
33,005,,,,0.7322300087598549,0.7069703039828429,0.7574897135368669,0.6683022571148185,0.4850301539556433,0.8515743602739937,,,,,,,
33,007,,,,0.7604045763554966,0.7428608591095696,0.7779482936014237,,,,,,,,,,
33,009,,,,0.7139019607843137,0.6892574980120194,0.7385464235566079,0.6784107946026986,0.6035361677047393,0.7532854215006579,0.5573529411764706,0.460441221200568,0.6542646611523733,,,,
33,011,0.7024185068349106,0.6302177904369846,0.7746192232328366,0.7076699050960285,0.6977444239406023,0.7175953862514546,0.6693948264531931,0.629752994206262,0.7090366587001243,0.6124804381846636,0.5443746192346147,0.6805862571347124,,,,
33,013,0.6983578219533275,0.5287257848309775,0.8679898590756775,0.7507237053715021,0.7340984383202587,0.7673489724227456,0.7137877614252517,0.585598939066848,0.8419765837836554,0.49382716049382713,0.3910470006700074,0.5966073203176468,,,,
33,015,0.6779315960912052,0.5808863507178729,0.7749768414645376,0.712847112148335,0.6986675813636273,0.7270266429330426,0.6872987849205525,0.6324094252664354,0.7421881445746696,0.654485049833887,0.5706551496930896,0.7383149499746844,,,,
33,017,,,,0.6996757433951141,0.6731333030173728,0.7262181837728553,0.6605691056910569,0.517878695709756,0.8032595156723578,0.49249093733816673,0.3553309137590567,0.6296509609172768,,,,
33,019,,,,0.7383547379382159,0.6976217630768285,0.7790877127996033,,,,,,,,,,
34,000,0.6530721340081598,0.6430723815387271,0.6630718864775924,0.7003732384663485,0.6981885431935723,0.7025579337391247,0.5924352876759391,0.5862244688262394,0.5986461065256389,0.5226231680431331,0.514119134057383,0.5311272020288833,0.4489969135802469,0.413928718154047,0.4840651090064468,
34,001,0.6431682429069189,0.6041004257051681,0.6822360601086697,0.7823509995551154,0.7656183822872751,0.7990836168229558,0.6168033736503081,0.5765619197203516,0.6570448275802646,0.666774262965354,0.6332601764012258,0.7002883495294823,,,,
34,003,0.6279573619897738,0.5939989365152463,0.6619157874643014,0.6781345499562812,0.6668136802527432,0.6894554196598192,0.6052542286615883,0.5885246356580238,0.6219838216651528,0.5693753721854731,0.5462813581213424,0.5924693862496038,0.6487781504551988,0.5150187949031969,0.7825375060072007,
34,005,0.716327301246115,0.6807830576129409,0.7518715448792891,0.7321066421920566,0.7184024791315364,0.7458108052525767,0.6784422130980934,0.6441401164631875,0.7127443097329993,0.6136050252796078,0.572617281477272,0.6545927690819436,,,,
34,007,0.6752055157783081,0.6447159644998659,0.7056950670567503,0.7100085983258986,0.7002261510860581,0.719791045565739,0.6096537250786989,0.5795533295522686,0.6397541206051292,0.6385712047626508,0.6058203621355596,0.6713220473897421,0.566320645905421,0.4180586011230357,0.7145826906878062,
34,009,0.7058823529411765,0.5669831675816208,0.8447815383007322,0.7253495474796156,0.7033151505048897,0.7473839444543414,0.5910148559155182,0.5210652645380042,0.6609644472930322,0.7160603371783496,0.6235521288274986,0.8085685455292007,,,,
34,011,0.7204086164779037,0.6466751187192683,0.794142114236539,0.844680518668958,0.819039982354782,0.870321054983134,0.7080466830466831,0.6842848746842194,0.7318084914091467,0.7688044338875692,0.6735198279786888,0.8640890397964497,,,,
34,013,0.5924024326884875,0.5705510547891702,0.6142538105878047,0.6477801903669411,0.632917112055023,0.6626432686788593,0.569290432042659,0.5485501053602913,0.5900307587250266,0.5497408200639414,0.5179904031195876,0.5814912370082953,0.3777989518818485,0.24311013639547943,0.5124877673682176,
34,015,0.6677999629103047,0.5652338827416102,0.7703660430789993,0.7107421725274605,0.7033799243588716,0.7181044206960494,0.6911122527613666,0.6393615507983832,0.7428629547243499,0.5566244725738396,0.4864279547090341,0.6268209904386451,,,,
34,017,0.4982840613815757,0.46301413658959356,0.5335539861735579,0.4452128316440425,0.42947491941098864,0.4609507438770964,0.4437015364732912,0.426041596541577,0.4613614764050054,0.29259280206624816,0.2699671120224764,0.3152184921100199,0.2474266107510484,0.17717959960970348,0.31767362189239334,
34,019,0.7497527200791295,0.6336667962391245,0.8658386439191346,0.6645959947074522,0.6435018561610507,0.6856901332538538,0.6372150556635447,0.552692917225436,0.7217371941016535,0.541058394160584,0.4583407174505983,0.6237760708705696,,,,
34,021,0.7179618590348771,0.6760950705736569,0.7598286474960972,0.7510413195601466,0.7350306082444873,0.767052030875806,0.6133395281606525,0.5750095642573514,0.6516694920639536,0.5450671697622222,0.5110077681425218,0.5791265713819227,0.38638799571275456,0.17945854250338442,0.5933174489221247,
34,023,0.6768063039573556,0.6511769340079443,0.702435673906767,0.7368539212329728,0.7256762336133931,0.7480316088525525,0.6203134784857918,0.6051372051556974,0.6354897518158862,0.4781157819208911,0.4604041850502253,0.4958273787915569,0.43578249853829665,0.341282557607034,0.5302824394695593,
34,025,0.6912630383145719,0.6503573898993982,0.7321686867297457,0.6945859307096328,0.6853624150616819,0.7038094463575837,0.5964791502753737,0.576477785814688,0.6164805147360594,0.5607544230555247,0.5214589232486038,0.6000499228624456,0.289532293986637,0.16852055810170335,0.4105440298715706,
34,027,0.7437163814180929,0.711245857765344,0.7761869050708419,0.7157251241744447,0.7048191184145862,0.7266311299343031,0.6871520616204574,0.6682848889537433,0.7060192342871715,0.5747051786019484,0.542282067077357,0.6071282901265397,0.6841397849462365,0.5121872730476188,0.8560922968448542,
34,029,0.7600363778095361,0.7365233605083167,0.7835493951107556,0.7236374046731476,0.7134997627770532,0.7337750465692421,0.5619305686459315,0.5332720692401313,0.5905890680517317,0.7057820228551935,0.6270749894998916,0.7844890562104955,0.3586647727272727,0.2057552209475378,0.5115743245070077,
34,031,0.6879432624113475,0.6401126041896067,0.7357739206330883,0.7103804950129294,0.691726567172469,0.7290344228533898,0.5704760329316554,0.5454879839010531,0.5954640819622576,0.6407273798130015,0.59637404665963345,0.6850807129663696,0.4814385150812065,0.33295546183296465,0.6299215683294483,
34,033,0.6948051948051948,0.5861510758942956,0.8034593137160939,0.8020301624129931,0.7709125029051498,0.8331478219208364,0.715721464465183,0.6369543159851704,0.7944886129451957,,,,,,,
34,035,0.6682034087734003,0.6376096959457788,0.6987971216010219,0.7160270202651989,0.7000245130603665,0.7320295274700314,0.6604849024078296,0.6292272410139017,0.6917425638017576,0.49641451283146687,0.46974150059175884,0.5230875250711748,0.6300469483568075,0.5225396654144505,0.7375542312991645,
34,037,0.536745406824147,0.43248682527743776,0.6410039883708561,0.68381351228619,0.6644810539501235,0.7031459706222566,0.675471063257066,0.6019948626774934,0.7489472638366386,0.5848506919155134,0.4741059270313969,0.69559545679963,,,,
34,039,0.6827036663158573,0.6506484352941071,0.7147588973376076,0.7087109538831853,0.6941734334964388,0.7232484742699318,0.5951514555468135,0.5711593018885349,0.619143609205092,0.6322853120600657,0.5948828084506841,0.6696878156694472,0.4614890885750963,0.3322497327041719,0.5907284444460207,
34,041,0.5249603803486529,0.4273373502284758,0.62258341046883,0.7392144451477496,0.7223161776743195,0.7561127126211796,0.6357326987904025,0.5527888196910908,0.7186765778897142,0.601165695253955,0.4387864213737247,0.7635449691341853,,,,
35,000,0.7093127325827877,0.6747021910395653,0.7439232741260101,0.7149296122499382,0.7104575869955705,0.719401637504306,0.7531294327874288,0.7443638946164987,0.761894970958359,0.6685487343892053,0.6254682505741068,0.7116292182043037,0.7723691615081598,0.7599004826248422,0.7848378403914774,
35,001,0.6991363191167305,0.6500783258730228,0.7481943123604381,0.7138310856851895,0.701352859094715,0.726309312275664,0.7392145203817486,0.7230962699878803,0.7553327707756169,0.6564619778650482,0.6002485144496472,0.7126754412804492,0.7155271437846477,0.6798376720239773,0.751216615545318,
35,003,,,,,,,,,,,,,,,,
35,005,,,,0.8280829136901277,0.7861837078222624,0.8699821195579929,0.811087544796314,0.7717163884301916,0.8504587011624363,,,,,,,
35,006,,,,0.6944444444444444,0.560341703850093,0.8285471850387959,0.663370253164557,0.5071319418847428,0.8196085644443712,,,,0.7554246745195289,0.6662532875242027,0.8445960615148551,
35,007,,,,0.677487352445194,0.5763382329732674,0.7786364719171206,0.7574750830564784,0.6654216419590311,0.8495285241539257,,,,,,,
35,009,0.7988929889298892,0.696591605542057,0.9011943723177215,0.8287665312472988,0.7923790771600299,0.8651539853345678,0.8482262586858467,0.8165562912767936,0.8798962260948997,,,,,,,
35,011,,,,,,,,,,,,,,,,
35,013,0.7615426398696361,0.6483554386672614,0.8747298410720108,0.7128289059549289,0.6733628642740722,0.7522949476357855,0.7619974724186221,0.7365136344035814,0.7874813104336629,0.7450331125827815,0.6496720684941047,0.8403941566714582,0.6567656765676567,0.4576576060464477,0.8558737470888658,
35,015,,,,0.8288810868569684,0.7835034583548361,0.8742587153591006,0.7631740572411252,0.7373523630308032,0.7889957514514472,,,,,,,
35,017,,,,0.7107302183611176,0.6222843178640469,0.7991761188581883,0.7774384424508494,0.6892947812267626,0.8655821036749362,,,,,,,
35,019,,,,,,,0.8152,0.6773981484031691,0.9530018515968309,,,,,,,
35,021,,,,,,,,,,,,,,,,
35,023,,,,0.8019966722129783,0.7451672162874724,0.8588261281384842,0.8938775510204081,0.8273182042632283,0.9604368977775879,,,,,,,
35,025,,,,0.8208044382801665,0.7691056461129949,0.872503230447338,0.753001440691532,0.7041314314365821,0.8018714499464819,,,,,,,
35,027,,,,0.6799242424242424,0.5979532824313762,0.7618952024171086,0.7667485092949842,0.6445323095562242,0.8889647090337441,,,,,,,
35,028,,,,0.756419730278958,0.7195899178055677,0.7932495427523484,0.7726495726495727,0.7190692029408852,0.8262299423582602,,,,0.8170515097690941,0.6816397425741668,0.9524632769640214,
35,029,,,,0.7705848949460534,0.6663409147551044,0.8748288751370025,0.7807342539575615,0.7113164433799126,0.8501520645352103,,,,,,,
35,031,,,,0.7669006280014776,0.6808259078887231,0.8529753481142321,0.764659890539484,0.6768358488468568,0.8524839322321113,,,,0.8140722061627407,0.786951249513562,0.8411931628119194,
35,033,,,,,,,,,,,,,,,,
35,035,0.8476863753213367,0.7035572378726762,0.9918155127699972,0.762442770639492,0.7165791504193748,0.8083063908596091,0.7970365265334253,0.7450694163740977,0.8490036366927528,0.8111782477341389,0.6014339878860118,1,0.7640733712839974,0.7301306761652665,0.7980160664027284,
35,037,,,,0.7363363363363363,0.6692775169893834,0.8033951556832892,0.8327044025157233,0.5496078874206867,1,,,,,,,
35,039,,,,0.6604324956165984,0.5735524208572444,0.7473125703759524,0.7706031154307016,0.718015473340372,0.8231907575210312,,,,0.8031809145129225,0.7718407549368892,0.8345210740889558,
35,041,,,,0.7946273830155979,0.6960484498078733,0.8932063162233225,0.7738808098089536,0.6723208192288291,0.875440800389078,,,,,,,
35,043,0.7129714811407544,0.5793146764809327,0.846628285800576,0.5925466454942437,0.5531049505185062,0.6319883404699813,0.6677586389094368,0.6188850922641191,0.7166321855547544,0.8364197530864198,0.6651277341836234,1,0.6775451559934319,0.5971283031302559,0.7579620088566079,
35,045,,,,0.8114444313216015,0.782915731943918,0.839973130699285,0.865982905982906,0.835227451211672,0.8967383607541399,,,,0.8528393562101427,0.8331242888197825,0.872554423600503,
35,047,,,,0.738517745302714,0.6862919457570552,0.7907435448483727,0.7705437026841019,0.7142587774895502,0.8268286278786535,,,,,,,
35,049,0.6130592503022975,0.46960277388219795,0.756515726722397,0.5993446131211129,0.5722532793829717,0.6264359468592541,0.753156616214196,0.728267289796473,0.7780459426319191,0.6157779401022644,0.542816720412774,0.6887391597917548,0.76007326007326,0.7034315378172208,0.8167149823292993,
35,051,,,,0.8061810154525386,0.7278684788611905,0.8844935520438867,0.6335595311536089,0.5284368524906068,0.7386822098166109,,,,,,,
35,053,,,,0.4111519607843137,0.28938144819612277,0.5329224733725046,0.6755458515283843,0.5385849779975836,0.812506725059185,,,,,,,
35,055,,,,0.5617313528190385,0.474632699116007,0.64883000652207,0.6634722887717617,0.5754101979827989,0.7515343795607244,,,,0.7986725663716814,0.6856010612775068,0.911744071465856,
35,057,,,,0.6776352481873954,0.5700766083551452,0.7851938880196456,0.7226519337016575,0.6152844562349479,0.8300194111683671,,,,,,,
35,059,,,,0.792368125701459,0.7117179990410222,0.8730182523618958,,,,,,,,,,
35,061,,,,0.6612487930479563,0.6150534237813335,0.707444162314579,0.7580016805438851,0.7151538090436025,0.8008495520441676,,,,,,,
36,000,0.38205947514248234,0.37726972663540426,0.3868492236495604,0.5746597127022293,0.572895198770712,0.5764242266337465,0.3649964398714481,0.36105195215816716,0.368940927584729,0.3085254318592748,0.30324815746217826,0.3138027062563713,0.34570804636317826,0.327691574069933,0.3637245186564235,
36,001,0.55736598534516,0.5137979577117616,0.6009340129785584,0.7683808682483594,0.7587962206057909,0.7779655158909279,0.6427758816837316,0.6076225211247035,0.6779292422427596,0.6218882817243473,0.5859999974105857,0.6577765660381089,,,,
36,003,,,,0.7340190528786414,0.7151017281994682,0.7529363775578147,,,,,,,,,,
36,005,0.32762820144828886,0.311070813712195,0.3441855891843827,0.5575495438817238,0.538255476375704,0.5768436113877436,0.2878388251814927,0.276592272797944,0.29908537756504133,0.4167579215090607,0.38939171451268617,0.44412412850543526,0.16033755274261605,0.09511952217365724,0.22555558331157485,
36,007,0.4954850659874971,0.4257224676636684,0.5652476643113258,0.7729879943599501,0.7593903857614427,0.7865856029584576,0.6010064701653487,0.5241192487304909,0.6778936916002065,0.5399449035812672,0.46020091180874306,0.6196888953537913,,,,
36,009,,,,0.7449263984298332,0.728666400060043,0.7611863967996234,0.583916083916084,0.39609951066520666,0.7717326571669613,,,,0.7265917602996255,0.6530732144065697,0.8001103061926812,
36,011,,,,0.7718044638728931,0.7439006723865411,0.7997082553592452,0.6271929824561403,0.4869127966193872,0.7674731682928935,,,,,,,
36,013,0.5679245283018868,0.4083789462680558,0.7274701103357177,0.7679514728265735,0.7525070903944918,0.7833958552586552,0.6762992309484969,0.6142398446630695,0.7383586172339243,,,,,,,
36,015,0.6060606060606061,0.4757906719974925,0.7363305401237197,0.8053463490319035,0.7864672643195284,0.8242254337442786,0.5762897914379802,0.3962075981972137,0.7563719846787467,,,,,,,
36,017,,,,0.7629655412460842,0.7461786375127906,0.7797524449793778,,,,,,,,,,
36,019,,,,0.7747245789540331,0.7467019809484386,0.8027471769596276,0.5,0.3325867103576433,0.6674132896423567,,,,,,,
36,021,0.6018691588785047,0.2286993044429702,0.9750390133140392,0.6750334838037602,0.6446385826278352,0.7054283849796851,0.5054495912806539,0.37444857470725473,0.636450607854053,0.6236686390532544,0.5173309611100315,0.7300063169964773,,,,
36,023,,,,0.7234090021752468,0.7017748572070686,0.7450431471434251,0.5446293494704992,0.42027292129900995,0.6689857776419885,,,,,,,
36,025,,,,0.7306598744224618,0.7099535149428583,0.7513662339020654,0.4955223880597015,0.3573095262515349,0.6337352498678681,,,,,,,
36,027,0.6814589165157253,0.6365192032503711,0.7263986297810795,0.7047497246793847,0.685842362915485,0.7236570864432844,0.671747791442924,0.6401505007416717,0.7033450821441762,0.5477651183172656,0.47188853914088474,0.6236416974936465,,,,
36,029,0.5966749546967846,0.5675830401219933,0.6257668692715758,0.7704425462505902,0.7623354677429431,0.7785496247582372,0.6118746564046179,0.5750982136557815,0.6486510991534543,0.5474471784604036,0.5062970531194926,0.5885973038013146,0.7142126789366053,0.6407799408951681,0.7876454169780426,
36,031,,,,0.6999935203784099,0.6646518727191706,0.7353351680376492,,,,,,,,,,
36,033,,,,0.7892531566728951,0.7595836566977062,0.818922656648084,,,,,,,0.6875753920386007,0.5202830386773897,0.8548677453998118,
36,035,,,,0.79848685663795,0.76472894001661,0.8322447732592901,,,,,,,,,,
36,037,,,,0.8301903419104688,0.8017447992704902,0.8586358845504474,0.5866141732283464,0.4626713462522274,0.7105570002044654,,,,,,,
36,039,,,,0.7429830508474576,0.7121775325675328,0.7737885691273825,0.4971475142624287,0.34230078756463,0.6519942409602274,,,,,,,
36,041,,,,0.7197624190064795,0.6790998054563838,0.7604250325565752,,,,,,,,,,
36,043,,,,0.6991687791074692,0.6663128395493807,0.7320247186655577,,,,,,,,,,
36,045,0.6356521739130435,0.5275110819282279,0.7437932658978591,0.8002743977868244,0.7834819713143,0.8170668242593488,0.6616595135908441,0.5817934321444165,0.7415255950372717,0.7178456591639871,0.5811561379381108,0.8545351803898634,,,,
36,047,0.29260099449667604,0.27997570427917096,0.3052262847141811,0.2580380439356956,0.2510182046405733,0.26505788323081797,0.23738782409824247,0.22842128668519115,0.24635436151129378,0.24997268484555232,0.23472256069134867,0.265222808999756,0.21285203049634355,0.16249190820764944,0.2632121527850376,
36,049,,,,0.7468243539202803,0.7095485907920493,0.7841001170485113,,,,,,,,,,
36,051,,,,0.7561582361836008,0.7253022192848946,0.787014253082307,0.5102543068088597,0.3302633943778317,0.6902452192398878,,,,,,,
36,053,0.5346320346320347,0.34471839557326756,0.7245456736908018,0.7036260932944607,0.6793436145635651,0.7279085720253563,0.39705882352941174,0.23526787664715215,0.5588497704116713,0.6172607879924953,0.3772327036589654,0.8572888723260252,,,,
36,055,0.6671136834180312,0.6440924524862583,0.6901349143498041,0.7445141561659725,0.736872213659439,0.752156098672506,0.650955697611551,0.6224365944336487,0.6794748007894533,0.5883400698773721,0.5504542445214928,0.6262258952332513,0.6862385321100918,0.5330153293349682,0.8394617348852154,
36,057,,,,0.7763621230552532,0.7338538889901064,0.8188703571204,0.7657624633431085,0.7182220109756828,0.8133029157105341,,,,,,,
36,059,0.6396691455066209,0.6208759946571231,0.6584622963561187,0.6871554088605829,0.6765595828092446,0.6977512349119213,0.6189986476966306,0.6009106934141197,0.6370866019791415,0.5463926644455582,0.5280241288031671,0.5647612000879494,0.6440460947503202,0.5572085773118577,0.7308836121887826,
36,061,0.1440183496000804,0.1358030631592401,0.1522336360409207,0.10558966018558863,0.10220691061244168,0.10897240975873558,0.11851873349391996,0.11354509144101979,0.12349237554682013,0.09958553341282007,0.09443002536190394,0.10474104146373621,0.07866349117399832,0.059741948520813305,0.09758503382718334,
36,063,0.6222711429095579,0.5567644989392965,0.6877777868798193,0.7545812131239659,0.7368400593310385,0.7723223669168933,0.6988595866001426,0.5881267955984661,0.809592377601819,0.6065464261857048,0.47105193296001835,0.7420409194113912,,,,
36,065,0.5688444924406048,0.49128514942324364,0.6464038354579659,0.7806298461436066,0.7689986608060908,0.7922610314811225,0.7108721624850657,0.6521330626191242,0.7696112623510072,0.6638497652582159,0.6050476102986839,0.7226519202177479,,,,
36,067,0.559970274956651,0.5164441176251141,0.6034964322881878,0.7743266099512787,0.7674858144394325,0.7811674054631248,0.6500219010074464,0.6066158731100288,0.6934279289048639,0.5218141483855065,0.4686985223261726,0.5749297744448405,0.6672727272727272,0.5578739126982939,0.7766715418471606,
36,069,0.6285714285714286,0.5189255965617756,0.7382172605810815,0.7603915061645418,0.7408090206306958,0.7799739916983878,0.5401459854014599,0.4548574607067445,0.6254345100961752,0.5578747628083491,0.375154773330013,0.7405947522866853,,,,
36,071,0.6283268301205521,0.5868010567543055,0.6698526034867988,0.7235717111068288,0.7106771005938752,0.7364663216197824,0.6285936703084315,0.6102482143212431,0.6469391262956199,0.5473501303214596,0.47393618459523584,0.6207640760476834,0.5607580824972129,0.4570112726447839,0.6645048923496419,
36,073,,,,0.7266560958421423,0.6792290625659956,0.774083129118289,0.5699774266365688,0.42139305217276535,0.7185618011003723,,,,,,,
36,075,0.40117416829745595,0.24481283034537266,0.5575355062495393,0.7531959734893653,0.7345540400968313,0.7718379068818992,0.6025824964131994,0.4639111692772572,0.7412538235491416,0.5173611111111112,0.38364475073072857,0.6510774714914938,,,,
36,077,0.6554054054054054,0.3953383366998784,0.9154724741109324,0.7299855675354444,0.707708667025931,0.7522624680449578,0.5959302325581395,0.5060092107027514,0.6858512544135276,0.4619666048237477,0.28369878997962233,0.6402344196678731,,,,
36,079,0.7576840600428878,0.614895420089954,0.9004726999958216,0.6574612836809596,0.6311338050275896,0.6837887623343295,0.6119823788546256,0.5360201620293193,0.6879445956799318,0.6110659072416599,0.44115581270136106,0.7809760017819587,,,,
36,081,0.4350176636916078,0.4218890540949039,0.44814627328831175,0.46132406091648887,0.4496104172306404,0.47303770460233735,0.3319107041297667,0.31926800740771744,0.34455340085181596,0.3391995640396852,0.32555606553831423,0.3528430625410562,0.33975788467664864,0.28206668960441494,0.39744907974888233,
36,083,0.5965919282511211,0.5124889549909111,0.680694901511331,0.7058370849205433,0.6895136918777254,0.7221604779633612,0.5811702595688517,0.49410461050020626,0.6682359086374972,0.6088042460193569,0.5076647883688098,0.709943703669904,,,,
36,085,0.4956757074777902,0.45434176037609886,0.5370096545794816,0.6230938897168405,0.6046491919669765,0.6415385874667046,0.5005941484407618,0.47187223213025853,0.529316064751265,0.4786602167656604,0.4399691280592212,0.5173513054720996,,,,
36,087,0.6032519160518588,0.5684420704111601,0.6380617616925575,0.6552933492360993,0.6350853041669897,0.6755013943052088,0.5823463328518697,0.5530590862270066,0.6116335794767327,0.6826994780014914,0.6380897194083315,0.7273092365946514,,,,
36,089,,,,0.7592983348163214,0.7336439392281825,0.7849527304044602,0.5211024978466839,0.4009939288533946,0.6412110668399733,0.6122931442080378,0.4258377199225886,0.798748568493487,,,,
36,091,0.7026143790849673,0.5437516154604268,0.8614771427095077,0.7042690225135366,0.6926241611816442,0.7159138838454291,0.6393762183235867,0.5674715460451557,0.7112808906020177,0.6003386960203217,0.5097683442797414,0.6909090477609021,,,,
36,093,0.5964347079037801,0.5165614532442045,0.6763079625633556,0.742885898093697,0.7169582464221361,0.7688135497652578,0.5434428138830655,0.4777477764385454,0.6091378513275856,0.6153364632237872,0.5235728900559902,0.7071000363915843,,,,
36,095,,,,0.7245331069609507,0.6744661395174768,0.7746000744044247,,,,,,,,,,
36,097,,,,0.7300102075535897,0.6804018923304838,0.7796185227766956,,,,,,,,,,
36,099,,,,0.7757234726688103,0.7347325270245528,0.8167144183130677,,,,,,,,,,
36,101,0.7772435897435898,0.6041939235862693,0.9502932559009102,0.7713266647000456,0.7545173986691175,0.7881359307309738,0.736780258519389,0.6863021865849712,0.7872583304538068,0.5916749256689792,0.4488415770290195,0.7345082743089388,,,,
36,103,0.6962613144431327,0.6674626009023804,0.7250600279838849,0.7571574005064315,0.7502347315262885,0.7640800694865746,0.7052560842238415,0.6915976770106985,0.7189144914369844,0.6698569738681579,0.6480307587574932,0.6916831889788226,0.6139692076605332,0.5732358180258422,0.6547025972952242,
36,105,0.7215514087083791,0.6020113440160769,0.8410914734006812,0.7126587381576295,0.6868326345384059,0.738484841776853,0.6028329654157468,0.531213530918865,0.6744523999126286,0.7387640449438202,0.5981953143156941,0.8793327755719463,,,,
36,107,,,,0.7605500237079185,0.7227252260895323,0.7983748213263047,,,,,,,,,,
36,109,0.3394934976043806,0.19932156256648753,0.4796654326422736,0.6153546934179548,0.5886555024784886,0.642053884357421,0.44940079893475365,0.3892542456449764,0.509547352224531,0.2831858407079646,0.21608741648157054,0.35028426493435866,,,,
36,111,0.6590644635792413,0.5603431290400788,0.7577857981184039,0.6715727739243219,0.6501510046885947,0.6929945431600492,0.6904930408115122,0.6249726158366447,0.7560134657863797,0.4301675977653631,0.2603860504955735,0.5999491450351527,,,,
36,113,,,,0.7901378896882494,0.7679604580304477,0.8123153213460511,0.6637554585152838,0.5413680974376788,0.7861428195928889,,,,,,,
36,115,,,,0.7694514372694807,0.7406869917858684,0.7982158827530931,0.6533127889060092,0.49817796541053927,0.8084476124014791,,,,,,,
36,117,0.705,0.5770457203266101,0.8329542796733899,0.7631859624978496,0.7328481985674014,0.7935237264282979,0.6540777230432403,0.5171101194853674,0.7910453266011132,,,,,,,
36,119,0.542986633185834,0.5124039249340689,0.573569341437599,0.61604487199028,0.6022118290176428,0.6298779149629172,0.5371448431662177,0.5194823806054544,0.554807305726981,0.5013155361612013,0.4795282201027418,0.5231028522196607,0.520575443292071,0.4659391687617877,0.5752117178223541,
36,121,,,,0.7539965743648301,0.7253106571514258,0.7826824915782344,0.29914529914529914,0.17276767397420878,0.4255229243163895,,,,,,,
36,123,,,,0.654840924696727,0.6095182958974776,0.7001635534959763,,,,,,,,,,
37,000,0.7047090481998733,0.6986804751571234,0.7107376212426233,0.7368766374940838,0.7341655286338764,0.7395877463542913,0.6634712829294042,0.6563754989787589,0.6705670668800494,0.5873970185930993,0.57432354635395,0.6004704908322487,0.7837954751914176,0.7692909483715045,0.7983000020113307,
37,001,0.8095696615065551,0.7947293393644563,0.8244099836486538,0.7534592995514839,0.7287375854208268,0.7781810136821411,0.7344994962908691,0.694506972290921,0.7744920202908172,0.7754108338405356,0.6780138705761919,0.8728077971048792,,,,
37,003,,,,0.7741714285714286,0.7293677961173443,0.818975061025513,,,,,,,,,,
37,005,,,,0.8017402113113735,0.7356196404392004,0.8678607821835467,,,,,,,,,,
37,007,0.651131221719457,0.5199943469575806,0.7822680964813334,0.8039329091960671,0.7468038124955546,0.8610620058965796,,,,,,,,,,
37,009,,,,0.8136217211228716,0.7621041897860226,0.8651392524597206,,,,,,,,,,
37,011,,,,0.8367924528301887,0.7839927906785906,0.8895921149817867,,,,,,,,,,
37,013,0.7720470336718332,0.6944615426200594,0.8496325247236071,0.8130841121495327,0.774970972943279,0.8511972513557864,0.7696793002915452,0.6811673054940417,0.8581912950890487,,,,,,,
37,015,0.7749796913078798,0.6691642307037523,0.8807951519120073,0.7753537735849056,0.6765401323567141,0.8741674148130972,,,,,,,,,,
37,017,0.7886482449589246,0.7594733337169026,0.8178231562009466,0.8184225458672215,0.760585291646076,0.876259800088367,0.7761953204476093,0.6868284208768273,0.8655622200183913,,,,0.9089615931721194,0.5255873748051523,1,
37,019,0.7665583604098976,0.668914634959845,0.8642020858599501,0.6758555898537109,0.6505360574602,0.7011751222472217,0.787033683448026,0.7071185931810378,0.8669487737150143,,,,,,,
37,021,0.6619407687460618,0.5885073560507206,0.735374181441403,0.7404840975858986,0.7295819649016642,0.7513862302701331,0.7069185397736331,0.6474738941857634,0.7663631853615027,0.676056338028169,0.5519597164036902,0.8001529596526478,,,,
37,023,0.6890756302521008,0.6089183270320182,0.7692329334721835,0.8663554568384595,0.8464417358807073,0.8862691777962117,0.6570586308548968,0.5644329231572377,0.7496843385525559,0.6794370602032838,0.5232826597181452,0.8355914606884223,,,,
37,025,0.6637596410747593,0.6145678624169388,0.7129514197325797,0.7303181461770741,0.7082964749600984,0.7523398173940499,0.677871375344241,0.6261833028213735,0.7295594478671086,0.3671507465739415,0.3093493065927253,0.42495218655515765,,,,
37,027,,,,0.7914629311484076,0.7635682708227445,0.8193575914740707,0.8016383850204798,0.6712726674231708,0.9320041026177888,,,,,,,
37,029,,,,0.5167351732237229,0.35597126138429064,0.677499085063155,,,,,,,,,,
37,031,0.7365853658536585,0.6325992590729682,0.8405714726343488,0.7762653136987997,0.7611224569687095,0.7914081704288899,0.7876923076923077,0.66623420581954,0.9091504095650754,,,,,,,
37,033,0.7421180274858529,0.5882852912228242,0.8959507637488815,0.617140568682419,0.5051275520052713,0.7291535853595666,,,,,,,,,,
37,035,0.7826704545454546,0.7337569922878016,0.8315839168031076,0.8344724760484787,0.8266130395206759,0.8423319125762816,0.7291280148423006,0.6882756717612618,0.7699803579233394,0.812636761487965,0.7106502589411395,0.9146232640347906,,,,
37,037,0.6523325514725046,0.5297651827105628,0.7748999202344463,0.5699065812952661,0.5329974799641918,0.6068156826263403,0.7261648745519713,0.6496060547696048,0.8027236943343379,,,,,,,
37,039,,,,0.7920453330482198,0.7450971141671652,0.8389935519292744,,,,,,,,,,
37,041,0.7929871881321645,0.659537169610904,0.926437206653425,0.7873329459616502,0.7451924739596805,0.8294734179636198,,,,,,,,,,
37,043,,,,0.7810150375939849,0.6581245158868152,0.9039055593011547,,,,,,,,,,
37,045,0.8362603305785123,0.7936794360003377,0.878841225156687,0.8181190681622088,0.7938294836222924,0.8424086527021252,0.8092933204259438,0.7168874295830308,0.9016992112688569,,,,,,,
37,047,0.73808707576277,0.6706042780119592,0.8055698735135808,0.8373926931523258,0.7936837936763362,0.8811015926283153,,,,,,,0.9079601990049752,0.8129751247252704,1,
37,049,0.7299132402866843,0.6560459051051684,0.8037805754682001,0.8150402810588164,0.7930865802372442,0.8369939818803886,0.6439050413443584,0.5514106702499701,0.7363994124387467,0.813222079589217,0.7137156924455494,0.9127284667328845,,,,
37,051,0.7693155163835382,0.7564801249032685,0.7821509078638079,0.8170205586753754,0.8051752541081375,0.8288658632426132,0.7673375033995105,0.7525827970378044,0.7820922097612165,0.6832179930795848,0.5783998131869499,0.7880361729722196,0.8348441926345609,0.8003881623236079,0.8693002229455139,
37,053,,,,0.6830506017108888,0.6313459935528689,0.7347552098689087,,,,,,,,,,
37,055,,,,0.7398782598983638,0.6960276411571542,0.7837288786395733,0.5733603786342123,0.4489863702106557,0.6977343870577689,,,,,,,
37,057,0.7541501976284585,0.673069809823688,0.8352305854332289,0.746959823490174,0.7204308688598581,0.7734887781204899,0.6538296041308089,0.5568520891520036,0.7508071191096143,0.6457597173144877,0.5066692575502667,0.7848501770787086,,,,
37,059,0.7885425442291492,0.6772034604646648,0.8998816279936335,0.7699176419592545,0.7221987022639221,0.8176365816545869,0.8291347207009858,0.7098826666077354,0.9483867747942363,,,,,,,
37,061,0.7391036184210527,0.6760619059480574,0.8021453308940479,0.8075372833534865,0.7663347995182035,0.8487397671887695,0.6704361873990307,0.6162356298554699,0.7246367449425914,,,,,,,
37,063,0.6862566438876234,0.6581451270672058,0.714368160708041,0.7026632278580475,0.6890850224521029,0.716241433263992,0.669163278407875,0.6383218164421417,0.7000047403736084,0.6226164374460169,0.5783135953629768,0.666919279529057,0.6222664015904572,0.4395579219537716,0.8049748812271429,
37,065,0.7905205728574676,0.7310233425615015,0.8500178031534337,0.825939617991374,0.7711939754197107,0.8806852605630374,,,,,,,,,,
37,067,0.7376027334010528,0.7077986742799588,0.7674067925221467,0.774711964549483,0.7619676189868647,0.7874563101121013,0.6776987600291758,0.6371114836904901,0.7182860363678616,0.7177087233245976,0.6645654862268204,0.7708519604223747,,,,
37,069,0.55863539445629,0.5290631443924295,0.5882076445201504,0.654351038859428,0.5988937009084041,0.709808376810452,0.7641625615763546,0.622948401200445,0.9053767219522643,,,,,,,
37,071,0.6932387312186978,0.6483314111591458,0.7381460512782498,0.7448542454566752,0.7238176384237737,0.7658908524895768,0.6368140715966802,0.587261391337071,0.6863667518562895,0.66307541625857,0.550427110683776,0.775723721833364,,,,
37,073,,,,0.6923076923076923,0.5646049033089648,0.8200104813064197,,,,,,,,,,
37,075,,,,0.8157349896480331,0.7490906202192483,0.882379359076818,,,,,,,,,,
37,077,0.7887447149730281,0.7104974068192491,0.8669920231268071,0.7318298027757487,0.693568671732081,0.7700909338194164,0.7115933752141633,0.5462056743712731,0.8769810760570536,,,,,,,
37,079,0.7634680134680135,0.6904838820524087,0.8364521448836183,0.797566371681416,0.7118693295468266,0.8832634138160054,,,,,,,,,,
37,081,0.7363206411070482,0.7191676885021683,0.7534735937119281,0.7923901354502725,0.7795764631661133,0.8052038077344317,0.7238888702254174,0.6931746884259217,0.7546030520249131,0.6740729731738129,0.6125417146990175,0.7356042316486082,0.7722772277227723,0.6269447991911556,0.917609656254389,
37,083,0.7154974123059229,0.6651459931045557,0.7658488315072901,0.8278787878787879,0.7785888640908368,0.8771687116667389,,,,,,,,,,
37,085,0.728963684676705,0.6562475015643582,0.8016798677890519,0.7033833239494293,0.672726939289285,0.7340397086095736,0.7125603864734299,0.6123863722667314,0.8127344006801284,,,,,,,
37,087,,,,0.7755225995849573,0.7450822950641293,0.8059629041057853,0.5562218890554723,0.4539258237610408,0.6585179543499038,,,,,,,
37,089,0.6925391095066186,0.5801475586820719,0.8049306603311652,0.7690449005602613,0.742769118680588,0.7953206824399346,0.6767366136034733,0.5655263443627839,0.7879468828441626,,,,,,,
37,091,0.8372787864858653,0.8218446174567248,0.8527129555150058,0.836533602829712,0.7967402762025082,0.8763269294569158,,,,,,,,,,
37,093,0.730581338544211,0.6630338978711756,0.7981287792172465,0.647444996451384,0.6057430722486188,0.6891469206541492,0.5444617784711389,0.4538717949773714,0.6350517619649063,,,,0.8092691622103387,0.7442852286588235,0.874253095761854,
37,095,,,,0.9178228388473852,0.834418140175166,1,,,,,,,,,,
37,097,0.7300423878488167,0.674779205067717,0.7853055706299163,0.7545226274039833,0.7426798991010439,0.7663653557069228,0.6381793971674131,0.5870265846336558,0.6893322097011705,0.5513485477178424,0.3955437851503616,0.7071533102853231,,,,
37,099,,,,0.8053011220517517,0.7720741138273679,0.8385281302761356,0.5906623235613464,0.4849124606603454,0.6964121864623475,,,,0.8277356446370531,0.6945382639525799,0.9609330253215262,
37,101,0.69417168197656,0.6267261209425962,0.7616172430105238,0.6793531386799269,0.6551092068261924,0.7035970705336613,0.641902447491755,0.5844583291824462,0.6993465658010637,,,,,,,
37,103,,,,0.7803308823529411,0.7034416193094266,0.8572201453964556,,,,,,,,,,
37,105,0.7609927991420254,0.6734934171726321,0.8484921811114188,0.8124734832414086,0.781992240905689,0.8429547255771281,0.7916746595050834,0.7260826165180004,0.8572667024921664,,,,,,,
37,107,0.8140428504890544,0.762483100354001,0.8656026006241079,0.8716457589100274,0.840709378791942,0.9025821390281128,0.832282471626734,0.7254758755215434,0.9390890677319246,,,,,,,
37,109,0.7769454848106534,0.6434601934721196,0.9104307761491872,0.7128856099236918,0.6938829671215985,0.7318882527257851,0.6977124183006536,0.6212721814119765,0.7741526551893306,,,,,,,
37,111,,,,0.8233510235026535,0.7942182952307459,0.8524837517745611,0.7242497972424979,0.5510331861341793,0.8974664083508166,,,,,,,
37,113,,,,0.7927927927927928,0.7407043054278971,0.8448812801576885,0.6614238410596026,0.5284975092553996,0.7943501728638056,,,,,,,
37,115,,,,0.6906963578033591,0.600905431716925,0.7804872838897933,,,,,,,,,,
37,117,0.7149321266968326,0.6512726645850138,0.7785915888086514,0.7108559498956158,0.6277451771548122,0.7939667226364195,,,,,,,,,,
37,119,0.5966673550908972,0.5812823293167676,0.6120523808650268,0.7035503062866179,0.6933004336291715,0.7138001789440642,0.584209751067904,0.5653961637103432,0.6030233384254647,0.5732013788502168,0.5484361843112443,0.5979665733891893,0.6580138846966496,0.5744605191694976,0.7415672502238015,
37,121,,,,0.8295577130528586,0.7735811287371274,0.8855342973685899,,,,,,,,,,
37,123,0.8094475580464372,0.6768129087841538,0.9420822073087206,0.8240530303030303,0.771883519502546,0.8762225411035147,0.845437616387337,0.7843206256311643,0.9065546071435098,,,,,,,
37,125,0.7956656346749226,0.7571739851611408,0.8341572841887044,0.7567257969496629,0.7344442500565646,0.7790073438427613,0.7591836734693878,0.6798356662442183,0.8385316806945572,,,,0.929778933680104,0.8552127941440529,1,
37,127,0.8092448266595001,0.76151451168406,0.8569751416349403,0.8262638835695136,0.7907066656526606,0.8618211014863667,0.6675126903553299,0.5682271044059547,0.7667982763047051,,,,,,,
37,129,0.7634852178261141,0.7246531849423178,0.8023172507099104,0.742265314312817,0.7273427716903432,0.7571878569352907,0.610081355363583,0.5410378739801277,0.6791248367470383,0.8028555738605162,0.6836497840732052,0.9220613636478272,0.6644444444444444,0.5437487821176766,0.7851401067712122,
37,131,0.7572767636901825,0.6797460587486481,0.8348074686317168,0.822332506203474,0.7336336656564723,0.9110313467504757,,,,,,,,,,
37,133,0.6067180432233205,0.539859807192149,0.6735762792544919,0.6990184103250872,0.6768831302695467,0.7211536903806276,0.522368338262128,0.4672661140533105,0.5774705624709456,0.6762295081967213,0.5920692975680505,0.7603897188253922,0.3624454148471616,0.22773574521063294,0.4971550844836902,
37,135,0.7041529605263158,0.6379794828300012,0.7703264382226305,0.5987800502332257,0.575657928480914,0.6219021719855373,0.6196382428940569,0.5412143893703134,0.6980620964178004,0.4860650298606503,0.42449165269310296,0.5476384070281977,,,,
37,137,0.7530120481927711,0.3230428900211071,1,0.753708175232839,0.6853343911449061,0.8220819593207718,,,,,,,,,,
37,139,0.679770238736313,0.6027131151188931,0.7568273623537329,0.8127516150173205,0.7785710312162193,0.8469321988184217,,,,,,,,,,
37,141,0.6845298281092013,0.5620574969778331,0.8070021592405694,0.6618530351437699,0.6167759396295134,0.7069301306580265,0.6343729263437292,0.5286525865253834,0.740093266162075,,,,,,,
37,143,,,,0.77008177008177,0.6613860925092498,0.8787774476542902,,,,,,,,,,
37,145,0.718297625940938,0.6128480202300775,0.8237472316517986,0.685522887979159,0.6099661208438069,0.761079655114511,,,,,,,,,,
37,147,0.7278345268821113,0.6934844374776494,0.7621846162865731,0.7969521134904083,0.7740524567594652,0.8198517702213514,0.7244224422442245,0.6316845140161504,0.8171603704722985,0.6488314883148831,0.41985915486405834,0.8778038217657079,,,,
37,149,,,,0.7206644315757391,0.6534609238932753,0.787867939258203,,,,,,,,,,
37,151,0.8794960373907742,0.8135884575039334,0.945403617277615,0.7953867837588768,0.7668808842797045,0.8238926832380492,0.7686649503493932,0.7199859531840166,0.8173439475147698,,,,,,,
37,153,0.8006543584949755,0.7419843704199887,0.8593243465699623,0.8353519606667467,0.8090849506506425,0.8616189706828509,,,,,,,,,,
37,155,0.8105375199574242,0.7044381695950692,0.9166368703197791,0.8728863964652902,0.8563901135909603,0.8893826793396201,0.766890903773033,0.6968115164359051,0.836970291110161,0.8091787439613527,0.6101480132225257,1,0.870023603461841,0.8469058082275391,0.893141398696143,
37,157,0.742986254942572,0.679204873802578,0.806767636082566,0.7910483144469205,0.767259029288958,0.814837599604883,0.7576671694318753,0.6423835577379028,0.8729507811258478,,,,,,,
37,159,0.7534874832791898,0.6844831944169691,0.8224917721414104,0.7886176766244812,0.76719633358071,0.8100390196682524,0.6984555984555985,0.597673808557672,0.7992373883535249,,,,,,,
37,161,0.7545235223160435,0.6239420908954784,0.8851049537366086,0.7947071631958015,0.7630286565661225,0.8263856698254805,0.8,0.6799058954420707,0.9200941045579294,,,,,,,
37,163,0.8304199772985245,0.7811086727765131,0.8797312818205358,0.8428532385897787,0.7987206345450302,0.8869858426345272,0.7213629772837119,0.631988259004003,0.8107376955634208,,,,,,,
37,165,0.8066684592632428,0.7711611366329544,0.8421757818935313,0.8612266112266113,0.824910049534232,0.8975431729189906,,,,,,,0.8905201342281879,0.8606651710148508,0.9203750974415249,
37,167,0.7354859752120027,0.6031270001708289,0.8678449502531764,0.7800033950093362,0.7505975618077436,0.8094092282109289,0.702451394759087,0.5261161847994801,0.878786604718694,,,,,,,
37,169,,,,0.7379058979456594,0.6789940536922404,0.7968177421990784,,,,,,,,,,
37,171,0.8878842676311031,0.7786401929670475,0.9971283422951587,0.8045391035081757,0.7806593697966396,0.8284188372197118,0.698377581120944,0.5886194881060687,0.8081356741358192,,,,,,,
37,173,,,,0.8617048673705897,0.798460390389512,0.9249493443516674,,,,,,,0.7655172413793103,0.6783142519496546,0.8527202308089661,
37,175,,,,0.7327446386736349,0.6839854778671942,0.7815037994800756,,,,,,,,,,
37,177,,,,0.7537960954446855,0.6001102734890603,0.9074819174003107,,,,,,,,,,
37,179,0.6381863266029048,0.5873798714500894,0.6889927817557201,0.6368563685636857,0.622490982383418,0.6512217547439533,0.6573074154067674,0.5920596570388335,0.7225551737747014,0.43154143154143154,0.3448398831337812,0.5182429799490819,,,,
37,181,0.7571774472500865,0.6902257140606185,0.8241291804395545,0.7990501632531909,0.742591231045828,0.8555090954605538,0.7890235210263721,0.6385822590783703,0.9394647829743739,,,,,,,
37,183,0.69334564360257,0.6817483347411629,0.7049429524639771,0.6388604824707972,0.6280646871438015,0.6496562777977929,0.6352776858896607,0.6263828551727036,0.6441725166066178,0.48380319040430825,0.4597015242470626,0.5079048565615539,0.7461105594174114,0.6133927456324295,0.8788283732023934,
37,185,0.6339152119700748,0.5178193521501495,0.75001107179000015,0.6827586206896552,0.57631218616007,0.7892050552192404,,,,,,,,,,
37,187,0.7889273356401384,0.6488032962560866,0.9290513750241902,0.8373259052924791,0.7780500676475781,0.89660174293738,,,,,,,,,,
37,189,,,,0.7515848163140609,0.7245246971722101,0.7786449354559117,0.6268969126111983,0.5535157049960041,0.7002781202263925,,,,,,,
37,191,0.7706066376496191,0.7194404835924236,0.8217727917068146,0.8485358947707967,0.82386735583835,0.8732044337032434,0.7495477717480677,0.6745810781422753,0.8245144653538602,,,,,,,
37,193,,,,0.7764519483091549,0.7383290703596737,0.8145748262586361,0.7732062217762168,0.6890439971344251,0.8573684464180085,,,,,,,
37,195,0.8164618979422628,0.7698503450949568,0.8630734507895688,0.8494974337040205,0.8225110442436088,0.8764838231644323,0.6683657215673782,0.5741655509075285,0.7625658922272278,,,,,,,
37,197,,,,0.7869597477276943,0.7573053134348187,0.8166141820205699,0.8476430976430976,0.7241270193431997,0.9711591759429956,,,,,,,
37,199,,,,0.7926215762996087,0.7195237953617578,0.8657193572374596,,,,,,,,,,
38,000,0.7346994164744198,0.6875280488666367,0.781870784082203,0.794142754137671,0.7870458103247953,0.8012396979505467,0.7171829494307651,0.6803783182749411,0.7539875805865891,0.6109666745450248,0.549198423240629,0.6727349258494207,0.7544385893798136,0.7176356479323784,0.7912415308272487,
38,001,,,,0.7687793427230047,0.6152912500697627,0.9222674353762468,,,,,,,,,,
38,003,,,,0.7842912754751545,0.7313983649878637,0.8371841859624454,,,,,,,,,,
38,005,,,,0.6570898980537535,0.6068266351079588,0.7073531609995483,,,,,,,0.8141025641025641,0.6873993011877084,0.9408058270174198,
38,007,,,,0.6997929606625258,0.5632232485793824,0.8363626727456692,,,,,,,,,,
38,009,,,,0.7894276976845784,0.7431835936696203,0.8356718016995366,,,,,,,,,,
38,011,,,,0.7317073170731707,0.6650792811107348,0.7983353530356067,,,,,,,,,,
38,013,,,,0.693384223918575,0.6130982223795054,0.7736702254576446,,,,,,,,,,
38,015,,,,0.8079956099345555,0.791584949769097,0.8244062701000141,0.860803324099723,0.7737005181295674,0.9479061300698787,0.6785714285714286,0.4441579144842497,0.9129849426586075,0.6184,0.4742400784691754,0.7625599215308245,
38,017,0.7603707643215317,0.6926675070232291,0.8280740216198343,0.8045514264264264,0.7946559867763339,0.814446866076519,0.737825986614355,0.6523926408862672,0.8232593323424426,0.5699368625546382,0.4681254975999628,0.6717482275093135,0.7734138972809668,0.6125426648835243,0.9342851296784093,
38,019,,,,0.7282913165266106,0.6577682353278103,0.798814397725411,,,,,,,,,,
38,021,,,,0.6978764478764479,0.6522404169992742,0.7435124787536216,,,,,,,,,,
38,023,,,,0.7269938650306749,0.6372684867406552,0.8167192433206946,,,,,,,,,,
38,025,,,,0.763199163617355,0.676381795757806,0.8500165314769039,,,,,,,,,,
38,027,,,,0.7971938775510204,0.7067390024770518,0.8876487526249891,,,,,,,,,,
38,029,,,,0.6704637917005696,0.5878811743996788,0.7530464090014604,,,,,,,,,,
38,031,,,,0.8062632696390658,0.71629777475819,0.8962287645199416,,,,,,,,,,
38,033,,,,0.8297872340425532,0.7871717279668234,0.8724027401182829,,,,,,,,,,
38,035,0.7613168724279835,0.6914018201732417,0.8312319246827253,0.813609139307897,0.7915286285701753,0.8356896500456188,0.7317403065825068,0.6548900283581599,0.8085905848068536,0.538961038961039,0.4141507993447824,0.6637712785772956,,,,
38,037,,,,0.5703971119133574,0.5147477871790402,0.6260464366476746,,,,,,,,,,
38,039,,,,0.7276995305164319,0.6803729501892039,0.7750261108436599,,,,,,,,,,
38,041,,,,0.7052023121387283,0.5982334099583717,0.8121712143190849,,,,,,,,,,
38,043,,,,0.5812182741116751,0.48701699231823803,0.6754195559051123,,,,,,,,,,
38,045,,,,0.7328165374677003,0.6717100161014244,0.7939230588339761,,,,,,,,,,
38,047,,,,0.6114206128133705,0.5363103017799706,0.6865309238467703,,,,,,,,,,
38,049,,,,0.6391200951248514,0.5552288188664026,0.7230113713833001,,,,,,,,,,
38,051,,,,0.6639344262295082,0.5833554590204317,0.7445133934385846,,,,,,,,,,
38,053,,,,0.8069353327085286,0.7416715087772264,0.8721991566398307,,,,,,,0.8558352402745996,0.6818636402073954,1,
38,055,,,,0.7093621399176955,0.6700324233801487,0.7486918564552423,,,,,,,0.732484076433121,0.5923899645736587,0.8725781882925833,
38,057,,,,0.813655761024182,0.7687129789289928,0.8585985431193712,,,,,,,,,,
38,059,,,,0.7674397286644056,0.7102723223109267,0.8246071350178844,,,,,,,,,,
38,061,,,,0.7919197253762873,0.7468896238074814,0.8369498269450932,,,,,,,0.7868504772004242,0.752769681884773,0.8209312725160754,
38,063,,,,0.7375201288244766,0.679829915159367,0.7952103424895862,,,,,,,,,,
38,065,,,,0.6490147783251231,0.3837126744133321,0.9143168822369141,,,,,,,,,,
38,067,,,,0.7658227848101266,0.7248164179186738,0.8068291517015793,,,,,,,,,,
38,069,,,,0.7928613224107666,0.7330502917913422,0.852672353030191,,,,,,,,,,
38,071,,,,0.8269817073170732,0.7780374602434924,0.875925954390654,,,,,,,,,,
38,073,,,,0.7593488781346238,0.6851774651061491,0.8335202911630986,,,,,,,,,,
38,075,,,,0.803448275862069,0.6906943782363189,0.9162021734878192,,,,,,,,,,
38,077,,,,0.7601081812035159,0.7205481945455502,0.7996681678614815,,,,,,,,,,
38,079,,,,0.7675718849840255,0.6698647634542124,0.8652790065138386,,,,,,,0.773121387283237,0.7100483846534441,0.8361943899130299,
38,081,,,,0.7484423676012462,0.6932300793293341,0.8036546558731582,,,,,,,,,,
38,083,,,,0.6628787878787878,0.5292645300271834,0.7964930457303923,,,,,,,,,,
38,085,,,,0.512396694214876,0.2672317912984101,0.7575615971313419,,,,,,,0.7620614035087719,0.6722817998481411,0.8518410071694028,
38,087,,,,0.65,0.4760074266738454,0.8239925733261546,,,,,,,,,,
38,089,,,,0.8021689343931026,0.7749162136730376,0.8294216551131675,,,,,,,,,,
38,091,,,,0.67578125,0.6177888841198743,0.7337736158801257,,,,,,,,,,
38,093,,,,0.7978702029334941,0.7652080495933875,0.8305323562736007,,,,,,,,,,
38,095,,,,0.7730307076101469,0.6980147193323314,0.8480466958879624,,,,,,,,,,
38,097,,,,0.8022109351658201,0.7574531888574354,0.8469686814742048,,,,,,,,,,
38,099,,,,0.8210296260320544,0.7854460759132064,0.8566131761509025,0.7138643067846607,0.532213309933119,0.8955153036362025,,,,,,,
38,101,0.6638805970149254,0.49902004398399447,0.8287411500458564,0.8062565172054224,0.7791185599067,0.8333944745041447,0.7364071335363201,0.6976891608450009,0.7751251062276394,,,,0.6721763085399449,0.58243745045153406,0.7619151666283558,
38,103,,,,0.6907327586206896,0.6454276279116077,0.7360378893297715,,,,,,,,,,
38,105,,,,0.8270264024495927,0.7958682354278394,0.858184569471346,0.6772908366533864,0.4947466183338956,0.8598350549728773,,,,,,,
39,000,0.6995008061105825,0.6908628322797504,0.7081387799414146,0.7677102994599232,0.7653669021335592,0.7700536967862872,0.6923079971153008,0.6844405150160597,0.7001754792145418,0.6320650555776102,0.6202433294406787,0.6438867817145416,0.6757743493110352,0.6418561996796621,0.7096924989424083,
39,001,,,,0.8367583212735167,0.8106427174561096,0.8628739250909238,,,,,,,,,,
39,003,0.7513513513513513,0.6819915661816413,0.8207111365210614,0.8626758023800938,0.8473961619484168,0.8779554428117707,0.8314676616915423,0.7275539750493254,0.9353813483337592,,,,,,,
39,005,,,,0.7917003639304488,0.7873294156820378,0.7960713121788598,,,,,,,,,,
39,007,,,,0.7711038377153545,0.7459984728315453,0.7962092025991637,0.7364341085271318,0.5547346144346501,0.9181336026196134,,,,,,,
39,009,,,,0.6848017621145375,0.6490827493024581,0.7205207749266168,,,,,,,,,,
39,011,,,,0.8298983759141418,0.7993846807134871,0.8604120711147966,,,,,,,,,,
39,013,,,,0.8273229291716687,0.8048028601376362,0.8498429982057012,,,,,,,,,,
39,015,,,,0.7909827328927734,0.7280716919281164,0.8538937738574305,,,,,,,,,,
39,017,0.7036022879396373,0.6587511134327042,0.7484534624465704,0.7548440817061369,0.7424938900168703,0.7671942733954036,0.6920407720667968,0.6579899703574761,0.7260915737761175,0.6180649020487513,0.5577487966055935,0.6783810074919091,,,,
39,019,,,,0.7121169524880517,0.6501020139670884,0.774131891009015,,,,,,,,,,
39,021,,,,0.7738324295959419,0.7418974618974379,0.8057673972944459,,,,,,,,,,
39,023,0.7989882854100107,0.7107077318384096,0.8872688389816117,0.7692232151625258,0.7542178079478024,0.7842286223772492,0.7190201729106628,0.6266056909148306,0.8114346549064949,,,,,,,
39,025,0.6745980707395498,0.5333707574051519,0.8158253840739477,0.697874995999616,0.6866250579556981,0.7091249340435339,0.813216821409066,0.7011313927750604,0.9253022500430717,0.6399162595952547,0.46570615809982085,0.8141263610906885,,,,
39,027,0.7621832358674464,0.4816122847098515,1,0.8137192897105328,0.7955364949411083,0.8319020844799572,,,,,,,,,,
39,029,,,,0.782174313132641,0.7601691230338052,0.8041795032314767,,,,,,,,,,
39,031,,,,0.7008070054945055,0.6786293985184201,0.7229846124705909,,,,,,,,,,
39,033,,,,0.799926226484692,0.7682897597551118,0.8315626932142722,,,,,,,,,,
39,035,0.6706145877082458,0.656124416252379,0.6851047591641125,0.7628089229759554,0.7563745576463323,0.7692432883055784,0.6706139937847255,0.6452070808599122,0.6960209067095389,0.6462808488568095,0.6160936199653937,0.6764680777482253,0.6870047543581617,0.5581245808341492,0.8158849278821741,
39,037,,,,0.7908301531994911,0.772384413722299,0.8092758926766832,,,,,,,,,,
39,039,,,,0.8377806014400677,0.8003043491561584,0.875256853723977,0.8593663146192329,0.7833262327212377,0.935406396517228,,,,,,,
39,041,0.7167749965426635,0.6573045420361645,0.7762454510491625,0.6563791065388621,0.6326681595632576,0.6800900535144666,0.6862250744900298,0.5914146346120077,0.7810355143680519,0.4881671701913394,0.41511215157791104,0.5612221888047677,,,,
39,043,0.6848739495798319,0.572996393847063,0.7967515053126009,0.8283548970743864,0.8047644831238485,0.8519453110249242,0.7006880733944955,0.5656402229051816,0.8357359238838094,,,,,,,
39,045,0.43787158145065397,0.3309914985996219,0.5447516643016861,0.702593537414966,0.6780966137952825,0.7270904610346495,0.6080436264485344,0.45819176092378117,0.7578954919732876,0.4170896785109983,0.24416812838771199,0.5900112286342847,,,,
39,047,,,,0.8174002429679469,0.7733013020259242,0.8614991839099696,,,,,,,,,,
39,049,0.691532610596258,0.6755915580751529,0.7074736631173631,0.7325471580166224,0.7256390391813847,0.7394552768518601,0.6315544729849424,0.606349382470536,0.6567595634993487,0.6148581413974711,0.5869494559956784,0.6427668267992638,0.6535008976660682,0.6159928672570147,0.6910089280751217,
39,051,,,,0.855860772542599,0.8329371218810964,0.8787844232041016,0.8661755678330264,0.7726020397480695,0.9597490959179833,,,,,,,
39,053,,,,0.8068559733947301,0.7704953137381179,0.8432166330513424,,,,,,,,,,
39,055,0.8875140607424072,0.7483470775352894,1,0.6536283451939461,0.6304381926450289,0.6768184977428633,0.7115544472152951,0.5557510668942609,0.8673578275363294,,,,,,,
39,057,0.726237905520774,0.6624140766035649,0.7900617344379832,0.7736184891341842,0.7561168350759733,0.7911201431923951,0.7431295569265284,0.6561217000037418,0.8301374138493149,0.7193708609271523,0.6164531190287436,0.822288602825561,,,,
39,059,,,,0.8584385108137249,0.8221708050237285,0.8947062166037213,,,,,,,,,,
39,061,0.6762038382522423,0.6536459116609382,0.6987617648435464,0.7836317704013315,0.7750496727792047,0.7922138680234583,0.6396731418505651,0.604087006882269,0.6752592768188612,0.6952492020623618,0.6569413890512428,0.7335570150734809,0.5658482142857143,0.3573684518014719,0.7743279767699567,
39,063,,,,0.8103141374382631,0.7860254084971939,0.8346028663793322,0.816138540899042,0.7558078824763131,0.8764691993217709,,,,,,,
39,065,,,,0.7962490289645988,0.738152374498161,0.8543456834310367,,,,,,,,,,
39,067,,,,0.8135548523206751,0.7605273354313051,0.8665823692100452,,,,,,,,,,
39,069,,,,0.8479302414718283,0.8223448015229656,0.8735156814206909,0.9387129724208376,0.8625263473066661,1,,,,,,,
39,071,,,,0.7716075156576201,0.7344076750406129,0.8088073562746273,,,,,,,,,,
39,073,,,,0.7753417908609435,0.7453977904019817,0.8052857913199052,,,,,,,,,,
39,075,,,,0.5410339532502986,0.5068706283121408,0.5751972781884563,,,,,,,,,,
39,077,,,,0.8271599347944213,0.805445134496404,0.8488747350924386,0.8254228041462084,0.6958229320852835,0.9550226762071333,,,,,,,
39,079,,,,0.8287821582228466,0.7815437466589472,0.876020569786746,,,,,,,,,,
39,081,0.720173535791757,0.5622541325345207,0.8780929390489933,0.783898502728672,0.7621621353060135,0.8056348701513305,,,,,,,,,,
39,083,,,,0.7190716100417689,0.6899694116110217,0.7481738084725161,,,,,,,,,,
39,085,0.7353799463055912,0.6728076082630082,0.7979522843481742,0.7413739544623031,0.7218530887979456,0.7608948201266607,0.6515403062165652,0.583158518888211,0.7199220935449194,0.704358812381554,0.5796587816313891,0.8290588431317188,,,,
39,087,,,,0.7812566259099583,0.7476493441254751,0.8148639076944414,,,,,,,,,,
39,089,0.734179301252472,0.636411413615136,0.831947188889808,0.7281783053935325,0.7100668458531613,0.7462897649339036,0.5290928803758583,0.4321436206113093,0.6260421401404074,0.6487166582788123,0.5849280621603015,0.7125052543973232,,,,
39,091,,,,0.7885306526381582,0.7547411945844424,0.822320110691874,,,,,,,,,,
39,093,0.7079030085316569,0.6482745272808988,0.7675314897824149,0.750728581958383,0.7351189045299112,0.7663382593868547,0.7418099253973403,0.6921361389346667,0.7914837118600138,0.5730868443680137,0.4936283140911814,0.652545374644846,,,,
39,095,0.770741987016077,0.7415655319995654,0.7999184420325886,0.8126675514266755,0.7999200081259494,0.8254150947274015,0.7525702063064927,0.7209581798900421,0.7841822327229434,0.7294211364843335,0.6657255483171316,0.7931167246515354,,,,
39,097,0.653170359052712,0.585801826771687,0.720538891333737,0.7564408634238535,0.7227903422953362,0.7900913845523708,0.7296206618240516,0.5744601800839174,0.8847811435641858,,,,,,,
39,099,0.734561104994495,0.6777549486855475,0.7913672613034425,0.8084045584045584,0.7953096423959554,0.8214994744131614,0.7260780287474332,0.6666764411354471,0.7854796163594193,0.6789617486338798,0.3700830875419933,0.9878404097257663,,,,
39,101,,,,0.8130772865919148,0.7884874809343196,0.83766709224951,,,,,,,,,,
39,103,0.7816455696202531,0.6513011827986358,0.9119899564418704,0.7072209414739347,0.6890226347208536,0.7254192482270158,0.7731481481481481,0.7556354330600892,0.7906608632362071,0.6544554455445545,0.4636459676975156,0.8452649233915934,,,,
39,105,,,,0.8215229401873649,0.7804953381611734,0.8625505422135564,,,,,,,,,,
39,107,,,,0.8513564329841525,0.8211857577532514,0.8815271082150536,,,,,,,,,,
39,109,0.758248730964467,0.6118584414203093,0.9046390205086247,0.7742811808827772,0.754334305701433,0.7942280560641214,0.8189368770764119,0.7117672961103476,0.9261064580424763,,,,,,,
39,111,,,,0.8220658456898718,0.7766475980268335,0.8674840933529102,,,,,,,,,,
39,113,0.6949236308865406,0.6681278816588473,0.721719380114234,0.8026817012137053,0.7905250000589312,0.8148384023684794,0.6709414454717169,0.6082917917341376,0.7335910992092961,0.6532454506376272,0.5804744387218529,0.7260164625534015,,,,
39,115,,,,0.8094795539033457,0.7420808756863212,0.8768782321203702,,,,,,,,,,
39,117,,,,0.6093085429578321,0.548538228553993,0.6700788573616712,,,,,,,,,,
39,119,0.8529411764705882,0.7757544201057983,0.9301279328353781,0.8191949577424438,0.7965870736248309,0.8418028418600566,,,,,,,,,,
39,121,,,,0.8641452344931921,0.8178383779843752,0.9104520910020091,,,,,,,,,,
39,123,,,,0.793078793078793,0.7581630153219888,0.8279945708355972,,,,,,,,,,
39,125,,,,0.8388030888030888,0.7991270595697613,0.8784791180364164,,,,,,,,,,
39,127,,,,0.8212145969498911,0.7834780881906394,0.8589511057091428,,,,,,,,,,
39,129,0.891497975708502,0.8507673003541936,0.9322286510628104,0.7137191854233655,0.6826375753249415,0.7448007955217896,,,,,,,,,,
39,131,,,,0.8725438688662394,0.8276206233805539,0.9174671143519249,,,,,,,,,,
39,133,0.7346221441124781,0.6200559962834779,0.8491882919414783,0.6930437031290406,0.6748756619496524,0.7112117443084288,0.7912019826517968,0.6806301244849025,0.901773840818691,0.520794537554314,0.4886092643474292,0.5529798107611988,,,,
39,135,,,,0.7875856816450876,0.7158633519600572,0.8593080113301179,,,,,,,,,,
39,137,,,,0.8227253310551047,0.7918322003313226,0.8536184617788868,0.7633053221288515,0.6190019882272415,0.9076086560304615,,,,,,,
39,139,0.7795698924731183,0.6724735193884305,0.886666265557806,0.8220565182392069,0.8059484173926477,0.8381646190857661,0.7767612076852699,0.7131539244319608,0.840368490938579,,,,,,,
39,141,,,,0.8383522534158113,0.81506953882005,0.8616349680115727,,,,,,,,,,
39,143,,,,0.8505936675461742,0.8249329568717501,0.8762543782205983,0.8141592920353983,0.7391714313361135,0.889147152734683,,,,,,,
39,145,,,,0.8395979390151195,0.8070651700933802,0.8721307079368588,,,,,,,,,,
39,147,,,,0.8131548915862641,0.7896166162808065,0.8366931668917217,0.6251468860164512,0.46146766785825294,0.7888261041746494,,,,,,,
39,149,,,,0.8493246119905562,0.8316497517701056,0.8669994722110068,,,,,,,,,,
39,151,0.7453147525228255,0.6816314263669112,0.8089980786787399,0.7763088573094403,0.7668495773005934,0.7857681373182872,0.7087741132545116,0.6462289073539379,0.7713193191550852,0.5838580423583286,0.47831185101002416,0.6894042337066331,,,,
39,153,0.7013392153773437,0.6770657462611693,0.725612684493518,0.7701914190205121,0.7577970740621713,0.7825857639788529,0.7352941176470589,0.6840034308252958,0.786584804468822,0.6588333642950028,0.6153293783078873,0.7023373502821184,,,,
39,155,0.7779740871613663,0.7174712713954594,0.8384769029272732,0.7994202615337014,0.7835667109709662,0.8152738120964366,0.8427099841521395,0.7326779236435151,0.9527420446607638,,,,,,,
39,157,,,,0.8124368899360485,0.7931710422841735,0.8317027375879235,0.5533632286995516,0.3774387283263091,0.729287729072794,,,,,,,
39,159,0.744578313253012,0.5654587870266402,0.9236978394793839,0.735436203466894,0.7177670583243391,0.7531053486094489,0.7910608508346796,0.6874253582395553,0.8946963434298039,0.5382059800664452,0.43439713124140594,0.6420148288914844,,,,
39,161,,,,0.8523512556885219,0.8335889145928957,0.871113596784148,,,,,,,,,,
39,163,,,,0.7055742611298167,0.6397801552140815,0.7713683670455519,,,,,,,,,,
39,165,0.8036529680365296,0.7485561297113581,0.8587498063617012,0.7227879100341561,0.7054271803085806,0.7401486397597316,0.6922583404619332,0.6032145459981431,0.7813021349257234,0.4329474872953134,0.3734634093003942,0.49243156529023263,,,,
39,167,,,,0.8125,0.7940071599863536,0.8309928400136464,,,,,,,,,,
39,169,0.5947643979057592,0.39943555335121483,0.7900932424603035,0.7367834265790967,0.7138881115001064,0.7596787416580869,0.5239520958083832,0.3729589480092317,0.6749452436075347,,,,,,,
39,171,,,,0.8577055329790559,0.848228370165664,0.8671826957924479,0.8113570741097209,0.6920360639253537,0.9306780842940882,,,,,,,
39,173,0.837044745057232,0.7602142508946045,0.9138752392198596,0.7957093448731015,0.7810541078671321,0.8103645818790709,0.8086498563676987,0.7731933255235003,0.8441063872118971,0.717741935483871,0.6156480058729954,0.8198358650947466,,,,
39,175,,,,0.8644137224782386,0.8353689193292039,0.8934585256272732,,,,,,,,,,
40,000,0.7505886296032511,0.7353259847268285,0.7658512744796737,0.7857091078548128,0.7831178475377488,0.7883003681718769,0.7380664463135642,0.7282828257771026,0.7478500668500259,0.700024011377699,0.6822595900675521,0.7177884326878459,0.7851020182330459,0.7771272519423826,0.7930767845237092,
40,001,,,,0.7355302070130968,0.6543459244683919,0.8167144895578017,,,,,,,0.7950116913484022,0.7381458466503983,0.8518775360464061,
40,003,,,,0.7711864406779662,0.7332249973122138,0.8091478840437185,,,,,,,,,,
40,005,,,,0.766003616636528,0.7205508365374165,0.8114563967356396,,,,,,,0.7953020134228188,0.6634809318034417,0.9271230950421959,
40,007,,,,0.7393879565646594,0.6427735912478381,0.8360023218814807,,,,,,,,,,
40,009,,,,0.7831158864159632,0.7359049393617761,0.8303268334701502,0.8435839028094153,0.7615816069758667,0.9255861986429639,,,,,,,
40,011,,,,0.843013468013468,0.7859531653459951,0.9000737706809409,0.6307490144546649,0.4971993129704595,0.7642987159388703,,,,,,,
40,013,,,,0.7923320436158987,0.7616398311905149,0.8230242560412825,0.6266589728793999,0.5837671261597442,0.6695508195990555,,,,0.7940846125046799,0.7521011725362361,0.8360680524731237,
40,015,,,,0.7796292439075193,0.7497916083198349,0.8094668794952037,0.702513966480447,0.5976878930448818,0.8073400399160121,,,,0.7926093514328808,0.7137275482529816,0.87149115461278,
40,017,0.7462756052141527,0.6706282435386943,0.8219229668896111,0.7029889941282347,0.6705524633723643,0.7354255248841051,0.7389493914157591,0.6966637370108852,0.781235045820633,0.6117247238742566,0.5117045414817247,0.7117449062667884,0.8141242937853107,0.7324941512241386,0.8957544363464828,
40,019,0.7556022408963585,0.6635710454183749,0.8476334363743422,0.8126409421197694,0.7893150233738384,0.8359668608657005,0.764509394572025,0.7001604819118292,0.8288583072322209,,,,0.8164598301763554,0.774127215466656,0.8587924448860548,
40,021,,,,0.7341787586879649,0.6947204210277264,0.7736370963482034,0.62734375,0.504819571473037,0.7498679285269629,,,,0.7485979810927736,0.7066623302070695,0.7905336319784778,
40,023,,,,0.8093536862617733,0.7602893266834908,0.8584180458400558,,,,,,,0.8496815286624204,0.7640299826640066,0.9353330746608343,
40,025,,,,0.5258064516129032,0.4113885334569889,0.6402243697688175,,,,,,,,,,
40,027,0.6621115991540589,0.608485415963512,0.7157377823446058,0.7060790845108258,0.6898190739247742,0.7223390950968774,0.6810313075506446,0.6352543294859818,0.7268082856153073,0.6925787271526096,0.6097261352939931,0.7754313190112261,0.6863162374973398,0.6553887152261378,0.7172437597685418,
40,029,,,,0.7267326732673267,0.6918283747797326,0.7616369717549208,,,,,,,,,,
40,031,0.6460073068893528,0.6029438895566752,0.6890707242220304,0.7928640368629161,0.7838699889668879,0.8018580847589443,0.7151378579003181,0.6601482678847472,0.770127447915889,0.5513264129181085,0.46612889974295574,0.6365239260932611,0.83576803895529,0.7823716049759779,0.889164472934602,
40,033,,,,0.8727789623312011,0.7981203576851279,0.9474375669772743,,,,,,,,,,
40,035,,,,0.7862617087709338,0.7561005985080668,0.8164228190338009,,,,,,,0.7711397058823529,0.6918306111024298,0.850448800662276,
40,037,0.8476027397260274,0.7041060416668357,0.9910994377852191,0.7335992023928215,0.7119731479216129,0.7552252568640301,0.6430851063829788,0.5466339355468438,0.7395362772191137,,,,0.7386203660253402,0.6828870144890382,0.7943537175616422,
40,039,,,,0.845734126984127,0.8124907820549075,0.8789774719133464,0.6655225019069413,0.5867639581533565,0.7442810456605261,,,,0.8202995008319468,0.735178565449446,0.9054204362144476,
40,041,,,,0.714379256155055,0.6841030797389672,0.7446554325711429,0.7331975560081466,0.5733567669688087,0.8930383450474846,,,,0.7542857142857143,0.7053975667159011,0.8031738618555275,
40,043,,,,0.8039806996381182,0.734071411511712,0.8738899877645245,,,,,,,,,,
40,045,,,,0.7990610328638498,0.7321160438396522,0.8660060218880473,,,,,,,,,,
40,047,,,,0.8049241506324819,0.7736205737212267,0.8362277275437371,0.8140866102538576,0.7547827528309999,0.8733904676767154,,,,0.8223684210526315,0.6102111216104106,1,
40,049,,,,0.8438196680703492,0.8200213528216632,0.8676179833190353,0.7870689655172414,0.6773234960935249,0.8968144349409578,,,,0.7995735607675906,0.7559358660422568,0.8432112554929243,
40,051,,,,0.7540518335947419,0.7203946588690994,0.7877090083203845,0.7442263279445728,0.6634483851180331,0.8250042707711125,,,,0.7554347826086957,0.6191421769776797,0.8917273882397116,
40,053,,,,0.8289191123836793,0.730738645607357,0.9270995791600016,,,,,,,,,,
40,055,,,,0.8226381461675579,0.7912287107044462,0.8540475816306696,,,,,,,,,,
40,057,,,,0.7505112474437627,0.6556593220871788,0.8453631728003467,,,,,,,,,,
40,059,,,,0.922077922077922,0.8415115614496435,1,,,,,,,,,,
40,061,,,,0.823349866463182,0.771667716319954,0.87503201660641,,,,,,,0.8059149722735675,0.7358202528937945,0.8760096916533404,
40,063,,,,0.7463739709917679,0.7038291241527819,0.788918817830754,,,,,,,0.6918032786885245,0.5787537335710271,0.804852823806022,
40,065,0.8583333333333333,0.7724890812659496,0.944177585400717,0.8366687383467992,0.7922604154350702,0.8810770612585282,0.7997803806734992,0.7401166683039265,0.8594440930430719,,,,,,,
40,067,,,,0.7334525939177102,0.6585927160696627,0.8083124717657577,,,,,,,,,,
40,069,,,,0.7929078014184398,0.7347735686551085,0.851042034181771,,,,,,,0.7885375494071146,0.6802080861086242,0.8968670127056051,
40,071,,,,0.8106963388370424,0.784791272700238,0.8366014049738468,0.8349573690621194,0.784359212114577,0.8855555260096617,,,,0.7332796132151491,0.6664476469941608,0.8001115794361374,
40,073,,,,0.8190836940836941,0.7832609341787287,0.8549064539886595,0.7888975762314308,0.715532176142744,0.8622629763201175,,,,,,,
40,075,,,,0.7185929648241206,0.6469781299807087,0.7902077996675325,,,,,,,,,,
40,077,,,,0.8809278350515464,0.8354564401763556,0.9263992299267372,,,,,,,0.8153266331658291,0.7696889149537852,0.860964351377873,
40,079,,,,0.8130708341790136,0.7835327164973289,0.8426089518606983,0.7692913385826772,0.7308434140425828,0.8077392631227716,,,,0.8429217840982547,0.7873350715231711,0.8985084966733383,
40,081,,,,0.7295622362869199,0.6812753119100292,0.7778491606638105,,,,,,,0.6918429003021148,0.5330197847874226,0.850666015816807,
40,083,0.7734806629834254,0.589611960620712,0.9573493653461389,0.690504103165299,0.6482864344109531,0.7327217719196448,0.6949458483754513,0.5510924956718645,0.838799201079038,,,,,,,
40,085,,,,0.7707061900610288,0.7387520376701515,0.8026603424519061,0.6501580611169653,0.4079268574234318,0.8923892648104987,,,,,,,
40,087,,,,0.7382223471012457,0.7011462773157638,0.7752984168867275,0.6531751570132589,0.5484670313027695,0.7578832827237483,,,,0.7479564032697548,0.6191776019766402,0.8767352045628694,
40,089,0.9077809798270894,0.8581581406235624,0.9574038190306163,0.8290608824254375,0.8052863667982719,0.8528353980526031,0.5770101925254814,0.5296960505397512,0.6243243345112115,,,,0.8120525059665871,0.7607819517927666,0.8633230601404075,
40,091,,,,0.7119841718485019,0.6617753213309056,0.7621930223660983,,,,,,,0.6903409090909091,0.5878114874048834,0.7928703307769347,
40,093,,,,0.8583410997204101,0.8166675396833523,0.9000146597574679,,,,,,,,,,
40,095,,,,0.7328200741374394,0.6992202960821774,0.7664198521927015,0.6945488721804511,0.6081747537205595,0.7809229906403428,,,,,,,
40,097,,,,0.7707456978967495,0.7377136053340052,0.8037777904594938,0.8837535014005602,0.8108583759658679,0.9566486268352525,,,,0.7987763426240653,0.7500578798362081,0.8474948054119225,
40,099,,,,0.8369215540707745,0.815144642544818,0.858698465596731,,,,,,,0.745814307458143,0.656957609817499,0.8346710050987871,
40,101,0.7056823700825644,0.6187811376096637,0.7925836025554651,0.8159558146670758,0.7936097028534471,0.8383019264807045,0.7983677388382141,0.7427769974450152,0.853958480231413,,,,0.8244822636866926,0.7840485737400701,0.8649159536333152,
40,103,,,,0.8152929493545183,0.7545757706513961,0.8760101280576406,,,,,,,0.7360248447204969,0.5585801914509549,0.9134694979900388,
40,105,,,,0.6799733865602129,0.6125045467655157,0.7474422263549101,,,,,,,0.6795252225519288,0.5696895211523625,0.7893609239514952,
40,107,,,,0.7606132075471698,0.6800602213156004,0.8411661937787391,,,,,,,0.8054474708171206,0.6680629133404894,0.9428320282937519,
40,109,0.7681795174624599,0.7421606295798919,0.794198405345028,0.8128517491891455,0.80884619321229,0.816857305166001,0.7519721785380947,0.7360664340331676,0.7678779230430218,0.7500611396429445,0.7116589916251056,0.7884632876607834,0.7798512698189982,0.74716477489565,0.8125377647423464,
40,111,0.8147138964577657,0.6842510751919871,0.9451767177235443,0.7741583753577757,0.7371506306756812,0.8111661200398701,,,,,,,0.7858536585365854,0.7284049869930008,0.84330233008017,
40,113,,,,0.7140311804008909,0.6893716928024349,0.7386906679993468,0.5966767371601208,0.44716570828559044,0.7461877660346512,,,,0.7329376854599406,0.6658032126636433,0.800072158256238,
40,115,,,,0.825909428359317,0.8046546321541926,0.8471642245644414,0.7930258717660292,0.6849715076469434,0.9010802358851151,,,,0.7773475314617618,0.76602069556241,0.7886743673611136,
40,117,,,,0.773356401384083,0.7107627708418426,0.8359500319263234,,,,,,,0.7253668763102725,0.5731101611410154,0.8776235914795296,
40,119,0.6089663760896638,0.42538527246143254,0.792547479717895,0.758474870017331,0.7301551357772464,0.7867946042574157,0.7381818181818182,0.6461090758425097,0.8302545605211267,0.5167824074074074,0.3766983671164534,0.6568664476983614,0.7712590639419907,0.6543157638876597,0.8882023639963218,
40,121,,,,0.8243963363863447,0.7940262770189724,0.8547663957537169,0.8079545454545455,0.7178012284364046,0.8981078624726864,,,,0.8642344497607656,0.8203335705777499,0.9081353289437812,
40,123,,,,0.842151255163648,0.8187051890380201,0.8655973212892758,0.7098712446351931,0.616909717876976,0.8028327713934102,,,,0.8214285714285714,0.7802305585368086,0.8626265843203342,
40,125,0.875,0.7691901123714098,0.9808098876285902,0.7680650235972732,0.7440346720429996,0.7920953751515469,0.75,0.673315794469745,0.826684205530255,,,,0.789259560618389,0.7322689104296064,0.8462502108071716,
40,127,,,,0.8007501172058135,0.7547572370319053,0.8467429973797216,,,,,,,0.7876588021778584,0.6669393608185503,0.9083782435371666,
40,129,,,,0.7396856581532416,0.6863446187929062,0.793026697513577,,,,,,,,,,
40,131,0.81493868450390194,0.7095690024907781,0.9203083665170257,0.6981555810397554,0.671710172698699,0.7246009893808117,0.7234559333795975,0.6511015366414742,0.7958103301177207,0.7688953488372093,0.652065571617592,0.8857251260568266,0.7440850879097026,0.6960748827158736,0.7920952931035317,
40,133,,,,0.8197001328525337,0.779189153271036,0.8602111124340315,0.71,0.5725354521005552,0.8474645478994447,,,,0.8113475177304964,0.7070200850779139,0.9156749503830789,
40,135,,,,0.7780316879951249,0.7428157779395717,0.8132475980506781,0.757532281205165,0.3366005198316025,1,,,,0.8170128585558852,0.7744435976592833,0.8595821194524872,
40,137,,,,0.7916759568933482,0.758508426325089,0.8248434874616075,0.7857601026298909,0.7044291245237538,0.867091080736028,,,,0.7951582867783985,0.6872543383522206,0.9030622352045764,
40,139,,,,0.8750629722921914,0.8379536746912232,0.9121722698931597,0.7257338761517035,0.6363758330949948,0.8150919192084122,,,,,,,
40,141,,,,0.8033755274261604,0.6571684060072092,0.9495826488451116,0.600997506234414,0.4912625182117176,0.7107324942571103,,,,,,,
40,143,0.756022361511096,0.7371707600273265,0.7748739629948656,0.800512661498708,0.7950761821069211,0.805949140890495,0.7382156545102533,0.721304928445213,0.7551263805752936,0.6968150118628227,0.6708293817165935,0.7228006420090519,0.8121349772874756,0.7975190444986905,0.8267509100762608,
40,145,0.7263888888888889,0.576900468911226,0.8758773088665517,0.6429138371990475,0.6145379018657463,0.6712897725323487,0.72002772002772,0.6349021585251249,0.8051532815303151,,,,0.7775677378701953,0.7090127323255393,0.8461227434148513,
40,147,,,,0.779733498605516,0.7502027201008239,0.8092642771102081,0.788785046728972,0.7110090978609455,0.8665609955969985,,,,0.7627958172812328,0.6975586509362062,0.8280329836262594,
40,149,,,,0.6582171525137305,0.6047173231606033,0.7117169818668576,,,,,,,,,,
40,151,,,,0.847132104853361,0.7932146087947852,0.9010496009119368,,,,,,,,,,
40,153,,,,0.8284047208593025,0.7789126246336382,0.8778968170849668,0.8596819457436857,0.8330117540648317,0.8863521374225397,,,,,,,
41,000,0.5990067676128341,0.567271115149986,0.6307424200756823,0.6597933253634563,0.6556254002728604,0.6639612504540521,0.6476156333150245,0.6380597326103775,0.6571715340196714,0.5720455969782686,0.5591094534574051,0.5849817404991321,0.6574154757755315,0.634610619178634,0.680220332372429,
41,001,,,,0.7259272467902995,0.6710580011184498,0.7807964924621492,,,,,,,,,,
41,003,,,,0.6302770191182209,0.6062521234773655,0.6543019147590763,0.5735049833887044,0.4863950004910338,0.660614966286375,0.41627906976744183,0.31908649690395036,0.5134716426309333,,,,
41,005,0.6528890763390974,0.5635619246490366,0.7422162280291582,0.6378100315071152,0.6257053245801069,0.6499147384341236,0.667908573342264,0.6356208444204919,0.700196302264036,0.5873746674851648,0.5467190086652105,0.628030326305119,0.8166259168704156,0.6939113304777,0.9393405032631312,
41,007,,,,0.7297083278342352,0.69419021841653,0.7652264372519405,0.5371024734982333,0.3911441088234795,0.683060838172987,,,,,,,
41,009,,,,0.6212316413295542,0.5771856130448498,0.6652776696142586,0.44451827242524916,0.29692040191307434,0.592116142937424,,,,,,,
41,011,,,,0.7875831485587583,0.7549788053803334,0.8201874917371833,0.6939552594002856,0.5917910505359664,0.7961194682646048,,,,0.6926952141057935,0.5919782699733713,0.7934121582382156,
41,013,,,,0.7939172749391727,0.7358849706113555,0.85194957926699,,,,,,,,,,
41,015,,,,0.6708957505350046,0.581779650710647,0.7600118503593623,,,,,,,,,,
41,017,,,,0.6692919659014602,0.6501152614425468,0.6884686703603736,0.6029531568228106,0.5551691436399275,0.6507371700056936,0.5103189493433395,0.3471872738634541,0.673450624823225,,,,
41,019,,,,0.7109271814739808,0.6976743040726436,0.724180058875318,0.7348484848484849,0.6845387506493508,0.785158219047619,,,,0.586053412462908,0.5366230134331906,0.6354838114926253,
41,021,,,,0.7355889724310777,0.583460629952881,0.8877173149092744,,,,,,,,,,
41,023,,,,0.7314546208039785,0.6594767144673644,0.8034325271405925,,,,,,,,,,
41,025,,,,0.7009310986964619,0.627297803538104,0.7745643938548197,,,,,,,,,,
41,027,,,,0.6462193578087236,0.5972871141696992,0.6951516014477481,0.7145098039215686,0.6339710369802776,0.7950485708628596,,,,,,,
41,029,,,,0.7217594796128828,0.7023657849098839,0.7411531743158817,0.7250428228845495,0.6756342053895451,0.7744514403795538,0.6616231086657497,0.5611958446282753,0.7620503727032241,0.6764705882352942,0.47006647940539514,0.8828746970651932,
41,031,,,,0.7138649750792931,0.666063387670101,0.7616665624884853,0.6864896073903002,0.5786130911286224,0.794366123651978,,,,0.7197696737044146,0.6085618040017434,0.8309775434070857,
41,033,,,,0.748915999118101,0.7172450185557793,0.7805869796804228,0.6537369914853358,0.5799630239250536,0.727510959045618,,,,,,,
41,035,,,,0.7808441558441559,0.7518084448916011,0.8098798667967106,0.7146604488487321,0.6271837574579575,0.8021371402395068,,,,0.6360294117647058,0.5448315813973383,0.7272272421320733,
41,037,,,,0.6957989497374344,0.6038947862033983,0.7877031132714705,,,,,,,,,,
41,039,0.6125415282392026,0.5004885415648346,0.7245945149135706,0.674398934258104,0.6577107889222582,0.6910870795939499,0.6285188500944991,0.6051255955794788,0.6519121046095195,0.6205006395030148,0.533136523938554,0.7078647550674756,0.626232741617357,0.555471083419394,0.69699439981532,
41,041,,,,0.6952419463539561,0.6593524025621912,0.731131490145721,0.629746835443038,0.5599689630782391,0.6995247078078369,,,,0.5701943844492441,0.41058723449635326,0.7298015344021349,
41,043,,,,0.7598083997925977,0.7285728559111786,0.7910439436740169,0.6956439393939394,0.6081722496863854,0.7831156291014935,0.7415506958250497,0.5692922160953677,0.9138091755547317,0.7507418397626113,0.5736656589368869,0.9278180205883357,
41,045,,,,0.8199687290596381,0.7687035625845198,0.8712338955347565,0.7848317000426076,0.7135735585712246,0.8560898415139906,,,,,,,
41,047,0.6762065095398428,0.5450126387888903,0.8074003802907954,0.7275036743592989,0.7104877607666373,0.7445195879519604,0.6667619839866903,0.6422003302776582,0.6913236376957224,0.6814487632508834,0.6262827300759347,0.7366147964258322,0.6663201663201663,0.5342980172837124,0.7983423153566203,
41,049,,,,0.8378780366881508,0.7842468407050017,0.8915092326712998,0.7626064178127047,0.6481452351675006,0.8770676004579088,,,,,,,
41,051,0.5655406041215771,0.5194241663353059,0.6116570419078484,0.5778687930199302,0.5686329248085296,0.5871046612313309,0.5839664019723074,0.5540805471081679,0.613852256836447,0.5751273056467127,0.5531377738548959,0.5971168374385294,0.6378529855572321,0.550986163439158,0.7247198076753063,
41,053,,,,0.5833212332413726,0.5411065831828463,0.625535883299899,0.49150409062303335,0.4458351756485829,0.5371730055974838,,,,0.589648798521257,0.5028944496732324,0.6764031473692815,
41,055,,,,0.754813863928113,0.6841766691851725,0.8254510586710535,,,,,,,,,,
41,057,,,,0.6688772010061742,0.6122649750344988,0.7254894269778496,0.6339165545087483,0.4938055351310582,0.7740275738864384,,,,,,,
41,059,,,,0.7754151177199504,0.7396456900654194,0.8111845453744815,0.6989807223576335,0.636612201465677,0.7613492432495901,,,,0.785234899328859,0.6521194547904856,0.9183503438672325,
41,061,,,,0.7394455872269566,0.6939174876034346,0.7849736868504786,0.632088520055325,0.4655991829742665,0.7985778571363835,,,,,,,
41,063,,,,0.6027572940044886,0.5331692229748982,0.672345365034079,,,,,,,,,,
41,065,,,,0.7805438529299119,0.7395046458439815,0.8215830600158424,0.6872332169188979,0.5814884234557762,0.7929780103820196,,,,,,,
41,067,0.6053242154109171,0.5395392150943441,0.67110921572749,0.643702782824902,0.6337225944754545,0.6536829711743495,0.6631678706816394,0.6401167239002867,0.6862190174629921,0.5385110104959868,0.5090479870802109,0.5679740339117627,0.6462758425375248,0.581698082588014,0.7108536024870356,
41,069,,,,0.6075156576200418,0.3963743033643099,0.8186570118757737,,,,,,,,,,
41,071,,,,0.6624670377966598,0.6282888348065975,0.6966452407867222,0.7248671265407667,0.6587749148239895,0.7909593382575438,0.6346534653465347,0.4566681838030814,0.8126387468899879,,,,
42,000,0.5632668803265651,0.5556652331918762,0.570868527461254,0.7115110052771629,0.7097144938693436,0.7133075166849823,0.6150131393057703,0.6060050620569984,0.6240212165545421,0.5195118506837385,0.5064816066566996,0.5325420947107774,0.6161573526928921,0.5493334076217825,0.6829812977640016,
42,001,0.732912723449001,0.5708565027356687,0.8949689441623334,0.7181280258203335,0.6886885090788055,0.7475675425618615,0.5711358313817331,0.46247627331685337,0.6797953894466128,0.31808278867102396,0.11283094853426814,0.5233346288077798,,,,
42,003,0.5247833833315567,0.502718618723757,0.5468481479393564,0.6839302640126947,0.6777630178270155,0.690097510198374,0.5423316062176166,0.5109198101321462,0.573743402303087,0.41714762786308035,0.38429254029315946,0.45000271543300124,0.541501976284585,0.3584703779579804,0.7245335746111895,
42,005,,,,0.7220011671706722,0.7074432697009487,0.7365590646403957,,,,,,,,,,
42,007,0.5682163476147067,0.4658232406143333,0.6706094546150801,0.7128011673013275,0.6948662365087118,0.7307360980939431,0.6126847290640394,0.49551541067685445,0.7298540474512243,0.6741154562383612,0.5201220888193566,0.8281088236573658,,,,
42,009,,,,0.7978122999941817,0.7703660763966852,0.8252585235916782,,,,,,,,,,
42,011,0.6145687645687645,0.5389132250962286,0.6902243040413004,0.7512032777896244,0.7415995283626396,0.7608070272166091,0.6244264122572785,0.5964928843266145,0.6523599401879424,0.6824104234527687,0.6028211720352558,0.7619996748702816,0.6089385474860335,0.3057885451133283,0.9120885498587387,
42,013,0.7497556207233627,0.6309820267903196,0.8685292146564058,0.8086543271635818,0.795207553505674,0.8221011008214896,0.7319819819819819,0.5602635180509817,0.9037004459129822,0.6382488479262672,0.44719298916948236,0.8293047066830521,,,,
42,015,,,,0.7916025002264698,0.7680637081598723,0.8151412922930673,,,,,,,,,,
42,017,0.7037937743190662,0.6589237359826431,0.7486638126554893,0.6831989347396639,0.6718718881396035,0.6945259813397242,0.6403269754768393,0.6039324757780713,0.6767214751756072,0.5778322535457888,0.5252914727975692,0.6303730342940085,,,,
42,019,0.7822966507177034,0.6570090954982553,0.9075842059371515,0.7437124562677404,0.729999265398073,0.7574256471374078,0.6663346613545816,0.5468997113309639,0.7857696113781993,0.5378973105134475,0.4598775008485837,0.6159171201783112,,,,
42,021,0.4919499105545617,0.40965787383566366,0.5742419472734598,0.7872895074316227,0.7700047212453018,0.8045742936179436,0.6760404949381328,0.61106734662464,0.7410136432516256,,,,,,,
42,023,,,,0.8582089552238806,0.7858317889567332,0.930586121491028,,,,,,,,,,
42,025,,,,0.7133611691022964,0.6816119456855898,0.745110392519003,0.5452847805788982,0.4190123402052772,0.6715572209525191,,,,,,,
42,027,0.4696485623003195,0.3121995444113452,0.6270975801892937,0.6838138361896028,0.6708177912493426,0.696809881129863,0.46525237746891,0.36804152577816773,0.5624632291596523,0.33868501529051986,0.28052716747970996,0.39684286310132977,,,,
42,029,0.6904286142471775,0.6408476471749688,0.7400095813193862,0.6514961278944947,0.6423259309802172,0.6606663248087723,0.6424765511471223,0.6071095526965921,0.6778435495976526,0.4885304659498208,0.45448752776079315,0.5225734041388485,,,,
42,031,,,,0.7610391419417746,0.7357370821579305,0.7863412017256186,,,,,,,,,,
42,033,,,,0.7918382255279586,0.7688269585371809,0.8148494925187363,,,,,,,,,,
42,035,,,,0.738989686064895,0.7034363652199291,0.7745430069098609,,,,,,,,,,
42,037,,,,0.7592345698376598,0.7393534927580595,0.7791156469172601,0.570898292501856,0.48850371753668165,0.6532928674670303,,,,,,,
42,039,,,,0.7494039735099338,0.7279542097700176,0.7708537372498501,0.4961636828644501,0.2583835459937993,0.7339438197351009,,,,,,,
42,041,0.6985846331600231,0.6139004521592298,0.7832688141608163,0.7356729711507753,0.7226272446807979,0.7487186976207528,0.7135323025290663,0.6541889573797938,0.7728756476783388,0.4922993785463388,0.41627017841215874,0.5683285786805189,,,,
42,043,0.6465740398330604,0.6107663485376326,0.6823817311284882,0.7765123664408742,0.7614096343856124,0.791615098496136,0.580676940398283,0.5350619020196771,0.6262919787768889,0.6677813773644059,0.6171972398890836,0.7183655148397282,,,,
42,045,0.6138926577548433,0.5862703673491715,0.641514948160515,0.6643419091520819,0.6524509953864299,0.6762328229177339,0.5541390150192106,0.5121487760136056,0.5961292540248155,0.513900530874546,0.46492133127182633,0.5628797304772657,,,,
42,047,,,,0.8416495450543,0.8096451192489261,0.8736539708596739,,,,,,,,,,
42,049,0.6154732747442732,0.5470756053830806,0.6838709441054657,0.7774221542079185,0.7636342204274388,0.7912100879883982,0.6368179925031237,0.5737577945299119,0.6998781904763354,0.6361829025844931,0.5397064381238087,0.7326593670451774,,,,
42,051,0.6828571428571428,0.5124219741468439,0.8532923115674418,0.7848926702303322,0.7696882881435803,0.8000970523170841,,,,,,,,,,
42,053,,,,0.7808157776781712,0.724485388791468,0.8371461665648745,,,,,,,,,,
42,055,0.7070294784580499,0.4985497367189594,0.9155092201971403,0.7703650579859714,0.754556335706572,0.7861737802653709,0.7426860170467634,0.6456334608733415,0.8397385732201853,,,,,,,
42,057,,,,0.7645670720638954,0.7216675144260101,0.8074666297017807,,,,,,,,,,
42,059,,,,0.8131951466127402,0.7812821992109205,0.8451080940145599,,,,,,,,,,
42,061,,,,0.7478559176672385,0.7225406996681292,0.7731711356663478,,,,,,,,,,
42,063,,,,0.7449415137988336,0.7294944335499318,0.7603885940477353,,,,,,,,,,
42,065,,,,0.806094674556213,0.7879109293558784,0.8242784197565476,,,,,,,,,,
42,067,,,,0.7031230558666169,0.6697998892489533,0.7364462224842806,0.7364130434782609,0.6180521512590103,0.8547739356975115,,,,,,,
42,069,0.6518783542039356,0.58153220600645,0.7222245024014212,0.784932887555927,0.7718840379360299,0.7979817371758242,0.7081814204462593,0.6194272877332095,0.7969355531593091,0.6512770137524558,0.5740602631501007,0.728493764354811,,,,
42,071,0.7174008231894211,0.7053726658627335,0.7294289805161087,0.7260207469829857,0.7171139911294321,0.7349275028365393,0.689673622257892,0.6555675855777382,0.7237796589380457,0.7250580046403712,0.6628202378103623,0.7872957714703801,,,,
42,073,0.7558991049633849,0.615629031476127,0.8961691784506427,0.7272565299504686,0.700865053291371,0.7536480066095662,,,,,,,,,,
42,075,0.6657710908113917,0.5659802968084444,0.7655618848143391,0.7455186424474187,0.7346729183520878,0.7563643665427496,0.5929393187457703,0.5338971639535217,0.6519814735380189,0.595593461265103,0.484280712000486,0.7069062105297201,,,,
42,077,0.6797789641285005,0.6380494265713034,0.7215085016856976,0.7781705667371693,0.7697033014123358,0.7866378320620029,0.6944239200039407,0.6710777702299606,0.7177700697779208,0.6073779274452779,0.5221017954599242,0.6926540594306315,0.8178010471204189,0.7216282213145229,0.9139738729263149,
42,079,0.6201369176824177,0.5603110582443839,0.6799627771204516,0.771047875605265,0.7618890249424835,0.7802067262680465,0.6767388579086154,0.6379147450742577,0.7155629707429731,0.6334405144694534,0.5676613786529787,0.699219650285928,,,,
42,081,0.6146844660194175,0.4479885112517519,0.7813804207870831,0.790641846361186,0.7730170840861094,0.8082666086362625,0.5655893536121673,0.4934044257004874,0.6377742815238472,0.7342908438061041,0.5881950050752172,0.880386682536991,,,,
42,083,,,,0.7909697891187942,0.7726118950994693,0.8093276831381192,,,,,,,,,,
42,085,0.8614173228346457,0.8027644421174075,0.9200702035518838,0.8063821909566344,0.7922790901253967,0.8204852917878722,0.6559633027522935,0.5851588939076263,0.7267677115969607,,,,,,,
42,087,,,,0.7894127856522997,0.767836068293976,0.8109895030106233,,,,,,,,,,
42,089,0.600339913714211,0.5553070364102194,0.6453727910182027,0.7467704951529048,0.7318076357119362,0.7617333545938735,0.7013743515063257,0.6450982380267064,0.7576504649859449,0.7721268163804491,0.6769575788204767,0.8672960539404215,,,,
42,091,0.6470886324255403,0.6182743248076169,0.6759029400434636,0.6955672212531866,0.6864190645524016,0.7047153779539715,0.6459227467811158,0.6154176423773864,0.6764278511848453,0.5672883713741048,0.5430921172444061,0.5914846255038035,0.6519499632082414,0.43247734916299907,0.8714225772534837,
42,093,,,,0.8280194640133633,0.7879186751781122,0.8681202528486145,,,,,,,,,,
42,095,0.672667604313174,0.6223541054815376,0.7229811031448103,0.7497582485591614,0.7369488091651665,0.7625676879531563,0.6849121151350713,0.6504183846317185,0.7194058456384241,0.5666942833471417,0.49666879758584315,0.6367197691084402,,,,
42,097,,,,0.7391822827938671,0.7197557293031003,0.7586088362846339,0.7502102607232969,0.6192680034345845,0.8811525180120092,,,,,,,
42,099,,,,0.6067549064354176,0.5710287515383378,0.6424810613324975,0.4931506849315068,0.25098948390978804,0.7353118859532256,,,,,,,
42,101,0.4673375469420601,0.4534222994177221,0.48125279446639807,0.49025969489412957,0.48177168988497804,0.4987476999032811,0.48095701558305437,0.4584603770286991,0.5034536541374096,0.41734118224184447,0.39374485491908084,0.4409375095646081,0.3726955655206776,0.2574306807221847,0.4879604503191705,
42,103,,,,0.6744715958199105,0.6330028579872041,0.7159403336526168,0.5778091208274565,0.29625536609574044,0.8593628755591726,,,,,,,
42,105,,,,0.7440688982775431,0.7143177409191797,0.7738200556359065,,,,,,,,,,
42,107,,,,0.7633164467237893,0.743483860833738,0.7831490326138406,0.6884881422924901,0.609645643018434,0.7673306415665462,,,,,,,
42,109,,,,0.7344797435150102,0.7070665953727132,0.7618928916573072,0.48606271777003485,0.29403556764170646,0.6780898678983632,,,,,,,
42,111,,,,0.7756269077701788,0.7536821437774488,0.7975716717629089,,,,,,,,,,
42,113,,,,0.7958860759493671,0.7479612977161381,0.8438108541825962,,,,,,,,,,
42,115,,,,0.6632643592836597,0.629902968706425,0.6966257498608943,,,,,,,,,,
42,117,,,,0.7744168641636522,0.7477597893005803,0.8010739390267241,,,,,,,,,,
42,119,,,,0.7422411144115538,0.7140368067454964,0.7704454220776112,,,,,,,,,,
42,121,,,,0.7730437665782494,0.7481362949619306,0.7979512381945681,,,,,,,,,,
42,123,,,,0.7796828118302614,0.7522683888348691,0.8070972348256538,,,,,,,,,,
42,125,0.6601371204701273,0.5265114094068528,0.7937628315334018,0.7440969395085971,0.7277473965541191,0.7604464824630751,0.6568516421291053,0.5445055517636171,0.7691977324945934,0.7034659820282413,0.5966260619734085,0.8103059020830741,,,,
42,127,,,,0.7583248942634181,0.7278096122235106,0.7888401763033256,0.5092478421701603,0.3642027895539617,0.6542928947863589,,,,,,,
42,129,0.6328943832303144,0.5883228083136925,0.6774659581469363,0.7587774745007901,0.748375546071573,0.7691794029300073,0.6409232134931203,0.5442959658142433,0.7375504611719973,0.7494661921708186,0.6586197894647322,0.8403125948769049,,,,
42,131,,,,0.8001286528211726,0.7654291592137317,0.8348281464286136,0.8482328482328483,0.6548484624262978,1,,,,,,,
42,133,0.6899122080503561,0.6370657927318436,0.7427586233688687,0.7613942646237525,0.7517812368305449,0.7710072924169601,0.6569698224545784,0.6243263275184602,0.6896133173906965,0.7246503496503497,0.6379185808483908,0.8113821184523086,,,,
44,000,0.6808136203650651,0.624416180705087,0.7372110600250432,0.7466605458820033,0.7371338253318436,0.7561872664321629,0.663944767159751,0.632683831090471,0.6952057032290311,0.5998814463544754,0.5513274580047469,0.6484354347042038,0.5544757033248082,0.3202489431782056,0.7887024634714108,
44,001,,,,0.6396841699833098,0.5966107753686076,0.682757564598012,0.4810126582278481,0.31414024031230536,0.6478850761433909,,,,,,,
44,003,0.6921518987341773,0.559990959720805,0.8243128377475495,0.7652199055482378,0.7375575609833557,0.79288225011312,0.7330390920554855,0.6939922615077712,0.7720859226031997,0.5437392795883362,0.41548488633710134,0.6719936728395711,,,,
44,005,0.6744336569579288,0.5145060705515476,0.83436124336431,0.7201578263909699,0.6934571695586339,0.746858483223306,0.7145922746781116,0.6238054625915473,0.8053790867646758,0.6648148148148149,0.46814393793784975,0.8614856916917799,,,,
44,007,0.6776570368407103,0.6199252708672344,0.7353888028141863,0.7527962830944713,0.7388676430898528,0.7667249230990899,0.661300435199528,0.6222506302623557,0.7003502401367002,0.5969692851318293,0.5503005378259525,0.6436380324377062,0.4616552771450266,0.3751878520423151,0.5481227022477381,
44,009,0.6983445738810545,0.5530069378763065,0.8436822098858026,0.7524960872146366,0.7269977257354061,0.777994448693867,0.578516057585825,0.5248637715782576,0.6321683435933925,0.7166859791425261,0.5929182087729308,0.8404537495121214,,,,
45,000,0.7758618556081384,0.7709166685205152,0.7808070426957615,0.7715212193584592,0.7670812724467732,0.7759611662701452,0.6629552099760364,0.6493781625002362,0.6765322574518366,0.666201880499708,0.6370369639693481,0.6953667970300679,0.6615303983228511,0.6112733224020632,0.711787474243639,
45,001,0.845679012345679,0.7413974279910042,0.9499605967003538,0.8517305893358279,0.7932366475937767,0.9102245310778792,,,,,,,,,,
45,003,0.8044350890934012,0.7543854223255391,0.8544847558612634,0.7924025169001895,0.7741909040624834,0.8106141297378956,0.7636837532580365,0.6924844230611841,0.8348830834548889,,,,,,,
45,005,0.8498871331828443,0.732146695867611,0.9676275704980775,0.8700114025085519,0.7738348380315216,0.9661879669855822,,,,,,,,,,
45,007,0.7822608396421198,0.763489113661445,0.8010325656227946,0.7868183397012851,0.7686256194257137,0.8050110599768565,0.6419905917306264,0.5485755253192653,0.7354056581419876,0.6553030303030303,0.5387792380957477,0.7718268225103129,,,,
45,009,0.7969711310932324,0.687206669138567,0.9067355930478977,0.711489898989899,0.6468555405582942,0.7761242574215038,,,,,,,,,,
45,011,0.8687050359712231,0.8129076743153769,0.9245023976270692,0.8177987109568666,0.7551831029565103,0.880414318957223,,,,,,,,,,
45,013,0.8001597247819142,0.7478819807025829,0.8524374688612455,0.722031858525415,0.6997714817482058,0.7442922353026241,0.6287630515966771,0.5820544863220561,0.6754716168712981,,,,,,,
45,015,0.7565860346684947,0.7177278075734086,0.7954442617635809,0.71589073922934,0.703139206591552,0.7286422718671279,0.6400679117147708,0.5626061874254165,0.7175296360041252,0.5521564694082247,0.4651196786429428,0.6391932601735066,,,,
45,017,0.7526041666666666,0.596943066813915,0.9082652665194183,0.7522421524663677,0.6578539517462118,0.8466303531865237,,,,,,,,,,
45,019,0.7936574710783917,0.767352961597895,0.8199619805588884,0.7411905704593851,0.7271356950328832,0.7552454458858869,0.6066323613493425,0.548380128748469,0.664884593950216,0.685941724241514,0.6333302683347258,0.7385531801483022,0.46557377049180326,0.2972498497853212,0.6338976911982853,
45,021,0.7853645967534141,0.6982849726684459,0.8724442208383822,0.8360157491192927,0.8094044333998331,0.8626270648387522,,,,,,,,,,
45,023,0.7484643734643734,0.6742174742020038,0.822711272726743,0.8227215980024969,0.7639281114561479,0.8815150845488459,,,,,,,,,,
45,025,0.8258517034068136,0.7886365321856452,0.8630668746279819,0.8424582233948988,0.8161345636510184,0.8687818831387792,0.7416020671834626,0.6489057314616111,0.834298402905314,,,,,,,
45,027,0.7538627380524614,0.6937225491666106,0.8140029269383122,0.7719630594364196,0.7098071317337508,0.8341189871390885,,,,,,,,,,
45,029,0.8357795624480753,0.7863670792803785,0.885192045615772,0.7396844660194175,0.6943053536907884,0.7850635783480466,,,,,,,,,,
45,031,0.7941259531205874,0.7181131246836662,0.8701387815575087,0.8142691246915372,0.7771443009173657,0.8513939484657087,,,,,,,,,,
45,033,0.7653798256537983,0.6812120700604176,0.8495475812471789,0.8635273599302377,0.7917856296945853,0.93526909016589,,,,,,,,,,
45,035,0.708508036338225,0.6885293920624498,0.7284866806140002,0.7001261431725008,0.664473323814565,0.7357789625304365,0.6615146831530139,0.5612098262601292,0.7618195400458986,0.6316425120772947,0.5091386360979608,0.7541463880566286,,,,
45,037,0.7878486055776892,0.7218550912395426,0.8538421199158358,0.8194891607641125,0.7376371209513184,0.9013412005769066,,,,,,,,,,
45,039,0.751776013372336,0.6392274590881344,0.8643245676565376,0.774617067833698,0.7063596549699922,0.8428744806974038,,,,,,,,,,
45,041,0.7773210242118098,0.7516799730672712,0.8029620753563484,0.8383035122597747,0.8129268465249859,0.8636801779945635,0.7764654418197725,0.6636708880852639,0.8892599955542811,0.7406367041198502,0.5864162602228868,0.8948571480168135,,,,
45,043,0.8067331670822943,0.7656228055218223,0.8478435286427662,0.7984848484848485,0.7640296311579204,0.8329400658117765,0.6657681940700808,0.5561524237585324,0.7753839643816293,,,,,,,
45,045,0.7409492787342951,0.7134274785317305,0.7684710789368596,0.7771789128916504,0.7680431636295567,0.7863146621537441,0.7145649109316929,0.6876488634290929,0.741480958434293,0.716349399216957,0.6369022153326408,0.7957965831012731,0.8006535947712419,0.646260387215551,0.9550468023269327,
45,047,0.8696871145003925,0.8332561875282706,0.9061180414725144,0.8781898243938671,0.8530602330690532,0.9033194157186809,0.6772540983606558,0.5586924901642042,0.7958157065571073,,,,,,,
45,049,0.7272349272349272,0.6119094105712659,0.8425604438985885,0.8438423645320197,0.7888662183512476,0.8988185107127917,,,,,,,,,,
45,051,0.7922327608305563,0.7651736190374532,0.8192919026236594,0.777673624479001,0.7614357623123241,0.7939114866456779,0.6723938542871304,0.6182549966540969,0.7265327119201639,0.8146114864864865,0.7060582012159098,0.9231647717570632,,,,
45,053,0.7970407593523171,0.7277086269178803,0.8663728917867539,0.761760752688172,0.7034219250389803,0.8200995803373637,0.5370470524607897,0.4167856859496354,0.6573084189719439,,,,,,,
45,055,0.76592082616179,0.6711204786714864,0.8607211736520937,0.7739825581395349,0.7342151823417625,0.8137499339373072,0.626188734455011,0.4495449881811438,0.8028324807288783,,,,,,,
45,057,0.7483724451173354,0.7062351268777959,0.7905097633568748,0.685291609506507,0.651069101044811,0.7195141179682031,0.558891454965358,0.4627134545424113,0.6550694553883046,0.40951029098651526,0.30425539389554934,0.5147651880774812,,,,
45,059,0.8185593355693979,0.7705193244320625,0.8665993467067332,0.8267964700938507,0.7866098994979027,0.8669830406897987,0.8231017770597738,0.7296515926937504,0.9165519614257973,,,,,,,
45,061,0.6776729559748428,0.4831154816499976,0.8722304302996879,0.8520900321543409,0.7423535933877166,0.9618264709209652,,,,,,,,,,
45,063,0.7971880709795299,0.7668039890180501,0.8275721529410097,0.7720690955052443,0.7609509486757491,0.7831872423347395,0.634083402146986,0.592354942717031,0.675811861576941,0.7528842575362859,0.6695364163430101,0.8362320987295616,,,,
45,065,,,,0.6663385826771654,0.5423734265063133,0.7903037388480175,,,,,,,,,,
45,067,0.7627646326276464,0.6977855381886279,0.8277437270666649,0.9200466880653633,0.870145960372757,0.9699474157579695,,,,,,,,,,
45,069,0.7500791891035794,0.6803454228104776,0.8198129553966812,0.9032169370360187,0.8339272133828122,0.9725066606892252,,,,,,,,,,
45,071,0.8237604320078546,0.7365281672248686,0.9109926967908407,0.8261020078467575,0.7975927707150341,0.8546112449784808,0.8732876712328768,0.7681693002496598,0.9784060422160937,,,,,,,
45,073,0.7658168083097262,0.6691586878760564,0.862474928743396,0.7864425461559659,0.7561663046596455,0.8167187876522862,0.5505804311774462,0.3711312018924936,0.7300296604623987,,,,,,,
45,075,0.7847846012832264,0.7600731828850247,0.809496019681428,0.8231173380035026,0.8059693202581482,0.8402653557488571,0.7195945945945946,0.5419370006977222,0.897252188491467,,,,,,,
45,077,0.7661800486618005,0.6985432405027786,0.8338168568208223,0.7675968954526654,0.7464025675348736,0.7887912233704573,0.6005812076202777,0.554375711000649,0.6467867042399064,0.6835443037974683,0.5066264218121863,0.8604621857827504,,,,
45,079,0.7378767592985664,0.7160698774012353,0.7596836411958976,0.7717847511207159,0.7564279874642974,0.7871415147771343,0.6023194659834131,0.561008485996076,0.6436304459707503,0.6060198871271164,0.5336293965949285,0.6784103776593043,,,,
45,081,0.665993265993266,0.5424556491158757,0.7895308828706563,0.7931912185809736,0.7336704386968244,0.8527119984651229,,,,,,,,,,
45,083,0.8062215856012954,0.7693418449182432,0.8431013262843476,0.8135576267333485,0.8018540845798807,0.8252611688868163,0.7094673029794918,0.674584818107981,0.7443497878510026,0.7263255383190553,0.6493125596520805,0.8033385169860302,,,,
45,085,0.846026398630364,0.8022773419170198,0.8897754553437082,0.8723081724553035,0.8480060885974252,0.8966102563131817,0.8123006833712985,0.7116276540815799,0.912973712661017,,,,,,,
45,087,0.8341855368882396,0.7483973489969911,0.9199737247794881,0.8225775747192081,0.7589616217185267,0.8861935277198896,,,,,,,,,,
45,089,0.8262325581395349,0.7667937001808834,0.8856714160981863,0.8658763365876336,0.8246741654026469,0.9070785077726203,,,,,,,,,,
45,091,0.7146148139471321,0.66797140081869,0.7612582270755742,0.6934679494214191,0.6739209980592779,0.7130149007835603,0.6644130903390163,0.6068034694100372,0.7220227112679954,0.5633977655612697,0.4653796078939576,0.6614159232285819,0.7183333333333334,0.5732190837073717,0.863447582959295,
46,000,0.7469055976353224,0.6914544553132851,0.8023567399573597,0.7831778400839844,0.7755129164769918,0.790842763690977,0.6680286497139836,0.6345281332953198,0.7015291661326474,0.6368392809229944,0.579179483624717,0.6944990782212717,0.7131770053772382,0.6862026412213237,0.7401513695331526,
46,003,,,,0.7462082912032356,0.6864158286336549,0.8060007537728163,,,,,,,,,,
46,005,,,,0.7997664915353182,0.756922293206244,0.8426106898643924,0.7474916387959866,0.5735009202980476,0.9214823572939256,,,,,,,
46,007,,,,0.7589928057553957,0.6360516648166596,0.8819339466941318,,,,,,,,,,
46,009,,,,0.733712512926577,0.69735676125547,0.7700682645976841,,,,,,,,,,
46,011,,,,0.7721248142644874,0.7422314256182928,0.802018202910682,0.6198757763975156,0.5009364748912667,0.7388150779037644,,,,,,,
46,013,,,,0.8153801843317973,0.77742253963127,0.8533378290323246,,,,,,,,,,
46,015,,,,0.7406741573033708,0.6919241012670839,0.7894242133396577,,,,,,,,,,
46,017,,,,,,,,,,,,,,,,
46,019,,,,0.7013062409288824,0.6255151024259208,0.777097379431844,,,,,,,,,,
46,021,,,,0.5798898071625345,0.4674793485612221,0.6923002657638468,,,,,,,,,,
46,023,,,,0.7663551401869159,0.716145173806635,0.8165651065671967,,,,,,,0.7740458015267175,0.7161542571919146,0.8319373458615205,
46,025,,,,0.6878868258178603,0.5534017313747026,0.822371920261018,,,,,,,,,,
46,027,,,,0.7286071726438699,0.6723181962604426,0.7848961490272971,,,,,,,,,,
46,029,,,,0.8600168732558894,0.828841755576181,0.8911919909355978,,,,,,,,,,
46,031,,,,0.4861111111111111,0.407853941794452,0.5643682804277702,,,,,,,0.7774480712166172,0.6794842693398611,0.8754118730933733,
46,033,,,,0.6886873920552677,0.5730200793016362,0.8043547048088993,,,,,,,,,,
46,035,,,,0.8227732701248974,0.7872604260842869,0.8582861141655079,,,,,,,,,,
46,037,,,,0.7567713976164681,0.6936257203985368,0.8199170748343994,,,,,,,,,,
46,039,,,,0.7074324324324325,0.6107045075193952,0.8041603573454698,,,,,,,,,,
46,041,,,,0.641185647425897,0.5332198608149943,0.7491514340367997,,,,,,,0.7422594142259414,0.66916283052512,0.8153559979267628,
46,043,,,,0.7642679900744417,0.7049792415886109,0.82355673856027245,,,,,,,,,,
46,045,,,,0.6992840095465394,0.6258117166225801,0.7727563024704986,,,,,,,,,,
46,047,,,,0.7825931232091691,0.6932727146716918,0.8719135317466463,,,,,,,,,,
46,049,,,,0.6341463414634146,0.5460131188318936,0.7222795640949357,,,,,,,,,,
46,051,,,,0.7800215401184707,0.7169028498197729,0.8431402304171685,,,,,,,,,,
46,053,,,,0.7444717444717445,0.7137839035901145,0.7751595853533745,,,,,,,,,,
46,055,,,,0.7152777777777778,0.6205001309178677,0.8100554246376879,,,,,,,,,,
46,057,,,,0.6944312232270348,0.6540160643546168,0.7348463820994527,,,,,,,,,,
46,059,,,,0.6902286902286903,0.601446200840284,0.7790111796170965,,,,,,,,,,
46,061,,,,0.6403415154749199,0.5214740529153357,0.7592089780345042,,,,,,,,,,
46,063,,,,0.6013179571663921,0.5308246017617527,0.6718113125710315,,,,,,,,,,
46,065,,,,0.8355764347384459,0.7875969392123212,0.8835559302645706,,,,,,,,,,
46,067,,,,0.7674202539485909,0.7237894059778802,0.8110511019193016,,,,,,,,,,
46,069,,,,0.6746323529411765,0.656284921325736,0.692979784556617,,,,,,,,,,
46,071,,,,0.780241935483871,0.7171007669850019,0.8433831039827401,,,,,,,,,,
46,073,,,,0.6805143422354105,0.6102777888824482,0.7507508955883728,,,,,,,,,,
46,075,,,,0.6205128205128205,0.46239009650658264,0.7786355445190585,,,,,,,,,,
46,077,,,,0.7902813299232737,0.7450001237933005,0.8355625360532469,,,,,,,,,,
46,079,,,,0.793805685193042,0.7429454380603187,0.8446659323257653,,,,,,,,,,
46,081,,,,0.7491092636579573,0.7209169495105462,0.7773015778053683,,,,,,,,,,
46,083,,,,0.7368253081740934,0.7053613863540226,0.7682892299941643,0.6702127659574468,0.5415204723742146,0.798905059540679,,,,,,,
46,085,,,,0.7399598393574297,0.6406220265919097,0.8392976521229497,,,,,,,0.7272727272727273,0.6250506890774206,0.829494765468034,
46,087,,,,0.673482428115016,0.582218865427123,0.7647459908029091,,,,,,,,,,
46,089,,,,0.643348623853211,0.48478396160929305,0.801913286097129,,,,,,,,,,
46,091,,,,0.8337996642417459,0.7763771627426228,0.891222165740869,,,,,,,,,,
46,093,,,,0.6896706755085984,0.5335185266806612,0.8458228243365356,,,,,,,,,,
46,095,,,,,,,,,,,,,,,,
46,097,,,,0.7741935483870968,0.6757551726680238,0.8726319241061697,,,,,,,,,,
46,099,0.7828624078624079,0.7150691605507328,0.850655655174083,0.8073819153278171,0.7932821042241567,0.8214817264314775,0.6988636363636364,0.6411295635075616,0.7565977092197111,0.7089750398300584,0.5990273190620701,0.8189227605980467,0.6129582267689685,0.49412338889872043,0.7317930646392166,
46,101,,,,0.752542372881356,0.6887178351062281,0.8163669106564838,,,,,,,0.6402877697841727,0.3505390563852383,0.930036483183107,
46,102,,,,,,,,,,,,,0.7412318220701454,0.6189624461251951,0.8635011980150956,
46,103,,,,0.8057148392096086,0.7813461648922723,0.830083513526945,0.6598124098124099,0.45693544034438816,0.8626893792804315,0.7921348314606742,0.6446209257810472,0.9396487371403012,0.708230307311904,0.6072098757297957,0.8092507388940122,
46,105,,,,0.6039603960396039,0.5210364366690717,0.6868843554101361,,,,,,,,,,
46,107,,,,0.7703213610586012,0.695629159033343,0.8450135630838593,,,,,,,,,,
46,109,,,,0.7601489757914339,0.7013294459516218,0.818968505631246,,,,,,,0.6689520078354554,0.5952459499589122,0.7426580657119985,
46,111,,,,0.628032345013477,0.5377035311788582,0.7183611588480959,,,,,,,,,,
46,115,,,,0.6217008797653959,0.5735581047277505,0.6698436548030413,,,,,,,,,,
46,117,,,,0.7994214079074252,0.7036919010074643,0.8951509148073862,,,,,,,,,,
46,119,,,,0.6989010989010989,0.6425497050300191,0.7552524927721787,,,,,,,,,,
46,121,,,,0.6287978863936592,0.3191383226615286,0.9384574501257898,,,,,,,0.7976539589442815,0.7038958170703912,0.8914121008181718,
46,123,,,,0.7641112047177759,0.7181209149178792,0.8101014945176727,,,,,,,,,,
46,125,,,,0.7392452830188679,0.6872190694891326,0.7912714965486033,,,,,,,,,,
46,127,,,,0.8326653306613226,0.7993583074659266,0.8659723538567187,0.8126934984520123,0.6838660822495869,0.9415209146544378,,,,,,,
46,129,,,,0.8197899391929243,0.74612568572291,0.8934541926629386,,,,,,,,,,
46,135,,,,0.8157360406091371,0.7828817207037317,0.8485903605145424,0.6511627906976745,0.4795690316059661,0.8227565497893828,,,,,,,
46,137,,,,0.40932642487046633,0.2409513614944375,0.5777014882464951,,,,,,,0.6563380281690141,0.49845611502061626,0.8142199413174119,
47,000,0.7616796636444778,0.7519655686279909,0.7713937586609647,0.7723058787241408,0.7699065629136354,0.7747051945346463,0.6850711753808241,0.6732763185631085,0.6968660321985396,0.6440264348560197,0.6231540791114257,0.6648987906006137,0.745948580480078,0.6902732360126018,0.8016239249475541,
47,001,0.744258872651357,0.7010075418520673,0.7875102034506468,0.8378071581196581,0.8213786219503003,0.8542356942890159,0.7185321100917431,0.6211541142711746,0.8159101059123116,0.8297546012269938,0.7412814148394014,0.9182277876145863,,,,
47,003,,,,0.6847366397539408,0.6322307623591266,0.7372425171487551,0.4767335766423358,0.34105411771054955,0.612413035574122,,,,,,,
47,005,,,,0.762410406158747,0.6981417991113879,0.8266790132061062,,,,,,,,,,
47,007,,,,0.7690960056061668,0.6859034538428724,0.8522885573694611,,,,,,,,,,
47,009,0.8671978751660027,0.7457509819787081,0.9886447683532972,0.7863656749887875,0.7630296455564575,0.8097017044211176,0.6894409937888198,0.584935429477315,0.7939465581003247,,,,,,,
47,011,0.7190949227373068,0.6117390411183562,0.8264508043562574,0.7937136031058682,0.7742474362887567,0.8131797699229798,0.65149359886202,0.5498917130570493,0.7530954846669906,,,,,,,
47,013,,,,0.7671652884883396,0.7266433988318965,0.8076871781447827,,,,,,,,,,
47,015,,,,0.7177114009255364,0.6055817935154605,0.8298410083356124,,,,,,,,,,
47,017,,,,0.7978753947746196,0.7539708847720553,0.8417799047771838,,,,,,,,,,
47,019,,,,0.7806441525953721,0.7447248649536734,0.8165634402370708,,,,,,,,,,
47,021,,,,0.6279840848806366,0.5776078529819321,0.6783603167793412,,,,,,,,,,
47,023,,,,0.7420282279142708,0.6725785524721022,0.8114779033564394,,,,,,,,,,
47,025,,,,0.7624754236494711,0.7181778272968866,0.8067730200020555,,,,,,,,,,
47,027,,,,0.7931665649786455,0.7191424342979279,0.867190695659363,,,,,,,,,,
47,029,,,,0.8087638979725311,0.75863280734267,0.8588949886023922,,,,,,,,,,
47,031,0.7577092511013216,0.6154296760380685,0.8999888261645747,0.8071637142300954,0.7778516374102422,0.8364757910499485,0.7985823981098642,0.6920208880390237,0.9051439081807047,,,,,,,
47,033,,,,0.7985700963630712,0.7134913461677739,0.8836488465583685,,,,,,,,,,
47,035,,,,0.7934840233264254,0.7704774543340308,0.81649059231882,,,,,,,,,,
47,037,0.7114264077914975,0.6885962518353328,0.7342565637476621,0.7411242965500368,0.7311265424632194,0.7511220506368541,0.6805601929141161,0.6571066913101054,0.7040136945181268,0.6381668103979302,0.6031519020649327,0.6731817187309277,0.7129742962056304,0.5774918669904492,0.8484567254208115,
47,039,,,,0.8030648842517117,0.7430172227615682,0.8631125457418553,,,,,,,,,,
47,041,,,,0.8110802418695865,0.740261088326392,0.881899395412781,,,,,,,,,,
47,043,,,,0.7498429976972996,0.7221342123855917,0.7775517830090074,,,,,,,,,,
47,045,0.9314571039491603,0.8740827716456495,0.988831436252671,0.8826833574065158,0.8649946850218979,0.9003720297911337,,,,,,,,,,
47,047,0.7093023255813954,0.6120384165914321,0.8065662345713587,0.6916346281320429,0.6456364025283259,0.7376328537357599,,,,,,,,,,
47,049,,,,0.787472917077014,0.7147303547079358,0.8602154794460921,,,,,,,,,,
47,051,0.6334106728538283,0.4418356320938668,0.8249857136137899,0.794141821714115,0.7466999977272054,0.8415836457010245,,,,,,,,,,
47,053,0.7775862068965518,0.6888479804708033,0.8663244333223002,0.8004466279589102,0.7665392531046608,0.8343540028131596,,,,,,,,,,
47,055,,,,0.8142951833848873,0.7795244238300784,0.8490659429396962,,,,,,,,,,
47,057,,,,0.689625850340136,0.6117238015569507,0.7675278991233213,,,,,,,,,,
47,059,,,,0.7957824201813165,0.7731392030535283,0.8184256373091047,,,,,,,,,,
47,061,,,,0.7776785714285714,0.7144913547730911,0.8408657880840518,,,,,,,,,,
47,063,,,,0.8804222577407724,0.8528446611056765,0.9079998543758684,0.7400866377874042,0.6030182910962654,0.8771549844785431,,,,,,,
47,065,0.751602303412825,0.7086639741370511,0.7945406326885989,0.7895971933776855,0.7797956605795243,0.7993987261758467,0.6747325854422124,0.6438933172083309,0.7055718536760939,0.6637129889777393,0.5901079687566649,0.7373180091988137,0.6968911917098446,0.6420710654209365,0.7517113179987527,
47,067,,,,0.8726198292843073,0.8095472957227703,0.9356923628458442,,,,,,,,,,
47,069,0.7498054474708171,0.649233335822937,0.8503775591186973,0.8001370488807674,0.747718485621873,0.8525556121396618,,,,,,,,,,
47,071,,,,0.8365991726540387,0.805357680892523,0.8678406644155544,,,,,,,,,,
47,073,,,,0.7597133422328392,0.7151314270351647,0.8042952574305136,,,,,,,,,,
47,075,0.7796248934356351,0.6802870153142736,0.8789627715569966,0.8766933923140724,0.8167595362724172,0.9366272483557276,,,,,,,,,,
47,077,,,,0.7902971497877501,0.7476121103612279,0.8329821892142724,,,,,,,,,,
47,079,0.9150717703349283,0.8286437599480011,1,0.8380402961942484,0.8001554633299008,0.8759251290585959,,,,,,,,,,
47,081,,,,0.7299470126073452,0.623355507353076,0.8365385178616144,,,,,,,,,,
47,083,,,,0.798906439854192,0.7177300204574085,0.8800828592509754,,,,,,,,,,
47,085,,,,0.7834749034749035,0.727994547705229,0.8389552592445779,,,,,,,,,,
47,087,,,,0.6575342465753424,0.5594204269839372,0.7556480661667476,,,,,,,,,,
47,089,,,,0.7929813468226368,0.759968646072831,0.8259940475724425,,,,,,,,,,
47,091,,,,0.7728792310906811,0.7015138328379569,0.8442446293434054,,,,,,,,,,
47,093,0.7895550592681669,0.7527128808897117,0.8263972376466222,0.7811839731199616,0.7714584404810757,0.7909095057588474,0.656644963615473,0.6219282220069837,0.6913617052239622,0.6848739495798319,0.5986549663996966,0.7710929327599673,0.6783042394014963,0.4851807552578763,0.8714277235451163,
47,095,,,,0.86960065199674,0.7943006211270904,0.9449006828663895,,,,,,,,,,
47,097,0.7302784222737819,0.6698564463837517,0.7907003981638121,0.8850204169353105,0.8600977862272541,0.909943047643367,,,,,,,,,,
47,099,,,,0.745088233192827,0.7163152000342945,0.7738612663513595,,,,,,,,,,
47,101,,,,0.7992220227408737,0.7252451187733261,0.8731989267084214,,,,,,,,,,
47,103,,,,0.7558670143415906,0.7459793974888876,0.7657546311942937,,,,,,,,,,
47,105,,,,0.7796973980419873,0.7468121973251689,0.8125825987588058,0.6230460026797677,0.4911820359259449,0.7549099694335906,,,,,,,
47,107,,,,0.8156386540316631,0.786192989442962,0.8450843186203643,,,,,,,,,,
47,109,,,,0.7294807370184254,0.6624860388057057,0.7964754352311452,,,,,,,,,,
47,111,,,,0.7425849361855115,0.6825696163433504,0.8026002560276725,,,,,,,,,,
47,113,0.7531630601868274,0.726367401726287,0.7799587186473679,0.8443858235021128,0.8211840747848879,0.8675875722193377,0.7255797610681658,0.5754289201468291,0.8757306019895025,,,,,,,
47,115,,,,0.7162721213514135,0.6729320831168251,0.7596121595860019,,,,,,,,,,
47,117,,,,0.7004889975550123,0.6455220412906405,0.755455953819384,,,,,,,,,,
47,119,0.7669331089608751,0.6909883328948464,0.8428778850269038,0.768333122389571,0.7415566935081324,0.7951095512710096,0.7095808383233533,0.6233029650014044,0.7958587116453022,,,,,,,
47,121,,,,0.7056665307786384,0.6065580699879151,0.8047749915693617,,,,,,,,,,
47,123,,,,0.8113365404727044,0.76876477453852,0.8539083064068889,0.7703703703703704,0.6187002552717408,0.922040485469,,,,,,,
47,125,0.7341019194211075,0.6837011197553425,0.7845027190868724,0.7817924128918258,0.760016238582672,0.8035685872009796,0.7472625413801884,0.6795951460020964,0.8149299367582805,0.8037087290818634,0.7133726332200929,0.8940448249436339,,,,
47,127,,,,0.8073436083408885,0.7446916784792259,0.869995538202551,,,,,,,,,,
47,129,,,,0.7735492577597841,0.7287589778347306,0.8183395376848376,,,,,,,,,,
47,131,0.7299638989169676,0.6203458527615092,0.8395819450724259,0.8455847026040165,0.8049377967947788,0.8862316084132542,,,,,,,,,,
47,133,,,,0.8287308228730823,0.782803888124679,0.8746577576214856,,,,,,,,,,
47,135,,,,0.7447202667654687,0.6632717619110252,0.8261687716199121,,,,,,,,,,
47,137,,,,0.7907986111111112,0.6659961531659203,0.915601069056302,,,,,,,,,,
47,139,,,,0.6802437459910199,0.5729243293897011,0.7875631625923387,,,,,,,,,,
47,141,,,,0.8175116306811404,0.7948895248504808,0.8401337365118,0.7140879196953963,0.610990307267025,0.8171855321237677,,,,,,,
47,143,,,,0.7743649183811455,0.7236099530209876,0.8251198837413034,,,,,,,,,,
47,145,,,,0.776953715149018,0.7509534002041022,0.8029540300939338,,,,,,,,,,
47,147,0.8043896804004621,0.7193064468678079,0.8894729139331163,0.732233331838766,0.6966505902846117,0.7678160733929204,0.7509897070467142,0.6340185044531192,0.8679609096403091,,,,,,,
47,149,0.7087347690563899,0.6710616821272131,0.7464078559855667,0.7345005989687321,0.719249582856268,0.7497516150811961,0.623584843923827,0.5716974157062703,0.6754722721413836,0.6428995840760546,0.5646943767858881,0.7211047913662212,,,,
47,151,,,,0.8197418597829276,0.7929054119571763,0.8465783076086788,,,,,,,,,,
47,153,,,,0.7058011049723757,0.6299591462844016,0.7816430636603497,,,,,,,,,,
47,155,,,,0.7975515079128098,0.769447882169306,0.8256551336563136,0.6221565059144677,0.5438705721496256,0.7004424396793097,,,,,,,
47,157,0.790121949565241,0.7786190236186561,0.8016248755118258,0.806549447360147,0.7974933453464264,0.8156055493738676,0.7184971098265895,0.6830959262445896,0.7538982934085895,0.6488355681016231,0.6071799619718836,0.6904911742313626,0.8245614035087719,0.717547428228694,0.9315753787888499,
47,159,,,,0.7771698950170043,0.7144420630145838,0.8398977270194248,,,,,,,,,,
47,161,,,,0.8034993270524899,0.7436726853632439,0.863325968741736,,,,,,,,,,
47,163,0.7638888888888888,0.6199864317080512,0.9077913460697264,0.8199263059027527,0.8048976434170685,0.834954968388437,0.8116013882002975,0.6642507888365382,0.9589519875640568,,,,,,,
47,165,0.6114770897379593,0.5293294554489987,0.69362472402692,0.7048115637968005,0.6891981647064751,0.720424962887126,0.647048004414199,0.5693669483423109,0.724729060486087,0.6484641638225256,0.4630153205488385,0.8339130070962126,,,,
47,167,0.678078250863061,0.5899654359846137,0.7661910657415082,0.7059406922542893,0.6638699016662766,0.7480114828423021,,,,,,,,,,
47,169,,,,0.7940212940212941,0.7080027857752501,0.880039802267338,,,,,,,,,,
47,171,,,,0.8229674400467928,0.7823726129752493,0.8635622671183363,,,,,,,,,,
47,173,,,,0.6192200557103064,0.5231385098956841,0.7153016015249286,,,,,,,,,,
47,175,,,,0.6081989247311828,0.4858713215621848,0.7305265279001807,,,,,,,,,,
47,177,,,,0.7911261792452831,0.7548101338563014,0.8274422246342648,,,,,,,,,,
47,179,0.6708927628103539,0.589576365201429,0.7522091604192789,0.7978510118413633,0.780858570793652,0.8148434528890747,0.6720875221762271,0.578360932655906,0.7658141116965482,0.6825396825396826,0.577310279966608,0.7877690851127571,,,,
47,181,,,,0.7553876916240836,0.6932541203211166,0.8175212629270506,,,,,,,,,,
47,183,0.5903723887375113,0.4579629906457554,0.7227817868292672,0.7994693989570945,0.7681955819211252,0.8307432159930637,,,,,,,,,,
47,185,,,,0.7780804150453956,0.7206055452396325,0.8355552848511587,,,,,,,,,,
47,187,0.7946214948798929,0.7298135616761795,0.8594294280836062,0.6835023804595322,0.6668004046248284,0.7002043562942359,0.7156452539174666,0.6531928314142428,0.7780976764206904,0.47971884609752524,0.40685311794799994,0.5525845742470505,,,,
47,189,0.8292205248726988,0.7553578184952857,0.9030832312501119,0.7102113042573124,0.6855642022236174,0.7348584062910074,0.6820624790057105,0.5977113199421541,0.7664136380692669,0.420378904249872,0.27693614859189064,0.5638216599078534,,,,
48,000,0.7177605459164952,0.7132584800541504,0.72226261177884,0.7208180712051211,0.7184236780849979,0.7232124643252443,0.7268292502678935,0.7247547174427823,0.7289037830930046,0.6056290287172825,0.5992687739832604,0.6119892834513047,0.6993279404797417,0.6877743539757915,0.7108815269836919,
48,001,0.826473201066035,0.6546379792052898,0.9983084229267801,0.7885831481797984,0.7434714020414434,0.8336948943181534,0.8769092542677448,0.8477389765464856,0.906079531989004,,,,,,,
48,003,,,,0.7316901408450704,0.5954156364195804,0.8679646452705605,0.8910960504790839,0.8095568694769055,0.9726352314812623,,,,,,,
48,005,0.750801282051282,0.6871948084767234,0.8144077556258407,0.8358831073653353,0.8229666230598434,0.8487995916708273,0.7687272727272727,0.7385540011615808,0.7989005442929646,,,,,,,
48,007,,,,0.6172298706716729,0.5405616619346884,0.6938980794086574,0.6402097902097902,0.5609194841008127,0.7195000963187677,,,,,,,
48,009,,,,0.7372826786864134,0.6650522089157946,0.80951314845703215,,,,,,,,,,
48,011,,,,,,,,,,,,,,,,
48,013,,,,0.7356196697514062,0.6573875442260355,0.813851795276777,0.757927378213464,0.7069689964764138,0.8088857599505143,,,,,,,
48,015,,,,0.7356246945756638,0.678903434268895,0.7923459548824326,0.7601279317697228,0.5289637157440188,0.9912921477954268,,,,,,,
48,017,,,,0.751269035532995,0.620084792044563,0.8824532790214269,0.8050518134715026,0.7529982922909898,0.8571053346520153,,,,,,,
48,019,,,,0.6123910336239103,0.5063768020175996,0.7184052652302211,0.8175182481751825,0.6895700715883606,0.9454664247620044,,,,,,,
48,021,0.6041781198460693,0.45200475175316435,0.7563514879389742,0.5990338164251208,0.5685999261754835,0.629467706674758,0.6014623492545818,0.5398569982615369,0.6630677002476266,,,,,,,
48,023,,,,0.833969465648855,0.7305971627542599,0.9373417685434501,,,,,,,,,,
48,025,,,,0.8738552437223043,0.8006405142340098,0.9470699732105987,0.8428571428571429,0.7879344117173237,0.897779873996962,,,,,,,
48,027,0.7631426761765758,0.7249260409665442,0.8013593113866074,0.7789045114303055,0.7628427000298521,0.7949663228307589,0.732533424751457,0.7118480634020696,0.7532187861008444,0.7436174038115786,0.71080803281299,0.7764267748101672,0.7893209518282066,0.7118018879052965,0.8668400157511167,
48,029,0.6788309531717037,0.652443951041409,0.7052179553019985,0.6958197182344118,0.6848793367207351,0.7067600997480885,0.6988412122384009,0.6906139596192535,0.7070684648575483,0.6373321737239768,0.6092330179961539,0.6654313294517996,0.5937522597440162,0.5301310768485381,0.6573734426394944,
48,031,,,,0.6608996539792388,0.5556202278546907,0.7661790801037869,,,,,,,,,,
48,033,,,,,,,,,,,,,,,,
48,035,,,,0.7453512396694215,0.704566406796342,0.7861360725425011,0.8051242236024845,0.710044211248926,0.9002042359560429,,,,,,,
48,037,0.8263447691656078,0.7766092638762905,0.8760802744549252,0.8404095991083557,0.8251200723869339,0.8556991258297775,0.7965823200788695,0.7323216868240995,0.8608429533336396,,,,,,,
48,039,0.7075173095944609,0.6480095909362863,0.7670250282526355,0.7574667538696316,0.7345643007786149,0.7803692069606483,0.7724248313707557,0.7465569620837796,0.7982927006577317,0.6453495295939026,0.5716248729522004,0.7190741862356047,0.6460084033613446,0.35890995692098,0.9331068498017092,
48,041,0.7289444010755486,0.6700286835619469,0.7878601185891503,0.7527455609155291,0.7286501459294681,0.7768409759015902,0.7481825652696125,0.7221378515606768,0.7742272789785482,0.59348461645552,0.5294186791847556,0.6575505537262843,0.62,0.44498259465598333,0.7950174053440167,
48,043,,,,0.7124243834341554,0.5939665092546096,0.8308822576137012,0.576702737110121,0.4688930102955009,0.6845124639247411,,,,,,,
48,045,,,,0.5666666666666667,0.4167514563946947,0.7165818769386386,,,,,,,,,,
48,047,,,,,,,0.8315054835493519,0.7421090834253806,0.9209018836733233,,,,,,,
48,049,,,,0.798086606243706,0.7663791765513509,0.829794035936061,0.7664432861752296,0.6754591707104405,0.8574274016400187,,,,,,,
48,051,,,,0.6778254649499285,0.589231479532133,0.766419450367724,0.7056277056277056,0.6893026950892,0.7219527161662113,,,,,,,
48,053,,,,0.6593517213609825,0.6252168064910207,0.6934866362309443,0.673605655930872,0.5775393925603638,0.7696719193013801,,,,,,,
48,055,,,,0.6206185567010309,0.544229188530496,0.6970079248715659,0.661677155978908,0.6073880523484939,0.715966259609322,,,,,,,
48,057,,,,0.8202728426395939,0.7626626219462029,0.8778830633329848,0.898490888382688,0.8456439114385599,0.9513378653268161,,,,,,,
48,059,,,,0.6584425597532768,0.567197121838267,0.7496879976682866,,,,,,,,,,
48,061,,,,0.7103226300865967,0.6774435484884271,0.7432017116847662,0.7614891247467361,0.7446644946994448,0.7783137547940274,0.6435701702877276,0.528698682934822,0.7584416576406331,0.7123287671232876,0.5179718140356502,0.9066857202109251,
48,063,,,,0.7087576374745418,0.6304125719032644,0.7871027030458192,,,,,,,,,,
48,065,,,,0.8059757942511346,0.7610555763586135,0.8508960121436557,,,,,,,,,,
48,067,0.7045285820341499,0.5798720564711218,0.829185107597178,0.8240846216436127,0.7701653211216437,0.8780039221655818,,,,,,,,,,
48,069,,,,0.7958287596048299,0.6842055492878272,0.9074519699218326,0.6120689655172413,0.4976680997207641,0.7264698313137186,,,,,,,
48,071,0.8076923076923077,0.6522196995679622,0.9631649158166532,0.7706112781269928,0.7155510627053296,0.825671493548656,0.7833429063756462,0.7287793903267995,0.8379064224244929,,,,,,,
48,073,0.7467532467532467,0.6173153130947471,0.8761911804117464,0.7055685939833582,0.653967223943468,0.7571699640232485,0.80702231899836685,0.7129042118907881,0.9011404261059456,,,,,,,
48,075,,,,0.8938547486033519,0.8688648006173824,0.9188446965893214,,,,,,,,,,
48,077,,,,0.6498498498498498,0.569328090157967,0.7303716095417326,,,,,,,,,,
48,079,,,,0.7650273224043715,0.6693299675032889,0.8607246773054542,0.6990049751243781,0.5206299720491145,0.8773799781996416,,,,,,,
48,081,,,,0.8321917808219178,0.7047529174090373,0.9596306442347983,,,,,,,,,,
48,083,,,,0.7625621203754832,0.6668467220705576,0.8582775186804088,,,,,,,,,,
48,085,0.6293912083869782,0.6010164832813915,0.6577659334925648,0.6339131214107947,0.6216346449151239,0.6461915979064655,0.6680950630675858,0.6448719501070557,0.691318176028116,0.45373511812966505,0.43593963953669546,0.47153059672263464,0.6291999033115785,0.5612792571786883,0.6971205494444687,
48,087,,,,0.839622641509434,0.7337942259948351,0.9454510570240329,,,,,,,,,,
48,089,,,,0.8397048960429242,0.8126083741680393,0.8668014179178091,0.8032619775739042,0.6931911087239653,0.913332846423843,,,,,,,
48,091,0.8439215686274509,0.721434321363416,0.9664088158914859,0.6749383137073963,0.6463123558136018,0.7035642716011908,0.7265482695810564,0.6978794724639459,0.755217066698167,0.6481203007518797,0.4744569299233104,0.821783671580449,,,,
48,093,,,,0.7079037800687286,0.6417163400965356,0.7740912200409216,0.8783783783783784,0.7947117020737686,0.9620450546829882,,,,,,,
48,095,,,,0.7384916748285995,0.5733778280017364,0.9036055216554625,,,,,,,,,,
48,097,,,,0.800075329566855,0.7509336006978232,0.8492170584358868,0.7990343995171998,0.7472014273922759,0.8508673716421237,,,,,,,
48,099,0.6970622796709753,0.6119108854632102,0.7822136738787405,0.6758203069990142,0.6368840892531968,0.7147565247448315,0.6522304832713754,0.5851004544770109,0.71936051206574,0.6502890173410405,0.4728762119005878,0.8277018227814932,,,,
48,101,,,,,,,,,,,,,,,,
48,103,,,,,,,,,,,,,,,,
48,105,,,,,,,,,,,,,,,,
48,107,,,,0.8717948717948718,0.7689132556921323,0.9746764878976113,0.7075306479859895,0.6297919908663033,0.7852693051056757,,,,,,,
48,109,,,,,,,,,,,,,,,,
48,111,,,,0.825287356321839,0.7106287099814055,0.9399460026622726,0.7908461947844598,0.5543449940579953,1,,,,,,,
48,113,0.7196711153038668,0.7114673096390965,0.7278749209686372,0.7580894004198853,0.7507851979812814,0.7653936028584891,0.7238705723878045,0.7153591329194922,0.7323820118561168,0.6686134295984609,0.6571306210943805,0.6800962381025414,0.7417807689332405,0.7000964971104238,0.7834650407560573,
48,115,,,,0.7809943360604154,0.6557571635660808,0.9062315085547499,0.6225930680359435,0.537352662089894,0.707833473981993,,,,,,,
48,117,,,,0.8654292343387471,0.7978578695579654,0.9330005991195287,0.7596559284870973,0.6789758072240589,0.8403360497501356,,,,,,,
48,119,,,,0.6786492374727668,0.5097544744090297,0.847544000536504,,,,,,,,,,
48,121,0.5861497610196494,0.5572840999896255,0.6150154220496734,0.5838779337387054,0.5743411583215725,0.5934147091558384,0.6391844176224873,0.6260426984985256,0.6523261367464491,0.43516718046004266,0.40689243128893415,0.46344192963115116,0.6782252050708426,0.6024004009896315,0.7540500091520537,
48,123,,,,0.8246694026447788,0.785661788530269,0.8636770167592887,0.6712062256809338,0.5454227605287906,0.796989690833077,,,,,,,
48,125,,,,0.9018567639257294,0.8470189652877025,0.9566945625637564,,,,,,,,,,
48,127,,,,,,,0.840983606557377,0.7595922836641164,0.9223749294506377,,,,,,,
48,129,,,,0.6755921730175077,0.6158764394107982,0.7353079066242173,,,,,,,,,,
48,131,,,,,,,0.7252215954875101,0.5832729573927896,0.8671702335822306,,,,,,,
48,133,,,,0.8144937586685159,0.7463293635945982,0.8826581537424336,0.7012102874432677,0.6243304376675568,0.7780901372189787,,,,,,,
48,135,0.8139917695473251,0.7116647852245108,0.9163187538701394,0.8385825047089228,0.8216619616977667,0.8555030477200789,0.8144647077183752,0.7852393675689002,0.8436900478678502,0.8432320441988951,0.7218658700583911,0.9645982183393991,,,,
48,137,,,,,,,,,,,,,,,,
48,139,0.6638800545206724,0.630701936846898,0.6970581721944469,0.7234010944115681,0.6963303105377386,0.7504718782853975,0.747893685399114,0.7051649852508983,0.7906223855473298,0.7342310418143161,0.6557554330608574,0.8127066505677748,,,,
48,141,0.7354755415291924,0.6729531536142022,0.7979979294441826,0.7430776014109347,0.7244724567532304,0.7616827460686391,0.7510447665674699,0.7411930890071282,0.7608964441278115,0.7280622399131537,0.686292307749767,0.7698321720765403,0.7788985823336968,0.700176776624527,0.8576203880428666,
48,143,,,,0.7599622412514329,0.720010223680593,0.7999142588222727,0.788159111933395,0.7337712145481984,0.8425470093185917,,,,,,,
48,145,,,,0.7176154190945764,0.6146461807795152,0.8205846574096376,,,,,,,,,,
48,147,,,,0.6793742877861805,0.6334418331824643,0.7253067423898967,0.6511627906976745,0.5687871715894879,0.733538409805861,,,,,,,
48,149,,,,0.7900833451052408,0.7683045401470374,0.8118621500634442,0.8189054726368159,0.7119734015287146,0.9258375437449172,,,,,,,
48,151,,,,0.75,0.6304601304816999,0.8695398695183001,0.8148148148148148,0.68503576493152,0.9445938646981096,,,,,,,
48,153,,,,0.8858267716535433,0.6313516117329563,1,0.8004032258064516,0.6596756134424666,0.9411308381704366,,,,,,,
48,155,,,,,,,,,,,,,,,,
48,157,0.6471101893794684,0.619294809473908,0.6749255692850288,0.6393804019455752,0.6135224556423636,0.6652383482487868,0.6810342588504195,0.6591926144813711,0.7028759032194678,0.4452585067411911,0.4159617520729257,0.47455526140945653,0.6250690226394258,0.4785992537666125,0.771538791512239,
48,159,,,,0.6282051282051282,0.5261114823989118,0.7302987740113446,0.6422155688622755,0.4211077256805098,0.8633234120440412,,,,,,,
48,161,,,,0.7925161909330775,0.7232821623283212,0.8617502195378337,0.8578024007386889,0.7598364132785209,0.9557683881988568,,,,,,,
48,163,,,,0.6888341543513957,0.5632313247344916,0.8144369839682999,0.794167514411665,0.7242224493283517,0.8641125794949783,,,,,,,
48,165,,,,0.758420939712508,0.6864547621114423,0.8303871173135737,0.7199663959675161,0.6515807152035431,0.7883520767314891,,,,,,,
48,167,0.7855258925699582,0.7457238381473619,0.8253279469925545,0.6892279487861853,0.6759372254891707,0.7025186720832,0.7670873711538956,0.7399778908852483,0.7941968514225428,0.6508056872037915,0.5914495507204046,0.7101618236871784,0.6026011560693642,0.3919711275019433,0.813231184636785,
48,169,,,,0.931899641577061,0.8076348324660314,1,,,,,,,,,,
48,171,,,,0.7696950102381722,0.7401482010140754,0.799241819462269,0.5988268298903341,0.45070745739787343,0.7469462023827947,,,,,,,
48,173,,,,,,,,,,,,,,,,
48,175,,,,0.7697441601779755,0.7028029717305654,0.8366853486253857,,,,,,,,,,
48,177,,,,0.8253029022259791,0.7237420185168748,0.9268637859350835,0.8138190228389708,0.7413262644449824,0.8863117812329592,,,,,,,
48,179,,,,0.841934250764526,0.8102129498224203,0.8736555517066317,0.8545958795562599,0.7812393484497763,0.9279524106627436,,,,,,,
48,181,0.7654952076677316,0.647335844404565,0.8836545709308982,0.7332856472271274,0.71287526819003,0.7536960262642248,0.6551355553396171,0.592710547970655,0.7175605627085792,0.7842907385697538,0.6615033774124195,0.9070780997270882,0.82,0.6705453699198591,0.9694546300801408,
48,183,0.8683465458663646,0.8348077840069522,0.901885307725777,0.8489825453907552,0.8336631724114072,0.8643019183701033,0.8062390855691379,0.7768993656153281,0.8355788055229477,0.6960227272727273,0.5474758956310715,0.8445695589143831,,,,
48,185,,,,0.7000634115409005,0.6374485671454735,0.7626782559363274,0.7239583333333334,0.5441473862510308,0.903769280415636,,,,,,,
48,187,0.5258478081058726,0.41505025398778017,0.6366453622239651,0.6646925810272424,0.6387799183041855,0.6906052437502993,0.7293962760955426,0.6913382924627923,0.7674542597282928,,,,,,,
48,189,,,,0.770714815730893,0.6986073953575704,0.8428222361042155,0.7906748809857183,0.7334850700122326,0.8478646919592039,,,,,,,
48,191,,,,0.8208955223880597,0.7666684919217587,0.8751225528543608,,,,,,,,,,
48,193,,,,0.7762165867032214,0.7257206072023925,0.8267125662040502,,,,,,,,,,
48,195,,,,0.8935456831517183,0.8384103061985826,0.9486810601048541,0.7958783120706575,0.6427625638250112,0.9489940603163038,,,,,,,
48,197,,,,0.7584320875113947,0.6547903700677481,0.8620738049550413,,,,,,,,,,
48,199,0.8566748566748567,0.6588847658461812,1,0.7676672920575359,0.7441245828051953,0.7912100013098765,0.7951807228915663,0.7113470466951916,0.879014399087941,,,,,,,
48,201,0.7286596580070657,0.7192025222158362,0.7381167937982951,0.7460092633425269,0.739312051569542,0.7527064751155118,0.7165598396718649,0.7094553451081248,0.723664334235605,0.6960481437168521,0.6828708382182632,0.709225449215441,0.7003775167785234,0.6659512239611123,0.7348038095959346,
48,203,0.7420130539333563,0.6996929975162072,0.7843331103505053,0.7942081860677231,0.7664047531300667,0.8220116190053796,0.65200813421454,0.5725041981686496,0.7315120702604303,,,,,,,
48,205,,,,0.8285714285714286,0.7148465709993705,0.9422962861434867,,,,,,,,,,
48,207,,,,0.8023471278567017,0.7238923427784397,0.8808019129349637,0.6624525916561315,0.4833702054432023,0.8415349778690606,,,,,,,
48,209,0.694074969770254,0.5794492590246394,0.8087006805158685,0.6074850574712644,0.5877992864986887,0.62717082844384,0.6845959227363402,0.6471534787956675,0.7220383666770128,0.47959183673469385,0.3696858983846234,0.5894977750847643,,,,
48,211,,,,0.8480392156862745,0.7754328720998223,0.9206455592727267,,,,,,,,,,
48,213,0.9217128027681661,0.7730380545508075,1,0.7166675460349285,0.6809400733196782,0.7523950187501789,0.8450479233226837,0.8057218579212994,0.8843739887240681,,,,,,,
48,215,0.6890756302521008,0.5674944649285623,0.8106567955756394,0.6949504539251172,0.6511497214096399,0.7387511864405946,0.7556213136864143,0.7448189613718137,0.7664236660010149,0.7043361042462368,0.6434207415479242,0.7652514669445495,0.7449095022624435,0.6456950504696818,0.8441239540552051,
48,217,,,,0.7723634321022328,0.7371779314260264,0.8075489327784392,0.7232484076433121,0.6489248469944792,0.797571968292145,,,,,,,
48,219,,,,0.8036921476859075,0.7428705210103046,0.8645137743615103,0.7697297297297298,0.70544104007204,0.8340184193874195,,,,,,,
48,221,,,,0.7051620513396618,0.6807478917669999,0.7295762109123237,0.7854379176925783,0.6769586196384902,0.8939172157466664,,,,,,,
48,223,0.7889087656529516,0.6646830948574128,0.9131344364484905,0.7804396590399282,0.7532222580893522,0.8076570599905042,0.731359649122807,0.6015739195602783,0.8611453786853358,,,,,,,
48,225,0.848605577689243,0.7310657260664024,0.9661454293120837,0.7763088313061872,0.6861511114841152,0.8664665511282592,0.8299492385786802,0.7024374601330227,0.9574610170243377,,,,,,,
48,227,,,,0.8433039294306335,0.7860978471385595,0.9005100117227075,0.728219696969697,0.6569865637420365,0.7994528301973576,,,,,,,
48,229,,,,,,,0.7286245353159851,0.5831601068672927,0.8740889637646776,,,,,,,
48,231,0.7233342473265698,0.6206781420392713,0.8259903526138683,0.7608656316722759,0.7299732508177871,0.7917580125267648,0.7455375674553757,0.6907100414437056,0.8003650934670458,0.8402826855123675,0.6940211130501753,0.9865442579745597,,,,
48,233,,,,0.8333083495727777,0.7896870277373351,0.8769296714082202,0.7277295568752855,0.6245651807938872,0.8308939329566838,,,,,,,
48,235,,,,,,,,,,,,,,,,
48,237,,,,0.8322243346007605,0.7646791244336286,0.8997695447678924,,,,,,,,,,
48,239,,,,0.7193396226415094,0.6294573995553009,0.8092218457277179,0.7731128074639525,0.7049061813371343,0.8413194335907707,,,,,,,
48,241,0.8293838862559242,0.7258181816843402,0.9329495908275082,0.8168758897372849,0.7775123884728751,0.8562393910016947,,,,,,,,,,
48,243,,,,,,,,,,,,,,,,
48,245,0.8425151427747332,0.8175195706412511,0.8675107149082152,0.8888155309282402,0.8730039838563212,0.9046270780001592,0.8341744204384166,0.819764366219612,0.8485844746572212,0.7919732441471572,0.7157118467923597,0.8682346415019547,,,,
48,247,,,,,,,0.7777777777777778,0.6844986257355048,0.8710569298200508,,,,,,,
48,249,,,,0.7667830811020566,0.6336851825292602,0.899880979674853,0.8087952439237629,0.7630765991228656,0.8545138887246602,,,,,,,
48,251,0.779293544457978,0.684986526502471,0.873600562413485,0.7882438207582536,0.7649766184535307,0.8115110230629765,0.796244607967521,0.7561586300493266,0.8363305858857153,0.7094143810229799,0.5813222820545633,0.8375064799913966,,,,
48,253,,,,0.7569331158238173,0.6854371266218249,0.8284291050258097,0.6807367613200307,0.5124515441797929,0.8490219784602685,,,,,,,
48,255,,,,0.8836363636363637,0.8295095333111091,0.9377631939616182,0.7944877171959257,0.7560267929723885,0.8329486414194629,,,,,,,
48,257,0.5847653869591712,0.5085278706738104,0.661002903244532,0.6870469252802432,0.6512679771898764,0.7228258733706101,0.6807675845341703,0.6373514550773628,0.7241837139909778,0.6170542635658914,0.420709172510661,0.8133993546211219,,,,
48,259,,,,0.642756052141527,0.6043875815266975,0.6811245227563565,0.7413487657966222,0.6734897362813264,0.8092077953119181,,,,,,,
48,261,,,,,,,,,,,,,,,,
48,263,,,,,,,,,,,,,,,,
48,265,,,,0.746683062584946,0.7098144032815757,0.7835517218883162,0.7682474226804124,0.7083133273521077,0.828181518008717,,,,,,,
48,267,,,,0.6822641509433962,0.5544913490339469,0.8100369528528455,,,,,,,,,,
48,269,,,,,,,,,,,,,,,,
48,271,,,,,,,,,,,,,,,,
48,273,,,,0.8148867313915857,0.7323834794036519,0.8973899833795196,0.7318292953989776,0.671392039299517,0.7922665514984382,,,,,,,
48,275,,,,0.8085106382978723,0.7374762707928264,0.8795450058029182,,,,,,,,,,
48,277,0.7922897972748422,0.6949916550543321,0.8895879394953522,0.7835577198510455,0.746265106470477,0.820850333231614,0.6163307140416809,0.4877032526324343,0.7449581754509276,,,,,,,
48,279,,,,0.8280182232346242,0.8113113743239786,0.8447250721452697,0.776545842217484,0.70859374197179,0.844497942463178,,,,,,,
48,281,,,,0.7398933807196801,0.6694263642669248,0.8103603971724355,0.6861702127659575,0.5664044210606527,0.8059360044712622,,,,,,,
48,283,,,,,,,0.7751611998878609,0.6904064448194905,0.8599159549562313,,,,,,,
48,285,,,,0.7791456817757881,0.7477389397894195,0.8105524237621567,0.7112950340798442,0.5801870228191168,0.8424030453405715,,,,,,,
48,287,,,,0.687995904786281,0.6146746183860377,0.7613171911865244,0.6253948199620973,0.4504435992258081,0.8003460406983866,,,,,,,
48,289,,,,0.8046736093472187,0.7554923911731138,0.8538548275213235,0.6810982048574445,0.3672453769927032,0.9949510327221859,,,,,,,
48,291,0.8207547169811321,0.7175312100319895,0.9239782239302747,0.7492143854748603,0.7090520615910083,0.7893767093587123,0.6468857282981854,0.5719485334027326,0.7218229231936382,,,,,,,
48,293,0.7982520029133284,0.7144816139095482,0.8820223919171086,0.8072531900604433,0.7612926717952835,0.8532137083256031,0.8132726089785296,0.7487328858777771,0.8778123320792821,,,,,,,
48,295,,,,0.8051724137931034,0.697912448823104,0.9124323787631029,,,,,,,,,,
48,297,,,,0.7637913741223671,0.6866494057470146,0.8409333424977196,0.7525977238990599,0.6748134420054328,0.830382005792687,,,,,,,
48,299,,,,0.6959117221418234,0.6229454274927304,0.7688780167909164,0.5220125786163522,0.36717439994747314,0.6768507572852313,,,,,,,
48,301,,,,,,,,,,,,,,,,
48,303,0.7294140176177709,0.6911970040576514,0.7676310311778904,0.793940696175333,0.7781008358536899,0.8097805564969761,0.773108813594022,0.7548578936801037,0.7913597335079402,0.6473152822395595,0.577398470223042,0.7172320942560769,0.6069094304388422,0.5013844480077135,0.7124344128699708,
48,305,,,,0.6576673866090713,0.5621216716745192,0.7532131015436234,0.751503006012024,0.6342432303132857,0.8687627817107624,,,,,,,
48,307,,,,0.6492146596858639,0.55247429207277,0.7459550272989578,,,,,,,,,,
48,309,0.7674741738657646,0.7201750888593025,0.8147732588722266,0.7859850273150334,0.7700262618605107,0.8019437927695561,0.7702037128785009,0.7448619745257115,0.7955454512312903,0.5735359856951274,0.4442026901171796,0.7028692812730752,0.7425897035881436,0.6105951299536395,0.8745842772226476,
48,311,,,,,,,,,,,,,,,,
48,313,,,,0.691533948030176,0.5834662081607218,0.7996016878996302,0.7835870284579749,0.5251976644204799,1,,,,,,,
48,315,,,,0.6256809338521401,0.5326585372283844,0.7187033304758957,,,,,,,,,,
48,317,,,,0.8745603751465416,0.7697309020217123,0.9793898482713709,0.8701399688958009,0.7303947708392291,1,,,,,,,
48,319,,,,0.804902962206333,0.6603559763873622,0.9494499480253037,,,,,,,,,,
48,321,,,,0.8248052543149534,0.7644165315708835,0.8851939770590234,0.7483895414929898,0.6781743300656051,0.8186047529203744,,,,,,,
48,323,,,,,,,0.7866047967797842,0.7409307673275717,0.8322788262319968,,,,,,,
48,325,,,,0.6631433823529411,0.6036554081154838,0.7226313565903985,0.6841116478797639,0.6120384112569741,0.7561848845025536,,,,,,,
48,327,,,,,,,,,,,,,,,,
48,329,0.8239531742458353,0.7450839365639171,0.9028224119277534,0.8343654232273063,0.8184333007492595,0.8502975457053532,0.8035758676737738,0.7680951603761094,0.8390565749714382,0.5004897159647405,0.4025819632545027,0.5983974686749782,,,,
48,331,,,,0.6375027970463191,0.578486994834461,0.6965185992581772,0.7918932278793871,0.6722123688592554,0.9115740868995188,,,,,,,
48,333,,,,0.7883320867614061,0.6993714390133263,0.8772927345094859,0.7656500802568218,0.632169970279166,0.8991301902344776,,,,,,,
48,335,,,,0.780630961115187,0.6554414017249321,0.9058205205054419,0.785022026431718,0.6669735575047872,0.9030704953586489,,,,,,,
48,337,,,,0.7397287998380895,0.7164863374701156,0.7629712622060634,,,,,,,,,,
48,339,0.7525011687704535,0.7172804947752289,0.787721842765678,0.6920336243129648,0.6750108363308331,0.7090564122950964,0.718126240986519,0.7028855763209066,0.7333669056521314,0.6193045065980579,0.5747078813710115,0.6639011318251044,0.5969026548672567,0.31386181537665764,0.8799434943578557,
48,341,,,,0.8610519914867741,0.7803388621297055,0.9417651208438428,0.731757614213198,0.6588033431568873,0.8047118852695087,,,,,,,
48,343,0.812133072407045,0.6001050469093123,1,0.8036866359447005,0.6946313233173698,0.9127419485720312,,,,,,,,,,
48,345,,,,0.6098654708520179,0.4834863760137287,0.7362445656903072,,,,,,,,,,
48,347,0.6868358273693342,0.5753054123956136,0.7983662423430549,0.7588930423248523,0.720546241050623,0.7972398435990816,0.7004177109440267,0.6339704359895917,0.7668649858984617,,,,,,,
48,349,0.7962555066079295,0.7219848562860469,0.8705261569298122,0.7604008231189049,0.7314770430066456,0.7893246032311642,0.787704682562482,0.6613379754230486,0.9140713897019155,,,,,,,
48,351,,,,0.7557575757575757,0.6687796214196621,0.8427355300954894,,,,,,,,,,
48,353,,,,0.8577669902912621,0.8132305617476281,0.9023034188348962,0.7669322709163346,0.7075202677685283,0.826344274064141,,,,,,,
48,355,0.7780544488711819,0.7037046563170808,0.852404241425283,0.8183642362383994,0.7958864262618076,0.8408420462149911,0.8010580101052311,0.7871584291345768,0.8149575910758855,0.7506332028551692,0.6939656030410611,0.8073008026692773,0.8006329113924051,0.6875350218171992,0.9137308009676111,
48,357,,,,0.7865593942262187,0.6987376229152161,0.8743811655372212,0.6835951772013154,0.5987132979562435,0.7684770564463872,,,,,,,
48,359,,,,0.8050221565731167,0.7162825131181124,0.893761800028121,,,,,,,,,,
48,361,0.8397845843150454,0.7427457409118606,0.9368234277182302,0.8388506293042033,0.8096054172425277,0.8680958413658789,0.8145906339598599,0.7108003634063935,0.9183809045133262,,,,,,,
48,363,,,,0.7540983606557377,0.6995616624452659,0.8086350588662095,0.6545705098759761,0.5066760076476684,0.8024650121042838,,,,,,,
48,365,0.8505747126436781,0.7180805530473904,0.9830688722399659,0.7428865272540282,0.6782162562577704,0.8075567982502859,0.8992395437262357,0.800882892395526,0.9975961950569454,,,,,,,
48,367,0.7007299270072993,0.5429634384837834,0.8584964155308152,0.6723248818220885,0.6424192629817561,0.7022305006624209,0.7096642929806715,0.6322691259171445,0.7870594600441985,,,,,,,
48,369,,,,0.9028077753779697,0.823033557521488,0.9825819932344515,0.7560168471720818,0.671500005350738,0.8405336889934257,,,,,,,
48,371,,,,0.8080985915492958,0.6922474586497345,0.923949724448857,0.8506252894858731,0.8191080197780832,0.882142559193663,,,,,,,
48,373,0.7594762232942798,0.5655662751979431,0.9533861713906164,0.7654061624649859,0.732723458384185,0.7980888665457869,0.7793296089385475,0.6919975198148502,0.8666616980622448,,,,0.8664596273291926,0.7040643520961316,1,
48,375,0.7606595995288575,0.703740307202821,0.8175788918548941,0.8417918560980431,0.8216973591824371,0.861886353013649,0.7625289431340999,0.7428223402083416,0.7822355460598582,0.7735525865022268,0.6757867830996476,0.871318389904806,,,,
48,377,,,,,,,,,,,,,,,,
48,379,,,,0.7068903962870403,0.6021994289292965,0.8115813636447842,,,,,,,,,,
48,381,0.7206673842841765,0.5240941781239161,0.917240590444437,0.7541102196501381,0.7215605413667495,0.7866598979335268,0.6944926100239451,0.6604442920809332,0.728540927966957,,,,,,,
48,383,,,,0.9218390804597701,0.7830945839412863,1,0.7203456402199528,0.5672862995891975,0.8734049808507082,,,,,,,
48,385,,,,,,,,,,,,,,,,
48,387,,,,0.6479538300104932,0.5634295088046848,0.7324781512163017,,,,,,,,,,
48,389,,,,0.802660753880266,0.7461533989837168,0.8591681087768153,0.7747716499017228,0.7295492458743423,0.8199940539291032,,,,,,,
48,391,,,,0.9041450777202072,0.8804092034352401,0.9278809520051744,0.8810289389067524,0.7572661991647146,1,,,,,,,
48,393,,,,,,,,,,,,,,,,
48,395,,,,0.796676992396508,0.748821651916189,0.844532332876827,0.7381745502998002,0.64568657318888,0.8306625274107203,,,,,,,
48,397,0.7301899148657498,0.6268230767812663,0.8335567529502333,0.6459244800430773,0.6121566762412418,0.6796922838449129,0.6668253968253969,0.6113171059832214,0.7223336876675723,0.6281120331950207,0.5280619866196261,0.7281620797704154,,,,
48,399,,,,0.8253367003367004,0.7459804942412444,0.9046929064321564,0.7168059424326834,0.6230851515092021,0.8105267333561647,,,,,,,
48,401,0.8245445829338447,0.7304873911416044,0.918601774726085,0.7980749327261436,0.7611822511296891,0.8349676143225981,0.8162090345438441,0.7417785625853669,0.8906395065023213,,,,,,,
48,403,,,,0.6516804888694893,0.5719259739707278,0.7314350037682508,,,,,,,,,,
48,405,,,,0.8025857782197912,0.7073990304389716,0.8977725260006107,,,,,,,,,,
48,407,,,,0.7468313292167695,0.6850509901401534,0.8086116682933857,,,,,,,,,,
48,409,,,,0.8310890875794463,0.7860657624295766,0.8761124127293161,0.8147282291057861,0.7895722626505273,0.839884195561045,,,,,,,
48,411,,,,0.688,0.6021798066060813,0.7738201933939186,0.6837349397590361,0.5292213911529449,0.8382484883651273,,,,,,,
48,413,,,,,,,,,,,,,,,,
48,415,,,,0.824747350258812,0.7696717570608552,0.8798229434567687,0.8156889968760846,0.6951436409946022,0.9362343527575671,,,,,,,
48,417,,,,0.839516129032258,0.6488688845738109,1,,,,,,,,,,
48,419,0.7589466576637407,0.640645228559613,0.8772480867678684,0.8471754212091179,0.7963503540579046,0.8980004883603313,0.7454792043399638,0.6331962587209543,0.8577621499589734,,,,,,,
48,421,,,,0.8548644338118022,0.7563362774950433,0.9533925901285611,,,,,,,,,,
48,423,0.8075492561318858,0.7636289819054621,0.8514695303583094,0.7896964933327818,0.7737879566010604,0.8056050300645032,0.7807263722657862,0.7365403528520801,0.8249123916794924,0.7130777903043969,0.6350427377384125,0.7911128428703813,,,,
48,425,,,,0.7536299765807962,0.6632451544738681,0.8440147986877243,,,,,,,,,,
48,427,,,,,,,0.7187857107368212,0.6805606116357987,0.7570108098378436,,,,,,,
48,429,,,,0.7470014992503748,0.6784901791401104,0.8155128193606392,,,,,,,,,,
48,431,,,,,,,,,,,,,,,,
48,433,,,,0.8927835051546392,0.7610961390051592,1,,,,,,,,,,
48,435,,,,,,,0.7256830601092896,0.49076297649414574,0.9606031437244336,,,,,,,
48,437,,,,0.8646864686468647,0.7490603723209217,0.9803125649728077,0.8695652173913043,0.582890823111901,1,,,,,,,
48,439,0.707076972558209,0.6903310205672555,0.7238229245491625,0.7368914871350727,0.7283359153899085,0.7454470588802369,0.730433544176427,0.7187186871983346,0.7421484011545194,0.6454411571718114,0.6178919273611186,0.6729903869825041,0.7021276595744681,0.6491862153772615,0.7550691037716747,
48,441,0.7418261900728443,0.6545432358579149,0.8291091442877738,0.7977082507148672,0.7752056432103818,0.8202108582193526,0.7871595756316307,0.7486061527112087,0.8257129985520528,0.8312387791741472,0.7187599163368176,0.9437176420114769,,,,
48,443,,,,,,,,,,,,,,,,
48,445,,,,0.7905759162303665,0.7118210755023474,0.8693307569583856,0.7418210484824596,0.6192254467954879,0.8644166501694313,,,,,,,
48,447,,,,0.7420584498094028,0.5970066587240035,0.8871102408948022,,,,,,,,,,
48,449,0.8253275109170306,0.7152874017073458,0.9353676201267154,0.8541594152453881,0.8163420126171381,0.891976817873638,0.706634692246203,0.6389079660873141,0.7743614184050919,,,,,,,
48,451,0.7476053639846744,0.6595667413931936,0.8356439865761551,0.7615175217945626,0.7285819979087841,0.794453045680341,0.7321893541639988,0.6920793470772497,0.7722993612507478,,,,,,,
48,453,0.6838886050782167,0.6656291188911881,0.7021480912652452,0.6065634956145183,0.5969196145400933,0.6162073766889432,0.6508973252497701,0.6328193673356672,0.6689752831638729,0.5595764423339338,0.5354684767744223,0.5836844078934452,0.6818239877378975,0.5785487578158771,0.785099217659918,
48,455,,,,0.7091561938958707,0.6264725824804047,0.7918398053113367,,,,,,,,,,
48,457,,,,0.6859116703676289,0.6215327544889102,0.7502905862463476,,,,,,,,,,
48,459,,,,0.7335109926715523,0.6757342815013636,0.791287703841741,0.6772438803263826,0.48064780808260776,0.8738399525701575,,,,,,,
48,461,,,,,,,,,,,,,,,,
48,463,,,,0.8008565310492506,0.7121081307385269,0.8896049313599743,0.8256232886583081,0.7771396384122421,0.8741069389043742,,,,,,,
48,465,,,,0.7089125102207686,0.6541964984844836,0.7636285219570537,0.7375753794967769,0.6872040941045484,0.7879466648890053,,,,,,,
48,467,,,,0.6664106681561125,0.6214906580747667,0.7113306782374583,0.6412343167175314,0.5568341908048365,0.7256344426302263,,,,,,,
48,469,0.8025662251655629,0.6567616513946988,0.948370798936427,0.8327688634723225,0.798179077838246,0.8673586491063989,0.8036398984716747,0.7748757265600406,0.8324040703833089,,,,,,,
48,471,0.7850714663843303,0.6966896895221149,0.8734532432465458,0.8499131441806601,0.8073415122896409,0.8924847760716793,0.7288661676100054,0.6772587838674748,0.780473551352536,,,,,,,
48,473,0.8212684176809737,0.7034753600864174,0.93906147527553,0.7052943760984183,0.6572909385315081,0.7532978136653284,0.7674756840287247,0.6989004525901134,0.836050915467336,0.6457317073170732,0.49925181162993426,0.7922116030042121,,,,
48,475,,,,0.8823229750382068,0.8553308423166673,0.9093151077597462,0.8458980044345898,0.8251686300222106,0.866627378846969,,,,,,,
48,477,0.7901709401709401,0.660334857996882,0.9200070223449983,0.8063822158479742,0.7585067329232218,0.8542576987727266,0.7140816909454442,0.6314766091791484,0.7966867727117399,,,,,,,
48,479,,,,0.7957603686635945,0.7370664157867078,0.8544543215404811,0.7913632752254989,0.7812460158045674,0.8014805346464303,,,,,,,
48,481,0.7859254878769959,0.6405520426823583,0.9312989330716335,0.8243495580729491,0.7817771857616352,0.8669219303842629,0.7507103334828772,0.6923811073943182,0.8090395595714361,,,,,,,
48,483,,,,0.7792665726375176,0.7242135985476557,0.8343195467273796,,,,,,,,,,
48,485,0.6716011570529181,0.6055987802985031,0.7376035338073331,0.772441692279877,0.7525398635333628,0.7923435210263913,0.6955975829867378,0.6535249294517075,0.7376702365217681,0.4973821989528796,0.358861278990645,0.6359031189151142,0.8142589118198874,0.6810255150557366,0.9474923085840382,
48,487,,,,0.7952013710368466,0.7122232943997062,0.878179447673987,0.8208286674132139,0.6777741339561778,0.96388320087025,,,,,,,
48,489,,,,,,,0.800851214754389,0.740736112512003,0.8609663169967751,,,,,,,
48,491,0.6543304253979675,0.6007145010323743,0.7079463497635606,0.591259525447919,0.5761072016171738,0.6064118492786643,0.6411296654975658,0.6213631249691621,0.6608962060259694,0.37731465427560856,0.3438056906971734,0.4108236178540437,0.7188689505165851,0.5753240116783828,0.8624138893547874,
48,493,,,,0.6363757140959213,0.5822845079417324,0.6904669202501102,0.674755700325733,0.608018207949742,0.7414931927017239,,,,,,,
48,495,,,,0.8848039215686274,0.8021682276594481,0.9674396154778068,0.8559404337973454,0.7999860791879204,0.9118947884067704,,,,,,,
48,497,,,,0.7272181954511372,0.7017266279619776,0.7527097629402968,0.752761968530298,0.6781866487896177,0.8273372882709783,,,,,,,
48,499,,,,0.7210635099586622,0.680192830546221,0.7619341893711034,0.7041499330655957,0.6049754836215655,0.8033243825096259,,,,,,,
48,501,,,,0.8888888888888888,0.7294411018713051,1,0.7730214036834245,0.4338482889143106,1,,,,,,,
48,503,,,,0.7798372513562387,0.7621839433561368,0.7974905593563406,0.7423887587822015,0.6371626488667309,0.847614868697672,,,,,,,
48,505,,,,,,,0.7661120224982423,0.7158728787963122,0.8163511662001723,,,,,,,
48,507,,,,,,,0.7921880925293895,0.66258489034334,0.921791294715439,,,,,,,
49,000,0.6695512664689581,0.6345600310033283,0.704542501934588,0.6820054928928165,0.6780675071268314,0.6859434786588017,0.6670070338330024,0.6535270227368826,0.6804870449291223,0.5954226475279106,0.5757150232506482,0.6151302718051731,0.6586897488119484,0.6443180981376111,0.6730613994862857,
49,001,,,,0.8099489795918368,0.7746875642927187,0.8452103948909548,,,,,,,,,,
49,003,,,,0.7269412878787879,0.6937073793721509,0.7601751963854249,0.7876811594202898,0.6918628976677748,0.8834994211728049,,,,,,,
49,005,,,,0.6964692283442503,0.6819360850677982,0.7110023716207023,0.6640826873385013,0.6053585717907173,0.7228068028862853,0.49114441416893734,0.3346145533252852,0.6476742750125895,,,,
49,007,,,,0.7719920544835415,0.740367574749348,0.8036165342177349,0.6451327433628319,0.5773765924664114,0.7128888942592524,,,,,,,
49,009,,,,0.8013937282229965,0.6176380387257997,0.9851494177201933,,,,,,,,,,
49,011,0.7784730913642053,0.6669498779830059,0.8899963047454047,0.6723777991616786,0.6557689898031347,0.6889866085202225,0.6888296508945507,0.6483172596844721,0.7293420421046294,0.5756972111553785,0.5136414691246758,0.6377529531860813,0.7213114754098361,0.5418360239315131,0.9007869268881591,
49,013,,,,0.7937980386959979,0.7573659401698112,0.8302301372221845,0.6601503759398496,0.5562717501255466,0.7640290017541526,,,,,,,
49,015,,,,0.7567567567567568,0.674560077462824,0.8389534360506896,,,,,,,,,,
49,017,,,,0.6869436201780416,0.587434937878425,0.7864523024776581,,,,,,,,,,
49,019,,,,0.6689265536723163,0.6084115782049353,0.7294415291396974,,,,,,,,,,
49,021,,,,0.7288307339853731,0.6893815667628409,0.7682799012079053,0.6438471230575389,0.5283866356870461,0.7593076104280316,,,,,,,
49,023,,,,0.7341882199521843,0.6809007447002433,0.7874756952041253,,,,,,,,,,
49,025,,,,0.6752669039145908,0.5386456350243067,0.8118881728048748,,,,,,,,,,
49,027,,,,0.7889763779527559,0.7378529007760734,0.8400998551294384,0.8302540415704388,0.7202585277772366,0.940249555363641,,,,,,,
49,029,,,,0.6817769718948323,0.5981883455572865,0.7653655982323782,,,,,,,,,,
49,031,,,,0.43169398907103823,0.2921397846066085,0.571248193535468,,,,,,,,,,
49,033,,,,0.6475735879077168,0.5063093577927216,0.788837818022712,,,,,,,,,,
49,035,0.6656862745098039,0.6072431793017343,0.72412936971787345,0.6797250191344487,0.6729752888194468,0.6864747494494506,0.6644649526219945,0.647536464678944,0.6813934405650449,0.593017380759903,0.5657148393607665,0.6203199221590394,0.6606175514626219,0.5205226469531749,0.800712455972069,
49,037,,,,0.6550847457627119,0.5669787171751375,0.7431907743502864,,,,,,,0.7938021454112039,0.7116033710594232,0.8760009197629846,
49,039,,,,0.7446201141853316,0.7040372330742813,0.7852029952963818,0.65807962529274,0.5337204190391287,0.7824388315463513,,,,,,,
49,041,,,,0.7820009242144177,0.7507721028358764,0.813229745592959,,,,,,,,,,
49,043,,,,0.6720887872241285,0.6470331129820509,0.697144461466206,0.6395979899497487,0.570515424053694,0.7086805558458034,0.6383799421407907,0.3675982531111976,0.9091616311703838,,,,
49,045,,,,0.6238271253909582,0.5899965075710119,0.6576577432109045,0.5681965093729799,0.4659654166215478,0.6704276021244121,,,,,,,
49,047,,,,0.740721954518556,0.7069619872494571,0.774481921787655,0.7289915966386554,0.6393864487279904,0.8185967445493204,,,,,,,
49,049,0.6029889538661468,0.4944631211580564,0.7115147865742373,0.6435633231243503,0.6324013293069302,0.6547253169417704,0.6494189443614881,0.6260706349872356,0.6727672537357405,0.5676109032602886,0.5181543107263673,0.6170674957942099,0.6009874326750448,0.47952876994509785,0.7224460954049918,
49,051,,,,0.6280958181079984,0.5780349340274762,0.6781567021885206,0.5961800818553888,0.5201496774435768,0.6722104862672009,,,,,,,
49,053,,,,0.7271996208911929,0.7066962871596272,0.7477029546227587,0.6535466041370069,0.597514955476739,0.7095782527972748,,,,0.7368859283930058,0.6191924309622537,0.8545794258237579,
49,055,,,,0.610056925996205,0.4939837198161894,0.7261301321762206,,,,,,,,,,
49,057,0.6468279921517331,0.49825987575813796,0.7953961085453283,0.7180689712292035,0.7005576088680168,0.7355803335903903,0.7084714079361033,0.6771004745336073,0.7398423413385993,0.7759889604415824,0.6800450725384368,0.871932848344728,0.5783783783783784,0.4181936000325133,0.7385631567242434,
50,000,0.5562253651750522,0.4869336576086747,0.6255170727414296,0.6909929417434463,0.6835280458796409,0.6984578376072517,0.6317324955116697,0.5854597439274496,0.6780052470958897,0.5922358435493287,0.5230182244451308,0.6614534626535266,0.7098121085594989,0.5990853799639535,0.8205388371550444,
50,001,,,,0.6680961089739548,0.636583286079448,0.6996089318684615,0.44894894894894893,0.2630059817338357,0.6348919161640622,,,,,,,
50,003,,,,0.7098994493655734,0.6655347737851744,0.7542641249459723,,,,,,,,,,
50,005,,,,0.6998402958729092,0.6652587960417002,0.7344217957041181,,,,,,,,,,
50,007,0.5027345393352965,0.39077715672929175,0.6146919219413013,0.6527555072479365,0.6353280984089268,0.6701829160869462,0.6548615582743078,0.5746444137151456,0.73507870283347,0.6301338255652976,0.5279803635126946,0.7322872876179006,,,,
50,009,,,,0.6888086642599278,0.6122247247896428,0.7653926037302128,,,,,,,,,,
50,011,,,,0.7069152507359396,0.6752301405577875,0.7386003609140918,,,,,,,,,,
50,013,,,,0.5460157126823794,0.45294168880558966,0.639089736559169,,,,,,,,,,
50,015,,,,0.7413793103448276,0.7030865267431166,0.7796720939465387,,,,,,,,,,
50,017,,,,0.6354855109303508,0.6055326221113813,0.6654383997493203,,,,,,,,,,
50,019,,,,0.7336658354114713,0.705176060406393,0.7621556104165497,,,,,,,,,,
50,021,,,,0.7868191251908995,0.7651196868430743,0.8085185635387246,0.8238172920065253,0.7864208240665048,0.8612137599465458,,,,,,,
50,023,,,,0.7134854445318647,0.6909491341559701,0.7360217549077592,0.6198501872659176,0.53885189814945,0.7008484763823851,,,,,,,
50,025,,,,0.6835597826086957,0.6519599532470812,0.7151596119703101,0.6828143021914648,0.44293959433843455,0.922689010044495,,,,,,,
50,027,,,,0.6844290378491676,0.6517028626949566,0.7171552130033787,0.5070603337612324,0.3110682387936501,0.7030524287288147,,,,,,,
51,000,0.7027240460418112,0.6964406220806589,0.7090074700029634,0.7055276675619522,0.7026368148453503,0.708418520278554,0.6273912852563633,0.6188868894283367,0.63589568108439,0.5414673899363154,0.5315070949248951,0.5514276849477356,0.6251350149310629,0.5740551039207287,0.6762149259413972,
51,001,0.6443670728674459,0.5693270239168324,0.7194071218180593,0.7894866732477789,0.7498084503730981,0.8291648961224597,0.6979241231209735,0.5027494806967768,0.8930987655451702,,,,,,,
51,003,0.6478388998035364,0.5721946059560686,0.7234831936510041,0.684605810909403,0.6640809288452534,0.7051306929735526,0.5454329774614473,0.4767933950467517,0.6140725598761427,0.45932069510268564,0.37426139164529737,0.5443799985600739,,,,
51,005,,,,0.8916992412048746,0.8327001514541206,0.9506983309556287,,,,,,,,,,
51,007,,,,0.6706586826347305,0.546792829321561,0.7945245359479,,,,,,,,,,
51,009,0.7523510971786834,0.6683497869617661,0.8363524073956008,0.6885269739712083,0.6302985715327043,0.7467553764097123,,,,,,,,,,
51,011,,,,0.709806157354618,0.6093383549555785,0.8102739597536576,,,,,,,,,,
51,013,0.6225675325049731,0.5921747976558185,0.6529602673541277,0.4168055052517204,0.4015352962513257,0.43207571425211505,0.5037138733410779,0.471570476246874,0.5358572704352818,0.4228264240669906,0.38867864833926924,0.456974199794712,0.509926854754441,0.4609772365524571,0.558876472956425,
51,015,0.851291745431632,0.6974878902947617,1,0.822166514737162,0.8033981244368944,0.8409349050374295,0.6431739773287334,0.5308469852492435,0.7555009694082233,,,,,,,
51,017,,,,0.8869969040247678,0.8120033808023016,0.961990427247234,,,,,,,,,,
51,019,0.7068201948627104,0.6706241457499321,0.7430162439754887,0.6896479132677228,0.6461744555639447,0.7331213709715009,0.7244318181818182,0.5448304404426191,0.9040331959210174,,,,,,,
51,021,,,,0.8130241736556487,0.711110838400836,0.9149375089104614,,,,,,,,,,
51,023,,,,0.7443631039531479,0.6979333369900318,0.7907928709162639,,,,,,,,,,
51,025,0.695499707773232,0.5562771993965495,0.8347222161499145,0.7159029649595687,0.6141175857234534,0.817688344195684,,,,,,,,,,
51,027,,,,0.8550359712230216,0.83638624728713,0.8736856951589131,,,,,,,,,,
51,029,,,,0.7549640895648501,0.6631804742237101,0.84674770490599,,,,,,,,,,
51,031,0.8080561489166921,0.7722311489795345,0.8438811488538497,0.7825651892400965,0.7557882049876279,0.8093421734925652,,,,,,,,,,
51,033,0.5894308943089431,0.4910039207341809,0.6878578678837053,0.6215784215784216,0.5389395577818968,0.7042172853749463,,,,,,,,,,
51,035,,,,0.8343310143989646,0.7820301888775159,0.8866318399204134,,,,,,,,,,
51,036,0.6923076923076923,0.46265279569061,0.9219625889247746,0.7992565055762082,0.6358790845899905,0.9626339265624259,,,,,,,,,,
51,037,0.8675213675213675,0.770895180201429,0.9641475548413061,0.7360074626865671,0.6771826402743656,0.7948322850987687,,,,,,,,,,
51,041,0.6625228244828535,0.6351032057918055,0.6899424431739015,0.6756753705647938,0.6609876217583733,0.6903631193712142,0.6197702010740602,0.5617449021470889,0.6777955000010315,0.5937556073927867,0.5637124240641995,0.6237987907213738,,,,
51,043,,,,0.6174216027874564,0.5457491975390917,0.6890940080358211,,,,,,,,,,
51,045,,,,,,,,,,,,,,,,
51,047,0.5822368421052632,0.43721853193460475,0.7272551522759216,0.7303239044408618,0.69040868081873,0.7702391280629937,0.6009310198899703,0.44441438495420865,0.7574476548257321,,,,,,,
51,049,,,,0.6801853997682503,0.573106087356758,0.7872647121797426,,,,,,,,,,
51,051,,,,0.808,0.7348457830139102,0.8811542169860899,,,,,,,,,,
51,053,0.7623806351321342,0.6712894410932726,0.8534718291709957,0.7716663283945606,0.7003506946064088,0.8429819621827125,,,,,,,,,,
51,057,0.7848761408083442,0.5929205132859856,0.9768317683307028,0.7632904308897593,0.6710525538843397,0.855528307895179,,,,,,,,,,
51,059,0.695681033221956,0.6770257218710455,0.7143363445728664,0.6111954447049178,0.6011479041850895,0.6212429852247462,0.6079672641965581,0.5869245635790606,0.6290099648140556,0.5258573114509132,0.5097779337967058,0.5419366891051206,0.6503148823334438,0.5421351637458407,0.7584946009210469,
51,061,0.6659867414584396,0.5402655970253565,0.7917078858915227,0.6867776781923676,0.6564222335154976,0.7171331228692376,0.641439205955335,0.5431868009323652,0.7396916109783048,0.6543046357615894,0.4685710979667595,0.8400381735564193,,,,
51,063,,,,0.7236842105263158,0.6543597527453846,0.793008668307247,,,,,,,,,,
51,065,,,,0.5144867549668874,0.4368399053916495,0.5921336045421254,,,,,,,,,,
51,067,0.721300597213006,0.5860402053651219,0.8565609890608901,0.7337758587355804,0.6882695767965175,0.7792821406746433,0.7584586466165414,0.6403701059592184,0.8765471872738644,,,,,,,
51,069,0.7475206611570248,0.6540074277870708,0.8410338945269787,0.7446888630872062,0.7139478451268572,0.7754298810475552,0.7254685777287762,0.657769661115472,0.7931674943420803,,,,,,,
51,071,,,,0.8102812803103783,0.7628598420381266,0.8577027185826299,,,,,,,,,,
51,073,,,,0.7510739579705097,0.7258887471805929,0.7762591687604264,,,,,,,,,,
51,075,0.7174545454545455,0.4627169766132787,0.9721921142958122,0.7774231786267894,0.7395469342936704,0.8152994229599085,,,,,,,,,,
51,077,,,,0.7482315112540193,0.6822583258752184,0.8142046966328202,,,,,,,,,,
51,079,,,,0.5092063492063492,0.45680571003034776,0.5616069883823507,,,,,,,,,,
51,081,0.8376623376623377,0.7281391120251436,0.9471855632995317,0.8966900702106319,0.5036249914595512,1,,,,,,,,,,
51,083,0.8359883329593897,0.6681593103183864,1,0.7605361337570816,0.7092646934385503,0.811807574075613,,,,,,,,,,
51,085,0.7818503241013554,0.7391344875554448,0.824566160647266,0.686351811623354,0.6660844885345707,0.7066191347121373,0.7056659308314938,0.6207705557222982,0.7905613059406893,0.6738826815642458,0.5125542136366759,0.8352111494918157,,,,
51,087,0.7018759610456177,0.67240129660089,0.7313506254903454,0.7314110452325018,0.7127544554809903,0.7500676349840133,0.6494464944649446,0.6114019517749201,0.6874910371549692,0.47847314691522413,0.4401983480327748,0.5167479457976735,0.6057142857142858,0.20856512086715467,1,
51,089,0.7747402952433023,0.6905345263910837,0.858946064095521,0.820630574935971,0.7868873476081094,0.8543738022638326,,,,,,,,,,
51,091,,,,0.6702412868632708,0.532496040029246,0.8079865336972956,,,,,,,,,,
51,093,0.7297376093294461,0.6503060813753349,0.8091691372835573,0.6959686450167973,0.6393771552515468,0.7525601347820479,,,,,,,,,,
51,095,0.7815658728799041,0.7183443341672927,0.8447874115925155,0.6954905605008315,0.655284868076567,0.7356962529250959,0.5748148148148148,0.47598709495232727,0.6736425346773023,0.6002004008016032,0.4539701638908786,0.7464306377123278,,,,
51,097,,,,0.6075156576200418,0.45142726641318764,0.7636040488268959,,,,,,,,,,
51,099,0.7944210928544134,0.7226468133018602,0.8661953724069666,0.7698293923974858,0.7466130206589863,0.7930457641359854,0.5470980019029495,0.3920113518814039,0.7021846519244952,,,,,,,
51,101,,,,0.6711132670385641,0.6131254377081854,0.7291010963689428,,,,,,,,,,
51,103,0.6823630136986302,0.31792644734257514,1,0.7632898696088265,0.7158737270139218,0.8107060122037312,,,,,,,,,,
51,105,,,,0.7438926174496644,0.6735431816366231,0.8142420532627057,,,,,,,,,,
51,107,0.6509083805430749,0.6052149189429533,0.6966018421431964,0.6011161307467446,0.5846244588985038,0.6176078025949855,0.632870233520544,0.6012997032058575,0.6644407638352304,0.40301432819680993,0.3783461778675855,0.42768247852603436,0.6893939393939394,0.5369561048431718,0.8418317739447071,
51,109,0.6626936829558999,0.5138217893034149,0.8115655766083849,0.7126334519572953,0.6506226884281923,0.7746442154863984,,,,,,,,,,
51,111,0.8098765432098766,0.6528194467754923,0.9669336396442608,0.7321428571428571,0.6229414865706685,0.8413442277150457,,,,,,,,,,
51,113,,,,0.7355156431054461,0.6330004115180217,0.8380308746928706,,,,,,,,,,
51,115,,,,0.6265640038498557,0.4798207222786729,0.7733072854210384,,,,,,,,,,
51,117,0.7467129744480278,0.681130674186683,0.8122952747093725,0.8154273158320805,0.7678880572399668,0.8629665744241942,,,,,,,,,,
51,119,,,,0.6725749274895263,0.5970872930659248,0.7480625619131278,,,,,,,,,,
51,121,0.5993852459016393,0.5258843385604515,0.6728861532428272,0.7288531395952257,0.7033902594716688,0.7543160197187826,0.5114176974310181,0.40285156390487453,0.6199838309571616,0.4188679245283019,0.3154952293666003,0.5222406196900036,,,,
51,125,,,,0.6453094248851957,0.5709401871953734,0.719678662575018,,,,,,,,,,
51,127,0.7472426470588235,0.4465693454669269,1,0.6152173913043478,0.5478942291335063,0.6825405534751894,,,,,,,,,,
51,131,0.7296849087893864,0.6192784956230306,0.8400913219557422,0.7026074700493306,0.6282045865784702,0.7770103535201909,0.5792141951837769,0.4486225387843369,0.709805851583217,,,,,,,
51,133,,,,0.6301032956222331,0.51707654181941,0.7431300494250562,,,,,,,,,,
51,135,0.8474054529463501,0.7356579345049616,0.9591529713877385,0.7929627740948496,0.7317851423473389,0.8541404058423603,,,,,,,,,,
51,137,0.6854884246188594,0.5154719377112076,0.8555049115265112,0.6618177957103419,0.6095874576372605,0.7140481337834234,,,,,,,,,,
51,139,,,,0.7846987136086662,0.7234108187308699,0.8459866084864625,,,,,,,,,,
51,141,,,,0.7092600080873434,0.6355085035149575,0.7830115126597292,,,,,,,,,,
51,143,0.7234499693063229,0.6426689147688562,0.8042310238437895,0.7704301075268817,0.7312264890222889,0.8096337260314744,,,,,,,,,,
51,145,,,,0.5575072723204296,0.5126352789471962,0.6023792656936631,,,,,,,,,,
51,147,0.8033081625314635,0.7259862745243562,0.8806300505385709,0.7743921692453426,0.73186110794585,0.8169232305448352,,,,,,,,,,
51,149,0.6977461447212336,0.6346712921324444,0.7608209973100228,0.7353027200935947,0.6901031393007282,0.7805023008864611,0.41427718040621264,0.2843011293272939,0.5442532314851314,0.576072821846554,0.36742009851549373,0.7847255451776142,,,,
51,153,0.5558756451806506,0.5194755406253535,0.5922757497359477,0.6418206125425376,0.6278511072580336,0.6557901178270417,0.5875623484189814,0.5630986586766794,0.6120260381612833,0.558851194582053,0.5227192016033895,0.5949831875607166,0.6299357208448118,0.5104684003259983,0.7494030413636252,
51,155,,,,0.842894019790621,0.8257246984839727,0.8600633410972692,,,,,,,,,,
51,157,,,,0.5544147843942505,0.4696103357698289,0.6392192330186721,,,,,,,,,,
51,159,,,,0.7788057190916736,0.7104188398214989,0.8471925983618483,,,,,,,,,,
51,161,0.7652022112307245,0.6710658858503658,0.8593385366110833,0.722029024276065,0.7004338985951906,0.7436241499569394,0.7714285714285715,0.6130286211492783,0.9298285217078647,0.631578947368421,0.48025717827095316,0.7829007164658889,,,,
51,163,,,,0.7110322389825495,0.6565118299151504,0.7655526480499486,,,,,,,,,,
51,165,0.7158081705150977,0.5699862976009851,0.8616300434292103,0.7611646665355105,0.7388453363471053,0.7834839967239158,0.7515392254220457,0.6811725898677616,0.8219058609763297,,,,,,,
51,167,,,,0.7755446715081912,0.7188145248405078,0.8322748181758746,,,,,,,,,,
51,169,,,,0.7994350282485876,0.7424928498782153,0.8563772066189599,,,,,,,,,,
51,171,,,,0.7622622622622622,0.7241282943186729,0.8003962302058516,0.7044673539518901,0.6152958587667563,0.7936388491370239,,,,,,,
51,173,,,,0.8269500889596404,0.7849584993561951,0.8689416785630857,,,,,,,,,,
51,175,0.939329050678087,0.8662896859911711,1,0.7297087378640776,0.6412444323447435,0.8181730433834118,,,,,,,,,,
51,177,0.511962890625,0.4511085987181509,0.5728171825318491,0.6596498196140734,0.639893130908458,0.6794065083196889,0.6002254065367896,0.5204273349422293,0.6800234781313499,0.6778009742519137,0.5629782908626129,0.7926236576412145,,,,
51,179,0.553769647455821,0.5051834396684022,0.6023558552432399,0.6357483703957832,0.6153400912091419,0.6561566495824246,0.6014484679665738,0.5376186309754696,0.665278304957678,0.6351125938281902,0.5500355623416013,0.720189625314779,,,,
51,181,,,,0.8004640371229699,0.6739900744341552,0.9269379998117846,,,,,,,,,,
51,183,0.736551724137931,0.5794379414590873,0.8936655068167747,0.8729016786570744,0.8094859545633663,0.9363174027507825,,,,,,,,,,
51,185,,,,0.8167773953413912,0.791841506741167,0.8417132839416153,,,,,,,,,,
51,187,,,,0.6989000553928939,0.6850335340117,0.7127665767740878,0.705564142194745,0.6125332228986019,0.798595061490888,,,,,,,
51,191,,,,0.8239351457876114,0.8006853912280266,0.8471849003471962,,,,,,,,,,
51,193,0.7355371900826446,0.6528484917366587,0.8182258884286305,0.6437677053824362,0.5557000045921541,0.7318354061727184,,,,,,,,,,
51,195,,,,0.7938545635249296,0.7537249501988432,0.8339841768510159,,,,,,,,,,
51,197,,,,0.8147432125745986,0.7742500363286021,0.855236388820595,,,,,,,,,,
51,199,0.8063031161473088,0.7499784340968019,0.8626277981978157,0.6801631666414867,0.6430147683265933,0.71731156495638,0.70884993587003,0.5796343705805602,0.8380655011594997,0.65625,0.5012979921276555,0.8112020078723445,,,,
51,510,0.6233782806584712,0.5825748736449676,0.6641816876719748,0.46013215344743047,0.43673863790541956,0.4835256689894414,0.5365055918970247,0.4934354152419216,0.5795757685521279,0.5432852386237513,0.49770011232911554,0.5888703649183872,,,,
51,520,,,,0.8076280349945936,0.7671076494408775,0.8481484205483096,,,,,,,,,,
51,530,,,,0.7810098792535675,0.7025484043465485,0.8594713541605864,,,,,,,,,,
51,540,0.7178874157791785,0.6317469147046507,0.8040279168537062,0.7056740004086915,0.6803640666025753,0.7309839342148078,0.5520287958115183,0.4457862435441222,0.6582713480789144,0.490744549568079,0.4318000141188702,0.5496890850172879,,,,
51,550,0.7154758639605047,0.6871670036768154,0.743784724244194,0.7491282120729932,0.7272002972508119,0.7710561268951744,0.6716692623531078,0.6130394749976803,0.7302990497085352,0.6319577735124761,0.5629774485122727,0.7009380985126794,,,,
51,570,0.7138190133943156,0.612383212745891,0.8152548140427403,0.8118934180342333,0.7589783371757961,0.8648084988926705,,,,,,,,,,
51,580,,,,0.8655536028119508,0.8219932404107217,0.9091139652131799,,,,,,,,,,
51,590,0.7628676470588235,0.7037185861721366,0.8220167079455104,0.8775636189039029,0.8593164896668712,0.8958107481409345,0.7444649446494465,0.6346986103644721,0.8542312789344209,,,,,,,
51,595,0.8050847457627118,0.7178182274247771,0.8923512641006466,0.87117903930131,0.8108818750263846,0.9314762035762354,,,,,,,,,,
51,600,0.7665623369848722,0.6632653393047048,0.8698593346650396,0.7132968782446183,0.6791635265946382,0.7474302298945984,0.6337971635001338,0.5815558440882816,0.686038482911986,0.6776041666666667,0.6383434727471635,0.7168648605861698,,,,
51,610,,,,0.5505719992736517,0.4821845118252617,0.6189594867220418,0.6603611349957008,0.538821692016487,0.7819005779749146,0.5453857791225416,0.411551743127563,0.6792198151175202,,,,
51,620,0.8553092182030338,0.7276673746773834,0.9829510617286843,0.8421351504826803,0.7734648317976132,0.9108054691677474,,,,,,,,,,
51,630,0.7402625820568928,0.6553314446199905,0.825193719493795,0.803069526627219,0.7742037411191869,0.8319353121352511,0.7180043383947939,0.6287880190519181,0.8072206577376698,0.7374245472837022,0.5914480819097904,0.8834010126576141,,,,
51,640,,,,0.9010383555838102,0.8410095751415135,0.9610671360261068,,,,,,,,,,
51,650,0.7260122834761502,0.6921583409964256,0.7598662259558748,0.8051016057979252,0.7855548777460579,0.8246483338497925,0.7300269765511517,0.6465814582770734,0.81347249482523,0.7781115879828326,0.6860020787755984,0.8702210971900669,,,,
51,660,0.7180548370408691,0.6269531826067791,0.8091564914749592,0.8102266342011613,0.7861922448647589,0.8342610235375636,0.6429293951041878,0.5731721323752323,0.7126866578331432,0.5574288724973656,0.39087327400324356,0.7239844709914877,,,,
51,670,0.7123519458544839,0.576316574165653,0.8483873175433149,0.784910655195235,0.7425545716084975,0.8272667387819724,,,,,,,,,,
51,678,,,,0.7372049300188009,0.6936700348792423,0.7807398251583596,,,,,,,,,,
51,680,0.7201224917398662,0.6693721564109039,0.7708728270688285,0.8123121985708154,0.7906442956297964,0.8339801015118343,0.6973180076628352,0.5871973731332809,0.8074386421923896,0.6215722120658135,0.4990511345122947,0.7440932896193323,,,,
51,683,0.7970867208672087,0.6860413800094539,0.9081320617249634,0.7735038562921019,0.7248229219665641,0.8221847906176398,0.7418172296412674,0.6656852190667037,0.817949240215831,0.6864253393665158,0.5669085865292663,0.8059420922037653,,,,
51,685,,,,0.7392017495899399,0.6394975993397838,0.838905899840096,0.6317241379310344,0.495373947644838,0.7680743282172309,,,,,,,
51,690,0.8878726287262872,0.600097255914545,1,0.8763250883392226,0.8261714616681719,0.9264787150102733,,,,,,,,,,
51,700,0.7358110723964383,0.7009996204277922,0.7706225243650844,0.8274768824306473,0.8128172489146801,0.8421365159466145,0.725613346418057,0.6641979744501613,0.7870287183859527,0.7477014602487831,0.6718980158743246,0.8235049046232417,,,,
51,710,0.7285625719599681,0.7040251736392554,0.7530999702806808,0.7973543580999897,0.7868391964753294,0.8078695197246499,0.7524260628465804,0.7192320253203688,0.7856201003727921,0.757220029087887,0.7193998443815061,0.7950402137942679,0.6158113730929264,0.5586210119097907,0.6730017342760621,
51,720,,,,0.7894152479644707,0.7110394825895405,0.8677910133394009,,,,,,,,,,
51,730,0.7439040819075845,0.6653984543261142,0.8224097094890548,0.8781680746998666,0.816797235662087,0.9395389137376462,,,,,,,,,,
51,735,,,,0.6619441164895711,0.556731442212029,0.7671567907671132,,,,,,,,,,
51,740,0.7270698937769802,0.694258997340898,0.7598807902130623,0.8162694603280605,0.796835580777656,0.8357033398784649,0.7484276729559748,0.6631613675605411,0.8336939783514085,0.8420245398773006,0.7823785757841065,0.9016705039704948,,,,
51,750,,,,0.8572219147758716,0.8113485431720661,0.9030952863796772,,,,,,,,,,
51,760,0.7413185799907792,0.7170594729204893,0.7655776870610691,0.7368943417343287,0.7247173863553904,0.7490712971132669,0.6372376523815508,0.5870209564022487,0.687454348360853,0.680468868929822,0.6366120354024667,0.7243257024571772,,,,
51,770,0.681991624011168,0.6253479644158683,0.7386352836064677,0.8570604831236228,0.8394733985981399,0.8746475676491058,0.7554504859469399,0.658527816093612,0.8523731558002677,0.7827606290040768,0.7232067057716125,0.8423145522365412,,,,
51,775,0.788298347476552,0.6639886370873965,0.9126080578657075,0.8201158255525351,0.7816938549842494,0.8585377961208209,,,,,,,,,,
51,790,0.7859495060373216,0.6312684434195277,0.9406305686551155,0.7961289144526613,0.752961264729038,0.8392965641762846,,,,,,,,,,
51,800,0.7345909600298842,0.7099839807790554,0.759197939280713,0.8007288629737609,0.7681429234795158,0.8333148024680059,0.6302083333333334,0.4983635759946782,0.7620530906719886,0.7639620653319283,0.6474885343154941,0.8804355963483625,,,,
51,810,0.7207321723655777,0.7037388450844506,0.7377254996467049,0.7399577806865556,0.7252484931758866,0.7546670681972246,0.6825120160566207,0.6395693740068632,0.7254546581063782,0.623212125524799,0.5952610902531912,0.6511631607964068,0.6447661469933185,0.50566815113694,0.783864142849697,
51,820,,,,0.7367394220217046,0.6811417383234063,0.7923371057200029,,,,,,,,,,
51,830,0.6838850491087668,0.4406881545589366,0.927081943658597,0.7459907437304919,0.7053423790381098,0.786639108422874,0.5908203125,0.414316252520904,0.767324372479096,0.6205128205128205,0.44883305882512686,0.7921925822005143,,,,
51,840,0.7908847184986595,0.666759734271589,0.91500970272573,0.8412025346610129,0.8227032562851948,0.859701813036831,0.5908265213442325,0.4624242789908925,0.7192287636975725,,,,,,,
53,000,0.6245343863112867,0.6082057439271058,0.6408630286954675,0.6499445457371636,0.6463115148253263,0.653577576649001,0.66257472625037,0.6560121791617781,0.6691372733389618,0.5117613688834945,0.5036120393376887,0.5199106984293004,0.6886702552347593,0.6592921969835982,0.7180483134859205,
53,001,,,,0.7273684210526316,0.6354948570510637,0.8192419850541994,0.6787330316742082,0.6081780655880665,0.7492879977603498,,,,,,,
53,003,,,,0.780279975654291,0.7203951226902943,0.8401648286182877,,,,,,,,,,
53,005,0.5818463925523661,0.3869379066028864,0.7767548785018459,0.7484246980319283,0.7288527051568822,0.7679966909069745,0.7256637168141593,0.6915251853924957,0.7598022482358229,0.6181945907973305,0.5336662313963441,0.702722950198317,0.7509976057462091,0.5968948620871849,0.9051003494052333,
53,007,,,,0.723836753877487,0.6984728776560389,0.7492006300989351,0.7692245360991816,0.720924408388341,0.8175246638100222,,,,,,,
53,009,,,,0.7095293761094514,0.683418493150548,0.7356402590683548,0.6718673817649927,0.5717580095240888,0.7719767540058966,,,,0.7762312633832976,0.6962052573679481,0.8562572693986471,
53,011,0.6683497819600642,0.5893193586179342,0.7473802053021943,0.6773678872948304,0.6601376903231665,0.6945980842664944,0.6299042855911011,0.6022217775033204,0.6575867936788818,0.6170992814195629,0.5747478862254551,0.6594506766136707,0.5766423357664233,0.44892133866082096,0.7043633328720257,
53,013,,,,0.6319554848966613,0.5474006727300632,0.7165102970632594,,,,,,,,,,
53,015,,,,0.8161810821597583,0.7972130258369896,0.8351491384825269,0.7254454088624943,0.6582163094551569,0.7926745082698318,0.6859791425260718,0.5576923008325698,0.8142659842195739,,,,
53,017,,,,0.7390211798492282,0.6956969120759905,0.7823454476224659,0.6877783275606135,0.6007894861558615,0.7747671689653656,,,,,,,
53,019,,,,0.6421707179197287,0.5439661029322491,0.74037533290720825,,,,,,,0.8563829787234043,0.7712330612670129,0.9415328961797957,
53,021,,,,0.7855908102381085,0.7600785959481713,0.8111030245280457,0.7580329557157569,0.7219284498586497,0.7941374615728641,,,,,,,
53,023,,,,0.6135693215339233,0.5017395047014956,0.725399138366351,,,,,,,,,,
53,025,,,,0.7476901208244492,0.7117259102220431,0.7836543314268553,0.724390243902439,0.6900327811081184,0.7587477066967596,,,,0.8532731376975169,0.7196043669390239,0.9869419084560099,
53,027,,,,0.7426441351888668,0.721858556707642,0.7634297136700917,0.736271186440678,0.6726161907998011,0.799926182081555,,,,0.6487603305785123,0.38577237754495114,0.9117482836120736,
53,029,0.7669616519174042,0.5917974692571085,0.9421258345776998,0.6494525466554368,0.6119906943432877,0.686914398967586,0.70092693565976,0.6242656104100466,0.7775882609094735,0.7052325581395349,0.6327428274766811,0.7777222888023887,,,,
53,031,,,,0.594492494283726,0.5494253984600509,0.639559590107401,,,,,,,,,,
53,033,0.5808691459224881,0.5564533051839581,0.605284986661018,0.5537905589746028,0.5468974648874464,0.5606836530617593,0.5730947348259421,0.560821805400719,0.5853676642511652,0.4633204505665114,0.4529521611038254,0.47368874002919736,0.5908563471803202,0.5274659698361793,0.6542467245244611,
53,035,0.656342580123889,0.5721173815199323,0.7405677787278457,0.6588485439659802,0.6417317439951873,0.6759653439367732,0.6268738288569644,0.5730964500281509,0.6806512076857779,0.6120912726417314,0.5605274563351256,0.6636550889483371,0.6681922196796338,0.5956771084502617,0.740707330909006,
53,037,,,,0.69774640911342245,0.6551000515392014,0.7403927666876435,0.7151335311572701,0.6363766023705587,0.7938904599439814,,,,,,,
53,039,,,,0.5994610072427152,0.5521633414955218,0.6467586729899086,0.6063641720683559,0.4612631708320666,0.7514651733046452,,,,,,,
53,041,,,,0.7263451215014547,0.7070130662951303,0.7456771767077791,0.8006441223832528,0.7180982792511205,0.8831899655153851,0.76905311778291,0.6732277304017745,0.8648785051640454,,,,
53,043,,,,0.6651421104214309,0.5710435889533125,0.7592406318895493,,,,,,,,,,
53,045,,,,0.68987386371644,0.6432307695367274,0.7365169578961526,0.6773626373626374,0.5710304777455938,0.7836947969796809,,,,0.696236559139785,0.5387774053758475,0.8536957129037225,
53,047,0.12127236580516898,0,0.32572547369547933,0.6607629427792916,0.6020456503541076,0.7194802352044756,0.4590347923681257,0.36927495332054366,0.5487946314157077,,,,0.7891025641025641,0.7121272603492595,0.8660778678558686,
53,049,,,,0.6090541632983023,0.5554887441052825,0.6626195824913221,,,,,,,,,,
53,051,,,,0.703658905352283,0.6254267836960262,0.7818910270085399,,,,,,,,,,
53,053,0.7150978940994416,0.6865550367365716,0.7436407514623116,0.7043874390071065,0.6911817861560763,0.7175930918581368,0.7065969797921363,0.6798640124739244,0.7333299471103483,0.6957418870755956,0.6708314523383446,0.7206523218128466,0.7046279491833031,0.6427756597281834,0.7664802386384227,
53,055,,,,0.5972343522561863,0.5631674023404772,0.6313013021718953,0.6146788990825688,0.4815291705845215,0.7478286275806161,,,,,,,
53,057,,,,0.7710791054498082,0.751155978497537,0.7910022324020793,0.6798180664269092,0.6288536198185007,0.7307825130353177,0.7710902812037493,0.670846589300296,0.8713339731072027,0.7335092348284961,0.6493449740080803,0.8176734956489118,
53,059,,,,0.5647706422018348,0.49308660294475914,0.6364546814589105,,,,,,,,,,
53,061,0.6102118063944592,0.5560392191789071,0.6643843936100112,0.640595011723823,0.630723790417959,0.6504662330296871,0.6557762062576655,0.6261521596036608,0.6854002529116703,0.528773863412714,0.4988958399445724,0.5586518868808558,0.6615864218912366,0.5610641138129655,0.7621087299695077,
53,063,0.5881032547699214,0.5206189834202898,0.6555875261195531,0.7198449789125727,0.7074932107019678,0.7321967471231776,0.6672052566381214,0.6272925968275059,0.7071179164487368,0.61259019656631,0.5581968444681562,0.6669835486644637,0.73036750483559,0.6131407313274034,0.8475942783437765,
53,065,,,,0.7326013513513514,0.6978511848353094,0.7673515178673934,,,,,,,0.6790606653620352,0.4093874277909213,0.9487339029331492,
53,067,0.7235082304526749,0.6557729837551075,0.7912434771502422,0.6519366620737922,0.6371366413658739,0.6667366827817105,0.6315545243619489,0.5843696094297549,0.6787394392941429,0.5677333036012934,0.5168783075330542,0.6185882996695325,0.7536231884057971,0.6245441836904797,0.8827021931211145,
53,069,,,,0.6487603305785123,0.5292845896275654,0.7682360715294593,,,,,,,,,,
53,071,,,,0.713317944600562,0.6835340044952594,0.7431018847058646,0.7521288837744534,0.6777923292815446,0.8264654382673622,0.5091575091575091,0.31153662904619006,0.7067783892688282,,,,
53,073,0.7606837606837606,0.6017786885337099,0.9195888328338114,0.6919470293486042,0.671882104698465,0.7120119539987434,0.6952066395663956,0.6314864965533835,0.7589267825794077,0.6225363328688035,0.5479908139425469,0.6970818517950601,0.6215596330275229,0.5502609883280004,0.6928582777270454,
53,075,,,,0.6593775847808105,0.6183350455066612,0.7004201240549599,0.6495535714285714,0.53635119391924,0.7627559489379028,0.4198473282442748,0.3329273865700295,0.5067672699185201,,,,
53,077,,,,0.8051106792646697,0.7823981101799947,0.8278232483493447,0.7605704417581193,0.7410440215695612,0.7800968619466774,0.7697573117610454,0.6318289686399883,0.9076856548821026,0.8206502322257949,0.618835736763632,1,
54,000,0.6708036622583927,0.6352687098968315,0.706338614619954,0.7854942627858138,0.7827134048536587,0.7882751207179689,0.7063329229927506,0.6574132012187472,0.755252644766754,0.6934463733010362,0.6435874256785571,0.7433053209235153,0.566060606060606,0.3142856583895533,0.8178355537316588,
54,001,,,,0.7817100792751982,0.7074246492125995,0.8559955093377969,,,,,,,,,,
54,003,0.587513153279551,0.46262069462122185,0.7124056119378801,0.7321167883211679,0.7119087985282824,0.7523247781140534,0.7851239669421488,0.6745494708589146,0.895698463025383,,,,,,,
54,005,,,,0.7759421786267424,0.7161181145621355,0.8357662426913494,,,,,,,,,,
54,007,,,,0.7442129629629629,0.6960902056176179,0.7923357203083079,,,,,,,,,,
54,009,,,,0.8202190608082588,0.7678250460963505,0.8726130755201671,,,,,,,,,,
54,011,0.6923076923076923,0.561847539052333,0.8227678455630516,0.8053393334954999,0.7862387162798818,0.824439950711118,0.7716049382716049,0.6112797420568853,0.9319301344863246,,,,,,,
54,013,,,,0.8740293356341674,0.7730307537964001,0.9750279174719347,,,,,,,,,,
54,015,,,,0.7365554799183118,0.5620444368133133,0.9110665230233104,,,,,,,,,,
54,017,,,,0.7064171122994652,0.5082937044371667,0.9045405201617638,,,,,,,,,,
54,019,,,,0.7565736245954693,0.7013660500253932,0.8117811991655454,,,,,,,,,,
54,021,,,,0.8154302670623146,0.7339042926480651,0.896956241476564,,,,,,,,,,
54,023,,,,0.778553476682491,0.6867694130888974,0.8703375402760846,,,,,,,,,,
54,025,,,,0.8088969946871779,0.7648349801444124,0.8529590092299434,,,,,,,,,,
54,027,,,,0.758359872611465,0.6848465257362618,0.8318732194866681,,,,,,,,,,
54,029,,,,0.7698137038206505,0.7257676070450363,0.8138598005962647,,,,,,,,,,
54,031,,,,0.8082282680822827,0.7751176395532092,0.8413388966113561,,,,,,,,,,
54,033,,,,0.824521357034839,0.8014239528991528,0.8476187611705251,0.6830122591943958,0.4839787354492312,0.8820457829395604,,,,,,,
54,035,,,,0.762514827995255,0.7479181831475488,0.7771114728429613,,,,,,,,,,
54,037,0.5082612116443745,0.38882738836460784,0.6276950349241412,0.659217243335224,0.6131350113782736,0.7052994752921744,0.581254724111867,0.4197771811887747,0.7427322670349592,,,,,,,
54,039,0.7304066792351198,0.6268357556925765,0.8339776027776631,0.8043378388180961,0.7869104899107703,0.8217651877254218,0.7404109589041096,0.6278896088469091,0.85293230896131,0.658695652173913,0.5409276082936392,0.7764636960541869,,,,
54,041,,,,0.8089265953522685,0.7602283078566018,0.8576248828479353,,,,,,,,,,
54,043,,,,0.6855177684371417,0.5797246391566745,0.791310897717609,,,,,,,,,,
54,045,,,,0.8428842504743833,0.7993170265401751,0.8864514744085915,,,,,,,,,,
54,047,,,,0.804327076041998,0.7719564963681257,0.8366976557158704,,,,,,,,,,
54,049,,,,0.7141007599211934,0.6796109744280542,0.7485905454143326,,,,,,,,,,
54,051,,,,0.8204602627410789,0.7876576171458864,0.8532629083362713,,,,,,,,,,
54,053,,,,0.8403016888014428,0.7819529738183568,0.8986504037845289,,,,,,,,,,
54,055,0.6930792377131394,0.5644014268430158,0.821757048583263,0.8286380218889339,0.7976152314261915,0.8596608123516762,,,,,,,,,,
54,057,,,,0.7421677614957048,0.6898489174199431,0.7944866055714666,,,,,,,,,,
54,059,,,,0.8262520769048184,0.7672541407320963,0.8852500130775405,,,,,,,,,,
54,061,0.6205766710353866,0.4595645756809621,0.7815887663898111,0.7632082362352614,0.7402751319963766,0.7861413404741461,0.5925155925155925,0.47198623016466884,0.7130449548665161,0.6246587807097361,0.5137725329737477,0.7355450284457246,,,,
54,063,,,,0.7338920900995285,0.6127187275626794,0.8550654526363776,,,,,,,,,,
54,065,,,,0.7197908064960088,0.65760489042626,0.7819767225657576,,,,,,,,,,
54,067,,,,0.7872779843040066,0.7370098768060647,0.8375460918019486,,,,,,,,,,
54,069,0.7406876790830945,0.6175109701749665,0.8638643879912226,0.831117230527144,0.8042898739371755,0.8579445871171125,,,,,,,,,,
54,071,,,,0.7903645833333334,0.7194106625227183,0.8613185041439484,,,,,,,,,,
54,073,,,,0.7477547832877782,0.6689585732196424,0.8265509933559141,,,,,,,,,,
54,075,,,,0.7458983593437375,0.6686932835375248,0.8231034351499502,,,,,,,,,,
54,077,,,,0.6936802973977695,0.6638444017091242,0.7235161930864148,,,,,,,,,,
54,079,,,,0.7897580141084025,0.7599316301770648,0.8195843980397403,,,,,,,,,,
54,081,0.8041666666666667,0.7343215007107099,0.8740118326226235,0.8204925399964048,0.7842029982231776,0.856782081769632,,,,,,,,,,
54,083,,,,0.7903893951946976,0.742690135161466,0.8380886552279293,,,,,,,,,,
54,085,,,,0.8126368470441039,0.736621988176306,0.8886517059119018,,,,,,,,,,
54,087,,,,0.7491638795986622,0.7026306246300709,0.7956971345672534,,,,,,,,,,
54,089,,,,0.8799643016510487,0.80975943613277,0.9501691671693273,,,,,,,,,,
54,091,,,,0.7016240022020369,0.6108759075242891,0.7923720968797847,,,,,,,,,,
54,093,,,,0.7225152129817444,0.6579650489066781,0.7870653770568107,,,,,,,,,,
54,095,,,,0.8010313708637731,0.7298616054369764,0.8722011362905697,,,,,,,,,,
54,097,,,,0.7822387662855623,0.746760041379716,0.8177174911914087,,,,,,,,,,
54,099,,,,0.7681144503911075,0.7412620668884793,0.7949668338937357,,,,,,,,,,
54,101,,,,0.7784738041002278,0.7057846324926259,0.8511629757078297,,,,,,,,,,
54,103,,,,0.8362869198312236,0.7970849673253337,0.8754888723371135,,,,,,,,,,
54,105,,,,0.5714285714285714,0.3614831656642298,0.781373977192913,,,,,,,,,,
54,107,,,,0.7913490853658537,0.7675166578961202,0.8151815128355872,,,,,,,,,,
54,109,,,,0.863345521023766,0.7931615170423938,0.9335295250051383,,,,,,,,,,
55,000,0.6699628827498799,0.6556680001477387,0.6842577653520211,0.7549642419139507,0.7527127912726961,0.7572156925552054,0.7032248924150388,0.6912597759862334,0.7151900088438442,0.6467596735983153,0.6304005956831548,0.6631187515134759,0.7231520577911177,0.7019348635908388,0.7443692519913966,
55,001,,,,0.7374974061008508,0.6911202930722504,0.7838745191294512,,,,,,,,,,
55,003,,,,0.7703395703395703,0.7424296469492326,0.798249493729908,,,,,,,0.7363253856942497,0.6099851132439154,0.862665658144584,
55,005,,,,0.7539398104963425,0.7332407771830043,0.7746388438096807,0.5186781609195402,0.33062410716449764,0.7067322146745828,,,,,,,
55,007,,,,0.6407157796885894,0.6094975777618267,0.6719339816153521,,,,,,,0.671578947368421,0.5937931404412928,0.7493647542955493,
55,009,0.6619993487463367,0.5459043079258042,0.7780943895668692,0.7985569377093729,0.7860206259408149,0.8110932494779308,0.7208133971291866,0.6678721226728482,0.7737546715855249,0.6815435587604756,0.6021216920633321,0.760965425457619,0.6830502349114564,0.6616871846785807,0.7044132851443322,
55,011,,,,0.6972595656670114,0.6506371264970666,0.7438820048369562,,,,,,,,,,
55,013,,,,0.7385957953193177,0.7161298377540608,0.7610617528845747,,,,,,,0.7663551401869159,0.580362025155341,0.9523482552184908,
55,015,,,,0.6955787266266674,0.6599901954111574,0.7311672578421774,0.5236486486486487,0.43288162284883497,0.6144156744484625,,,,,,,
55,017,,,,0.746040182842564,0.7210746718159953,0.7710056938691328,,,,,,,,,,
55,019,,,,0.6672294581122367,0.6444855375424926,0.6899733786819807,0.7540983606557377,0.5882103541755987,0.9199863671358766,,,,,,,
55,021,,,,0.7378843620838443,0.7216278184117522,0.7541409057559365,0.8071242397914856,0.6821615030466891,0.9320869765362821,,,,,,,
55,023,,,,0.8050885284927838,0.772212763584752,0.8379642934008156,,,,,,,,,,
55,025,0.6571113561190739,0.5962387253455995,0.7179839868925483,0.6769275975968534,0.667752571692328,0.6861026235013787,0.6687389322180777,0.6395337321327641,0.6979441323033913,0.5370800433503639,0.49606551394859744,0.5780945727521303,0.7675,0.6302951791007361,0.9047048208992639,
55,027,,,,0.785476430513549,0.7675440823737312,0.8034087786533668,0.6738105443634805,0.5922929578151164,0.7553281309118447,,,,,,,
55,029,,,,0.7501466275659824,0.7221230568580652,0.7781701982738995,0.7112676056338029,0.5182096501222446,0.9043255611453611,,,,,,,
55,031,,,,0.7734452122408687,0.7438396432469606,0.8030507812347768,,,,,,,,,,
55,033,,,,0.7568026279770051,0.7312015590700722,0.7824036968839381,0.5,0.4012656584777908,0.5987343415222093,0.5053763440860215,0.2225772141809691,0.7881754739910739,,,,
55,035,,,,0.7848465807938004,0.7725057616632638,0.7971873999243371,0.7807215332581736,0.6676355825773497,0.8938074839389976,0.7551109177903437,0.6210333705851437,0.8891884649955436,,,,
55,037,,,,0.7425373134328358,0.6751310066446136,0.809943620221058,,,,,,,,,,
55,039,,,,0.793781414377557,0.7783279464514781,0.8092348823036359,0.7122994652406417,0.6394066853004994,0.785192245180784,0.6436974789915967,0.5112083595404753,0.7761865984427181,,,,
55,041,,,,0.7886915549111997,0.7587773706047249,0.8186057392176744,,,,,,,0.6909722222222222,0.5734650247885241,0.8084794196559203,
55,043,,,,0.7440532825880114,0.7161173914179438,0.771989173758079,0.6552962298025135,0.507160851851258,0.8034316077537689,,,,,,,
55,045,,,,0.7552836484983315,0.7283423828178516,0.7822249141788115,0.7361111111111112,0.6352903436000892,0.8369318786221331,,,,,,,
55,047,,,,0.7334489736918185,0.7024065485909908,0.7644913987926462,,,,,,,,,,
55,049,,,,0.7123403456048084,0.6874986434901487,0.7371820477194682,,,,,,,,,,
55,051,,,,0.7790281329923273,0.7061724794421086,0.851883786542546,,,,,,,,,,
55,053,,,,0.7887836853605243,0.7646570175291196,0.8129103531919291,,,,,,,0.7960526315789473,0.74075499833945,0.8513502648184447,
55,055,,,,0.745567022938168,0.7215508892545743,0.7695831566217617,0.6852991873922679,0.617756690877576,0.7528416839069598,,,,,,,
55,057,,,,0.7936405628961221,0.7679425302490689,0.8193385955431752,0.660377358490566,0.45048968576287207,0.8702650312182599,,,,,,,
55,059,0.7484920489855602,0.680505091292078,0.8164790066790424,0.7716958598726115,0.7534957235476694,0.7898959961975536,0.7288099767491016,0.6933069678721037,0.7643129856260996,0.8285190279688216,0.7594836137411088,0.8975544421965344,,,,
55,061,,,,0.7313565604151223,0.697487656813796,0.7652254640164486,,,,,,,,,,
55,063,,,,0.7862590657412462,0.7682448580191787,0.8042732734633136,0.6663376110562685,0.5566476779620562,0.7760275441504809,0.7846102150537635,0.6826181190865886,0.8866023110209383,,,,
55,065,,,,0.7024721448467967,0.6593687899777836,0.7455754997158097,,,,,,,,,,
55,067,,,,0.7906517445687953,0.754092115484987,0.8272113736526036,,,,,,,,,,
55,069,,,,0.7674777555838024,0.745365449839141,0.7895900613284638,,,,,,,,,,
55,071,,,,0.7963833979533465,0.7870277592132606,0.8057390366934323,0.6264333132166566,0.5102979383923325,0.7425686880409808,0.6886792452830188,0.5790189810522205,0.7983395095138172,,,,
55,073,,,,0.7759520527791114,0.7581727119666469,0.7937313935915759,0.7515952597994531,0.6604019515407209,0.8427885680581853,0.6392037600221178,0.5552073277884118,0.7232001922558238,,,,
55,075,,,,0.8157445637214423,0.7914876079723467,0.8400015194705379,0.4931972789115646,0.24989913332021121,0.736495424502918,,,,,,,
55,077,,,,0.7121282527881041,0.680075612359302,0.7441808932169062,,,,,,,,,,
55,078,,,,0.8490853658536586,0.7321184238542805,0.9660523078530366,,,,,,,0.8274058577405857,0.7526357538873577,0.9021759615938137,
55,079,0.6370556472176391,0.6208059048733009,0.6533053895619773,0.7354202291459936,0.7251672227805216,0.7456732355114656,0.6809505198155241,0.6577030540508382,0.7041979855802101,0.6462001853568119,0.6145595707827659,0.6778407999308579,0.624680540343191,0.551496089652484,0.697864991033898,
55,081,,,,0.7880731003526772,0.7677875658210884,0.808358634884266,0.7018393030009681,0.6010971699409023,0.8025814360610338,,,,,,,
55,083,,,,0.672600248827639,0.6501700039337265,0.6950304937215516,,,,,,,,,,
55,085,,,,0.775592203898051,0.7448656403573891,0.8063187674387128,,,,,,,,,,
55,087,0.5675082327113062,0.4261498942953873,0.7088665711272252,0.7986723986702329,0.786285135080816,0.8110596622596498,0.72171581769437,0.6611211961287466,0.7823104392599933,0.622338954935029,0.5435700717465746,0.7011078381234834,0.916030534351145,0.8420214257672471,0.9900396429350429,
55,089,0.7965616045845272,0.6941457455357544,0.8989774636333,0.718495379409085,0.6943266046607666,0.7426641541574035,0.6909155429382541,0.6062477239626076,0.7755833619139005,0.7532029669588671,0.6078380324751077,0.8985679014426265,,,,
55,091,,,,0.7110010611956137,0.6548157959333402,0.7671863264578872,,,,,,,,,,
55,093,,,,0.6314610470422302,0.594827380954135,0.6680947131303253,0.5783783783783784,0.3707314434855904,0.7860253132711663,,,,,,,
55,095,,,,0.7426453688807171,0.7235245841325798,0.7617661536288544,0.7272727272727273,0.6278241550611645,0.8267212994842901,,,,,,,
55,097,,,,0.7411167512690355,0.7190376018609376,0.7631959006771335,0.7754010695187166,0.6661012945519046,0.8847008444855285,0.6040856031128404,0.4983481509694259,0.7098230552562549,,,,
55,099,,,,0.7798217333586194,0.7441063822270655,0.8155370844901733,,,,,,,,,,
55,101,0.7113630080176943,0.647029993119841,0.7756960229155475,0.7682819675392497,0.7517105903958994,0.7848533446826,0.7322640868974881,0.7005658542604507,0.7639623195345255,0.6919468334636435,0.5704252470957991,0.8134684198314879,,,,
55,103,,,,0.782718385367392,0.7509209381261607,0.8145158326086234,,,,,,,,,,
55,105,0.8257665094339622,0.7708582273060325,0.880674791561892,0.7945474336983771,0.7718673712125198,0.8172274961842344,0.763351366347621,0.6966951406380233,0.8300075920572187,0.7828185328185329,0.6632774935466739,0.9023595720903919,,,,
55,107,,,,0.7722753346080306,0.7464985103066166,0.7980521589094445,,,,,,,,,,
55,109,,,,0.710735060814384,0.6856162139928388,0.7358539076359292,0.5942947702060222,0.4723750173511346,0.7162145230609098,0.5530393325387366,0.42689065987081704,0.6791880052066561,,,,
55,111,,,,0.7766519529159979,0.7586981142520955,0.7946057915799002,0.7087058823529412,0.6299917245246736,0.7874200401812088,,,,,,,
55,113,,,,0.7078373782655742,0.6701102801126886,0.7455644764184599,,,,,,,0.6818181818181818,0.5852394128321284,0.7783969508042351,
55,115,,,,0.7511785856971634,0.7201413088990197,0.7822158624953072,0.580046403712297,0.4664027006114932,0.6936901068131008,,,,0.8337801608579088,0.7459898537865353,0.9215704679292824,
55,117,0.6966696669666966,0.5370133397948602,0.856325994138533,0.790267160837001,0.7777478383602976,0.8027864833137044,0.6377735287869131,0.5653794732336053,0.7101675843402209,0.7255377158436838,0.671739798648362,0.7793356330390055,,,,
55,119,,,,0.7430792790670279,0.7144093342360668,0.771749223897989,0.7083333333333334,0.46923318035685846,0.9474334863098083,,,,,,,
55,121,,,,0.7887861084063615,0.7728876165640765,0.8046846002486466,0.7180261832829808,0.6214028555410256,0.8146495110249361,,,,,,,
55,123,,,,0.6745517694546137,0.6361055947869466,0.7129979441222808,,,,,,,,,,
55,125,,,,0.7621252459775437,0.7272205236074137,0.7970299683476737,,,,,,,0.5610561056105611,0.45956239084398687,0.6625498203771353,
55,127,,,,0.7489467162329616,0.7305940788954055,0.7672993535705177,0.7687714584266309,0.7107890998162558,0.8267538170370059,,,,,,,
55,129,,,,0.7390548443180022,0.7138703840152298,0.7642393046207745,,,,,,,,,,
55,131,0.7827380952380952,0.6505787783693651,0.9148974121068254,0.7431405017538237,0.7290016872068324,0.757279316300815,0.6794687724335966,0.5818941313166395,0.7770434135505537,0.7474185861795075,0.6368497639010234,0.8579874084579916,,,,
55,133,0.7937286372417893,0.7594670409555748,0.8279902335280038,0.78084600784134,0.7730877864612616,0.7886042292214183,0.7588329261417027,0.7226225504801753,0.7950433018032301,0.6393146120894811,0.5801403847222287,0.6984888394567336,0.8227554179566563,0.4188048536491632,1,
55,135,,,,0.7895452485269678,0.7764308807433224,0.8026596163106132,0.7611386138613861,0.6533671191522787,0.8689101085704936,,,,,,,
55,137,,,,0.7481308411214953,0.7143946726078776,0.781867009635113,0.750996015936255,0.6274795572703231,0.8745124746021868,,,,,,,
55,139,0.7047387606318347,0.5898392925396514,0.819638228724018,0.8019204851752022,0.7862532035950618,0.8175877667553426,0.7524937655860349,0.6920625584022075,0.8129249727698622,0.6581417934606669,0.5610991644005507,0.7551844225207831,,,,
55,141,,,,0.7882902486436302,0.77427779334415,0.8023027039431103,0.7729957805907173,0.6690720331273864,0.8769195280540482,0.575208913649025,0.3693170175368333,0.7811008097612168,,,,
56,000,0.7296522050914306,0.6354213350554638,0.8238830751273973,0.7556352695165339,0.7456002787726292,0.7656702602604386,0.7309672793638379,0.7064905193115658,0.7554440394161099,0.6562158220925993,0.5625938418489373,0.7498378023362613,0.747907949790795,0.6837218252807641,0.8120940743008259,
56,001,,,,0.65287261596421,0.619123797341846,0.686621434586574,0.684979544126242,0.5980255728677257,0.7719335153847582,,,,,,,
56,003,,,,0.7947587558168013,0.7382147759350894,0.8513027356985132,,,,,,,,,,
56,005,,,,0.7771734244358537,0.7373842516404536,0.8169625972312538,0.7085875175973722,0.5897876182006173,0.827387416994127,,,,,,,
56,007,,,,0.735170382835507,0.6641625446727898,0.8061782209982241,0.7959356477561389,0.7011723527080721,0.8906989428042057,,,,,,,
56,009,,,,0.7425691834642979,0.6957391542059322,0.7893992127226636,,,,,,,,,,
56,011,,,,0.6897985289414774,0.6054971549567228,0.774099902926232,,,,,,,,,,
56,013,,,,0.7420064286922686,0.7046320759301805,0.7793807814543567,0.7236363636363636,0.6499268109665463,0.797345916306181,,,,0.7502944640753828,0.7001062748387609,0.8004826533120047,
56,015,,,,0.6760299625468165,0.6255054447909727,0.7265544803026602,,,,,,,,,,
56,017,,,,0.7738601823708207,0.6690618000305726,0.8786585647110687,,,,,,,,,,
56,019,,,,0.6874471086036671,0.5920247606026664,0.7828694566046678,,,,,,,,,,
56,021,0.8376623376623377,0.7152270972460888,0.9600975780785865,0.7948619827542222,0.7715823621128828,0.8181416033955615,0.7857986767485823,0.7292266936893566,0.842370659807808,,,,,,,
56,023,,,,0.757219391088462,0.7058249236928832,0.8086138584840409,,,,,,,,,,
56,025,,,,0.8035334246814961,0.7839831874675165,0.8230836618954758,0.7467669172932331,0.6736504267117512,0.8198834078747149,,,,,,,
56,027,,,,0.7896786757546251,0.6917080671857484,0.8876492843235019,,,,,,,,,,
56,029,,,,0.7168842931542003,0.6790635887077991,0.7547049976006015,0.7304730473047305,0.595753508931351,0.86519258567811,,,,,,,
56,031,,,,0.7763546798029557,0.7059406587484041,0.8467687008575073,,,,,,,,,,
56,033,,,,0.7984982138951666,0.7622806816896948,0.8347157461006385,,,,,,,,,,
56,035,,,,0.6718006160739288,0.5850859484045239,0.7585152837433338,,,,,,,,,,
56,037,,,,0.7743040685224839,0.7381647659678507,0.8104433710771171,0.7122074636306135,0.6410421544077531,0.7833727728534738,,,,,,,
56,039,,,,0.6713205748144112,0.6319647876762481,0.7106763619525743,0.547919876733436,0.4554387098711375,0.6404010435957345,,,,,,,
56,041,,,,0.7804688511850797,0.7460246285895336,0.8149130737806258,,,,,,,,,,
56,043,,,,0.749409681227863,0.6950883925129653,0.8037309699427607,,,,,,,,,,
56,045,,,,0.7121401752190237,0.6201351503213302,0.8041452001167173,,,,,,,,,,
