statecode,countycode,v069_flag_CT,v069_numerator,v069_denominator,v069_rawvalue,v069_cilow,v069_cihigh
00,000,,61249701,90043832,0.680220950614363,0.6789197614385982,0.6815221397901279
01,000,,799011,1287469,0.6206060107078306,0.6138246122004208,0.6273874092152404
01,001,,9711,15816,0.6139984825493171,0.5563826307813196,0.6716143343173147
01,003,,37472,57170,0.6554486618856044,0.6168622750633593,0.6940350487078494
01,005,,2824,6488,0.4352651048088779,0.3720613701608016,0.49846883945695425
01,007,,2764,6084,0.4543063773833005,0.3809385865762134,0.5276741681903876
01,009,,7401,14167,0.5224112373826498,0.47001528157660405,0.5748071931886956
01,011,,945,2632,0.35904255319148937,0.26271850490271564,0.4553666014802631
01,013,,1694,4318,0.3923112552107457,0.32164632420803807,0.4629761862134534
01,015,,15254,28620,0.5329839273235499,0.49031959320015167,0.5756482614469481
01,017,,4452,8143,0.5467272503991158,0.47340065681094057,0.6200538439872911
01,019,,2934,5598,0.5241157556270096,0.4423497940934898,0.6058817171605295
01,021,,5497,11628,0.47273821809425526,0.4127231493342466,0.5327532868542639
01,023,,1295,2502,0.517585931254996,0.42308100758849354,0.6120908549214984
01,025,,2027,5157,0.393057979445414,0.32772286033137094,0.45839309855945704
01,027,,1818,3196,0.5688360450563203,0.46240270552538754,0.6752693845872532
01,029,,1899,3721,0.5103466809997312,0.39284206176714614,0.6278513002323164
01,031,,8811,14162,0.6221578873040531,0.5712171989233237,0.6730985756847825
01,033,,8687,14035,0.6189526184538653,0.5467624974074672,0.6911427395002634
01,035,,894,2287,0.3909051158723218,0.2961658736965041,0.4856443580481395
01,037,,918,2013,0.45603576751117736,0.32970317979847974,0.582368355223875
01,039,,4403,8389,0.5248539754440339,0.471709633611182,0.5779983172768858
01,041,,1590,3075,0.5170731707317073,0.42330888264845457,0.6108374588149601
01,043,,12627,22301,0.5662077933724945,0.516484923513629,0.61593066323136
01,045,,7707,12838,0.6003271537622683,0.5480935315867409,0.6525607759377957
01,047,,4337,8298,0.5226560617016148,0.43238517491776934,0.6129269484854603
01,049,,8588,17372,0.49435873819940135,0.4490390151924774,0.5396784612063253
01,051,,13181,24272,0.5430537244561635,0.4973017082980794,0.5888057406142476
01,053,,3914,9606,0.4074536747865917,0.34837456468055866,0.4665327848926248
01,055,,12823,24629,0.5206463924641682,0.4792634278424331,0.5620293570859034
01,057,,1823,3671,0.49659493326069193,0.40490629062316846,0.5882835758982154
01,059,,3320,8071,0.41134927518275305,0.35172731303622246,0.47097123732928364
01,061,,2814,6110,0.46055646481178397,0.3960648693719191,0.5250480602516489
01,063,,490,1555,0.31511254019292606,0.20785164934682188,0.42237343103903024
01,065,,1919,3592,0.5342427616926503,0.4313793758672491,0.6371061475180515
01,067,,2013,4095,0.49157509157509155,0.40994952853176025,0.5732006546184228
01,069,,15708,27229,0.5768849388519594,0.5505456702116724,0.6032242074922463
01,071,,6269,12438,0.5040199388969288,0.4487421584355363,0.5592977193583212
01,073,,124304,181069,0.6865007262424822,0.666813119970337,0.7061883325146273
01,075,,1706,2997,0.569235902569236,0.47176137577761157,0.6667104293608603
01,077,,13831,22286,0.6206138382841245,0.5724522132447918,0.6687754633234573
01,079,,4250,7860,0.5407124681933843,0.46611005295663893,0.6153148834301296
01,081,,36145,47399,0.7625688305660457,0.7230262512888168,0.8021114098432747
01,083,,19456,30227,0.6436629503424091,0.5952288452512265,0.6920970554335916
01,085,,1012,2216,0.4566787003610108,0.329700175582807,0.5836572251392147
01,087,,1669,3289,0.507449072666464,0.41319403620057255,0.6017041091323555
01,089,,85935,110770,0.7757966958562788,0.7474264454614711,0.8041669462510864
01,091,,2348,4009,0.5856822150162135,0.4857714060749314,0.6855930239574957
01,093,,3477,6671,0.5212112127117374,0.4576496337546333,0.5847727916688416
01,095,,12419,23706,0.5238758120307095,0.4871729441880052,0.5605786798734138
01,097,,63681,108081,0.5891969911455297,,
01,099,,1476,4000,0.369,0.2782715726805708,0.4597284273194292
01,101,,38904,59913,0.6493415452405988,0.6128185281502365,0.6858645623309612
01,103,,17847,30599,0.5832543547174744,0.5435377840286948,0.6229709254062541
01,105,,608,1605,0.37881619937694705,0.22803923983621338,0.5295931589176808
01,107,,2012,4969,0.4049104447574965,,
01,109,,4795,7520,0.6376329787234043,0.5673709047631074,0.7078950526837012
01,111,,2449,5092,0.4809505106048704,0.40800819222994567,0.5538928289797951
01,113,,9717,15955,0.6090253838921968,0.540974479307977,0.6770762884764167
01,115,,14828,24756,0.5989659072548069,0.5541911932102694,0.6437406212993444
01,117,,45020,59108,0.7616566285443594,0.7279542649209342,0.7953589921677847
01,119,,1034,2202,0.4695731153496821,0.3455640050846263,0.5935822256147378
01,121,,10817,20696,0.5226613838422883,0.47172747609922167,0.573595291585355
01,123,,5180,9107,0.568793235972329,0.49516690492039583,0.6424195670242622
01,125,,40103,60276,0.6653228482314686,,
01,127,,8550,15279,0.559591596308659,0.5022553423236997,0.6169278502936182
01,129,,1678,3146,0.533375715193897,0.42079098095480577,0.6459604494329882
01,131,,900,2288,0.39335664335664333,0.2882772714023315,0.49843601531095516
01,133,,2037,5100,0.39941176470588236,0.33349115873008495,0.46533237068167976
02,000,,139951,218044,0.6418475170149144,0.6264866541107578,0.657208379919071
02,013,,582,1032,0.563953488372093,0.4106921401835698,0.7172148365606162
02,016,,1215,2063,0.588948133785749,0.5049878591992468,0.6729084083722511
02,020,,63031,90019,0.7001966251569113,,
02,050,,1475,4917,0.2999796623957698,0.2462413362580544,0.3537179885334852
02,060,,181,305,0.5934426229508196,0.2516593748440727,0.9352258710575665
02,063,,1621,2122,0.7639019792648445,0.6333493277861315,0.8944546307435575
02,066,,259,384,0.6744791666666666,0.5290716824569006,0.8198866508764326
02,068,,372,965,0.3854922279792746,0.05804976620866514,0.712934689749884
02,070,,608,1259,0.482922954725973,0.28560375760775447,0.6802421518441916
02,090,,20823,30018,0.6936837897261643,0.6453525383923787,0.7420150410599499
02,100,,250,321,0.778816199376947,0.6408885620512617,0.9167438367026324
02,105,,291,491,0.5926680244399185,0.39003208187176386,0.7953039670080732
02,110,,6812,9229,0.7381081373930003,0.6683497934228787,0.8078664813631219
02,122,,9027,15389,0.5865878224705959,0.5398096006256897,0.6333660443155021
02,130,,2516,3907,0.643972357307397,0.569989206613975,0.717955508000819
02,150,,2942,4139,0.7107997100748973,0.6156384647129208,0.8059609554368737
02,158,,484,1973,0.2453117080587937,0.1515349967384077,0.3390884193791797
02,164,,140,385,0.36363636363636365,0.1257484028032915,0.6015243244694358
02,170,,18716,32176,0.5816757831924416,0.5527290024051126,0.6106225639797707
02,180,,940,2729,0.3444485159399047,0.2826669154779792,0.40623011640183027
02,185,,1574,3446,0.4567614625652931,0.37428285691823965,0.5392400682123466
02,188,,710,1933,0.36730470770822554,0.24630172254796626,0.48830769286848485
02,195,,517,775,0.6670967741935484,0.6055655565744411,0.7286279918126557
02,198,,701,1342,0.522354694485842,0.44869512014117974,0.5960142688305043
02,220,,1793,2467,0.7267936765301987,0.6430916264859402,0.8104957265744571
02,230,,231,406,0.5689655172413793,0.15851905457321164,0.9794119799095471
02,240,,1002,1835,0.5460490463215258,0.44287872656064564,0.649219366082406
02,275,,299,448,0.6674107142857143,0.6198707113230212,0.7149507172484074
02,282,,131,169,0.7751479289940828,0.3649260301365624,1
02,290,,708,1400,0.5057142857142857,0.37034431116962385,0.6410842602589475
04,000,,1297273,1952511,0.6644126460747212,0.6585400635251125,0.6702852286243298
04,001,,9076,15932,0.5696711021842832,0.5280396745284996,0.6113025298400667
04,003,,18650,29902,0.6237041000601966,0.5825964577175383,0.6648117424028549
04,005,,26839,36851,0.7283113076985699,0.6873139797881538,0.769308635608986
04,007,,5173,10477,0.49374821036556266,0.42027482694294827,0.567221593788177
04,009,,5531,11103,0.49815365216608126,0.4408314703463827,0.5554758339857798
04,011,,1776,2948,0.6024423337856174,0.4816859081157433,0.7231987594554915
04,012,,1365,2827,0.48284400424478247,0.3864115638523429,0.579276444637222
04,013,,877530,1277286,0.6870270244878595,,
04,015,,22919,43320,0.5290627885503232,0.49436475700249016,0.5637608200981562
04,017,,13083,25241,0.518323362782774,0.47944358783694907,0.557203137728599
04,019,,180220,261800,0.6883880825057296,0.6728789795541201,0.703897185457339
04,021,,71263,124732,0.5713289292242568,0.5472358020446912,0.5954220564038224
04,023,,6394,11328,0.5644420903954802,0.49308858801463906,0.6357955927763214
04,025,,27918,44866,0.6222529309499398,0.5864163343375942,0.6580895275622854
04,027,,29536,53898,0.5479980704293295,0.5145119654356439,0.581484175423015
05,000,,465065,783166,0.5938268515231765,0.5856105522669707,0.6020431507793823
05,001,,1991,3770,0.5281167108753315,0.44874129207460534,0.6074921296760577
05,003,,1904,3977,0.47875282876540104,0.3859716022772135,0.5715340552535886
05,005,,5250,8416,0.6238117870722434,0.5498461957861291,0.6977773783583576
05,007,,60374,90336,0.6683271342543393,0.6426599676502369,0.6939943008584417
05,009,,5155,8959,0.5753990400714365,0.5020294401913784,0.6487686399514946
05,011,,1055,2456,0.42956026058631924,0.3356905564799285,0.52342996469271
05,013,,595,1125,0.5288888888888889,0.4198731247693539,0.6379046530084238
05,015,,2797,6262,0.4466624081763015,0.37541104948286924,0.5179137668697338
05,017,,1055,2131,0.4950727358047865,0.40113774401859237,0.5890077275909806
05,019,,2397,4503,0.5323117921385743,0.4578728711232194,0.6067507131539291
05,021,,1737,3377,0.5143618596387326,0.4273552607159296,0.6013684585615356
05,023,,2275,5120,0.4443359375,0.3714636752218031,0.5172081997781969
05,025,,993,1686,0.5889679715302492,0.45916246134769106,0.7187734817128073
05,027,,2846,5199,0.5474129640315445,0.46024003136621183,0.6345858966968771
05,029,,2429,4718,0.5148367952522255,0.4255758997281898,0.6040976907762611
05,031,,20835,32143,0.648197119123915,0.5995714941550331,0.6968227440927969
05,033,,8412,15469,0.5437972719632814,0.4870613772509114,0.6005331666756514
05,035,,6235,11760,0.530187074829932,0.47411368133377274,0.5862604683260912
05,037,,2120,4223,0.5020127871181624,0.41301936117813237,0.5910062130581925
05,039,,812,1373,0.5914056809905317,0.4357073411548858,0.7471040208261777
05,041,,1131,2350,0.48127659574468085,0.385003282098556,0.5775499093908056
05,043,,2149,3854,0.5576024909185262,0.4575664881554609,0.6576384936815914
05,045,,23462,34074,0.6885601925221576,0.6436069905949976,0.7335133944493176
05,047,,2270,3998,0.567783891945973,0.4631951693872637,0.6723726145046823
05,049,,1234,2460,0.5016260162601626,0.39232020178858995,0.6109318307317352
05,051,,13602,22418,0.606744580248015,0.5580254994380041,0.655463661058026
05,053,,2480,4576,0.541958041958042,0.45571185935949504,0.6282042245565889
05,055,,5888,12383,0.4754905919405637,0.41864912604135684,0.5323320578397706
05,057,,2287,4309,0.5307495938732885,0.4422047025939485,0.6192944851526284
05,059,,4340,8443,0.5140352955110743,0.44527968630127185,0.5827909047208768
05,061,,1558,3158,0.493350221659278,0.3996095913711548,0.5870908519474012
05,063,,5328,9095,0.5858163826278174,0.5208678104950402,0.6507649547605947
05,065,,1762,3213,0.5483971366324307,0.4491876118242149,0.6476066614406465
05,067,,2336,4858,0.48085631947303414,0.4081955565192875,0.5535170824267808
05,069,,7505,16183,0.4637582648458259,0.41515688389908545,0.5123596457925663
05,071,,2918,6106,0.477890599410416,0.40656689912291766,0.5492142996979144
05,073,,591,1173,0.5038363171355499,0.39172576041672286,0.615946873854377
05,075,,2079,3741,0.5557337610264635,0.4742815065005419,0.6371860155523852
05,077,,795,2080,0.38221153846153844,0.2772427455621404,0.48718033136093647
05,079,,1569,4421,0.3548970821081203,0.2887162891774127,0.42107787503882793
05,081,,1574,2711,0.5805975654739949,0.4663186142535575,0.6948765166944323
05,083,,2625,5075,0.5172413793103449,0.44271217312003674,0.591770585500653
05,085,,12078,20750,0.5820722891566265,0.5372226150490411,0.6269219632642118
05,087,,1548,4153,0.37274259571394175,0.2880733261765068,0.45741186525137667
05,089,,1896,3271,0.579639254050749,0.48703743728775173,0.6722410708137463
05,091,,4866,10878,0.4473248758963045,0.39038644716036086,0.5042633046322481
05,093,,4677,9961,0.46953117156911955,0.40863425389442726,0.5304280892438118
05,095,,596,1300,0.4584615384615385,0.35487412151146175,0.5620489554116153
05,097,,857,1610,0.5322981366459627,0.41319412956721924,0.6514021437247062
05,099,,679,1485,0.4572390572390572,0.3229321584027424,0.591545956075372
05,101,,711,1247,0.570168404170008,0.4016006300998324,0.7387361782401837
05,103,,2797,5057,0.5530947201898359,0.46462951724327434,0.6415599231363974
05,105,,1134,2334,0.48586118251928023,0.38558449400398176,0.5861378710345787
05,107,,1828,3306,0.5529340592861464,0.44911749195109096,0.6567506266212018
05,109,,1367,2317,0.5899870522227018,0.4924849069570801,0.6874891974883235
05,111,,2549,5387,0.47317616484128455,0.4085894333657217,0.5377628963168475
05,113,,2051,3972,0.5163645518630413,0.4279594113823027,0.6047696923437799
05,115,,8868,16236,0.5461936437546193,0.49682705224827756,0.5955602352609611
05,117,,981,1655,0.592749244712991,0.4635774791207391,0.7219210103052428
05,119,,76442,109773,0.6963643154509761,0.6690594463626303,0.7236691845393219
05,121,,2238,4607,0.48578250488387237,0.4088886407357842,0.5626763690319605
05,123,,2666,6365,0.41885310290652006,0.34723092776375836,0.49047527804928176
05,125,,22916,33452,0.6850412531388258,0.6407451643317337,0.7293373419459179
05,127,,1240,2226,0.5570530098831986,0.41764065065864775,0.6964653691077495
05,129,,835,1574,0.5304955527318933,0.4062339475927179,0.6547571578710687
05,131,,19343,33173,0.5830946854369518,0.5442929568770402,0.6218964139968634
05,133,,1424,3799,0.3748354830218479,0.30467553788432483,0.44499542815937093
05,135,,1806,3570,0.5058823529411764,0.42292909112986604,0.5888356147524869
05,137,,1275,2430,0.5246913580246914,0.4076130164392453,0.6417696996101374
05,139,,4891,9015,0.5425402107598447,0.4754751058812485,0.6096053156384409
05,141,,1178,3108,0.379021879021879,0.29439793032473516,0.46364582771902285
05,143,,46106,72513,0.6358308165432405,,
05,145,,9743,18855,0.5167329620790241,0.46165954819801897,0.5718063759600291
05,147,,559,1219,0.4585726004922067,0.3364549806238421,0.5806902203605713
05,149,,2170,4886,0.44412607449856734,0.35685097838027946,0.5314011706168552
06,000,,7677774,11264452,0.6815932102156412,0.6791511972017388,0.6840352232295437
06,001,,410729,518262,0.7925122814329432,,
06,003,,272,396,0.6868686868686869,0.539444863653031,0.8342925100843427
06,005,,5947,10028,0.5930394894295972,0.5259038585918919,0.6601751202673024
06,007,,37066,52107,0.7113439653021667,0.6805352109038825,0.7421527197004509
06,009,,5594,9314,0.6006012454369766,0.52374865655335745,0.6774538343205957
06,011,,3136,5660,0.5540636042402827,0.46068395350951397,0.6474432549710514
06,013,,220896,307000,0.7195309446254071,,
06,015,,4205,7595,0.5536537195523371,0.48548802917241213,0.621819409932262
06,017,,31994,43497,0.7355449801135711,0.700041194922986,0.7710487653041561
06,019,,169904,288430,0.5890649377665291,0.5751273782926014,0.6030024972404568
06,021,,3280,7080,0.4632768361581921,0.39184721545043705,0.5347064568659471
06,023,,24500,35400,0.692090395480226,0.6530743531846175,0.7311064377758345
06,025,,27798,49149,0.5655862784593786,0.5302472193655847,0.6009253375531725
06,027,,2918,4314,0.6764024107556792,0.5901106690564091,0.7626941524549493
06,029,,134528,261195,0.5150481441068934,0.5007055638845673,0.5293907243292194
06,031,,24523,48539,0.505222604503595,0.4751368604965225,0.5353083485106676
06,033,,8326,15414,0.5401582976514857,0.48605330803616775,0.5942632872668037
06,035,,4213,10230,0.4118279569892473,0.3700738610311373,0.45358205294735726
06,037,,1979304,2932337,0.6749919944399296,,
06,039,,21272,43141,0.4930808279826615,0.4592352690263687,0.5269263869389543
06,041,,39785,52266,0.7612023112539701,0.7289903185391386,0.7934143039688015
06,043,,2845,3724,0.7639634801288937,0.6314051062184075,0.8965218540393799
06,045,,11439,20745,0.5514099783080261,0.5032536621483696,0.5995662944676825
06,047,,38443,79664,0.48256426993372165,0.45838714720421314,0.5067413926632302
06,049,,980,1805,0.5429362880886427,0.41374060970122617,0.6721319664760592
06,051,,3197,4141,0.7720357401593818,0.643743693703025,0.9003277866157386
06,053,,60406,117404,0.5145139858948587,0.4956455934779061,0.5333823783118113
06,055,,22988,33879,0.6785324242155908,0.6416542814899168,0.7154105669412648
06,057,,16208,22431,0.7225714413089028,0.6722283794871725,0.7729145031306331
06,059,,642438,866476,0.7414377316855862,,
06,061,,81651,103373,0.7898677604403471,0.7658079621081946,0.8139275587724997
06,063,,2538,4101,0.6188734455010972,0.4986537156130069,0.7390931753891876
06,065,,395375,676887,0.5841078348380158,,
06,067,,323691,471745,0.6861567160224273,,
06,069,,11147,18862,0.5909765666419255,0.5446051126566535,0.6373480206271976
06,071,,362544,634664,0.5712376942760263,,
06,073,,744821,993598,0.7496200676732441,,
06,075,,271703,306841,0.8854846646960478,0.8712095127096143,0.8997598166824813
06,077,,122335,222137,0.5507187006216884,0.5344077312980101,0.5670296699453666
06,079,,45938,63909,0.7188032984399694,0.6879354546389451,0.7496711422409936
06,081,,172328,214469,0.8035100643915903,0.7875753932074195,0.8194447355757611
06,083,,71684,110259,0.6501419385265602,0.6296057691780075,0.670678107875113
06,085,,478729,583210,0.8208518372455891,,
06,087,,46716,63190,0.7392941921190062,0.711401803618122,0.7671865806198903
06,089,,30128,45738,0.6587082950719314,0.6246046520219597,0.6928119381219031
06,091,,163,338,0.4822485207100592,0.12736610317168418,0.8371309382484342
06,093,,5718,9279,0.616230197219528,0.5515963691851673,0.6808640252538887
06,095,,79630,125418,0.6349168380934156,0.614553376788667,0.6552802993981642
06,097,,82970,124063,0.6687731233325004,0.648216876501678,0.6893293701633227
06,099,,84008,152786,0.5498409540141113,,
06,101,,15590,25984,0.5999846059113301,0.55673989992313,0.6432293118995301
06,103,,8875,15606,0.5686915288991413,0.5089055181711779,0.6284775396271047
06,105,,2041,3198,0.6382113821138211,0.46975331773583,0.8066694464918123
06,107,,67392,130553,0.5162041469747919,0.49584663818876,0.5365616557608237
06,109,,8475,12807,0.6617474818458655,0.5966816757524577,0.7268132879392734
06,111,,144734,218858,0.6613146423708524,0.6457217576719906,0.6769075270697141
06,113,,42366,56333,0.7520636216782348,0.7221409675332234,0.7819862758232462
06,115,,15350,24623,0.6234008853510945,0.5764638670254498,0.6703379036767392
08,000,,1332592,1778049,0.7494686591876827,0.7437694395813408,0.7551678787940246
08,001,,104137,168690,0.6173276424210089,0.5985835900962725,0.6360716947457453
08,003,,3061,4642,0.6594140456699699,0.5621913062307442,0.7566367851091955
08,005,,149811,202409,0.7401400135369475,0.7238818551710706,0.7563981719028243
08,007,,1828,3154,0.579581483830057,0.48851222931866645,0.6706507383414476
08,009,,590,843,0.6998813760379596,0.5824390548251397,0.8173236972507796
08,011,,679,1897,0.35793357933579334,0.2572075697521815,0.45865958891940517
08,013,,73213,86201,0.8493288940963561,0.823440270318813,0.8752175178738993
08,014,,20393,23278,0.8760632356731678,0.8330033112451912,0.9191231601011444
08,015,,3720,5527,0.6730595259634522,0.5718499610957006,0.7742690908312038
08,017,,361,471,0.7664543524416136,0.6910843517177221,0.8418243531655052
08,019,,1800,2359,0.7630351844001696,0.6430539412911039,0.8830164275092353
08,021,,1180,1817,0.6494221243808476,0.5454119424434958,0.7534323063181994
08,023,,498,773,0.6442432082794308,0.5035969406179128,0.7848894759409488
08,025,,534,1975,0.270379746835443,0.20430840218320745,0.3364510914876786
08,027,,465,757,0.6142668428005285,0.47815503765340894,0.750378647947648
08,029,,3343,6464,0.5171720297029703,0.4470524250738632,0.5872916343320773
08,031,,237916,291091,0.8173251663569124,0.8014565083439127,0.8331938243699122
08,033,,366,521,0.7024952015355086,0.5065789757050901,0.898411427365927
08,035,,90189,102427,0.8805197848223613,0.8546954925697848,0.9063440770749377
08,037,,12173,17222,0.7068284752061317,0.6342190681891221,0.7794378822231413
08,039,,4511,6243,0.7225692775909018,0.6415367360166451,0.8036018191651586
08,041,,169391,223731,0.7571190402760458,0.7393374348218048,0.7749006457302868
08,043,,6081,14102,0.4312154304353992,0.3811282696100234,0.48130259126077507
08,045,,11395,17355,0.6565831172572746,0.6019176426083936,0.7112485919061555
08,047,,1071,1415,0.7568904593639576,0.6192782732285314,0.8945026454993839
08,049,,3028,4351,0.6959319696621467,0.5788362173803441,0.8130277219439492
08,051,,3992,4759,0.8388316873292708,0.7537158312311436,0.923947543427398
08,053,,204,233,0.8755364806866953,0.6016539314995097,1
08,055,,618,1021,0.6052889324191969,0.4209089962474259,0.7896688685909679
08,057,,173,275,0.6290909090909091,0.4024159004061745,0.8557659177756438
08,059,,142108,176991,0.8029108824742501,0.7854878582171074,0.8203339067313928
08,061,,246,296,0.831081081081081,0.6788382984491832,0.9833238637129789
08,063,,1165,1759,0.6623081296191018,0.5549672047368381,0.7696490545013654
08,065,,1600,2491,0.6423123243677238,0.5575855701936413,0.7270390785418063
08,067,,10936,14538,0.752235520704361,0.693592927525881,0.8108781138828409
08,069,,83796,101888,0.8224324748743719,0.7970567353968374,0.8478082143519063
08,071,,1780,3284,0.5420219244823387,0.46718801222265804,0.6168558367420193
08,073,,678,1795,0.37771587743732593,0.2880086851556719,0.46742306971897996
08,075,,3269,6159,0.5307679818152298,0.4611779944666376,0.6003579691638219
08,077,,27591,40864,0.6751908770555991,0.6371987657564586,0.7131829883547396
08,079,,127,165,0.7696969696969697,0.5239311980626535,1
08,081,,1843,3591,0.5132275132275133,0.4161379648888844,0.6103170615661421
08,083,,3623,6151,0.5890099170866526,0.5024576656388643,0.675562168534441
08,085,,5454,9537,0.5718779490405788,0.5053506522978722,0.6384052457832853
08,087,,5038,8141,0.6188428939933669,0.5355773028165401,0.7021084851701936
08,089,,2988,4337,0.6889554991929906,0.591097790678247,0.7868132077077342
08,091,,845,1037,0.8148505303760849,0.7148467344241523,0.9148543263280176
08,093,,3530,4379,0.8061201187485727,0.6788249709628229,0.9334152665343225
08,095,,845,1276,0.6622257053291536,0.5589692627377534,0.7654821479205538
08,097,,4028,4953,0.8132444982838684,0.7153442871968378,0.9111447093708989
08,099,,1682,2642,0.6366389099167298,0.5206237565186064,0.7526540633148532
08,101,,26520,43795,0.6055485786048636,0.5720264341008869,0.6390707231088402
08,103,,1215,1796,0.6765033407572383,0.5469407279378501,0.8060659535766265
08,105,,1974,2911,0.6781174854002061,0.5559139918730381,0.8003209789273741
08,107,,5564,7135,0.7798177995795375,0.6915436405499945,0.8680919586090804
08,109,,920,1645,0.5592705167173252,0.4176547956850108,0.7008862377496397
08,111,,281,331,0.8489425981873112,0.6311342117716932,1
08,113,,2035,2375,0.8568421052631578,0.7441658560106253,0.9695183545156904
08,115,,409,547,0.7477148080438757,0.6220542326781014,0.8733753834096499
08,117,,7768,10964,0.7085005472455308,0.619074545152889,0.7979265493381726
08,119,,3551,5296,0.6705060422960725,0.5783829020611155,0.7626291825310294
08,121,,845,1194,0.7077051926298158,0.6011382063250224,0.8142721789346092
08,123,,70035,105431,0.6642733161973233,0.6416326364228486,0.686913995971798
08,125,,1582,2352,0.6726190476190477,0.5623467926002554,0.7828913026378399
09,000,,648825,915808,0.7084727366434886,0.7003330258609464,0.7166124474260309
09,001,U,,,,,
09,003,U,,,,,
09,005,U,,,,,
09,007,U,,,,,
09,009,U,,,,,
09,011,U,,,,,
09,013,U,,,,,
09,015,U,,,,,
09,110,A,184050,254429,0.7233845198464012,0.7088001431256555,0.7379688965671468
09,120,A,53296,80152,0.6649366204211997,0.63796999156904,0.6919032492733594
09,130,A,32031,41880,0.7648280802292263,0.7247885769928016,0.804867583465651
09,140,A,77682,117248,0.6625443504366813,0.6379102987940486,0.6871784020793139
09,150,A,15164,24659,0.6149478892088082,0.5729916565870875,0.6569041218305288
09,160,A,17750,26121,0.6795298801730408,0.6382811310393449,0.7207786293067368
09,170,A,101741,146156,0.6961123730808177,0.6757289436012115,0.716495802560424
09,180,A,48371,70677,0.684395206361334,,
09,190,A,118740,154486,0.7686133371308727,0.7496881515269485,0.7875385227347969
10,000,,166698,253284,0.6581465864405174,0.6416990512682662,0.6745941216127685
10,001,,29924,47519,0.6297270565458027,0.5926989984509597,0.6667551146406457
10,003,,109192,156761,0.6965508002628205,0.6750119049042462,0.7180896956213947
10,005,,27582,49004,0.5628520120806465,0.532957672439213,0.59274635172208
11,000,,223355,263946,0.8462147560485856,0.8308121193384862,0.8616173927586851
11,001,,223355,263946,0.8462147560485856,0.8308121193384862,0.8616173927586851
12,000,,3709791,5678457,0.6533096931085328,0.6494411508444355,0.6571782353726301
12,001,,59152,74965,0.7890615620622957,0.7555641589049169,0.8225589652196745
12,003,,3467,7526,0.4606696784480468,0.3524578806653342,0.5688814762307595
12,005,,31795,48975,0.6492087799897908,0.610667939451763,0.6877496205278185
12,007,,3161,7876,0.40134586084306756,0.3381496491759346,0.4645420725102005
12,009,,101774,145320,0.7003440682631434,0.6771597981055059,0.723528338420781
12,011,,360342,528524,0.6817892848763727,0.6690412547940807,0.6945373149586647
12,013,,1217,3591,0.3389028125870231,0.2590157605925127,0.4187898645815335
12,015,,18492,31701,0.5833254471467777,0.5402969869055994,0.626353907387956
12,017,,13919,28265,0.49244648859012913,0.45072709634938957,0.5341658808308687
12,019,,38792,58574,0.6622733636084269,0.6229728347855635,0.7015738924312903
12,021,,42683,74894,0.5699121424947259,0.538855150762537,0.6009691342269148
12,023,,8909,17776,0.5011813681368137,0.44515202043737023,0.5572107158362571
12,027,,3375,9196,0.36700739451935627,0.29951563048352514,0.4344991585551874
12,029,,1334,4033,0.33077113811058767,0.255302793540314,0.40623948268086135
12,031,,203692,302561,0.6732262254553627,0.6550533211008231,0.6913991298099023
12,033,,56620,86197,0.6568674083784819,0.6283833484932817,0.6853514682636821
12,035,,14917,23894,0.6242989871934377,0.5730453557226168,0.6755526186642585
12,037,,1002,2933,0.3416297306512104,0.24489580359368973,0.43836365770873104
12,039,,4341,10453,0.41528747727925,0.3586614370854397,0.47191351747306026
12,041,,2110,4409,0.4785665683828533,0.39086963252247126,0.5662635042432353
12,043,,1399,3413,0.40990331087020215,0.2976769984651733,0.5221296232752309
12,045,,1604,4010,0.4,0.3331699239766618,0.46683007602333826
12,047,,1059,3706,0.2857528332433891,0.20098267409672776,0.3705229923900505
12,049,,2422,6540,0.37033639143730884,0.30615012940647984,0.43452265346813784
12,051,,4319,11313,0.3817731812958543,0.3082021233777261,0.4553442392139825
12,053,,28797,46116,0.6244470465781942,0.5867401387949677,0.6621539543614207
12,055,,10599,19953,0.5311983160427003,0.4813966348213005,0.5809999972641001
12,057,,304011,445619,0.6822218083160727,0.6688276499108132,0.6956159667213322
12,059,,1632,4818,0.33872976338729766,0.26871815313449976,0.40874137364009555
12,061,,19513,30495,0.6398753894080997,0.5928879115708163,0.6868628672453831
12,063,,5453,12922,0.4219934994582882,0.3746216809966221,0.4693653179199543
12,065,,1734,3366,0.5151515151515151,0.4109364127955684,0.6193666175074619
12,067,,778,2367,0.32868610054921843,0.22248685150032893,0.43488534959810793
12,069,,57530,93959,0.6122883385306357,0.5805624594554798,0.6440142176057916
12,071,,99893,175607,0.5688440665804894,0.5494887215906665,0.5881994115703122
12,073,,57205,75119,0.7615250469255448,0.7325683704859033,0.7904817233651863
12,075,,4210,10111,0.41637820195826325,0.35392884265460234,0.47882756126192416
12,077,,753,2477,0.3039967702866371,0.23119450743548597,0.3767990331377882
12,079,,2073,4551,0.45550428477257743,0.37464085729314384,0.536367712252011
12,081,,56894,90991,0.6252706311613236,0.5967677620782202,0.653773500244427
12,083,,47399,86854,0.545731917931241,0.5167137396069097,0.5747500962555723
12,085,,19750,30704,0.6432386659718603,0.5966851088445826,0.689792223099138
12,086,,483063,752383,0.6420440121587011,0.6321415463270135,0.6519464779903887
12,087,,12228,19532,0.6260495596969077,0.5732701081996847,0.6788290111941306
12,089,,14964,22497,0.6651553540472063,0.6046193625348001,0.7256913455596125
12,091,,44408,62483,0.7107213161980058,0.678358010480915,0.7430846219150966
12,093,,5192,10524,0.49334853667806916,0.43048448092439473,0.5562125924317436
12,095,,322992,455259,0.7094686760723017,0.6939604913257302,0.7249768608188731
12,097,,82268,125166,0.657271143920873,0.6276804808231167,0.6868618070186294
12,099,,236317,359265,0.6577790767260936,0.6435543356324278,0.6720038178197594
12,101,,96540,149603,0.6453079149482297,0.6222926240839222,0.6683232058125372
12,103,,163467,228859,0.7142694847045561,0.6974171385405238,0.7311218308685884
12,105,,118828,208030,0.571206076046724,0.5528765114478603,0.5895356406455877
12,107,,6554,16325,0.4014701378254211,0.35085190061438154,0.4520883750364607
12,109,,55054,70196,0.7842897031169868,0.7458954097738072,0.8226839964601663
12,111,,51047,83618,0.6104786050850295,0.5792781222522503,0.6416790879178087
12,113,,37405,54531,0.6859401074618107,0.6478481148788273,0.724032100044794
12,115,,53190,78293,0.6793710804286462,0.6486251765051007,0.7101169843521918
12,117,,107008,139371,0.7677924388861385,0.7427171691127438,0.7928677086595332
12,119,,7321,16720,0.43785885167464117,0.3892224345001176,0.4864952688491647
12,121,,5066,10878,0.4657106085677514,0.404355206851695,0.5270660102838078
12,123,,1707,5352,0.3189461883408072,0.2462534490552313,0.3916389276263831
12,125,,1607,4535,0.35435501653803747,0.28869345315107775,0.4200165799249972
12,127,,84121,131830,0.6381021011909277,0.6129369769287603,0.6632672254530951
12,129,,4926,9687,0.5085165685970889,0.4292607150495569,0.587772422144621
12,131,,11433,20022,0.5710218759364699,0.5159244220818611,0.6261193297910788
12,133,,2964,6824,0.4343493552168816,0.36819506784040784,0.5005036425933553
13,000,,1962139,2975575,0.6594150710366904,0.6543049819922155,0.6645251600811652
13,001,,2071,4626,0.44768698659749245,0.36291767078609755,0.5324563024088874
13,003,,796,2352,0.33843537414965985,0.25829746947285126,0.41857327882646844
13,005,,1345,2459,0.5469703131354209,0.44220047615499825,0.6517401501158435
13,007,,391,570,0.6859649122807018,0.49331551097137116,0.8786143135900324
13,009,,5601,10036,0.5580908728577122,0.4861397132106666,0.6300420325047578
13,011,,2770,4863,0.5696072383302488,0.48512776531386786,0.6540867113466298
13,013,,14921,26145,0.5707018550392045,0.5298828613057547,0.6115208487726542
13,015,,17747,30544,0.5810306443163961,0.5380684301862353,0.6239928584465568
13,017,,1673,4237,0.3948548501298088,0.3047697086646354,0.48493999159498224
13,019,,2355,4613,0.5105137654454802,0.42893697139092746,0.592090559500033
13,021,,23895,40919,0.5839585522617855,0.54325890859945,0.624658195924121
13,023,,1621,2898,0.5593512767425811,0.45200458556548834,0.666697967919674
13,025,,2458,4778,0.5144411887819171,0.39371415864922765,0.6351682189146066
13,027,,1687,3668,0.4599236641221374,0.3635723408433399,0.556274987400935
13,029,,10899,14311,0.7615819998602473,0.681374362995913,0.8417896367245816
13,031,,13691,20139,0.6798252147574358,0.617998268794146,0.7416521607207257
13,033,,2905,5269,0.551338014803568,0.4473638827760728,0.6553121468310632
13,035,,3179,7278,0.4367958230283045,0.36826640228141916,0.5053252437751898
13,037,,703,1931,0.3640600725012947,0.266164793970618,0.4619553510319714
13,039,,10711,16161,0.6627683930449848,0.6035645323786984,0.7219722537112712
13,043,,1337,2344,0.5703924914675768,0.4549131470718155,0.685871835863338
13,045,,18908,32379,0.5839587386886562,0.5397811750107113,0.6281363023666011
13,047,,10777,17136,0.6289098972922502,0.5708854853357321,0.6869343092487683
13,049,,1499,3246,0.46179913739987677,0.3718998620495294,0.5516984127502241
13,051,,59723,86757,0.6883940200790715,0.6584226763714394,0.7183653637867036
13,053,,2241,3064,0.731396866840731,0.6414275836847381,0.821366149996724
13,055,,2858,6399,0.44663228629473356,0.3833053136222727,0.5099592589671944
13,057,,52999,72235,0.7337024987886759,0.6992330911994118,0.76817190637794
13,059,,26123,35092,0.7444146814088681,,
13,061,,344,536,0.6417910447761194,0.4358628738312063,0.8477192157210325
13,063,,48267,86027,0.5610680367791507,0.5275261697578421,0.5946099038004594
13,065,,521,1916,0.2719206680584551,0.15635645536898446,0.38748488074792575
13,067,,172351,223010,0.7728397829693736,0.7539075159842773,0.7917720499544699
13,069,,5552,12161,0.45654140284516076,0.3978810070366351,0.5152017986536864
13,071,,4901,11724,0.41803138860457184,0.3627603085840353,0.4733024686251084
13,073,,34559,45515,0.7592881467648028,0.7125308414701494,0.8060454520594562
13,075,,2583,4222,0.6117953576504026,0.5119416849020824,0.7116490303987228
13,077,,28173,39826,0.7074021995681213,0.6615889486796274,0.7532154504566153
13,079,,1529,2481,0.6162837565497783,0.46393833977684995,0.7686291733227066
13,081,,2366,4774,0.49560117302052786,0.4045486289193416,0.5866537171217141
13,083,,1988,3866,0.5142265907915158,0.4207467256416277,0.6077064559414038
13,085,,5063,7419,0.6824369861167273,0.5957486241428374,0.7691253480906173
13,087,,3770,7192,0.5241935483870968,0.43916432694864094,0.6092227698255526
13,089,,174318,235867,0.7390520929167709,0.7209729730631074,0.7571312127704344
13,091,,2603,5125,0.5079024390243903,0.4260713020941131,0.5897335759546675
13,093,,1471,2832,0.5194209039548022,0.41552153847718065,0.6233202694324238
13,095,,11970,20713,0.5778979384927341,0.5250509687848356,0.6307449082006326
13,097,,25688,38745,0.663001677635824,0.6151246679851635,0.7108786872864844
13,099,,930,2301,0.4041720990873533,0.3055948484063248,0.5027493497683818
13,101,,396,1019,0.3886162904808636,0.2716248032178184,0.5056077777439089
13,103,,12512,19690,0.635449466734383,0.5794081818536045,0.6914907516151614
13,105,,2686,4764,0.5638119227539883,0.4685869092544672,0.6590369362535093
13,107,,2901,6164,0.4706359506813757,0.39033099852143965,0.5509409028413117
13,109,,1121,2632,0.4259118541033435,0.3393733237431228,0.5124503844635642
13,111,,2344,4534,0.5169827966475519,0.4099947553795239,0.6239708379155798
13,113,,20174,25821,0.7813020409744007,0.7294854118140746,0.8331186701347268
13,115,,14250,25149,0.5666229273529763,0.5218220214680088,0.6114238332379437
13,117,,57733,68827,0.8388132564255307,0.8066726227142602,0.8709538901368012
13,119,,3290,5545,0.5933273219116321,0.5195229414891622,0.6671317023341019
13,121,,278033,342522,0.8117230426074822,0.7952753908685388,0.8281706943464255
13,123,,3490,6379,0.5471076971312118,0.4691054253659588,0.6251099688964648
13,125,,329,722,0.4556786703601108,0.3152164915005508,0.5961408492196707
13,127,,10520,19988,0.5263157894736842,0.47184027882085594,0.5807913001265124
13,129,,8046,15369,0.5235213741948077,0.46525768056961947,0.581785067819996
13,131,,3195,6251,0.5111182210846265,0.4262012552645992,0.5960351869046537
13,133,,1841,3682,0.5,0.40617403622079795,0.593825963779202
13,135,,175434,267290,0.6563432975419956,0.6387825986388942,0.673903996445097
13,137,,5736,11660,0.49193825042881645,0.43773996949064303,0.5461365313669898
13,139,,26862,54124,0.4963047816125933,0.46810846609126083,0.5245010971339258
13,141,,617,2012,0.3066600397614314,0.1827885493700792,0.4305315301527836
13,143,,4593,8345,0.5503894547633313,0.46496119016792625,0.6358177193587364
13,145,,5627,7974,0.7056684223727113,0.6201026137093899,0.7912342310360327
13,147,,3699,6397,0.578239799906206,0.49993380953738165,0.6565457902750303
13,149,,1301,2751,0.47291893856779355,0.37086682106317004,0.574971056072417
13,151,,43401,64984,0.6678720915917764,0.6301129859287432,0.7056311972548096
13,153,,34518,48060,0.7182272159800249,0.6711094815241804,0.7653449504358695
13,155,,1259,2270,0.554625550660793,0.4339686030407648,0.6752824982808212
13,157,,14421,23408,0.6160714285714286,0.5710069599935182,0.661135897149339
13,159,,1613,3691,0.43700894066648605,0.35243311452101744,0.5215847668119546
13,161,,1472,3325,0.4427067669172932,0.3397590331970848,0.5456545006375016
13,163,,1691,3819,0.4427860696517413,0.3500094193902119,0.5355627199132706
13,165,,1155,2450,0.4714285714285714,0.3516656344809479,0.5911915083761949
13,167,,802,2556,0.3137715179968701,0.2335462438744219,0.39399679211931826
13,169,,4617,7467,0.6183206106870229,0.532286489645442,0.7043547317286039
13,171,,2727,4908,0.5556234718826406,0.4531651312482884,0.6580818125169928
13,173,,1508,2845,0.5300527240773286,0.406686359321917,0.6534190888327402
13,175,,6728,12241,0.5496282983416387,0.4821119876925643,0.6171446089907131
13,177,,6012,9008,0.6674067495559503,0.5762358668235437,0.7585776322883568
13,179,,13611,21231,0.6410908577080684,0.5849720859390056,0.6972096294771312
13,181,,705,1530,0.46078431372549017,0.3159249668257973,0.605643660625183
13,183,,2669,5552,0.48072766570605185,0.3978979486615683,0.5635573827505354
13,185,,20061,31865,0.6295622155970501,0.5844953360156763,0.6746290951784238
13,187,,4268,7189,0.5936847962164418,0.5117214731563213,0.6756481192765622
13,189,,2237,5403,0.41402924301314087,0.3413516478865369,0.48670683813974486
13,191,,1180,2556,0.4616588419405321,0.3627829951148176,0.5605346887662466
13,193,,999,3484,0.2867393800229621,0.20536168809284602,0.3681170719530782
13,195,,4028,7878,0.5112972835745113,0.4378254110858091,0.5847691560632136
13,197,,875,1839,0.4758020663404024,0.3407867804435795,0.6108173522372253
13,199,,2116,4988,0.4242181234963913,0.34807166250858407,0.5003645844841986
13,201,,780,1335,0.5842696629213483,0.4545855772413656,0.713953748601331
13,205,,2497,5072,0.49231072555205047,0.4003021479517507,0.5843193031523503
13,207,,4241,6872,0.6171420256111758,0.5227043885348444,0.7115796626875073
13,209,,1006,1947,0.5166923472008218,0.42244242796229625,0.6109422664393473
13,211,,2872,4900,0.5861224489795919,0.5000261686950167,0.672218729264167
13,213,,5430,10172,0.5338183248132128,0.4498601296751963,0.6177765199512293
13,215,,38283,59112,0.6476349979699554,0.6122861812184324,0.6829838147214784
13,217,,19422,30846,0.6296440381248785,0.5775548396037624,0.6817332366459945
13,219,,8069,9518,0.8477621349022904,0.7773238386096085,0.9182004311949722
13,221,,2027,3692,0.5490249187432286,0.4603384424431033,0.6377113950433538
13,223,,32916,50074,0.6573471262531454,0.6170073869465608,0.69768686555973
13,225,,3837,6635,0.5782969103240392,0.4965177402373636,0.6600760804107147
13,227,,4779,7960,0.6003768844221106,0.5188565821138593,0.6818971867303618
13,229,,2798,4832,0.5790562913907285,0.48575364406033095,0.672358938721126
13,231,,2957,4953,0.5970119119725419,0.5115475973736121,0.6824762265714717
13,233,,5434,11724,0.4634936881610372,0.39556988546078675,0.5314174908612876
13,235,,1315,2649,0.4964137410343526,0.40147674640681436,0.5913507356618909
13,237,,2952,4675,0.6314438502673797,0.5212181293622573,0.7416695711725021
13,239,,105,171,0.6140350877192983,0.15098952662256748,1
13,241,,1877,3696,0.5078463203463204,0.4137483613603089,0.6019442793323319
13,243,,869,1502,0.5785619174434088,0.3821898783606236,0.7749339565261939
13,245,,35248,58478,0.6027565922227163,0.5658135095851962,0.6396996748602364
13,247,,15270,23020,0.6633362293657689,0.6024129887485223,0.7242594699830154
13,249,,677,1060,0.6386792452830189,0.49037061731368103,0.7869878732523568
13,251,,1830,3748,0.48826040554962646,0.3877790031789107,0.5887418079203423
13,253,,982,2149,0.45695672405770127,0.34869714130478124,0.5652163068106213
13,255,,7653,17561,0.43579522806218324,0.3826208383575208,0.48896961776684567
13,257,,2891,6203,0.46606480735128164,0.3927343951282853,0.5393952195742779
13,259,,563,1837,0.30647795318454,0.1948142796306871,0.41814162673839295
13,261,,3200,6536,0.48959608323133413,0.4064314636521321,0.5727607028105361
13,263,,500,1063,0.4703668861712135,0.33898668388224906,0.601747088460178
13,265,,151,357,0.42296918767507,0.23055428966804017,0.6153840856820999
13,267,,2788,6916,0.4031231925968768,0.3387285145268449,0.4675178706669087
13,269,,791,1832,0.4317685589519651,0.3160121468758828,0.5475249710280474
13,271,,1117,3451,0.3236742973051289,0.2554215681440726,0.39192702646618527
13,273,,958,2088,0.45881226053639845,0.36889864741788453,0.5487258736549124
13,275,,7265,11091,0.6550356144621765,0.5846030558868063,0.7254681730375467
13,277,,6404,11065,0.5787618617261636,0.5095144337338897,0.6480092897184375
13,279,,3193,6566,0.4862930246725556,0.4131689642325038,0.5594170851126073
13,281,,1027,1869,0.5494917067950775,0.41320212437243964,0.6857812892177154
13,283,,538,1448,0.3715469613259669,0.2606360696865093,0.4824578529654244
13,285,,9864,18436,0.5350401388587546,0.4766241795790864,0.5934560981384227
13,287,,974,2080,0.46826923076923077,0.3399110873315406,0.596627374206921
13,289,,966,1813,0.5328185328185329,0.41718802722271014,0.6484490384143555
13,291,,2065,4554,0.45344751866490995,0.35796077401146,0.5489342633183599
13,293,,3388,6725,0.5037918215613383,0.4220971489527899,0.5854864941698867
13,295,,9713,17411,0.5578657170754121,0.5002046770678003,0.615526757083024
13,297,,15453,25631,0.6029027349693731,0.551131859917257,0.6546736100214892
13,299,,4196,9489,0.4421962272104542,0.3730715568275699,0.5113208975933385
13,301,,596,1218,0.48932676518883417,0.36649087731882907,0.6121626530588393
13,303,,2301,5193,0.44309647602541885,0.366419756289478,0.5197731957613597
13,305,,3933,8117,0.4845386226438339,0.40847208164547777,0.56060516364219
13,307,,306,711,0.43037974683544306,0.21824494699502825,0.6425145466758578
13,309,,585,2058,0.28425655976676384,0.18788465138603233,0.38062846814749535
13,311,,3839,5865,0.6545609548167093,0.5658238805090012,0.7432980291244173
13,313,,12645,27166,0.4654715453139954,0.42076571704376686,0.510177373584224
13,315,,1064,2524,0.4215530903328051,0.3525925560155434,0.49051362465006676
13,317,,1054,2251,0.46823633940470905,0.34959118670388395,0.5868814921055341
13,319,,1083,2031,0.5332348596750369,0.4277860912753837,0.6386836280746901
13,321,,2368,4768,0.49664429530201343,0.41906151614707154,0.5742270744569553
15,000,,267396,384462,0.6955069681789098,0.6844936020496668,0.7065203343081528
15,001,,29863,48918,0.610470583425324,0.575957989286936,0.644983177563712
15,003,,199526,275993,0.7229386252549883,,
15,005,,17,40,0.425,0,1
15,007,,11606,18260,0.6355969331872946,0.582288304581893,0.6889055617926962
15,009,,26384,41251,0.639596615839616,0.603424038853626,0.675769192825606
16,000,,336662,504807,0.6669123050987803,0.6566171817236832,0.6772074284738774
16,001,,111861,146974,0.7610937989032074,0.7395664305829326,0.7826211672234822
16,003,,490,878,0.5580865603644647,0.41371655356281634,0.702456567166113
16,005,,16977,25155,0.6748956469886702,0.6324279193332814,0.7173633746440591
16,007,,848,1415,0.5992932862190813,0.48953395415086554,0.709052618287297
16,009,,1099,2083,0.527604416706673,0.42267623631908185,0.6325325970942642
16,011,,7208,12378,0.5823234771368557,0.52844059099559,0.6362063632781214
16,013,,3805,5537,0.6871952320751309,0.5971890289982751,0.7772014351519867
16,015,,1146,1616,0.7091584158415841,0.5832613965084035,0.8350554351747648
16,017,,6662,10825,0.6154272517321017,0.5514865893489385,0.6793679141152649
16,019,,24564,35797,0.6862027544207615,0.6473380210642261,0.7250674877772969
16,021,,1470,2893,0.5081230556515728,0.4077423075129503,0.6085038037901953
16,023,,418,698,0.5988538681948424,0.4468704391848058,0.7508372972048791
16,025,,211,374,0.5641711229946524,0.39403936106198134,0.7343028849273235
16,027,,40297,68611,0.5873256474909271,0.5600644213718237,0.6145868736100305
16,029,,949,1711,0.554646405610754,0.45326254301277763,0.6560302682087302
16,031,,3919,6167,0.6354791632884709,0.5628234176083952,0.7081349089685466
16,033,,107,191,0.5602094240837696,0.34864782918072973,0.7717710189868094
16,035,,947,1901,0.49815886375591795,0.4092138629121107,0.5871038645997252
16,037,,380,548,0.6934306569343066,0.5095769475349271,0.8772843663336861
16,039,,5190,8511,0.6097990835389496,0.5454557191794691,0.6741424478984301
16,041,,2015,3611,0.5580171697590696,0.4648743184526478,0.6511600210654913
16,043,,1871,3489,0.5362568071080539,0.4576802996869587,0.6148333145291491
16,045,,2269,4666,0.48628375482211744,0.394121573246795,0.5784459363974399
16,047,,1713,3705,0.46234817813765183,0.38841042883979793,0.5362859274355057
16,049,,1739,3326,0.5228502705953096,0.42737834800974517,0.6183221931808741
16,051,,5798,8488,0.6830819981149858,0.6041751042659037,0.7619888919640679
16,053,,3049,6575,0.4637262357414449,0.3993249094480564,0.5281275620348335
16,055,,32001,46665,0.6857602057216329,0.6477908420110214,0.7237295694322443
16,057,,8125,10332,0.7863917924893534,0.7238766319361958,0.8489069530425111
16,059,,798,1430,0.558041958041958,0.4227720651429032,0.6933118509410128
16,061,,396,719,0.5507649513212796,0.472402071252059,0.6291278313905001
16,063,,783,1438,0.5445062586926287,0.4708846990820861,0.6181278183031713
16,065,,8888,10551,0.8423846080940195,0.7793023706149863,0.9054668455730527
16,067,,2969,5713,0.519691930684404,0.43728576137785086,0.6020980999909571
16,069,,6134,10181,0.6024948433356252,0.5415766381880043,0.6634130484832461
16,071,,663,1063,0.6237064910630291,0.4805885560657705,0.7668244260602877
16,073,,1176,2959,0.39743156471781005,0.3323828304376853,0.4624802989979348
16,075,,3329,6642,0.5012044564890094,0.42176105725772894,0.5806478557202898
16,077,,1117,2024,0.5518774703557312,0.4463898242279819,0.6573651164834805
16,079,,1509,3132,0.4818007662835249,0.40345439837910557,0.5601471341879443
16,081,,2593,3667,0.7071175347695664,0.6133688354828877,0.8008662340562451
16,083,,15537,24831,0.6257097982360759,0.5760590595594024,0.6753605369127493
16,085,,2414,3076,0.7847854356306893,0.6077468622529872,0.9618240090083913
16,087,,1228,2261,0.5431225121627599,0.44168354485503647,0.6445614794704833
17,000,,2446185,3414259,0.7164614635269322,0.7123426196281349,0.7205803074257294
17,001,,10088,15505,0.6506288294098678,0.602830055895844,0.6984276029238915
17,003,,372,945,0.39365079365079364,0.295323921032126,0.49197766626946127
17,005,,2474,4110,0.6019464720194647,0.5109330230318772,0.6929599210070523
17,007,,7749,12478,0.6210129828498157,0.5520387015685252,0.6899872641311061
17,009,,875,2064,0.42393410852713176,0.33802082144057594,0.5098473956136875
17,011,,4328,7353,0.5886032911736706,0.5416051650298057,0.6356014173175355
17,013,,477,760,0.6276315789473684,0.48189297747176907,0.7733701804229678
17,015,,1923,3749,0.5129367831421713,0.44782601277508627,0.5780475535092563
17,017,,1585,3274,0.48411728772144164,0.4141703444510051,0.5540642309918782
17,019,,40802,52374,0.7790506739985489,0.7438301768290164,0.8142711711680813
17,021,,4502,8399,0.5360161924038576,0.48073658206919073,0.5912958027385243
17,023,,2221,3542,0.627046866177301,0.5376988559500091,0.7163948764045929
17,025,,1706,3009,0.5669657693585909,0.454583077849313,0.6793484608678688
17,027,,6608,9515,0.6944823962165002,0.6360127215112782,0.7529520709217222
17,029,,7205,11081,0.650212074722498,0.5900165844565408,0.7104075649884551
17,031,,1150461,1545135,0.7445698919511887,0.7380992809649913,0.7510405029373861
17,033,,2973,4757,0.6249737229346226,0.5480385726096086,0.7019088732596366
17,035,,1639,2382,0.6880772460117548,0.5922728606580296,0.78388163136548
17,037,,17870,25402,0.7034879143374537,0.6594561550165272,0.7475196736583802
17,039,,2090,3587,0.5826596041260106,0.4994393797233714,0.6658798285286498
17,041,,2895,4988,0.5803929430633521,0.5058455374091985,0.6549403487175057
17,043,,193887,242436,0.7997450873632629,0.7852313082462986,0.8142588664802272
17,045,,1890,3680,0.5135869565217391,0.4302558843791929,0.5969180286642853
17,047,,861,1296,0.6643518518518519,0.5615293183844471,0.7671743853192566
17,049,,6286,8719,0.7209542378713155,0.6601330758794611,0.7817753998631699
17,051,,2325,5349,0.4346606842400449,0.37454416620772135,0.49477720227236843
17,053,,1937,3178,0.6095028319697923,0.521048156568835,0.6979575073707496
17,055,,5076,8611,0.5894785739170828,0.5369494535112481,0.6420076943229175
17,057,,4416,8103,0.5449833395038874,0.48827188203824684,0.6016947969695281
17,059,,573,1000,0.573,0.45048840541896945,0.6955115945810304
17,061,,1469,2601,0.5647827758554402,0.47817518483197935,0.6513903668789011
17,063,,9314,13786,0.6756129406644422,0.6146253718621166,0.7366005094667678
17,065,,1229,1794,0.68506131549609806,0.5564991307798299,0.8136235002123662
17,067,,2585,3620,0.7140883977900553,0.6327795077194541,0.7953972878606564
17,069,,469,800,0.58625,0.4299822745848568,0.7425177254151433
17,071,,736,1224,0.6013071895424836,0.48525842636872735,0.7173559527162399
17,073,,7434,11381,0.6531939196907126,0.6021777990830047,0.7042100402984205
17,075,,3265,5723,0.5705049799056439,0.5194734592250172,0.6215365005862705
17,077,,8714,12277,0.7097825201596482,0.6582620376339174,0.7613030026853789
17,079,,1414,2004,0.7055888223552894,0.5681674725333059,0.8430101721772729
17,081,,5315,9078,0.5854813835646618,0.5391050475848543,0.6318577195444693
17,083,,3020,4769,0.63325644789264,0.5319920701750244,0.7345208256102557
17,085,,2962,4162,0.7116770783277271,0.6272902877861947,0.7960638688692595
17,087,,1548,3485,0.4441893830703013,0.37358927637023753,0.5147894897703651
17,089,,88242,130600,0.675666156202144,0.6540460729118907,0.6972862394923973
17,091,,15711,26235,0.5988564894225271,0.558757639595348,0.6389553392497063
17,093,,30164,38987,0.7736937953676867,,
17,095,,6801,11113,0.6119859623863944,0.5621369321689986,0.6618349926037901
17,097,,125867,173329,0.7261739235788587,0.7086418967788013,0.7437059503789161
17,099,,16309,26676,0.6113735192682561,0.5782958845992117,0.6444511539373006
17,101,,2147,4324,0.4965309898242368,0.4079216979556726,0.5851402816928011
17,103,,5194,8847,0.5870916694924834,0.5275021065818121,0.6466812324031547
17,105,,4653,8962,0.5191921446105779,0.4689212354532671,0.5694630537678889
17,107,,4315,7374,0.5851640900461079,0.5257588967371893,0.6445692833550265
17,109,,3996,5868,0.6809815950920245,0.6060090437438636,0.7559541464401854
17,111,,55880,77458,0.7214232229078985,0.6957353198842946,0.7471111259315024
17,113,,34086,43096,0.7909318730276592,0.7574368020358015,0.8244269440195169
17,115,,13927,23941,0.5817217325926235,0.5421687500599537,0.6212747151252933
17,117,,6031,10172,0.5929020841525757,0.5380850493352669,0.6477191189698845
17,119,,49740,67845,0.7331417200972805,0.703699164311226,0.762584275883335
17,121,,4953,8819,0.5616283025286314,0.5116402461534183,0.6116163589038445
17,123,,1390,2589,0.5368868288914639,0.47024026684532966,0.6035333909375981
17,125,,1648,2792,0.5902578796561605,0.5083199375899101,0.6721958217224109
17,127,,1755,3112,0.5639460154241646,0.4604153356277156,0.6674766952206136
17,129,,2009,2826,0.7108987968860581,0.6090722572039224,0.8127253365681937
17,131,,2220,3476,0.6386651323360184,0.5627519017671287,0.7145783629049081
17,133,,6784,8454,0.8024603737875562,0.730077283503964,0.8748434640711484
17,135,,3817,7065,0.5402689313517339,0.48259403940014667,0.5979438233033212
17,137,,3869,7787,0.49685373057660204,0.43525282238708535,0.5584546387661187
17,139,,1744,3395,0.5136966126656848,0.42427604732163515,0.6031171780097344
17,141,,7877,12100,0.65099173553719,0.6005908436210912,0.7013926274532889
17,143,,33127,46196,0.7170967183305914,0.6832719498801543,0.7509214867810285
17,145,,2864,5510,0.5197822141560798,0.4509778850061536,0.588586543306006
17,147,,2864,4010,0.714214463840399,0.6173163943104364,0.8111125333703616
17,149,,1866,3379,0.5522343888724475,0.4722336930570848,0.6322350846878101
17,151,,396,592,0.668918918918919,0.525206178761982,0.812631659075856
17,153,,352,997,0.3530591775325978,0.2512200320956855,0.4548983229695101
17,155,,811,1233,0.6577453365774534,0.5578389684819551,0.7576517046729516
17,157,,3648,7302,0.49958915365653245,0.4508009487979235,0.5483773585151414
17,159,,2121,3662,0.579191698525396,0.4898400747859541,0.6685433222648379
17,161,,22119,34679,0.6378211597796938,0.6023816045574418,0.6732607150019457
17,163,,46322,66079,0.701009397841977,,
17,165,,3860,5587,0.6908895650617505,0.6120457721825698,0.7697333579409311
17,167,,34922,48758,0.7162311825751672,0.6833757006578508,0.7490866644924835
17,169,,863,1537,0.5614834092387768,0.4386734829222072,0.6842933355553464
17,171,,615,1028,0.5982490272373541,0.46886010217195995,0.7276379523027482
17,173,,2936,4594,0.6390944710491946,0.5635271535111256,0.7146617885872636
17,175,,784,1181,0.663844199830652,0.5621862957061816,0.7655021039551224
17,177,,5886,9201,0.6397130746657972,0.5749596035588675,0.7044665457727268
17,179,,23061,32733,0.7045183759508753,0.6684640334664034,0.7405727184353472
17,181,,1796,3828,0.46917450365726227,0.395310049137216,0.5430389581773085
17,183,,8442,17291,0.4882308715516743,0.4448432328754577,0.5316185102278909
17,185,,1666,2419,0.6887143447705664,0.5711747726873092,0.8062539168538235
17,187,,2121,3443,0.6160325297705489,0.5260709015698454,0.7059941579712524
17,189,,2255,3119,0.7229881372234691,0.6402932306495939,0.8056830437973443
17,191,,2235,3665,0.6098226466575716,0.5383215588136986,0.6813237345014446
17,193,,1952,3115,0.626645264847512,0.5339253909925674,0.7193651387024567
17,195,,7564,12284,0.6157603386519049,0.5613099607861021,0.6702107165177078
17,197,,127431,179902,0.7083356494091227,0.69085367978505,0.7258176190331955
17,199,,12819,17704,0.7240736556710348,0.6731910721912358,0.7749562391508338
17,201,,43134,69748,0.6184263348052991,0.5930531180797921,0.643799551530806
17,203,,6656,8756,0.760164458656921,0.6918137226035005,0.8285151947103414
18,000,,1118511,1769971,0.6319374724218645,0.6261978440591843,0.6376771007845446
18,001,,3902,7921,0.4926145688675672,0.4306890637336609,0.5545400740014735
18,003,,69248,105584,0.6558569480224277,0.6345548475935537,0.6771590484513016
18,005,,14431,22951,0.6287743453444294,0.5841654751857936,0.6733832155030652
18,007,,1222,2119,0.5766871165644172,0.49348532774543813,0.6598889053833963
18,009,,1482,2599,0.5702193151212005,0.4599101534533774,0.6805284767890236
18,011,,15468,19514,0.7926616787947115,0.7388030302349218,0.8465203273545012
18,013,,2042,3157,0.6468165980361102,0.5325742990796679,0.7610588969925526
18,015,,2628,4745,0.5538461538461539,0.47676126378078965,0.6309310439115181
18,017,,3898,8720,0.4470183486238532,0.39294275316078836,0.501093944086918
18,019,,22291,34594,0.6443602936925479,0.6044537161284773,0.6842668712566184
18,021,,3899,6540,0.596177370030581,0.5191863329509129,0.6731684071102492
18,023,,3648,7948,0.45898339204831407,0.4029966923827621,0.514970091713866
18,025,,926,2209,0.419194205522861,0.32234344890406397,0.5160449621416581
18,027,,3918,8329,0.47040461039740666,0.416792517248074,0.5240167035467393
18,029,,7393,11879,0.6223587844094621,0.5545565576322237,0.6901610111867006
18,031,,3908,6472,0.603831891223733,0.5177500662574479,0.6899137161900182
18,033,,6064,10939,0.554346832434409,0.4974053264039717,0.6112883384648462
18,035,,15693,25138,0.6242740074787175,0.5835927543427923,0.6649552606146427
18,037,,6753,10291,0.6562044504907201,0.5861767320393967,0.7262321689420435
18,039,,23163,51395,0.4506858643836949,0.4223573561566691,0.4790143726107207
18,041,,2804,5213,0.5378860540955304,0.4516074874402226,0.6241646207508381
18,043,,14276,20864,0.6842407975460123,0.6369786952276707,0.7315028998643539
18,045,,2407,4001,0.601599600099975,0.5188692431484713,0.6843299570514788
18,047,,3044,5179,0.5877582544892836,0.49897367666444226,0.676542832314125
18,049,,2113,4743,0.4454986295593506,0.3613292578766162,0.529668001242085
18,051,,4729,8114,0.5828198175992112,0.5270389598106819,0.6386006753877405
18,053,,8470,14642,0.5784728862177299,0.5248524489594978,0.6320933234759619
18,055,,4346,7266,0.5981282686484999,0.5280578469664412,0.6681986903305586
18,057,,85663,98439,0.8702140411828645,0.8414550978006385,0.8989729845650904
18,059,,16592,21968,0.7552804078659869,0.7023885293044984,0.8081722864274755
18,061,,5900,9660,0.6107660455486542,0.5441723732442177,0.6773597178530907
18,063,,36075,49812,0.7242230787761985,0.6881404688770519,0.7603056886753451
18,065,,6541,12266,0.5332626773194196,0.4851716728912679,0.5813536817475713
18,067,,12186,20062,0.60741700727744,0.55832125769494,0.6565127568599399
18,069,,5207,8922,0.58361353956512,0.5271335086454866,0.6400935704847533
18,071,,6490,11997,0.5409685754772027,0.48008324418593185,0.6018539067684735
18,073,,4994,8014,0.6231594709258798,0.5513725699312281,0.6949463719205314
18,075,,2103,4541,0.46311385157454305,0.38806458673511723,0.5381631164139689
18,077,,4189,8081,0.5183764385595843,0.4483455652783581,0.5884073118408104
18,079,,3208,6826,0.46996777029006737,0.3925823266008586,0.5473532139792762
18,081,,31561,45819,0.6888190488661908,0.6501149978972655,0.7275230998351162
18,083,,4740,8669,0.5467758680355289,0.4827267441149321,0.6108249919561257
18,085,,11320,19885,0.5692733215991954,0.5255332695201943,0.6130133736781965
18,087,,2494,9077,0.2747603833865815,0.2286910211365934,0.3208297456365696
18,089,,77181,126155,0.6117950140699933,0.5909648534728552,0.6326251746671313
18,091,,14975,28805,0.5198750216976219,0.48277609025805124,0.5569739531371926
18,093,,5917,10537,0.5615450317927304,0.5041351708642939,0.6189548927211669
18,095,,17923,33965,0.5276902693949654,0.4968213262781234,0.5585592125118074
18,097,,189745,293250,0.6470417732310315,0.632110058740927,0.6619734877211361
18,099,,5665,10626,0.5331262939958592,0.47807577056317924,0.5881768174285391
18,101,,1238,2229,0.5554060116644235,0.43851805333570765,0.6722939699931394
18,103,,4292,9154,0.4688660694778239,0.41805987338603834,0.5196722655696094
18,105,,28129,35115,0.8010536807632066,0.7618838095016705,0.8402235520247427
18,107,,4846,8971,0.540185040686657,0.47617836960091287,0.604191711772401
18,109,,9957,17226,0.5780215952629746,0.5308196182309746,0.6252235722949746
18,111,,1505,3276,0.4594017094017094,0.36698568767717316,0.5518177311262457
18,113,,5164,11565,0.4465196714223952,0.39348415436398576,0.4995551884808046
18,115,,923,1321,0.6987130961392884,0.5493245822419393,0.8481016100366376
18,117,,2447,4502,0.5435362061306086,0.4649506344901495,0.6221217777710677
18,119,,2693,4906,0.5489196901752955,0.47053461398660157,0.6273047663639895
18,121,,1480,3964,0.37336024217961655,0.31051250504057526,0.43620797931865785
18,123,,2836,5065,0.5599210266535044,0.4896880783155132,0.6301539749914956
18,125,,1368,2713,0.5042388499815702,0.41377362487248115,0.5947040750906593
18,127,,30665,44837,0.683921761045565,0.6475502501878186,0.7202932719033114
18,129,,4066,5924,0.6863605671843349,0.6015834559466601,0.7711376784220098
18,131,,1327,2844,0.46659634317862164,0.3835620103909732,0.5496306759662701
18,133,,5435,9608,0.5656744379683597,0.4978833052271579,0.6334655707095614
18,135,,2987,5699,0.5241270398315494,0.4586456661008433,0.5896084135622556
18,137,,3859,6693,0.5765725384730315,0.5071123253360319,0.646032751610031
18,139,,2279,3979,0.572756974114099,0.48539196919701727,0.66012197903118075
18,141,,46020,69965,0.6577574501536483,0.6299066865874701,0.6856082137198265
18,143,,2735,5928,0.4613697705802969,0.37972857539091853,0.5430109657696752
18,145,,6645,11152,0.5958572453371592,0.5362052666441324,0.6555092240301861
18,147,,3202,4557,0.7026552556506473,0.6251628222946854,0.7801476890066092
18,149,,2734,5386,0.5076123282584478,0.4358187295278815,0.5794059269890142
18,151,,4181,7208,0.5800499445061044,0.5161569624080017,0.643942926604207
18,153,,2964,5617,0.5276838169841552,0.4545719263164356,0.6007957076518748
18,155,,823,2303,0.3573599652627008,0.26664319478503345,0.44807673574036816
18,157,,32836,47058,0.6977772111011943,0.6643609037421428,0.7311935184602457
18,159,,2014,3491,0.5769120595817817,0.4897865086005577,0.6640376105630057
18,161,,889,1618,0.5494437577255872,0.4259426133602867,0.6729449020908876
18,163,,31194,47616,0.6551159274193549,0.6209323491942149,0.6892995056444948
18,165,,1713,3646,0.46982995063082833,0.3878572778971998,0.5518026233644568
18,167,,16266,26296,0.6185731670216003,0.5751069781794382,0.6620393558637623
18,169,,3979,7010,0.5676176890156919,0.4943573079571847,0.6408780700741991
18,171,,1313,1981,0.662796567390207,0.5484172629319578,0.7771758718484562
18,173,,11775,16168,0.7282904502721425,0.6724878862905797,0.7840930142537053
18,175,,3708,6851,0.5412348562253686,0.47112702725471567,0.6113426851960215
18,177,,9116,15377,0.5928334525590168,0.5463809098156739,0.6392859953023596
18,179,,3818,6807,0.5608931981783458,0.490902448940744,0.6308839474159477
18,181,,3012,5393,0.5585017615427406,0.49738194517388473,0.6196215779115963
18,183,,5243,8510,0.6160987074030553,0.5513478287859974,0.6808495860201131
19,000,,564802,805535,0.7011514086911184,0.6935887029312974,0.7087141144509393
19,001,,1026,1680,0.6107142857142858,0.5198392017540227,0.7015893696745489
19,003,,578,761,0.759526938239159,0.6407019246374739,0.878351951840844
19,005,,1888,3003,0.6287046287046287,0.5377943506794602,0.7196149067297972
19,007,,1443,2613,0.5522388059701493,0.4592649451377625,0.6452126668025361
19,009,,838,1180,0.7101694915254237,0.5805791498787284,0.8397598331721191
19,011,,4220,5847,0.7217376432358474,0.6539059407946861,0.7895693456770088
19,013,,22468,32361,0.694292512592318,0.6595081687725812,0.7290768564120547
19,015,,4730,6764,0.6992903607332939,0.6270213267591003,0.7715593947074875
19,017,,4660,5921,0.7870292180374937,0.7198170708091866,0.8542413652658009
19,019,,3261,4846,0.6729261246388775,0.6049827638286372,0.7408694854491177
19,021,,2586,5021,0.5150368452499502,0.45716593857855176,0.5729077519213486
19,023,,2298,3201,0.717900656044986,0.6441157521489638,0.7916855599410082
19,025,,1593,2358,0.6755725190839694,0.6018403521533012,0.7493046860146376
19,027,,3189,4621,0.6901103657217053,0.6047448818587413,0.7754758495846692
19,029,,1778,2886,0.6160776160776161,0.5213990527052752,0.7107561794499571
19,031,,2771,4319,0.6415836999305394,0.5681724167517911,0.7149949831092878
19,033,,6023,9727,0.619204276755423,0.560783310763938,0.677625242746908
19,035,,1774,2659,0.6671681083113953,0.5643075308986341,0.7700286857241565
19,037,,1548,2529,0.6120996441281139,0.5224687137674036,0.7017305744888243
19,039,,1057,2110,0.5009478672985782,0.40135659734747375,0.6005391372496827
19,041,,2401,3724,0.6447368421052632,0.544830457613815,0.7446432265967113
19,043,,2056,3506,0.5864232743867656,0.5188147989801545,0.6540317497933766
19,045,,6915,10539,0.6561343580984913,0.5898320918026875,0.7224366243942951
19,047,,2039,3605,0.5656033287101249,0.48901090165251504,0.6421957557677347
19,049,,27818,32959,0.8440183257987196,0.8004348989343939,0.8876017526630453
19,051,,1125,1999,0.5627813906953477,0.4635340806693228,0.6620287007213727
19,053,,879,1506,0.5836653386454184,0.49324616576128194,0.6740845115295548
19,055,,2610,3753,0.6954436450839329,0.6034106258552204,0.7874766643126453
19,057,,6224,9198,0.6766688410524027,0.6209660603601997,0.7323716217446056
19,059,,2626,3740,0.7021390374331551,0.6095248309894726,0.7947532438768375
19,061,,17586,24327,0.7229004809470958,0.6857250359853296,0.760075925908862
19,063,,1298,2066,0.6282671829622459,0.5269091807965748,0.7296251851279171
19,065,,2381,4050,0.5879012345679012,0.5190008850196728,0.6568015841161297
19,067,,2066,3262,0.6333537706928265,0.5351934481995644,0.7315140931860886
19,069,,1219,1994,0.6113340020060181,0.5188457293515599,0.7038222746604762
19,071,,778,1306,0.5957120980091883,0.5009523633639464,0.6904718326544302
19,073,,1258,1886,0.6670201484623541,0.559580539046439,0.7744597578782693
19,075,,2201,2917,0.7545423380185121,0.6810146208097405,0.8280700552272837
19,077,,1633,2235,0.7306487695749441,0.6472071342680387,0.8140904048818495
19,079,,2570,3465,0.7417027417027418,0.6520420956163592,0.8313633877891243
19,081,,1641,2338,0.7018819503849444,0.5958313470584858,0.8079325537114029
19,083,,2520,3835,0.6571056062581486,0.584427634316037,0.7297835782002603
19,085,,2298,3298,0.6967859308671922,0.6220906471439381,0.7714812145904463
19,087,,2802,4699,0.5962970844860609,0.522519769507694,0.6700743994644278
19,089,,1382,2130,0.6488262910798122,0.551813017463042,0.7458395646965823
19,091,,1552,2216,0.7003610108303249,0.6096795475639243,0.7910424740967255
19,093,,1067,1519,0.7024358130348913,0.604242513943554,0.8006291121262287
19,095,,2673,3839,0.6962750716332379,0.6083870142705929,0.7841631289958828
19,097,,2457,4167,0.5896328293736501,0.5229724674375937,0.6562931913097065
19,099,,5336,9570,0.5575757575757576,0.505231492440338,0.6099200227111772
19,101,,3451,4116,0.8384353741496599,0.7310382285035117,0.945832519795808
19,103,,36295,42680,0.850398313027179,0.8097107276327493,0.8910858984216088
19,105,,2911,5136,0.5667834890965732,0.49620469236496895,0.6373622858281773
19,107,,1327,2223,0.5969410706252811,0.5231461149641763,0.670736026286386
19,109,,2113,3179,0.6646744259201006,0.5766112843213261,0.7527375675188751
19,111,,5152,7821,0.658739291650684,0.5944907704233113,0.7229878128780567
19,113,,45372,61255,0.740706881070933,0.710244592788512,0.7711691693533539
19,115,,1524,2507,0.6078978859194256,0.5318373924363041,0.6839583794025471
19,117,,1053,1945,0.5413881748071979,0.446448458519138,0.6363278910952578
19,119,,1842,2769,0.6652221018418202,0.5871004437079792,0.7433437599756612
19,121,,2836,3927,0.7221797810033104,0.6265190766166054,0.8178404853900153
19,123,,3182,5172,0.6152358855375096,0.5452413854838847,0.6852303855911346
19,125,,5336,7603,0.7018282257003814,0.6336441244087911,0.7700123269919716
19,127,,5297,9550,0.5546596858638744,0.49566330055512187,0.6136560711726269
19,129,,2698,3434,0.7856726849155504,0.6892351738572738,0.882110195973827
19,131,,1727,2360,0.7317796610169491,0.639869385790294,0.8236899362436043
19,133,,1102,1876,0.5874200426439232,0.48873024882557436,0.6861098364622721
19,135,,1204,1683,0.7153891859774213,0.561391309541047,0.8693870624137956
19,137,,1440,2246,0.641139804096171,0.5236716988905662,0.7586079093017758
19,139,,6401,10276,0.622907746204749,0.560397027149911,0.6854184652595869
19,141,,2253,3485,0.6464849354375897,0.5727727051950028,0.7201971656801766
19,143,,778,1334,0.5832083958020989,0.4711051395007223,0.6953116521034756
19,145,,1905,3705,0.5141700404858299,0.44212940240085347,0.5862106785708063
19,147,,1381,1992,0.6932730923694779,0.6037341705706798,0.782812014168276
19,149,,3963,5937,0.6675088428499242,0.6021304341688701,0.7328872515309782
19,151,,919,1407,0.6531627576403696,0.5625649521585446,0.7437605631221945
19,153,,106817,148218,0.7206749517602451,0.6993232473923698,0.7420266561281204
19,155,,14113,23176,0.6089489126682776,0.5706217492911994,0.6472760760453558
19,157,,2141,3791,0.5647586388815616,0.48207844750004636,0.6474388302630769
19,159,,663,936,0.7083333333333334,0.5915887840316785,0.8250778826349883
19,161,,1412,1962,0.7196738022426096,0.6347396241192129,0.8046079803660062
19,163,,34496,45618,0.7561927309395414,0.7230731741155672,0.7893122877635157
19,165,,1747,2381,0.7337253254934901,0.6375826708768824,0.8298679801100979
19,167,,5880,7932,0.7413010590015129,0.6796365466004893,0.8029655714025364
19,169,,19465,22978,0.8471146313865436,0.8013607081391209,0.8928685546339664
19,171,,2154,3706,0.5812196438208311,0.5183611000956988,0.6440781875459635
19,173,,778,1260,0.6174603174603175,0.5241347174978553,0.7107859174227796
19,175,,1812,2792,0.6489971346704871,0.5493957472728412,0.748598522068133
19,177,,652,1471,0.4432358939496941,0.3536444332806753,0.5328273546187129
19,179,,4356,8613,0.5057471264367817,0.4416227698630066,0.5698714830105567
19,181,,10457,13869,0.7539837046650804,0.6970708526482428,0.810896556681918
19,183,,3494,5337,0.6546749109986884,0.5881492334077879,0.7212005885895888
19,185,,788,1385,0.5689530685920577,0.48466990502572777,0.6532362321583877
19,187,,5466,8796,0.621418826739427,0.5635429194275027,0.6792947340513514
19,189,,1805,2430,0.742798353909465,0.6386491737453055,0.8469475340736246
19,191,,2852,3919,0.7277366675172238,0.6480181813194864,0.8074551537149611
19,193,,15835,26640,0.5944069069069069,0.5538991607080653,0.6349146531057485
19,195,,1128,1754,0.6431014823261118,0.5613205085549335,0.72488245609729
19,197,,1889,2898,0.6518288474810214,0.5648377950193992,0.7388198999426436
20,000,,533823,759423,0.7029323578558985,0.695053980618286,0.7108107350935109
20,001,,1717,2784,0.6167385057471264,0.5266829331110494,0.7067940783832034
20,003,,845,1629,0.5187231430325353,0.38353862514842274,0.6539076609166479
20,005,,1849,3222,0.5738671632526381,0.480152963496618,0.6675813630086582
20,007,,570,830,0.6867469879518072,0.5676042041696339,0.8058897717339806
20,009,,3868,6007,0.6439154319960047,0.573143664861639,0.7146871991303703
20,011,,2019,3148,0.6413595933926303,0.5381742301337559,0.7445449566515047
20,013,,1336,2110,0.633175355450237,0.5477339797184684,0.7186167311820055
20,015,,12745,17491,0.7286604539477446,0.6790025611839959,0.7783183467114932
20,017,,376,588,0.6394557823129252,0.5112768653266738,0.7676346992991766
20,019,,437,723,0.6044260027662517,0.4772847954631797,0.7315672100693237
20,021,,2425,4275,0.5672514619883041,0.483441531951398,0.6510613920252102
20,023,,488,669,0.7294469357249627,0.5871210797207095,0.8717727917292158
20,025,,341,433,0.7875288683602771,0.66648225630978,0.9085754804107743
20,027,,1270,1784,0.7118834080717489,0.5885896273073216,0.8351771888361762
20,029,,1357,1974,0.6874366767983789,0.5796749267907885,0.7951984268059694
20,031,,1223,1949,0.6275012827090816,0.539803500945598,0.7151990644725651
20,033,,244,328,0.7439024390243902,0.5976799283114121,0.8901249497373683
20,035,,4573,7987,0.5725554025291099,0.5094756064023294,0.6356351986558904
20,037,,5955,8723,0.682677977759945,0.6206176182084626,0.7447383373114274
20,039,,503,667,0.7541229385307346,0.579969549589802,0.9282763274716673
20,041,,2914,4405,0.6615209988649262,0.5664881542074667,0.7565538435223857
20,043,,1081,1609,0.6718458669981355,0.5648308040827352,0.7788609299135358
20,045,,25771,31908,0.8076657891437884,0.7625161906775204,0.8528153876100564
20,047,,319,632,0.504746835443038,0.4220108206299186,0.5874828502561573
20,049,,210,407,0.515970515970516,0.40515099186663145,0.6267900400744005
20,051,,5266,6955,0.7571531272465852,0.6801039472513195,0.834202307241851
20,053,,1143,1959,0.5834609494640123,0.48723211782900755,0.679689781099017
20,055,,5180,9860,0.5253549695740365,0.4682367908611262,0.5824731482869467
20,057,,3577,8669,0.4126196793171069,0.3541348311755623,0.4711045274586515
20,059,,3693,6314,0.5848907190370605,0.5122271260277605,0.6575543120463604
20,061,,9323,12400,0.7518548387096774,0.6853308641261912,0.8183788132931636
20,063,,421,655,0.6427480916030535,0.539240236556979,0.746255946649128
20,065,,313,492,0.6361788617886179,0.5128479213283547,0.7595098022488812
20,067,,977,1949,0.5012827090815803,0.3332339887377047,0.669331429425456
20,069,,796,1236,0.6440129449838188,0.5238516634662154,0.7641742265014222
20,071,,223,329,0.6778115501519757,0.530312197180379,0.8253109031235724
20,073,,729,1182,0.616751269035533,0.5132057639626121,0.7202967741084539
20,075,,293,607,0.4827018121911038,0.36552663352791603,0.5998769908542916
20,077,,684,1161,0.5891472868217055,0.4627544170330504,0.7155401566103605
20,079,,5650,8028,0.7037867463876433,0.6271197423425083,0.7804537504327782
20,081,,395,844,0.46800947867298576,0.3493577806989504,0.5866611766470211
20,083,,194,291,0.6666666666666666,0.5381703144310146,0.7951630189023187
20,085,,1741,2937,0.5927817500851209,0.5052679516628343,0.6802955485074075
20,087,,3014,4212,0.7155745489078822,0.636661628097339,0.7944874697184254
20,089,,430,597,0.7202680067001676,0.5625811222264907,0.8779548911738444
20,091,,147668,173411,0.8515492096810467,0.833799569351186,0.8692988500109075
20,093,,596,1049,0.5681601525262154,0.4663790363003627,0.6699412687520682
20,095,,1084,1665,0.6510510510510511,0.5364925673793374,0.7656095347227648
20,097,,354,520,0.6807692307692308,0.5745755959877191,0.7869628655507425
20,099,,2854,4552,0.6269771528998243,0.5468646456244909,0.7070896601751576
20,101,,181,204,0.8872549019607843,0.6691642769392796,1
20,103,,16222,22951,0.7068101607773082,0.658112475247155,0.7555078463074614
20,105,,522,659,0.7921092564491654,0.644343967400074,0.9398745454982568
20,107,,1376,1993,0.6904164576016056,0.5816904587827209,0.7991424564204904
20,109,,400,659,0.6069802731411229,0.4730540635157495,0.7409064827664963
20,111,,4950,7708,0.6421899325376232,0.582702729889647,0.7016771351855995
20,113,,5245,7112,0.7374859392575928,0.658012570550256,0.8169593079649295
20,115,,1534,2334,0.6572407883461868,0.5815253326761538,0.7329562440162198
20,117,,1224,2327,0.5259991405242802,0.43555137088756685,0.6164469101609935
20,119,,553,801,0.6903870162297129,0.576024330207538,0.8047497022518878
20,121,,5319,7905,0.672865275142315,0.601702900094896,0.7440276501897339
20,123,,910,1229,0.7404393816110659,0.5708931419048913,0.9099856213172406
20,125,,3988,6829,0.583980084931908,0.5234385658410183,0.6445216040227977
20,127,,781,1202,0.6497504159733777,0.5251764309384399,0.7743244010083155
20,129,,282,448,0.6294642857142857,0.4984996912192239,0.7604288802093475
20,131,,1761,2239,0.7865118356409111,0.6867983187164668,0.8862253525653554
20,133,,2359,3484,0.6770952927669346,0.5669105832798746,0.7872800022539945
20,135,,340,509,0.6679764243614931,0.5764331203114963,0.7595197284114898
20,137,,862,1587,0.5431632010081916,0.424207802706184,0.6621185993101992
20,139,,2170,3515,0.6173541963015647,0.5461854063324922,0.6885229862706372
20,141,,495,723,0.6846473029045643,0.56328934344878,0.8060052623603486
20,143,,855,1306,0.6546707503828484,0.5508766447359887,0.758464856029708
20,145,,768,1658,0.4632086851628468,0.3454134114561206,0.581003958869573
20,147,,733,970,0.7556701030927835,0.6144579836884438,0.8968822224971231
20,149,,5203,6670,0.7800599700149925,0.7021592166489677,0.8579607233810173
20,151,,1289,2089,0.6170416467209191,0.5109365326620221,0.7231467607798161
20,153,,506,557,0.9084380610412927,0.7565885029649035,1
20,155,,9019,14974,0.602310671831174,0.554528098521996,0.650093245140352
20,157,,684,924,0.7402597402597403,0.6123237545717852,0.8681957259476953
20,159,,1465,2081,0.7039884670831331,0.6037999979724479,0.8041769361938184
20,161,,15835,19384,0.8169108543128353,0.7595926481150419,0.8742290605106287
20,163,,825,1085,0.7603686635944701,0.6392606503894644,0.8814766767994757
20,165,,394,657,0.5996955859969558,0.4711002596448727,0.728290912349039
20,167,,979,1464,0.6687158469945356,0.5359361364834139,0.8014955575056573
20,169,,8747,13168,0.6642618469015796,0.6018195630582794,0.7267041307448798
20,171,,675,991,0.6811301715438951,0.49084870153400817,0.871411641553782
20,173,,95636,142473,0.6712570101001594,0.651563435559591,0.6909505846407278
20,175,,2770,5633,0.4917450736729984,0.397035721551791,0.5864544257942058
20,177,,28293,43934,0.6439887103382346,0.6114523949435383,0.6765250257329308
20,179,,363,511,0.7103718199608611,0.5825816262995869,0.8381620136221353
20,181,,786,1217,0.6458504519309778,0.5173923430394323,0.7743085608225233
20,183,,469,694,0.6757925072046109,0.5673875328415275,0.7841974815676943
20,185,,588,879,0.6689419795221843,0.5661616353306262,0.7717223237137423
20,187,,249,508,0.49015748031496065,0.3043105118883715,0.6760044487415497
20,189,,609,1253,0.4860335195530726,0.3637366382527377,0.6083304008534075
20,191,,3329,5058,0.6581652827204428,0.5794789793383098,0.7368515861025758
20,193,,1529,1821,0.8396485447556288,0.6875457350309568,0.9917513544803007
20,195,,429,618,0.6941747572815534,0.50440799581088,0.8839415187522268
20,197,,993,1496,0.6637700534759359,0.5672999072899902,0.7602401996618815
20,199,,207,271,0.7638376383763837,0.5652986164464754,0.9623766603062921
20,201,,827,1127,0.7338065661047027,0.6491561965524822,0.8184569356569232
20,203,,320,499,0.6412825651302605,0.47362743184161193,0.8089376984189091
20,205,,988,1816,0.5440528634361234,0.44229085026579623,0.6458148766064504
20,207,,378,665,0.5684210526315789,0.4578748489990526,0.6789672562641053
20,209,,24575,46398,0.5296564507090823,0.49972556613220703,0.5595873352859575
21,000,,735864,1166252,0.630964834358269,0.6243461295618447,0.6375835391546933
21,001,,2446,4230,0.5782505910165484,0.4928434977974669,0.6636576842356299
21,003,,2860,5199,0.5501057895749183,0.45817044159080744,0.6420411375590291
21,005,,3741,5850,0.6394871794871795,0.5403623433682282,0.7386120156061308
21,007,,993,1717,0.5783343040186372,0.4735637919676718,0.6831048160696026
21,009,,5746,11364,0.505631819781767,0.4528750458542824,0.5583885937092515
21,011,,1231,2933,0.41970678486191615,0.32665097062117654,0.5127625991026558
21,013,,3101,5796,0.535024154589372,0.44833891056734826,0.6217093986113957
21,015,,25767,36034,0.715074651717822,0.6728199483708145,0.7573293550648296
21,017,,2676,4471,0.5985238201744576,0.5165240957349889,0.6805235446139263
21,019,,7344,11808,0.6219512195121951,0.5568981282367427,0.6870043107876476
21,021,,4441,7484,0.593399251737039,0.5258487031560724,0.6609498003180057
21,023,,916,1996,0.4589178356713427,0.3652707988595975,0.5525648724830879
21,025,,1552,3313,0.4684575913069725,0.3773910131431677,0.5595241694707773
21,027,,2177,4537,0.479832488428477,0.4036038331124181,0.5560611437445359
21,029,,13326,21707,0.6139033491500437,0.567527397074756,0.6602793012253315
21,031,,1276,3074,0.41509433962264153,0.33916759374874383,0.4910210854965392
21,033,,1590,2792,0.5694842406876791,0.4501823381489333,0.6887861432264248
21,035,,5605,8733,0.641818390014886,0.5742888956222554,0.7093478844075167
21,037,,20612,26042,0.7914906689194379,0.7492721063616111,0.8337092314772646
21,039,,661,1041,0.6349663784822286,0.5074165603413372,0.76251619662312
21,041,,1504,2717,0.5535517114464483,0.43559709507461136,0.6715063278182853
21,043,,3138,5980,0.5247491638795987,0.4457113445158737,0.6037869832433237
21,045,,1522,3742,0.4067343666488509,0.3283769158659421,0.48509181743175966
21,047,,11533,19972,0.577458441818546,0.5285132898155113,0.6264035938215807
21,049,,5430,9568,0.5675167224080268,0.5011686935090991,0.6338647513069544
21,051,,2406,5811,0.41404233350542075,0.3398271245134862,0.4882575424973553
21,053,,1215,2198,0.5527752502274795,0.43260477034152417,0.672945730113435
21,055,,1054,2035,0.5179361179361179,0.40177224228146413,0.6340999935907717
21,057,,747,1299,0.5750577367205543,0.41869782176328074,0.7314176516778278
21,059,,16477,26027,0.6330733469089791,0.5866741863390944,0.6794725074788638
21,061,,1285,2954,0.4350033852403521,0.3416061254133715,0.5284006450673326
21,063,,722,1985,0.36372795969773297,0.25095014951005085,0.4765057698854151
21,065,,1507,3223,0.46757679180887374,0.3725710550803845,0.5625825285373629
21,067,,68655,91056,0.75398655772272,0.7270358015306689,0.7809373139147712
21,069,,2027,3565,0.5685834502103787,0.4527156640963504,0.6844512363244071
21,071,,4576,8509,0.5377835233282406,0.46119072630893226,0.614376320347549
21,073,,9417,13335,0.7061867266591676,0.6441931293209258,0.7681803239974094
21,075,,614,1570,0.3910828025477707,0.2992381776470194,0.4829274274485221
21,077,,1105,2190,0.5045662100456622,0.40485624620780813,0.6042761738835162
21,079,,2426,4174,0.5812170579779588,0.49264770625923887,0.6697864096966787
21,081,,3264,6308,0.517438173747622,0.4385959110352183,0.5962804364600258
21,083,,4837,8690,0.5566168009205984,0.48620018559898637,0.6270334162422104
21,085,,3125,6580,0.4749240121580547,0.4035984654616995,0.5462495588544098
21,087,,1373,2516,0.5457074721780604,0.43709514592711296,0.6543197984290078
21,089,,4925,8165,0.6031843233312921,0.5362694875585524,0.6700991591040318
21,091,,1264,2079,0.607984607984608,0.4936173813995267,0.7223518345696892
21,093,,20870,30224,0.6905108523028057,0.6473390671262576,0.7336826374793539
21,095,,3602,6184,0.5824708926261319,0.508693542905041,0.6562482423472229
21,097,,2546,4407,0.5777172679827547,0.4839328103676535,0.6715017255978559
21,099,,1850,4546,0.4069511658600968,0.3286398059365971,0.48526252578359647
21,101,,6317,10982,0.5752139865234019,0.513315997272232,0.6371119757745719
21,103,,1765,3692,0.47806067172264355,0.4002438266975688,0.5558775167477183
21,105,,441,1117,0.39480752014324083,0.2613443768637808,0.5282706634227008
21,107,,6053,11046,0.5479811696541734,0.4891982885353387,0.6067640507730081
21,109,,1201,3127,0.38407419251678926,0.2849846654093665,0.483163719624212
21,111,,150260,217624,0.6904569348968864,0.6740276323712011,0.7068862374225717
21,113,,9421,14058,0.6701522264902546,0.6073476554691873,0.7329567975113219
21,115,,3216,5304,0.6063348416289592,0.5047940328519744,0.707875650405944
21,117,,34752,48460,0.7171275278580272,0.6813240078392223,0.7529310478768322
21,119,,1794,2890,0.6207612456747404,0.49724180401750656,0.7442806873319743
21,121,,3175,7337,0.43273817636636225,0.3507878934546133,0.5146884592781112
21,123,,2244,3799,0.5906817583574625,0.4907387249949582,0.6906247917199668
21,125,,8848,16448,0.5379377431906615,0.48636729303734877,0.5895081933439742
21,127,,1577,3672,0.4294662309368192,0.3337917468762879,0.5251407149973505
21,129,,684,1987,0.3442375440362355,0.24926321555134856,0.4392118725211225
21,131,,1548,2640,0.5863636363636363,0.4520100798992699,0.7207171928280027
21,133,,2896,4824,0.6003316749585407,0.5076926498897171,0.6929707000273643
21,135,,1137,2987,0.38064948108470037,0.29345633809245253,0.4678426240769482
21,137,,2922,5785,0.5050993949870355,0.4254755057949393,0.5847232841791317
21,139,,1000,1804,0.5543237250554324,0.42802761421036994,0.6806198359004948
21,141,,3883,6867,0.5654579874763361,0.47859045838458636,0.6523255165680859
21,143,,895,2387,0.3749476330121491,0.2791664006844695,0.4707288653398287
21,145,,10979,16732,0.6561678221372221,0.6020923069147414,0.7102433373597029
21,147,,2006,4744,0.422849915682968,0.34676775651332076,0.4989320748526152
21,149,,1112,2051,0.5421745490004876,0.43244735688821045,0.6519017411127647
21,151,,16112,23955,0.6725944479231893,0.6291791667208828,0.7160097291254959
21,153,,1196,2642,0.45268735806207416,0.343140039382805,0.5622346767413433
21,155,,2349,4936,0.47589141004862234,0.3974473868499604,0.5543354332472843
21,157,,4658,7205,0.6464954892435808,0.5618993724015195,0.731091606085642
21,159,,1225,3291,0.3722272865390459,0.2953066127704712,0.4491479603076206
21,161,,2090,4014,0.5206776283009467,0.43314737459558894,0.6082078820063044
21,163,,5057,8415,0.6009506833036244,0.5307775856579593,0.6711237809492896
21,165,,455,1219,0.37325676784249384,0.24941119701530318,0.4971023386696845
21,167,,3324,5232,0.6353211009174312,0.5326392077483755,0.738002994086487
21,169,,1165,2390,0.4874476987447699,0.37325239266497867,0.6016430048245611
21,171,,1328,2623,0.5062905070529927,0.404517060468608,0.6080639536373774
21,173,,4059,7047,0.5759897828863346,0.499104964687144,0.6528746010855253
21,175,,1794,4020,0.4462686567164179,0.3689806042419655,0.5235567091908704
21,177,,4104,7436,0.5519096288327058,0.4814809125402018,0.6223383451252098
21,179,,7474,12070,0.6192212096106048,0.557618801318566,0.6808236179026436
21,181,,975,1782,0.5471380471380471,0.4190703043564806,0.6752057899196137
21,183,,3300,5769,0.5720228809152366,0.4972923966056364,0.6467533652248367
21,185,,12941,17048,0.7590919755983107,0.7102332166295948,0.8079507345670265
21,187,,1320,2569,0.5138186064616582,0.4048918789095916,0.6227453340137248
21,189,,279,814,0.34275184275184273,0.1959175167371425,0.48958616876654293
21,191,,1872,3415,0.5481698389458273,0.44350756802316593,0.6528321098684886
21,193,,3719,6810,0.5461086637298092,0.4627304409290834,0.6294868865305349
21,195,,8232,13464,0.6114081996434938,0.5524735208791404,0.6703428784078472
21,197,,1514,3261,0.4642747623428396,0.36369122717126456,0.5648582975144146
21,199,,9266,16041,0.577644785237828,0.5214599949959713,0.6338295754796848
21,201,,228,663,0.3438914027149321,0.17786548661354332,0.509917318816321
21,203,,1644,3770,0.4360742705570292,0.3527599516447945,0.5193885894692639
21,205,,3088,5530,0.5584086799276673,0.4641762461787896,0.652641113676545
21,207,,2064,3997,0.5163872904678509,0.4181898044622637,0.6145847764734381
21,209,,11773,16518,0.7127376195665335,0.6619346582842084,0.7635405808488586
21,211,,8140,12319,0.6607679194739833,0.5988228314206874,0.7227130075272792
21,213,,2849,5218,0.5459946339593714,0.45041718999073377,0.6415720779280091
21,215,,3300,4905,0.672782874617737,0.5711044774599651,0.7744612717755089
21,217,,3544,6394,0.55426962777604,0.4650051971433229,0.6435340584087572
21,219,,1582,3013,0.5250580816461998,0.43519009045657453,0.6149260728358251
21,221,,1887,2985,0.6321608040201006,0.5331913957167618,0.7311302123234393
21,223,,1122,2044,0.5489236790606654,0.41323322329453055,0.6846141348268002
21,225,,1625,3228,0.5034076827757125,0.408479958679008,0.5983354068724169
21,227,,24605,36862,0.6674895556399544,0.6250178716868731,0.7099612395930357
21,229,,1744,2915,0.5982847341337907,0.4928683735270643,0.7037010947405171
21,231,,2242,4809,0.4662091911000208,0.3760199129015269,0.5563984692985147
21,233,,1706,3078,0.5542560103963613,0.4635419845437844,0.6449700362489381
21,235,,4644,8820,0.5265306122448979,0.45499895827660136,0.5980622662131945
21,237,,570,1389,0.4103671706263499,0.24929660705682263,0.5714377341958772
21,239,,4496,6233,0.721321995828654,0.6556682254927985,0.7869757661645095
22,000,,736493,1225226,0.601107877240607,0.593738971102589,0.608476783378625
22,001,,5707,14304,0.39897930648769575,0.3473515029146324,0.4506071100607591
22,003,,2605,6619,0.39356398247469404,0.3277654598489327,0.4593625051004554
22,005,,24625,36934,0.6667298424216169,0.617650335655194,0.7158093491880398
22,007,,2314,4766,0.4855224506924045,0.39300579767397625,0.5780391037108328
22,009,,4689,10082,0.46508629240230115,0.40370379351626823,0.5264687912883341
22,011,,4504,9606,0.4688736206537581,0.4118132000521521,0.525934041255364
22,013,,1014,2732,0.3711566617862372,0.2774410409933473,0.46487228257912705
22,015,,24354,36972,0.6587147030185004,0.6137215686691437,0.7037078373678571
22,017,,34111,59049,0.5776727802333655,0.5414705555772581,0.613875004889473
22,019,,35535,55599,0.6391302001834566,0.5974953071001716,0.6807650932667415
22,021,,1084,2703,0.4010358860525342,0.293290421726601,0.5087813503784674
22,023,,885,1293,0.6844547563805105,0.4975848255302832,0.8713246872307376
22,025,,999,2330,0.42875536480686693,0.31871558992208704,0.5387951396916468
22,027,,945,3821,0.24731745616330802,0.17205475481958155,0.3225801575070345
22,029,,1796,4461,0.4026003138309796,0.3264852632343019,0.47871536442765733
22,031,,3637,6542,0.5559461938245185,0.47951284015909196,0.6323795474899451
22,033,,80349,117896,0.6815243943814888,0.6547109637939755,0.7083378249690021
22,035,,599,2098,0.28551000953288846,0.19660407240459754,0.3744159466611794
22,037,,2469,4934,0.5004053506282935,0.41696996575331735,0.5838407355032696
22,039,,3286,7902,0.4158440901037712,0.3514573173207004,0.480230862886842
22,041,,2015,4534,0.4444199382443758,0.3512707014092308,0.5375691750795208
22,043,,2882,6895,0.41798404641044234,0.3572515346077156,0.4787165582131691
22,045,,7783,16984,0.45825482807348095,0.400396432014052,0.5161132241329098
22,047,,4117,8395,0.4904109589041096,0.40712339952479293,0.5736985182834262
22,049,,1359,3604,0.3770810210876804,0.2940701487024385,0.46009189347292223
22,051,,74660,114541,0.6518189993102906,0.624968970526976,0.6786690280936053
22,053,,3657,7960,0.45942211055276383,0.3893103763352985,0.5295338447702291
22,055,,48445,72710,0.6662769907853116,0.6309702384167523,0.7015837431538708
22,057,,14321,25357,0.5647750128169736,0.5219129614821442,0.6076370641518031
22,059,,1593,4109,0.3876855682647846,0.2797535609867052,0.49561757554286406
22,061,,7197,10698,0.6727425687044307,0.5936327892001351,0.7518523482087264
22,063,,23758,42148,0.5636803644301035,0.521552101790518,0.605808627069689
22,065,,1065,2511,0.4241338112305854,0.33147842869607974,0.516789193765091
22,067,,2702,5714,0.4728736436821841,0.38930500516469624,0.556442282199672
22,069,,4092,7964,0.5138121546961326,0.45944989885982457,0.5681744105324407
22,071,,84363,112205,0.7518648901564101,0.7280790835835065,0.7756506967293137
22,073,,25856,41746,0.6193647295549274,0.5784124228195259,0.6603170362903289
22,075,,3721,6058,0.6142291185209641,0.5241519968417018,0.7043062402002264
22,077,,2339,4331,0.5400600323250981,0.44519566530916904,0.6349243993410273
22,079,,16645,32404,0.5136711517096655,0.47447275040764025,0.5528695530116907
22,081,,637,1560,0.4083333333333333,0.3064552956590406,0.510211371007626
22,083,,2398,4999,0.4796959391878376,0.39817018754890565,0.5612216908267695
22,085,,1587,4909,0.3232837645141577,0.27340738494999217,0.3731601440783232
22,087,,8319,12929,0.6434372341248357,0.5829587981744674,0.703915670075204
22,089,,8416,13144,0.6402921485088253,0.5720517587010874,0.7085325383165633
22,091,,1061,2666,0.39797449362340587,0.2810434945070721,0.5149054927397396
22,093,,3265,4883,0.6686463239811591,0.575342937839039,0.7619497101232792
22,095,,5108,10267,0.49751631440537647,0.41817665362976364,0.5768559751809893
22,097,,8562,19844,0.4314654303567829,0.38279981042478706,0.4801310502887788
22,099,,6368,12928,0.49257425742574257,0.436014928672016,0.5491335861794691
22,101,,4031,11233,0.3588533784385293,0.3054450349346846,0.41226172194237404
22,103,,47738,66773,0.7149296871489973,0.6811129881369186,0.748746386161076
22,105,,20869,37553,0.5557212473038106,0.5068748195069981,0.604567675100623
22,107,,188,764,0.24607329842931938,0.12592858057261905,0.3662180162860197
22,109,,14003,27742,0.5047581284694687,0.45673533130073973,0.5527809256381976
22,111,,1950,4493,0.4340084576007122,0.34980940074548283,0.5182075144559416
22,113,,6676,14087,0.47391211755519275,0.42182083932282577,0.5260033957875597
22,115,,8209,14093,0.5824877598807919,0.5380911725941141,0.6268843471674698
22,117,,4603,11113,0.41419958607036805,0.3502090065422621,0.478190165598474
22,119,,3616,8220,0.43990267639902675,0.3784932822645979,0.5013120705334556
22,121,,6310,8890,0.7097862767154106,0.6143905394880698,0.8051820139427515
22,123,,981,2231,0.43971313312415955,0.3418844564040077,0.5375418098443113
22,125,,2149,4489,0.4787257741145021,0.3958966470212791,0.5615549012077251
22,127,,1372,3905,0.35134443021766965,0.281118225318387,0.4215706351169523
23,000,,236865,336168,0.7046030556150497,0.6919538717213035,0.7172522395087958
23,001,,18350,27986,0.6556849853498178,0.6124313790331776,0.698938591666458
23,003,,8903,13893,0.6408263154106385,0.5916866889722545,0.6899659418490225
23,005,,68055,83339,0.8166044708959791,0.789781073344884,0.8434278684470742
23,007,,4007,6459,0.6203746710017031,0.5434839800735864,0.6972653619298197
23,009,,8712,12578,0.6926379392590237,0.6346267321399065,0.750649146378141
23,011,,19688,30169,0.6525904073718055,0.6115147815010638,0.6936660332425473
23,013,,5819,8868,0.6561795218764096,0.5917317399709344,0.7206273037818848
23,015,,4980,7437,0.6696248487293264,0.6007044363634103,0.7385452610952424
23,017,,7327,13403,0.5466686562709842,0.49785945793651315,0.5954778546054551
23,019,,26853,38574,0.6961424793902629,0.6581217005463663,0.7341632582341594
23,021,,2264,3665,0.6177353342428377,0.5304739690447358,0.7049966994409396
23,023,,6853,9082,0.7545694780885267,0.6765634209986392,0.8325755351784142
23,025,,6977,11611,0.6008957023512187,0.5452219611832043,0.6565694435192331
23,027,,5758,8903,0.6467482870942379,0.5878162527130475,0.7056803214754284
23,029,,3945,6414,0.6150608044901777,0.5646394652832495,0.665482143697106
23,031,,38374,53787,0.7134437689404503,0.6805431878692411,0.7463443500116594
24,000,,1181344,1660212,0.7115621378474556,0.705286539357406,0.7178377363375051
24,001,,8788,16598,0.5294613808892638,0.485570363800885,0.5733523979776426
24,003,,126658,167247,0.7573110429484535,0.7363027784013028,0.7783193074956043
24,005,,158460,221680,0.7148141465175027,0.6965938534634124,0.7330344395715931
24,009,,17252,23573,0.7318542400203623,0.6820790107249755,0.7816294693157491
24,011,,4210,8211,0.5127268298623797,0.4565170056663539,0.5689366540584055
24,013,,32105,42316,0.7586964741468948,0.72397823713225,0.7934147111615396
24,015,,16042,26052,0.6157684630738522,0.5732136321517952,0.6583232939959093
24,017,,32428,44676,0.7258483301996598,0.6844120936157948,0.7672845667835247
24,019,,3794,7386,0.5136745193609532,0.4473674030628064,0.5799816356591
24,021,,59365,77660,0.764421838784445,0.737289970137575,0.791553707431315
24,023,,3483,6360,0.5476415094339623,0.4797971013898916,0.6154859174780329
24,025,,49419,67898,0.7278417626439659,0.6992124564756382,0.7564710688122936
24,027,,75508,89032,0.8480995597088687,0.8218307949269926,0.8743683244907449
24,029,,2272,3700,0.614054054054054,0.5160717996095953,0.7120363084985127
24,031,,217106,276502,0.7851878105764154,0.7709911449966766,0.7993844761561542
24,033,,168008,263785,0.6369126371855868,0.6206577450510723,0.6531675293201012
24,035,,7898,11686,0.6758514461749101,0.6164046733271921,0.7352982190226282
24,037,,22653,32117,0.7053273967057945,0.6604004142788356,0.7502543791327534
24,039,,3216,7302,0.44042728019720623,0.355407517243024,0.5254470431513885
24,041,,4680,7464,0.6270096463022508,0.5529179285557775,0.701101364048724
24,043,,22761,40218,0.5659406236013725,0.5308427109682153,0.6010385362345297
24,045,,14823,24397,0.6075747018075993,0.5617435421072539,0.6534058615079448
24,047,,7289,10701,0.6811512942715634,0.6178177296336342,0.7444848589094926
24,510,,123126,183651,0.6704346831762419,0.6517084271216111,0.6891609392308726
25,000,,1424975,1907457,0.7470548484186013,0.7413224603227394,0.7527872365144631
25,001,,30291,42440,0.713737040527804,0.6762830326299322,0.7511910484256757
25,003,,18635,28424,0.6556079369546862,0.6127175222992443,0.6984983516101282
25,005,,94107,150692,0.6244989780479389,0.6051143138982922,0.6438836421975855
25,007,,3657,4958,0.7375958047599839,0.5694833900457452,0.9057082194742225
25,009,,143238,205506,0.6970015474000759,0.6797135781706174,0.7142895166295344
25,011,,12069,17300,0.6976300578034682,0.6541855764898534,0.741074539117083
25,013,,71308,119037,0.5990406344245907,0.5765127802072405,0.6215684886419408
25,015,,24978,32486,0.7688850581789078,0.7284993438772618,0.8092707724805539
25,017,,392755,476196,0.8247759325991818,0.813773651278537,0.8357782139198267
25,019,,2872,3949,0.7272727272727273,0.6089780893207152,0.8455673652247394
25,021,,164100,192332,0.8532121539837365,0.835110544265722,0.8713137637017511
25,023,,88786,125307,0.7085478065870223,0.6867304770914352,0.7303651360826094
25,025,,222113,282693,0.7857039261672556,0.7707585765381392,0.800649275796372
25,027,,156066,226137,0.6901391634274798,0.6741693017254484,0.7061090251295112
26,000,,1751352,2550807,0.6865874211573043,0.6820109163974076,0.691163925917201
26,001,,869,1612,0.5390818858560794,0.47007872222461566,0.6080850494875432
26,003,,1100,1989,0.5530417295123178,0.47495418411647583,0.6311292749081597
26,005,,17612,29828,0.5904519243663672,0.5563401775604707,0.6245636711722636
26,007,,4031,6465,0.6235112142304717,0.5544701904715192,0.6925522379894242
26,009,,3061,4790,0.6390396659707724,0.5767031072724409,0.701376224669104
26,011,,1759,3044,0.5778580814717477,0.522251906149022,0.6334642567944734
26,013,,1002,2071,0.48382423949782716,0.40811406474377954,0.5595344142518748
26,015,,9162,15218,0.6020502037061375,0.5564320494405522,0.6476683579717227
26,017,,16299,25043,0.6508405542466957,0.610047935877317,0.6916331726160745
26,019,,2540,3779,0.6721354855781952,0.5994941065104892,0.7447768646459013
26,021,,23899,35692,0.6695898240502073,0.6359818148035115,0.7031978332969031
26,023,,5471,10811,0.5060586439737305,0.4591980438629695,0.5529192440844914
26,025,,18879,33140,0.5696741098370549,0.5380752658104092,0.6012729538637006
26,027,,6681,11150,0.5991928251121076,0.548693147790319,0.6496925024338962
26,029,,3514,5369,0.6544980443285529,0.6022917397316745,0.7067043489254312
26,031,,2737,5145,0.5319727891156463,0.4768095552139923,0.5871360230173003
26,033,,5199,9311,0.5583718182794544,0.510157228736974,0.6065864078219347
26,035,,2980,6439,0.4628047833514521,0.40827084825447657,0.5173387184484276
26,037,,15438,19777,0.7806037316074228,0.7395532352197518,0.8216542279950938
26,039,,1743,2755,0.6326678765880218,0.5395308801993705,0.7258048729766732
26,041,,5224,7698,0.6786178228111198,0.6143908003347236,0.742844845287516
26,043,,4197,5696,0.7368328651685393,0.6503544514579424,0.8233112788791362
26,045,,20354,28001,0.7269026106210492,0.6881102002736197,0.7656950209684787
26,047,,5492,7693,0.7138957493825556,0.65308723711242,0.7747042616526912
26,049,,62807,99541,0.6309661345576195,0.6088085527575492,0.6531237163576898
26,051,,2885,4894,0.5894973436861463,0.5355468472331469,0.6434478401391456
26,053,,1844,3062,0.6022207707380797,0.514314761775086,0.6901267797010734
26,055,,17972,23717,0.7577686891259434,0.7104881925606832,0.8050491856912037
26,057,,5965,11034,0.5406017763277143,0.49459621274742527,0.5866073399080034
26,059,,5652,9817,0.5757359682183967,0.5278806355950526,0.6235913008417407
26,061,,5586,7714,0.7241379310344828,0.6577088141493855,0.79056704791958
26,063,,3781,6185,0.6113177041228779,0.5677243227625024,0.6549110854832534
26,065,,56242,74248,0.7574884171964228,0.7300772709987435,0.784899563394102
26,067,,10999,18946,0.580544706006545,0.535515506777019,0.6255739052360709
26,069,,2511,4711,0.5330078539588198,0.466467769060422,0.5995479388572176
26,071,,1210,2175,0.5563218390804597,0.48459554074278216,0.6280481374181373
26,073,,10041,14525,0.6912908777969019,0.6507720810526262,0.7318096745411776
26,075,,23603,40233,0.5866577187880595,0.5558784864440208,0.6174369511320982
26,077,,51709,67973,0.7607285245612229,0.7304221018852772,0.7910349472371685
26,079,,2619,4407,0.59428182437032,0.5273334534252361,0.6612301953154038
26,081,,142007,193978,0.7320778645000979,0.7149431926280766,0.7492125363721193
26,083,,268,413,0.648910411622276,0.4828741232149185,0.8149467000296335
26,085,,1000,2653,0.3769317753486619,0.3203783178894941,0.4334852328078297
26,087,,12458,20431,0.6097596789192893,0.5694558554407321,0.6500635023978465
26,089,,3217,4074,0.7896416298478154,0.7177639949463122,0.8615192647493186
26,091,,13902,23324,0.5960384153661464,0.5594898932275675,0.6325869375047254
26,093,,35622,45593,0.7813041475665125,0.7515383870618537,0.8110699080711712
26,095,,793,1609,0.49285270354257305,0.3854461683778229,0.6002592387073231
26,097,,1210,2257,0.5361098803721754,0.46312791395374836,0.6090918467906026
26,099,,157080,229498,0.6844504091538924,0.6682192967805656,0.7006815215272193
26,101,,2980,5437,0.5480963766783152,0.4913539319688763,0.6048388213877541
26,103,,11763,15765,0.7461465271170314,0.7017992069271012,0.7904938473069617
26,105,,4028,6318,0.6375435264324153,0.5797633299098061,0.6953237229550245
26,107,,4673,8642,0.5407313121962508,0.49300701655244245,0.5884556078400591
26,109,,3164,4669,0.6776611694152923,0.603071655710679,0.7522506831199056
26,111,,15862,20972,0.7563417890520694,0.7151105084763589,0.7975730696277799
26,113,,2083,3525,0.5909219858156028,0.5374611114222295,0.6443828602089762
26,115,,24353,37480,0.6497598719316969,0.6143003024972902,0.6852194413661037
26,117,,8784,17890,0.4910005589714925,0.4569078382574304,0.5250932796855545
26,119,,929,1617,0.5745207173778603,0.4797713023638654,0.6692701323918551
26,121,,25890,45487,0.5691736100424297,0.5393798531676718,0.5989673669171877
26,123,,6212,11913,0.5214471585662721,0.4771149257402235,0.5657793913923207
26,125,,279147,339325,0.82265379798128635,0.809482161661709,0.8358254343008636
26,127,,3083,5980,0.5155518394648829,0.4707505788924522,0.5603531000373136
26,129,,2383,4174,0.5709151892668902,0.5136349373615288,0.6281954411722517
26,131,,500,846,0.5910165484633569,0.4895669315497378,0.6924661653769761
26,133,,2797,5173,0.5406920549004446,0.4959413547757726,0.5854427550251166
26,135,,814,1549,0.525500322788896,0.42038643342342763,0.6306142121543644
26,137,,4120,5921,0.6958284073636211,0.6146277968858571,0.777029017841385
26,139,,55147,74091,0.7443144241540808,0.7173008572837705,0.7713279910243911
26,141,,1659,2327,0.7129351095831543,0.6291938463899933,0.7966763727763153
26,143,,2588,4042,0.6402770905492331,0.5619986501379003,0.7185555309605659
26,145,,29045,45305,0.6410992164220285,0.6092585190517429,0.6729399137923141
26,147,,23196,36541,0.6347937932733094,0.6003610891453903,0.6692264974012285
26,149,,7287,14673,0.4966264567573093,0.458378783453927,0.5348741300606916
26,151,,4734,8604,0.5502092050209205,0.5101218412492664,0.5902965687925746
26,153,,977,1480,0.6601351351351351,0.5525112334001423,0.7677590368701279
26,155,,10764,16072,0.6697361871577899,0.6266255444647145,0.7128468298508653
26,157,,6704,12246,0.5474440633676303,0.505583246956892,0.5893048797783685
26,159,,10533,18019,0.5845496420445085,0.5425483546803854,0.6265509294086317
26,161,,82210,96828,0.8490312719461313,0.8257121879560927,0.8723503559361698
26,163,,296139,470273,0.6297172068139145,0.6188574311348786,0.6405769824929505
26,165,,4578,8095,0.5655342804200123,0.5148312537374635,0.6162373071025611
27,000,,1149688,1525348,0.7537217736542743,0.7480524568671174,0.7593910904414312
27,001,,1616,2573,0.6280606296152351,0.5730169360148458,0.6831043232156244
27,003,,71557,100169,0.7143627269913846,0.6924312433913941,0.7362942105913751
27,005,,5078,7552,0.6724046610169492,0.6230069552350632,0.7218023667988351
27,007,,7338,10943,0.6705656584117701,0.6172495075372064,0.7238818092863337
27,009,,8561,11931,0.7175425362501048,0.6649682969972572,0.7701167755029523
27,011,,758,1052,0.720532319391635,0.6232871157180184,0.8177775230652515
27,013,,12315,16857,0.7305570386189714,0.6856998261967782,0.7754142510411646
27,015,,4162,5811,0.7162278437446222,0.6550407886079521,0.7774148988812923
27,017,,6386,9489,0.6729897776372642,0.617879663153689,0.7280998921208394
27,019,,23838,28076,0.8490525715913948,0.8095286663368327,0.8885764768459569
27,021,,4042,5980,0.6759197324414715,0.6373946893618032,0.7144447755211398
27,023,,1851,2912,0.6356456043956044,0.555826196508924,0.7154650122822848
27,025,,9900,14984,0.6607047517351842,0.6160144212623342,0.7053950822080342
27,027,,14076,17801,0.7907420931408348,0.7451847116190832,0.8362994746625864
27,029,,1075,1926,0.5581516095534788,0.4969921423767054,0.6193110767302521
27,031,,921,1268,0.7263406940063092,0.6078492201430481,0.8448321678695703
27,033,,1603,2474,0.6479385610347616,0.5645547425796734,0.7313223794898497
27,035,,10503,15096,0.6957472178060413,0.6511206366114872,0.7403737990005954
27,037,,94042,120285,0.7818264954067423,0.7606762095366323,0.8029767812768523
27,039,,4046,5515,0.7336355394378966,0.6657964229770833,0.8014746558987099
27,041,,6739,8918,0.7556627046422965,0.7032648970512904,0.8080605122333026
27,043,,2004,3040,0.6592105263157895,0.6026519618511399,0.715769090780439
27,045,,3315,4739,0.6995146655412534,0.6572409509257087,0.7417883801567982
27,047,,4134,6717,0.6154533273782938,0.5636672771600628,0.6672393775965249
27,049,,7576,11520,0.6576388888888889,0.6044318898204087,0.710845887957369
27,051,,984,1385,0.7104693140794224,0.6436163516442184,0.7773222765146264
27,053,,319997,388601,0.8234590235228422,0.8113402555514931,0.8355777914941912
27,055,,3176,4088,0.776908023483366,0.6969456212744352,0.8568704256922968
27,057,,2863,4248,0.6739642184557438,0.6176637572737768,0.7302646796377109
27,059,,6979,10931,0.6384594273168054,0.5832469652482212,0.6936718893853896
27,061,,6582,9559,0.6885657495553928,0.6428529998390844,0.7342784992717013
27,063,,1628,2216,0.7346570397111913,0.6564227928665773,0.8128912865558053
27,065,,2122,3557,0.5965701433792522,0.5386449374776864,0.654495349280818
27,067,,6889,10428,0.6606252397391638,0.6105209215035712,0.7107295579747563
27,069,,622,769,0.8088426527958388,0.7106142449848781,0.9070710606067994
27,071,,1697,2336,0.7264554794520548,0.6120999688916294,0.8408109900124802
27,073,,991,1348,0.7351632047477745,0.6680983048435692,0.8022281046519798
27,075,,1651,2255,0.7321507760532151,0.6366582348222747,0.8276433172841555
27,077,,608,817,0.7441860465116279,0.5891761346035129,0.8991959584197429
27,079,,4768,7109,0.6706991137994092,0.6217772754950046,0.7196209521038137
27,081,,864,1136,0.7605633802816901,0.6876940803543492,0.833432680209031
27,083,,4835,6105,0.7919737919737919,0.7266265590445797,0.8573210249030041
27,085,,5908,8923,0.6621091561134148,0.6067360302129755,0.7174822820138541
27,087,,645,1104,0.5842391304347826,0.5210741243650421,0.6474041365045231
27,089,,1261,2011,0.6270512182993535,0.574257894297123,0.679844542301584
27,091,,2694,4281,0.629292221443588,0.5661489094793262,0.6924355334078498
27,093,,3356,5245,0.6398474737845568,0.5899002092907785,0.689794738278335
27,095,,3901,6617,0.5895420885597703,0.5362801636816491,0.6428040134378915
27,097,,4854,7755,0.6259187620889749,0.5790357781326777,0.6728017460452721
27,099,,5467,9970,0.548345035105316,0.5059812698681698,0.5907088003424621
27,101,,1092,1597,0.6837820914214151,0.6107145276813062,0.756849655161524
27,103,,6188,8412,0.7356157869709938,0.6711812321770302,0.8000503417649575
27,105,,2438,5081,0.47982680574690023,0.4168201259558354,0.5428334855379651
27,107,,928,1376,0.6744186046511628,0.6081017768243765,0.740735432477949
27,109,,37023,46723,0.7923934678851957,0.7604403877118129,0.8243465480585785
27,111,,8785,12508,0.702350495682763,0.6619042430386116,0.7427967483269143
27,113,,2419,3563,0.6789222565254,0.5990301458817101,0.7588143671690898
27,115,,3720,6843,0.5436212187637002,0.5027744293052365,0.5844680082221638
27,117,,1369,2098,0.6525262154432793,0.5747588759529036,0.7302935549336549
27,119,,5598,7403,0.7561799270565986,0.6971138347837351,0.8152460193294622
27,121,,1876,2540,0.7385826771653543,0.6764727907746276,0.800692563556081
27,123,,120066,160929,0.7460805696922245,0.7288789941332354,0.7632821452512135
27,125,,622,868,0.716589861751152,0.6182124565712177,0.8149672669310863
27,127,,2264,3428,0.6604434072345391,0.6078316870360728,0.7130551274330054
27,129,,2117,3258,0.6497851442602823,0.6040991771456916,0.695471111374873
27,131,,9764,16341,0.5975154519307264,0.5542215116393843,0.6408093922220686
27,133,,1516,2149,0.7054443927408097,0.6097497282856753,0.8011390571959441
27,135,,2170,3409,0.63655030800821355,0.5746960539881487,0.6984045620282784
27,137,,35807,46862,0.7640945755622893,0.7368883732640791,0.7913007778604996
27,139,,32153,40826,0.7875618478420614,0.7488034249473854,0.8263202707367374
27,141,,20112,27785,0.723843800611841,0.6816442726386875,0.7660433285849944
27,143,,2416,3600,0.6711111111111111,0.6226719395561031,0.7195502826661191
27,145,,27107,38409,0.7057460491030748,0.6730064998809088,0.7384855983252409
27,147,,6294,9079,0.693248155083159,0.6337641866391103,0.7527321235272076
27,149,,1786,2443,0.7310683585755219,0.6557922224771291,0.8063444946739147
27,151,,1465,2095,0.6992840095465394,0.6102522880671705,0.7883157310259082
27,153,,2675,5485,0.487693710118505,0.44931140309647766,0.5260760171405323
27,155,,378,606,0.6237623762376238,0.5027912901711216,0.744733462304126
27,157,,3275,4725,0.6931216931216931,0.6375065053553075,0.7487368808880788
27,159,,1973,3104,0.635631443298969,0.5536478600979875,0.7176150264999506
27,161,,3067,4619,0.6639965360467633,0.5904501985620967,0.73754287353143
27,163,,57239,70537,0.811474828813247,0.782198001891082,0.8407516557354119
27,165,,1392,2346,0.5933503836317136,,
27,167,,1041,1454,0.7159559834938102,0.61149480317961,0.8204171638080103
27,169,,7881,11100,0.71,0.659718316532879,0.7602816834671209
27,171,,29455,39109,0.7531514485156869,0.7163502795361831,0.7899526174951907
27,173,,1439,2216,0.6493682310469314,0.5849731559901026,0.7137633061037603
28,000,,461628,741075,0.6229167088351382,0.614064364614854,0.6317690530554223
28,001,,3362,6791,0.49506700044176116,0.41554013444397286,0.5745938664395495
28,003,,4333,8546,0.507020828457758,0.44019678477080526,0.5738448721447107
28,005,,1362,2355,0.578343949044586,0.45112100441402125,0.7055668936751507
28,007,,2395,3985,0.6010037641154329,0.5033316791762685,0.6986758490545972
28,009,,1111,1690,0.657396449704142,0.5182696360987664,0.7965232633095176
28,011,,4792,7237,0.6621528257565289,0.5723066237708826,0.7519990277421752
28,013,,1654,3044,0.5433639947437582,0.4645382730179642,0.6221897164695521
28,015,,1501,2347,0.6395398380911802,0.4926839844532549,0.7863956917291055
28,017,,2134,4236,0.503777148253069,0.4122414953812623,0.5953128011248756
28,019,,1137,1803,0.6306156405990017,0.5082996670363671,0.7529316141616362
28,021,,1011,1783,0.567021873247336,0.41485204192473035,0.7191917045699416
28,023,,2262,3334,0.6784643071385723,0.5699022808648895,0.7870263334122551
28,025,,2451,4498,0.5449088483770564,0.4431635525293258,0.6466541442247871
28,027,,2884,4964,0.580983078162772,0.48295038943034047,0.6790157668952035
28,029,,4008,6497,0.6169001077420347,0.5279983156114376,0.7058018998726319
28,031,,2863,4583,0.6246999781802313,0.5025632081293059,0.7468367482311566
28,033,,34962,52021,0.6720747390476923,0.6361108854699343,0.7080385926254503
28,035,,14236,20238,0.7034291926079652,0.6443474597876861,0.7625109254282443
28,037,,1083,1740,0.6224137931034482,0.48716917295665807,0.7576584132502384
28,039,,3353,6453,0.5196032852936618,0.4249750291145266,0.614231541472797
28,041,,1727,4159,0.4152440490502525,0.3373193513330555,0.49316874676744943
28,043,,3235,5043,0.6414832441007337,0.5342740902157541,0.7486923979857132
28,045,,5852,10275,0.5695377128953771,0.4908078198770042,0.6482676059137501
28,047,,35550,55528,0.6402175479037603,0.6055061774615504,0.6749289183459701
28,049,,38563,56884,0.6779234934252162,0.6402068730265793,0.7156401138238531
28,051,,1866,3948,0.4726443768996961,0.38777087949745437,0.5575178743019378
28,053,,908,1624,0.5591133004926109,0.42086525124770824,0.6973613497375135
28,055,,144,302,0.4768211920529801,0.2297333958069531,0.7239089882990072
28,057,,3563,5765,0.6180398959236774,0.5195774913776917,0.716502300469663
28,059,,26391,37577,0.7023179072304867,0.6588862496788974,0.745749564782076
28,061,,1755,3430,0.5116618075801749,0.41368176500177617,0.6096418501585736
28,063,,519,1556,0.33354755784061696,0.19685098156879255,0.47024413411244137
28,065,,1397,2373,0.5887062789717658,0.4588308349786935,0.718581722964838
28,067,,9471,16112,0.5878227408142999,0.5268288529041816,0.6488166287244181
28,069,,1210,2001,0.6046976511744128,0.46082557303425753,0.748569729314568
28,071,,11064,14738,0.7507124440222553,0.6833593289078699,0.8180655591366408
28,073,,13055,18510,0.7052944354403026,0.6455989681647695,0.7649899027158357
28,075,,10944,17827,0.6139002636450328,0.5549192334183307,0.6728812938717349
28,077,,1265,2581,0.4901201084850833,0.3687902527661642,0.6114499642040024
28,079,,2371,4797,0.49426725036481134,0.41301992998838355,0.5755145707412391
28,081,,14207,21556,0.6590740397105215,0.6077491205897037,0.7103989588313393
28,083,,4155,6940,0.5987031700288185,0.5051055683016338,0.6923007717560031
28,085,,5398,8649,0.6241183951901954,0.5375830094525034,0.7106537809278874
28,087,,9476,14900,0.6359731543624161,0.5737679913216199,0.6981783174032122
28,089,,22441,29218,0.7680539393524539,0.7113482551977094,0.8247596235071984
28,091,,3027,6054,0.5,0.41370223211609547,0.5862977678839045
28,093,,4052,8135,0.4980946527350953,0.4181898416218512,0.5779994638483393
28,095,,3687,7930,0.46494325346784365,0.4022197864395904,0.527666720496097
28,097,,1152,2198,0.5241128298453139,0.3835647838424192,0.6646608758482087
28,099,,3806,6895,0.5519941986947063,0.47370840194318564,0.630279995446227
28,101,,2691,4678,0.5752458315519453,0.4888073629928213,0.6616843001110694
28,103,,1013,2200,0.46045454545454545,0.33200103535516784,0.588908055553923
28,105,,9136,11964,0.7636242059511869,0.685406320732114,0.8418420911702597
28,107,,4219,7936,0.5316280241935484,0.4538525669715557,0.6094034814155411
28,109,,7778,13157,0.5911681994375617,0.5240237710782183,0.6583126277969051
28,111,,1159,2668,0.434407796101949,0.3233500793078151,0.5454655128960829
28,113,,4893,9165,0.5338788870703765,0.4520297014104985,0.6157280727302544
28,115,,4693,8253,0.5686417060462862,0.4949000908168145,0.6423833212757578
28,117,,3605,6158,0.585417343293277,0.5051399387084621,0.6656947478780919
28,119,,826,1364,0.6055718475073314,0.4736699860245702,0.7374737089900926
28,121,,31411,44063,0.7128656696094229,0.6709286884139773,0.7548026508048684
28,123,,3584,6703,0.5346859615097718,0.447981043450499,0.6213908795690446
28,125,,275,907,0.3031973539140022,0.19956412476928043,0.406830583058724
28,127,,3205,5898,0.5434045439131909,0.45316446405986727,0.6336446237665145
28,129,,1568,3166,0.4952621604548326,0.39814329373558544,0.5923810271740798
28,131,,2205,4179,0.5276381909547738,0.43705792015019745,0.6182184617593502
28,133,,3762,7021,0.5358211081042586,0.45485418203798056,0.6167880341705367
28,135,,1678,3051,0.5499836119305146,0.4438775393526939,0.6560896845083353
28,137,,4127,6824,0.6047772567409144,0.50765577961135,0.7018987338704789
28,139,,3148,5057,0.622503460549733,0.5193973968890432,0.7256095242104229
28,141,,2434,4312,0.5644712430426716,0.4682765054323673,0.6606659806529759
28,143,,1122,2658,0.4221218961625282,0.2953372577053455,0.5489065346197108
28,145,,3778,7012,0.5387906446092413,0.4561510551965245,0.6214302340219581
28,147,,1570,2988,0.5254350736278447,0.3996467620319975,0.6512233852236919
28,149,,6335,10336,0.6129063467492261,0.5342524031984517,0.6915602903000004
28,151,,4985,10128,0.4921998420221169,0.42576536713674495,0.5586343169074889
28,153,,2588,4416,0.5860507246376812,0.47775901233154905,0.6943424369438133
28,155,,1479,2397,0.6170212765957447,0.5068989344775963,0.7271436187138931
28,157,,881,2249,0.3917296576256114,0.27572912548310824,0.5077301897681146
28,159,,2072,4048,0.5118577075098815,0.41684904332222805,0.6068663716975349
28,161,,1376,2928,0.46994535519125685,0.3686507439808365,0.5712399664016772
28,163,,2887,7541,0.38284047208593025,0.3175746816439764,0.4481062625278841
29,000,,1080455,1609113,0.6714599906905233,0.6657038226640609,0.6772161587169857
29,001,,3095,5144,0.6016718506998445,0.5253286170085885,0.6780150843911006
29,003,,2605,4251,0.612796988943778,0.5335155714594735,0.6920784064280825
29,005,,622,1107,0.5618789521228545,0.4694318735279325,0.6543260307177766
29,007,,3198,6138,0.5210166177908113,0.45251423221121934,0.5895190033704033
29,009,,3428,7786,0.44027742101207296,0.37967226169158746,0.5008825803325585
29,011,,1374,2693,0.5102116598588934,0.39352084761385514,0.6269024721039316
29,013,,1755,3859,0.45478103135527337,0.3867835991215136,0.5227784635890331
29,015,,1772,3231,0.5484370164035902,0.4598515014389745,0.6370225313682059
29,017,,992,2303,0.4307425097698654,0.32547777401341393,0.5360072455263168
29,019,,40188,50674,0.7930694241622923,0.7553012481546053,0.8308376001699793
29,021,,11320,21842,0.5182675579159418,0.4775951901211819,0.5589399257107017
29,023,,5303,10165,0.5216920806689621,0.4574468969341292,0.585937264403795
29,025,,1231,1985,0.6201511335012595,0.5385509258764121,0.7017513411261069
29,027,,6797,11673,0.5822839030240726,0.5215452448491248,0.6430225611990205
29,029,,4774,8134,0.5869191049913941,0.526932898794202,0.6469053111885862
29,031,,14060,20334,0.6914527392544507,0.6402103663018371,0.7426951122070643
29,033,,920,1864,0.49356223175965663,0.4064677829794239,0.5806566805398894
29,035,,518,1149,0.45082680591818974,0.2875029902288836,0.6141506216074959
29,037,,18201,27682,0.6575030705873853,0.6133235487269163,0.7016825924478544
29,039,,1787,3062,0.5836054866100587,0.4644177937076516,0.7027931795124658
29,041,,893,1481,0.6029709655638082,0.514309927382352,0.6916320037452645
29,043,,18115,24464,0.74047580117724,0.6950569721581146,0.7858946301963654
29,045,,712,1425,0.49964912280701756,0.37878083218262804,0.6205174134314071
29,047,,53173,73800,0.7205013550135502,0.6930839311772927,0.7479187788498076
29,049,,2935,5051,0.5810730548406257,0.5030249213762487,0.6591211883050027
29,051,,13815,20311,0.6801733051056078,0.6331736366789273,0.7271729735322883
29,053,,2306,4063,0.567560915579621,0.5058994122763381,0.6292224188829039
29,055,,2755,5271,0.5226712198823753,0.4511050880938875,0.5942373516708631
29,057,,897,1573,0.5702479338842975,0.4628995206899267,0.6775963470786683
29,059,,1897,4126,0.45976732913233154,0.37135094178843764,0.5481837164762254
29,061,,865,1780,0.4859550561797753,0.4139903081107111,0.5579198042488396
29,063,,1221,2972,0.4108344549125168,0.34330140244428686,0.47836750738074674
29,065,,1770,3123,0.5667627281460135,0.4487258340157443,0.6847996222762827
29,067,,1422,2414,0.5890637945318973,0.4751555933020667,0.7029719957617279
29,069,,2570,6307,0.40748374821626765,0.351366777371124,0.4636007190614113
29,071,,16399,25561,0.6415633191189704,0.5986467112303068,0.6844799270076339
29,073,,1850,3078,0.6010396361273554,0.5193592196373948,0.682720052617316
29,075,,591,1466,0.40313778990450205,0.3337733118625209,0.4725022679464832
29,077,,56254,80737,0.6967561341144705,0.6698746656828648,0.7236376025460761
29,079,,1101,2139,0.514726507713885,0.4218027800890346,0.6076502353387353
29,081,,923,1740,0.5304597701149425,0.4326087825554832,0.6283107576744018
29,083,,2536,5037,0.5034742902521342,0.4342704206299665,0.5726781598743019
29,085,,645,1335,0.48314606741573035,0.35154659171709807,0.6147455431143627
29,087,,435,821,0.5298416565164433,0.43936024813707053,0.6203230648958161
29,089,,1218,2101,0.5797239409804855,0.4808818964089521,0.678565985552019
29,091,,4749,9344,0.5082405821917808,0.44207875629553806,0.5744024080880236
29,093,,1238,2145,0.5771561771561772,0.49347121095340674,0.6608411433589476
29,095,,140500,207143,0.6782753942928316,0.662194636637564,0.6943561519480992
29,097,,18765,32939,0.5696894259084975,0.536001044417816,0.6033778073991789
29,099,,41364,59970,0.6897448724362181,0.6583968319045352,0.7210929129679009
29,101,,9239,14183,0.6514136642459282,0.6040503483697367,0.6987769801221196
29,103,,343,679,0.5051546391752577,0.37271019861364135,0.637599079736874
29,105,,4451,8837,0.5036777186828109,0.4300051622841543,0.5773502750814674
29,107,,5165,8222,0.6281926538555096,0.5490203575066362,0.707364950204383
29,109,,5335,9292,0.5741498062849764,0.5075550404185025,0.6407445721514502
29,111,,1063,2027,0.5244203256043414,0.4247705111299223,0.6240701400787604
29,113,,9669,17232,0.5611072423398329,0.5083553754103229,0.6138591092693428
29,115,,1328,2723,0.48769739258171135,0.4066055543598014,0.5687892308036213
29,117,,1712,3953,0.43308879332152794,0.3609904486894747,0.5051871379535812
29,119,,2346,5817,0.4033006704486849,0.3444707698356607,0.4621305710617091
29,121,,1932,3171,0.609271523178808,0.5191518845694068,0.6993911617882091
29,123,,1416,3003,0.47152847152847155,0.36897064570083166,0.5740862973561114
29,125,,933,1867,0.49973219068023567,0.380340051341555,0.6191243300189163
29,127,,3582,6789,0.5276182059213433,0.46005037748654154,0.5951860343561451
29,129,,373,698,0.5343839541547278,0.4209073255154058,0.6478605827940499
29,131,,3214,5905,0.5442845046570702,0.46799063968777344,0.620578369626367
29,133,,1170,2816,0.41548295454545453,0.3166011366507411,0.514364772440168
29,135,,1742,3811,0.45709787457360274,0.38886742852263406,0.5253283206245715
29,137,,806,1771,0.45511010728402035,0.36912686354865754,0.5410933510193832
29,139,,1419,2564,0.5534321372854915,0.463186880704418,0.643677393866565
29,141,,1778,4358,0.40798531436438734,0.3417216203564305,0.4742490083723442
29,143,,1667,3565,0.46760168302945304,0.388312528357606,0.5468908377013001
29,145,,8049,14221,0.565993952605302,0.5159106270199514,0.6160772781906527
29,147,,2766,4523,0.6115410126022551,0.5459897806482581,0.6770922445562522
29,149,,827,1807,0.45766463752075265,0.3429964675422676,0.5723328074992378
29,151,,2110,3046,0.6927117531188444,0.5994078410125482,0.7860156652251405
29,153,,777,1602,0.4850187265917603,0.3702509402929356,0.599786512890585
29,155,,1550,3539,0.437976829612885,0.3531985600348287,0.5227550991909413
29,157,,2598,4408,0.5893829401088929,0.5050585787186256,0.6737073014991602
29,159,,6113,11047,0.5533629039558251,0.4981832426084866,0.6085425653031635
29,161,,6247,10643,0.5869585643145729,0.5226287037324165,0.6512884248967293
29,163,,1656,4580,0.3615720524017467,0.304338496369511,0.41880560843398246
29,165,,23905,30280,0.7894649933949802,0.7449304382985926,0.8339995484913678
29,167,,4356,7603,0.5729317374720505,0.5056248467674345,0.6402386281766665
29,169,,10069,15343,0.6562601837971713,0.5938497834096437,0.718670584184699
29,171,,698,995,0.7015075376884422,0.5456592301822711,0.8573558451946133
29,173,,1191,2160,0.5513888888888889,0.438312764799646,0.6644650129781319
29,175,,3265,6410,0.5093603744149766,0.4403279730397646,0.5783927757901886
29,177,,2804,5352,0.523916292974589,0.4591137001980996,0.5887188857510783
29,179,,723,1305,0.5540229885057472,0.4331356139763022,0.6749103630351921
29,181,,1194,2459,0.4855632370882473,0.3843763272421207,0.5867501469343739
29,183,,88316,110285,0.8007979326290974,0.7785262325227513,0.8230696327354434
29,185,,862,1977,0.43601416287303996,0.34567212753684323,0.5263561982092366
29,186,,2583,4222,0.6117953576504026,0.5168360947724869,0.7067546205283183
29,187,,10530,18517,0.5686666306637145,0.5143012119930006,0.6230320493344284
29,189,,198688,254329,0.781224319680414,0.7651031143653239,0.797345524995504
29,195,,3091,5648,0.5472733711048159,0.47581029188552687,0.6187364503241048
29,197,,329,863,0.38122827346465815,0.27442813871344773,0.48802840821586857
29,199,,350,1060,0.330188679245283,0.21907397828755032,0.4413033802030157
29,201,,4784,9220,0.5188720173535791,0.4639546053608676,0.5737894293462906
29,203,,667,1505,0.44318936877076415,0.31274666771802473,0.5736320698235036
29,205,,709,1350,0.5251851851851852,0.425277992505382,0.6250923778649884
29,207,,3346,6832,0.48975409836065575,0.42767748832906355,0.551830708392248
29,209,,3105,5730,0.5418848167539267,0.46630264881014416,0.6174669846977093
29,211,,450,1302,0.3456221198156682,0.25656472542226805,0.43467951420906836
29,213,,7632,12432,0.6138996138996139,0.5567278507146186,0.6710713770846092
29,215,,2872,5878,0.48860156515821707,0.41618144698206655,0.5610216833343676
29,217,,2523,4455,0.56632996632996635,0.47622024338039587,0.6564396892795369
29,219,,5404,9169,0.5893772494274184,0.5239208813681459,0.654833617486691
29,221,,2577,5679,0.4537770734284205,0.3763552850390895,0.5311988618177516
29,223,,901,2215,0.40677200902934535,0.315735255861855,0.4978087621968357
29,225,,5265,9781,0.5382885185563848,0.4693035682181034,0.6072734688946663
29,227,,189,368,0.5135869565217391,0.35191798269787083,0.6752559303456074
29,229,,2153,4184,0.5145793499043977,0.4114735224553841,0.6176851773534113
29,510,,73694,98713,0.7465480737086301,0.7214694740408905,0.7716266733763697
30,000,,197950,287917,0.6875245296387501,0.6755319179411771,0.6995171413363231
30,001,,1679,2171,0.7733763242745278,0.638247612357261,0.9085050361917947
30,003,,1618,2899,0.5581234908589169,0.46204661115902185,0.654200370558812
30,005,,1117,1674,0.6672640382317802,0.5699336574235961,0.7645944190399642
30,007,,1198,1830,0.6546448087431694,0.47014315379707106,0.8391464636892678
30,009,,1524,2333,0.6532361765966567,0.5281610345592527,0.7783113186340607
30,011,,150,216,0.6944444444444444,0.533768928589049,0.8551199602998398
30,013,,14411,22503,0.6404035017553215,0.5986148150415067,0.6821921884691362
30,015,,773,1381,0.559739319333816,0.4668586531784011,0.6526199854892311
30,017,,1806,3004,0.6011984021304927,0.5214754094532253,0.68092139480776
30,019,,194,270,0.7185185185185186,0.5527162631350302,0.8843207739020069
30,021,,1552,2110,0.7355450236966825,0.5840607813091393,0.8870292660842257
30,023,,1309,2233,0.5862068965517241,0.46359766921873846,0.7088161238847097
30,025,,467,674,0.6928783382789317,0.5404116069961126,0.8453450695617509
30,027,,1810,2702,0.6698741672834937,0.5601284678621501,0.7796198667048373
30,029,,18779,28138,0.6673892956144716,0.6254770341411983,0.7093015570877449
30,031,,31016,38221,0.8114910651212685,0.7719917747782099,0.850990355464327
30,033,,188,243,0.7736625514403292,0.6546564441321263,0.8926686587485322
30,035,,2156,3514,0.6135458167330677,0.5231333170786268,0.7039583163875087
30,037,,88,202,0.43564356435643564,0.29723854068615296,0.5740485880267183
30,039,,486,642,0.7570093457943925,0.5947039968362835,0.9193146947525015
30,041,,1957,3937,0.49707899415798834,0.41241627616709553,0.5817417121488812
30,043,,1932,2762,0.6994931209268646,0.5969199300739283,0.8020663117798008
30,045,,307,433,0.7090069284064665,0.59493765318848435,0.8230762036244487
30,047,,4409,7118,0.6194155661702726,0.5610920119693024,0.6777391203712428
30,049,,13546,18771,0.7216450908316019,0.6665851477246023,0.7767050339386015
30,051,,265,546,0.48534798534798534,0.319818750490485,0.6508772202054857
30,053,,1992,3953,0.5039210726030863,0.41288483688144256,0.5949573083247299
30,055,,208,330,0.6303030303030303,0.46309339220514545,0.7975126684009151
30,057,,1372,1912,0.7175732217573222,0.5982605701001318,0.8368858734145126
30,059,,234,324,0.7222222222222222,0.4921814173110117,0.9522630271334327
30,061,,640,1027,0.6231742940603701,0.5089026894019402,0.7374458987188
30,063,,28485,35969,0.7919319413939782,0.7538158252017677,0.8300480575861886
30,065,,530,923,0.5742145178764897,0.4133766094933107,0.7350524262596687
30,067,,3282,4666,0.7033861980282897,0.6094269230846031,0.7973454729719763
30,069,,74,85,0.8705882352941177,0.5868463776352498,1
30,071,,624,844,0.7393364928909952,0.57988321821737,0.8987897675646205
30,073,,809,1384,0.5845375722543352,0.478595660748961,0.6904794837597095
30,075,,282,417,0.6762589928057554,0.516928574884796,0.8355894107267148
30,077,,734,2026,0.36229022704837116,0.2677444743884706,0.4568359797082717
30,079,,154,221,0.6968325791855203,0.46004848211062355,0.9336166762604171
30,081,,6034,10068,0.5993245927691696,0.5271277165271206,0.6715214690112186
30,083,,1709,2933,0.5826798499829526,0.48843172303337695,0.6769279769325283
30,085,,1380,2637,0.5233219567690558,0.43767542663840786,0.6089684868997037
30,087,,1082,1891,0.5721840296139609,0.4620898954067788,0.6822781638211429
30,089,,1133,2086,0.5431447746883988,0.440034402508815,0.6462551468679827
30,091,,601,856,0.7021028037383178,0.5645705966592078,0.8396350108174278
30,093,,5614,8835,0.6354272778720996,0.5689662379264806,0.7018883178177187
30,095,,1045,1859,0.5621301775147929,0.47194348983292933,0.6523168651966564
30,097,,495,753,0.6573705179282868,0.5321607079037889,0.7825803279527848
30,099,,841,1343,0.6262099776619509,0.5248869511064663,0.7275330042174354
30,101,,752,1493,0.5036838580040187,0.38121409829446884,0.6261536177135686
30,103,,131,175,0.7485714285714286,0.5963905954217137,0.9007522617211434
30,105,,1261,1710,0.7374269005847953,0.6219937254431334,0.8528600757264573
30,107,,180,413,0.4358353510895884,0.29292006768217793,0.5787506344969988
30,109,,161,242,0.6652892561983471,0.5032386757414986,0.8273398366551956
30,111,,31374,46015,0.6818211452787135,0.645432400331304,0.718209890226123
31,000,,371398,513230,0.7236482668589131,0.7144458365424792,0.7328506971753471
31,001,,5124,7045,0.7273243435060327,0.6539691972599322,0.8006794897521332
31,003,,993,1295,0.7667953667953668,0.6765350252340032,0.8570557083567303
31,005,,56,82,0.6829268292682927,0.3438383026306503,1
31,007,,101,124,0.8145161290322581,0.5588781454856953,1
31,009,,40,68,0.5882352941176471,0.049428477998530895,1
31,011,,905,1137,0.7959542656112577,0.6926357819401158,0.8992727492823996
31,013,,1460,2368,0.6165540540540541,0.4866155893095892,0.746492518798519
31,015,,185,351,0.5270655270655271,0.38554800771954545,0.6685830464115088
31,017,,395,561,0.7040998217468806,0.566568703033689,0.8416309404600721
31,019,,9140,12787,0.7147884570266677,0.6597366480443415,0.7698402660089939
31,021,,919,1494,0.6151271753681392,0.5316406909584328,0.6986136597778456
31,023,,1305,1916,0.6811064718162839,0.5874500193794862,0.7747629242530817
31,025,,4475,6312,0.7089670468948035,0.6463692445209293,0.7715648492686777
31,027,,1319,1641,0.8037781840341255,0.713055005156119,0.894501362912132
31,029,,518,736,0.7038043478260869,0.584569824519932,0.8230388711322418
31,031,,859,1374,0.6251819505094615,0.5188558500546192,0.7315080509643037
31,033,,1441,2289,0.6295325469637396,0.5325784265429909,0.7264866673844883
31,035,,978,1368,0.7149122807017544,0.6381461751268588,0.79167838627665
31,037,,1201,2408,0.49875415282392027,0.38495900674933903,0.6125492988985015
31,039,,1334,1937,0.6886938564790914,0.5895139048579336,0.7878738081002492
31,041,,1530,2357,0.6491302503182012,0.5671815927780847,0.7310789078583176
31,043,,2967,5768,0.5143897364771152,0.4355953274303265,0.5931841455239039
31,045,,1551,1845,0.8406504065040651,0.6583466670368255,1
31,047,,2743,6095,0.45004101722723544,0.39187447538843956,0.5082075590660313
31,049,,200,303,0.6600660066006601,0.5352932828604287,0.7848387303408915
31,051,,695,1112,0.625,0.5432407998631432,0.7067592001368568
31,053,,5245,8676,0.6045412632549562,0.5347763286366032,0.6743061978733091
31,055,,126747,170768,0.7422175114775602,0.7249035116351804,0.75953151131994
31,057,,264,335,0.7880597014925373,0.6212068128901047,0.95491259009497
31,059,,1037,1284,0.807632398753894,0.7066407143751419,0.9086240831326462
31,061,,398,585,0.6803418803418804,0.5661407192331092,0.7945430414506516
31,063,,431,522,0.8256704980842912,0.6998974707347553,0.951443525433827
31,065,,575,867,0.6632064590542099,0.5627796779919223,0.7636332401164976
31,067,,3158,4768,0.6623322147651006,0.5991501974983052,0.725514232031896
31,069,,233,361,0.6454293628808865,0.46295718469218894,0.827901541069584
31,071,,240,309,0.7766990291262136,0.5834183822675503,0.9699796759848769
31,073,,299,400,0.7475,0.5918418198844195,0.9031581801155806
31,075,,119,156,0.7628205128205128,0.6547896741970225,0.870851351444003
31,077,,305,477,0.639412997903564,0.5246858826077831,0.7541401131993448
31,079,,8955,15837,0.5654480015154385,0.5119700656498487,0.6189259373810283
31,081,,1622,2178,0.7447199265381084,0.6304127203782814,0.8590271326979353
31,083,,404,534,0.7565543071161048,0.6157205189235775,0.8973880953086322
31,085,,154,201,0.7661691542288557,0.5762303105543103,0.9561079979034011
31,087,,296,525,0.5638095238095238,0.4479461431682288,0.6796729044508187
31,089,,1575,2153,0.7315373896888063,0.6415489154177944,0.8215258639598183
31,091,,95,139,0.6834532374100719,0.33993529408954526,1
31,093,,1031,1391,0.7411933860531992,0.6321324322659809,0.8502543398404174
31,095,,807,1465,0.5508532423208191,0.43771097832630396,0.6639955063153342
31,097,,658,1400,0.47,0.36304799060670284,0.5769520093932972
31,099,,1130,1602,0.7053682896379525,0.5954231588138796,0.8153134204620254
31,101,,1214,1597,0.7601753287413902,0.6390861915336196,0.8812644659491607
31,103,,81,113,0.7168141592920354,0.4490064583829209,0.9846218602011498
31,105,,449,718,0.6253481894150418,0.48422037511832566,0.766476003711758
31,107,,1130,1604,0.7044887780548629,0.6247380838594158,0.78423947225031
31,109,,66129,86417,0.7652313780853305,0.7386926885904653,0.7917700675801956
31,111,,5017,7894,0.6355459842918673,0.5680426035421344,0.7030493650416001
31,113,,131,145,0.903448275862069,0.7520122475135003,1
31,115,,90,130,0.6923076923076923,0.42198480869569277,0.9626305759196918
31,117,,56,63,0.8888888888888888,0.43799946235604087,1
31,119,,6184,8731,0.7082808383919368,0.6431790405296771,0.7733826362541965
31,121,,1290,1793,0.7194645844952593,0.6156391098787928,0.8232900591117258
31,123,,577,987,0.5845997973657548,0.47463659319773166,0.694563001533778
31,125,,507,709,0.7150916784203103,0.5891261803264018,0.8410571765142187
31,127,,1245,1676,0.7428400954653938,0.6190284151428171,0.8666517757879704
31,129,,618,846,0.7304964539007093,0.6076004184747197,0.8533924893266989
31,131,,2584,3745,0.6899866488651535,0.6070886805475474,0.7728846171827596
31,133,,271,499,0.5430861723446894,0.4138082232483571,0.6723641214410216
31,135,,514,707,0.727015558698727,0.5976798166537809,0.8563513007436732
31,137,,1346,2039,0.6601275134870034,0.551896728698894,0.7683582982751128
31,139,,1452,1709,0.8496196606202457,0.7385258555028726,0.9607134657376188
31,141,,5061,8319,0.6083663901911287,0.5392747686570667,0.6774580117251907
31,143,,760,1100,0.6909090909090909,0.5940944469237683,0.7877237348944135
31,145,,1468,2341,0.6270824434002563,0.49604284018229694,0.7581220466182157
31,147,,1026,1592,0.6444723618090452,0.5321113932781886,0.7568333303399019
31,149,,192,257,0.7470817120622568,0.5832504509846261,0.9109129731398875
31,151,,1905,3283,0.58026195552848,0.5033041307197632,0.6572197803371969
31,153,,46284,57163,0.8096845861833704,0.7795675636827392,0.8398016086840016
31,155,,4249,5434,0.7819285977180714,0.7104503274697656,0.8534068679663773
31,157,,5831,8459,0.6893249793119754,0.6210194485545327,0.7576305100694182
31,159,,2739,3788,0.7230728616684267,0.6411195879924181,0.8050261353444352
31,161,,716,1018,0.7033398821218074,0.6031553151025544,0.8035244491410605
31,163,,456,580,0.7862068965517242,0.6417467895853856,0.9306670035180628
31,165,,250,289,0.8650519031141869,0.682545373712669,1
31,167,,933,1290,0.7232558139534884,0.6133547697713262,0.8331568581356505
31,169,,696,967,0.7197518097207859,0.631024321148569,0.8084792982930028
31,171,,123,169,0.727810650887574,0.52354071831282,0.932080583462328
31,173,,932,1527,0.610347085789129,0.5380713989477197,0.6826227726305383
31,175,,637,854,0.7459016393442623,0.6142899242373359,0.8775133544511888
31,177,,3775,4768,0.791736577181208,0.6985137803803508,0.8849593739820653
31,179,,1385,1933,0.7165028453181583,0.5978250001379778,0.8351806904983389
31,181,,479,754,0.6352785145888594,0.5326632195684818,0.737893809609237
31,183,,88,167,0.5269461077844312,0.3480826998619397,0.7058095157069226
31,185,,2316,3350,0.6913432835820895,0.6022812718445428,0.7804052953196362
32,000,,540488,899576,0.6008252776863767,0.5925658291869704,0.609084726185783
32,001,,3387,6366,0.5320452403393026,0.4548267482001225,0.6092637324784826
32,003,,400997,672330,0.5964288370294349,,
32,005,,6663,9706,0.6864825880898413,0.6168266881879308,0.7561384879917518
32,007,,7871,15304,0.5143099843178254,0.4579123329033317,0.5707076357323191
32,009,,69,211,0.32701421800947866,0,0.7265136300062661
32,011,,144,234,0.6153846153846154,0.1736552738210449,1
32,013,,2285,4089,0.5588163365125948,0.4581265529405482,0.6595061200846413
32,015,,1026,1496,0.6858288770053476,0.5090930303983111,0.862564723612384
32,017,,481,992,0.4848790322580645,0.30705330628255534,0.6627047582335737
32,019,,8554,15964,0.5358306188925082,0.4823669014492,0.5892943363358163
32,021,,533,1168,0.4563356164383562,0.2998376523705869,0.6128335805061255
32,023,,5075,10797,0.4700379735111605,0.40481208423307735,0.5352638627892436
32,027,,761,1966,0.38708036622583925,0.2860362734868185,0.48812445896486
32,029,,618,817,0.7564259485924113,0.6050581310632701,0.9077937661215525
32,031,,92321,141123,0.6541881904437973,0.6339731072580025,0.6744032736295921
32,033,,876,2331,0.3758043758043758,0.2692934209615091,0.4823153306472425
32,510,,8827,14682,0.6012123688870726,0.5441238133434679,0.6583009244306773
33,000,,250633,349315,0.7174985328428496,0.7056783782667713,0.7293186874189279
33,001,,9584,14570,0.657789979409746,0.601352755606902,0.71422720321259
33,003,,6261,9609,0.6515766468935373,0.5796640954182847,0.72348919836879
33,005,,12450,18140,0.6863285556780595,0.6349321783615732,0.7377249329945458
33,007,,3832,6857,0.5588449759369987,0.5003863817565587,0.6173035701174386
33,009,,15271,21306,0.716746456397259,0.6738538400447369,0.759639072749781
33,011,,84135,116186,0.7241406021379512,0.7009754874633413,0.7473057168125611
33,013,,27780,39794,0.6980951902296829,0.665963689547792,0.7302266909115739
33,015,,60573,78432,0.7722995716034272,0.7448257074349387,0.7997734357719157
33,017,,25028,34243,0.7308939053237158,0.6909263472145922,0.7708614634328393
33,019,,5719,10178,0.561898211829436,0.4944477082528954,0.6293487154059766
34,000,,1764678,2443634,0.722153153868378,0.7172000053176533,0.7271063024191027
34,001,,40960,64708,0.6329974655374915,,
34,003,,195520,240886,0.8116702506579876,0.7952317042162579,0.8281087970997173
34,005,,90569,120705,0.7503334576032475,0.7290182465731305,0.7716486686333646
34,007,,98485,143805,0.6848510135252599,0.6652259680538226,0.7044760589966972
34,009,,12592,19007,0.6624927658231178,0.60918049559961,0.7158050360466256
34,011,,18334,41155,0.445486575142753,0.41270456700649083,0.4782685832790152
34,013,,150201,239295,0.6276813138594621,0.6107054924866054,0.6446571352323188
34,015,,56648,77637,0.729652098870384,0.7017230330196388,0.7575811647211291
34,017,,211923,268480,0.7893437127532777,0.7733799691437002,0.8053074563628553
34,019,,22739,28135,0.8082104140749956,0.7678062327629755,0.8486145953870157
34,021,,67065,98143,0.6833396166817807,0.6576233989560785,0.7090558344074829
34,023,,175500,234098,0.7496860289280558,0.7341386553866973,0.7652334024694143
34,025,,116873,148056,0.7893837466904414,0.7702844454963929,0.80848304788449
34,027,,104874,125343,0.8366961058854503,0.8161063336675496,0.857285878103351
34,029,,96934,140179,0.6915015801225576,0.6710544325681329,0.7119487276769823
34,031,,79979,135546,0.5900506101249761,0.5712097714857765,0.6088914487641757
34,033,,9059,16096,0.5628106361829026,0.5157857396248676,0.6098355327409376
34,035,,70915,86500,0.8198265895953757,0.7943036495917462,0.8453495295990052
34,037,,26952,35108,0.76768827617637,,
34,039,,100258,154098,0.6506119482407299,0.6326500870293363,0.6685738094521234
34,041,,18298,26654,0.686501088016808,0.6432897877682393,0.7297123882653767
35,000,,350631,550457,0.6369816352594299,0.6262279235913711,0.6477353469274886
35,001,,134735,190046,0.708959936015491,0.6890729786603941,0.728846893370588
35,003,,193,418,0.46172248803827753,0.18188354635512521,0.7415614297214299
35,005,,8518,16675,0.5108245877061469,0.456517911303518,0.5651312641087758
35,006,,3845,6883,0.5586226935929101,0.4687094675782163,0.6485359196076038
35,007,,1490,2602,0.5726364335126826,0.4629026131884419,0.6823702538369233
35,009,,8853,14199,0.6234946122966406,0.5581191597180195,0.6888700648752617
35,011,,432,544,0.7941176470588235,0.6114385180356446,0.9767967760820023
35,013,,36166,55469,0.6520038219546053,0.6135167584608738,0.6904908854483367
35,015,,11002,17099,0.6434294403181473,0.5736115160453856,0.713247364590909
35,017,,3140,5458,0.575302308537926,0.47980548424278435,0.6707991328330676
35,019,,632,1219,0.5184577522559475,0.3870606744951798,0.6498548300167152
35,021,,113,161,0.7018633540372671,0.36324245195443305,1
35,023,,478,1008,0.4742063492063492,0.35730330801780513,0.5911093903948933
35,025,,8516,20421,0.41702169335487976,0.3724236371685841,0.4616197495411754
35,027,,2677,4111,0.6511797616151788,0.5312372152456526,0.7711223079847049
35,028,,5066,5691,0.8901774732033034,0.808751175126034,0.9716037712805728
35,029,,2638,5931,0.4447816557073006,0.347984149797262,0.5415791616173392
35,031,,9781,19282,0.5072606576081319,0.4705281126938194,0.5439932025224444
35,033,,558,826,0.6755447941888619,0.41319796485818444,0.9378916235195394
35,035,,11775,18835,0.6251659145208389,0.5712156819023194,0.6791161471393584
35,037,,1127,1626,0.6931119311193112,0.505651323928858,0.8805725383097645
35,039,,4520,9010,0.5016648168701443,0.4329755227942069,0.5703541109460817
35,041,,2627,4298,0.6112145183806421,0.5165188634234414,0.7059101733378428
35,043,,25411,39196,0.6483059495866925,0.6064360422795154,0.6901758568938696
35,045,,18441,31616,0.5832806174089069,0.5449413414095565,0.6216198934082573
35,047,,3494,5951,0.587128213745589,0.4849749449959437,0.6892814824952342
35,049,,23778,35330,0.6730257571469006,0.6355534918558021,0.7104980224379991
35,051,,944,2040,0.4627450980392157,0.32158509082770514,0.6039051052507263
35,053,,1369,2728,0.5018328445747801,0.4073733563606625,0.5962923327888976
35,055,,4459,7171,0.6218100683307768,0.5043900021119524,0.7392301345496012
35,057,,2007,3747,0.5356285028022418,0.428469635543804,0.6427873700606797
35,059,,444,1020,0.43529411764705883,0.2638898342939372,0.6066984010001805
35,061,,11402,19846,0.5745238335180893,0.5194234717674494,0.6296241952687293
36,000,,3842402,5388018,0.7131383005773181,0.7096165162438616,0.7166600849107746
36,001,,63496,81188,0.7820860225649111,0.7546075960646339,0.8095644490651883
36,003,,5791,9174,0.631240462175714,0.5909510675121619,0.671529856839266
36,005,,214743,391200,0.5489340490797546,0.5350676597811711,0.5628004383783382
36,007,,30023,43858,0.6845501390852297,0.6529268636498292,0.7161734145206301
36,009,,8866,16807,0.5275182959481168,0.49318187277518744,0.5618547191210462
36,011,,11103,18575,0.5977388963660835,0.5575882921103749,0.6378895006217921
36,013,,16436,28256,0.5816817667044167,0.5448048265661122,0.6185587068427213
36,015,,12110,20305,0.5964048263974391,0.5556572874701264,0.6371523653247517
36,017,,5407,10426,0.5186073278342606,0.4729191197182346,0.5642955359502865
36,019,,11704,19115,0.6122940099398378,0.5668755623562808,0.6577124575233949
36,021,,9064,13637,0.6646623157585979,0.6107999562618164,0.7185246752553794
36,023,,6716,10236,0.6561156701836655,0.5991276318822532,0.7131037084850778
36,025,,5384,9099,0.5917133750961644,0.5362563708638407,0.6471703793284881
36,027,,50213,72691,0.6907732731699935,0.6631869672883625,0.7183595790516245
36,029,,185969,250357,0.7428152598089928,0.7268548231254675,0.7587756964925181
36,031,,5143,8524,0.6033552322853121,0.5474301137718869,0.6592803507987373
36,033,,6351,12109,0.5244859195639607,0.47744140483841324,0.5715304342895082
36,035,,7920,12435,0.6369119420989143,0.5769683590750333,0.6968555251227954
36,037,,9316,14274,0.6526551772453412,0.6008751424644219,0.7044352120262605
36,039,,6820,11627,0.586565752128666,0.533131785191288,0.639999719066044
36,041,,551,836,0.6590909090909091,0.5583604792722866,0.7598213389095315
36,043,,8571,13197,0.649465787679018,0.5944166288648873,0.7045149464931486
36,045,,22210,32914,0.6747888436531567,0.6379052056119273,0.7116724816943861
36,047,,614968,840051,0.7320603153856134,0.7233499401277208,0.7407706906435061
36,049,,3264,6100,0.5350819672131147,0.4826026340294207,0.5875613003968088
36,051,,8664,13388,0.6471466985360024,0.6004059786092063,0.6938874184627984
36,053,,8994,14317,0.6282042327303206,0.5906088823464477,0.6657995831141934
36,055,,146685,198121,0.7403808783521182,0.7232948013234866,0.7574669553807498
36,057,,7183,12218,0.5879030937960387,0.5339543631259133,0.6418518244661641
36,059,,266075,336154,0.7915270976992688,0.7777183993512711,0.8053357960472665
36,061,,497778,579603,0.858825782475246,0.8457517059125409,0.8718998590379511
36,063,,34563,51335,0.6732833349566573,0.6414496055039827,0.7051170644093319
36,065,,34797,55289,0.629365696612346,0.6014425260877695,0.6572888671369225
36,067,,87892,119197,0.7373675511967583,0.7179577508552678,0.7567773515382489
36,069,,19028,25625,0.7425560975609756,0.7025802752718644,0.7825319198500869
36,071,,62205,99154,0.6273574439760373,0.6044669181295933,0.6502479698224813
36,073,,4410,10004,0.4408236705317873,0.3930023312792956,0.48864500978427894
36,075,,16193,27542,0.5879384213201656,0.5529492949223288,0.6229275477180024
36,077,,8188,11976,0.6837007348029392,0.6344901242489469,0.7329113453569316
36,079,,17010,23623,0.7200609575413791,0.675965164995622,0.7641567500871362
36,081,,457788,666035,0.6873332482527195,0.6774702767665326,0.6971962197389063
36,083,,31354,42896,0.7309306229019022,0.6936744035161732,0.7681868422876313
36,085,,88107,128228,0.6871120192157719,0.6646457238040747,0.7095783146274691
36,087,,50221,78027,0.6436361772207057,0.6189917876557747,0.6682805667856366
36,089,,14019,24021,0.5836143374547271,0.5444479003176498,0.6227807745918045
36,091,,46796,59380,0.7880767935331762,0.7573409300351586,0.8188126570311938
36,093,,30344,41995,0.7225622097868794,0.6853702664931591,0.7597541530805996
36,095,,4010,6413,0.6252923748635584,0.5602965820731857,0.6902881676539311
36,097,,2359,3827,0.61640972040763,0.5353469338886743,0.6974725069265857
36,099,,4638,8013,0.5788094346686634,0.5237126262101536,0.6339062431271733
36,101,,13885,21809,0.6366637626667889,0.6018362882348735,0.6714912370987044
36,103,,262219,370573,0.707604169758725,0.6956070386618383,0.7196013008556117
36,105,,11623,19560,0.5942229038854806,0.5483560875438397,0.6400897202271215
36,107,,6581,10817,0.6083941943237496,0.551024695156126,0.6657636934913733
36,109,,19303,23289,0.8288462364206277,0.7862066566413697,0.8714858161998857
36,111,,28697,45633,0.6288650757127517,0.596674060282976,0.6610560911425275
36,113,,10471,15438,0.6782614328280865,0.6296763943788657,0.7268464712773073
36,115,,8062,14730,0.5473183978275628,0.49848094541134685,0.5961558502437786
36,117,,13502,21235,0.6358370614551448,0.5945328005335713,0.6771413223767184
36,119,,189113,245840,0.769252359258054,0.7519585710128398,0.7865461475032682
36,121,,5422,10522,0.515301273522144,0.47144845720525813,0.5591540898390299
36,123,,2084,5200,0.40076923076923077,0.3514299155517246,0.45010854598673694
37,000,,1953826,2812670,0.6946517010527363,0.6897970560568886,0.6995063460485841
37,001,,28003,44191,0.6336810662804644,0.5971925282613205,0.6701696042996083
37,003,,4851,9018,0.5379241516966068,0.4641769706924728,0.6116713327007408
37,005,,1201,2182,0.5504124656278644,0.4346884582723164,0.6661364729834124
37,007,,2054,6006,0.341991341991342,0.27758295541601746,0.40639972856666656
37,009,,3706,5694,0.6508605549701441,0.5596876206161356,0.7420334893241525
37,011,,2258,4272,0.528558052434457,0.4451263089829953,0.6119897958859186
37,013,,5562,9221,0.6031883743628673,0.5357235031181894,0.6706532456075452
37,015,,2149,4152,0.5175818882466281,0.41550991676222704,0.6196538597310292
37,017,,3346,6567,0.5095172833866302,0.437517219731605,0.5815173470416553
37,019,,18048,28486,0.633574387418381,0.5900847550769142,0.6770640197598479
37,021,,53748,76023,0.7069965668284598,0.672916789986586,0.7410763436703336
37,023,,12199,21161,0.5764850432399224,0.528738852693912,0.6242312337859329
37,025,,46500,64493,0.7210084815406324,0.6852304903236103,0.7567864727576544
37,027,,9820,17893,0.5488179735091936,0.49578120274861076,0.6018547442697764
37,029,,2013,2707,0.7436276320650166,0.5762534799945191,0.911001784135514
37,031,,10565,14518,0.7277173164347707,0.6788971797899279,0.7765374530796134
37,033,,2799,5020,0.5575697211155378,0.4765280964184443,0.6386113458126313
37,035,,25376,38974,0.6511007338225484,0.6106657794993016,0.6915356881457952
37,037,,11769,16777,0.7014960958455028,0.6478230721751314,0.7551691195158742
37,039,,3119,5399,0.5776995739951843,0.4865613464306446,0.668837801559724
37,041,,1329,3022,0.43977498345466576,0.34723783150092913,0.5323121354084024
37,043,,1516,1911,0.7933019361590791,0.6297113856351693,0.9568924866829889
37,045,,14247,23909,0.5958843949976996,0.5475229867409347,0.6442458032544646
37,047,,6454,11963,0.5394967817437097,0.4865428708846084,0.592450692602811
37,049,,16152,24888,0.6489874638379942,0.6015827677791267,0.6963921598968618
37,051,,70291,98514,0.7135128002111375,0.692286012573071,0.734739587849204
37,053,,5273,7739,0.6813541801266313,0.598843525348812,0.7638648349044506
37,055,,5646,7980,0.7075187969924812,0.6258980638303437,0.7891395301546187
37,057,,24616,41399,0.5946037343897196,0.5549435512511695,0.6342639175282697
37,059,,6282,9500,0.6612631578947369,0.5880561950896421,0.7344701206998316
37,061,,6488,11090,0.5850315599639315,0.5239177179649579,0.6461454019629052
37,063,,86118,108163,0.7961872359309561,0.7677694377115689,0.8246050341503433
37,065,,6074,11436,0.531129765652326,0.4654780361029214,0.5967814952017305
37,067,,68928,99290,0.6942088830697956,0.6665127030699712,0.7219050630696199
37,069,,11640,18524,0.6283740012956165,0.57198087009967,0.684767132491563
37,071,,39640,62107,0.6382533369829487,0.6099878748555528,0.6665187991103446
37,073,,1062,2165,0.49053117782909933,0.36648222707303235,0.6145801285851663
37,075,,892,1909,0.4672603457307491,0.3371040740772489,0.5974166173842492
37,077,,9509,15071,0.6309468515692389,0.5714431375315904,0.6904505656068874
37,079,,2632,5928,0.44399460188933876,0.37472904892080205,0.5132601548578755
37,081,,102028,141337,0.7218774984611248,0.6971763523683079,0.7465786445539417
37,083,,5822,11007,0.5289361315526483,0.4673997117196804,0.5904725513856162
37,085,,27601,40922,0.6744782757440986,0.6367326500020696,0.7122239014861276
37,087,,9281,14340,0.64721059972106,0.5913215285382141,0.7030996709039059
37,089,,17322,26025,0.6655907780979827,0.6188000057761722,0.7123815504197932
37,091,,2354,4472,0.526386404293381,0.45725031301552205,0.5955224955712399
37,093,,10855,16649,0.6519911105772118,0.6008289751243804,0.7031532460300433
37,095,,593,1092,0.543040293040293,0.3606118226107786,0.7254687634698074
37,097,,33364,49330,0.6763429961483884,0.6407174746428221,0.7119685176539547
37,099,,5321,9426,0.5645024400594102,0.48381575194384474,0.6451891281749756
37,101,,41649,62531,0.6660536373958517,0.6311842880283624,0.700922986763341
37,103,,1254,2089,0.6002872187649593,0.4989421387010179,0.7016322988289007
37,105,,10396,16607,0.6260010838802914,0.5707947211437773,0.6812074466168055
37,107,,6368,12407,0.5132586443136938,0.4540228323567627,0.5724944562706249
37,109,,14099,21556,0.6540638337353869,0.5938519808820955,0.7142756865886783
37,111,,6007,10939,0.5491361184751805,0.4883136285283777,0.6099586084219834
37,113,,4951,8012,0.6179480778831752,0.5215136584644705,0.7143824973018799
37,115,,3032,5149,0.5888522043115167,0.5041663039849504,0.6735381046380831
37,117,,2705,4711,0.5741880704733602,0.4789093393422854,0.669466801604435
37,119,,284895,369503,0.7710221567889841,0.7571285682864207,0.7849157452915475
37,121,,2085,3231,0.6453110492107706,0.5249042398468664,0.7657178585746749
37,123,,3088,6348,0.4864524259609326,0.42263460075308373,0.5502702511687814
37,125,,19376,25766,0.7519987580532485,0.7059862776217612,0.7980112384847357
37,127,,12213,22956,0.5320177731312076,0.4777724336492736,0.5862631126131416
37,129,,47034,60363,0.7791859251528254,0.7421778767847459,0.8161939735209048
37,131,,1926,3138,0.6137667304015296,0.5022521228390204,0.7252813379640388
37,133,,40970,59682,0.6864716329881706,0.6487147822949755,0.7242284836813657
37,135,,29352,34619,0.8478581125971287,0.8079806302995753,0.8877355948946821
37,137,,1560,2529,0.6168446026097272,0.5034004571793822,0.7302887480400722
37,139,,7276,10814,0.6728315147031626,0.5849509373347258,0.7607120920715994
37,141,,11326,16405,0.6903992685156964,0.629475880292233,0.7513226567391599
37,143,,1568,2486,0.6307320997586484,0.49130223111852434,0.7701619683987725
37,145,,5202,8553,0.6082076464398457,0.5214568663711803,0.6949584265085111
37,147,,32041,43867,0.7304123828846285,0.6909825440303682,0.7698422217388888
37,149,,2217,3626,0.6114175399889685,0.52066848961243,0.7021665903655071
37,151,,18614,34811,0.5347160380339547,0.49558519969835974,0.5738468763695497
37,153,,5584,10323,0.5409280247989925,0.4675181801061891,0.6143378694917958
37,155,,13225,27889,0.4742012980027968,0.4428319925813417,0.505570603424252
37,157,,12023,20975,0.5732061978545888,0.5253944190765704,0.6210179766326073
37,159,,21906,37039,0.5914306541753287,0.5483513623191036,0.6345099460315538
37,161,,8546,14562,0.5868699354484274,0.5352479323039863,0.6384919385928685
37,163,,7891,13825,0.5707775768535263,0.5140906003455284,0.6274645533615241
37,165,,3765,8139,0.4625875414670107,0.4127968307287521,0.5123782522052693
37,167,,9903,15930,0.6216572504708098,0.5694127038190754,0.6739017971225442
37,169,,5545,9449,0.5868345856704413,0.5163575983294203,0.6573115730114624
37,171,,9807,16053,0.6109138478789011,0.5632076303671837,0.6586200653906186
37,173,,1802,3366,0.5353535353535354,0.4366356004043228,0.6340714703027479
37,175,,4142,6734,0.6150876150876151,0.5364915309638189,0.6936836992114114
37,177,,325,860,0.37790697674418605,0.2249537644254859,0.5308601890628862
37,179,,41857,58562,0.7147467641132474,0.6824920761477302,0.7470014520787647
37,181,,4363,9774,0.44638837732760384,0.3748247777901696,0.5179519768650381
37,183,,287623,350252,0.8211887441042449,0.8054100340178718,0.836967454190618
37,185,,1890,3944,0.47920892494929007,0.40426031783076033,0.5541575320678198
37,187,,1163,2039,0.5703776360961256,0.4212568153063142,0.7194984568859369
37,189,,8062,10481,0.7692014120790001,0.6952819889677133,0.8431208351902868
37,191,,18520,30168,0.6138955184301247,0.569420983366858,0.6583700534933914
37,193,,8121,14311,0.5674655859129341,0.5064820306339536,0.6284491411919145
37,195,,10730,19081,0.562339500026204,0.5113093931455077,0.6133696069069003
37,197,,4931,8354,0.5902561647115154,0.5278185201969586,0.6526938092260722
37,199,,2482,4000,0.6205,0.5303759827640463,0.7106240172359538
38,000,,156532,214814,0.7286862122580465,0.7123760601411203,0.7449963643749727
38,001,,265,415,0.6385542168674698,0.4628285304890983,0.8142799032458414
38,003,,1742,2365,0.7365750528541226,0.6053786171886318,0.8677714885196134
38,005,,664,1214,0.5469522240527183,0.4731554378772091,0.6207490102282274
38,007,,196,255,0.7686274509803922,0.6449209959792768,0.8923339059815076
38,009,,860,1324,0.649546827794562,0.5445303117692817,0.7545633438198422
38,011,,404,575,0.7026086956521739,0.5823020709188463,0.8229153203855014
38,013,,349,534,0.653558052434457,0.5353720726208819,0.771744032248032
38,015,,20276,27079,0.7487721112301046,0.6986234719550353,0.7989207505051739
38,017,,48038,59092,0.8129357611859473,,
38,019,,498,622,0.8006430868167203,0.6759727491409543,0.9253134244924862
38,021,,760,1108,0.6859205776173285,0.5559493231444491,0.8158918320902079
38,023,,331,408,0.8112745098039216,0.6214221351326428,1
38,025,,648,1107,0.5853658536585366,0.49328200204174366,0.6774497052753294
38,027,,381,498,0.7650602409638554,0.6116755840006176,0.9184448979270932
38,029,,435,587,0.7410562180579217,0.6385666553529408,0.8435457807629025
38,031,,715,846,0.8451536643026005,0.6757662099478325,1
38,033,,234,299,0.782608695652174,0.6129106000884391,0.9523067912159088
38,035,,15818,19735,0.8015201418799088,0.7503012950511754,0.8527389887086423
38,037,,340,448,0.7589285714285714,0.6544807845594247,0.8633763582977181
38,039,,251,376,0.6675531914893617,0.510623909313874,0.8244824736648493
38,041,,361,601,0.6006655574043261,0.479490744645947,0.7218403701627053
38,043,,307,420,0.7309523809523809,0.5896490995436563,0.8722556623611055
38,045,,550,791,0.695322376738306,0.5890780681449791,0.8015666853316329
38,047,,303,356,0.851123595505618,0.7042652723684265,0.9979819186428095
38,049,,788,1145,0.6882096069868996,0.5800421251069053,0.7963770888668938
38,051,,326,526,0.6197718631178707,0.49018470260762315,0.7493590236281182
38,053,,2913,4558,0.6390960947784116,0.5251729622181693,0.7530192273386538
38,055,,1542,2048,0.7529296875,0.669042196779976,0.836817178220024
38,057,,1303,1900,0.6857894736842105,0.558517549514078,0.8130613978543431
38,059,,6761,9688,0.6978736581337738,0.6184295333519245,0.777317782915623
38,061,,1368,2470,0.5538461538461539,0.4714906475596349,0.6362016601326729
38,063,,448,595,0.7529411764705882,0.6197847034153865,0.88609764952579
38,065,,244,354,0.6892655367231638,0.5377309493418218,0.8408001241045059
38,067,,932,1480,0.6297297297297297,0.5386628169060846,0.7207966425533748
38,069,,574,823,0.6974483596597812,0.5494917164612234,0.8454050028583391
38,071,,1762,2666,0.6609152288072018,0.5367144619425764,0.7851159956718271
38,073,,836,1283,0.6515978176149649,0.5405343373659715,0.7626612978639584
38,075,,269,489,0.5501022494887525,0.45989830231033213,0.6403061966671729
38,077,,2789,3736,0.7465203426124197,0.6660001506204789,0.8270405346043606
38,079,,1514,2813,0.5382154283682901,0.44919635487537146,0.6272345018612087
38,081,,588,894,0.6577181208053692,0.5602369636016765,0.7551992780090618
38,083,,174,259,0.6718146718146718,0.54662557846405,0.7970037651652936
38,085,,320,752,0.425531914893617,0.3256134566414381,0.525450373145796
38,087,,120,149,0.8053691275167785,0.5846111599424024,1
38,089,,6843,9986,0.6852593631083517,0.6171102703827627,0.7534084558339407
38,091,,236,393,0.6005089058524173,0.47547600684996155,0.7255418048548732
38,093,,3304,5229,0.6318607764390897,0.5568621932984053,0.7068593595797741
38,095,,288,373,0.7721179624664879,0.6178442857615369,0.9263916391714389
38,097,,1249,1754,0.7120866590649944,0.6281355020707547,0.796037816059234
38,099,,1362,2243,0.6072224699063754,0.5326403322788774,0.6818046075338734
38,101,,14862,20945,0.7095726903795655,0.6557115850704469,0.7634337956886841
38,103,,381,737,0.5169606512890095,0.4143290680503562,0.6195922345276628
38,105,,7710,13471,0.5723405834756142,0.4979464542280917,0.6467347127231368
39,000,,2000907,3037407,0.658754984103217,0.6543160850850587,0.6631938831213753
39,001,,3183,6093,0.5224027572624323,0.4386609206075679,0.6061445939172968
39,003,,14439,24370,0.5924907673368897,0.5548899157221885,0.6300916189515908
39,005,,6431,12038,0.5342249543113474,0.48232063714343903,0.5861292714792558
39,007,,10763,22514,0.4780580971839744,0.43752325623228056,0.5185929381356683
39,009,,9871,13799,0.715341691426915,0.6555324944155098,0.7751508884383201
39,011,,7316,10706,0.6833551279656267,0.6249624283079218,0.7417478276233316
39,013,,8578,15990,0.5364602876797999,0.49256226984758045,0.5803583055120194
39,015,,5030,10328,0.4870255615801704,0.4229915009321838,0.551059622228157
39,017,,61130,95650,0.6391008886565603,0.6146553846950479,0.6635463926180728
39,019,,2684,5784,0.4640387275242047,0.39514705635384323,0.5329303986945662
39,021,,5197,9331,0.5569606687386133,0.4987395650618484,0.6151817724153782
39,023,,18968,31694,0.5984728970783113,0.5644463828562942,0.6324994113003284
39,025,,35610,53879,0.660925406930344,0.6292062392921746,0.6926445745685134
39,027,,5740,9737,0.5895039539899353,0.5247182222730703,0.6542896857068002
39,029,,12161,23158,0.5251317039468002,0.4821996621755922,0.5680637457180082
39,031,,3896,8538,0.45631295385336146,0.3981975249629966,0.5144283827437264
39,033,,5399,9604,0.562161599333611,0.5019472391268845,0.6223759595403374
39,035,,234268,333649,0.7021390742966411,0.689496996017824,0.7147811525754583
39,037,,6300,11641,0.5411906193625977,0.4941208980804186,0.5882603406447768
39,039,,5418,9372,0.5781049935979513,0.5154474319764221,0.6407625552194806
39,041,,47735,56940,0.8383386020372322,0.8059674469958762,0.8707097570785882
39,043,,10241,16525,0.6197276853252648,0.5685119389185912,0.6709434317319384
39,045,,27925,41935,0.6659115297484202,0.6311026809121411,0.7007203785846993
39,047,,3585,7195,0.4982626824183461,0.4291615511074185,0.5673638137292737
39,049,,301673,424404,0.710815637929897,0.6975026680170155,0.7241286078427784
39,051,,5903,9917,0.5952404961177775,0.537981702044468,0.652499290191087
39,053,,3738,6685,0.5591623036649215,0.4785832498041161,0.6397413575257269
39,055,,12338,19002,0.6493000736764551,0.6013252878302925,0.6972748595226178
39,057,,34077,43495,0.7834693642947466,0.747071616094948,0.8198671124945451
39,059,,4403,9135,0.481992337164751,0.42211483843829695,0.5418698358912051
39,061,,168698,231057,0.7301142142415075,0.7132553739726155,0.7469730545103994
39,063,,12800,18906,0.6770337459007723,0.6228249091932674,0.7312425826082771
39,065,,3111,6489,0.47942672214516874,0.4162597920823118,0.5425936522080257
39,067,,1334,3062,0.4356629653821032,0.3624447788732888,0.5088811518909175
39,069,,4167,6583,0.6329940756494,0.5631881116331157,0.7028000396656844
39,071,,5560,10214,0.5443508909340121,0.48617588720860133,0.602525894659423
39,073,,3631,6342,0.5725323241879533,0.49037567288159034,0.6546889754943163
39,075,,2604,10650,0.24450704225352113,0.20515427099164327,0.283859813515399
39,077,,7558,13942,0.5421029981351313,0.4863655875625918,0.5978404087076707
39,079,,3542,7972,0.4443050677370798,0.3738365614639985,0.5147735740101611
39,081,,8669,14066,0.6163088298023603,0.5663584053845094,0.6662592542202113
39,083,,8067,13964,0.5776997994843884,0.5161983979738903,0.6392012009948865
39,085,,39002,55567,0.7018914103694639,0.6709384461591466,0.7328443745797812
39,087,,7159,13822,0.5179424106496889,0.4632043074555109,0.572680513843867
39,089,,29283,44939,0.6516166358841986,0.6187093968345764,0.6845238749338208
39,091,,5927,10987,0.5394557203968326,0.4792941057597883,0.5996173350338769
39,093,,50663,75708,0.6691895176203307,0.6435914801857782,0.6947875550548833
39,095,,74016,111834,0.6618380814421374,0.6398619531629933,0.6838142097212815
39,097,,6837,12278,0.5568496497800944,0.5043564270141111,0.6093428725460778
39,099,,33728,53416,0.631421296989666,0.6029363767666508,0.6599062172126812
39,101,,8253,16920,0.4877659574468085,0.4405536994951293,0.5349782153984877
39,103,,31913,43183,0.7390176689901119,0.7063994172063413,0.7716359207738825
39,105,,2246,4956,0.45318805488297015,0.37783327519925713,0.5285428345666832
39,107,,6683,9660,0.6918219461697722,0.6267077730188072,0.7569361193207372
39,109,,16577,26828,0.617899209780826,0.5753906374160322,0.6604077821456198
39,111,,1491,2832,0.5264830508474576,0.4406445523399494,0.6123215493549659
39,113,,96151,139841,0.6875737444669303,0.6670288037238531,0.7081186852100075
39,115,,1455,3029,0.4803565533179267,0.3961666796982616,0.5645464269375918
39,117,,4116,8323,0.4945332211942809,0.43253160695748405,0.5565348354310777
39,119,,11443,21047,0.5436879365230199,0.4987475182993234,0.5886283547467165
39,121,,1258,3027,0.41559299636603897,,
39,123,,5504,8016,0.6866267465069861,0.6225797440695165,0.7506737489444556
39,125,,2568,4475,0.573854748603352,0.5035338347290843,0.6441756624776196
39,127,,4322,8614,0.5017413512886,0.4416637018145496,0.5618190007626503
39,129,,8889,16372,0.5429391644270706,0.49927552030429323,0.5866028085498479
39,131,,2970,6404,0.4637726420986883,0.3772633041400682,0.5502819800573083
39,133,,24869,37649,0.6605487529549258,0.6217023703447492,0.6993951355651024
39,135,,4985,9326,0.5345271284580742,0.48258896270819174,0.5864652942079566
39,137,,5753,7798,0.7377532700692485,0.6787160465996221,0.7967904935388749
39,139,,16290,31742,0.5132001764224057,0.47654757258865765,0.5498527802561537
39,141,,9911,20022,0.49500549395664767,0.44883118952404166,0.5411797983892537
39,143,,7575,14136,0.5358658743633277,0.48515887326314133,0.586572875463514
39,145,,9335,18211,0.5126022733512712,0.46582734573141116,0.5593772009711312
39,147,,7636,12861,0.593732991213747,0.5425737897945098,0.6448921926329843
39,149,,6302,10866,0.5799742315479477,0.5263809857034958,0.6335674773923996
39,151,,57504,90180,0.6376580172987358,0.6140047458272753,0.6613112887701964
39,153,,97301,139099,0.6995089828108039,0.6791260805426025,0.7198918850790053
39,155,,24925,46515,0.5358486509728044,0.5032023918209689,0.5684949101246399
39,157,,10542,21695,0.4859184143811938,0.4483393381560855,0.5234974906063021
39,159,,14240,19496,0.7304062371768568,0.6819865893951497,0.778825884958564
39,161,,4227,6904,0.6122537659327926,0.5461979013453219,0.6783096305202633
39,163,,1498,2898,0.5169082125603864,0.41948232443153033,0.6143341006892425
39,165,,47467,63356,0.7492108087631795,0.718479255985981,0.779942361540378
39,167,,8203,13336,0.6151019796040792,0.5641707114455593,0.6660332477625991
39,169,,14322,26849,0.5334276881820552,0.4989607248474291,0.5678946515166813
39,171,,5097,9021,0.5650149650814765,0.5048296520686386,0.6252002780943144
39,173,,23876,31887,0.7487690908520713,0.7080887156133144,0.7894494660908282
39,175,,2854,5127,0.5566608152915935,0.4810025003539961,0.6323191302291908
40,000,,648209,1073359,0.603906987317384,0.5985789676486228,0.6092350069861452
40,001,,1937,4748,0.40796124684077506,0.35442704176077633,0.4614954519207738
40,003,,792,1604,0.4937655860349127,0.4195104556681662,0.5680207164016593
40,005,,1677,4023,0.4168530947054437,0.3666919799694258,0.46701420944146155
40,007,,564,1110,0.5081081081081081,0.4268514099196149,0.5893648062966014
40,009,,2708,6937,0.3903704771515064,0.3261839717036383,0.45455698259937455
40,011,,838,1968,0.4258130081300813,0.3531940363039655,0.49843197995619715
40,013,,6915,12771,0.5414611228564717,0.49594505755273083,0.5869771881602126
40,015,,3073,7754,0.3963115811194222,0.3610237130183885,0.43159944922045596
40,017,,36020,51383,0.7010100616935563,0.6674332103943458,0.7345869129927668
40,019,,6800,12467,0.5454399614983556,0.5040903168699288,0.5867896061267824
40,021,,6993,11462,0.610102948874542,0.563034746105429,0.6571711516436549
40,023,,1484,3232,0.4591584158415842,0.4009503580299359,0.5173664736532324
40,025,,143,382,0.3743455497382199,0.22484929773002893,0.5238418017464108
40,027,,57220,82624,0.6925348567002324,,
40,029,,564,1152,0.4895833333333333,0.41021798066741133,0.5689486859992553
40,031,,21348,36186,0.5899519151052893,0.5603860479119284,0.6195177822986503
40,033,,677,1173,0.577152600170503,0.4762633475667332,0.6780418527742726
40,035,,1431,3479,0.4113250934176487,0.35089891640387033,0.4717512704314271
40,037,,9150,17836,0.5130074007625028,0.4797894028624551,0.5462253986625506
40,039,,4161,7079,0.5877948862833734,0.522723505483839,0.6528662670829078
40,041,,3702,8613,0.4298153953326367,0.3866613608318017,0.4729694298334717
40,043,,444,941,0.4718384697130712,0.39560229798167484,0.5480746414444675
40,045,,362,806,0.4491315136476427,0.36171425302528104,0.5365487742700044
40,047,,8334,16562,0.50320009660669,0.4576362930468624,0.5487639001665175
40,049,,2760,6379,0.43266969744474054,0.38778411874120416,0.4775552761482769
40,051,,7845,14391,0.5451323744006671,0.5069066811372804,0.5833580676640537
40,053,,545,946,0.5761099365750528,0.4676254130144605,0.6845944601356452
40,055,,584,1502,0.38881491344873503,0.282213981347613,0.49541584554985707
40,057,,194,541,0.3585951940850277,0.2168020069660413,0.5003883812040142
40,059,,555,845,0.6568047337278107,0.5299983748599786,0.7836110925956428
40,061,,1304,2796,0.4663805436337625,0.40881621829685866,0.5239448689706664
40,063,,1606,3658,0.4390377255330782,0.385065831830803,0.49300961923535336
40,065,,4131,6683,0.6181355678587461,0.5525324942275173,0.683738641489975
40,067,,485,1143,0.4243219597550306,0.3484333396712306,0.5002105798388307
40,069,,1222,2369,0.5158294639088223,0.44124547027519756,0.5904134575424471
40,071,,5500,10412,0.5282366500192086,0.4828842526016437,0.5735890474367735
40,073,,2462,3941,0.6247145394569906,0.5413342209884834,0.7080948579254979
40,075,,890,1843,0.48290830168204013,0.3977958504321111,0.5680207529319692
40,077,,1006,2156,0.46660482374768086,0.3995625846043258,0.5336470628910359
40,079,,5300,12056,0.43961512939615127,0.4068092462966518,0.4724210124956507
40,081,,4144,8100,0.5116049382716049,0.466174827985702,0.5570350485575079
40,083,,8120,12644,0.6422018348623854,0.5853852422493675,0.6990184274754032
40,085,,1154,2517,0.4584823202224871,0.39909573311485735,0.5178689073301168
40,087,,7458,11993,0.6218627532727424,0.5650108829679125,0.6787146235775724
40,089,,3343,7285,0.45888812628689085,0.41416577389100645,0.5036104786827753
40,091,,1791,4047,0.4425500370644922,0.37552950356395837,0.509570570565026
40,093,,1050,1838,0.5712731229597389,0.47544372764522824,0.6671025182742495
40,095,,1700,3532,0.4813137032842582,0.4158815516408752,0.5467458549276412
40,097,,5162,9740,0.5299794661190965,0.4843036951467055,0.5756552370914876
40,099,,1503,3214,0.4676415681393902,0.3961833823499129,0.5390997539288674
40,101,,8600,17167,0.500961146385507,0.4645830548949854,0.5373392378760287
40,103,,1507,2469,0.6103685702713649,0.51048227114586,0.7102548693968699
40,105,,1064,2184,0.48717948717948717,0.41406606836092197,0.5602929059980524
40,107,,1284,2820,0.4553191489361702,0.396314171128377,0.5143241267439633
40,109,,152828,229862,0.6648684863091768,0.6497573508748061,0.6799796217435475
40,111,,4912,8902,0.5517861154796675,0.5065724828257231,0.5969997481336119
40,113,,5768,10785,0.5348168752897543,0.49029702847703127,0.5793367221024773
40,115,,3853,7071,0.5449017112148211,0.5125236104470462,0.577279811982596
40,117,,1769,3714,0.4763058696822833,0.42126302738706745,0.5313487119774991
40,119,,13595,20134,0.6752259858945068,0.6240593487497589,0.7263926230392547
40,121,,5716,11046,0.5174723881948217,0.4756866408496128,0.5592581355400306
40,123,,5870,9904,0.5926898222940227,0.548287116938799,0.6370925276492464
40,125,,10254,18694,0.5485182411468921,0.5162184034447318,0.5808180788490523
40,127,,1176,2460,0.47804878048780486,0.4140515693858413,0.5420459915897684
40,129,,507,793,0.639344262295082,0.5385003041376467,0.7401882204525173
40,131,,14779,24882,0.5939635077566112,0.5643912772849959,0.6235357382282265
40,133,,2770,5493,0.504278172219188,0.459892968374554,0.548663376063822
40,135,,4378,9292,0.47115798536375375,0.43266073739776084,0.5096552333297467
40,137,,5071,10292,0.49271278663039253,0.4498479838221856,0.5355775894385995
40,139,,2839,5477,0.5183494613839693,0.4298635630929869,0.6068353596749517
40,141,,546,1502,0.36351531291611183,0.29391241217513214,0.4331182136570915
40,143,,121818,189195,0.6438753666851661,0.6320390654980387,0.6557116678722935
40,145,,14851,23298,0.6374366898446219,0.603027737490875,0.6718456421983687
40,147,,8060,12920,0.6238390092879257,0.5756323146044354,0.6720457039714159
40,149,,1334,2597,0.5136696187909126,0.4231026951853172,0.6042365423965079
40,151,,1166,1997,0.5838758137205808,0.48149035152204533,0.6862612759191163
40,153,,2743,5546,0.494590695997115,0.41437242942915653,0.5748089625650735
41,000,,844249,1193170,0.7075680749599805,0.7006266161140552,0.7145095338059059
41,001,,2484,3819,0.6504320502749411,0.5538971934259538,0.7469669071239284
41,003,,19187,23029,0.8331668765469625,0.7860022548059564,0.8803314982879686
41,005,,82869,110497,0.7499660624270342,0.7264070217899412,0.7735251030641273
41,007,,6963,10231,0.6805786335646564,0.6106820094302285,0.7504752576990843
41,009,,7494,13522,0.5542079574027511,0.498043729870769,0.6103721849347332
41,011,,7940,14134,0.5617659544361115,0.5066689783844407,0.6168629304877824
41,013,,3154,5860,0.5382252559726962,0.4539611511321512,0.6224893608132412
41,015,,2352,4362,0.5392022008253095,0.43051373488171624,0.6478906667689026
41,017,,43614,57075,0.7641524310118265,0.7276672775605983,0.8006375844630547
41,019,,14500,25399,0.5708886176621126,0.5275226961111266,0.6142545392130987
41,021,,266,436,0.6100917431192661,0.44069468919422133,0.7794887970443107
41,023,,1065,1561,0.6822549647661755,0.5778833997568428,0.7866265297755083
41,025,,1019,1620,0.6290123456790123,0.4911660527075611,0.7668586386504636
41,027,,4664,6311,0.7390270955474568,0.6633547813121949,0.8146994097827187
41,029,,36229,55543,0.6522694128873125,0.6169461390838544,0.6875926866907707
41,031,,3357,6260,0.5362619808306709,0.46366749233121457,0.6088564693301272
41,033,,11529,19697,0.5853175610499061,0.5369474477572775,0.6336876743425346
41,035,,9980,17113,0.5831823759714837,0.5333581734396456,0.6330065785033218
41,037,,1112,2076,0.535645472061657,0.4118193135812533,0.6594716305420607
41,039,,68567,97993,0.6997132448236099,0.676683964623321,0.7227425250238987
41,041,,6191,10112,0.6122428797468354,0.5508630146287672,0.6736227448649037
41,043,,21882,34755,0.629607250755287,0.5930000184111097,0.6662144830994643
41,045,,3911,8326,0.46973336536151816,0.41912053541376254,0.5203461953092738
41,047,,57289,95623,0.5991131840665949,0.576439273786259,0.6217870943469307
41,049,,1275,3133,0.4069581870411746,0.3277094111433908,0.4862069629389584
41,051,,223374,281985,0.7921485185382201,,
41,053,,15009,22427,0.6692379720872162,0.6211526883646281,0.7173232558098044
41,055,,238,381,0.6246719160104987,0.4776281125725965,0.7717157194484008
41,057,,3610,5922,0.6095913542722053,0.5397555315359968,0.6794271770084139
41,059,,11335,21875,0.5181714285714286,0.4749352415912406,0.5614076155516167
41,061,,4026,6260,0.6431309904153355,0.5756642951334054,0.7105976856972656
41,063,,1134,1582,0.7168141592920354,0.6011307954491805,0.8324975231348903
41,065,,3911,6815,0.5738811445341159,0.5074161750706329,0.6403461139975989
41,067,,145552,188871,0.7706423961328103,0.7522549444553757,0.7890298478102449
41,069,,168,224,0.75,0.49631716167993184,1
41,071,,16999,28341,0.5998024064076779,0.5589260094293623,0.6406788033859935
42,000,,2246368,3325147,0.6755695312117028,0.6715572118585067,0.679581850564899
42,001,,13785,23128,0.5960307851954341,0.5574072602236417,0.6346543101672264
42,003,,279547,347889,0.8035522824809063,0.790529921301625,0.8165746436601875
42,005,,7761,14297,0.5428411554871652,0.5015069973465076,0.5841753136278227
42,007,,27126,39832,0.6810102430206869,0.6473224997170874,0.7146979863242864
42,009,,5297,10095,0.5247152055473007,0.4781788972813157,0.5712515138132856
42,011,,62173,106897,0.5816159480621533,0.5598433619768907,0.603388534147416
42,013,,16604,29066,0.5712516342117938,0.5358193114130742,0.6066839570105135
42,015,,6500,13287,0.48919996989538644,0.4494965908086312,0.5289033489821416
42,017,,111226,151638,0.7334968807291048,0.713507051620536,0.7534867098376736
42,019,,34540,46775,0.7384286477819348,0.7078235046424937,0.769033790921376
42,021,,17515,28008,0.6253570408454727,0.5936428440572049,0.6570712376337405
42,023,,496,815,0.6085889570552148,0.45418596842576403,0.7629919456846654
42,025,,8326,14877,0.5596558445923238,0.5054113723198396,0.613900316864808
42,027,,27047,37963,0.7124568658957406,0.6746684542901756,0.7502452775013057
42,029,,107111,134220,0.7980256295634034,0.7770572388003913,0.8189940203264154
42,031,,4491,8125,0.5527384615384615,0.5044339223139067,0.6010430007630163
42,033,,10317,19245,0.536087295401403,0.49763916347757847,0.5745354273252276
42,035,,4084,8352,0.48898467432950193,0.4386356432793995,0.5393337053796043
42,037,,8677,14510,0.5980013783597519,0.550936699381043,0.6450660573384608
42,039,,8971,18016,0.497946269982238,0.4644548709000083,0.5314376690644677
42,041,,48928,69642,0.702564544384136,0.6732580678058382,0.7318710209624337
42,043,,49967,77033,0.6486440875988213,0.6207630055978423,0.6765251695998004
42,045,,108223,149457,0.7241079374000549,0.7045058436151512,0.7437100311849585
42,047,,3815,6323,0.6033528388423217,0.5295588649174477,0.6771468127671957
42,049,,41219,66067,0.6238969530930721,0.5963185529355687,0.6514753532505756
42,051,,15028,29261,0.5135846348381805,0.47817717869710025,0.5489920909792607
42,053,,719,2245,0.32026726057906457,0.24585492654531546,0.39467959461281366
42,055,,21839,38163,0.572255849906978,0.5385746983909694,0.6059370014229866
42,057,,1827,3195,0.571830985915493,0.5148688678096802,0.6287931040213057
42,059,,4146,8359,0.49599234358176814,0.440226624129092,0.5517580630344443
42,061,,4975,10436,0.4767152165580682,0.43863368966907085,0.5147967434470656
42,063,,10843,17165,0.6316923973201282,0.5826784790992123,0.680706315541044
42,065,,4842,9896,0.48928860145513337,0.45078362158474533,0.5277935813255215
42,067,,2148,5269,0.4076674890871133,0.35982994276533953,0.4555050354088871
42,069,,33974,52513,0.6469636090111021,0.6175514407558785,0.6763757772663256
42,071,,83525,138773,0.601882210516455,0.5834934283900022,0.6202709926429077
42,073,,11098,18918,0.5866370652288826,0.5461799924229072,0.627094138034858
42,075,,19657,34324,0.5726896632094162,0.538474152265251,0.6069051741535814
42,077,,63416,99108,0.6398676191629333,0.616383363651579,0.6633518746742877
42,079,,48743,81140,0.6007271382795168,0.576396476363044,0.6250578001959897
42,081,,16973,27841,0.6096404583168707,0.5736059865618487,0.6456749300718928
42,083,,4283,9041,0.47373078199314234,0.4249157510782484,0.5225458129080363
42,085,,14315,23676,0.60462071295827,0.5685495755386019,0.6406918503779382
42,087,,4349,10141,0.4288531702987871,0.37854437645541783,0.4791619641421564
42,089,,23281,38440,0.6056451612903225,0.5677042297270445,0.6435860928536006
42,091,,179981,223965,0.803612171544661,0.7883756687711659,0.8188486743181561
42,093,,3713,4838,0.767465894997933,0.6863268097048849,0.8486049802909812
42,095,,53329,76327,0.69869115778165,0.672902386660149,0.724479928903151
42,097,,11678,21838,0.5347559300302226,0.5003178384704539,0.5691940215899913
42,099,,5446,10912,0.49908357771260997,0.45653853421303825,0.5416286212121817
42,101,,352114,509009,0.6917637998542265,0.6784271191397152,0.7051004805687379
42,103,,8270,13068,0.6328435873890419,0.5758790769187545,0.6898080978593293
42,105,,1614,3269,0.49372896910370145,0.44261554699808403,0.5448423912093189
42,107,,18293,34761,0.526250683236961,0.4957433530267061,0.5567580134472159
42,109,,3894,8646,0.45038167938931295,0.4079166043855066,0.4928467543931193
42,111,,7961,16640,0.47842548076923075,0.44413662884604793,0.5127143326924136
42,113,,561,1159,0.4840379637618637,0.4311302689190376,0.5369456586046898
42,115,,3922,8052,0.4870839542970691,0.4520816016332387,0.5220863069608994
42,117,,4841,8874,0.5455262564796033,0.49952041068983677,0.5915321022693698
42,119,,4587,10315,0.44469219583131364,0.3983355407745066,0.49104885088812067
42,121,,5554,10577,0.5251016356244682,0.4836040900967845,0.5665991811521519
42,123,,4600,8077,0.5695183855391853,0.5166407238030246,0.622396047275346
42,125,,33970,49364,0.6881533101045296,0.6586655607106985,0.7176410594983608
42,127,,5947,11723,0.5072933549432739,0.4613360750919303,0.5532506347946174
42,129,,57094,78644,0.7259803672244545,0.702142167870964,0.749818566577945
42,131,,3140,5751,0.5459920013910624,0.5003408755838035,0.5916431271983214
42,133,,72132,115877,0.6224876377538252,0.6016229370582645,0.6433523384493859
44,000,,203964,292630,0.6970030413833168,0.6815467778072746,0.712459304959359
44,001,,8929,11111,0.8036180361803618,0.732460188359792,0.8747758840009315
44,003,,32970,45788,0.7200576570280423,0.6825826672660199,0.7575326467900646
44,005,,15752,19748,0.7976503949767065,0.7444706016140816,0.8508301883393314
44,007,,125188,189758,0.6597244911940472,0.640475014339156,0.6789739680489384
44,009,,21125,26225,0.8055290753098189,0.7536570301308075,0.8574011204888302
45,000,,883303,1342384,0.6580106735479565,0.6507103753653863,0.6653109717305267
45,001,,3021,5266,0.57368021268515,0.49150117367644497,0.6558592516938551
45,003,,26987,42888,0.6292436112665547,0.5909477718930877,0.6675394506400217
45,005,,898,1851,0.4851431658562939,0.3859132670217877,0.5843730646908002
45,007,,32515,51783,0.6279087731494892,0.59335521656918,0.6624623297297985
45,009,,1551,2819,0.5501951046470379,0.4314105447099535,0.6689796645841224
45,011,,2475,5003,0.4947031780931441,0.40944335192939274,0.5799630042568955
45,013,,25653,39532,0.6489173327936861,0.606158453793322,0.6916762117940503
45,015,,48737,69767,0.6985680909312426,0.6652603944058885,0.7318757874565968
45,017,,2140,3098,0.6907682375726275,0.572916782214466,0.8086196929307891
45,019,,100932,126353,0.798809683980594,0.7728030488134762,0.8248163191477119
45,021,,7402,13975,0.529660107334526,0.4768205589730678,0.582499655695984
45,023,,3690,7520,0.49069148936170215,0.4245749483941967,0.5568080303292077
45,025,,4904,10266,0.4776933567114748,0.42257740570666086,0.5328093077162888
45,027,,3721,6857,0.5426571386903893,0.4732919886973178,0.6120222886834609
45,029,,4472,9109,0.4909430233834669,0.42045293240417786,0.561433114362756
45,031,,8208,14398,0.5700791776635644,0.5063108791122116,0.6338474762149172
45,033,,3146,6733,0.4672508540026734,0.38703379372293845,0.5474679142824084
45,035,,30970,46538,0.665477674158752,0.6237855832836898,0.7071697650338142
45,037,,3540,7323,0.48340843916427695,0.41727477313161776,0.5495421051969361
45,039,,2034,4254,0.4781382228490832,0.39087657802645226,0.5653998676717141
45,041,,21206,33904,0.6254719207173195,0.5805247434502632,0.6704190979843758
45,043,,7425,11732,0.6328844186839414,0.5600167247038865,0.7057521126639963
45,045,,107253,148742,0.7210673515214263,0.6980948464773367,0.744039856565516
45,047,,9383,16615,0.5647306650616912,0.5106038166496976,0.6188575134736849
45,049,,1724,4491,0.38387886884880873,0.3147444655463226,0.45301327215129483
45,051,,50820,80912,0.6280897765473601,0.5993555121113082,0.656824040983412
45,053,,4508,7673,0.5875146618011208,0.49519948542234865,0.6798298381798928
45,055,,10648,16824,0.6329053732762719,0.5763453105446616,0.6894654360078822
45,057,,17492,26116,0.669780977178741,0.6116737860263362,0.7278881683311458
45,059,,8069,16635,0.4850616170724376,0.43666535021153224,0.5334578839333429
45,061,,1795,3906,0.4595494111623144,0.38726201273762856,0.5318368095870003
45,063,,54771,80311,0.6819862783429418,,
45,065,,744,1564,0.47570332480818417,0.34391223404623317,0.6074944155701352
45,067,,2636,6713,0.39267093698793387,0.3242696647616014,0.46107220921426634
45,069,,2182,6965,0.31328068916008617,0.25427626405434334,0.372285114265829
45,071,,4591,8410,0.54589774078478,0.4761891252051037,0.6156063563644564
45,073,,10434,17181,0.607298760258425,0.5486777029317909,0.6659198175850591
45,075,,9544,18412,0.5183575928742125,0.46415431423226494,0.57256087151616
45,077,,19459,31023,0.6272443026141895,0.5839784230698772,0.6705101821585018
45,079,,82259,113889,0.7222734416844472,0.6934062183139723,0.751140665054922
45,081,,2441,4333,0.5633510270020771,0.48223106600149795,0.6444709880026562
45,083,,55249,92532,0.5970799291056067,0.5713889636313925,0.6227708945798209
45,085,,17144,26631,0.6437610303781307,0.5879768083692317,0.6995452523870297
45,087,,2980,6124,0.48661005878510777,0.40563141365486666,0.5675887039153489
45,089,,3366,7337,0.4587706146926537,0.38727124585753037,0.530269983527777
45,091,,58184,78076,0.7452226036169886,,
46,000,,157546,228707,0.6888551727756475,0.6744216571827836,0.7032886883685113
46,003,,427,606,0.7046204620462047,0.5975798469620783,0.811661077130331
46,005,,2475,4325,0.5722543352601156,0.49327882285307606,0.6512298476671551
46,007,,378,652,0.5797546012269938,0.4223777546953369,0.7371314477586508
46,009,,979,1892,0.5174418604651163,0.4495536085616474,0.5853301123685852
46,011,,6698,8471,0.7906976744186046,0.7155242614705984,0.8658710873666108
46,013,,6589,9158,0.7194802358593579,0.6453305896164101,0.7936298821023058
46,015,,748,1110,0.6738738738738739,0.5544790322899035,0.7932687154578443
46,017,,136,353,0.38526912181303113,0.2313662914599195,0.5391719521661428
46,019,,1378,2415,0.5706004140786749,0.4565397213447869,0.6846611068125629
46,021,,253,328,0.7713414634146342,0.6119140821812312,0.9307688446480371
46,023,,1112,1911,0.5818942961800104,0.4996213079156798,0.664167284444341
46,025,,480,846,0.5673758865248227,0.426765893555484,0.7079858794941615
46,027,,2248,3284,0.6845310596833131,0.5693109165063482,0.7997512028602779
46,029,,4640,7006,0.6622894661718527,0.5712476642359817,0.7533312681077237
46,031,,358,812,0.4408866995073892,0.3590543244127825,0.5227190746019958
46,033,,1095,1613,0.6788592684438933,0.5388346745488237,0.8188838623389629
46,035,,2926,4720,0.6199152542372881,0.5319850642190136,0.7078454442555626
46,037,,786,1156,0.6799307958477508,0.5594540558343795,0.8004075358611222
46,039,,621,922,0.6735357917570499,0.5619920691155014,0.7850795143985985
46,041,,537,1211,0.4434351775392238,0.3485653912839627,0.5383049637944849
46,043,,397,555,0.7153153153153153,0.6056696692937124,0.8249609613369183
46,045,,625,886,0.7054176072234764,0.5826486982379777,0.828186516208975
46,047,,831,1263,0.6579572446555819,0.49767792231650565,0.8182365669946582
46,049,,240,424,0.5660377358490566,0.4621462374472134,0.6699292342508998
46,051,,1091,1542,0.7075226977950714,0.5607158995524321,0.8543294960377107
46,053,,482,785,0.6140127388535032,0.5109138479303597,0.7171116297766467
46,055,,246,367,0.670299727520436,0.5023142269603789,0.8382852280804931
46,057,,868,1440,0.6027777777777777,0.5209889259074975,0.684566629648058
46,059,,528,717,0.7364016736401674,0.6106964177026016,0.8621069295777332
46,061,,536,778,0.6889460154241646,0.5669215877806506,0.8109704430676785
46,063,,191,224,0.8526785714285714,0.7040241009877836,1
46,065,,3092,4586,0.6742259049280419,0.5746718487034692,0.7737799611526146
46,067,,1120,1528,0.7329842931937173,0.6354980134738579,0.8304705729135766
46,069,,172,210,0.819047619047619,0.58467465029735,1
46,071,,301,700,0.43,0.33398197543588437,0.5260180245641156
46,073,,240,397,0.6045340050377834,0.44227330967818357,0.7667947003973833
46,075,,129,195,0.6615384615384615,0.4460709170710096,0.8770060060059135
46,077,,657,1135,0.5788546255506608,0.5049726158158722,0.6527366352854495
46,079,,1716,2383,0.7201007133864876,0.6201988372092423,0.820002589563733
46,081,,4369,6279,0.6958114349418697,0.6046377825729964,0.786985087310743
46,083,,16627,20631,0.8059231253938248,0.7518704967123455,0.8599757540753041
46,085,,444,815,0.5447852760736196,0.4188061683094407,0.6707643838377986
46,087,,1024,1306,0.7840735068912711,0.6842902516754066,0.8838567621071356
46,089,,271,394,0.6878172588832487,0.5975473363849284,0.7780871813815691
46,091,,541,886,0.6106094808126411,0.48988389278204914,0.7313350688432331
46,093,,6266,8787,0.7130988960965062,0.6324055937805417,0.7937921984124707
46,095,,157,458,0.34279475982532753,0.19031944013293384,0.49527007951772123
46,097,,262,414,0.6328502415458938,0.4864212862801826,0.7792791968116048
46,099,,42517,59341,0.7164860720244013,,
46,101,,929,1385,0.6707581227436823,0.5687386918581689,0.7727775536291956
46,102,,938,3569,0.2628187167273746,0.17463284373836033,0.3510045897163889
46,103,,19704,28162,0.6996662168880051,0.6564475636802498,0.7428848700957604
46,105,,485,676,0.7174556213017751,0.5922354960216826,0.8426757465818676
46,107,,327,487,0.6714579055441479,0.5608643799157718,0.782051431172524
46,109,,1266,2087,0.6066123622424533,0.5314857788521611,0.6817389456327455
46,111,,346,574,0.6027874564459931,0.5087795275540493,0.6967953853379368
46,115,,863,1359,0.6350257542310522,0.5400610363672509,0.7299904720948536
46,117,,467,707,0.6605374823196606,0.49226153607374273,0.8288134285655784
46,119,,173,268,0.6455223880597015,0.4117364208681138,0.8793083552512893
46,121,,1085,2378,0.45626576955424725,0.3475078401095357,0.5650236989989588
46,123,,626,1180,0.5305084745762711,0.4043818839467386,0.6566350652058037
46,125,,1321,2095,0.6305489260143198,0.562659430396358,0.6984384216322815
46,127,,3406,4317,0.7889738244151031,0.6881468077517074,0.8898008410784988
46,129,,950,1395,0.6810035842293907,0.5365611010103025,0.8254460674484788
46,135,,3604,5323,0.6770618072515499,0.591436015338843,0.7626875991642567
46,137,,252,528,0.4772727272727273,0.335283674529833,0.6192617800156216
47,000,,1199816,1883904,0.6368774629705123,0.63107144333081,0.6426834826102146
47,001,,12796,19961,0.6410500475928059,0.5895949728407948,0.6925051223448171
47,003,,6345,13863,0.4576931400129842,0.40073001963300936,0.5146562603929591
47,005,,1649,3216,0.5127487562189055,0.4177250340028324,0.6077724784349785
47,007,,1233,4239,0.2908704883227176,0.21288140844558268,0.36885956819985255
47,009,,20025,33772,0.5929468198507639,0.5534388638486158,0.632454775852912
47,011,,16866,27693,0.6090347741306468,0.5631152716329563,0.6549542766283373
47,013,,3956,9359,0.42269473234319904,0.36118081559760196,0.48420864908879613
47,015,,2096,3830,0.5472584856396867,0.45140521873731027,0.6431117525420632
47,017,,3497,6565,0.5326732673267327,0.4661370838648588,0.5992094507886065
47,019,,7580,13254,0.5719028217896485,0.5175028636843383,0.6263027798949586
47,021,,6972,10952,0.6365960555149744,0.5740444070531985,0.6991477039767504
47,023,,2482,4195,0.5916567342073897,0.49036327919950884,0.6929501892152706
47,025,,4541,7911,0.5740108709391986,0.4939467043921038,0.6540750374862934
47,027,,632,1563,0.40435060780550225,0.2703133146733343,0.5383879009376702
47,029,,3309,8251,0.40104229790328444,0.3277156861462077,0.47436890966036116
47,031,,7622,14924,0.5107209863307425,0.4615042028038181,0.5599377698576669
47,033,,1779,3405,0.5224669603524229,0.43521421939357174,0.6097197013112741
47,035,,5029,12131,0.41455774462121836,0.36419298370064274,0.464922505541794
47,037,,187209,249024,0.7517709136468774,0.7348184550272362,0.7687233722665187
47,039,,1244,2587,0.4808658678005412,0.3845665050405668,0.5771652305605156
47,041,,2574,5160,0.49883720930232556,0.4073885778860374,0.5902858407186137
47,043,,9118,15046,0.6060082413930613,0.5451312851655971,0.6668851976205256
47,045,,4783,8942,0.5348915231491836,0.45867596541378974,0.6111070808845775
47,047,,6308,9734,0.6480378056297514,0.5870454222783599,0.709030188981143
47,049,,1891,4073,0.4642769457402406,0.3527902107029166,0.5757636807775646
47,051,,5091,9674,0.5262559437667976,0.46266030434708943,0.5898515831865059
47,053,,7206,13035,0.552819332566168,0.493708000488448,0.611930664643888
47,055,,3586,6983,0.5135328655305742,0.43537926697470375,0.5916864640864447
47,057,,2683,5307,0.5055586960618051,0.4217116107362729,0.5894057813873375
47,059,,7919,16422,0.4822189745463403,0.43322661236284865,0.5312113367298319
47,061,,1436,3243,0.442799876657416,0.35153943704057106,0.534060316274261
47,063,,8282,16026,0.5167852240109821,0.4580353648622396,0.5755350831597247
47,065,,75478,102896,0.7335367749961126,,
47,067,,678,1492,0.4544235924932976,0.32343226614365733,0.5854149188429378
47,069,,2899,7235,0.4006910850034554,0.33614918298159063,0.4652329870253202
47,071,,2783,6010,0.4630615640599002,0.3851471789234797,0.5409759491963206
47,073,,6852,12904,0.5309981401115933,0.47056698837572075,0.5914292918474658
47,075,,2041,4171,0.4893310956605131,0.4069353349296527,0.5717268563913734
47,077,,2674,6776,0.39462809917355374,0.3219834082250072,0.46727279012210027
47,079,,3292,6971,0.4722421460335676,0.4077454003266182,0.536738891740517
47,081,,3277,6699,0.48917748917748916,0.4083721644584184,0.5699828138965599
47,083,,974,2109,0.4618302513039355,0.3639018468603806,0.5597586557474904
47,085,,2450,4430,0.5530474040632054,0.44472722235104983,0.661367585775361
47,087,,1291,2714,0.4756816507000737,0.3790467000682249,0.5723166013319225
47,089,,7207,13079,0.5510360119275174,0.48586657669662,0.6162054471584147
47,091,,1367,4330,0.3157043879907621,0.24838924925776504,0.38301952672375916
47,093,,95688,132632,0.7214548525242777,0.6994397752192026,0.7434699298293527
47,095,,473,2088,0.22653256704980843,0.1637930316404323,0.28927210245918455
47,097,,2483,6609,0.3756998032985323,0.3220967024504127,0.4293029041466519
47,099,,5774,11017,0.5240991195425252,0.4743050227670901,0.5738932163179603
47,101,,1575,3201,0.49203373945641987,0.37365509875636826,0.6104123801564715
47,103,,3630,8168,0.44441723800195887,0.37759971759568706,0.5112347584082306
47,105,,6563,11641,0.5637831801391633,0.5028809560814177,0.6246854041969089
47,107,,6595,12621,0.5225417954203312,0.4636965235266099,0.5813870673140524
47,109,,2886,5964,0.48390342052313884,0.41380631880590557,0.5540005222403721
47,111,,2516,6843,0.3676749963466316,0.29797269489667816,0.437377297796585
47,113,,14281,24598,0.5805756565574437,0.534329003017012,0.6268223100978754
47,115,,3695,6945,0.5320374370050396,0.46253822331646133,0.6015366506936178
47,117,,5172,9354,0.5529185375240538,0.4839047310246488,0.6219323440234589
47,119,,19747,30325,0.6511788953009069,0.6049578013095204,0.6973999892922934
47,121,,1266,2914,0.4344543582704187,0.34512073232400375,0.5237879842168336
47,123,,5003,10692,0.46791994014216237,0.4058963365018648,0.52994354378246
47,125,,53887,76643,0.7030909541641115,0.6690146949544153,0.7371672133738076
47,127,,882,1435,0.6146341463414634,0.45765872147136377,0.771609571211563
47,129,,2447,5670,0.43156966490299825,0.35835956945340247,0.504779760352594
47,131,,3695,7479,0.49405000668538573,0.4309265818703842,0.5571734315003873
47,133,,2444,5380,0.45427509293680296,0.38447492716200404,0.5240752587116019
47,135,,1115,2088,0.5340038314176245,0.39611446990517013,0.6718931929300789
47,137,,531,959,0.5537017726798749,0.39313588623377127,0.7142676591259784
47,139,,2121,3980,0.5329145728643216,0.44350242145032726,0.622326724278316
47,141,,12486,20450,0.6105623471882641,0.56304570845120006,0.6580789859253281
47,143,,3507,7870,0.44561626429479034,0.37480622976902855,0.5164262988205521
47,145,,6067,12007,0.5052885816606979,0.45053054394108766,0.5600466193803081
47,147,,11273,20345,0.554091914475301,0.5073336412861588,0.6008501876644433
47,149,,72618,104787,0.6930058117896304,0.6650651917037257,0.7209464318755351
47,151,,2426,5376,0.45126488095238093,0.37432162972632077,0.5282081321784411
47,153,,1485,3828,0.3879310344827586,0.29685523191274066,0.4790068370527766
47,155,,13689,23760,0.5761363636363637,0.5258352431103348,0.6264374841623925
47,157,,160736,253274,0.6346328482197147,,
47,159,,2801,5139,0.5450476746448726,0.4645619003699888,0.6255334489197564
47,161,,1516,3184,0.47613065326633164,0.3824433081260738,0.5698179984065894
47,163,,23958,37785,0.634061135371179,0.5985867425053797,0.6695355282369784
47,165,,36379,53878,0.6752106611232785,0.6403139124844297,0.7101074097621274
47,167,,9273,16120,0.5752481389578163,0.521986623977104,0.6285096539385286
47,169,,1596,4373,0.36496684198490736,0.2734260084275498,0.4565076755422649
47,171,,2259,4026,0.5611028315946349,0.4528244412599603,0.6693812219293096
47,173,,2034,4884,0.41646191646191644,0.3379652122414522,0.49495862068238067
47,175,,630,1303,0.4834996162701458,0.3428881577719621,0.6241110747683296
47,177,,3893,10715,0.363322445170322,0.31462991012228847,0.4120149802183555
47,179,,23541,33470,0.703346280250971,0.6548664254281304,0.7518261350738116
47,181,,2173,4452,0.4880952380952381,0.4019912914048991,0.5741991847855771
47,183,,3942,7188,0.5484140233722872,0.47846600437747977,0.6183620423670946
47,185,,3509,6784,0.5172464622641509,0.4435898272014958,0.5909030973268061
47,187,,52187,60956,0.8561421353107159,0.8207888909576262,0.8914953796638057
47,189,,30367,42548,0.713711572811883,0.67161267386216,0.7558104717616061
48,000,,5610703,8617677,0.6510690758077844,0.6477721773448208,0.6543659742707479
48,001,,8094,18301,0.4422709141576963,0.3896046827165127,0.4949371455988799
48,003,,2344,5386,0.435202376531749,0.34517822380467716,0.5252265292588207
48,005,,11657,21606,0.5395260575765991,0.4910076292965698,0.5880444858566284
48,007,,3299,5940,0.5553872053872054,0.4544097662661469,0.6563646445082639
48,009,,1400,2077,0.6740491092922485,0.5803951525389563,0.7677030660455406
48,011,,206,412,0.5,0.3518238567844425,0.6481761432155575
48,013,,6062,13091,0.4630662287067451,0.40164400442057024,0.5244884529929199
48,015,,4014,7055,0.5689581856839121,0.49570720317550987,0.6422091681923143
48,017,,817,2002,0.4080919080919081,0.28306558836702617,0.5331182278167901
48,019,,1999,3886,0.5144107050952136,0.4031740409382936,0.6256473692521336
48,021,,13904,26778,0.5192322055418627,0.4734945318633075,0.5649698792204179
48,023,,274,661,0.4145234493192133,0.24823239629096552,0.5808145023474611
48,025,,3662,10411,0.35174334838151955,0.2899093154500711,0.413577381312968
48,027,,75348,114432,0.6584521812080537,0.6324127515702085,0.6844916108458989
48,029,,399740,620019,0.6447221778687428,0.6331040314444619,0.6563403242930236
48,031,,1563,2529,0.6180308422301305,0.5252665666133212,0.7107951178469398
48,033,,103,183,0.5628415300546448,0.23525465224872233,0.8904284078605672
48,035,,2063,3851,0.5357050116852765,0.4572697355279314,0.6141402878426216
48,037,,12581,24282,0.5181204184169343,0.4765452865992189,0.5596955502346498
48,039,,76341,112652,0.677671057770834,0.6505236696564252,0.7048184458852429
48,041,,45162,63147,0.715188369993824,0.6843583203748982,0.7460184196127497
48,043,,2209,2847,0.7759044608359676,0.638819846686429,0.9129890749855063
48,045,,190,301,0.6312292358803987,0.47241384680492016,0.7900446249558772
48,047,,744,1872,0.3974358974358974,0.23237030643593554,0.5625014884358592
48,049,,5399,9244,0.5840545218520121,0.5151955055274732,0.6529135381765511
48,051,,2591,4408,0.5877949183303085,0.49928419938783386,0.6763056372727831
48,053,,6242,12112,0.5153566710700133,0.45754674129416073,0.5731666008458658
48,055,,6268,13418,0.46713370099865853,0.40754210425730186,0.5267252977400152
48,057,,2812,4639,0.60616512179349,0.49749350365335443,0.7148367399336256
48,059,,1926,3163,0.6089155864685425,0.49516077527008595,0.722670397666999
48,061,,57985,105383,0.5502310619359859,0.527938510159035,0.5725236137129368
48,063,,1671,3039,0.5498519249753209,0.4557179176136682,0.6439859323369735
48,065,,980,1357,0.7221812822402358,0.5879082022034545,0.8564543622770171
48,067,,2991,6175,0.4843724696356275,0.41356232291229744,0.5551826163589576
48,069,,825,1654,0.4987908101571947,0.3759484100850576,0.6216332102293318
48,071,,9252,14568,0.6350906095551895,0.558696833410747,0.7114843856996319
48,073,,5901,13019,0.4532606190951686,0.3956208439289166,0.5109003942614206
48,075,,907,2282,0.3974583698510079,0.2820009524166098,0.512915787285406
48,077,,1166,2236,0.52146690518783545,0.4348215510506764,0.6081122593249946
48,079,,209,671,0.3114754098360656,0.24381975068667328,0.3791310689854579
48,081,,433,717,0.603905160390516,0.4397346820764655,0.7680756387045665
48,083,,716,1529,0.4682799215173316,0.33665635810187644,0.5999034849327868
48,085,,280418,338054,0.8295065285427772,0.8136090847774626,0.8454039723080917
48,087,,256,539,0.4749536178107607,0.31785137420021714,0.6320558614213042
48,089,,2462,4341,0.5671504261690855,0.47073634812882253,0.6635645042093484
48,091,,33566,45727,0.7340520917619787,0.6931938845102901,0.7749102990136674
48,093,,1426,2821,0.5054945054945055,0.4021516227708078,0.6088373882182032
48,095,,414,1071,0.3865546218487395,0.25938052647083054,0.5137287172266485
48,097,,5530,9945,0.5560583207642031,0.48711035489440047,0.6250062866340058
48,099,,17947,28386,0.632248291411259,0.5878479486668979,0.6766486341556202
48,101,,76,228,0.3333333333333333,0.13351790957799758,0.533148757088669
48,103,,309,1189,0.25988225399495374,0.14185673516618102,0.37790777282372645
48,105,,402,723,0.5560165975103735,0.27406153985248055,0.8379716551682663
48,107,,487,1238,0.39337641357027464,0.30522768818523716,0.4815251389553121
48,109,,170,375,0.4533333333333333,0.1696981556541463,0.7369685110125204
48,111,,639,2262,0.28249336870026526,0.1523393419107891,0.4126473954897414
48,113,,509362,796239,0.63970993633821,0.6296918104284889,0.6497280622479312
48,115,,1518,3489,0.4350816852966466,0.35225410431057264,0.5179092662827205
48,117,,1087,4574,0.23764757324005248,0.16759363595751597,0.307701510522589
48,119,,818,1512,0.541005291005291,0.426287845461998,0.6557227365485842
48,121,,233552,296828,0.7868260406700176,0.7698110363000278,0.8038410450400074
48,123,,2393,4821,0.4963700477079444,0.41420741078244183,0.578532684633447
48,125,,143,366,0.3907103825136612,0.2694322171733025,0.5119885478540198
48,127,,1019,2386,0.4270746018440905,0.2923832976812039,0.5617659060069771
48,129,,415,679,0.6111929307805597,0.47081592086733204,0.7515699406937874
48,131,,1015,2844,0.3568917018284107,0.22749609327497253,0.4862873103818488
48,133,,2165,3794,0.5706378492356352,0.47545738448385627,0.6658183139874141
48,135,,26062,49621,0.5252211765180065,0.48309318073566615,0.5673491723003469
48,137,,67,192,0.3489583333333333,0,0.7791636299126372
48,139,,37118,57879,0.6413034088356744,0.6064244004157451,0.6761824172556037
48,141,,163088,245771,0.6635770697112352,0.6440298885750346,0.6831242508474358
48,143,,6154,10132,0.6073825503355704,0.5436954158393132,0.6710696848318276
48,145,,2577,4244,0.6072101790763431,0.5172463396318417,0.6971740185208445
48,147,,5035,9978,0.5046101423130888,0.44762238733896687,0.5615978972872107
48,149,,2887,5256,0.5492770167427702,0.47612565751566854,0.6224283759698719
48,151,,680,1070,0.6355140186915887,0.5400556368698475,0.73097240051333
48,153,,775,1392,0.5567528735632183,0.4345279965639151,0.6789777505625216
48,155,,156,228,0.6842105263157895,0.4301764252621267,0.9382446273694522
48,157,,189094,242260,0.7805415669115826,0.7572550917811176,0.8038280420420476
48,159,,1352,2383,0.5673520772135963,0.445072809126561,0.6896313453006315
48,161,,2874,5228,0.5497322111706198,0.46262385485588686,0.6368405674853527
48,163,,1577,5935,0.2657118786857624,0.19072741425250744,0.34069634311901736
48,165,,1504,5114,0.29409464215877984,0.21233611389227025,0.37585317042528943
48,167,,66515,95557,0.6960766872128678,0.6673371578303712,0.7248162165953643
48,169,,483,1656,0.2916666666666667,0.1838135378269402,0.39951979550639316
48,171,,3208,5549,0.5781221841773293,0.49379715275169017,0.6624472156029684
48,173,,241,336,0.7172619047619048,0.5081456754782777,0.9263781340455318
48,175,,961,1718,0.559371362048894,0.4145960675129825,0.7041466565848056
48,177,,1540,4536,0.3395061728395062,0.2533758202945722,0.4256365253844402
48,179,,2709,5502,0.49236641221374045,0.42100088907785593,0.563731935349625
48,181,,19525,35217,0.5544197404662521,0.5146846513581756,0.5941548295743285
48,183,,19614,32513,0.603266385753391,0.5587013012621797,0.6478314702446023
48,185,,4258,7866,0.5413170607678617,0.4572801313765787,0.6253539901591446
48,187,,31864,50977,0.6250662063283442,0.5880434306693327,0.6620889819873557
48,189,,3842,8428,0.4558614143331751,0.38498246770158984,0.5267403609647604
48,191,,353,690,0.5115942028985507,0.3517236258398702,0.6714647799572313
48,193,,901,1799,0.5008337965536409,0.38506355382882457,0.6166040392784573
48,195,,773,1218,0.6346469622331691,0.5021067708789269,0.7671871535874113
48,197,,271,687,0.39446870451237265,0.2856842325446973,0.503253176480048
48,199,,9075,14788,0.6136732485799297,0.5431113659825111,0.6842351311773482
48,201,,922659,1450149,0.6362511714313495,0.6282125407675107,0.6442898020951883
48,203,,10555,17146,0.6155954741630701,0.5534628341680253,0.677728114158115
48,205,,859,2001,0.4292853573213393,0.32159912452404144,0.5369715901186373
48,207,,581,1285,0.4521400778210117,0.3560438863655512,0.5482362692764722
48,209,,56838,77954,0.7291223028965801,0.6949523575255536,0.7632922482676066
48,211,,435,726,0.5991735537190083,0.4365362323724954,0.7618108750655211
48,213,,10014,18782,0.5331700564370142,0.48498341323214683,0.5813566996418815
48,215,,120382,231356,0.520332301734124,0.5038317251738356,0.5368328782944125
48,217,,4730,8606,0.5496165465953986,0.4964934381954127,0.6027396549953845
48,219,,3154,5528,0.5705499276410999,0.49254637039776217,0.6485534848844376
48,221,,8935,14344,0.6229085331846068,0.5674361152080148,0.6783809511611988
48,223,,4728,8860,0.5336343115124154,0.47296903521236267,0.59429958781246806
48,225,,2696,5607,0.4808275370073123,0.4114408649342976,0.550214209080327
48,227,,4697,9750,0.4817435897435897,0.4223069233018903,0.5411802561852892
48,229,,159,860,0.18488372093023256,0.07581773724026997,0.29394970462019515
48,231,,15973,27823,0.5740933759838982,0.5287124646164925,0.6194742873513039
48,233,,3002,5069,0.5922272637601105,0.5048361788760692,0.6796183486441517
48,235,,277,331,0.8368580060422961,0.6339509192696492,1
48,237,,960,2403,0.3995006242197253,0.30942523492988966,0.489576013509561
48,239,,1860,3746,0.4965296316070475,0.41322247270618595,0.579836790507909
48,241,,3226,7213,0.4472480244003882,0.37463283058428626,0.5198632182164902
48,243,,237,302,0.7847682119205298,0.46817701882716817,1
48,245,,37435,70047,0.534426884805916,0.5050633696150535,0.5637903999967786
48,247,,472,1323,0.35676492819349964,0.17352492484011117,0.5400049315468881
48,249,,5003,9968,0.5019060995184591,0.4275741466805597,0.5762380523563585
48,251,,31192,53253,0.5857322592154433,0.5531538032054574,0.6183107152254291
48,253,,2400,6746,0.3557663800770827,0.30473464444457754,0.4067981157095879
48,255,,2130,5109,0.4169113329418673,0.32563887788769086,0.5081837879960437
48,257,,32076,51669,0.6207977704232712,0.5805571866354234,0.661038354211119
48,259,,8068,11024,0.7318577648766328,0.642053116924708,0.8216624128285576
48,261,,13,43,0.3023255813953488,0,1
48,263,,84,123,0.6829268292682927,0.37399416919986966,0.9918594893367159
48,265,,5767,10763,0.5358171513518536,0.4654206136985915,0.6062136890051156
48,267,,461,950,0.48526315789473684,0.33547129243353435,0.6350550233559393
48,269,,56,70,0.8,0,1
48,271,,213,772,0.2759067357512953,0.07982731648978825,0.4719861550128024
48,273,,4504,7580,0.5941952506596306,0.5077974386369499,0.6805930626823113
48,275,,406,741,0.5479082321187584,0.4372340522872547,0.6585824119502621
48,277,,7147,12044,0.5934075058120226,0.5306012846981978,0.6562137269258475
48,279,,1388,2939,0.47226947941476694,0.3830292766638086,0.5615096821657253
48,281,,3009,5051,0.5957236190853297,0.5075521405696387,0.6838950976010206
48,283,,642,1955,0.32838874680306906,0.2011286057747051,0.45564888783143304
48,285,,2468,4562,0.5409907935116177,0.4720326160100974,0.609948971013138
48,287,,1668,4142,0.40270400772573633,0.31252627115988496,0.4928817442915877
48,289,,1829,3458,0.5289184499710815,0.44037311805421453,0.6174637818879485
48,291,,11121,27704,0.40142217730291657,0.3616917992041248,0.44115255540170834
48,293,,2795,5326,0.5247840781073977,0.4430844769077167,0.6064836793070787
48,295,,405,671,0.6035767511177347,0.492795509470215,0.7143579927652544
48,297,,1839,3424,0.5370911214953271,0.45342923341221364,0.6207530095784406
48,299,,1789,3531,0.5066553384310394,0.4029663004769245,0.6103443763851543
48,301,,0,0,,,
48,303,,57424,86210,0.6660944206008583,0.6387686182845029,0.6934202229172137
48,305,,1101,1585,0.6946372239747634,0.5971361787108108,0.7921382692387159
48,307,,878,1655,0.5305135951661631,0.3868099674779185,0.6742172228544078
48,309,,42819,66922,0.6398344341173307,0.6096807788385382,0.6699880893961231
48,311,,85,179,0.4748603351955307,0.07378334429399769,0.8759373260970638
48,313,,2104,4408,0.47731397459165154,0.38024681799914634,0.5743811311841567
48,315,,1005,1814,0.5540242557883132,0.4446532727254536,0.6633952388511728
48,317,,562,1423,0.3949402670414617,0.2916628667783353,0.49821766730458805
48,319,,566,728,0.7774725274725275,0.5742268758834859,0.9807181790615691
48,321,,4581,8989,0.5096228723995995,0.4258814471044487,0.5933642976947503
48,323,,7381,14846,0.4971709551394315,0.4341721698610027,0.5601697404178603
48,325,,6856,12856,0.5332918481642813,0.4723867632695185,0.5941969330590442
48,327,,204,312,0.6538461538461539,0.34133559736803526,0.9663567103242725
48,329,,36736,55871,0.6575146319199585,0.6144750603239117,0.7005542035160053
48,331,,2954,5754,0.51338199513382,0.4321886162670888,0.5945753740005512
48,333,,359,857,0.41890315052508753,0.3107478684332526,0.5270584326169225
48,335,,1172,2507,0.46749102512963703,0.37658389664133274,0.5583981536179413
48,337,,2309,4695,0.49179978700745475,0.42185848576958607,0.5617410882453234
48,339,,126684,185476,0.6830209838469667,0.6602969988652211,0.7057449688287124
48,341,,2549,5784,0.4406984785615491,0.3689554413315771,0.5124415157915211
48,343,,1395,2586,0.5394431554524362,0.427061961879482,0.6518243490253903
48,345,,114,236,0.4830508474576271,0.2743144972712168,0.6917871976440374
48,347,,9061,14651,0.6184560780834073,0.5616485379822939,0.6752636181845207
48,349,,6548,12907,0.5073216084295343,0.45290625685791563,0.561736960001153
48,351,,1115,2584,0.4315015479876161,0.32328831564227034,0.5397147803329618
48,353,,1825,3250,0.5615384615384615,0.4610545171295202,0.6620224059474028
48,355,,56541,95615,0.5913402708780003,0.5656481210674803,0.6170324206885204
48,357,,1250,2524,0.49524564183835185,0.37185695745881797,0.6186343262178857
48,359,,392,575,0.6817391304347826,0.5496606615626727,0.8138175993068926
48,361,,12230,22267,0.5492432748012754,0.4993597072554949,0.5991268423470559
48,363,,3421,6634,0.5156768164003618,0.44208547722165537,0.5892681555790682
48,365,,2924,5170,0.5655705996131528,0.4825768328617086,0.648564366364597
48,367,,29388,42526,0.6910595870761417,0.6504063184372194,0.731712855715064
48,369,,1083,2539,0.42654588420638045,0.32628171596709865,0.5268100524456623
48,371,,2145,4696,0.4567717206132879,0.35790831606787515,0.5556351251587006
48,373,,5542,12568,0.44096117122851686,0.38468765180578457,0.49723469065124914
48,375,,15118,31853,0.47461777540577027,0.4380922410142608,0.5111433097972797
48,377,,843,1264,0.6669303797468354,0.44569967521515585,0.888161084278515
48,379,,1634,2947,0.5544621649134713,0.45235906967712514,0.6565652601498175
48,381,,29703,41006,0.7243574111105692,0.6814384020796563,0.767276420141482
48,383,,375,918,0.4084967320261438,0.26832169929608113,0.5486717647562065
48,385,,210,328,0.6402439024390244,0.24432352682136194,1
48,387,,1040,2370,0.4388185654008439,0.3502736494911865,0.5273634813105013
48,389,,1170,3509,0.33342832715873466,0.24300587213861413,0.4238507821788552
48,391,,751,1655,0.45377643504531723,0.3517690640950704,0.555783805995564
48,393,,191,240,0.7958333333333333,0.5163402886695165,1
48,395,,1891,3849,0.4912964406339309,0.4238316008107471,0.5587612804571147
48,397,,26072,33704,0.7735580346546403,0.7257204135727057,0.821395655736575
48,399,,1117,2330,0.4793991416309013,0.3910912024522662,0.5677070808095364
48,401,,7143,14117,0.505985691010838,0.45233010879735996,0.559641273224316
48,403,,845,1737,0.48647092688543464,0.3624482667698276,0.6104935870010417
48,405,,498,1374,0.3624454148471616,0.25437417450706384,0.4705166551872593
48,407,,2612,6009,0.4346813113662839,0.3477408476513375,0.5216217750812303
48,409,,10202,18835,0.5416511813113883,0.489776093635361,0.5935262689874157
48,411,,734,1577,0.4654407102092581,0.3374163116478387,0.5934651087706775
48,413,,338,647,0.5224111282843895,0.355982427180769,0.68883982938801
48,415,,2427,4710,0.5152866242038217,0.41618364901911226,0.614389599388531
48,417,,428,764,0.5602094240837696,0.43611987893023246,0.6842989692373068
48,419,,3080,5577,0.5522682445759369,0.4781120748292865,0.6264244143225873
48,421,,333,550,0.6054545454545455,0.4249039888451298,0.7860051020639611
48,423,,40240,62595,0.6428628484703252,0.6085025826460863,0.677223114294564
48,425,,1553,2241,0.6929941990182954,0.5711892700096461,0.8147991280269447
48,427,,8396,16493,0.5090644515855212,0.45215907051123705,0.5659698326598053
48,429,,1104,2256,0.48936170212765956,0.39505927269316443,0.5836641315621547
48,431,,196,374,0.5240641711229946,0.3516698766868316,0.6964584655591577
48,433,,85,170,0.5,0.20715873579481014,0.7928412642051899
48,435,,396,765,0.5176470588235295,0.3248382075120462,0.7104559101350127
48,437,,744,1942,0.3831101956745623,0.2752318686122036,0.49098852273692095
48,439,,409179,628827,0.6507020213826696,0.6396754974192743,0.661728545346065
48,441,,24585,39326,0.6251589279357168,0.585970287328757,0.6643475685426766
48,443,,69,86,0.8023255813953488,0,1
48,445,,985,2909,0.3386043313853558,0.23854979646188262,0.43865886630882894
48,447,,283,354,0.7994350282485876,0.6015056967612654,0.9973643597359098
48,449,,3266,7490,0.4360480640854473,0.37692645882203346,0.4951696693488611
48,451,,20044,32969,0.6079650580848676,0.564947482106359,0.6509826340633761
48,453,,390906,484278,0.8071933889212395,0.7931131052970374,0.8212736725454416
48,455,,1315,2670,0.49250936329588013,0.3824473504828113,0.602571376108949
48,457,,1988,5277,0.3767292021982187,0.3102945912185101,0.4431638131779273
48,459,,5917,10395,0.5692159692159692,0.5056721608078583,0.6327597776240801
48,461,,277,824,0.33616504854368934,0.21879391960375344,0.45353617748362524
48,463,,3982,6398,0.6223819943732416,0.5211974149351334,0.7235665738113498
48,465,,6706,12919,0.5190804241814382,0.45208083376091407,0.5860800146019622
48,467,,8379,14457,0.5795808258974892,0.5188350161232052,0.6403266356717732
48,469,,14164,23812,0.5948261380816395,0.544747621746594,0.6449046544166851
48,471,,10708,22985,0.465869045029367,0.41055693351457484,0.5211811565441591
48,473,,9232,15875,0.5815433070866142,0.5099692173584728,0.6531173968147556
48,475,,1466,3367,0.4354024354024354,0.3355895951585086,0.5352152756463622
48,477,,4600,7782,0.5911076843998972,0.5206768312185762,0.6615385375812183
48,479,,38422,70444,0.5454261541082278,0.5164481027398945,0.5744042054765611
48,481,,5584,9945,0.5614881850175968,0.486413449587511,0.6365629204476826
48,483,,621,1176,0.5280612244897959,0.4184189437829654,0.6377035051966263
48,485,,21292,35549,0.5989479310247827,0.5614376427033066,0.6364582193462588
48,487,,1471,3339,0.44055106319257265,0.33880807522351386,0.5422940511616314
48,489,,2016,5947,0.33899445098368924,0.2643803506829516,0.41360855128442686
48,491,,167570,211710,0.7915072504841528,0.7708015967279495,0.8122129042403562
48,493,,8646,12904,0.6700247985120893,0.6079120213805518,0.7321375756436268
48,495,,842,2160,0.38981481481481484,0.2912600071610294,0.4883696224686003
48,497,,10963,19229,0.5701284518175672,0.522974445380844,0.6172824582542904
48,499,,4789,9399,0.5095222896052771,0.4457428272358301,0.5733017519747241
48,501,,718,1514,0.47424042272126815,0.33174861340895356,0.6167322320335827
48,503,,2324,4183,0.5555821180970595,0.4539291031380275,0.6572351330560915
48,505,,1239,3472,0.35685483870967744,0.2595582625616311,0.45415141485772376
48,507,,1274,2486,0.5124698310539019,0.3294287401289752,0.6955109219788285
49,000,,698536,969523,0.7204945112184032,0.7131110224076582,0.7278780000291483
49,001,,1183,1900,0.6226315789473684,0.4856674431440656,0.7595957147506712
49,003,,9569,16231,0.5895508594664531,0.5495238887661446,0.6295778301667617
49,005,,27199,36205,0.7512498273719099,0.7184754118763694,0.7840242428674504
49,007,,3215,4997,0.6433860316189713,0.5725464120937195,0.7142256511442232
49,009,,90,156,0.5769230769230769,0.25503776566351916,0.8988083881826345
49,011,,78765,106633,0.7386550129884745,0.7159235013600931,0.7613865246168559
49,013,,2762,5232,0.5279051987767585,0.47919989735376123,0.5766105001997557
49,015,,1441,2316,0.6221934369602763,0.5303434448479319,0.7140434290726206
49,017,,997,1513,0.658955717118308,0.505693904210923,0.8122175300256931
49,019,,1970,2779,0.7088880892407341,0.5728028416370984,0.8449733368443698
49,021,,9858,15416,0.6394654903995849,0.5850018642573234,0.6939291165418464
49,023,,1870,3154,0.5928979074191503,0.4796405151037743,0.7061552997345263
49,025,,1375,2119,0.6488909863142992,0.4966034550115678,0.8011785176170306
49,027,,1725,3130,0.5511182108626198,0.4664989908685231,0.6357374308567165
49,029,,2252,2820,0.798581560283688,0.6869679425473352,0.9101951780200408
49,031,,171,259,0.6602316602316602,0.4689659642341058,0.8514973562292147
49,033,,481,617,0.779578606158833,0.620356805587621,0.9388004067300451
49,035,,268470,373432,0.7189260695387647,,
49,037,,2008,3237,0.6203274637009577,0.5406844310297628,0.6999704963721526
49,039,,4464,7394,0.6037327562888829,0.5439743237126391,0.6634911888651267
49,041,,3344,5381,0.6214458279130273,0.5549158143505939,0.6879758414754606
49,043,,7881,10250,0.7688780487804878,0.7087035135551732,0.8290525840058024
49,045,,14787,23267,0.6355353075170843,0.587566720162302,0.6835038948718666
49,047,,5406,9990,0.5411411411411411,0.4821442615653406,0.6001380207169416
49,049,,155101,195381,0.7938387048894212,,
49,051,,6903,8928,0.7731854838709677,0.7021718709919553,0.8441990967499802
49,053,,33172,46402,0.7148829791819318,0.6742683260524158,0.7554976323114477
49,055,,483,601,0.8036605657237936,0.6425244253904151,0.9647967060571722
49,057,,51594,79783,0.6466791171051477,0.6218190631057756,0.6715391711045198
50,000,,112976,156315,0.7227457377730864,0.7074502325665274,0.7380412429796454
50,001,,5517,8047,0.6855971169379893,0.6347912975961728,0.7364029362798058
50,003,,5290,7659,0.6906906906906907,0.6172061270601542,0.7641752543212271
50,005,,4260,6865,0.6205389657683904,0.5604120012812052,0.6806659302555756
50,007,,38318,45944,0.8340153230019154,0.7989786297933809,0.8690520162104499
50,009,,632,1139,0.5548726953467954,0.4559340439936006,0.6538113466999902
50,011,,8940,13534,0.6605585931727501,0.6049240964205232,0.716193089924977
50,013,,1167,1693,0.6893089190785587,0.5936473824508507,0.7849704557062668
50,015,,4803,6851,0.7010655378776821,0.6254538059777965,0.7766772697775677
50,017,,4575,6863,0.6666180970421098,0.6025179922145536,0.7307182018696661
50,019,,3800,6328,0.6005056890012642,0.5446800193849017,0.6563313586176267
50,021,,8359,13173,0.6345555302512715,0.5826354049249252,0.6864756555776179
50,023,,11389,14900,0.7643624161073825,0.7109331290459684,0.8177917031687967
50,025,,6632,10027,0.6614141817093847,0.6024068728487851,0.7204214905699843
50,027,,9294,13292,0.6992175744808907,0.6458867227555269,0.7525484262062545
51,000,,1697546,2355204,0.7207638913656736,0.7158126489725994,0.7257151337587479
51,001,,3030,6840,0.44298245614035087,0.3807247907073839,0.5052401215733179
51,003,,23316,28935,0.8058061171591498,0.7649244420905086,0.8466877922277911
51,005,,1440,3037,0.4741521238063879,0.38161253251750726,0.5666917150952685
51,007,,1684,3208,0.5249376558603491,0.4095584938982149,0.6403168178224833
51,009,,4301,7136,0.6027186098654709,0.5318559504460727,0.67358126928486906
51,011,,2165,3961,0.5465791466801313,0.45777542922312975,0.6353828641371329
51,013,,83968,91642,0.916261102987713,0.8906487434297125,0.9418734625457136
51,015,,11044,18677,0.5913155217647373,0.5426558407354998,0.6399752027939749
51,017,,543,802,0.6770573566084788,0.4575147992528741,0.8965999139640835
51,019,,11249,17107,0.6575670778044076,0.6097746955902121,0.7053594600186031
51,021,,701,1686,0.41577698695136417,0.28193229300026784,0.5496216809024606
51,023,,4499,7049,0.6382465597957157,0.5558296689854528,0.7206634506059785
51,025,,1598,4254,0.3756464503996239,0.30475581278111646,0.44653708801813136
51,027,,1975,4517,0.4372371042727474,0.3369417061364,0.5375325024090948
51,029,,2037,4635,0.4394822006472492,0.36877437693855747,0.510190024355941
51,031,,8349,13654,0.6114691665446023,0.5521820336082304,0.6707562994809741
51,033,,4753,9194,0.5169675875571025,0.44641483374444385,0.5875203413697612
51,035,,3258,5995,0.5434528773978315,0.4563146549038393,0.6305910998918237
51,036,,770,1321,0.5828917486752461,0.494059693394319,0.6717238039561731
51,037,,1454,2482,0.5858178887993554,0.4778621050517317,0.693773672546979
51,041,,72444,98994,0.7318019273895388,0.7062701775525166,0.7573336772265609
51,043,,2318,3021,0.7672955974842768,0.6608486633364585,0.873742531632095
51,045,,561,959,0.5849843587069864,0.4510304544309234,0.7189382629830494
51,047,,7851,13214,0.5941425760556985,0.5407874506035742,0.6474977015078228
51,049,,1598,2532,0.6311216429699842,0.49894393268126513,0.7632993532587032
51,051,,1575,3132,0.5028735632183908,0.40413917854808723,0.6016079478886944
51,053,,4102,6908,0.5938042848870875,0.5068148180394184,0.6807937517347565
51,057,,889,2204,0.4033575317604356,0.31272313180530675,0.49399193171556444
51,059,,266748,317460,0.8402570402570403,0.8276221015678912,0.8528919789461894
51,061,,12103,17561,0.6891976538921474,0.6408108231332957,0.737584484650999
51,063,,2029,3342,0.6071214841412328,0.49708378762359334,0.7171591806588722
51,065,,4876,7362,0.6623200217332247,0.5780223207257893,0.7466177227406601
51,067,,6379,10781,0.5916890826453947,0.5281861714669969,0.6551919938237925
51,069,,14446,23928,0.6037278502173187,0.5590135090073566,0.6484421914272808
51,071,,1919,3771,0.5088835852559003,0.41476876745111874,0.6029984030606818
51,073,,5521,9388,0.588091180230081,0.5110288358583168,0.6651535246018452
51,075,,3963,5388,0.7355233853006682,0.6408253723086839,0.8302213982926525
51,077,,1625,3391,0.4792096726629313,0.38849732445714347,0.5699220208687191
51,079,,3178,5380,0.5907063197026022,0.5048825705847831,0.6765300688204213
51,081,,1333,3458,0.38548293811451706,0.29987324817044236,0.47109262805859176
51,083,,3889,6972,0.5578026391279404,0.4869247994365354,0.6286804788193454
51,085,,19870,26248,0.7570100579091741,0.7133112060308078,0.8007089097875404
51,087,,71621,94556,0.7574453234062355,0.7308464801012304,0.7840441667112406
51,089,,5584,10260,0.5442495126705653,0.4846288665588665,0.6038701587822641
51,091,,217,352,0.6164772727272727,0.4256858900746562,0.8072686553798892
51,093,,6239,9367,0.6660617059891107,0.6005829018481195,0.731540510130102
51,095,,12350,17117,0.7215049366127242,0.6669124165313377,0.7760974566941107
51,097,,843,1473,0.5723014256619144,0.4429286934444773,0.7016741578793516
51,099,,5493,7364,0.7459261271048343,0.671135968693312,0.8207162855163566
51,101,,3082,5066,0.6083695223055665,0.5107954878364434,0.7059435567746897
51,103,,1100,1512,0.7275132275132276,0.5760464149729664,0.8789800400534887
51,105,,2275,5408,0.4206730769230769,0.3500039654592186,0.4913421883869353
51,107,,101211,119767,0.8450658361652208,0.8232482348009211,0.8668834375295205
51,109,,5977,9660,0.6187370600414078,0.549598623713888,0.6878754963689276
51,111,,1302,2851,0.4566818660119256,0.3876770071032199,0.5256867249206314
51,113,,1685,2900,0.5810344827586207,0.4711116090065983,0.690957356510643
51,115,,1014,1382,0.7337192474674384,0.5569767169661084,0.9104617779687685
51,117,,3795,6444,0.5889199255121043,0.5152696642254749,0.6625701867987336
51,119,,1220,2157,0.5656003708854891,0.4428628793638145,0.6883378624071637
51,121,,17573,22889,0.767748700249028,0.7181366550844721,0.8173607454135838
51,125,,1664,2886,0.5765765765765766,0.4775283255409066,0.6756248276122465
51,127,,4415,6488,0.6804870530209618,0.5928947957586018,0.7680793102833218
51,131,,1205,2290,0.5262008733624454,0.4392308069842277,0.6131709397406631
51,133,,1123,1889,0.594494441503441,0.4012216419729745,0.7877672410339075
51,135,,1892,4181,0.45252331977995697,0.3853707960329755,0.5196758435269384
51,137,,5105,9225,0.5533875338753388,0.4879526396224469,0.6188224281282306
51,139,,2398,5407,0.44349916774551507,0.36825830699613593,0.5187400284948942
51,141,,1881,3178,0.591881686595343,0.4848743107455301,0.6988890624451559
51,143,,6472,12791,0.5059807677273083,0.45877828380334623,0.5531832516512702
51,145,,5135,7812,0.6573220686123912,0.5730495018375864,0.7415946353871959
51,147,,2818,4716,0.5975402883799831,0.5087744128736041,0.686306163886362
51,149,,8163,13045,0.625756995017248,0.5586272709738467,0.6928867190606494
51,153,,96667,135712,0.7122951544447065,0.6900070887432098,0.7345832201462031
51,155,,4404,7901,0.5573977977471206,0.48947062149343096,0.6253249740008103
51,157,,811,1639,0.49481391092129345,0.3452988488595773,0.6443289729830096
51,159,,1102,2536,0.43454258675078866,0.34600759159713856,0.5230775819044388
51,161,,16578,23738,0.6983739152413851,0.6494602857167301,0.7472875447660402
51,163,,2916,4662,0.6254826254826255,0.522692591296029,0.72827265966922194
51,165,,12084,20545,0.5881723046970065,0.5449244672150773,0.6314201421789358
51,167,,3234,5655,0.5718832891246685,0.4887968796920208,0.6549696985573161
51,169,,2819,4811,0.5859488671793806,0.5043638755451776,0.6675338588135835
51,171,,5548,10445,0.5311632359980852,0.46799345084027233,0.5943330211558981
51,173,,3361,6567,0.5118014313994214,0.4466346133499426,0.5769682494489001
51,175,,1994,3852,0.5176531671858775,0.430416801769758,0.604889532601997
51,177,,25713,38349,0.6704998826566534,0.6343771764777729,0.7066225888355339
51,179,,33268,44970,0.7397820769401824,0.7025622106220398,0.777001943258325
51,181,,787,1320,0.5962121212121212,0.47754928433547794,0.7148749580887644
51,183,,1423,3287,0.43291755400060844,0.34939763428949655,0.5164374737117203
51,185,,4525,8895,0.5087127599775154,0.4475803974827971,0.5698451224722337
51,187,,5865,10847,0.5407024983866506,0.4774259321899962,0.6039790645833051
51,191,,7451,11872,0.6276111859838275,0.5667082239777563,0.6885141479898986
51,193,,2142,4242,0.504950495049505,0.4161440683989503,0.5937569217000596
51,195,,4881,9326,0.5233755093287583,0.45782773269589094,0.5889232859616257
51,197,,3451,6319,0.5461307168855831,0.46463588499351816,0.6276255487776481
51,199,,15592,18522,0.8418097397689235,0.784629043452043,0.898990436085804
51,510,,52077,60591,0.8594840817943259,0.827451221900502,0.8915169416881498
51,520,,2172,4085,0.5317013463892288,0.42208031383578154,0.6413223789426762
51,530,,725,1441,0.5031228313671062,0.3585643318099805,0.647681330924232
51,540,,11590,13753,0.8427252235875808,0.7873347652342019,0.8981156819409598
51,550,,52168,72057,0.7239824028199897,0.6916515631687581,0.7563132424712213
51,570,,3210,4920,0.6524390243902439,0.5667552894830105,0.7381227592974774
51,580,,398,1259,0.3161239078633836,0.20779484355723196,0.42445297216953526
51,590,,4758,9989,0.4763239563519872,0.4159842539948822,0.5366636587090923
51,595,,604,1403,0.4305060584461867,0.291178507608166,0.5698336092842075
51,600,,5402,6563,0.8230991924424805,0.7393021989739977,0.9068961859109633
51,610,,3615,3778,0.9568554790894653,0.8623665695508411,1
51,620,,1089,2110,0.5161137440758294,0.366306324593617,0.6659211635580419
51,630,,5489,7755,0.7078014184397163,0.631963567200583,0.7836392696788497
51,640,,740,1201,0.6161532056619484,0.4857178938947906,0.7465885174291063
51,650,,27536,38927,0.7073753435918514,0.6640385517723256,0.7507121354113772
51,660,,7511,11813,0.6358249386269365,0.5671200432917278,0.7045298339621451
51,670,,3372,5700,0.5915789473684211,0.5011484955561362,0.682009399180706
51,678,,705,872,0.8084862385321101,0.6014477828183857,1
51,680,,13708,19166,0.7152248773870395,0.666697687545796,0.7637520672282831
51,683,,7278,12757,0.5705103080661598,0.5120731543272313,0.6289474618050882
51,685,,2585,5195,0.49759384023099135,0.4072541855018564,0.5879334949601263
51,690,,1905,3311,0.5753548776804591,0.46474337976128155,0.6859663755996367
51,700,,35902,54298,0.661202990902059,0.6263480604574491,0.696057921346669
51,710,,52149,73608,0.7084691881317248,0.6797065866042306,0.737231789659219
51,720,,560,920,0.6086956521739131,0.45403919293056455,0.7633521114172617
51,730,,5275,9398,0.5612896360927857,0.4802290617795868,0.6423502104059846
51,735,,2121,3117,0.6804619826756496,0.5698884948946765,0.7910354704566227
51,740,,18423,28985,0.6356046230809039,0.5873382003499226,0.6838710458118853
51,750,,2473,3168,0.7806186868686869,0.6603497176369479,0.9008876561004258
51,760,,62033,81696,0.7593150215432825,0.732064620729429,0.7865654223571359
51,770,,17268,27538,0.6270607887283027,0.5808846042816256,0.6732369731749799
51,775,,4025,5842,0.6889763779527559,0.6017014427203369,0.7762513131851749
51,790,,4866,6868,0.7085032032615026,0.6281860446698638,0.7888203618531414
51,800,,19684,27151,0.7249825052484254,0.6819870982933733,0.7679779122034776
51,810,,101172,135286,0.7478379137530861,0.7268210842243401,0.768854743281832
51,820,,3985,6661,0.5982585197417805,0.5061539863189901,0.6903630531645708
51,830,,1843,2648,0.6959969788519638,0.5814471463258214,0.8105468113781061
51,840,,4311,7403,0.5823314872349048,0.5043243187615996,0.66033865570821
53,000,,1668587,2308588,0.722773834049211,0.7177874236763215,0.7277602444221005
53,001,,1691,4874,0.346942962659007,0.28899382673906543,0.40489209857894853
53,003,,2899,4998,0.5800320128051221,0.5041951705915133,0.6558688550187308
53,005,,37715,57685,0.6538094825344544,0.622501541230628,0.6851174238382808
53,007,,12775,20172,0.6333035891334523,0.5850386935668845,0.6815684847000201
53,009,,10567,16941,0.6237530252051237,0.5765364412558712,0.6709696091543761
53,011,,95399,142388,0.6699932578588084,,
53,013,,603,905,0.6662983425414365,0.524477785878566,0.808118899204307
53,015,,16484,28276,0.5829678879615221,0.5408654394133241,0.6250703365097201
53,017,,5914,11371,0.5200949784539618,0.46075104216518,0.5794389147427437
53,019,,657,1287,0.5104895104895105,0.40271653697771703,0.618262484001304
53,021,,14777,28330,0.5216025414754677,0.4757727814404985,0.5674323015104369
53,023,,278,485,0.5731958762886598,0.4288075725256299,0.7175841800516896
53,025,,14154,26523,0.5336500395882818,0.48840287196362564,0.578897207212938
53,027,,9033,18385,0.4913244492793038,0.44894010731349215,0.5337087912451155
53,029,,15021,21406,0.7017191441651873,0.6554365360510819,0.7480017522792928
53,031,,4192,6001,0.6985502416263956,0.6189522954552573,0.7781481877975338
53,033,,652970,786115,0.8306291064284488,,
53,035,,55660,76976,0.723082519226772,0.6966730947632328,0.7494919436903112
53,037,,7469,10774,0.6932429923890848,0.6270569453338141,0.7594290394443556
53,039,,2996,5505,0.5442325158946413,0.4527880097586312,0.6356770220306514
53,041,,12291,20890,0.5883676400191479,0.5461895475888523,0.6305457324494435
53,043,,1320,2274,0.5804749340369393,0.493240232282193,0.6677096357916856
53,045,,8887,16376,0.5426844162188569,0.4903018873314154,0.5950669451062984
53,047,,4993,10345,0.4826486225229579,0.4292597368089034,0.5360375082370125
53,049,,2704,4508,0.5998225377107365,0.5239648723085353,0.6756802031129376
53,051,,1491,2719,0.5483633688856198,0.4454041358679641,0.6513226019032754
53,053,,186787,278113,0.6716226857428456,,
53,055,,2613,3526,0.7410663641520137,0.6853051279992192,0.7968276003048081
53,057,,20945,33075,0.6332577475434619,0.6012785416853261,0.6652369534015976
53,059,,1796,2675,0.6714018691588785,0.584592788011098,0.7582109503066589
53,061,,188627,257693,0.7319834066117434,,
53,063,,109545,155946,0.702454695856258,,
53,065,,5670,9952,0.5697347266881029,0.5153104194899563,0.6241590338862495
53,067,,63247,86190,0.7338090265692075,0.707346278707184,0.7602717744312311
53,069,,476,799,0.5957446808510638,0.4151656589787801,0.7763237027233475
53,071,,9425,14987,0.6288783612464136,0.5755977066447691,0.6821590158480582
53,073,,45912,61773,0.7432373367005002,0.7096272196965057,0.7768474537044947
53,075,,9495,11222,0.8461058634824452,0.7781971060632361,0.9140146209016543
53,077,,31109,66128,0.4704361238809581,0.4442523078193214,0.49661993994259485
54,000,,243705,425695,0.5724873442253257,0.562325979268623,0.5826487091820283
54,001,,984,3396,0.28975265017667845,0.2118058435328276,0.3676994568205293
54,003,,22489,36681,0.6130966985632889,0.5698096717848014,0.6563837253417764
54,005,,2370,4511,0.5253823985812458,0.4324236527980032,0.6183411443644884
54,007,,954,2747,0.34728795049144523,0.25184710430197743,0.44272879668091303
54,009,,2764,4697,0.5884607196082606,0.4957980132904547,0.6811234259260666
54,011,,15101,21936,0.6884117432531,0.6403629787436085,0.7364605077625914
54,013,,411,1252,0.3282747603833866,0.20586333407325308,0.4506861866935201
54,015,,587,1457,0.40288263555250514,0.2549629399232732,0.5508023311817372
54,017,,776,1911,0.4060701203558346,0.30078502995236933,0.5113552107592999
54,019,,4807,9077,0.5295802577944255,0.458331866928696,0.6008286486601551
54,021,,848,2054,0.41285296981499514,0.3203200338913838,0.5053859057386064
54,023,,1184,2343,0.5053350405463082,0.38165215089162235,0.629017930200994
54,025,,3867,7216,0.5358924611973392,0.4547910108315294,0.6169939115631491
54,027,,2541,4966,0.5116794200563834,0.414682850451176,0.608675989661591
54,029,,3483,6244,0.5578155028827675,0.46974113727109224,0.6458898684944427
54,031,,1463,3096,0.4725452196382429,0.37190714540734293,0.5731832938691429
54,033,,9299,15826,0.587577404271452,0.536585395823218,0.638569412719686
54,035,,3577,6266,0.5708586019789339,0.4726043307381404,0.6691128732197273
54,037,,9911,14551,0.6811215724005223,0.6304877215183651,0.7317554232826795
54,039,,26260,42985,0.6109107828312202,0.5771147610888573,0.6447068045735832
54,041,,1982,3914,0.5063873275421563,0.41855807260877814,0.5942165824755345
54,043,,2052,4338,0.4730290456431535,0.37074710911606545,0.5753109821702416
54,045,,3243,7246,0.44755727297819486,0.36664068697694174,0.528473858979448
54,047,,1123,4750,0.23642105263157895,0.1736436085897352,0.2991984966734227
54,049,,8718,13715,0.6356543930003645,0.5815962219288063,0.6897125640719227
54,051,,3886,6827,0.569210487769152,0.49276896997403785,0.645652005564266
54,053,,2927,5905,0.4956816257408975,0.39860435348870604,0.592758897993089
54,055,,7871,13356,0.5893231506439054,0.5210214662296543,0.6576248350581565
54,057,,3614,6222,0.5808421729347477,0.49621290311891963,0.6654714427505758
54,059,,1964,4927,0.3986198498071849,0.3101565937789227,0.4870831058354471
54,061,,23167,30209,0.7668906617233275,0.7236438181056001,0.810137505341055
54,063,,857,2488,0.3444533762057878,0.23369326577012034,0.4552134866414553
54,065,,1889,3778,0.5,0.40235276445825274,0.5976472355417473
54,067,,2984,5248,0.5685975609756098,0.4641639279337996,0.67303119401742
54,069,,6178,9519,0.6490177539657527,0.5886253947083175,0.7094101132231878
54,071,,428,1067,0.40112464854732893,0.25207905852378143,0.5501702385708764
54,073,,813,1851,0.4392220421393841,0.3218509167041488,0.5565931675746194
54,075,,666,1631,0.4083384426732066,0.31428450686465226,0.502392378481761
54,077,,4089,9672,0.4227667493796526,0.37277698316711994,0.47275651559218523
54,079,,8857,13799,0.6418581056598304,0.5770153790452507,0.70670083227441
54,081,,9565,17647,0.5420184733949113,0.4801842633152721,0.6038526834745505
54,083,,3155,6692,0.4714584578601315,0.39356269408354566,0.5493542216367173
54,085,,825,1814,0.4547960308710033,0.34305806910780556,0.566533992634201
54,087,,1132,2902,0.39007580978635426,0.31170981584244395,0.46844180373026456
54,089,,1129,2544,0.4437893081761006,0.333780501629221,0.5537981147229802
54,091,,2122,4018,0.5281234444997511,0.4161033739087772,0.640143515090725
54,093,,834,1334,0.6251874062968515,0.5002599685540994,0.7501148440396037
54,095,,904,1631,0.5542611894543225,0.451353676527721,0.657168702380924
54,097,,2340,5229,0.4475043029259897,0.3721736299304368,0.5228349759215426
54,099,,4874,8568,0.5688608776844071,0.48747667681779244,0.6502450785510218
54,101,,739,1621,0.45589142504626773,0.3154241530344498,0.5963586970580856
54,103,,1804,3035,0.5943986820428336,0.48775951117285105,0.7010378529128163
54,105,,511,994,0.5140845070422535,0.3568694018906656,0.6712996121938414
54,107,,11083,19510,0.5680676576114813,0.5224377962289298,0.6136975189940327
54,109,,1704,4482,0.38018741633199465,0.27322633285691295,0.48714849980707636
55,000,,1051805,1491565,0.7051687321705725,0.6998277075902047,0.7105097567509403
55,001,,2263,4074,0.555473735886107,0.4996685681572663,0.6112789036149477
55,003,,2504,3598,0.6959421901056142,0.618691445520313,0.7731929346909154
55,005,,6692,10165,0.65833743236596165,0.6101571601563841,0.7065177045755392
55,007,,2135,2985,0.7152428810720268,0.6596845995173105,0.7708011626267431
55,009,,50423,71882,0.7014690743162405,0.6749353793594879,0.7280027692729931
55,011,,1815,2887,0.6286802909594735,0.5679934338453384,0.6893671480736087
55,013,,1800,2948,0.6105834464043419,0.5635735330457283,0.6575933597629555
55,015,,9904,13185,0.7511566173682215,0.6978908167094044,0.8044224180270385
55,017,,10619,16908,0.628045895434114,0.5857352925898232,0.6703564982784049
55,019,,3084,7204,0.4280955024986119,0.3982421284925215,0.4579488765047023
55,021,,9272,14371,0.6451882262890544,0.6041701355254393,0.6862063170526694
55,023,,2089,3415,0.6117130307467057,0.5534529057948936,0.6699731556985178
55,025,,141110,168303,0.8384283108441323,0.8200025576660652,0.8568540640221993
55,027,,13008,22525,0.5774916759156493,0.543515258804683,0.6114680930266156
55,029,,4460,5747,0.7760570732556116,0.6931058577406888,0.8590082887705344
55,031,,7780,11114,0.7000179953212164,0.6488485747858216,0.7511874158566113
55,033,,7000,10494,0.6670478368591576,0.6204676514481067,0.7136280222702085
55,035,,20274,27472,0.7379877693651719,0.6985706139724333,0.7774049247579105
55,037,,582,870,0.6689655172413793,0.5540165152325927,0.783914519250166
55,039,,15018,25147,0.5972084145226071,0.559327394823247,0.6350894342219672
55,041,,1073,1868,0.5744111349036403,0.5071854962406965,0.641636773566584
55,043,,7598,11426,0.6649746192893401,0.6242251961405805,0.7057240424380997
55,045,,5994,8604,0.696652719665272,0.6480409804943581,0.7452644588361859
55,047,,2290,3917,0.5846310952259383,0.5239006657542706,0.6453615246976059
55,049,,3803,5508,0.6904502541757443,0.6313593148024469,0.7495411935490418
55,051,,845,1104,0.7653985507246377,0.6746805748646449,0.8561165265846304
55,053,,2397,5029,0.4766355140186916,0.4328108734091685,0.5204601546282147
55,055,,13317,20600,0.6464563106796116,0.6046898253126515,0.6882227960465718
55,057,,3453,6193,0.5575649927337316,0.5115994094988021,0.6035305759686611
55,059,,29803,43201,0.6898682900858777,0.6575694153910813,0.7221671647806741
55,061,,2912,4573,0.6367811064946425,0.5797753997936462,0.6937868131956387
55,063,,23983,29678,0.8081070152975268,0.7657168321364555,0.8504971984585982
55,065,,2487,3688,0.6743492407809111,0.6273381820165892,0.721360299545233
55,067,,2215,3877,0.5713180294041785,0.4910231595896035,0.6516128992187535
55,069,,3323,6116,0.5433289731850883,0.4870418779975659,0.5996160683726108
55,071,,11770,18236,0.645426628646633,0.6053150405785284,0.6855382167147377
55,073,,24393,34413,0.7088309650422805,0.6774992163247473,0.7401627137598137
55,075,,5588,8880,0.6292792792792793,0.5716576328227901,0.6869009257357684
55,077,,1553,3032,0.512203166226913,0.465193250688219,0.5592130817656069
55,078,,414,906,0.45695364238410596,0.3194437024668686,0.5944635823013433
55,079,,185552,273670,0.678013666094201,0.6645550034561007,0.6914723287323012
55,081,,6819,11178,0.6100375738056898,0.5583593235169396,0.66171582409444
55,083,,5602,8562,0.6542863816865219,0.605437245534828,0.7031355178382157
55,085,,5231,7396,0.7072742022714981,0.6436476760802337,0.7709007284627625
55,087,,37329,51381,0.7265136918316109,,
55,089,,16656,20637,0.8070940543683675,0.7617934877971572,0.8523946209395777
55,091,,838,1528,0.5484293193717278,0.4784953324673319,0.6183633062761237
55,093,,7171,9671,0.7414951918105677,0.6853028762006101,0.7976875074205252
55,095,,6742,9975,0.675889724310777,0.630121258093142,0.721658190528412
55,097,,12093,16631,0.7271360711923517,0.6803324862679355,0.7739396561167678
55,099,,1486,2438,0.6095159967186218,0.5553016302422276,0.663730363195016
55,101,,32232,48622,0.6629097939204476,0.6305293075716827,0.6952902802692125
55,103,,1931,3547,0.5444037214547505,0.48123446525858227,0.6075729776509187
55,105,,26754,41027,0.652107148950691,0.6202938730638137,0.6839204248375683
55,107,,1604,2764,0.5803183791606368,0.516239797841631,0.6443969604796426
55,109,,18766,24325,0.771469681397739,0.7266323764406506,0.8163069863548273
55,111,,10889,16261,0.6696390135908,0.6279650664598799,0.7113129607217201
55,113,,2474,3615,0.6843706777316736,0.6129302879892853,0.7558110674740619
55,115,,5046,8769,0.5754361956893602,0.5292861815634589,0.6215862098152616
55,117,,18278,28524,0.6407937175711681,0.603131752409259,0.6784556827330772
55,119,,2227,4143,0.5375331885107411,0.4840827339174776,0.5909836431040045
55,121,,4142,6870,0.6029112081513828,0.5625087222891884,0.6433136940135772
55,123,,3671,6331,0.5798452061285737,0.5311895568088743,0.6285008554482732
55,125,,2675,4075,0.656441717791411,0.585302689537131,0.727580746045691
55,127,,15671,22765,0.6883812870634747,0.6489912105885741,0.7277713635383752
55,129,,1744,3006,0.5801729873586161,0.5323831527846494,0.6279628219325828
55,131,,24707,31956,0.7731568406559018,0.7340390211658597,0.812274660145944
55,133,,81260,97175,0.8362233084641112,0.8147566769084169,0.8576899400198055
55,135,,6788,11690,0.5806672369546622,0.5323143903843377,0.6290200835249866
55,137,,2473,5026,0.49204138479904497,0.45298399372376413,0.5310987758743257
55,139,,30926,44756,0.6909911520243096,0.6593885857393684,0.7225937183092508
55,141,,10985,17108,0.64209726443769,0.5985750075130409,0.6856195213623391
56,000,,104426,152050,0.6867872410391319,0.6688574569257042,0.7047170251525596
56,001,,8727,10093,0.8646586743287427,0.7934187245014361,0.9358986241560492
56,003,,1579,2659,0.5938322677698383,0.5076915578091206,0.6799729777305561
56,005,,8335,13657,0.6103097312733397,0.5419405441484013,0.678678918398278
56,007,,2311,3802,0.6078379800105208,0.5043425907233559,0.7113333692976858
56,009,,2315,3347,0.6916641768748133,0.5874369394918187,0.7958914142578078
56,011,,1011,1554,0.6505791505791506,0.51540955568743,0.7857487454708713
56,013,,5576,9330,0.5976420150053591,0.5493003978108998,0.6459836321998184
56,015,,2000,2883,0.693721817551162,0.5908850074144738,0.7965586276878502
56,017,,727,1014,0.7169625246548323,0.5480095753465442,0.8859154739631205
56,019,,1336,1784,0.7488789237668162,0.5820428070661801,0.9157150404674523
56,021,,20723,27965,0.7410334346504559,0.694330314757696,0.7877365545432158
56,023,,2948,4624,0.6375432525951558,0.5417690198842051,0.7333174853061064
56,025,,14539,22223,0.6542321018764343,0.6067590051097831,0.7017051986430856
56,027,,395,619,0.6381260096930533,0.43491953147257917,0.8413324879135275
56,029,,5261,6692,0.7861625821876868,0.6858486853106008,0.8864764790647727
56,031,,1264,2093,0.6039178213091256,0.4775517056453873,0.730283936972864
56,033,,4968,7704,0.6448598130841121,0.5697634824414719,0.7199561437267523
56,035,,1724,2156,0.7996289424860853,0.6430994326923862,0.9561584522797844
56,037,,7303,11273,0.647831100860463,0.5854444590178521,0.7102177427030739
56,039,,6144,8005,0.7675202998126172,0.669068558873948,0.8659720407512863
56,041,,3047,5142,0.5925709840528977,0.5122161164417591,0.6729258516640362
56,043,,1152,1695,0.679646017699115,0.568053413353762,0.791238622044468
56,045,,1041,1736,0.5996543778801844,0.36915828777286575,0.830150467987503
