statecode,countycode,v081_rawvalue,v081_numerator,v081_denominator,v081_flag_CT
00,000,0.06711046924482193,22825008,340110988,
01,000,0.01733738242576777,89421,5157699,
01,001,0.013845503058701029,851,61464,
01,003,0.01197975597076542,3134,261608,
01,005,0.005870761146235323,143,24358,
01,007,0.0030550813190762874,68,22258,
01,009,0.004155377890065323,250,60163,
01,011,0.003837996162003838,38,9901,
01,013,0.0132011393514461,241,18256,
01,015,0.009886023001537445,1151,116427,
01,017,0.008547008547008548,289,33813,
01,019,0.004744050807253807,124,26138,
01,021,0.004845330286488088,229,47262,
01,023,0.004397610355127779,53,12052,
01,025,0.004606629934061963,102,22142,
01,027,0.004354238359435354,62,14239,
01,029,0.003772398616787174,60,15905,
01,031,0.017637247595727313,994,56358,
01,033,0.009305094837118312,547,58785,
01,035,0.005581060401476281,62,11109,
01,037,0.002429307161597512,25,10291,
01,039,0.0061460209812440394,232,37748,
01,041,0.011666920847948757,153,13114,
01,043,0.007353894000259168,681,92604,
01,045,0.015978588691153855,800,50067,
01,047,0.008018005345336896,285,35545,
01,049,0.00548398566778808,401,73122,
01,051,0.007502032029173348,683,91042,
01,053,0.003467103467103467,127,36630,
01,055,0.009127287877760229,942,103207,
01,057,0.005484460694698354,87,15863,
01,059,0.004266800527075359,136,31874,
01,061,0.005062548149235115,138,27259,
01,063,0.003507787287778869,25,7127,
01,065,0.003770838846255623,57,15116,
01,067,0.006449479080535803,117,18141,
01,069,0.013148510506007351,1438,109366,
01,071,0.007084417999256229,381,53780,
01,073,0.02032662197778393,13512,664744,
01,075,0.0012552610204533707,17,13543,
01,077,0.01133310085946955,1105,97502,
01,079,0.0031876545416629426,107,33567,
01,081,0.048198800087305094,9054,187847,
01,083,0.024928116224714567,2965,118942,
01,085,0.004955192409066948,47,9485,
01,087,0.006443086073021642,117,18159,
01,089,0.02865207686220784,12130,423355,
01,091,0.0038353500432152117,71,18512,
01,093,0.004126453637076697,121,29323,
01,095,0.008712165707349544,890,102156,
01,097,0.022842855029478172,9419,412339,
01,099,0.00692658865508737,132,19057,
01,101,0.039080276589905,8828,225894,
01,103,0.007780527267535928,981,126084,
01,105,0.006218422075398368,48,7719,
01,107,0.0039982710179381886,74,18508,
01,109,0.023849776597029346,790,33124,
01,111,0.006806260025144145,157,23067,
01,113,0.007002396451212672,412,58837,
01,115,0.008821071528057198,855,96927,
01,117,0.025655912429175018,6054,235969,
01,119,0.016800206771775652,195,11607,
01,121,0.007127496159754224,580,81375,
01,123,0.006068945182928327,247,40699,
01,125,0.019741969719582773,4762,241212,
01,127,0.005776892430278884,377,65260,
01,129,0.00885603941936343,133,15018,
01,131,0.0026355803345159655,26,9865,
01,133,0.0045665926515564125,109,23869,
02,000,0.07046030916065085,52150,740133,
02,013,0.43667400881057267,1586,3632,
02,016,0.38845870206489674,2107,5424,
02,020,0.10763121546961325,31170,289600,
02,050,0.012885891319844273,235,18237,
02,060,0.02262443438914027,20,884,
02,063,0.06950333131435493,459,6604,
02,066,0.030026605853287723,79,2631,
02,068,0.061690314620604564,100,1621,
02,070,0.00969409737182249,45,4642,
02,090,0.03560783983317711,3381,94951,
02,100,0.02376425855513308,50,2104,
02,105,0.012543252595155709,29,2312,
02,110,0.0770936272646649,2434,31572,
02,122,0.019539985961246512,1197,61259,
02,130,0.09431892958982233,1290,13677,
02,150,0.25628259838786155,3243,12654,
02,158,0.006292474200855777,50,7946,
02,164,0.028897338403041824,38,1315,
02,170,0.018110242915323985,2130,117613,
02,180,0.021655144367629116,213,9836,
02,185,0.05429991559598612,579,10663,
02,188,0.011494252873563218,82,7134,
02,195,0.07421420256111758,255,3436,
02,198,0.014792899408284023,85,5746,
02,220,0.09000598444045482,752,8355,
02,230,0.03485254691689008,39,1119,
02,240,0.03295501162313688,241,7313,
02,275,0.03972868217054264,82,2064,
02,282,0.059420289855072465,41,690,
02,290,0.02706413022161208,138,5099,
04,000,0.04437997336985307,336506,7582384,
04,001,0.008888888888888889,576,64800,
04,003,0.02310511795059353,2906,125773,
04,005,0.023422269066760357,3400,145161,
04,007,0.00871044698833059,471,54073,
04,009,0.008001590378211819,322,40242,
04,011,0.015940488841657812,150,9410,
04,012,0.021304143126177025,362,16992,
04,013,0.05583086673160577,260903,4673096,
04,015,0.015683573311432848,3552,226479,
04,017,0.008491909857920303,930,109516,
04,019,0.03933253652968248,42485,1080149,
04,021,0.023508257080694817,12080,513862,
04,023,0.010216203373722975,516,50508,
04,025,0.015594433620487833,3930,252013,
04,027,0.017806726884844082,3923,220310,
05,000,0.019807638632099816,61173,3088354,
05,001,0.008722741433021807,140,16050,
05,003,0.00361432384341637,65,17984,
05,005,0.0068360964494152115,294,43007,
05,007,0.05202664460794985,16730,321566,
05,009,0.006884770680194637,266,38636,
05,011,0.006945143432310015,69,9935,
05,013,0.003411513859275053,16,4690,
05,015,0.029135597901132283,844,28968,
05,017,0.008951682484900777,83,9272,
05,019,0.008173996175908221,171,20920,
05,021,0.002976190476190476,42,14112,
05,023,0.005069016610777509,130,25646,
05,025,0.010723496674358627,79,7367,
05,027,0.010670177987649836,235,22024,
05,029,0.008309214825879936,178,21422,
05,031,0.013465455926526948,1560,115852,
05,033,0.01877670339554756,1169,62258,
05,035,0.0073767503699097205,344,46633,
05,037,0.00895393355563789,145,16194,
05,039,0.00576036866359447,35,6076,
05,041,0.011142331169460324,115,10321,
05,043,0.0094478889873044,160,16935,
05,045,0.01357789242540517,1787,131611,
05,047,0.013419765722733993,236,17586,
05,049,0.00430416068866571,54,12546,
05,051,0.00981962323076615,981,99902,
05,053,0.0063625579639814515,118,18546,
05,055,0.005391237640640982,253,46928,
05,057,0.005600628107825177,107,19105,
05,059,0.005493350944075886,183,33313,
05,061,0.010333414063130701,128,12387,
05,063,0.0089711826835311,344,38345,
05,065,0.004758239451402981,68,14291,
05,067,0.005997720866070893,100,16673,
05,069,0.010035808518658124,639,63672,
05,071,0.03966070609812013,1038,26172,
05,073,0.008478802992518703,51,6015,
05,075,0.003189205765102729,52,16305,
05,077,0.007156959526159921,58,8104,
05,079,0.007304942493005906,94,12868,
05,081,0.005848959229313607,68,11626,
05,083,0.020692547886470614,444,21457,
05,085,0.011480710573511892,877,76389,
05,087,0.011754827875734676,210,17865,
05,089,0.007389302563519582,130,17593,
05,091,0.006220506220506221,261,41958,
05,093,0.0066150413440084,252,38095,
05,095,0.008106001558846453,52,6415,
05,097,0.01410105757931845,120,8510,
05,099,0.005497251374312844,44,8004,
05,101,0.006120125249074865,43,7026,
05,103,0.005211215642870319,113,21684,
05,105,0.003999609794166423,41,10251,
05,107,0.012482095355023532,183,14661,
05,109,0.00987334197666301,99,10027,
05,111,0.003901345291479821,87,22300,
05,113,0.010239785942163218,199,19434,
05,115,0.012725786299341344,825,64829,
05,117,0.001890359168241966,15,7935,
05,119,0.025278595445266682,10142,401209,
05,121,0.006460084033613445,123,19040,
05,123,0.006369718632572633,139,21822,
05,125,0.014567397068235151,1912,131252,
05,127,0.02968384670123005,292,9837,
05,129,0.004211332312404288,33,7836,
05,131,0.0475871880647518,6188,130035,
05,133,0.007054337464251668,111,15735,
05,135,0.005956977385548814,108,18130,
05,137,0.005240516229956981,67,12785,
05,139,0.00940337224383917,348,37008,
05,141,0.0067483902922238735,109,16152,
05,143,0.027567396988549275,7338,266184,
05,145,0.008534472948881667,675,79091,
05,147,0.003615702479338843,21,5808,
05,149,0.017035859739743718,343,20134,
06,000,0.17021800696569117,6711911,39431263,
06,001,0.35457836585691244,584721,1649060,
06,003,0.02183803457688808,24,1099,
06,005,0.020415932993860943,858,42026,
06,007,0.05931341019708737,12357,208334,
06,009,0.02490054832813676,1158,46505,
06,011,0.01762254235752469,389,22074,
06,013,0.21399582298246556,250933,1172607,
06,015,0.03365544818393869,909,27009,
06,017,0.05829180128926528,11240,192823,
06,019,0.12449749786403028,127501,1024125,
06,021,0.02960712266817411,838,28304,
06,023,0.031749508989273305,4203,132380,
06,025,0.022237018775725825,4041,181724,
06,027,0.020232621044089804,374,18485,
06,029,0.06052926249472916,55840,922529,
06,031,0.044625047607366713,6913,154913,
06,033,0.01689687739802845,1145,67764,
06,035,0.020042342978122796,568,28340,
06,037,0.1635477836370533,1595765,9757179,
06,039,0.0338870351564389,5606,165432,
06,041,0.07210218408736349,18487,256400,
06,043,0.021703425621773815,370,17048,
06,045,0.025848051583964117,2305,89175,
06,047,0.08347429357019145,24773,296774,
06,049,0.014721469791543988,125,8491,
06,051,0.02163035947963975,281,12991,
06,053,0.06764225182291846,29509,436251,
06,055,0.09685293873891522,12855,132727,
06,057,0.018249425118645725,1865,102195,
06,059,0.2433454715204696,771511,3170435,
06,061,0.10865055253076146,47135,433822,
06,063,0.01141552511415525,215,18834,
06,065,0.08317927787020447,210438,2529933,
06,067,0.1944519438863825,313307,1611231,
06,069,0.061018811723709133,4220,69159,
06,071,0.096649883190073893,214010,2214281,
06,073,0.1380596392808413,455431,3298799,
06,075,0.37300821968131515,308674,827526,
06,077,0.2125625529954369,173474,816108,
06,079,0.045532441820446135,12833,281843,
06,081,0.33932477490028845,252082,742893,
06,083,0.06360179977502813,28271,444500,
06,085,0.43300844873009486,834115,1926325,
06,087,0.057117596396423866,14988,262406,
06,089,0.03883039515020346,7033,181121,
06,091,0.0112431737873434,35,3113,
06,093,0.02096569250317662,891,42498,
06,095,0.17984579247244017,81848,455101,
06,097,0.05238629925315478,25427,485375,
06,099,0.06993708839941684,38953,556972,
06,101,0.19419554518240398,19137,98545,
06,103,0.015903554638407473,1025,64451,
06,105,0.027873673443293695,436,15642,
06,107,0.04318100035984167,20880,483546,
06,109,0.01690386506596404,911,53893,
06,111,0.08556343043736915,71482,835427,
06,113,0.17326005211963544,39027,225251,
06,115,0.09339308783683362,8169,87469,
08,000,0.040928793369962836,243833,5957493,
08,001,0.050543949699156314,27444,542973,
08,003,0.017556474324405297,293,16689,
08,005,0.07228624808447215,48209,666918,
08,007,0.010558390022675737,149,14112,
08,009,0.005643005643005643,19,3367,
08,011,0.01540058833708254,89,5779,
08,013,0.05676402371450545,18747,330262,
08,014,0.08016802216462597,6279,78323,
08,015,0.009769008662175168,203,20780,
08,017,0.02102803738317757,36,1712,
08,019,0.013221683561040106,120,9076,
08,021,0.011789641012054576,89,7549,
08,023,0.017905588714053174,66,3686,
08,025,0.013928571428571429,78,5600,
08,027,0.004682153790743742,26,5553,
08,029,0.010895545553313674,351,32215,
08,031,0.04615243224113501,33646,729019,
08,033,0.006080259424402107,15,2467,
08,035,0.07192477061891649,28338,393995,
08,037,0.01673108779679735,909,54330,
08,039,0.014294465999591586,420,29382,
08,041,0.03637489173348637,27382,752772,
08,043,0.00980176871019903,491,50093,
08,045,0.010575142083682936,668,63167,
08,047,0.01861479121247694,111,5963,
08,049,0.010337996780983039,167,16154,
08,051,0.010860774119006355,188,17310,
08,053,0.009370816599732263,7,747,
08,055,0.010875787063537493,76,6988,
08,057,0.0054988216810683424,7,1273,
08,059,0.0355761901222575,20582,578533,
08,061,0.004310344827586207,6,1392,
08,063,0.00847457627118644,60,7080,
08,065,0.010991993486226082,81,7369,
08,067,0.00906323143797406,515,56823,
08,069,0.028410941496206356,10642,374574,
08,071,0.020595123295219727,299,14518,
08,073,0.012683101107538406,71,5598,
08,075,0.010503493134184534,218,20755,
08,077,0.012389929306709662,1998,161260,
08,079,0.004287245444801715,4,933,
08,081,0.007152640389590625,94,13142,
08,083,0.012369136768376737,332,26841,
08,085,0.008972012676873633,402,44806,
08,087,0.008943894389438944,271,30300,
08,089,0.01150575287643822,207,17991,
08,091,0.010967866076582644,57,5197,
08,093,0.01059183227778991,194,18316,
08,095,0.005793226381461676,26,4488,
08,097,0.02121011836808268,353,16643,
08,099,0.007610604666722422,91,11957,
08,101,0.01352831055066935,2298,169866,
08,103,0.007265021946420463,48,6607,
08,105,0.006108515989938915,68,11132,
08,107,0.010894109258012123,275,25243,
08,109,0.011544227886056972,77,6670,
08,111,0.007308160779537149,6,821,
08,113,0.013300933623225476,104,7819,
08,115,0.01595037660611431,36,2257,
08,117,0.021533579431383978,665,30882,
08,119,0.010457726651114151,260,24862,
08,121,0.010479983232026828,50,4771,
08,123,0.023708231348632165,8766,369745,
08,125,0.005374203821656051,54,10048,
09,000,0.05468278282666257,200963,3675069,
09,001,,,,U
09,003,,,,U
09,005,,,,U
09,007,,,,U
09,009,,,,U
09,011,,,,U
09,013,,,,U
09,015,,,,U
09,110,0.068462382552637,67881,991508,A
09,120,0.05559991181710391,18663,335666,A
09,130,0.03558071420524952,6317,177540,A
09,140,0.045184111462074336,20885,462220,A
09,150,0.016949672981852796,1656,97701,A
09,160,0.026678118509040238,3044,114101,A
09,170,0.052594162138168046,30332,576718,A
09,180,0.04164514051563683,11769,282602,A
09,190,0.06344611491445229,40416,637013,A
10,000,0.04761307213401818,50085,1051917,
10,001,0.026026259795526495,5015,192690,
10,003,0.0695757303691763,40917,588093,
10,005,0.015317149453775623,4153,271134,
11,000,0.054754004983980066,38451,702250,
11,001,0.054754004983980066,38451,702250,
12,000,0.03391937820185207,792771,23372215,
12,001,0.0695279352393225,20287,291782,
12,003,0.009718670076726343,285,29325,
12,005,0.024955186813406905,4984,199718,
12,007,0.007052537845057881,198,28075,
12,009,0.02951034783361455,19431,658447,
12,011,0.04171100265426961,84985,2037472,
12,013,0.009941256213285133,132,13278,
12,015,0.016957222730315573,3597,212122,
12,017,0.0166946772127352,2841,170174,
12,019,0.034414597060314245,8148,236760,
12,021,0.018028363921169153,7504,416233,
12,023,0.012490368628087108,924,73977,
12,027,0.007293707816242108,268,36744,
12,029,0.0059611672533212215,105,17614,
12,031,0.05480406270524158,57827,1055159,
12,033,0.035961059542676026,11913,331275,
12,035,0.028132861405253614,3847,136744,
12,037,0.005547422759842823,72,12979,
12,039,0.0071799053249077035,317,44151,
12,041,0.006079177581179262,123,20233,
12,043,0.0081480353335364,107,13132,
12,045,0.007747543461829176,123,15876,
12,047,0.008511232035719268,122,14334,
12,049,0.014999232775817094,391,26068,
12,051,0.014719271623672231,679,46130,
12,053,0.016415310566124226,3581,218150,
12,055,0.01690684836670371,1856,109778,
12,057,0.05273531610078499,83397,1581426,
12,059,0.007395854296639163,147,19876,
12,061,0.01925769291096149,3315,172139,
12,063,0.007482993197278911,374,49980,
12,065,0.007600025124049997,121,15921,
12,067,0.003587962962962963,31,8640,
12,069,0.027829555789682218,12362,444204,
12,071,0.019705932570540523,16966,860959,
12,073,0.0426905566944437,12828,300488,
12,075,0.010174814194493877,486,47765,
12,077,0.0057825267127592705,46,7955,
12,079,0.005282073622304509,97,18364,
12,081,0.027978496875763606,12824,458352,
12,083,0.02075051584849792,8900,428905,
12,085,0.016720389216858016,2770,165666,
12,086,0.018164773093588393,51560,2838461,
12,087,0.015486725663716814,1253,80908,
12,089,0.013183107227715183,1376,104376,
12,091,0.03570343291773062,7872,220483,
12,093,0.009582477754962354,406,42369,
12,095,0.0617085037877059,94639,1533646,
12,097,0.03700182456020408,17319,468058,
12,099,0.032812386421458166,51911,1582055,
12,101,0.04426396647620897,29175,659114,
12,103,0.03967304088541936,38319,965870,
12,105,0.022791067421131746,19438,852878,
12,107,0.00830519656925525,642,77301,
12,109,0.05047652032675679,16906,334928,
12,111,0.0207412906033225,8103,390670,
12,113,0.024584282432712264,5105,207653,
12,115,0.02316808083859976,11042,476604,
12,117,0.060893035856895907,30118,494605,
12,119,0.013032263903344042,2016,154693,
12,121,0.007678391114102996,365,47536,
12,123,0.007920157487524608,173,21843,
12,125,0.007497776083365103,118,15738,
12,127,0.02279468853895005,13740,602772,
12,129,0.00881045399434191,327,37115,
12,131,0.014810519037316262,1328,89666,
12,133,0.007885899709466853,209,26503,
13,000,0.05186846685922161,579935,11180878,
13,001,0.009802346135304516,183,18669,
13,003,0.011855364552459988,100,8435,
13,005,0.011860570393843368,131,11045,
13,007,0.018301610541727673,50,2732,
13,009,0.017459444597195492,762,43644,
13,011,0.017915149128851265,364,20318,
13,013,0.04698112031902299,4524,96294,
13,015,0.014135207815638083,1661,117508,
13,017,0.009383298908232517,159,16945,
13,019,0.010714668381013608,200,18666,
13,021,0.02392777098614507,3758,157056,
13,023,0.012355456993505464,156,12626,
13,025,0.003830806065442937,72,18795,
13,027,0.014561918746940773,238,16344,
13,029,0.03160160453967322,1615,51105,
13,031,0.014557539728976993,1244,85454,
13,033,0.007396207911082053,181,24472,
13,035,0.007114682788365835,193,27127,
13,037,0.011211174416467561,61,5441,
13,039,0.01710688844142879,1011,59099,
13,043,0.012129380053908356,135,11130,
13,045,0.01241619262418117,1613,129911,
13,047,0.017217870612126488,1187,68940,
13,049,0.008831886951847017,115,13021,
13,051,0.03520576827966786,10820,307336,
13,053,0.03474496958352831,297,8548,
13,055,0.00663874180036355,168,25306,
13,057,0.03221322394578775,9455,293513,
13,059,0.043740143851686605,5686,129995,
13,061,0.017761989342806393,50,2815,
13,063,0.053808661652721,16019,297703,
13,065,0.006403725804104206,44,6871,
13,067,0.061769717778697664,48646,787538,
13,069,0.008734122368931153,383,43851,
13,071,0.010686080422334333,502,46977,
13,073,0.050969714340307636,8536,167472,
13,075,0.00928603202846975,167,17984,
13,077,0.025538288473327307,4041,158233,
13,079,0.007692930601668152,95,12349,
13,081,0.009605506472159442,187,19468,
13,083,0.010393328354493404,167,16068,
13,085,0.029009126466753587,979,33748,
13,087,0.006634684086965398,195,29391,
13,089,0.06784178256201748,52259,770307,
13,091,0.005960264900662252,117,19630,
13,093,0.0101019131056678,113,11186,
13,095,0.00907568734985076,748,82418,
13,097,0.017493268021621336,2657,151887,
13,099,0.007372654155495978,77,10444,
13,101,0.01352082206598161,50,3698,
13,103,0.013657242850112102,999,73148,
13,105,0.014589122667725288,294,20152,
13,107,0.00792283844299001,184,23224,
13,109,0.013156684147575674,143,10869,
13,111,0.007929140558520925,205,25854,
13,113,0.05701519499308592,7133,125107,
13,115,0.017644738139856002,1789,101390,
13,117,0.2380291043070947,66671,280096,
13,119,0.02388130752142177,602,25208,
13,121,0.08684885826071166,94696,1090354,
13,123,0.008641641911963273,288,33327,
13,125,0.003324468085106383,10,3008,
13,127,0.019366766813034435,1676,86540,
13,129,0.01714802929317864,1042,60765,
13,131,0.011419435879867535,300,26271,
13,133,0.012801668958323456,270,21091,
13,135,0.14829126111076246,148865,1003869,
13,137,0.02448404308869425,1216,49665,
13,139,0.03001195066405105,6655,221745,
13,141,0.010595416330761257,92,8683,
13,143,0.009011233181088754,292,32404,
13,145,0.014514338324893714,536,36929,
13,147,0.01472265792100385,413,28052,
13,149,0.005363478834887367,65,12119,
13,151,0.03542795441837148,9187,259315,
13,153,0.033488281674356905,5857,174897,
13,155,0.00961223375204806,88,9155,
13,157,0.0323474553690381,3035,93825,
13,159,0.005575236657181021,96,17219,
13,161,0.008333884516171704,126,15119,
13,163,0.007190891537385977,108,15019,
13,165,0.01278859212313264,113,8836,
13,167,0.005011985181956853,46,9178,
13,169,0.007091954418700726,206,29047,
13,171,0.009328177863702271,193,20690,
13,173,0.01385703363914373,145,10464,
13,175,0.011096307196690993,558,50287,
13,177,0.02876177618642327,980,34073,
13,179,0.023321235442447564,1600,68607,
13,181,0.005093800472108337,41,8049,
13,183,0.012280444248740153,251,20439,
13,185,0.02060090758670402,2515,122082,
13,187,0.01002332296756997,361,36016,
13,189,0.006294798750229738,137,21764,
13,191,0.006610169491525424,78,11800,
13,193,0.015552362437663765,184,11831,
13,195,0.022306307405938176,731,32771,
13,197,0.01951538965291421,149,7635,
13,199,0.007509678623070106,161,21439,
13,201,0.007383241758241758,43,5824,
13,205,0.008264056274287963,168,20329,
13,207,0.012214906002481154,384,31437,
13,209,0.008055101564324072,69,8566,
13,211,0.008933454876937101,196,21940,
13,213,0.007406331687481847,306,41316,
13,215,0.030822969826091264,6221,201830,
13,217,0.015651963551326507,1941,124010,
13,219,0.052959710397533014,2370,44751,
13,221,0.016015335147167943,259,16172,
13,223,0.0194909546059645,3675,188549,
13,225,0.012220586725088146,357,29213,
13,227,0.007709130672498633,282,36580,
13,229,0.007450771687067589,154,20669,
13,231,0.006047704291450965,125,20669,
13,233,0.007531943510423672,336,44610,
13,235,0.012573673870333988,128,10180,
13,237,0.007697900183894282,180,23383,
13,239,0.0017219113215669393,4,2323,
13,241,0.012986279713172604,230,17711,
13,243,0.007230895645028759,44,6085,
13,245,0.018143216531024756,3743,206303,
13,247,0.01906566950107571,1861,97610,
13,249,0.010215411947590495,46,4503,
13,251,0.006492146596858639,93,14325,
13,253,0.00894975199482424,83,9274,
13,255,0.012248904569510043,861,70292,
13,257,0.009418866826678304,259,27498,
13,259,0.052609690164275316,253,4809,
13,261,0.016291591881816926,472,28972,
13,263,0.005907906168549088,34,5755,
13,265,0.019135802469135803,31,1620,
13,267,0.0073326467559217305,178,24275,
13,269,0.012334575356546319,96,7783,
13,271,0.008181818181818182,90,11000,
13,273,0.005633478960680617,49,8698,
13,275,0.010552829287358319,486,46054,
13,277,0.016519612544355997,689,41708,
13,279,0.00964057043073341,265,27488,
13,281,0.009101941747572815,120,13184,
13,283,0.007009345794392523,45,6420,
13,285,0.026191042188133624,1873,71513,
13,287,0.008866230743655104,80,9023,
13,289,0.004787784679089027,37,7728,
13,291,0.007101191985797616,196,27601,
13,293,0.0065942591155934835,187,28358,
13,295,0.00973464089991347,675,69340,
13,297,0.02095781113378024,2301,109792,
13,299,0.011760808348517476,426,36222,
13,301,0.008935508935508936,46,5148,
13,303,0.005646869012806292,112,19834,
13,305,0.017179136063737086,552,32132,
13,307,0.00734341252699784,17,2315,
13,309,0.004098360655737705,29,7076,
13,311,0.00650532560334367,193,29668,
13,313,0.01938707528314457,2037,105070,
13,315,0.009433962264150943,84,8904,
13,317,0.011602383192223268,111,9567,
13,319,0.005422868351217261,47,8667,
13,321,0.007551080840983121,153,20262,
15,000,0.37443453150650075,541487,1446146,
15,001,0.20494303827637161,42995,209790,
15,003,0.42878927295901764,428252,998747,
15,005,0.08641975308641975,7,81,
15,007,0.3027085590465872,22352,73840,
15,009,0.2925138067543131,47881,163688,
16,000,0.01893067561808716,37892,2001619,
16,001,0.03375892825481197,18088,535799,
16,003,0.00900360144057623,45,4998,
16,005,0.020964729150642788,1908,91010,
16,007,0.005163003392830801,35,6779,
16,009,0.005318643745844809,56,10529,
16,011,0.008135353416258916,414,50889,
16,013,0.013103202565219112,331,25261,
16,015,0.014916676378044518,128,8581,
16,017,0.010156611991474376,548,53955,
16,019,0.01391757205710694,1860,133644,
16,021,0.03162393162393162,444,14040,
16,023,0.0032906764168190127,9,2735,
16,025,0.00400962309542903,5,1247,
16,027,0.013612247650735128,3633,266892,
16,029,0.004834921950545655,35,7239,
16,031,0.007776408992916538,202,25976,
16,033,0.008816120906801008,7,794,
16,035,0.00852365861654464,78,9151,
16,037,0.005003262997607135,23,4597,
16,039,0.03602542971509301,1071,29729,
16,041,0.0029415526282133265,46,15638,
16,043,0.0069449267310229875,100,14399,
16,045,0.011620990986869195,254,21857,
16,047,0.009203780344678485,149,16189,
16,049,0.007704332291201429,138,17912,
16,051,0.005451311183795261,190,34854,
16,053,0.005411421553576911,141,26056,
16,055,0.01235112014995513,2326,188323,
16,057,0.028662873399715506,1209,42180,
16,059,0.004168155293557223,35,8397,
16,061,0.015021459227467811,56,3728,
16,063,0.008099352051835854,45,5556,
16,065,0.01976633242722641,1098,55549,
16,067,0.00797673086245648,181,22691,
16,069,0.010502485588255887,450,42847,
16,071,0.005827974276527331,29,4976,
16,073,0.008942579228114214,114,12748,
16,075,0.010302942665027836,285,27662,
16,077,0.006204510201646581,52,8381,
16,079,0.0070342475486713085,99,14074,
16,081,0.009279307145066501,120,12932,
16,083,0.016910339968293112,1632,96509,
16,085,0.007748297722470063,99,12777,
16,087,0.010746165178958315,124,11539,
17,000,0.06807374070408881,865228,12710158,
17,001,0.009218674445085713,591,64109,
17,003,0.0028297779712668698,13,4594,
17,005,0.00723938223938224,120,16576,
17,007,0.016543807326543244,882,53313,
17,009,0.003805295703186935,24,6307,
17,011,0.011081696730899464,360,32486,
17,013,0.004024621212121212,17,4224,
17,015,0.008611758611758611,133,15444,
17,017,0.0116416266813498,148,12713,
17,019,0.1284055487018185,27270,212374,
17,021,0.00742924173609649,247,33247,
17,023,0.005107455558503582,77,15076,
17,025,0.008735668044614304,112,12821,
17,027,0.007361069916682395,273,37087,
17,029,0.012666135320853887,588,46423,
17,031,0.08904458886311684,461484,5182617,
17,033,0.006580378507722428,121,18388,
17,035,0.007860262008733625,81,10305,
17,037,0.03126264370651798,3168,101335,
17,039,0.005483386644036817,84,15319,
17,041,0.009433010492332526,187,19824,
17,043,0.14360257036820462,134576,937142,
17,045,0.0043907793633369925,72,16398,
17,047,0.00768716577540107,46,5984,
17,049,0.007427316340095949,257,34602,
17,051,0.00415937987427329,88,21157,
17,053,0.005873169281094342,79,13451,
17,055,0.005427591607485216,201,37033,
17,057,0.003506613349738542,114,32510,
17,059,0.0029850746268656717,14,4690,
17,061,0.0029780152404309365,34,11417,
17,063,0.01058790749512399,570,53835,
17,065,0.007930416986441546,62,7818,
17,067,0.003645343367826905,62,17008,
17,069,0.004225352112676056,15,3550,
17,071,0.005952380952380952,36,6048,
17,073,0.005355252506382714,258,48177,
17,075,0.007020370583496375,183,26067,
17,077,0.04507603526382075,2398,53199,
17,079,0.0031896172459304883,29,9092,
17,081,0.011327443432021491,409,36107,
17,083,0.009881796690307329,209,21150,
17,085,0.007107023411371237,153,21528,
17,087,0.0035285285285285286,47,13320,
17,089,0.05278725213388945,27502,520997,
17,091,0.011154966638473828,1187,106410,
17,093,0.04828491803507694,6913,143171,
17,095,0.014451104359963872,704,48716,
17,097,0.1000022265392344,71862,718604,
17,099,0.011449395700710397,1241,108390,
17,101,0.006688737247483278,99,14801,
17,103,0.0098974481278321,332,33544,
17,105,0.007321554770318021,259,35375,
17,107,0.007813067810160623,215,27518,
17,109,0.027417298027154754,731,26662,
17,111,0.0355077715779579,11219,315959,
17,113,0.05661101069919625,9741,172069,
17,115,0.015307186038893356,1542,100737,
17,117,0.0046930174279530695,206,43895,
17,119,0.011611416752529304,3054,263017,
17,121,0.006449488157641957,235,36437,
17,123,0.005713296398891967,66,11552,
17,125,0.008371203061468548,105,12543,
17,127,0.006090849049680781,83,13627,
17,129,0.00493187327593413,59,11963,
17,131,0.005296887261313105,81,15292,
17,133,0.006405673596614144,224,34969,
17,135,0.005540467137425313,153,27615,
17,137,0.008430927708627139,275,32618,
17,139,0.003759136790810999,54,14365,
17,141,0.007323011003992599,376,51345,
17,143,0.04864443578466848,8738,179630,
17,145,0.007054064719810576,143,20272,
17,147,0.006254510464277123,104,16628,
17,149,0.004067891709917239,58,14258,
17,151,0.005671077504725898,21,3703,
17,153,0.00471408075425292,23,4879,
17,155,0.005325758920646192,30,5633,
17,157,0.011236330802929472,336,29903,
17,159,0.008071865642494467,124,15362,
17,161,0.03173802467578872,4530,142731,
17,163,0.018598521196580516,4671,251149,
17,165,0.007009550512573381,160,22826,
17,167,0.026468393835704547,5144,194345,
17,169,0.004888888888888889,33,6750,
17,171,0.003278688524590164,16,4880,
17,173,0.00413786388861844,85,20542,
17,175,0.007018209408194234,37,5272,
17,177,0.00993316004455997,428,43088,
17,179,0.01024487563645327,1330,129821,
17,181,0.005329859054838328,90,16886,
17,183,0.008199026805051614,583,71106,
17,185,0.015484106020584752,170,10979,
17,187,0.022322254424369487,362,16217,
17,189,0.005245659401551533,71,13535,
17,191,0.008538422903063787,136,15928,
17,193,0.0048525569242254575,65,13395,
17,195,0.0084527141994621,462,54657,
17,197,0.073734481352219855,52247,708583,
17,199,0.01646188715257068,1104,67064,
17,201,0.032397195109059515,9194,283790,
17,203,0.00843562287803604,323,38290,
18,000,0.03096786306147575,214430,6924275,
18,001,0.0041548217800131204,152,36584,
18,003,0.06098749045192151,24352,399295,
18,005,0.07620868292798055,6458,84741,
18,007,0.003162769682593471,28,8853,
18,009,0.0062626946513202435,74,11816,
18,011,0.04642453632589847,3657,78773,
18,013,0.008306709265175719,130,15650,
18,015,0.0037595796982696295,78,20747,
18,017,0.020527703080486702,771,37559,
18,019,0.014567105170263337,1857,127479,
18,021,0.0036330608537693005,96,26424,
18,023,0.005745554035567715,189,32895,
18,025,0.002755868098451012,29,10523,
18,027,0.004575182567381294,156,34097,
18,029,0.0052687858462136675,271,51435,
18,031,0.014041860641156655,371,26421,
18,033,0.006338822467854726,281,44330,
18,035,0.016794893360837886,1897,112951,
18,037,0.011253982442870568,491,43629,
18,039,0.013382440849225786,2776,207436,
18,041,0.004156845939575745,97,23335,
18,043,0.014011790409002698,1148,81931,
18,045,0.005049604942672132,85,16833,
18,047,0.0077368603042876904,179,23136,
18,049,0.007248550289942012,145,20004,
18,051,0.00705248501725286,233,33038,
18,053,0.011902254055192754,791,66458,
18,055,0.005285242961017329,165,31219,
18,057,0.0786823420348482,29876,379704,
18,059,0.017013849791690124,1511,88810,
18,061,0.006628645755165341,265,39978,
18,063,0.03924901247973813,7482,190629,
18,065,0.005195493164360954,255,49081,
18,067,0.014212316548131586,1195,84082,
18,069,0.008120398440883499,300,36944,
18,071,0.03597638127372417,1706,47420,
18,073,0.004702429089166442,157,33387,
18,075,0.004562586788335648,92,20164,
18,077,0.011026396525014429,363,32921,
18,079,0.0047405370196135195,131,27634,
18,081,0.06852309892505891,11691,170614,
18,083,0.013269402319357717,476,35872,
18,085,0.016425144727218635,1325,80669,
18,087,0.0038665434560575846,159,41122,
18,089,0.01912695966835999,9620,502955,
18,091,0.0068523907030211585,763,111348,
18,093,0.006328553726323243,286,45192,
18,095,0.008634948071106078,1159,134222,
18,097,0.04564763841292221,44809,981628,
18,099,0.007382059228650138,343,46464,
18,101,0.006792376317923763,67,9864,
18,103,0.0051104933591665964,182,35613,
18,105,0.07736919162485252,10886,140702,
18,107,0.008619573939378252,333,38633,
18,109,0.007775143921435828,574,73825,
18,111,0.005519779208831647,78,14131,
18,113,0.006295622346321976,301,47811,
18,115,0.0028352234823215477,17,5996,
18,117,0.00433817594834544,86,19824,
18,119,0.006818909889707565,149,21851,
18,121,0.0026047976738551005,43,16508,
18,123,0.010403726708074533,201,19320,
18,125,0.005117200396170353,62,12116,
18,127,0.01589901057659502,2796,175860,
18,129,0.007300434834643156,183,25067,
18,131,0.008614443281539328,107,12421,
18,133,0.013569992593376363,513,37804,
18,135,0.00447877717056334,109,24337,
18,137,0.007770247141781338,227,29214,
18,139,0.004355868488573304,73,16759,
18,141,0.03051025775907417,8352,273744,
18,143,0.008686517716455901,215,24751,
18,145,0.01384325579357778,632,45654,
18,147,0.0050019809825673535,101,20192,
18,149,0.0054127775646762985,127,23463,
18,151,0.0076300843325110435,266,34862,
18,153,0.002889060092449923,60,20768,
18,155,0.00420504605526632,42,9988,
18,157,0.09267414557787634,17761,191650,
18,159,0.010245366744975202,157,15324,
18,161,0.003631609529343405,25,6884,
18,163,0.014723899172335035,2656,180387,
18,165,0.00302913121938644,47,15516,
18,167,0.023180679313527873,2461,106166,
18,169,0.005881015043701465,181,30777,
18,171,0.006271447166015856,53,8451,
18,173,0.028836732540436245,1913,66339,
18,175,0.003351561121890986,95,28345,
18,177,0.012347538021382321,820,66410,
18,179,0.006250434057920689,180,28798,
18,181,0.007610840413965288,189,24833,
18,183,0.005417801347283933,189,34885,
19,000,0.0292939538878441,94956,3241488,
19,001,0.005651998385143318,42,7431,
19,003,0.00776483638380477,28,3606,
19,005,0.007614213197969543,108,14184,
19,007,0.01214273913761771,147,12106,
19,009,0.006472491909385114,36,5562,
19,011,0.005581611690375596,144,25799,
19,013,0.028455284552845527,3766,132348,
19,015,0.0057615324179729884,154,26729,
19,017,0.012002526847757423,304,25328,
19,019,0.005546712969661892,115,20733,
19,021,0.09929861644888548,2067,20816,
19,023,0.016600734670810965,235,14156,
19,025,0.004839872309751828,47,9711,
19,027,0.006909393835448621,141,20407,
19,029,0.005144348894348894,67,13024,
19,031,0.009050518347869014,165,18231,
19,033,0.013013908173110865,553,42493,
19,035,0.009435580717104134,110,11658,
19,037,0.003925249594675314,46,11719,
19,039,0.010394792104157917,99,9524,
19,041,0.009348063615393955,154,16474,
19,043,0.003425668891382671,58,16931,
19,045,0.007019450179289362,323,46015,
19,047,0.024606179020637442,403,16378,
19,049,0.05311982521696158,6127,115343,
19,051,0.004351136734471881,40,9193,
19,053,0.010318704284221526,79,7656,
19,055,0.0035777159407121358,63,17609,
19,057,0.017963604175887115,690,38411,
19,059,0.013217314682233727,240,18158,
19,061,0.01386509743858447,1376,99242,
19,063,0.007967692643527613,73,9162,
19,065,0.012635756056808688,242,19152,
19,067,0.01752398720682303,263,15008,
19,069,0.0070830007980845966,71,10024,
19,071,0.0050816137973514015,33,6494,
19,073,0.00727314707919649,63,8662,
19,075,0.005159209995969367,64,12405,
19,077,0.01123074067198812,121,10774,
19,079,0.025848142164781908,384,14856,
19,081,0.007064807837226827,75,10616,
19,083,0.01293731778425656,213,16464,
19,085,0.004922740325447833,72,14626,
19,087,0.02045348897267703,396,19361,
19,089,0.005021367521367522,47,9360,
19,091,0.005823021732348966,56,9617,
19,093,0.007929515418502203,54,6810,
19,095,0.006149911709188333,101,16423,
19,097,0.004589994842702424,89,19390,
19,099,0.007006586716351327,267,38107,
19,101,0.08624295038337242,1361,15781,
19,103,0.06466766616691653,10352,160080,
19,105,0.005588179579465808,118,21116,
19,107,0.003450025367833587,34,9855,
19,109,0.006593559133814548,95,14408,
19,111,0.006455399061032864,209,32376,
19,113,0.02767062762661696,6413,231762,
19,115,0.03019755409219191,321,10630,
19,117,0.006622516556291391,58,8758,
19,119,0.0058167716917111,72,12378,
19,121,0.008274576073655381,142,17161,
19,123,0.022873740582735773,504,22034,
19,125,0.015155075187969925,516,34048,
19,127,0.04419191919191919,1785,40392,
19,129,0.004552558265950941,67,14717,
19,131,0.007430398796087283,79,10632,
19,133,0.003084588919207498,26,8429,
19,135,0.0051539400515394004,38,7373,
19,137,0.004968697207592169,50,10063,
19,139,0.010134814392860533,427,42132,
19,141,0.0091164095371669,130,14260,
19,143,0.009774685222001325,59,6036,
19,145,0.012368666046016757,186,15038,
19,147,0.011465546600068112,101,8809,
19,149,0.007395934172313649,191,25825,
19,151,0.006565800742220953,46,7006,
19,153,0.05517982893729961,28483,516185,
19,155,0.010980551486704659,1027,93529,
19,157,0.018966077815107837,350,18454,
19,159,0.010199652777777778,47,4608,
19,161,0.007447812860589531,71,9533,
19,163,0.033889328648470114,5951,175601,
19,165,0.005498688774215379,65,11821,
19,167,0.010286151994309788,376,36554,
19,169,0.08145524790727623,8349,102498,
19,171,0.005197753614529813,87,16738,
19,173,0.005493562231759657,32,5825,
19,175,0.007444583856127143,89,11955,
19,177,0.005958154357766385,43,7217,
19,179,0.022364844034640285,798,35681,
19,181,0.009619651065793444,542,56343,
19,183,0.006318766294021475,143,22631,
19,185,0.005889459377831471,39,6622,
19,187,0.01631038500094828,602,36909,
19,189,0.012038909756332466,125,10383,
19,191,0.012320640876134463,243,19723,
19,193,0.03126136289472948,3353,107257,
19,195,0.010400985356507459,76,7307,
19,197,0.005813496739728179,74,12729,
20,000,0.03418797376696876,101559,2970606,
20,001,0.01006036217303823,125,12425,
20,003,0.008093070308548306,64,7908,
20,005,0.006523478367899563,106,16249,
20,007,0.0068796068796068794,28,4070,
20,009,0.003503120595933159,87,24835,
20,011,0.0113006100942873,163,14424,
20,013,0.00940713191861737,86,9142,
20,015,0.020229040747274357,1399,69158,
20,017,0.007578779417630634,19,2507,
20,019,0.0020964360587002098,7,3339,
20,021,0.006167354831965714,118,19133,
20,023,0.013227513227513227,35,2646,
20,025,0.01601708489054992,30,1873,
20,027,0.006776257999749027,54,7969,
20,029,0.00974435400664909,85,8723,
20,031,0.008071316708830262,67,8301,
20,033,0.004132231404958678,7,1694,
20,035,0.01936465219680571,662,34186,
20,037,0.017735965453423812,690,38904,
20,039,0.002577319587628866,7,2716,
20,041,0.00644433703882713,120,18621,
20,043,0.005808580858085809,44,7575,
20,045,0.05462787628392724,6664,121989,
20,047,0.0032954961552544857,9,2731,
20,049,0.0069786535303776685,17,2436,
20,051,0.01685799979315338,489,29007,
20,053,0.006649778340721976,42,6316,
20,055,0.038952912342910775,1494,38354,
20,057,0.013676919464663066,466,34072,
20,059,0.006051840292315305,159,26273,
20,061,0.03485715897233425,1236,35459,
20,063,0.009781790820165538,26,2658,
20,065,0.016033755274261603,38,2370,
20,067,0.009017894885162745,64,7097,
20,069,0.007329842931937173,42,5730,
20,071,0.004340277777777778,5,1152,
20,073,0.003236245954692557,19,5871,
20,075,0.003617363344051447,9,2488,
20,077,0.005911694069831886,32,5413,
20,079,0.010879258070269307,366,33642,
20,081,0.0091896407685881365,33,3591,
20,083,0.03705917513448894,62,1673,
20,085,0.008724584103512015,118,13525,
20,087,0.0041457560549858176,76,18332,
20,089,0.005519144532597447,16,2899,
20,091,0.05789560255331532,36606,632276,
20,093,0.009716386554621849,37,3808,
20,095,0.006910452058738843,48,6946,
20,097,0.0451559934318555,110,2436,
20,099,0.004113345521023766,81,19692,
20,101,0.004048582995951417,6,1482,
20,103,0.015176567851659384,1285,84670,
20,105,0.005806010928961749,17,2928,
20,107,0.005588862920434915,55,9841,
20,109,0.010393466963622866,28,2694,
20,111,0.025092250922509225,816,32520,
20,113,0.008900903276851058,270,30334,
20,115,0.006598114824335904,77,11670,
20,117,0.004221105527638191,42,9950,
20,119,0.009249743062692703,36,3892,
20,121,0.009821753364859949,351,35737,
20,123,0.006376012407375496,37,5803,
20,125,0.010308939886404675,314,30459,
20,127,0.011365788975184693,60,5279,
20,129,0.016901408450704224,42,2485,
20,131,0.0026833631484794273,27,10062,
20,133,0.008166152263374485,127,15552,
20,135,0.0022927015666794038,6,2617,
20,137,0.013683223992502344,73,5335,
20,139,0.004003304314672428,63,15737,
20,141,0.010438413361169102,35,3353,
20,143,0.004271313856142149,25,5853,
20,145,0.006487025948103792,39,6012,
20,147,0.012043101626875132,57,4733,
20,149,0.010604256585801459,285,26876,
20,151,0.009083944401882456,83,9137,
20,153,0.008634868421052632,21,2432,
20,155,0.006040672777895371,371,61417,
20,157,0.006503360069369174,30,4613,
20,159,0.01120206807410599,104,9284,
20,161,0.052179665642184764,3786,72557,
20,163,0.009056444818871103,43,4748,
20,165,0.00498220640569395,14,2810,
20,167,0.007099697885196375,47,6620,
20,169,0.024280289567706094,1298,53459,
20,171,0.010378510378510378,51,4914,
20,173,0.046683243763535734,25026,536081,
20,175,0.026790750141003947,570,21276,
20,177,0.016224387721841947,2887,177942,
20,179,0.0025031289111389237,6,2397,
20,181,0.007246376811594203,42,5796,
20,183,0.005930528099406947,21,3541,
20,185,0.007433991284286081,29,3901,
20,187,0.005311443746982134,11,2071,
20,189,0.010923535253227408,55,5035,
20,191,0.006984240687679083,156,22336,
20,193,0.008331197128941297,65,7802,
20,195,0.011896178803172314,33,2774,
20,197,0.007733408323959505,55,7112,
20,199,0.0033967391304347825,5,1472,
20,201,0.009152907394113424,51,5572,
20,203,0.005308880308880309,11,2072,
20,205,0.005596570612050488,47,8398,
20,207,0.0019286403085824494,6,3111,
20,209,0.05958634855800446,10095,169418,
21,000,0.020569823022196107,94382,4588372,
21,001,0.0073808410000519775,142,19239,
21,003,0.003902527567273222,86,22037,
21,005,0.007595547160712133,189,24883,
21,007,0.005638604773144506,43,7626,
21,009,0.01177399197526804,537,45609,
21,011,0.005250559802331866,68,12951,
21,013,0.005075701704915188,117,23051,
21,015,0.030519998612411975,4399,144135,
21,017,0.005114837948163085,104,20333,
21,019,0.006593130585846746,315,47777,
21,021,0.014333949162260304,450,31394,
21,023,0.0017653289396257503,15,8497,
21,025,0.0061699468915963765,79,12804,
21,027,0.00400546628339852,85,21221,
21,029,0.010232861704855364,878,85802,
21,031,0.005736594693649909,72,12551,
21,033,0.005233526286575212,66,12611,
21,035,0.020141116100064145,785,38975,
21,037,0.013924346864096673,1309,94008,
21,039,0.004605400879212895,22,4777,
21,041,0.007560075600756008,84,11111,
21,043,0.0033335887807494826,87,26098,
21,045,0.0038249310258339606,61,15948,
21,047,0.017956229051066107,1275,71006,
21,049,0.00894539856130385,337,37673,
21,051,0.002143732135565537,42,19592,
21,053,0.006533812479581836,60,9183,
21,055,0.0055666889334224,50,8982,
21,057,0.002480568877129155,15,6047,
21,059,0.027054194548953157,2826,104457,
21,061,0.004907004352987732,62,12635,
21,063,0.0022029464408646563,16,7263,
21,065,0.0014997857448935867,21,14002,
21,067,0.051846028223909275,17080,329437,
21,069,0.003271117952664999,51,15591,
21,071,0.003909417352021313,135,34532,
21,073,0.0207657984058579,1089,52442,
21,075,0.009073543457497613,57,6282,
21,077,0.0056785917092561046,50,8805,
21,079,0.004101995565410199,74,18040,
21,081,0.005287302698079465,136,25722,
21,083,0.006680970098585047,246,36821,
21,085,0.003804950129294422,103,27070,
21,087,0.0034626038781163434,40,11552,
21,089,0.0065772687324582545,232,35273,
21,091,0.0037723288583157663,34,9013,
21,093,0.02456880506266286,2772,112826,
21,095,0.004949704614402044,124,25052,
21,097,0.00353393085787452,69,19525,
21,099,0.005169904130903981,103,19923,
21,101,0.005998868138087154,265,44175,
21,103,0.004568465242622546,74,16198,
21,105,0.0068290462098793536,30,4393,
21,107,0.008646998982706003,391,45218,
21,109,0.0018715376553376255,25,13358,
21,111,0.03930563900634982,31204,793881,
21,113,0.01761217806885565,995,56495,
21,115,0.008145533532446375,180,22098,
21,117,0.016378630005375667,2864,174862,
21,119,0.0021580592350052092,29,13438,
21,121,0.005462454058063864,162,29657,
21,123,0.004098360655737705,62,15128,
21,125,0.00757659463640238,480,63353,
21,127,0.0032282567413596656,51,15798,
21,129,0.0032818268836318884,24,7313,
21,131,0.0033919210607462227,33,9729,
21,133,0.003376533094989821,68,20139,
21,135,9.320388349514563e-4,12,12875,
21,137,0.003492573263749498,87,24910,
21,139,0.0040839478162223485,36,8815,
21,141,0.0047774616222292475,136,28467,
21,143,0.00517735183961225,47,9078,
21,145,0.010895632864544782,736,67550,
21,147,0.005587256300523063,94,16824,
21,149,0.0038351961428884506,35,9126,
21,151,0.012100580426181439,1205,99582,
21,153,0.002338550098938658,26,11118,
21,155,0.010981814518160294,218,19851,
21,157,0.004443183966723388,141,31734,
21,159,0.002898279730740464,31,10696,
21,161,0.014567114885586223,247,16956,
21,163,0.00768674857105315,234,30442,
21,165,0.0028386689796562055,18,6341,
21,167,0.0070593238358494575,166,23515,
21,169,0.01505967039211972,159,10558,
21,171,0.003135357878706441,35,11163,
21,173,0.005387369225956692,155,28771,
21,175,0.01013986013986014,145,14300,
21,177,0.003605138961719979,110,30512,
21,179,0.007021722169753213,342,48706,
21,181,0.0035823950870010235,28,7816,
21,183,0.0040947645510383155,98,23933,
21,185,0.02099964551577455,1481,70525,
21,187,0.0026235242675994755,30,11435,
21,189,0.0010183299389002036,4,3928,
21,191,0.002492589598490973,37,14844,
21,193,0.008676465088447586,232,26739,
21,195,0.006476637200072163,359,55430,
21,197,0.0032487623762376236,42,12928,
21,199,0.009709464109392298,649,66842,
21,201,0.0012594458438287153,3,2382,
21,203,0.001725625539257981,28,16226,
21,205,0.0074569402228976695,184,24675,
21,207,0.0058511214649474485,108,18458,
21,209,0.014505672609400324,895,61700,
21,211,0.009835607692921555,493,50124,
21,213,0.00972972972972973,198,20350,
21,215,0.0063871680353455315,133,20823,
21,217,0.01051885560819128,282,26809,
21,219,0.003841028454965901,49,12757,
21,221,0.004327220276117865,63,14559,
21,223,0.00523803980910255,45,8591,
21,225,0.005767187737137654,76,13178,
21,227,0.06542018170019467,9678,147936,
21,229,0.009047192110196431,111,12269,
21,231,0.004228437515920322,83,19629,
21,233,0.007779679477205539,100,12854,
21,235,0.005881878978325679,219,37233,
21,237,0.0021998742928975488,14,6364,
21,239,0.007789959607616849,216,27728,
22,000,0.020508771700879128,94294,4597740,
22,001,0.0037276517560596426,211,56604,
22,003,0.0073774498911159505,166,22501,
22,005,0.015584046010753815,2081,133534,
22,007,0.005885286783042394,118,20050,
22,009,0.005498657910509994,211,38373,
22,011,0.00640414225371304,235,36695,
22,013,0.0045117628101836935,56,12412,
22,015,0.019549663620692284,2563,131102,
22,017,0.01699474861378522,3822,224893,
22,019,0.01848584315071473,3824,206861,
22,021,0.004258490365165549,40,9393,
22,023,0.005344164172723386,25,4678,
22,025,8.454106280193237e-4,7,8280,
22,027,0.00642683016916599,87,13537,
22,029,0.009327414732820139,166,17797,
22,031,0.005829727946029185,159,27274,
22,033,0.03787454030930065,17158,453022,
22,035,0.004788160185722577,33,6892,
22,037,0.0031393888656341567,60,19112,
22,039,0.007717750826901874,245,31745,
22,041,0.005704715549275135,109,19107,
22,043,0.006558415125062192,145,22109,
22,045,0.02651761918862896,1791,67540,
22,047,0.0053416649868978025,159,29766,
22,049,0.004325201054267757,64,14797,
22,051,0.047199200473724,20166,427253,
22,053,0.006139457946303601,193,31436,
22,055,0.022215142325588712,5648,254241,
22,057,0.009397747057959765,896,95342,
22,059,0.004761256971840566,70,14702,
22,061,0.014696432643077751,709,48243,
22,063,0.0085292309302356,1304,152886,
22,065,0.003299241174529858,30,9093,
22,067,0.006516164291419683,155,23787,
22,069,0.008254127063531767,297,35982,
22,071,0.03285075034256867,11915,362701,
22,073,0.01181321813598186,1865,157874,
22,075,0.048499259724527795,1081,22289,
22,077,0.004585537918871252,91,19845,
22,079,0.014734032835844606,1855,125899,
22,081,0.003592152528322741,26,7238,
22,083,0.0040726976531079775,80,19643,
22,085,0.004598546859192495,100,21746,
22,087,0.02337940736440167,1047,44783,
22,089,0.012321428571428572,621,50400,
22,091,0.003407939578152344,37,10857,
22,093,0.00423861852433281,81,19110,
22,095,0.011487882299591879,456,39694,
22,097,0.00570057747715441,461,80869,
22,099,0.009957436838611425,510,51218,
22,101,0.015384944122737665,720,46799,
22,103,0.016739009059308755,4647,277615,
22,105,0.008296203056721713,1160,139823,
22,107,0.003121748178980229,12,3844,
22,109,0.013074790110144034,1358,103864,
22,111,0.004219818596304021,87,20617,
22,113,0.021373674988289584,1232,57641,
22,115,0.019642506383814574,900,45819,
22,117,0.00623198048347749,281,45090,
22,119,0.0063949522510231924,225,35184,
22,121,0.0071064204045734386,202,28425,
22,123,0.004106332396801383,38,9254,
22,125,0.008644011877268229,131,15155,
22,127,0.005371130175307721,72,13405,
23,000,0.014680301662903947,20626,1405012,
23,001,0.011216947740995211,1293,115272,
23,003,0.005765544507008506,385,66776,
23,005,0.02574177286183634,8078,313809,
23,007,0.006277910814833991,194,30902,
23,009,0.014557651108067293,829,56946,
23,011,0.012058134375413549,1549,128461,
23,013,0.006759229887020815,277,40981,
23,015,0.009015921734126223,329,36491,
23,017,0.006529089425206949,392,60039,
23,019,0.014224687579699056,2231,156840,
23,021,0.012333639284075264,215,17432,
23,023,0.010324091320312916,388,37582,
23,025,0.00580466710818497,298,51338,
23,027,0.007189108008961765,292,40617,
23,029,0.006564063346397731,206,31383,
23,031,0.016670982043489914,3670,220143,
24,000,0.07317817352735494,458331,6263220,
24,001,0.012548996229339613,842,67097,
24,003,0.04927035776541878,29678,602350,
24,005,0.06804352289057689,58002,852425,
24,009,0.022062309694140952,2094,94913,
24,011,0.01407381452931558,482,34248,
24,013,0.029467895295525893,5219,177108,
24,015,0.016339777056582475,1737,106305,
24,017,0.0369387544561492,6445,174478,
24,019,0.012100911340455066,401,33138,
24,021,0.0725919343037649,21728,299317,
24,023,0.005318212235410136,151,28393,
24,025,0.0340396363280279,9038,265514,
24,027,0.20792067548311882,70624,339668,
24,029,0.015186378278877128,297,19557,
24,031,0.16412587212283777,177629,1082273,
24,033,0.0446500156730245,43160,966629,
24,035,0.01465876918492028,787,53688,
24,037,0.030849410572770436,3593,116469,
24,039,0.01085535438374074,274,25241,
24,041,0.017649827423909633,675,38244,
24,043,0.023284656676927775,3661,157228,
24,045,0.033198845094000694,3530,106329,
24,047,0.017004987393488782,924,54337,
24,510,0.030548805059557853,17360,568271,
25,000,0.08284064381304763,591165,7136171,
25,001,0.01846755815453412,4295,232570,
25,003,0.021192299923869305,2728,128726,
25,005,0.028012565558883644,16488,588593,
25,007,0.013864488865675893,292,21061,
25,009,0.04287337154009161,35325,823938,
25,011,0.020149285321217424,1428,70871,
25,013,0.029669224024078372,13771,464151,
25,015,0.06146349131494144,10166,165399,
25,017,0.15321374559904516,255707,1668956,
25,019,0.019700068166325836,289,14670,
25,021,0.14123987180629466,104624,740754,
25,023,0.01871275987382169,10144,542090,
25,025,0.10397229254712889,82465,793144,
25,027,0.06064467664040089,53443,881248,
26,000,0.040225891155420086,407909,10140459,
26,001,0.005082831325301205,54,10624,
26,003,0.005290396779758482,46,8695,
26,005,0.010463207246649078,1281,122429,
26,007,0.005570356018406394,161,28903,
26,009,0.004442451907401369,109,24536,
26,011,0.003314111486710413,50,15087,
26,013,0.005263802178969274,43,8169,
26,015,0.0066692698164779384,427,64025,
26,017,0.007160183534500394,735,102651,
26,019,0.0064794816414686825,120,18520,
26,021,0.023719245856335502,3622,152703,
26,023,0.00805421438933033,372,46187,
26,025,0.03013790783720148,4032,133785,
26,027,0.009602327837051406,495,51550,
26,029,0.0066270829343037735,173,26105,
26,031,0.005430596210137113,141,25964,
26,033,0.007061484566794472,256,36253,
26,035,0.003534469033593377,111,31405,
26,037,0.020687070580886945,1656,80050,
26,039,0.009412456798293993,128,13599,
26,041,0.005642325619429226,207,36687,
26,043,0.010963646855164455,285,25995,
26,045,0.027280033609147533,2987,109494,
26,047,0.006715956287372235,228,33949,
26,049,0.013117761553548657,5277,402279,
26,051,0.0047701481054048854,124,25995,
26,053,0.004431314623338257,63,14217,
26,055,0.010390685640362225,1004,96625,
26,057,0.005510973605336943,228,41372,
26,059,0.005066900636104409,231,45590,
26,061,0.03193922346941458,1215,38041,
26,063,0.007634827810266406,235,30780,
26,065,0.07742393097060535,22486,290427,
26,067,0.005071698113207547,336,66250,
26,069,0.01044911478254012,265,25361,
26,071,0.005465880946280639,64,11709,
26,073,0.018579419719695105,1209,65072,
26,075,0.01018516784931943,1632,160233,
26,077,0.033329556613037235,8825,264780,
26,079,0.007304758835535503,136,18618,
26,081,0.03798948591534646,25567,673002,
26,083,0.0023137436372049976,5,2161,
26,085,0.0029219530949634756,38,13005,
26,087,0.007188677552485197,641,89168,
26,089,0.007607887718070919,174,22871,
26,091,0.005186913019458597,507,97746,
26,093,0.01091503533425392,2150,196976,
26,095,0.0025284450063211127,16,6328,
26,097,0.009063173007896627,101,11144,
26,099,0.05815781307303862,51538,886175,
26,101,0.005250989458834594,134,25519,
26,103,0.008281969431736272,563,67979,
26,105,0.010139896194960987,295,29093,
26,107,0.009273607170953822,389,41947,
26,109,0.005379609544468546,124,23050,
26,111,0.023505748494441932,1975,84022,
26,113,0.006037141544720783,92,15239,
26,115,0.007183825178634368,1121,156045,
26,117,0.004905213953890989,340,69314,
26,119,0.004985754985754986,49,9828,
26,121,0.007028202989381609,1247,177428,
26,123,0.005358807082945014,276,51504,
26,125,0.09945962951311138,128988,1296888,
26,127,0.0037017842600133265,100,27014,
26,129,0.010531331903740768,221,20985,
26,131,0.008585164835164836,50,5824,
26,133,0.0048543689320388345,114,23484,
26,135,0.004536993950674732,39,8596,
26,137,0.009163056396886861,239,26083,
26,139,0.031400721668000064,9616,306235,
26,141,0.006273620559334845,83,13230,
26,143,0.006936319572121009,166,23932,
26,145,0.013483277752325346,2531,187714,
26,147,0.006443845597225341,1033,160308,
26,149,0.00838632685422831,513,61171,
26,151,0.004690641054277418,189,40293,
26,153,0.005135730007336757,42,8178,
26,155,0.005854490894648583,398,67982,
26,157,0.0035635081600545898,188,52757,
26,159,0.00880085118680135,670,76129,
26,161,0.10889200936141759,40712,373875,
26,163,0.04143951965570959,73392,1771063,
26,165,0.006790481717933837,234,34460,
27,000,0.05745232603120478,332830,5793151,
27,001,0.0036730945821854912,60,16335,
27,003,0.068235856066235,25714,376840,
27,005,0.007138020539442501,253,35444,
27,007,0.008660878491082503,405,46762,
27,009,0.013514481507127337,566,41881,
27,011,0.0053285968028419185,27,5067,
27,013,0.028415841584158417,2009,70700,
27,015,0.007701283547257876,198,25710,
27,017,0.0076472989522383995,281,36745,
27,019,0.041446176794402816,4668,112628,
27,021,0.0049297118503911965,155,31442,
27,023,0.016505406943653957,203,12299,
27,025,0.025598511124270366,1513,59105,
27,027,0.014854595500239348,993,66848,
27,029,0.004750869061413673,41,8630,
27,031,0.010770059235325794,60,5571,
27,033,0.04648086082201446,527,11338,
27,035,0.006031292794498995,414,68642,
27,037,0.0588450776333095,26666,453156,
27,039,0.008803314188871104,187,21242,
27,041,0.007262164124909223,290,39933,
27,043,0.00511306351721158,71,13886,
27,045,0.007487675565063715,161,21502,
27,047,0.04116909678696312,1248,30314,
27,049,0.00871160018340211,418,47982,
27,051,0.0044197086266164675,27,6109,
27,053,0.07879393780422105,100331,1273334,
27,055,0.010189625108979947,187,18352,
27,057,0.005351473922902495,118,22050,
27,059,0.021814269691212487,953,43687,
27,061,0.0037410325249768936,170,45442,
27,063,0.01967346110942095,194,9861,
27,065,0.009332851637764933,155,16608,
27,067,0.016362985181537358,731,44674,
27,069,0.008016032064128256,32,3992,
27,071,0.006986372261514577,81,11594,
27,073,0.009945750452079566,66,6636,
27,075,0.005515049541970462,59,10698,
27,077,0.01685541216750066,64,3797,
27,079,0.008452712336207481,249,29458,
27,081,0.007907979870596693,44,5564,
27,083,0.054541189349806465,1395,25577,
27,085,0.008618814573137575,317,36780,
27,087,5.664652567975831e-4,3,5296,
27,089,0.005928628434614069,52,8771,
27,091,0.00894637288482184,175,19561,
27,093,0.005959729258013707,140,23491,
27,095,0.008449069877071473,233,27577,
27,097,0.004721900347624566,163,34520,
27,099,0.07119804400977996,2912,40900,
27,101,0.01852312282446544,149,8044,
27,103,0.016786014553677557,579,34493,
27,105,0.0690518457826938,1517,21969,
27,107,0.008274984086569064,52,6284,
27,109,0.07108349757246551,11830,166424,
27,111,0.005929308192628605,361,60884,
27,113,0.012891883973044242,176,13652,
27,115,0.012236551337445166,371,30319,
27,117,0.013626373626373627,124,9100,
27,119,0.01032453227238352,314,30413,
27,121,0.0075685080469769465,87,11495,
27,123,0.1622648819682112,87950,542015,
27,125,0.00463678516228748,18,3882,
27,127,0.029697128622000787,453,15254,
27,129,0.009340621324292534,135,14453,
27,131,0.023440782325244477,1618,69025,
27,133,0.008608923884514435,82,9525,
27,135,0.02587618735669833,395,15265,
27,137,0.012191599350578204,2448,200794,
27,139,0.07020724399832068,11037,157206,
27,141,0.018950310016592437,1953,103059,
27,143,0.009543240752928788,145,15194,
27,145,0.024232150588120515,3974,163997,
27,147,0.009884062616872361,370,37434,
27,149,0.018535492412669316,182,9819,
27,151,0.008897165321746328,86,9666,
27,153,0.005085725293777692,132,25955,
27,155,0.007338864071474154,23,3134,
27,157,0.007601742838602021,164,21574,
27,159,0.005472050980120524,79,14437,
27,161,0.009580389638193106,179,18684,
27,163,0.08742780673334273,24826,283960,
27,165,0.013834344876829704,155,11204,
27,167,0.005902999361837907,37,6268,
27,169,0.028435355091749544,1421,49973,
27,171,0.02176683290964015,3365,154593,
27,173,0.006828123332977702,64,9373,
28,000,0.01289480792852301,37950,2943045,
28,001,0.005545093115714585,159,28674,
28,003,0.006515133808577773,223,34228,
28,005,0.0031322785318448317,39,12451,
28,007,0.004645221228661015,80,17222,
28,009,0.0027755749405233942,21,7566,
28,011,0.009473498855432295,269,28395,
28,013,0.0019601693586325858,25,12754,
28,015,0.0034122414160801876,32,9378,
28,017,0.004888517944437821,82,16774,
28,019,0.00482017055988135,39,8091,
28,021,0.007756710169908889,63,8122,
28,023,0.002507423292642692,38,15155,
28,025,0.004447372755723934,81,18213,
28,027,0.006366575478736633,128,20105,
28,029,0.00439424753050552,121,27536,
28,031,0.0053844018873161256,97,18015,
28,033,0.01922183477901272,3765,195871,
28,035,0.011767705743609358,923,78435,
28,037,0.0014635444385311335,11,7516,
28,039,0.007341576506955177,190,25880,
28,041,0.0021937842778793418,30,13675,
28,043,0.004729826573025656,99,20931,
28,045,0.010431902262754882,485,46492,
28,047,0.030449632714172087,6508,213730,
28,049,0.009364311829225145,1985,211975,
28,051,0.0029562982005141387,46,15560,
28,053,0.007442774891166971,53,7121,
28,055,0.006177606177606178,8,1295,
28,057,0.005372344821886106,130,24198,
28,059,0.02348267370511966,3452,147002,
28,061,0.0019621495031331097,31,15799,
28,063,0.003043478260869565,21,6900,
28,065,0.0036169635590921423,40,11059,
28,067,0.005042757112262102,332,65837,
28,069,0.003036673674375146,26,8562,
28,071,0.026803469077419248,1604,59843,
28,073,0.015539305301645339,1037,66734,
28,075,0.009250864169547231,653,70588,
28,077,0.004883481836874572,57,11672,
28,079,0.006895909048550928,148,21462,
28,081,0.011179106635185274,928,83012,
28,083,0.007493214053599419,196,26157,
28,085,0.007838425449136056,274,34956,
28,087,0.009736060129348016,557,57210,
28,089,0.03466174166498902,3960,114247,
28,091,0.0051232922359213595,123,24008,
28,093,0.004363763309478094,150,34374,
28,095,0.003613774154048323,121,33483,
28,097,0.007438104345978111,70,9411,
28,099,0.006557829703517068,190,28973,
28,101,0.005887100602953045,124,21063,
28,103,0.003460559796437659,34,9825,
28,105,0.03879534301933994,2016,51965,
28,107,0.0024722256134782077,81,32764,
28,109,0.004540064374047094,268,59030,
28,111,0.001753463089601964,20,11406,
28,113,0.006516162134427911,254,38980,
28,115,0.00437308677453614,140,32014,
28,117,0.011926713484248107,304,25489,
28,119,0.00288704438830747,16,5542,
28,121,0.016565674179345218,2660,160573,
28,123,0.006217017277524759,172,27666,
28,125,0.010513296227581941,34,3234,
28,127,0.005274055553385162,135,25597,
28,129,0.0023485872891609136,33,14051,
28,131,0.00490571822780929,96,19569,
28,133,0.005341091667028529,123,23029,
28,135,0.007233769801300248,79,10921,
28,137,0.0029771286469825924,85,28551,
28,139,0.003547589039817019,76,21423,
28,141,0.002910580499110656,54,18553,
28,143,0.007535218958174075,69,9157,
28,145,0.009695730352924585,275,28363,
28,147,0.008598887202832575,119,13839,
28,149,0.00881130507065669,371,42105,
28,151,0.006872101211723853,283,41181,
28,153,0.0031900349384778974,63,19749,
28,155,0.0022910648470963243,23,10039,
28,157,0.0011508951406649615,9,7820,
28,159,0.0037891836031691355,66,17418,
28,161,0.0029699791298763846,37,12458,
28,163,0.005689715079916609,131,23024,
29,000,0.025206445764015047,157426,6245466,
29,001,0.027669524551831644,710,25660,
29,003,0.007020065225802886,127,18091,
29,005,0.004280988519167153,22,5139,
29,007,0.0065832784726793945,160,24304,
29,009,0.027907237913414564,994,35618,
29,011,0.006827686267815994,80,11717,
29,013,0.003842869342442357,63,16394,
29,015,0.005239157853885709,108,20614,
29,017,0.002827521206409048,30,10610,
29,019,0.0588642443040478,11311,192154,
29,021,0.015902074807954625,1329,83574,
29,023,0.010116229014205768,423,41814,
29,025,0.006222222222222222,56,9000,
29,027,0.009307272969020078,420,45126,
29,029,0.007046561685736944,311,44135,
29,031,0.021372731836763966,1788,83658,
29,033,0.0021392916567625386,18,8414,
29,035,0.001866019779809666,10,5359,
29,037,0.009774046525515266,1113,113873,
29,039,0.005391732676562604,81,15023,
29,041,0.002838988779234825,21,7397,
29,043,0.009610078608985372,923,96045,
29,045,0.004227691378529367,28,6623,
29,047,0.027823973877055094,7328,263370,
29,049,0.0054785691266516275,119,21721,
29,051,0.016669887278582932,1294,77625,
29,053,0.007884592921387688,135,17122,
29,055,0.004209049456331112,96,22808,
29,057,0.006166360535292574,47,7622,
29,059,0.0049225261509201765,88,17877,
29,061,0.003746633883620185,32,8541,
29,063,0.0059692432213678676,59,9884,
29,065,0.008355410637864276,123,14721,
29,067,0.004637917005695688,57,12290,
29,069,0.008999333382712391,243,27002,
29,071,0.006395912582979041,686,107256,
29,073,0.0049812350733538045,73,14655,
29,075,0.006033661479834868,38,6298,
29,077,0.02478064051022595,7631,307942,
29,079,0.013004300634855621,127,9766,
29,081,0.0052528707549474715,43,8186,
29,083,0.005537098560354375,125,22575,
29,085,0.0031941592516541184,28,8766,
29,087,0.0033011082291912286,14,4241,
29,089,0.003940886699507389,40,10150,
29,091,0.00789951425347137,322,40762,
29,093,0.0022292993630573248,21,9420,
29,095,0.02123701815602135,15447,727362,
29,097,0.013780943872105251,1743,126479,
29,099,0.010207513972262472,2367,231888,
29,101,0.019362920544022905,1082,55880,
29,103,0.0066844919786096255,25,3740,
29,105,0.007920953780826393,291,36738,
29,107,0.005789143863209095,194,33511,
29,109,0.007560470996909402,296,39151,
29,111,0.007308160779537149,72,9852,
29,113,0.006298567265662944,415,65888,
29,115,0.003022670025188917,36,11910,
29,117,0.009482876245053895,139,14658,
29,119,0.01621351958094288,390,24054,
29,121,0.007709033405811425,117,15177,
29,123,0.009726112667289137,125,12852,
29,125,0.004584998824359276,39,8506,
29,127,0.008478452066842569,241,28425,
29,129,0.009559675550405562,33,3452,
29,131,0.005688016206950288,146,25668,
29,133,0.00374468085106383,44,11750,
29,135,0.004903883876029816,75,15294,
29,137,0.0042744656917885265,38,8890,
29,139,0.006428633481018156,74,11511,
29,141,0.004598419572302335,103,22399,
29,143,0.004535892716276624,69,15212,
29,145,0.017165428566784244,1056,61519,
29,147,0.020826220553089792,427,20503,
29,149,0.007127256006437522,62,8699,
29,151,0.0018548746104763319,25,13478,
29,153,0.004180418041804181,38,9090,
29,155,0.005205802734781703,75,14407,
29,157,0.015497382198952879,296,19100,
29,159,0.010572948779429563,463,43791,
29,161,0.040484322998773865,1849,45672,
29,163,0.004287066421691442,77,17961,
29,165,0.030581147808881076,3462,113207,
29,167,0.010402177199879044,344,33070,
29,169,0.0312801126677044,1688,53964,
29,171,0.005728133950209297,26,4539,
29,173,0.004381369654252786,46,10499,
29,175,0.007268347385471612,175,24077,
29,177,0.005000215526531316,116,23199,
29,179,0.0026995107136831447,16,5927,
29,181,0.0041063929071395245,44,10715,
29,183,0.038529615836649156,16326,423726,
29,185,0.003858651502843217,38,9848,
29,186,0.0031812789819907258,59,18546,
29,187,0.004577574330029776,309,67503,
29,189,0.05430801195251624,53924,992929,
29,195,0.012690246516613076,296,23325,
29,197,0.0061440157286802655,25,4069,
29,199,0.002979991485738612,14,4698,
29,201,0.00500566430434439,190,37957,
29,203,0.003161512027491409,23,7275,
29,205,0.0028687141410732365,17,5926,
29,207,0.004114213376468106,117,28438,
29,209,0.006098682194299724,199,32630,
29,211,0.010608695652173913,61,5750,
29,213,0.012195121951219513,692,56744,
29,215,0.004394322379933891,113,25715,
29,217,0.009299034719765502,184,19787,
29,219,0.005223764228910027,201,38478,
29,221,0.0037739049315184668,89,23583,
29,223,0.0038817005545286505,42,10820,
29,225,0.00468590185771033,197,42041,
29,227,0.003205128205128205,6,1872,
29,229,0.005229428351704691,102,19505,
29,510,0.04083376535154364,11421,279695,
30,000,0.01032242293355891,11739,1137233,
30,001,0.006296222266640016,63,10006,
30,003,0.00734604563926227,94,12796,
30,005,0.0027524264812400405,19,6903,
30,007,0.00457721031076849,38,8302,
30,009,0.007305618368411898,84,11498,
30,011,0.002144388849177984,3,1399,
30,013,0.011937579120476084,1009,84523,
30,015,0.00510204081632653,30,5880,
30,017,0.006770310932798395,81,11964,
30,019,0.0036923076923076922,6,1625,
30,021,0.006642996220364219,58,8731,
30,023,0.004994394047497706,49,9811,
30,025,0.007807196198234894,23,2946,
30,027,0.007755859045692126,92,11862,
30,029,0.010617583626568408,1216,114527,
30,031,0.016852516852516854,2140,126984,
30,033,8.46740050804403e-4,1,1181,
30,035,0.004295341775901651,58,13503,
30,037,0.006952491309385863,6,863,
30,039,0.006385341476957246,23,3602,
30,041,0.007656395891690009,123,16065,
30,043,0.006313890559230307,84,13304,
30,045,0.0047370914258645196,10,2111,
30,047,0.008023231446277281,268,33403,
30,049,0.008891373504239375,668,75129,
30,051,0.004136504653567736,8,1934,
30,053,0.00500360620266859,111,22184,
30,055,0.0034944670937682005,6,1717,
30,057,0.005536757920639803,54,9753,
30,059,0.008232445520581114,17,2065,
30,061,0.008084696823869105,42,5195,
30,063,0.017936121946044752,2198,122546,
30,065,0.013022743947175348,71,5452,
30,067,0.005422153369481022,98,18074,
30,069,0,0,525,
30,071,0.004034171808258187,17,4214,
30,073,0.004935834155972359,30,6078,
30,075,0.0011534025374855825,2,1734,
30,077,0.0051966292134831464,37,7120,
30,079,0.006294964028776978,7,1112,
30,081,0.00815572664826613,393,48187,
30,083,0.00480594849474066,53,11028,
30,085,0.0073551044424830835,75,10197,
30,087,0.01464486209421528,120,8194,
30,089,0.0061173083843109035,85,13895,
30,091,0.008990719257540603,31,3448,
30,093,0.008579177505950076,310,36134,
30,095,0.0068783068783068784,65,9450,
30,097,0.008783603939313283,33,3757,
30,099,0.0111731843575419,72,6444,
30,101,0.011643702697457792,60,5153,
30,103,0.010825439783491205,8,739,
30,105,0.00887812752219532,66,7434,
30,107,0.006316812439261419,13,2058,
30,109,0.010976948408342482,10,911,
30,111,0.008165144565603818,1401,171583,
31,000,0.031051651362651554,62273,2005465,
31,001,0.013719707654827542,428,31196,
31,003,0.0050330292544825414,32,6358,
31,005,0.002364066193853428,1,423,
31,007,0.004511278195488722,3,665,
31,009,0,0,454,
31,011,0.005229734777736272,28,5354,
31,013,0.006540222367560497,70,10703,
31,015,0.015294117647058824,26,1700,
31,017,0.002780674313521029,8,2877,
31,019,0.016459457346156853,842,51156,
31,021,0.005202913631633715,35,6727,
31,023,0.0039104159260575895,33,8439,
31,025,0.007274843590862797,200,27492,
31,027,0.0030259017187121763,25,8262,
31,029,0.023910733262486716,90,3764,
31,031,0.0061173083843109035,34,5558,
31,033,0.013122266194542804,126,9602,
31,035,0.003113223005079469,19,6103,
31,037,0.013116571217439497,142,10826,
31,039,0.006702412868632708,60,8952,
31,041,0.004004958520072471,42,10487,
31,043,0.03388797750175768,723,21335,
31,045,0.01099587654629514,88,8003,
31,047,0.014620835709049443,359,24554,
31,049,0.0047568710359408035,9,1892,
31,051,0.003619254433586681,20,5526,
31,053,0.0076285503114771405,289,37884,
31,055,0.04975397482858084,29910,601158,
31,057,0.001265022137887413,2,1581,
31,059,0.00816400580551524,45,5512,
31,061,0.0014199503017394391,4,2817,
31,063,0.003548895899053628,9,2536,
31,065,0.0040286481647269475,18,4468,
31,067,0.007101028265781344,154,21687,
31,069,0,0,1804,
31,071,0.0011716461628588166,2,1707,
31,073,0.0038716814159292035,7,1808,
31,075,0.0017452006980802793,1,573,
31,077,0.002275830678197542,5,2197,
31,079,0.014108702222080835,887,62869,
31,081,0.003659556670849017,35,9564,
31,083,0.005964214711729622,18,3018,
31,085,0.004728132387706856,4,846,
31,087,0.003658536585365854,9,2460,
31,089,0.007411067193675889,75,10120,
31,091,0.0028653295128939827,2,698,
31,093,0.006695069993913573,44,6572,
31,095,0.005465246636771301,39,7136,
31,097,0.01264610078559111,66,5219,
31,099,0.00296340198547933,20,6749,
31,101,0.009327442317133039,76,8148,
31,103,0.003663003663003663,3,819,
31,105,0.01361573373676248,45,3305,
31,107,0.004575006019744763,38,8306,
31,109,0.05224465761573288,17390,332857,
31,111,0.00813349740388367,271,33319,
31,113,0.005763688760806916,4,694,
31,115,0.003436426116838488,2,582,
31,117,0.0026595744680851063,1,376,
31,119,0.017257370921048933,614,35579,
31,121,0.010973586831695801,86,7837,
31,123,0.013154960981047938,59,4485,
31,125,0.002145922746781116,7,3262,
31,127,0.006244677831393698,44,7046,
31,129,0.017342452369320957,71,4094,
31,131,0.00765475257669821,127,16591,
31,133,0.0031733439111463705,8,2521,
31,135,0.0021590500179920835,6,2779,
31,137,0.0037602300376023004,34,9042,
31,139,0.003954185983092446,29,7334,
31,141,0.009605904391673005,341,35499,
31,143,0.004365154678307079,23,5269,
31,145,0.004227111153809204,44,10409,
31,147,0.004696060527002348,36,7666,
31,149,0.004834810636583401,6,1241,
31,151,0.025915875169606514,382,14740,
31,153,0.03100650301716562,6351,204828,
31,155,0.00529778689224985,124,23406,
31,157,0.01066211451278894,381,35734,
31,159,0.0049524452698519895,88,17769,
31,161,0.01156890602800893,57,4927,
31,163,0.007460155985079688,22,2949,
31,165,0.004549590536851683,5,1099,
31,167,0.002953439888811675,17,5756,
31,169,0.0024640657084188913,12,4870,
31,171,0.0031545741324921135,2,634,
31,173,0.010848274822962183,72,6637,
31,175,0.005704365079365079,23,4032,
31,177,0.004422696904112167,94,21254,
31,179,0.007497467071935157,74,9870,
31,181,0.004209260372820205,14,3326,
31,183,0.0037128712871287127,3,808,
31,185,0.006886956521739131,99,14375,
32,000,0.10290937903887017,336253,3267467,
32,001,0.03211308723543195,836,26033,
32,003,0.1217681150841375,292106,2398871,
32,005,0.022233879428617546,1102,49564,
32,007,0.016923275021613966,920,54363,
32,009,0.015277777777777777,11,720,
32,011,0.011720831113478956,22,1877,
32,013,0.015949988315026874,273,17116,
32,015,0.01866897147796024,108,5785,
32,017,0.008745684695051784,38,4345,
32,019,0.02082614018016887,1327,63718,
32,021,0.031508379888268156,141,4475,
32,023,0.025843900696552957,1447,55990,
32,027,0.01835985312117503,120,6536,
32,029,0.02213035019455253,91,4112,
32,031,0.07048572780318561,35756,507280,
32,033,0.013592688071244434,116,8534,
32,510,0.031626195225975096,1839,58148,
33,000,0.03214334379914722,45291,1409032,
33,001,0.011722880304028687,765,65257,
33,003,0.008881704069988589,467,52580,
33,005,0.015292399907784523,1194,78078,
33,007,0.007300443815527111,227,31094,
33,009,0.041560535224891185,3867,93045,
33,011,0.04950262740962036,21309,430462,
33,013,0.02329779754099918,3678,157869,
33,015,0.025738680594107922,8299,322433,
33,017,0.03697411364957303,4962,134202,
33,019,0.011883122784695083,523,44012,
34,000,0.11122961511553017,1056776,9500851,
34,001,0.08314523814642046,23207,279114,
34,003,0.1824284901204834,178532,978641,
34,005,0.06551002597184105,31151,475515,
34,007,0.06578424983332959,35128,533988,
34,009,0.010439414114513981,980,93875,
34,011,0.017940877966058144,2793,155678,
34,013,0.06972446674917501,61464,881527,
34,015,0.03550225637703146,11069,311783,
34,017,0.18752894992427174,138056,736185,
34,019,0.0562987821544629,7415,131708,
34,021,0.13558747175739153,53169,392138,
34,023,0.2692898365274755,239700,890119,
34,025,0.05937886088460588,38449,647520,
34,027,0.12088258742421897,63228,523053,
34,029,0.021419975571474445,14275,666434,
34,031,0.06337293983824442,33372,526597,
34,033,0.011901508941312202,784,65874,
34,035,0.2165458629747641,77408,357467,
34,037,0.02547407829413201,3756,147444,
34,039,0.06580550693415915,39099,594160,
34,041,0.033392543135382174,3741,112031,
35,000,0.021326075363712154,45430,2130256,
35,001,0.033655528048506356,22608,671747,
35,003,0.0047430830039525695,18,3795,
35,005,0.014757366908959606,940,63697,
35,006,0.00843138724424792,225,26686,
35,007,0.00877549362151621,108,12307,
35,009,0.019615743489693784,925,47156,
35,011,0.003621001810500905,6,1657,
35,013,0.01536845042421283,3525,229366,
35,015,0.0111986457451657,688,61436,
35,017,0.010348208126066592,285,27541,
35,019,0.015051311288483466,66,4385,
35,021,0.0015748031496062992,1,635,
35,023,0.013867876954109935,55,3966,
35,025,0.009274660350494337,697,75151,
35,027,0.00818976279650437,164,20025,
35,028,0.07644218551461245,1504,19675,
35,029,0.015379859339979906,398,25878,
35,031,0.015374573935745884,1060,68945,
35,033,0.007568359375,31,4096,
35,035,0.02085754041686391,1454,69711,
35,037,0.01309056289420445,110,8403,
35,039,0.00976098110374171,390,39955,
35,041,0.01672633997755571,313,18713,
35,043,0.021013330628751815,3315,157757,
35,045,0.010015146875025865,1210,120817,
35,047,0.015021946420463145,397,26428,
35,049,0.018939562006782238,2988,157765,
35,051,0.008341382035297216,95,11389,
35,053,0.02154443539800839,344,15967,
35,055,0.012296270517951395,424,34482,
35,057,0.007756787188790191,124,15986,
35,059,0.00891492613346918,35,3926,
35,061,0.01147092670733669,927,80813,
36,000,0.10087657837663273,2004140,19867248,
36,001,0.08274993436761635,26477,319964,
36,003,0.013678936129727901,647,47299,
36,005,0.051457907857450295,71255,1384724,
36,007,0.05832064644571964,11454,196397,
36,009,0.009340841338191455,705,75475,
36,011,0.007308863170035002,545,74567,
36,013,0.006905442971677209,857,124105,
36,015,0.01660605313443876,1347,81115,
36,017,0.006553652569031807,300,45776,
36,019,0.014318552477815875,1115,77871,
36,021,0.02479311431367021,1495,60299,
36,023,0.011927304385678529,548,45945,
36,025,0.013826344730827543,611,44191,
36,027,0.038268053059877384,11479,299963,
36,029,0.056106551427411264,53335,950602,
36,031,0.00851839756150664,313,36744,
36,033,0.00660493564966232,311,47086,
36,035,0.008488084035872718,442,52073,
36,037,0.007447399486146795,429,57604,
36,039,0.014306121143636868,671,46903,
36,041,0.0070838252656434475,36,5082,
36,043,0.007887891247797265,470,59585,
36,045,0.01913558423192505,2165,113140,
36,047,0.1338385738860825,350340,2617631,
36,049,0.004930372600677455,131,26570,
36,051,0.013515050112896151,832,61561,
36,053,0.010481273854961832,703,67072,
36,055,0.041451631343708203,31180,752202,
36,057,0.011843377376732194,588,49648,
36,059,0.1409951466420767,196327,1392438,
36,061,0.13982479297437653,232202,1660664,
36,063,0.016266641217731546,3409,209570,
36,065,0.048351850473183355,11041,228347,
36,067,0.04257021957719258,20000,469812,
36,069,0.015493929848157718,1751,113012,
36,071,0.03457537879431814,14237,411767,
36,073,0.006929395756690017,275,39686,
36,075,0.008089260808926082,957,118305,
36,077,0.02007468111823409,1215,60524,
36,079,0.0257496773669075,2534,98409,
36,081,0.2811893435932807,651471,2316841,
36,083,0.03402820546317551,5470,160749,
36,085,0.15387826868883125,76664,498212,
36,087,0.06283319545935015,21875,348144,
36,089,0.013051093240927325,1386,106198,
36,091,0.03394075553336662,8158,240360,
36,093,0.06434078429197404,10440,162261,
36,095,0.009319757221982687,281,30151,
36,097,0.0072425676070322995,124,17121,
36,099,0.009800918836140888,320,32650,
36,101,0.01760582513720589,1620,92015,
36,103,0.05134158338807833,78856,1535909,
36,105,0.023182100683654443,1865,80450,
36,107,0.009753226552318493,464,47574,
36,109,0.11229900948845666,11859,105602,
36,111,0.02504139864573143,4582,182977,
36,113,0.011211861291508394,732,65288,
36,115,0.0070188338708868795,420,59839,
36,117,0.008153641041462366,740,90757,
36,119,0.07122779440944232,71687,1006447,
36,121,0.005329897948873396,211,39588,
36,123,0.007627014392914257,186,24387,
37,000,0.040001361575893735,441856,11046024,
37,001,0.024082167832167833,4408,183040,
37,003,0.013108767339819584,481,36693,
37,005,0.008085068986729942,92,11379,
37,007,0.01796540656205421,403,22432,
37,009,0.0056847355681068,155,27266,
37,011,0.008197181517040032,146,17811,
37,013,0.0068198133524766695,304,44576,
37,015,0.008501092154200366,144,16939,
37,017,0.005171776874769117,154,29777,
37,019,0.009454736942888602,1580,167112,
37,021,0.016052433652089824,4482,279210,
37,023,0.03843243548478175,3403,88545,
37,025,0.07818311728080024,19149,244925,
37,027,0.009264419920979948,748,80739,
37,029,0.01806151645207439,202,11184,
37,031,0.010987916138857655,772,70259,
37,033,0.0075124088896838526,168,22363,
37,035,0.05020532282974367,8387,167054,
37,037,0.030939266041920023,2595,83874,
37,039,0.007045731406183123,214,30373,
37,041,0.009070621265567633,126,13891,
37,043,0.00523168908819133,63,12042,
37,045,0.012769829931307122,1305,102194,
37,047,0.006832620769568865,342,50054,
37,049,0.030700701757754374,3198,104167,
37,051,0.028774044854179594,9738,338430,
37,053,0.014313154470537208,462,32278,
37,055,0.011602021842181075,443,38183,
37,057,0.02118003025718608,3766,177809,
37,059,0.010907167882246657,495,45383,
37,061,0.008824867923781635,446,50539,
37,063,0.06651669829001129,22857,343628,
37,065,0.007430176695708819,365,49124,
37,067,0.029755640561305863,11847,398143,
37,069,0.01155808501836507,922,79771,
37,071,0.020366926986488162,4929,242010,
37,073,0.005049033886785125,52,10299,
37,075,0.008313974813546888,68,8179,
37,077,0.009797868191862732,603,61544,
37,079,0.006482511731411155,134,20671,
37,081,0.060696186222298575,33918,558816,
37,083,0.008958971739870616,421,46992,
37,085,0.015852590077757092,2316,146096,
37,087,0.007533942393097323,475,63048,
37,089,0.013446936764620646,1624,120771,
37,091,0.012468047368146487,239,19169,
37,093,0.020078725939836048,1112,55382,
37,095,0.008727907484180668,40,4583,
37,097,0.029821526354301443,6154,206361,
37,099,0.011925531679954065,540,45281,
37,101,0.014127641176329295,3529,249794,
37,103,0.006658211794546607,63,9462,
37,105,0.016852211214380554,1155,68537,
37,107,0.008602616930528446,476,55332,
37,109,0.011607298357767054,1133,97611,
37,111,0.012569307914908658,569,45269,
37,113,0.010692977245137795,414,38717,
37,115,0.0061739441660701505,138,22352,
37,117,0.006969288667936626,150,21523,
37,119,0.07200454287336741,86858,1206285,
37,121,0.00718562874251497,108,15030,
37,123,0.021241086329843728,560,26364,
37,125,0.019415774278941495,2105,108417,
37,127,0.013470762322685988,1320,97990,
37,129,0.01665618720025644,4053,243333,
37,131,0.004583835946924005,76,16580,
37,133,0.022676258722541018,4829,212954,
37,135,0.08680180798942941,13270,152877,
37,137,0.007330677290836653,92,12550,
37,139,0.01680428799072867,696,41418,
37,141,0.010574082794640182,741,70077,
37,143,0.006612184249628529,89,13460,
37,145,0.004483969807936626,180,40143,
37,147,0.023741170353407122,4292,180783,
37,149,0.01062992125984252,216,20320,
37,151,0.017561948661962815,2606,148389,
37,153,0.012288640152417242,516,41990,
37,155,0.008337267332074454,989,118624,
37,157,0.0075815092443085215,709,93517,
37,159,0.012276378240233662,1883,153384,
37,161,0.0073185234878863185,480,65587,
37,163,0.007913383219654327,478,60404,
37,165,0.010354593191338721,351,33898,
37,167,0.021863767340997535,1472,67326,
37,169,0.004928364262817018,226,45857,
37,171,0.009029029868478063,646,71547,
37,173,0.007744711366081032,108,13945,
37,175,0.008005160836290062,273,34103,
37,177,0.020187659937446686,71,3517,
37,179,0.059240050724032406,15603,263386,
37,181,0.010817960649077639,458,42337,
37,183,0.10247605570719644,126296,1232444,
37,185,0.009066610764634978,173,19081,
37,187,0.004974657405669232,53,10654,
37,189,0.014037129297961706,772,54997,
37,191,0.014542372317971048,1750,120338,
37,193,0.007191853262019158,476,66186,
37,195,0.012994322019060006,1039,79958,
37,197,0.00636925911304119,242,37995,
37,199,0.0045806349707787075,87,18993,
38,000,0.020976238061282904,16709,796568,
38,001,0.03409621672115834,73,2141,
38,003,0.022411557695869607,242,10798,
38,005,0.014419735927727589,83,5756,
38,007,0.031044214487300093,33,1063,
38,009,0.011578782663120013,74,6391,
38,011,0.001386001386001386,4,2886,
38,013,0.016248839368616527,35,2154,
38,015,0.012841029222070276,1324,103107,
38,017,0.03809002463360621,7654,200945,
38,019,0.007289038407625455,26,3567,
38,021,0.017038539553752535,84,4930,
38,023,0.017419962335216574,37,2124,
38,025,0.015132721409079633,61,4031,
38,027,0.0021654395842356,5,2309,
38,029,0.009348706762231224,30,3209,
38,031,0.021366235329521515,71,3323,
38,033,0.001671309192200557,3,1795,
38,035,0.032614441989399626,2406,73771,
38,037,0.024922118380062305,56,2247,
38,039,0.001796138302649304,4,2227,
38,041,0.0033071517155849523,8,2419,
38,043,0.008013496415014762,19,2371,
38,045,0.0014811157738829918,6,4051,
38,047,0.0047872340425531915,9,1880,
38,049,0.003505355404089581,18,5135,
38,051,0.010564811052417716,26,2461,
38,053,0.013732918414287648,203,14782,
38,055,0.006196038598273235,61,9845,
38,057,0.009103977000479156,76,8348,
38,059,0.006931040533426917,237,34194,
38,061,0.018999366687777075,180,9474,
38,063,0.014299966744263386,43,3007,
38,065,0.0037194473963868225,7,1882,
38,067,0.006678809957498482,44,6588,
38,069,0.014534129249935116,56,3853,
38,071,0.011555169417897481,133,11510,
38,073,0.014669051878354204,82,5590,
38,075,0.0025252525252525255,6,2376,
38,077,0.006363308920638732,106,16658,
38,079,0.003677728361272665,43,11692,
38,081,0.010242587601078167,38,3710,
38,083,0.01498422712933754,19,1268,
38,085,0.0024239159709130084,9,3713,
38,087,0,0,660,
38,089,0.020374922261379453,688,33767,
38,091,0.001697792869269949,3,1767,
38,093,0.009143228441474055,197,21546,
38,095,0.006825938566552901,14,2051,
38,097,0.00663412191763675,53,7989,
38,099,0.012336009398864305,126,10214,
38,101,0.01831148523243749,1253,68427,
38,103,0.0060478569550354985,23,3803,
38,105,0.015160807595123029,618,40763,
39,000,0.030623553853372766,363909,11883304,
39,001,0.005420837700119258,150,27671,
39,003,0.010687446711478595,1078,100866,
39,005,0.0070202212895841285,368,52420,
39,007,0.005087404288692135,493,96906,
39,009,0.033170932329399855,2097,63218,
39,011,0.006053743303863072,278,45922,
39,013,0.005611203858282322,363,64692,
39,015,0.003725277702519642,165,44292,
39,017,0.055288305109350205,22090,399542,
39,019,0.0036281179138321997,96,26460,
39,021,0.005603104839746061,218,38907,
39,023,0.0078008667629736635,1053,134985,
39,025,0.01680342606819445,3598,214123,
39,027,0.009590899355053667,403,42019,
39,029,0.003596365567053685,359,99823,
39,031,0.00559414101559333,207,37003,
39,033,0.011194926248018065,466,41626,
39,035,0.03850010559457808,47763,1240594,
39,037,0.006801134817923905,350,51462,
39,039,0.005434220060035193,210,38644,
39,041,0.10480488809325703,24940,237966,
39,043,0.00876206985279181,647,73841,
39,045,0.03876324793457398,6503,167762,
39,047,0.012403585574317281,357,28782,
39,049,0.0625391228951053,84822,1356303,
39,051,0.00559151042162368,235,42028,
39,053,0.006577580835006577,190,28886,
39,055,0.0073404500744531365,700,95362,
39,057,0.03471484853232142,5983,172347,
39,059,0.004500379392448782,172,38219,
39,061,0.03174624026253972,26583,837359,
39,063,0.023528313959688598,1765,75016,
39,065,0.010788763897112032,328,30402,
39,067,0.0037743911123771542,53,14042,
39,069,0.005883207437536316,162,27536,
39,071,0.005070229530661185,222,43785,
39,073,0.004921798096904736,135,27429,
39,075,0.002776036536222799,124,44668,
39,077,0.005845138220327328,340,58168,
39,079,0.0075176481373957155,246,32723,
39,081,0.006588419405320814,421,63900,
39,083,0.008676857536649542,554,63848,
39,085,0.016530383887071787,3841,232360,
39,087,0.005104873811101757,285,55829,
39,089,0.04877283691548854,9018,184898,
39,091,0.01076272105891288,496,46085,
39,093,0.017458000807378193,5622,322030,
39,095,0.01943508073123758,8285,426291,
39,097,0.017284926753201115,787,45531,
39,099,0.011533044564321969,2604,225786,
39,101,0.005956045309037183,387,64976,
39,103,0.0151875423155044,2804,184625,
39,105,0.0030245218928853937,65,21491,
39,107,0.006049521665728756,258,42648,
39,109,0.023126395712371593,2589,111950,
39,111,0.0023752969121140144,31,13051,
39,113,0.027675493029028195,14874,537443,
39,115,0.0023647650014779783,32,13532,
39,117,0.005177164806413004,186,35927,
39,119,0.005682474417315377,492,86582,
39,121,0.0034340178008269674,49,14269,
39,123,0.005063992744129799,201,39692,
39,125,0.0036790189282857903,69,18755,
39,127,0.0024942548063449357,89,35682,
39,129,0.006547829724251102,407,62158,
39,131,0.004285978200628118,116,27065,
39,133,0.028442556412087476,4660,163839,
39,135,0.007597852993799172,310,40801,
39,137,0.0029819329942115417,102,34206,
39,139,0.009090690652206995,1135,124853,
39,141,0.00566762222865108,431,76046,
39,143,0.007355689192403085,433,58866,
39,145,0.004777291846569542,343,71798,
39,147,0.010487849442718801,574,54730,
39,149,0.012345679012345678,592,47952,
39,151,0.011042767668829242,4131,374091,
39,153,0.049081486709883534,26424,538370,
39,155,0.006525212181727409,1307,200300,
39,157,0.004139144794020511,381,92048,
39,159,0.07417632213717043,5320,71721,
39,161,0.004223353065392737,122,28887,
39,163,0.0034276604224790755,43,12545,
39,165,0.08365259569083688,21420,256059,
39,167,0.008691627237193992,507,58332,
39,169,0.011832087248782496,1380,116632,
39,171,0.00664769929419489,243,36554,
39,173,0.02267108516122245,3017,133077,
39,175,0.00747873235486585,160,21394,
40,000,0.027706498497213822,113469,4095393,
40,001,0.012663336864941224,251,19821,
40,003,0.009278711484593838,53,5712,
40,005,0.01315068493150685,192,14600,
40,007,0.004975124378109453,25,5025,
40,009,0.014563106796116505,324,22248,
40,011,0.00396593957774408,34,8573,
40,013,0.00771295099890667,388,50305,
40,015,0.006606675019933933,174,26337,
40,017,0.03620158450704225,6580,181760,
40,019,0.01495878701536583,735,49135,
40,021,0.012169344743376635,593,48729,
40,023,0.00832510229998589,118,14174,
40,025,0.005157055789967183,11,2133,
40,027,0.052363531083855344,15916,303952,
40,029,0.003509420022164758,19,5414,
40,031,0.028345250255362615,3441,121396,
40,033,0.003997819371252044,22,5503,
40,035,0.016407003998345514,238,14506,
40,037,0.008570926444147031,634,73971,
40,039,0.01599094318262223,452,28266,
40,041,0.020229345718321322,845,41771,
40,043,0.014526710402999063,62,4268,
40,045,0.006109414051652319,22,3601,
40,047,0.01549825019755834,961,62007,
40,049,0.007495506520325825,196,26149,
40,051,0.005740921632135451,335,58353,
40,053,0.005821004123211254,24,4123,
40,055,0.00533775078225658,29,5433,
40,057,0.01814254859611231,42,2315,
40,059,0.003427859146151449,11,3209,
40,061,0.01651003302006604,195,11811,
40,063,0.005010844364669808,67,13371,
40,065,0.018907134998573816,464,24541,
40,067,0.008559732043170823,46,5374,
40,069,0.007189351986787137,74,10293,
40,071,0.007505122361120703,326,43437,
40,073,0.005183312262958281,82,15820,
40,075,0.005328811917161197,44,8257,
40,077,0.007887264696603218,75,9509,
40,079,0.010590925502467204,528,49854,
40,081,0.00609058675511838,213,34972,
40,083,0.008856294095803937,477,53860,
40,085,0.009786050081550417,102,10423,
40,087,0.008031548086055251,389,48434,
40,089,0.01194611264405129,368,30805,
40,091,0.007356671740233384,145,19710,
40,093,0.00964460298586339,73,7569,
40,095,0.0056976528147643524,92,16147,
40,097,0.007647469111199681,307,40144,
40,099,0.00632543260142504,87,13754,
40,101,0.011205656759348034,748,66752,
40,103,0.0069750367107195305,76,10896,
40,105,0.007530593034201443,72,9561,
40,107,0.011351636747624076,129,11364,
40,109,0.03851241288931891,31445,816490,
40,111,0.006930212490561968,257,37084,
40,113,0.006710398967630928,312,46495,
40,115,0.008748848835679515,266,30404,
40,117,0.006082800571038421,98,16111,
40,119,0.04919298328958776,4142,84199,
40,121,0.006682797557322272,290,43395,
40,123,0.008770555990602976,336,38310,
40,125,0.009053542164790587,674,74446,
40,127,0.0060185185185185185,65,10800,
40,129,0.00847457627118644,28,3304,
40,131,0.022146373223111145,2245,101371,
40,133,0.006423707764121451,150,23351,
40,135,0.009887806682283319,401,40555,
40,137,0.009143505388542257,403,44075,
40,139,0.02896437770326092,596,20577,
40,141,0.006532066508313539,44,6736,
40,143,0.043948644151379786,30479,693514,
40,145,0.022288701140734408,2034,91257,
40,147,0.017702552719200886,957,54060,
40,149,0.006365900913368392,69,10839,
40,151,0.013400139827546027,115,8582,
40,153,0.007853534090340654,157,19991,
41,000,0.055103360639794624,235422,4272371,
41,001,0.006686567164179104,112,16750,
41,003,0.07272065440499904,7192,98899,
41,005,0.06212883667522196,26458,425857,
41,007,0.01832224739906927,752,41043,
41,009,0.014594084678985628,789,54063,
41,011,0.01587227559618195,1021,64326,
41,013,0.00757243195785777,207,27336,
41,015,0.011592166505664353,264,22774,
41,017,0.016323539839742832,3453,211535,
41,019,0.013032827045565899,1463,112255,
41,021,0.010147133434804667,20,1971,
41,023,0.011419709572818272,81,7093,
41,025,0.005133747635774115,38,7402,
41,027,0.016958424507658644,403,23764,
41,029,0.018849596305985154,4172,221331,
41,031,0.00943765664160401,241,25536,
41,033,0.012970682858308035,1145,88276,
41,035,0.013472841364036458,949,70438,
41,037,0.012082011227727606,99,8194,
41,039,0.0349323737696001,13358,382396,
41,041,0.015894712176833553,814,51212,
41,043,0.015482283315971436,2051,132474,
41,045,0.014111093919232555,456,32315,
41,047,0.029359503722365652,10360,352867,
41,049,0.013106796116504855,162,12360,
41,051,0.08552488575783047,68069,795897,
41,053,0.02485946835415079,2251,90549,
41,055,0.011488511488511488,23,2002,
41,057,0.011260269953051643,307,27264,
41,059,0.01504516032848393,1211,80491,
41,061,0.011666282907360503,304,26058,
41,063,0.0061153948417973945,46,7522,
41,065,0.012147734560682084,322,26507,
41,067,0.1378322579800809,84253,611272,
41,069,0.011675824175824176,17,1456,
41,071,0.023077755532709267,2559,110886,
42,000,0.04471589068405691,584828,13078751,
42,001,0.01126823211075486,1216,107914,
42,003,0.049775371931151946,61314,1231814,
42,005,0.0036432732926082382,232,63679,
42,007,0.0072248399178446296,1196,165540,
42,009,0.0056461599815292906,269,47643,
42,011,0.01745548452918015,7665,439117,
42,013,0.008073568417464184,971,120269,
42,015,0.007387058409688604,441,59699,
42,017,0.06280734190493915,40833,650131,
42,019,0.018716671432369658,3731,199341,
42,021,0.0060334491345651305,785,130108,
42,023,0.005979760809567618,26,4348,
42,025,0.006449355824954748,424,65743,
42,027,0.07364600606989768,11769,159805,
42,029,0.07920890957565382,44416,560745,
42,031,0.009008275674942341,332,36855,
42,033,0.007128961245072441,557,78132,
42,035,0.00845107619173379,320,37865,
42,037,0.012149306186753923,802,66012,
42,039,0.00633458806904701,520,82089,
42,041,0.07556004007026815,20818,275516,
42,043,0.07646342170911412,22406,293029,
42,045,0.0717084813688915,41941,584882,
42,047,0.0039503386004514675,119,30124,
42,049,0.02608776844070962,6985,267750,
42,051,0.004703851025891352,583,123941,
42,053,0.0037873049537948795,25,6601,
42,055,0.014590199956053615,2324,159285,
42,057,0.0023526155549404926,34,14452,
42,059,0.004093050647820966,139,33960,
42,061,0.007841509259899905,340,43359,
42,063,0.010511976661483008,872,82953,
42,065,0.0044734475522863,194,43367,
42,067,0.005257533661038684,123,23395,
42,069,0.03691338611724669,8005,216859,
42,071,0.03004830523368833,16926,563293,
42,073,0.005057400306293258,426,84233,
42,075,0.02384409471576325,3465,145319,
42,077,0.044285695764348966,17079,385655,
42,079,0.014762552847343978,4892,331379,
42,081,0.008963580486770992,1015,113236,
42,083,0.008029788743097422,317,39478,
42,085,0.007481043092287775,809,108140,
42,087,0.005899640796778056,271,45935,
42,089,0.028236339724842813,4702,166523,
42,091,0.0913670537653977,80329,879190,
42,093,0.03935964670162848,713,18115,
42,095,0.03606624374204694,11649,322989,
42,097,0.004954069334755129,446,90027,
42,099,0.006066302118933698,284,46816,
42,101,0.08698431174217684,136906,1573916,
42,103,0.01747466974477363,1090,62376,
42,105,0.005689989370349528,91,15993,
42,107,0.006905475253073905,998,144523,
42,109,0.007444419209125091,295,39627,
42,111,0.0050323009953697284,363,72134,
42,113,0.005736460266576683,34,5927,
42,115,0.005406824146981628,206,38100,
42,117,0.005675954592363261,231,40698,
42,119,0.020019450176711973,844,42159,
42,121,0.005356132266149244,265,49476,
42,123,0.005592272496187087,209,37373,
42,125,0.015824439016508738,3330,210434,
42,127,0.00910169392636963,468,51419,
42,129,0.011791357373872654,4138,350935,
42,131,0.005122036397501067,132,25771,
42,133,0.0194762753586283,9178,471240,
44,000,0.040511261269360645,45061,1112308,
44,001,0.02921527570046864,1465,50145,
44,003,0.035703102348506814,6157,172450,
44,005,0.022451718023673743,1874,83468,
44,007,0.04749582785924795,32103,675912,
44,009,0.026562727781912487,3462,130333,
45,000,0.021716493901710054,118981,5478831,
45,001,0.0041858007883935466,103,24607,
45,003,0.013099389104298585,2348,179245,
45,005,0.009402728115481393,71,7551,
45,007,0.013196244641615597,2866,217183,
45,009,0.00909090909090909,117,12870,
45,011,0.008343498414247377,171,20495,
45,013,0.016221038285218686,3273,201775,
45,015,0.027842104466542554,7358,264276,
45,017,0.0054038879921398,77,14249,
45,019,0.020447748381094245,8813,431001,
45,021,0.008049160463908604,465,57770,
45,023,0.005352225969124153,173,32323,
45,025,0.006473655817299047,288,44488,
45,027,0.007766677408959072,241,31030,
45,029,0.0065717415115005475,258,39259,
45,031,0.0067280736884261115,420,62425,
45,033,0.005838198498748957,161,27577,
45,035,0.024355473111076758,4254,174663,
45,037,0.009370225768120863,276,29455,
45,039,0.0075605086160341695,154,20369,
45,041,0.019297495816702766,2664,138049,
45,043,0.008389490421746044,554,66035,
45,045,0.02942119510464393,16792,570745,
45,047,0.012778229893919276,895,70041,
45,049,0.010125467752586397,184,18172,
45,051,0.015786507205043168,6526,413391,
45,053,0.007889269470492448,281,35618,
45,055,0.009791068091160144,702,71698,
45,057,0.0443789632071078,4955,111652,
45,059,0.0068608689488978665,484,70545,
45,061,0.005451811003885199,87,15958,
45,063,0.027644100530955402,8674,313774,
45,065,0.008714815185815888,87,9983,
45,067,0.0056401579244218835,160,28368,
45,069,0.0045101576594242685,115,25498,
45,071,0.008162640614238706,320,39203,
45,073,0.008693543498029706,717,82475,
45,075,0.010321307846840452,858,83129,
45,077,0.021540153537809227,2977,138207,
45,079,0.033105693473369384,14257,430651,
45,081,0.006117622866543286,119,19452,
45,083,0.027799142058625995,10265,369256,
45,085,0.015184775139344887,1591,104776,
45,087,0.007159457230676962,191,26678,
45,089,0.009911267369830905,296,29865,
45,091,0.04073583915564635,12343,303001,
46,000,0.017831245559221734,16488,924669,
46,003,0.007994186046511628,22,2752,
46,005,0.11650136183771005,2267,19459,
46,007,0.011857707509881422,39,3289,
46,009,0.003818413237165889,27,7071,
46,011,0.034131851811105916,1241,36359,
46,013,0.029470596079477263,1105,37495,
46,015,0.006652727618323513,35,5261,
46,017,0.002191780821917808,4,1825,
46,019,0.00541731705077587,59,10891,
46,021,0.004470938897168405,6,1342,
46,023,0.004281280102750722,40,9343,
46,025,0.0025163563160543532,10,3974,
46,027,0.027615611675959332,421,15245,
46,029,0.008743766650727508,256,29278,
46,031,0.006405124099279423,24,3747,
46,033,0.011897106109324759,111,9330,
46,035,0.009594614959561962,191,19907,
46,037,0.009060650887573964,49,5408,
46,039,0.0025374855824682814,11,4335,
46,041,0.0054490792934986845,29,5322,
46,043,0.001755001755001755,5,2849,
46,045,0.006704742984852247,27,4027,
46,047,0.01888843592879467,139,7359,
46,049,0.004213483146067416,9,2136,
46,051,0.005513258072985036,42,7618,
46,053,0.00535279805352798,22,4110,
46,055,0.003271537622682661,6,1834,
46,057,0.003790175864160097,25,6596,
46,059,0.009363900548918308,29,3097,
46,061,0.004601668104687949,16,3477,
46,063,0.0060377358490566035,8,1325,
46,065,0.007816957662900833,137,17526,
46,067,0.0037756202804746495,28,7416,
46,069,0.00411522633744856,5,1215,
46,071,0.003288271830471319,9,2737,
46,073,0.010065127294256957,17,1689,
46,075,0,0,874,
46,077,0.009123740733700817,48,5261,
46,079,0.010267127021624568,113,11006,
46,081,0.015168870838973931,437,28809,
46,083,0.019775663175801393,1488,75244,
46,085,0.006987368986831497,26,3721,
46,087,0.0036388840755501644,21,5771,
46,089,0.004768097095795405,11,2307,
46,091,0.0029579067121729237,13,4395,
46,093,0.011643702697457792,360,30918,
46,095,0.003271537622682661,6,1834,
46,097,0.007815892314372557,18,2303,
46,099,0.021146573746998402,4412,208639,
46,101,0.01868586307244601,122,6529,
46,102,0.002245508982035928,30,13360,
46,103,0.01463195923399926,1697,115979,
46,105,0.006002824858757062,17,2832,
46,107,0.009991673605328892,24,2402,
46,109,0.006418360400661286,66,10283,
46,111,0.0033444816053511705,8,2392,
46,115,0.0022920759659463,14,6108,
46,117,0.005638474295190713,17,3015,
46,119,0.0020435967302452314,3,1468,
46,121,0.04753597906672481,436,9172,
46,123,0.005422424348434493,31,5717,
46,125,0.005612413337735226,51,9087,
46,127,0.015113205378692105,263,17402,
46,129,0.018975332068311195,100,5270,
46,135,0.007656642137053894,180,23509,
46,137,0.0020678246484698098,5,2418,
47,000,0.022808619556570164,164855,7227750,
47,001,0.016857174428169776,1373,81449,
47,003,0.013166629785350742,714,54228,
47,005,0.006986953564582947,113,16173,
47,007,0.00397665319735745,62,15591,
47,009,0.010329721329573662,1469,142211,
47,011,0.01509026032237085,1717,113782,
47,013,0.005243799393608032,211,40238,
47,015,0.005547483819838859,84,15142,
47,017,0.004912907548012505,143,29107,
47,019,0.0063028867917958005,362,57434,
47,021,0.007088536287672519,302,42604,
47,023,0.0076639069142985005,137,17876,
47,025,0.010281221651043242,340,33070,
47,027,0.0029273259513809343,23,7857,
47,029,0.006011277795510161,226,37596,
47,031,0.014163335237007425,868,61285,
47,033,0.005439061046303585,76,13973,
47,035,0.0077874973330488585,511,65618,
47,037,0.04018204124714704,29313,729505,
47,039,0.010847457627118645,128,11800,
47,041,0.013886972915804478,302,21747,
47,043,0.007459967731302372,430,57641,
47,045,0.007416971128753125,270,36403,
47,047,0.00984800791438079,438,44476,
47,049,0.006358984549654727,128,20129,
47,051,0.010612136384784102,479,45137,
47,053,0.006125782738905527,315,51422,
47,055,0.005521294113848439,171,30971,
47,057,0.003629402145734455,91,25073,
47,059,0.005817597209733235,427,73398,
47,061,0.007633587786259542,108,14148,
47,063,0.01292180462231411,875,67715,
47,065,0.024763369371608467,9565,386256,
47,067,0.003552145495879511,25,7038,
47,069,0.008335299205787529,212,25434,
47,071,0.006626353333091936,183,27617,
47,073,0.006029879907699045,358,59371,
47,075,0.004328244721296134,74,17097,
47,077,0.0049320512365610475,139,28183,
47,079,0.007055317337225922,232,32883,
47,081,0.004872578212614564,126,25859,
47,083,0.006910283438744436,59,8538,
47,085,0.007619924312161195,149,19554,
47,087,0.0026664511958629606,33,12376,
47,089,0.008375973115828226,496,59217,
47,091,0.004106776180698152,76,18506,
47,093,0.02802576428520685,14202,506748,
47,095,0.004048582995951417,26,6422,
47,097,0.005968331303288672,147,24630,
47,099,0.0053586416166311575,249,46467,
47,101,0.010210165449396333,137,13418,
47,103,0.007537209871840222,277,36751,
47,105,0.010590867388820036,658,62129,
47,107,0.008034675969975685,456,56754,
47,109,0.005095199785465273,133,26103,
47,111,0.009084556254367574,247,27189,
47,113,0.013076517045284786,1313,100409,
47,115,0.007879031717293636,235,29826,
47,117,0.007820963352445372,296,37847,
47,119,0.016259445732777243,1844,113411,
47,121,0.0038745784602138194,54,13937,
47,123,0.00573707124547341,282,49154,
47,125,0.024924296311350472,6132,246025,
47,127,0.016093311678724347,109,6773,
47,129,0.0030973854422884214,68,21954,
47,131,0.005155150193318132,156,30261,
47,133,0.004033798989427201,95,23551,
47,135,0.012351173917881384,111,8987,
47,137,0.0033281127642913076,17,5108,
47,139,0.005016904787872178,92,18338,
47,141,0.016385139114660635,1391,84894,
47,143,0.006933456083316551,241,34759,
47,145,0.007930633393253674,450,56742,
47,147,0.010387590971080437,815,78459,
47,149,0.04245137879446997,16004,376996,
47,151,0.00421903450726118,95,22517,
47,153,0.006072644721906924,107,17620,
47,155,0.015491495648007666,1552,100184,
47,157,0.03330038548976969,30321,910530,
47,159,0.007458018572872059,155,20783,
47,161,0.010442046641141664,150,14365,
47,163,0.009840015242497065,1601,162703,
47,165,0.01876998502746539,3974,211721,
47,167,0.008619164777204239,536,62187,
47,169,0.004770129122460729,58,12159,
47,171,0.004532229185317815,81,17872,
47,173,0.0025161412837067985,53,21064,
47,175,0.00403828896201017,27,6686,
47,177,0.011623375134689012,507,43619,
47,179,0.0177740221423354,2482,139642,
47,181,0.003067484662576687,49,15974,
47,183,0.018545322960014474,615,33162,
47,185,0.0057028995465164215,166,29108,
47,187,0.06135559717020391,16513,269136,
47,189,0.033204274248593686,5643,169948,
48,000,0.06410117391896687,2005779,31290831,
48,001,0.010787740287673075,642,59512,
48,003,0.0076626327749299795,145,18923,
48,005,0.011521783549390424,1015,88094,
48,007,0.017698769290877124,453,25595,
48,009,0.0070999453850355,65,9155,
48,011,0.008291873963515755,15,1809,
48,013,0.0086770361669476909,458,52783,
48,015,0.009801511706507712,319,32546,
48,017,0.010098136822642583,71,7031,
48,019,0.008190976784932106,187,22830,
48,021,0.012276931376217035,1411,114931,
48,023,0.0042456835550523635,15,3533,
48,025,0.00880676359444053,275,31226,
48,027,0.03475416564475522,13887,399578,
48,029,0.039739403883092696,84555,2127737,
48,031,0.010929779907171732,146,13358,
48,033,0.0017953321364452424,1,557,
48,035,0.008099721243359807,154,19013,
48,037,0.014544743021132272,1338,91992,
48,039,0.08413596499719281,34767,413224,
48,041,0.06219754510784219,15526,249624,
48,043,0.030500631047538914,290,9508,
48,045,0.0013386880856760374,2,1494,
48,047,0.012611275964391691,85,6740,
48,049,0.007558696383733271,292,38631,
48,051,0.009267059814658803,187,20179,
48,053,0.014464663867054306,806,55722,
48,055,0.009975205035285142,523,52430,
48,057,0.05405676461739043,1078,19942,
48,059,0.008689702360588436,127,14615,
48,061,0.010292353788373461,4445,431874,
48,063,0.017699787298693405,233,13164,
48,065,0.007557540364136035,44,5822,
48,067,0.007861085877995947,225,28622,
48,069,0.016531165311653117,122,7380,
48,071,0.016785631641716654,943,56179,
48,073,0.007910114048437706,421,53223,
48,075,0.010630333882317712,71,6679,
48,077,0.0097856477166822,105,10730,
48,079,0.008130081300813009,21,2583,
48,081,0.001177856301531213,4,3396,
48,083,0.012390488110137671,99,7990,
48,085,0.21382400622320982,268276,1254658,
48,087,0.007276905400229797,19,2611,
48,089,0.007590221187427241,163,21475,
48,091,0.018429979963100362,3716,201628,
48,093,0.007173201476425935,103,14359,
48,095,0.017137702946482262,57,3326,
48,097,0.01111663428080799,492,44258,
48,099,0.024510825518119717,2117,86370,
48,101,0.0023752969121140144,3,1263,
48,103,0.011754462342185459,54,4594,
48,105,0.01607717041800643,45,2799,
48,107,0.00437375745526839,22,5030,
48,109,0.02839396628216504,64,2254,
48,111,0.01355301621047037,102,7526,
48,113,0.07892273726029997,209621,2656028,
48,115,0.011566592957986052,136,11758,
48,117,0.007191132738577994,133,18495,
48,119,0.008145918186647777,46,5647,
48,121,0.13368895437844458,139721,1045120,
48,123,0.006221607742445191,126,20252,
48,125,0.01391304347826087,24,1725,
48,127,0.010512162327343845,86,8181,
48,129,0.01252740369558409,40,3193,
48,131,0.006468440271257173,62,9585,
48,133,0.009240021869874248,169,18290,
48,135,0.015962640128924493,2714,170022,
48,137,0.012292118582791034,17,1383,
48,139,0.012578156265195557,2923,232387,
48,141,0.01565226128817151,13708,875784,
48,143,0.013664149586479683,608,44496,
48,145,0.006928796755295178,123,17752,
48,147,0.008357050452781371,323,38650,
48,149,0.006277463904582548,160,25488,
48,151,0.004638472032742156,17,3665,
48,153,0.005156683855612852,26,5042,
48,155,0.00949667616334283,10,1053,
48,157,0.23240723930912302,222747,958434,
48,159,0.012096774193548387,132,10912,
48,161,0.009881327197868734,204,20645,
48,163,0.027868852459016394,544,19520,
48,165,0.006989341254586755,160,22892,
48,167,0.03948754378659089,14508,367407,
48,169,0.011410118406889129,53,4645,
48,171,0.007209062821833162,203,28159,
48,173,0.003469210754553339,4,1153,
48,175,0.006924248719013987,50,7221,
48,177,0.007335329341317366,147,20040,
48,179,0.008186518575258522,171,20888,
48,181,0.01816225121568836,2734,150532,
48,183,0.0161826348487121,2050,126679,
48,185,0.006188710834728534,207,33448,
48,187,0.023800252093089985,4645,195166,
48,189,0.006446968985697744,206,31953,
48,191,0.005657708628005658,16,2828,
48,193,0.01064322073114299,92,8644,
48,195,0.004994007191370355,25,5006,
48,197,0.010242903131401814,35,3417,
48,199,0.009698312595875235,569,58670,
48,201,0.08008820390545429,401186,5009302,
48,203,0.009177525570968193,655,71370,
48,205,0.009007205764611689,45,4996,
48,207,0.010487580496780129,57,5435,
48,209,0.02829171075475381,8262,292029,
48,211,0.014039566049776643,44,3134,
48,213,0.010083803034287218,882,87467,
48,215,0.012019850899630528,10996,914820,
48,217,0.008227799128214386,319,38771,
48,219,0.006231109044408277,134,21505,
48,221,0.010111969447096606,699,69126,
48,223,0.01186056105610561,460,38784,
48,225,0.008784970942019191,195,22197,
48,227,0.012097428080303571,373,30833,
48,229,0.02854767184035477,103,3608,
48,231,0.019060212753413235,2263,118729,
48,233,0.00714973885705593,141,19721,
48,235,0.005242463958060288,8,1526,
48,237,0.012236646094913812,115,9398,
48,239,0.01105731483904737,169,15284,
48,241,0.007475613091439511,246,32907,
48,243,0.023059617547806523,41,1778,
48,245,0.041508497802699766,10541,253948,
48,247,0.006982325987344534,32,4583,
48,249,0.00624903564264774,243,38886,
48,251,0.01656162282055788,3487,210547,
48,253,0.00776978417266187,162,20850,
48,255,0.007068771883464359,107,15137,
48,257,0.024718317334667818,4890,197829,
48,259,0.020780273211391524,1077,51828,
48,261,0.021212121212121213,7,330,
48,263,0.002844950213371266,2,703,
48,265,0.01463821892393321,789,53900,
48,267,0.008634401272438082,38,4401,
48,269,0,0,215,
48,271,0.010341585709808837,33,3191,
48,273,0.026213783588463307,798,30442,
48,275,0.010138248847926268,33,3255,
48,277,0.008585533376261001,440,51249,
48,279,0.007172696460944273,91,12687,
48,281,0.0160159734908025,377,23539,
48,283,0.008534211708339573,57,6679,
48,285,0.008104828925018199,167,20605,
48,287,0.007045688580564739,130,18451,
48,289,0.009881422924901186,165,16698,
48,291,0.009205333704212374,1059,115042,
48,293,0.012229163897381363,276,22569,
48,295,0.010763888888888889,31,2880,
48,297,0.0159605582017214,191,11967,
48,299,0.007986875620601823,185,23163,
48,301,0,0,48,
48,303,0.027776929326743922,9094,327394,
48,305,0.008400537634408602,50,5952,
48,307,0.007921589688506982,59,7448,
48,309,0.02183401267948424,5903,270358,
48,311,0.01415929203539823,8,565,
48,313,0.011890177992361462,165,13877,
48,315,0.01185078318219291,115,9704,
48,317,0.007337323807684881,38,5179,
48,319,0.0027589666415851516,11,3987,
48,321,0.021049160506718696,766,36391,
48,323,0.005898451444015707,347,58829,
48,325,0.009870727629047628,549,55619,
48,327,0.004709576138147566,9,1911,
48,329,0.025148839514780457,4617,183587,
48,331,0.00970985129400971,254,26159,
48,333,0.009204470742932281,42,4563,
48,335,0.00947814451382694,85,8968,
48,337,0.0061671996345363175,135,21890,
48,339,0.04076103269286952,30555,749613,
48,341,0.0385424286759327,843,21872,
48,343,0.010341431385423505,126,12184,
48,345,0.0019704433497536944,2,1015,
48,347,0.014210077896786757,934,65728,
48,349,0.010347938372278138,585,56533,
48,351,0.006718172657037286,80,11908,
48,353,0.010365251727541954,147,14182,
48,355,0.026418407079646017,9329,353125,
48,357,0.00730678192857878,71,9717,
48,359,0.024684585847504114,45,1823,
48,361,0.012773616675375951,1100,86115,
48,363,0.011312890741292051,342,30231,
48,365,0.0068195638954043954,157,23022,
48,367,0.011129227019537358,2000,179707,
48,369,0.010549177784672665,102,9669,
48,371,0.020731375747688963,305,14712,
48,373,0.011095138044159387,602,54258,
48,375,0.048652844769688355,5578,114649,
48,377,0.016707703130495955,95,5686,
48,379,0.013678039981963024,182,13306,
48,381,0.023241911163955443,3499,150547,
48,383,0.018477222045237336,58,3139,
48,385,0.007575757575757576,21,2772,
48,387,0.005557455540355677,65,11696,
48,389,0.016226162596186016,194,11956,
48,391,0.009348568036800712,63,6739,
48,393,0.0023894862604540022,2,837,
48,395,0.009173792400475679,162,17659,
48,397,0.04407343626864365,6040,137044,
48,399,0.011588555019997948,113,9751,
48,401,0.007473169635331798,399,53391,
48,403,0.0074567508450984294,75,10058,
48,405,0.005021243723445346,39,7767,
48,407,0.0077746709404623885,228,29326,
48,409,0.016497124546993716,1179,71467,
48,411,0.007443718228031954,41,5508,
48,413,0.006516072980017376,15,2302,
48,415,0.012275615322928875,199,16211,
48,417,0.005680025244556642,18,3169,
48,419,0.01669973544973545,404,24192,
48,421,0.010465535907614579,29,2771,
48,423,0.019045248523631927,4744,249091,
48,425,0.010992275698158051,111,10098,
48,427,0.002823373931848559,188,66587,
48,429,0.010870712401055409,103,9475,
48,431,0.002883922134102379,4,1387,
48,433,0.01862348178137652,23,1235,
48,435,0.007341694707861731,24,3269,
48,437,0.008579322378944307,59,6877,
48,439,0.0687566458720729,153376,2230708,
48,441,0.024836539818429842,3696,148813,
48,443,0.008356545961002786,6,718,
48,445,0.0068953628684709535,80,11602,
48,447,0.011096605744125326,17,1532,
48,449,0.014739911877516087,465,31547,
48,451,0.0166357210061364,1998,120103,
48,453,0.09494877057444563,129488,1363767,
48,455,0.006763751811719235,98,14489,
48,457,0.006906614785992218,142,20560,
48,459,0.008671963677639047,382,44050,
48,461,0.008312020460358057,26,3128,
48,463,0.012292147346646512,309,25138,
48,465,0.009041855038646638,434,47999,
48,467,0.006967413940953081,455,65304,
48,469,0.014442788937345703,1328,91949,
48,471,0.011920403239291942,998,83722,
48,473,0.028444608272281867,1852,65109,
48,475,0.012321072658090234,136,11038,
48,477,0.017455699550383497,660,37810,
48,479,0.006729637897098118,1836,272823,
48,481,0.00787439038896158,331,42035,
48,483,0.0101575456053068,49,4824,
48,485,0.02403372722796652,3124,129984,
48,487,0.03532717784022481,440,12455,
48,489,0.00893793378938433,179,20027,
48,491,0.129577445428053,94265,727480,
48,493,0.01095371289362086,607,55415,
48,495,0.01856117057309308,137,7381,
48,497,0.008625038449707783,701,81275,
48,499,0.008001313035985393,390,48742,
48,501,0.006991162115815856,53,7581,
48,503,0.008444834393507348,154,18236,
48,505,0.007742962587741515,107,13819,
48,507,0.004017808665435986,37,9209,
49,000,0.031395590780146095,109998,3503613,
49,001,0.007947198275862068,59,7424,
49,003,0.008359326263256394,536,64120,
49,005,0.026744657598273384,3891,145487,
49,007,0.00650075195265124,134,20613,
49,009,0.005230125523012552,5,956,
49,011,0.026052263059159246,9860,378470,
49,013,0.006297168677594577,131,20803,
49,015,0.0063970081684873534,65,10161,
49,017,0.010207939508506616,54,5290,
49,019,0.03402125051082959,333,9788,
49,021,0.01311878184906576,865,65936,
49,023,0.005264345341054373,70,13297,
49,025,0.01126099706744868,96,8525,
49,027,0.016430887120542293,223,13572,
49,029,0.006950278774917895,91,13093,
49,031,0.0045632333767926985,7,1534,
49,033,0.0032703488372093025,9,2752,
49,035,0.05342135078115622,64975,1216274,
49,037,0.006300938291897815,92,14601,
49,039,0.01015228426395939,312,30732,
49,041,0.004396092362344582,99,22520,
49,043,0.024658423994989444,1063,43109,
49,045,0.010557712337846794,892,84488,
49,047,0.009919857989401416,380,38307,
49,049,0.02292320745576352,17129,747234,
49,051,0.018701463363093664,708,37858,
49,053,0.013301722106538811,2766,207943,
49,055,0.014187116564417178,37,2608,
49,057,0.01852831036006345,5116,276118,
50,000,0.02326162348706925,15085,648493,
50,001,0.021289457775908745,810,38047,
50,003,0.016226140014579227,601,37039,
50,005,0.01214999181267398,371,30535,
50,007,0.055451826445265175,9474,170851,
50,009,0.008447904588371708,51,6037,
50,011,0.009830415540672854,502,51066,
50,013,0.0071732199787460146,54,7528,
50,015,0.010324596159707407,271,26248,
50,017,0.006089850249584027,183,30050,
50,019,0.005806823919786482,161,27726,
50,021,0.007973686833449616,480,60198,
50,023,0.011312746474166165,677,59844,
50,025,0.015188375304096259,693,45627,
50,027,0.013120266218347575,757,57697,
51,000,0.07669595327308044,675783,8811195,
51,001,0.010176289246056689,340,33411,
51,003,0.06286600802980062,7375,117313,
51,005,0.004784034991798797,70,14632,
51,007,0.006561679790026247,90,13716,
51,009,0.00612954186413902,194,31650,
51,011,0.003656307129798903,62,16957,
51,013,0.11906241269020504,28552,239807,
51,015,0.007796799877896772,613,78622,
51,017,0.005404077622205846,22,4071,
51,019,0.015636027353921784,1285,82182,
51,021,0.005981247979308115,37,6186,
51,023,0.010606815318350962,362,34129,
51,025,0.011301587301587302,178,15750,
51,027,0.0050450837269214255,94,18632,
51,029,0.0047911189015483495,82,17115,
51,031,0.011853565104260779,656,55342,
51,033,0.012426442034829883,416,33477,
51,035,0.0028041857602079203,82,29242,
51,036,0.007617306520414382,50,6564,
51,037,0.0026647717178895007,30,11258,
51,041,0.04124753394750547,16078,389793,
51,043,0.018335684062059238,286,15598,
51,045,0.005798301925864568,28,4829,
51,047,0.0204543429844098,1148,56125,
51,049,0.006161796859471278,62,10062,
51,051,0.00246066661695623,33,13411,
51,053,0.0094484882418813,270,28576,
51,057,0.010483946456987737,112,10683,
51,059,0.21179404354286452,245877,1160925,
51,061,0.021815066236077242,1655,75865,
51,063,0.005811725635457913,91,15658,
51,065,0.010331872260488416,297,28746,
51,067,0.006182935816093606,344,55637,
51,069,0.02560417494827182,2512,98109,
51,071,0.005806568680820178,96,16533,
51,073,0.01063405887333765,427,40154,
51,075,0.020550614746837687,580,28223,
51,077,0.003013429413691451,46,15265,
51,079,0.02304083885209713,501,21744,
51,081,0.008251121076233183,92,11150,
51,083,0.008430997369050466,282,33448,
51,085,0.02991093496604775,3449,115309,
51,087,0.10311606868696412,34925,338696,
51,089,0.005001518679761061,247,49385,
51,091,0.007240204429301534,17,2348,
51,093,0.01238337159884715,507,40942,
51,095,0.03238040025604792,2681,82797,
51,097,0.006373202904994812,43,6747,
51,099,0.02123820099944475,612,28816,
51,101,0.013155158069883528,253,19232,
51,103,0.01030555053335744,114,11062,
51,105,0.002892561983471074,63,21780,
51,107,0.23781857548829446,105444,443380,
51,109,0.008311762331093115,350,42109,
51,111,0.005306799336650083,64,12060,
51,113,0.009191692394049957,131,14252,
51,115,0.009532666821669379,82,8602,
51,117,0.013203996885543733,407,30824,
51,119,0.005479952507078272,60,10949,
51,121,0.07152669750904059,7081,98998,
51,125,0.01259650548557497,186,14766,
51,127,0.013483724006172386,367,27218,
51,131,0.010579806731089637,127,12004,
51,133,0.0068564975397273535,85,12397,
51,135,0.009723643807574206,152,15632,
51,137,0.01403067767916688,547,38986,
51,139,0.0060373216245883645,143,23686,
51,141,0.004217702796394731,73,17308,
51,143,0.0056892778993435445,338,59410,
51,145,0.006791800444554211,220,32392,
51,147,0.011671754354462202,260,22276,
51,149,0.020968592993645185,914,43589,
51,153,0.11488864252328457,57100,497003,
51,155,0.008249203371154592,277,33579,
51,157,0.014173017783126086,106,7479,
51,159,0.006728160607704829,62,9215,
51,161,0.040438079191238416,3936,97334,
51,163,0.009969599427753934,223,22368,
51,165,0.015740128202203617,1380,87674,
51,167,0.002714398111723053,69,25420,
51,169,0.0023845146811296053,51,21388,
51,171,0.011399397020312053,518,45441,
51,173,0.004736246010227546,138,29137,
51,175,0.006298422607435483,113,17941,
51,177,0.033659823313884264,5117,152021,
51,179,0.04661997762241074,7875,168919,
51,181,0.007903936768505851,52,6579,
51,183,0.005858830093927276,63,10753,
51,185,0.007768488745980707,302,38875,
51,187,0.015543675372694944,660,42461,
51,191,0.006599134903323598,357,54098,
51,193,0.010293735378216793,198,19235,
51,195,0.005518542875932862,193,34973,
51,197,0.006548042704626334,184,28100,
51,199,0.06786164402744714,4846,71410,
51,510,0.0685786476599917,10911,159102,
51,520,0.01127727384162785,184,16316,
51,530,0.007749582130375323,51,6581,
51,540,0.0792771461120915,3549,44767,
51,550,0.043365216061365425,11058,254997,
51,570,0.03598586269679769,672,18674,
51,580,0.012714109129436693,72,5663,
51,590,0.014383349605886695,604,41993,
51,595,0.011292114031840059,61,5402,
51,600,0.2072892938496583,5460,26340,
51,610,0.10376479978714913,1560,15034,
51,620,0.009435088976471993,79,8373,
51,630,0.03710989597225927,1113,29992,
51,640,0.009200178067962606,62,6739,
51,650,0.02749353178871479,3783,137596,
51,660,0.04428895317019779,2266,51164,
51,670,0.01649978232477144,379,22970,
51,678,0.0347346834145091,271,7802,
51,680,0.028642233596094694,2300,80301,
51,683,0.07121239911958914,3106,43616,
51,685,0.12088375173078081,2008,16611,
51,690,0.0107705652739627,149,13834,
51,700,0.0350329953675378,6413,183056,
51,710,0.042980463425715584,9933,231105,
51,720,0.02127659574468085,74,3478,
51,730,0.011186798989958306,381,34058,
51,735,0.024428193558425394,314,12854,
51,740,0.016168819054331377,1560,96482,
51,750,0.02587853875991432,447,17273,
51,760,0.02616678436155871,6114,233655,
51,770,0.033213497834790426,3252,97912,
51,775,0.02613092481086923,677,25908,
51,790,0.017563825348052047,463,26361,
51,800,0.023703991077057368,2444,103105,
51,810,0.0805944486464618,36655,454808,
51,820,0.0188952251255426,444,23498,
51,830,0.05845290081097941,937,16030,
51,840,0.02906474820143885,808,27800,
53,000,0.11450205951612052,911228,7958180,
53,001,0.02043823375635724,430,21039,
53,003,0.011898947742307863,268,22523,
53,005,0.036083230212200376,7873,218190,
53,007,0.014625498596543064,1188,81228,
53,009,0.020741937966597398,1617,77958,
53,011,0.06270613292266376,33063,527269,
53,013,0.016645962732919253,67,4025,
53,015,0.01911705356986191,2179,113982,
53,017,0.016421006660115735,752,45795,
53,019,0.013124751425162402,99,7543,
53,021,0.026580928109998223,2691,101238,
53,023,0.0370216306156406,89,2404,
53,025,0.015632609795926164,1637,104717,
53,027,0.018050402475190325,1406,77893,
53,029,0.05799162792849048,5015,86478,
53,031,0.022006834786707518,747,33944,
53,033,0.23467926610036446,549199,2340211,
53,035,0.060216047189254496,16946,281420,
53,037,0.023104708129203688,1113,48172,
53,039,0.01069474382357818,258,24124,
53,041,0.013555583636802261,1180,87049,
53,043,0.009104704097116844,108,11862,
53,045,0.019933363970588234,1388,69632,
53,047,0.012816519069022295,576,44942,
53,049,0.021901422973809034,531,24245,
53,051,0.012489533910131174,179,14332,
53,053,0.0812063707937992,76429,941170,
53,055,0.017034497535890293,318,18668,
53,057,0.02812349324975892,3733,132736,
53,059,0.015165876777251185,192,12660,
53,061,0.16274954780219716,140634,864113,
53,063,0.026802914666326106,14901,555947,
53,065,0.008568805467713965,420,49015,
53,067,0.06972652123388971,21121,302912,
53,069,0.0175,84,4800,
53,071,0.02126699748662757,1320,62068,
53,073,0.05450428594533398,12806,234954,
53,075,0.08578689642347982,4152,48399,
53,077,0.017480069471575065,4519,258523,
54,000,0.010043621986475546,17777,1769979,
54,001,0.0033834341856984838,52,15369,
54,003,0.015093149016413891,2057,136287,
54,005,0.00195160031225605,40,20496,
54,007,0.003568168616712306,43,12051,
54,009,0.007610993657505285,162,21285,
54,011,0.013914241056301851,1273,91489,
54,013,0.003064873148305806,18,5873,
54,015,0.0019508388607101053,15,7689,
54,017,0.005384110308601445,41,7615,
54,019,0.00305699481865285,118,38600,
54,021,0.008431703204047217,60,7116,
54,023,0.0031902287849785798,35,10971,
54,025,0.007974631879689806,254,31851,
54,027,0.0036985668053629217,88,23793,
54,029,0.005845868681827904,164,28054,
54,031,0.00997558423439135,143,14335,
54,033,0.008639409355999503,557,64472,
54,035,0.00454578252399163,126,27718,
54,037,0.02166035518412118,1327,61264,
54,039,0.012121490920382276,2108,173906,
54,041,0.004733871457182739,78,16477,
54,043,0.0035093151674665843,68,19377,
54,045,0.0028468586387434556,87,30560,
54,047,0.0020411733830990844,35,17147,
54,049,0.007259789034843394,404,55649,
54,051,0.006166110240512366,181,29354,
54,053,0.004561970125151393,113,24770,
54,055,0.005788888116264516,333,57524,
54,057,0.005489580999327806,147,26778,
54,059,0.0031319086219602065,68,21712,
54,061,0.03924671334075457,4266,108697,
54,063,0.0019258545979778526,24,12462,
54,065,0.006411698537682789,114,17780,
54,067,0.005287921055918725,127,24017,
54,069,0.007666098807495741,315,41090,
54,071,0.004374158815612382,26,5944,
54,073,0.0035335689045936395,26,7358,
54,075,0.0031360250882007056,24,7653,
54,077,0.003787990016150345,129,34055,
54,079,0.010128445511416406,578,57067,
54,081,0.007170588154022575,519,72379,
54,083,0.004707613093048915,128,27190,
54,085,0.004773561811505508,39,8170,
54,087,0.0034711964549483014,47,13540,
54,089,0.0035516285516285517,41,11544,
54,091,0.00511011071906558,84,16438,
54,093,0.003347025711242964,22,6573,
54,095,0.007905138339920948,62,7843,
54,097,0.005708245243128964,135,23650,
54,099,0.0036446832850035916,137,37589,
54,101,0.002139172014596703,17,7947,
54,103,0.004285921836408543,59,13766,
54,105,0.004061738424045491,20,4924,
54,107,0.007274309121886971,602,82757,
54,109,0.0020536966539771587,41,19964,
55,000,0.035354954516668834,210750,5960975,
55,001,0.006650430872986137,142,21352,
55,003,0.009878982464806126,160,16196,
55,005,0.007818842127750482,366,46810,
55,007,0.0052262739042641644,88,16838,
55,009,0.040225038242628026,11018,273909,
55,011,0.004753416518122401,64,13464,
55,013,0.00512014894978763,88,17187,
55,015,0.03106227379575389,1665,53602,
55,017,0.015046863627586412,1013,67323,
55,019,0.005402143616562743,188,34801,
55,021,0.009756853027721852,567,58113,
55,023,0.008058470764617692,129,16008,
55,025,0.073827180218476507,43436,588347,
55,027,0.007807299599481018,692,88635,
55,029,0.006161510225485055,188,30512,
55,031,0.010863673321889963,481,44276,
55,033,0.034615801452259676,1597,46135,
55,035,0.046439400900486996,5054,108830,
55,037,0.003851915257864327,18,4673,
55,039,0.022681717480746915,2365,104269,
55,041,0.003471491689459289,33,9506,
55,043,0.010242690617236767,536,52330,
55,045,0.006669714654546433,248,37183,
55,047,0.008518327310273618,165,19370,
55,049,0.00888870341776906,213,23963,
55,051,0.004170008019246191,26,6235,
55,053,0.005944737718171875,125,21027,
55,055,0.010551336309351267,910,86245,
55,057,0.0069575028206092515,185,26590,
55,059,0.02242317219147398,3784,168754,
55,061,0.007806852681798468,162,20751,
55,063,0.05061952750702131,6128,121060,
55,065,0.006009476482144921,104,17306,
55,067,0.006501151778858459,127,19535,
55,069,0.007413653771828115,211,28461,
55,071,0.032093040373928086,2616,81513,
55,073,0.06615812669403484,9202,139091,
55,075,0.006116713506364688,259,42343,
55,077,0.00914692244172013,144,15743,
55,078,0.016565562295846943,71,4286,
55,079,0.05744209183121742,53119,924740,
55,081,0.009661419020918698,448,46370,
55,083,0.006194270299972525,248,40037,
55,085,0.00822527832351015,314,38175,
55,087,0.040739034751010796,7960,195390,
55,089,0.028981650985567712,2723,93956,
55,091,0.006750496360026472,51,7555,
55,093,0.014384508990318118,624,43380,
55,095,0.007964041805764658,365,45831,
55,097,0.03389783453636869,2442,72040,
55,099,0.007737630439412224,109,14087,
55,101,0.016018041691207192,3182,198651,
55,103,0.012614611925480348,216,17123,
55,105,0.014468666332247478,2394,165461,
55,107,0.00564652738565782,80,14168,
55,109,0.01347571308981767,1320,97954,
55,111,0.0073549318653551125,489,66486,
55,113,0.004990708786833024,94,18835,
55,115,0.007094602774885591,293,41299,
55,117,0.06519846870219977,7715,118331,
55,119,0.006694104229682154,135,20167,
55,121,0.008214019025356319,253,30801,
55,123,0.005422474562214921,170,31351,
55,125,0.005511942542174712,132,23948,
55,127,0.011327089758462307,1201,106029,
55,129,0.007655164291602874,130,16982,
55,131,0.019513144521253974,2707,138727,
55,133,0.04516952058489937,18837,417029,
55,135,0.0067030153798049675,343,51171,
55,137,0.006778579688185334,170,25079,
55,139,0.036645951981166366,6351,173307,
55,141,0.02119199924265989,1567,73943,
56,000,0.01270212961481779,7464,587618,
56,001,0.049429851354103035,1942,39288,
56,003,0.007861635220125786,95,12084,
56,005,0.007925582947482584,380,47946,
56,007,0.010736842105263157,153,14250,
56,009,0.006828417841057678,94,13766,
56,011,0.003215434083601286,25,7775,
56,013,0.0059162659550363785,235,39721,
56,015,0.008705975464978234,110,12635,
56,017,0.006702702702702703,31,4625,
56,019,0.008519822787686017,75,8803,
56,021,0.01506145427035949,1533,101783,
56,023,0.0054761904761904765,115,21000,
56,025,0.009575923392612859,770,80410,
56,027,0.005215123859191656,12,2301,
56,029,0.008879737468631362,276,31082,
56,031,0.007988721804511278,68,8512,
56,033,0.008520832069864759,281,32978,
56,035,0.008923591745677636,80,8965,
56,037,0.009085843045090011,375,41273,
56,039,0.022172567892746648,516,23272,
56,041,0.005770816158285243,119,20621,
56,043,0.010832680762203081,83,7662,
56,045,0.013981939994174191,96,6866,
