statecode,countycode,v082_flag_CT,v082_numerator,v082_denominator,v082_rawvalue,v082_cilow,v082_cihigh
00,000,,18090498,73337714,0.24667387369069071,0.2448785043300042,0.24846924305137724
01,000,,344018,1127781,0.30503971959094894,0.2980751937131647,0.3120042454687332
01,001,,3109,14025,0.22167557932263815,0.17085138298675778,0.2724997756585185
01,003,,9306,52110,0.1785837651122625,0.15394449813404,0.20322303209048503
01,005,,2546,5090,0.500196463654224,0.42860613573609296,0.571786791572355
01,007,,1514,4413,0.3430772716972581,0.2622426232939298,0.4239119201005864
01,009,,3247,13732,0.23645499563064376,0.18521102718108792,0.2876989640801996
01,011,,1385,2068,0.6697292069632496,0.5370998030766623,0.8023586108498368
01,013,,1863,4112,0.45306420233463035,0.3870154406370355,0.5191129640322252
01,015,,9190,24726,0.3716735420205452,0.3230989042528332,0.4202481797882572
01,017,,2766,7147,0.3870155309920246,0.29709715705053485,0.4769339049335144
01,019,,1149,4701,0.24441608168474793,0.18026950137551134,0.3085626619939845
01,021,,2156,11069,0.19477820941367785,0.14169556720678358,0.24786085162057211
01,023,,776,2443,0.3176422431436758,0.23026245194229272,0.40502203434505885
01,025,,1877,4850,0.3870103092783505,0.3028284684640286,0.4711921500926724
01,027,,659,2974,0.22158708809683927,0.14260063148187602,0.30057354471180253
01,029,,1060,3387,0.3129613227044582,0.18848822538172855,0.43743442002718785
01,031,,4077,13210,0.3086298258894777,0.25686569790325003,0.36039395387570533
01,033,,4197,12364,0.3394532513749596,0.2793757342994072,0.39953076845051194
01,035,,1094,2261,0.4838567005749668,0.3311250753934914,0.6365883257564422
01,037,,834,1795,0.4646239554317549,0.280249097536992,0.6489988133265178
01,039,,2787,8345,0.33397243858597964,0.26646685162924866,0.4014780255427106
01,041,,804,2987,0.26916638767994644,0.18726042692675954,0.35107234843313334
01,043,,4453,20277,0.2196084233367855,0.18112271383135764,0.2580941328422134
01,045,,3744,11561,0.3238474180434219,0.28429170627177414,0.3634031298150696
01,047,,5052,8637,0.5849253212921153,0.49934172794561454,0.6705089146386161
01,049,,3560,17351,0.20517549420782663,0.16269714573709243,0.24765384267856083
01,051,,5069,19304,0.2625880646498135,0.21587930047754494,0.30929682882208204
01,053,,2684,8302,0.3232955914237533,0.2473773456714528,0.3992138371760538
01,055,,7317,22491,0.32533013205282113,0.2831990127180783,0.36746125138756397
01,057,,954,3410,0.27976539589442817,0.21301321510338667,0.3465175766854697
01,059,,1644,8050,0.20422360248447205,0.14728742564643516,0.26115977932250894
01,061,,1691,5905,0.28636748518204913,0.19921365882825287,0.3735213115358454
01,063,,1162,1602,0.7253433208489388,0.5307184435932168,0.9199681981046608
01,065,,1633,3584,0.4556361607142857,0.31562058999374487,0.5956517314348265
01,067,,1345,3597,0.37392271337225463,0.29067705253992354,0.4571683742045857
01,069,,8442,24678,0.34208606856309265,0.31473285227445436,0.36943928485173094
01,071,,3052,11014,0.2771018703468313,0.2331648202907483,0.3210389204029143
01,073,,52386,152823,0.3427887163581398,0.3202043191989868,0.3653731135172928
01,075,,779,3030,0.2570957095709571,0.18177542656790213,0.3324159925740121
01,077,,4739,18538,0.2556370698025677,0.21174478014175477,0.29952935946338055
01,079,,1393,7240,0.19240331491712706,0.1315396392191873,0.2532669906150668
01,081,,9067,37899,0.23924114092720125,0.20630086980580983,0.2721814120485927
01,083,,4264,24641,0.17304492512479203,0.1256777885786844,0.22041206167089966
01,085,,1422,2158,0.6589434661723819,0.5606350472090045,0.7572518851357593
01,087,,1882,2833,0.6643134486410166,0.5763442634200301,0.7522826338620031
01,089,,21749,87637,0.24817143443979142,0.2273082922575625,0.26903457662202035
01,091,,1993,4154,0.47977852672123256,0.3919230627167859,0.5676339907256792
01,093,,1376,6153,0.22363074922801884,0.1546416328258216,0.2926198656302161
01,095,,7181,25915,0.2770982056723905,0.2274449096351122,0.3267515017096688
01,097,,34557,95798,0.36072778137330636,0.3349252843117018,0.3865302784349109
01,099,,1619,4101,0.3947817605462082,0.2648938645311216,0.5246696565612948
01,101,,24983,54260,0.46043125691116843,0.42301912003251096,0.4978433937898259
01,103,,7735,28853,0.26808304162478774,0.2230803165167173,0.3130857667328582
01,105,,1065,1709,0.6231714452896431,0.4678329588212111,0.778509931758075
01,107,,1760,3584,0.49107142857142855,0.4136825944896297,0.5684602626532274
01,109,,2736,6353,0.4306626790492681,0.36238459840715764,0.4989407596913785
01,111,,1357,4699,0.28878484783996594,0.20632552930540385,0.37124416637452806
01,113,,5036,14291,0.3523896158421384,0.26758833129951887,0.43719090038475794
01,115,,4889,20913,0.233778032802563,0.1893326772300356,0.2782233883750904
01,117,,9150,52298,0.17495888944127883,0.15132971070487639,0.19858806817768127
01,119,,1264,2293,0.55124291321413,0.46758386573920907,0.6349019606890509
01,121,,5801,16516,0.3512351658997336,0.3056483016406985,0.39682203015876866
01,123,,3262,8142,0.400638663718988,0.3206979635710769,0.4805793638668991
01,125,,14633,48406,0.3022972358798496,0.2714789009915159,0.33311557076818327
01,127,,4197,14829,0.28302650212421604,0.23800884118962942,0.32804416305880263
01,129,,881,3029,0.290855067679102,0.18368580485915043,0.3980243304990536
01,131,,1541,2247,0.6858032932799288,0.5592330726894374,0.8123735138704202
01,133,,1123,4867,0.23073762071091022,0.1616330843050639,0.29984215711675655
02,000,,37424,176529,0.21199916161084015,0.19882698590389034,0.22517133731778996
02,013,,89,488,0.18237704918032788,0.1208095776657804,0.24394452069487535
02,016,,51,481,0.10602910602910603,0.048060540505840965,0.1639976715523711
02,020,,16131,67663,0.2384020809009355,0.21017341280566018,0.26663074899621086
02,050,,1760,6356,0.27690371302706107,0.2365698164053672,0.3172376096487549
02,060,,13,137,0.0948905109489051,0.03697133493737394,0.1528096869604363
02,063,,236,1433,0.16468946266573622,0.07391153934863527,0.2554673859828372
02,066,,220,690,0.3188405797101449,0.14841659581070923,0.4892645636095806
02,068,,11,288,0.03819444444444445,0,0.10175157587415645
02,070,,484,1458,0.3319615912208505,0.25500245484348694,0.4089207275982141
02,090,,3611,22542,0.16018986780232455,0.1246832799624949,0.1956964556421542
02,100,,35,462,0.07575757575757576,7.021843238743108e-4,0.1508129671912772
02,105,,75,394,0.19035532994923857,0.09997704526435651,0.2807336146341206
02,110,,1124,6438,0.17458838148493322,0.11710121651457682,0.2320755464552896
02,122,,2613,13258,0.19708855030924724,0.16035902586169268,0.2338180747568018
02,130,,567,2761,0.20536037667511772,0.14256334801298426,0.2681574053372512
02,150,,399,3024,0.13194444444444445,0.046326650089523275,0.21756223879936562
02,158,,1086,3442,0.315514235909355,0.24696410844559058,0.38406436337311944
02,164,,45,235,0.19148936170212766,0.11342670202447347,0.26955202137978185
02,170,,4500,28948,0.15545115379300814,0.13495351314396403,0.17594879444205225
02,180,,965,3320,0.29066265060240964,0.24570692321961832,0.33561837798520094
02,185,,1019,2778,0.3668106551475882,0.27549128920945,0.4581300210857264
02,188,,828,2772,0.2987012987012987,0.25162760123174593,0.34577499617085145
02,195,,77,633,0.12164296998420221,0.07096922579285475,0.17231671417554967
02,198,,229,1206,0.18988391376451078,0.140991182313952,0.23877664521506956
02,220,,417,1583,0.2634238787113076,0.1772793921061189,0.3495683653164964
02,230,,7,205,0.03414634146341464,0,0.10804035544601723
02,240,,235,1703,0.13799177921315325,0.06328950650989744,0.21269405191640905
02,275,,117,406,0.2881773399014778,0.15951567821887522,0.4168390015840804
02,282,,5,58,0.08620689655172414,0,0.19214176202191785
02,290,,475,1367,0.3474762253108998,0.2566106292027052,0.43834182141909434
04,000,,396652,1590601,0.2493724070335678,0.24321520184058823,0.2555296122265474
04,001,,7053,16906,0.41718916361055247,0.37252044229830195,0.461857884922803
04,003,,7109,25793,0.27561741557786995,0.24068850553223223,0.3105463256235077
04,005,,7932,28126,0.28201663940837657,0.24118142190088993,0.3228518569158632
04,007,,2447,9869,0.2479481203769379,0.1760245754676359,0.3198716652862399
04,009,,2646,10117,0.2615399822081645,0.20663740885765752,0.31644255555867146
04,011,,769,2396,0.3209515859766277,0.18179816991199452,0.4601050020412609
04,012,,970,2487,0.3900281463610776,0.2764708921842673,0.5035854005378878
04,013,,244214,1021950,0.23896863838739665,0.23077044563379176,0.24716683114100155
04,015,,10131,35574,0.2847866419294991,0.24621397447324495,0.32335930938575325
04,017,,8394,27304,0.3074274831526516,0.27229233250168877,0.34256263380361446
04,019,,56940,207041,0.2750179916055274,0.2566287250065365,0.29340725820451835
04,021,,21199,100780,0.21034927564993053,0.18737034110430784,0.23332821019555322
04,023,,4201,12602,0.33335978416124423,0.2680085801922186,0.39871098813026984
04,025,,8083,37677,0.2145340658757332,0.17681853750001467,0.2522495942514517
04,027,,14564,51979,0.28019007676176916,0.24474515646443393,0.3156349970591044
05,000,,193871,702992,0.27577980972756444,0.26767588131468295,0.28388373814044593
05,001,,1268,3810,0.33280839895013126,0.27351446029914356,0.39210233760111896
05,003,,1018,4122,0.24696749150897623,0.16543814766652076,0.3284968353514317
05,005,,1671,7501,0.22277029729369419,0.15073451456349468,0.2948060800238937
05,007,,14012,77166,0.18158256226835653,0.15644439129343968,0.2067207332432734
05,009,,1148,8525,0.13466275659824048,0.08416134816946247,0.1851641650270185
05,011,,1025,2503,0.40950858969236914,0.3095103641661567,0.5095068152185815
05,013,,131,903,0.1450719822812846,0.05166959841837501,0.23847436614419418
05,015,,1009,6204,0.16263700838168924,0.09519160790053521,0.23008240886284326
05,017,,984,2102,0.4681255946717412,0.3292483374653845,0.6070028518780979
05,019,,1468,4230,0.3470449172576832,0.25692686369713685,0.4371629708182296
05,021,,853,3057,0.27903173045469415,0.1680481489208387,0.3900153119885496
05,023,,1106,4813,0.2297943070849782,0.15667735095644136,0.302911263213515
05,025,,496,1595,0.3109717868338558,0.19959852416101653,0.42234504950669505
05,027,,1753,4757,0.36850956485179737,0.2950014233330186,0.44201770637057614
05,029,,1176,4741,0.24804893482387683,0.16623583036437892,0.32986203928337476
05,031,,8920,28501,0.3129714746850988,0.27032562676517546,0.3556173226050221
05,033,,3869,14630,0.2644565960355434,0.1936969901226565,0.33521620194843027
05,035,,6851,12746,0.5375019613996548,0.4852252905877329,0.5897786322115767
05,037,,1219,3925,0.31057324840764333,0.21934550950211978,0.4018009873131669
05,039,,486,1129,0.4304694419840567,0.2822156449637776,0.5787232390043358
05,041,,1484,2686,0.552494415487714,0.4317157915421176,0.6732730394333105
05,043,,1163,3668,0.31706652126499457,0.18360943334756158,0.45052360918242756
05,045,,6059,28843,0.21006830080088756,0.17133014206986194,0.2488064595319132
05,047,,552,3806,0.14503415659485025,0.07032864141368335,0.21973967177601716
05,049,,535,2541,0.21054702872884692,0.10190218341292902,0.31919187404476485
05,051,,6793,19730,0.3442980233147491,0.2938260882047755,0.39476995842472273
05,053,,1042,3847,0.2708604107096439,0.1661428563931473,0.3755779650261405
05,055,,2661,11104,0.23964337175792508,0.17964495733454489,0.29964178618130527
05,057,,1280,4905,0.2609582059123344,0.1724694243602739,0.34944698746439484
05,059,,1129,6539,0.17265636947545496,0.11778530966738956,0.22752742928352035
05,061,,1173,3234,0.362708719851577,0.2542995034895093,0.4711179362136447
05,063,,1624,9232,0.17590987868284227,0.10860047538309588,0.2432192819825887
05,065,,580,2490,0.23293172690763053,0.1427644823185665,0.32309897149669453
05,067,,1014,3336,0.3039568345323741,0.2210891766473806,0.3868244924173676
05,069,,6156,13874,0.44370765460573736,0.3758159752480936,0.5115993339633811
05,071,,1560,6299,0.24765835846959836,0.18202160774682832,0.31329510919236836
05,073,,256,1114,0.22980251346499103,0.12993399527115312,0.32967103165882894
05,075,,996,3618,0.2752902155887231,0.19832245866248932,0.35225797251495683
05,077,,834,1573,0.5301970756516211,0.3786621512338134,0.6817320000694288
05,079,,653,2038,0.32041216879293427,0.23006088374700323,0.4107634538388653
05,081,,1065,2589,0.41135573580533025,0.30644272847866316,0.5162687431319973
05,083,,1173,4590,0.25555555555555554,0.1844419413316548,0.32666916977945626
05,085,,4612,18574,0.24830408097340367,0.20598820868728354,0.2906199532595238
05,087,,1146,3923,0.2921233749681366,0.19694862439086752,0.3872981255454057
05,089,,558,3197,0.17453862996559275,0.10406419406835378,0.24501306586283172
05,091,,4315,9792,0.4406658496732026,0.37298989485125067,0.5083418044951545
05,093,,3630,10113,0.3589439335508751,0.29139422142494126,0.426493645676809
05,095,,625,1552,0.4027061855670103,0.2363504723846686,0.5690618987493521
05,097,,517,1586,0.32597730138713743,0.19479020522459614,0.45716439754967875
05,099,,879,1807,0.4864416159380188,0.3659419102960638,0.6069413215799738
05,101,,296,1318,0.22458270106221548,0.06238624997842296,0.386779152146008
05,103,,1866,4909,0.38011815033611734,0.3178404715324054,0.4423958291398293
05,105,,465,2170,0.21428571428571427,0.10526335309318446,0.3233080754782441
05,107,,2609,4051,0.6440385090101209,0.5588069002577442,0.7292701177624977
05,109,,386,2253,0.17132711939636042,0.0908682795940573,0.25178595919866353
05,111,,1487,5439,0.27339584482441626,0.1942217402058321,0.3525699494430004
05,113,,790,4216,0.18738140417457305,0.11475938502406671,0.2600034233250794
05,115,,3083,14815,0.2080998987512656,0.15764195576570572,0.2585578417368255
05,117,,264,1660,0.15903614457831325,0.07352687403359613,0.24454541512303035
05,119,,34466,92958,0.37076959487080186,0.3399066508371711,0.4016325389044326
05,121,,981,4556,0.2153204565408253,0.14045291992184822,0.29018799315980237
05,123,,2423,4698,0.5157513835674755,0.4009888782147622,0.6305138889201889
05,125,,5706,29613,0.1926856448181542,0.15684209672573762,0.22852919291057078
05,127,,634,2218,0.28584310189359785,0.16804877290463208,0.40363743088256365
05,129,,316,1594,0.19824341279799249,0.11111027922053235,0.2853765463754526
05,131,,6239,30479,0.20469831687391318,0.17073654317984238,0.23866009056798398
05,133,,1143,4456,0.25650807899461403,0.1711902340876204,0.34182592390160765
05,135,,649,3620,0.1792817679558011,0.11768532951359052,0.24087820639801172
05,137,,919,2471,0.37191420477539455,0.18292977592889179,0.5608986336218973
05,139,,2878,8984,0.3203472840605521,0.24668454244990384,0.3940100256712003
05,141,,747,3027,0.24677898909811694,0.15665887047397775,0.3368991077222561
05,143,,12894,60222,0.21410780113579755,0.18525094649116314,0.24296465578043197
05,145,,4811,17976,0.26763462394303517,0.21549574119779252,0.3197735066882778
05,147,,355,1303,0.2724481964696853,0.15770828832365766,0.38718810461571296
05,149,,937,4826,0.19415665147119768,0.13061259867275715,0.2577007042696382
06,000,,1951062,8616233,0.2264402552716483,0.22404147658648493,0.22883903395681165
06,001,,62156,325492,0.19096014648593515,0.18108046201491104,0.20083983095695926
06,003,,71,321,0.22118380062305296,0.13336180433298594,0.30900579691311997
06,005,,1240,6271,0.1977356083559241,0.12539215025776052,0.2700790664540877
06,007,,9819,42256,0.23236936766376373,0.20510561661565913,0.25963311871186834
06,009,,1460,7783,0.18758833354747526,0.13268260793246525,0.24249405916248526
06,011,,1516,5905,0.256731583403895,0.18040342212157426,0.3330597446862158
06,013,,46502,255624,0.18191562607579884,0.17033605450065367,0.193495197650944
06,015,,1400,5647,0.24791924915884542,0.16466888799124546,0.3311696103264454
06,017,,5655,37558,0.15056712284999202,0.12546171884912471,0.17567252685085932
06,019,,77995,281863,0.2767124454078755,0.26093380211734013,0.29249108869841084
06,021,,1476,7619,0.19372621078881744,0.12506820432361088,0.262384217254024
06,023,,6668,25241,0.2641733687254863,0.215354701349168,0.3129920361018046
06,025,,15795,50959,0.3099550619125179,0.2638947309757146,0.35601539284932127
06,027,,1131,3781,0.29912721502248085,0.2058343158057205,0.39242011423924117
06,029,,70311,261148,0.26923813316586764,0.2529233038619863,0.285552962469749
06,031,,9806,41082,0.2386933450172825,0.2053724250213289,0.2720142650132361
06,033,,3912,14912,0.2623390557939914,0.2016729591117061,0.32300515247627676
06,035,,1339,5594,0.23936360386127994,0.1793934473487917,0.2993337603737682
06,037,,522612,2015271,0.25932591696104396,0.2543213347046518,0.2643304992174361
06,039,,11432,43595,0.2622319073288221,0.2218187228618807,0.30264509179576354
06,041,,8134,49843,0.16319242421202576,0.14067101450415587,0.18571383391989565
06,043,,585,2900,0.20172413793103447,0.11287622274622788,0.29057205311584106
06,045,,5403,18845,0.2867073494295569,0.23352523477541642,0.33988946408369736
06,047,,23276,83214,0.2797125483692648,0.2530432056669294,0.3063818910716002
06,049,,287,1635,0.17553516819571865,0.09363390416223417,0.25743643222920315
06,051,,244,2329,0.10476599398883642,0.024768061870439825,0.18476392610723302
06,053,,22851,111923,0.20416715063034407,0.18619162638538797,0.22214267487530018
06,055,,5585,26130,0.21373899732108687,0.17704440931434934,0.2504335853278244
06,057,,2909,17310,0.168053148469093,0.13073050724650154,0.20537578969168446
06,059,,121407,663701,0.1829242384748554,0.17507795417231203,0.19077052277739875
06,061,,12628,91202,0.13846187583605624,0.1240400647903736,0.15288368688173887
06,063,,1041,3336,0.3120503597122302,0.19531677198845754,0.4287839474360029
06,065,,130352,596725,0.21844568268465372,0.20922903934072246,0.227662326028585
06,067,,85861,363938,0.23592205265732075,0.22399514957312877,0.24784895574151272
06,069,,3110,17007,0.18286587875580643,0.13928083242792744,0.22645092508368542
06,071,,143624,559819,0.2565543506026055,0.24765180577541698,0.26545689542979406
06,073,,142829,686042,0.20819279286107847,0.19991830316211126,0.2164672825600457
06,075,,24683,113214,0.21802073948451606,0.2006544562857206,0.23538702268331152
06,077,,46873,208497,0.22481378628949097,0.21281403515830638,0.23681353742067557
06,079,,8476,49107,0.17260268393508055,0.1452715297213647,0.1999338381487964
06,081,,23693,144918,0.16349245780372348,0.14897729614452734,0.17800761946291963
06,083,,23654,98870,0.2392434509962577,0.21397756164301737,0.264509340349498
06,085,,63947,389448,0.16419907150633717,0.1550792795141901,0.17331886349848424
06,087,,11112,48495,0.22913702443550882,0.1954712844247064,0.26280276444631123
06,089,,8971,39036,0.22981350548211907,0.19495933414222663,0.26466767682201153
06,091,,29,397,0.07304785894206549,0,0.20176363007595705
06,093,,2425,8605,0.28181289947704824,0.21712484089956685,0.34650095805452963
06,095,,23244,98734,0.23542042254947637,0.2146926046437952,0.25614824045515755
06,097,,20612,92078,0.22385368926345056,0.20269397351138896,0.24501340501551216
06,099,,34570,147118,0.23498144346714883,0.21497848822590473,0.25498439870839296
06,101,,5697,24846,0.2292924414392659,0.18178884343297172,0.27679603944556
06,103,,3442,15597,0.2206834647688658,0.17199941351014175,0.26936751602758985
06,105,,771,2721,0.28335170893054024,0.12278745373366318,0.4439159641274173
06,107,,36244,142269,0.25475683388510495,0.23280353269646378,0.27671013507374614
06,109,,1747,9233,0.18921260695331962,0.13131506643926147,0.24711014746737778
06,111,,34069,182230,0.1869560445590737,0.17146469388896554,0.20244739522918184
06,113,,8960,44088,0.20322990382870623,0.16889733112293742,0.23756247653447504
06,115,,5421,22911,0.2366112347780542,0.19244713453031137,0.28077533502579705
08,000,,263257,1229109,0.21418523499543166,0.20763244107127718,0.22073802891958613
08,001,,31665,131744,0.24035250182171483,0.21694732875635514,0.2637576748870745
08,003,,1160,3929,0.2952405192160855,0.18280330313763776,0.40767773529453327
08,005,,34796,148842,0.23377810026739765,0.21629784879238562,0.2512583517424097
08,007,,418,2316,0.18048359240069084,0.10477632728096091,0.25619085752042076
08,009,,121,768,0.15755208333333334,0.0697991134727114,0.2453050531939553
08,011,,231,889,0.25984251968503935,0.13337930842720624,0.38630573094287246
08,013,,11999,57591,0.2083485266795159,0.18397901037916653,0.23271804297986526
08,014,,2194,15615,0.1405059237912264,0.10441538669769335,0.17659646088475944
08,015,,667,2801,0.23812923955730098,0.09635868572226283,0.37989979339233915
08,017,,57,380,0.15,0.028501564155401282,0.2714984358445987
08,019,,208,1349,0.1541882876204596,0.0610874737143588,0.24728910152656042
08,021,,170,1891,0.0898995240613432,0.04324263192727963,0.13655641619540676
08,023,,220,671,0.32786885245901637,0.19416249865466437,0.46157520626336834
08,025,,224,735,0.3047619047619048,0.17417183449044274,0.43535197503336687
08,027,,128,719,0.1780250347705146,0.08716989596507677,0.2688801735759524
08,029,,1792,6022,0.29757555629359017,0.2156574935074676,0.37949361907971274
08,031,,35093,129083,0.2718638395450989,0.2511383769827059,0.2925893021074919
08,033,,117,340,0.34411764705882353,0.007945011643228916,0.6802902824744181
08,035,,9768,88282,0.11064543168482817,0.09760904678571874,0.12368181658393759
08,037,,2133,11268,0.18929712460063897,0.1248769889327527,0.25371726026852526
08,039,,718,5919,0.12130427437067072,0.07582320273945209,0.16678534600188935
08,041,,36268,171540,0.21142590649411216,0.19221247477303466,0.23063933821518967
08,043,,1636,7905,0.20695762175838078,0.1401647288042512,0.27375051471251033
08,045,,2879,15318,0.187948818383601,0.13931566786244565,0.23658196890475636
08,047,,407,967,0.42088934850051707,0.14730760590817654,0.6944710910928575
08,049,,92,2535,0.03629191321499014,0,0.07555236196215215
08,051,,545,2604,0.20929339477726575,0.08865739441429427,0.3299293951402372
08,053,,12,186,0.06451612903225806,0,0.2036791371083162
08,055,,456,1088,0.41911764705882354,0.25704025489182925,0.5811950392258178
08,057,,78,232,0.33620689655172414,0,0.6783954841099912
08,059,,21873,106768,0.20486475348419003,0.1861460145949799,0.22358349237340017
08,061,,47,298,0.15771812080536912,0.05297590404725429,0.26246033756348397
08,063,,311,1835,0.16948228882833788,0.08765842248326434,0.2513061551734114
08,065,,222,1366,0.16251830161054173,0.056662358555433334,0.26837424466565013
08,067,,1702,9806,0.1735672037528044,0.13494006971471526,0.21219433779089356
08,069,,12511,67176,0.18624211027748006,0.16221768391339264,0.21026653664156747
08,071,,708,2591,0.2732535700501737,0.191409112734384,0.3550980273659634
08,073,,181,964,0.18775933609958506,0.09309963911599783,0.2824190330831723
08,075,,925,3740,0.24732620320855614,0.1688158261749695,0.3258365802421428
08,077,,7171,32366,0.22155966137304578,0.1818135550644826,0.26130576768160896
08,079,,5,86,0.05813953488372093,0,0.2777274951628562
08,081,,713,3197,0.22302158273381295,0.10997669318124798,0.3360664722863779
08,083,,1638,5430,0.30165745856353593,0.20093922039432244,0.4023756967327494
08,085,,2316,8771,0.26405198951088815,0.17907082802704982,0.3490331509947265
08,087,,1706,7346,0.23223523005717397,0.1477224872871714,0.31674797282717654
08,089,,1519,4210,0.36080760095011877,0.2506263319757033,0.47098886992453426
08,091,,97,639,0.15179968701095461,0.07216025421714725,0.23143911980476198
08,093,,533,2551,0.20893767150137202,0.09416794434872315,0.3237073986540209
08,095,,143,1145,0.12489082969432315,0.02449824204350548,0.22528341734514082
08,097,,439,2466,0.17802108678021086,0.08083375733339383,0.2752084162270279
08,099,,775,3098,0.250161394448031,0.13530989027052148,0.3650128986255405
08,101,,11927,36786,0.32422660794867614,0.28110060922967933,0.36735260666767294
08,103,,191,1589,0.12020138451856513,0.03515046400484283,0.20525230503228742
08,105,,492,2274,0.21635883905013192,0.11976052313086742,0.3129571549693964
08,107,,612,4260,0.14366197183098592,0.08901509457254325,0.19830884908942858
08,109,,340,1174,0.28960817717206133,0.10044688988503647,0.4787694644590862
08,111,,19,93,0.20430107526881722,0,0.4275910304841453
08,113,,152,1065,0.14272300469483568,0.07644803751109051,0.20899797187858082
08,115,,64,510,0.12549019607843137,0.0283666001522649,0.22261379200459785
08,117,,1100,5046,0.2179944510503369,0.09170962988131812,0.3442792722193557
08,119,,349,3889,0.08974029313448187,0.042200675556138594,0.13727991071282514
08,121,,204,1071,0.19047619047619047,0.11500359154773093,0.26594878940465
08,123,,15819,89198,0.17734702571806543,0.15520192848330344,0.19949212295282742
08,125,,201,2776,0.07240634005763688,0,0.1470532300445459
09,000,,182713,729899,0.2503264150245445,0.24204949211866958,0.25860333793041945
09,001,U,,,,,
09,003,U,,,,,
09,005,U,,,,,
09,007,U,,,,,
09,009,U,,,,,
09,011,U,,,,,
09,013,U,,,,,
09,015,U,,,,,
09,110,A,53119,196574,0.2702239360240927,0.25449030948570295,0.2859575625624825
09,120,A,18297,72621,0.2519519147354071,0.22593587978264215,0.2779679496881721
09,130,A,4873,29281,0.1664219118199515,0.13341787740625582,0.19942594623364718
09,140,A,24797,91835,0.27001687809658625,0.24810224629836808,0.29193150989480443
09,150,A,4093,17717,0.23102105322571542,0.18461779822621016,0.2774243082252207
09,160,A,4323,20145,0.21459419210722264,0.17708563055523777,0.25210275365920753
09,170,A,32414,111348,0.2911053633653052,0.2688092392357914,0.31340148749481894
09,180,A,15242,54025,0.2821286441462286,0.2540868584955204,0.3101704297969369
09,190,A,25555,136353,0.18741795193358415,0.17035950835837319,0.20447639550879512
10,000,,61932,211134,0.2933303020830373,0.2740054666267488,0.3126551375393258
10,001,,12263,42577,0.2880193531719003,0.25221023640737905,0.32382846993642156
10,003,,36879,122334,0.30146157241649907,0.27642473627886255,0.3264984085541356
10,005,,12790,46223,0.27670207472470415,0.2347713081954167,0.3186328412539916
11,000,,57329,126811,0.45208223261388997,0.4257902202582512,0.47837424496952874
11,001,,57329,126811,0.45208223261388997,0.4257902202582512,0.47837424496952874
12,000,,1171991,4366148,0.2684267688589576,0.2643188144315084,0.2725347232864068
12,001,,15672,50408,0.3109030312648786,0.27296660140954643,0.3488394611202108
12,003,,1281,6889,0.18594861373203658,0.08717187043008047,0.2847253570339927
12,005,,10555,39319,0.26844528090744935,0.23337360220440284,0.30351695961049585
12,007,,1380,5715,0.24146981627296588,0.14485361936833593,0.3380860131775958
12,009,,27263,114072,0.2389981765902237,0.21547919218690575,0.26251716099354167
12,011,,123151,409639,0.30063299636997454,0.28763663746938656,0.3136293552705625
12,013,,749,2668,0.28073463268365817,0.18109293010455077,0.3803763352627656
12,015,,5311,23611,0.22493752911778409,0.19076966339475657,0.25910539484081163
12,017,,6646,23853,0.2786232339747621,0.23218965718551507,0.32505681076400905
12,019,,10005,51968,0.19252232142857142,0.1628598183019344,0.22218482455520844
12,021,,15645,64856,0.24122671765141235,0.2121649162335981,0.2702885190692266
12,023,,4676,15903,0.29403257247060305,0.23512941090668205,0.35293573403452405
12,027,,2300,6309,0.36455856712632745,0.2819352321242747,0.4471819021283802
12,029,,642,3054,0.21021611001964635,0.10574258864232201,0.3146896313969707
12,031,,75982,228592,0.3323913347798698,0.31290038880041876,0.3518822807593209
12,033,,21764,67795,0.3210266243823291,0.2914916019253366,0.3505616468393216
12,035,,4967,20330,0.24431874077717658,0.19969557975821356,0.2889419017961396
12,037,,450,1938,0.23219814241486067,0.13044623370326694,0.3339500511264544
12,039,,4131,9596,0.43049187161317215,0.3603706293148046,0.5006131139115397
12,041,,687,3922,0.17516573176950537,0.11366419014616873,0.236667273392842
12,043,,605,1662,0.36401925391095064,0.20767762682498575,0.5203608809969156
12,045,,412,2281,0.18062253397632616,0.10049801020002086,0.26074705775263146
12,047,,914,2786,0.3280689160086145,0.21019967775797382,0.44593815425925515
12,049,,2350,6265,0.3750997605746209,0.2542997378450009,0.49589978330424095
12,051,,2915,10572,0.27572833900870225,0.1983854590509863,0.3530712189664182
12,053,,9304,38311,0.24285453264075593,0.2071093519456563,0.27859971333585554
12,055,,4157,17609,0.2360724629450849,0.19198895573224486,0.2801559701579249
12,057,,86099,328441,0.2621444947494375,0.24898394129540574,0.2753050482034693
12,059,,1201,3967,0.3027476682631712,0.18551432727039532,0.41998100925594706
12,061,,7341,25041,0.2931592188810351,0.2381943645738964,0.34812407318817373
12,063,,3467,9089,0.3814501045219496,0.31624604580226845,0.44665416324163076
12,065,,1075,2589,0.4152182309772113,0.2897007167392516,0.540735745215171
12,067,,263,1394,0.18866571018651362,0.07724057021333865,0.3000908501596886
12,069,,16373,78356,0.2089565572515187,0.1800760038989619,0.23783711060407553
12,071,,32568,140005,0.23262026356201565,0.21244121760675128,0.25279930951728
12,073,,19270,54654,0.35258169575877335,0.32074998588490233,0.38441340563264437
12,075,,2526,8799,0.2870780770542107,0.22727782010844158,0.3468783339999798
12,077,,413,1483,0.2784895482130816,0.1586480286468297,0.39833106777933347
12,079,,1282,3178,0.40339836375078664,0.29224567557705966,0.5145510519245136
12,081,,18531,75003,0.2470701171953122,0.21884547491117795,0.2752947594794464
12,083,,21399,74928,0.2855941704035874,0.24924827226256252,0.3219400685446123
12,085,,4875,26103,0.1867601425123549,0.1427416832040954,0.2307786018206144
12,086,,158029,547408,0.28868595270803493,0.2772225523187527,0.30014935309731716
12,087,,2613,12760,0.2047805642633229,0.14858969947660125,0.26097142905004456
12,089,,4439,18906,0.23479318734793186,0.17725395491836735,0.29233241977749636
12,091,,11914,48847,0.24390443630110345,0.21100714852856006,0.27680172407364684
12,093,,2344,8597,0.27265325113411654,0.20631460747990196,0.33899189478833114
12,095,,77427,313811,0.24673131279655588,0.23167234453773441,0.2617902810553774
12,097,,25924,102004,0.254146896200149,0.22257959436758412,0.2857141980327139
12,099,,77457,288670,0.26832369141233936,0.2537429291171342,0.2829044537075445
12,101,,28976,123680,0.23428201811125485,0.21213691248413544,0.25642712373837423
12,103,,45486,148368,0.3065755418958266,0.2879809271698742,0.32517015662177895
12,105,,43808,173751,0.2521309229874936,0.23350415713419292,0.2707576888407943
12,107,,5341,15912,0.3356586224233283,0.27566121885654826,0.3956560259901083
12,109,,8825,66059,0.13359269743713953,0.10810604181901418,0.15907935305526488
12,111,,21798,70815,0.30781614064816776,0.2733477906079363,0.3422844906883992
12,113,,6966,43205,0.1612313389653975,0.13335624896267562,0.1891064289681194
12,115,,13843,64163,0.2157473933575425,0.18977740113513158,0.24171738557995343
12,117,,21470,98809,0.2172878988756085,0.19502277105789403,0.23955302669332298
12,119,,3177,10080,0.3151785714285714,0.22612975959930387,0.40422738325783897
12,121,,2810,9454,0.29722868627036175,0.21099624470025302,0.3834611278404705
12,123,,1825,4365,0.41809851088201605,0.2673940716444678,0.5688029501195643
12,125,,655,3376,0.19401658767772512,0.11954686897833777,0.26848630637711246
12,127,,29641,100430,0.29514089415513295,0.2669853020233235,0.3232964862869424
12,129,,1263,7314,0.1726825266611977,0.10063657520671718,0.24472847811567824
12,131,,3838,17301,0.2218368880411537,0.17348620249912183,0.27018757358318557
12,133,,1525,5110,0.2984344422700587,0.1957316342277584,0.40113725031235903
13,000,,758551,2536848,0.2990131848656285,0.2931978481785855,0.3048285215526715
13,001,,1548,4466,0.3466188983430363,0.21154984033815918,0.4816879563479134
13,003,,489,2110,0.23175355450236967,0.10686751219778412,0.35663959680695523
13,005,,941,2792,0.33703438395415475,0.20983162510079162,0.4642371428075179
13,007,,160,447,0.3579418344519016,0.13178045188047494,0.5841032170233282
13,009,,3610,7904,0.4567307692307692,0.3611746221785217,0.5522869162830167
13,011,,750,4117,0.18217148409035705,0.10667458267753249,0.2576683855031816
13,013,,5581,22583,0.24713279900810345,0.203127022861691,0.2911385751545159
13,015,,5095,26267,0.19396961967487722,0.15350384336696257,0.23443539598279187
13,017,,1682,4176,0.4027777777777778,0.2621415974975655,0.5434139580579901
13,019,,1003,4289,0.2338540452319888,0.15647886302433284,0.31122922743964476
13,021,,17613,38074,0.46259914902558175,0.41432661883225363,0.5108716792189099
13,023,,852,2478,0.34382566585956414,0.21251795063365722,0.4751333810854711
13,025,,722,3834,0.1883150756390193,0.07469069124196696,0.30193946003607164
13,027,,1619,3258,0.4969306322897483,0.3850684997938204,0.6087927647856762
13,029,,2926,14061,0.20809330773060236,0.1492109933461002,0.26697562211510456
13,031,,5593,16531,0.33833403907809567,0.26961937261077495,0.4070487055454164
13,033,,2037,6000,0.3395,0.2343844891012499,0.4446155108987502
13,035,,1879,5443,0.345214036376998,0.23733618321614752,0.45309188953784846
13,037,,436,838,0.5202863961813843,0.3872089305657017,0.6533638617970668
13,039,,3687,13690,0.26932067202337473,0.22401707143826322,0.31462427260848624
13,043,,522,2734,0.19092904169714703,0.08680417136912423,0.29505391202516984
13,045,,8151,29491,0.2763894069377098,0.23556254153937728,0.3172162723360423
13,047,,4010,15044,0.2665514490826908,0.2137188025869719,0.3193840955784097
13,049,,702,2545,0.27583497053045186,0.15956747417620176,0.39210246688470196
13,051,,24654,61958,0.3979147164208012,0.36748229262244936,0.428347140219153
13,053,,272,1304,0.2085889570552147,0.10549877096519024,0.3116791431452392
13,055,,1990,5501,0.3617524086529722,0.26467895250458773,0.4588258648013567
13,057,,12085,63932,0.18902896827879623,0.15865931842351044,0.219398618134082
13,059,,8202,21634,0.379125450679486,0.3199987125504321,0.4382521888085399
13,061,,331,562,0.5889679715302492,0.35500795190455964,0.8229279911559386
13,063,,38232,80020,0.4777805548612847,0.44130680075145184,0.5142543089711176
13,065,,318,1676,0.18973747016706444,0.04186181748216086,0.337613122851968
13,067,,39133,174766,0.22391655127427532,0.20514704159635155,0.24268606095219908
13,069,,4071,10640,0.38261278195488724,0.322376815641661,0.4428487482681135
13,071,,5150,11824,0.43555480378890393,0.37270717634405437,0.4984024312337535
13,073,,9115,40351,0.2258927907610716,0.1900623569389715,0.2617232245831717
13,075,,1155,4458,0.2590847913862719,0.16513593284737144,0.35303364992517233
13,077,,7942,35231,0.22542647100564844,0.19189654159542496,0.2589564004158719
13,079,,894,2546,0.3511390416339356,0.19995560457844408,0.5023224786894271
13,081,,2590,4644,0.55770887166236,0.43084179547384527,0.6845759478508748
13,083,,583,3221,0.18099968953741075,0.10190919674840836,0.2600901823264131
13,085,,1181,6177,0.19119313582645298,0.09297462368196556,0.2894116479709404
13,087,,2870,7061,0.406458008780626,0.2968038672258145,0.5161121503354374
13,089,,57939,173686,0.33358474488444667,0.3138738643158725,0.35329562545302085
13,091,,1402,3655,0.3835841313269494,0.27731389363398795,0.48985436901991086
13,093,,647,1697,0.3812610489098409,0.2481805539391531,0.5143415438805288
13,095,,11307,19988,0.5656894136481889,0.5130926554136254,0.6182861718827525
13,097,,11924,37328,0.3194384912130304,0.27290904221541,0.3659679402106508
13,099,,1173,2579,0.45482745250096934,0.33877777904390116,0.5708771259580375
13,101,,197,1123,0.17542297417631345,0.0483325521613725,0.3025133961912544
13,103,,3333,18251,0.1826201304038135,0.13871265219391227,0.22652760861371474
13,105,,1271,4380,0.2901826484018265,0.1963521802013002,0.3840131166023528
13,107,,1677,5711,0.29364384521099635,0.2212131865263573,0.3660745038956354
13,109,,735,2692,0.2730312035661218,0.15779979241805187,0.38826261471419177
13,111,,962,3985,0.24140526976160603,0.16910551734782678,0.3137050221753853
13,113,,5715,27496,0.20784841431480944,0.16488573139807072,0.25081109723154815
13,115,,6627,22499,0.2945464242855238,0.25004931513058054,0.33904353344046706
13,117,,8050,68678,0.11721366376423309,0.0995065637004731,0.13492076382799306
13,119,,1928,5349,0.36044120396335766,0.25184459391050895,0.46903781401620637
13,121,,79604,224111,0.3551989862166516,0.33569655581997665,0.3747014166133265
13,123,,834,5936,0.14049865229110511,0.09067893649399142,0.1903183680882188
13,125,,249,659,0.37784522003034904,0.1920191122803485,0.5636713277803496
13,127,,5366,17712,0.30295844625112917,0.24999665383539535,0.35592023866686295
13,129,,2809,13670,0.20548646671543527,0.15123693431193883,0.25973599911893175
13,131,,2173,6432,0.33784203980099503,0.25236533145319184,0.4233187481487982
13,133,,1343,3407,0.3941884355738186,0.29327099518259864,0.4951058759650386
13,135,,59907,255020,0.23491098737353933,0.21693718489746563,0.25288478984961305
13,137,,2092,10411,0.20094131207376814,0.15114471819607017,0.2507379059514661
13,139,,12006,50560,0.23746044303797467,0.2058148970957969,0.2691059889801524
13,141,,798,1188,0.6717171717171717,0.4807070713194832,0.8627272721148602
13,143,,1008,7410,0.1360323886639676,0.08319216393798659,0.18887261338994862
13,145,,1306,7693,0.16976472117509425,0.10598493949616308,0.23354450285402542
13,147,,1026,5477,0.18732882965126893,0.11135372395283256,0.2633039353497053
13,149,,617,2716,0.2271723122238586,0.16425793939283306,0.29008668505488416
13,151,,18099,62591,0.28916297870300844,0.25639058881322857,0.3219353685927883
13,153,,11817,43314,0.2728217204598975,0.2341091838497481,0.3115342570700469
13,155,,902,2107,0.42809682012339817,0.33071770595111855,0.5254759342956778
13,157,,2711,21266,0.12748048528167027,0.09353052005092499,0.16143045051241556
13,159,,1075,3719,0.289056197902662,0.2084468870048412,0.3696655088004828
13,161,,752,3813,0.1972200367164962,0.08763571602865795,0.3068043574043345
13,163,,1314,3462,0.37954939341421146,0.28491095121810495,0.47418783561031796
13,165,,599,1496,0.40040106951871657,0.20451568754846836,0.5962864514889648
13,167,,679,1633,0.41579914268218005,0.24264213814481136,0.5889561472195487
13,169,,1100,6525,0.1685823754789272,0.11488781500019912,0.2222769359576553
13,171,,1338,4000,0.3345,0.21909571483399623,0.4499042851660038
13,173,,687,2303,0.29830655666521927,0.19918480300781585,0.3974283103226227
13,175,,5056,12220,0.4137479541734861,0.3506693866504913,0.4768265216964809
13,177,,1994,8604,0.23175267317526732,0.14937328666078947,0.31413205968974517
13,179,,5651,18716,0.30193417396879674,0.24385727444336158,0.3600110734942319
13,181,,312,1472,0.21195652173913043,0.0873685688743358,0.33654447460392506
13,183,,1402,5072,0.27641955835962145,0.17688026878094126,0.37595884793830164
13,185,,10714,29406,0.36434741209277016,0.31588067357293936,0.41281415061260096
13,187,,712,5855,0.12160546541417591,0.07519870947442064,0.16801222135393118
13,189,,2301,5367,0.4287311347121297,0.3128780138068486,0.5445842556174108
13,191,,643,1663,0.3866506313890559,0.2883545976969349,0.48494666508117695
13,193,,1257,2135,0.5887587822014052,0.4998106107635645,0.6777069536392459
13,195,,1702,7365,0.23109300746775288,0.152669933174705,0.30951608176080075
13,197,,447,1519,0.29427254772876893,0.18418993428372615,0.4043551611738117
13,199,,1872,4335,0.4318339100346021,0.3371804682056504,0.5264873518635538
13,201,,548,1315,0.41673003802281366,0.2882682346569635,0.5451918413886638
13,205,,1934,4818,0.40141137401411375,0.30304410437366897,0.49977864365455854
13,207,,1035,6267,0.16515078985160364,0.105839517006069,0.22446206269713828
13,209,,427,1749,0.2441395082904517,0.16944030115396658,0.3188387154269368
13,211,,954,4661,0.20467710791675606,0.11277000228043696,0.2965842135530752
13,213,,2332,9547,0.24426521420341468,0.1853849279069723,0.30314550049985706
13,215,,22362,50677,0.44126526826765594,0.4007662323001715,0.4817643042351404
13,217,,10450,29838,0.3502245458810912,0.29311419336228145,0.40733489839990095
13,219,,966,11299,0.08549429153022392,0.05395446436507947,0.11703411869536837
13,221,,1243,3332,0.37304921968787513,0.2609921825652758,0.4851062568104745
13,223,,8107,45535,0.17803887119797956,0.14797330099911213,0.208104441396847
13,225,,2116,6070,0.3485996705107084,0.26080196350382145,0.43639737751759533
13,227,,1271,6543,0.19425340058077334,0.1112540386076348,0.27725276255391185
13,229,,1061,4980,0.21305220883534137,0.1390785908388953,0.28702582683178746
13,231,,1188,4612,0.2575888985255854,0.17577404320471343,0.3394037538464574
13,233,,2977,10954,0.2717728683585905,0.20407658936367812,0.33946914735350286
13,235,,769,1735,0.4432276657060519,0.23003924099101405,0.6564160904210897
13,237,,1373,4433,0.30972253552898715,0.18236249161689688,0.4370825794410774
13,239,,233,317,0.7350157728706624,0.36667762651739855,1
13,241,,738,2796,0.26394849785407726,0.18023764982547028,0.3476593458826842
13,243,,1087,1675,0.648955223880597,0.5118888793363903,0.7860215684248038
13,245,,24865,47029,0.5287163239703162,0.4822566421008624,0.57517600583977
13,247,,7469,22533,0.3314694004349177,0.27609067448986646,0.3868481263799689
13,249,,227,1112,0.20413669064748202,0.07751655777437885,0.3307568235205852
13,251,,1222,2911,0.41978701477155617,0.25715155253341815,0.5824224770096942
13,253,,811,1835,0.4419618528610354,0.2981026602686463,0.5858210454534245
13,255,,6712,16124,0.41627387744976435,0.3537149525472258,0.4788328023523029
13,257,,1540,5711,0.26965505165470144,0.2020588045317924,0.3372512987776105
13,259,,462,592,0.7804054054054054,0.5824832731090007,0.97832753770181
13,261,,3153,6460,0.48808049535603715,0.39408888074919246,0.5820721099628818
13,263,,543,946,0.5739957716701902,0.3711429123402692,0.7768486310001113
13,265,,116,291,0.39862542955326463,0.13266872286153025,0.6645821362449991
13,267,,1345,4869,0.2762374204148696,0.1996792752868468,0.3527955655428924
13,269,,730,1510,0.48344370860927155,0.35396596458791774,0.6129214526306254
13,271,,896,1900,0.47157894736842104,0.33001349036140326,0.6131444043754388
13,273,,1074,1952,0.5502049180327869,0.4218845531909331,0.6785252828746408
13,275,,4097,10733,0.38171992919034753,0.2913853665903233,0.47205449179037173
13,277,,3418,10222,0.33437683427900605,0.26493991562788105,0.40381375293013105
13,279,,1939,7062,0.27456811101670914,0.20730116405033577,0.3418350579830825
13,281,,562,1619,0.3471278567016677,0.19168944458468015,0.5025662688186552
13,283,,631,1388,0.4546109510086455,0.27746884976702635,0.6317530522502647
13,285,,6003,17147,0.35009039482125154,0.28637410489597465,0.41380668474652843
13,287,,1009,2239,0.45064761054041985,0.29135230017959945,0.6099429209012402
13,289,,280,1467,0.19086571233810498,0.0712940877824122,0.31043733689379777
13,291,,505,3921,0.12879367508288703,0.061403647669117156,0.1961837024966569
13,293,,1800,6397,0.28138189776457717,0.20901721127040007,0.35374658425875427
13,295,,3308,14537,0.22755726766182843,0.17002680988839358,0.2850877254352633
13,297,,4862,24684,0.19696969696969696,0.1571140976549452,0.23682529628444873
13,299,,4027,8923,0.45130561470357505,0.3760203525460717,0.5265908768610784
13,301,,421,1051,0.4005708848715509,0.2380031056270354,0.5631386641160664
13,303,,2135,4239,0.503656522764803,0.4318546871954248,0.5754583583341812
13,305,,2674,7387,0.3619872749424665,0.2847970807569537,0.43917746912797934
13,307,,92,339,0.2713864306784661,0,0.5543278904751421
13,309,,639,1154,0.5537261698440208,0.35895911371046807,0.7484932259775735
13,311,,1109,5542,0.20010826416456154,0.12067518632461721,0.27954134200450587
13,313,,7192,25692,0.27993149618558305,0.23496382657661988,0.32489916579454625
13,315,,637,1665,0.3825825825825826,0.2909580821530954,0.4742070830120698
13,317,,842,1924,0.4376299376299376,0.3171013918348453,0.5581584834250299
13,319,,708,1913,0.3700993204391009,0.2617821958475852,0.47841644503061653
13,321,,1788,4540,0.39383259911894275,0.3021876711807361,0.4854775270571494
15,000,,64926,297433,0.21828781607958767,0.20689915309681572,0.2296764790623596
15,001,,10388,42389,0.24506357781499918,0.21063729054984173,0.2794898650801566
15,003,,43441,204909,0.212001425022815,0.19788254643809688,0.2261203036075331
15,005,,0,0,,,
15,007,,3481,15636,0.22262727040163724,0.1754440385548205,0.269810502248454
15,009,,7616,34499,0.22076002202962405,0.18705312017877845,0.25446692388046965
16,000,,76428,465029,0.1643510404727447,0.1567291698956699,0.17197291104981952
16,001,,19502,114117,0.17089478342402972,0.1523466870156739,0.18944287983238556
16,003,,148,827,0.17896009673518742,0.04194905307452451,0.31597114039585034
16,005,,3987,22386,0.17810238541945858,0.14277959058328216,0.213425180255635
16,007,,267,1820,0.1467032967032967,0.07175474855929082,0.2216518448473026
16,009,,378,2227,0.16973506960035922,0.1222051480150535,0.21726499118566495
16,011,,2070,14454,0.1432129514321295,0.11057372460694577,0.17585217825731325
16,013,,1112,4781,0.23258732482744196,0.12967246081959632,0.3355021888352876
16,015,,199,1266,0.15718799368088468,0.08824781333148421,0.22612817403028515
16,017,,1464,9953,0.14709132924746307,0.10231281121762,0.19186984727730616
16,019,,6245,38579,0.16187563182042045,0.1293260722183789,0.19442519142246198
16,021,,297,3072,0.0966796875,0.04505323468898389,0.1483061403110161
16,023,,162,660,0.24545454545454545,0.11274446767615864,0.37816462323293226
16,025,,49,297,0.16498316498316498,0,0.370735943778042
16,027,,10262,66727,0.15379081930852578,0.13215472698539224,0.17542691163165933
16,029,,211,1886,0.11187698833510074,0.041293093861179506,0.18246088280902195
16,031,,1148,7879,0.1457037695138977,0.07995172743794227,0.21145581158985316
16,033,,32,242,0.1322314049586777,0.03492087305025132,0.22954193686710406
16,035,,250,1337,0.1869857890800299,0.11021818204145674,0.2637533961186031
16,037,,48,623,0.07704654895666131,0,0.20734211680988374
16,039,,1344,7073,0.19001837975399405,0.13201455263798537,0.24802220687000273
16,041,,489,4589,0.10655916321638702,0.04603096585911512,0.16708736057365892
16,043,,415,3229,0.12852276246515948,0.08131828206820976,0.1757272428621092
16,045,,772,4498,0.17163183637172078,0.08797555688457681,0.25528811585886474
16,047,,1017,4203,0.24197002141327623,0.1499213274937204,0.33401871533283206
16,049,,567,3456,0.1640625,0.08959849743746809,0.2385265025625319
16,051,,934,10724,0.08709436777321895,0.06080924520883742,0.11337949033760049
16,053,,1345,7461,0.18027074118750838,0.11263667233917776,0.247904810035839
16,055,,7049,40625,0.17351384615384616,0.1441545838795016,0.2028731084281907
16,057,,1269,7667,0.16551454284596323,0.11856585960625607,0.2124632260856704
16,059,,148,1394,0.10616929698708752,0.020339916571275846,0.1919986774028992
16,061,,150,808,0.18564356435643564,0.12036690160003533,0.25092022711283596
16,063,,114,1393,0.08183776022972003,0.04628071231454524,0.11739480814489482
16,065,,669,10986,0.060895685417804477,0.03589273267287563,0.08589863816273333
16,067,,1523,6260,0.24329073482428115,0.15918417858760225,0.32739729106096005
16,069,,1949,8933,0.21817978282771744,0.16286178836698845,0.27349777728844643
16,071,,101,1289,0.07835531419705198,0.014779372308366429,0.14193125608573753
16,073,,646,3008,0.21476063829787234,0.135780599731467,0.2937406768642777
16,075,,878,6793,0.12925069924922714,0.07423044826845102,0.18427095023000326
16,077,,327,2423,0.13495666529096162,0.026061156226227525,0.24385217435569573
16,079,,744,2857,0.26041302065103256,0.1708989688926832,0.3499270724093819
16,081,,203,2775,0.07315315315315316,0.024893399696055682,0.12141290661025063
16,083,,4970,24654,0.2015900056785917,0.1644349329777842,0.2387450783793992
16,085,,307,2324,0.1320998278829604,0.020686637279923453,0.24351301848599735
16,087,,667,2474,0.26960388035569927,0.17682051874427332,0.36238724196712524
17,000,,682228,2768229,0.246449264132411,0.24239059734680637,0.2505079309180156
17,001,,2974,14546,0.2044548329437646,0.16794935913863776,0.24096030674889143
17,003,,471,1040,0.4528846153846154,0.33236808073268514,0.5734011500365456
17,005,,399,2958,0.13488843813387424,0.07553256180033935,0.19424431446740914
17,007,,2663,12650,0.21051383399209486,0.14874332763770454,0.2722843403464852
17,009,,179,1028,0.17412451361867703,0.051627934251611246,0.2966210929857428
17,011,,1309,6794,0.19267000294377393,0.15062325237182272,0.23471675351572513
17,013,,98,861,0.11382113821138211,0.05865239088730895,0.16898988553545527
17,015,,373,2756,0.1353410740203193,0.08508230273345092,0.1855998453071877
17,017,,468,3119,0.15004809233728758,0.08258546671367956,0.2175107179608956
17,019,,10820,39758,0.2721464862417627,0.2327376570134313,0.3115553154700941
17,021,,1454,6473,0.22462536690869767,0.15997497010861236,0.28927576370878294
17,023,,805,3412,0.23593200468933176,0.15222559815110315,0.31963841122756037
17,025,,529,3111,0.17004178720668595,0.09631575198592725,0.24376782242744466
17,027,,1128,7960,0.14170854271356784,0.09611996818046836,0.1872971172466673
17,029,,1859,8544,0.21757958801498128,0.16208677872716576,0.2730723973027968
17,031,,314946,1090098,0.28891530853189346,0.28170478043409247,0.29612583662969444
17,033,,605,3693,0.16382344976983482,0.10011131779955498,0.22753558174011465
17,035,,318,2317,0.13724643936124298,0.07275142314522512,0.20174145557726084
17,037,,5824,21694,0.26846132571217846,0.23308889776489444,0.30383375365946247
17,039,,816,3277,0.24900823924321025,0.16372636322595344,0.33429011526046704
17,041,,641,4859,0.1319201481786376,0.07984561727369655,0.18399467908357864
17,043,,31572,205787,0.15342077001948617,0.14226263143247017,0.16457890860650218
17,045,,718,3275,0.21923664122137404,0.14622174718427763,0.2922515352584705
17,047,,307,1338,0.22944693572496264,0.14112048431243024,0.31777338713749503
17,049,,1439,8265,0.17410768300060497,0.11042145209020604,0.2377939139110039
17,051,,899,4354,0.20647680293982545,0.14911591106428404,0.2638376948153669
17,053,,743,3126,0.23768394113883556,0.16655732168393822,0.3088105605937329
17,055,,2411,8215,0.29348752282410223,0.23635217115397597,0.35062287449422846
17,057,,1235,6451,0.19144318710277478,0.14086270696354153,0.24202366724200802
17,059,,203,986,0.20588235294117646,0.12113806807661828,0.2906266378057346
17,061,,440,2566,0.17147310989867498,0.1132769240882404,0.22966929570910954
17,063,,2454,12939,0.18965916995131,0.13784085015146033,0.24147748975115965
17,065,,294,1731,0.16984402079722705,0.06145433699795527,0.2782337045964988
17,067,,743,3629,0.20473959768531275,0.14687132672969092,0.26260786864093455
17,069,,90,525,0.17142857142857143,0.04643943359289368,0.29641770926424915
17,071,,245,1142,0.21453590192644484,0.11449499994835043,0.31457680390453924
17,073,,2319,10516,0.22052111068847471,0.1608100577811226,0.2802321635958268
17,075,,1027,5679,0.18084169748195106,0.13749695116298136,0.22418644380092076
17,077,,2850,9932,0.2869512686266613,0.23306460297857917,0.34083793427474346
17,079,,395,2069,0.19091348477525374,0.07702925875317763,0.30479771079732987
17,081,,1997,8110,0.24623921085080147,0.20696342018199437,0.28551500151960857
17,083,,740,4201,0.17614853606284217,0.09663649188208673,0.2556605802435976
17,085,,710,3972,0.17875125881168177,0.1321780991743838,0.22532441844897974
17,087,,483,2483,0.1945227547321788,0.12493986296094405,0.26410564650341356
17,089,,23054,123223,0.18709169554385138,0.16907058307910156,0.2051128080086012
17,091,,8943,24137,0.37051000538592205,0.32346033939035534,0.41755967138148875
17,093,,6250,37237,0.1678438112629911,0.13430058409900048,0.20138703842698175
17,095,,2432,9883,0.24607912577152685,0.20018676342883598,0.29197148811421775
17,097,,33072,166137,0.19906462738583217,0.18302118447595028,0.21510807029571405
17,099,,4713,23016,0.20477059436913453,0.17410602409290132,0.23543516464536773
17,101,,594,2796,0.21244635193133046,0.14211212148395846,0.28278058237870246
17,103,,1392,6644,0.2095123419626731,0.15236644773108043,0.26665823619426576
17,105,,2054,7794,0.26353605337439057,0.21098864197565015,0.316083464773131
17,107,,1388,5313,0.26124600037643514,0.19392190764795103,0.32857009310491925
17,109,,961,4780,0.2010460251046025,0.1467187445666151,0.2553733056425899
17,111,,11105,71028,0.1563467928141015,0.1367621169630335,0.17593146866516948
17,113,,7865,36326,0.21651158949512744,0.19086719572471605,0.24215598326553883
17,115,,7122,23045,0.3090475157300933,0.26876999615204306,0.34932503530814357
17,117,,1805,9135,0.19759168035030103,0.15033171373477222,0.24485164696582984
17,119,,14226,56314,0.2526192421067585,0.23026092750012966,0.27497755671338736
17,121,,2508,8649,0.2899757197363857,0.22860956047177253,0.3513418790009989
17,123,,413,2378,0.1736753574432296,0.1228141780824245,0.22453653680403468
17,125,,484,2647,0.18284850774461656,0.11886053284599596,0.24683648264323715
17,127,,770,2955,0.26057529610829105,0.1753884356394791,0.345762156577103
17,129,,393,2643,0.14869466515323496,0.09478305065702133,0.20260627964944858
17,131,,459,3203,0.14330315329378707,0.0870953808690326,0.19951092571854154
17,133,,646,7651,0.08443340739772578,0.04919076965082977,0.1196760451446218
17,135,,907,5621,0.16135918875644903,0.11236618374256792,0.21035219377033015
17,137,,1694,6225,0.2721285140562249,0.202602786802276,0.3416542413101738
17,139,,785,3632,0.21613436123348018,0.11916734864300466,0.3131013738239557
17,141,,2025,11346,0.1784769962982549,0.13171637358345137,0.22523761901305842
17,143,,13240,42751,0.30970035788636524,0.2760515329649398,0.3433491828077907
17,145,,1257,3950,0.3182278481012658,0.21605882086961112,0.42039687533292047
17,147,,473,3597,0.13149847094801223,0.08832332888739836,0.1746736130086261
17,149,,1005,3352,0.29982100238663484,0.2025470412515551,0.3970949635217146
17,151,,131,539,0.24304267161410018,0.13588071219824668,0.3502046310299537
17,153,,560,1032,0.5426356589147286,0.4082854845095467,0.6769858333199106
17,155,,206,1103,0.18676337262012693,0.11775205167308352,0.25577469356717036
17,157,,1436,6060,0.23696369636963696,0.17838749937665466,0.29553989336261927
17,159,,521,3584,0.14536830357142858,0.08760729851470711,0.20312930862815004
17,161,,9538,31981,0.2982395797504768,0.25702661990041137,0.3394525396005423
17,163,,19447,58378,0.33312206653191273,0.30299262146277695,0.3632515116010485
17,165,,1518,4779,0.31763967357187695,0.24470693157323312,0.3905724155705208
17,167,,12521,42502,0.2945979012752341,0.26199813536136474,0.3271976671891035
17,169,,243,1153,0.21075455333911536,0.11218389412123553,0.3093252125569952
17,171,,242,1030,0.23495145631067962,0.16049812554155818,0.30940478707980107
17,173,,999,4412,0.22642792384406166,0.16705334539673428,0.28580250229138904
17,175,,139,1147,0.12118570183086312,0.05139112677258045,0.1909802768891458
17,177,,2691,9266,0.290416576732139,0.22973039045612972,0.35110276300814824
17,179,,5435,28562,0.19028779497234088,0.15761887669188507,0.2229567132527967
17,181,,601,3617,0.16615980094000554,0.10248244412995483,0.22983715775005625
17,183,,6223,16954,0.3670520231213873,0.32389186924566177,0.4102121769971128
17,185,,532,2331,0.22822822822822822,0.14232656299333982,0.3141298934631166
17,187,,995,3693,0.2694286487950176,0.18337931764380222,0.355477979946233
17,189,,568,2796,0.20314735336194564,0.13646892179301262,0.26982578493087866
17,191,,673,3589,0.18751741432153804,0.1184297296145108,0.25660509902856526
17,193,,777,2948,0.2635685210312076,0.1663977909034396,0.3607392511589756
17,195,,3161,12026,0.2628471644769666,0.21466872202815215,0.3110256069257811
17,197,,29567,165352,0.1788124727853307,0.16626472777559215,0.19136021779506923
17,199,,3879,14220,0.2727848101265823,0.2203490667791858,0.32522055347397877
17,201,,21611,66367,0.32562870101104463,0.2980374510175965,0.35321995100449277
17,203,,986,9161,0.10763017137867045,0.07927691580217745,0.13598342695516344
18,000,,380530,1590941,0.23918548833677677,0.2338852657476905,0.24448571092586305
18,001,,1045,11335,0.09219232465813851,0.05398811875558852,0.1303965305606885
18,003,,25582,99433,0.2572787706294691,0.23639774646962117,0.278159794789317
18,005,,4315,20032,0.21540535143769968,0.17312499467294096,0.2576857082024584
18,007,,372,2144,0.17350746268656717,0.1095414690399284,0.23747345633320593
18,009,,616,2719,0.22655388010297903,0.12757892329534742,0.32552883691061063
18,011,,3062,19026,0.16093766424892253,0.11905489524421817,0.2028204332536269
18,013,,504,2589,0.19466975666280417,0.09938417110422755,0.2899553422213808
18,015,,545,4468,0.1219785138764548,0.07229434008320508,0.1716626876697045
18,017,,2345,8571,0.27359701318399254,0.20642789475980455,0.34076613160818053
18,019,,7219,27361,0.26384269580790176,0.22483053057613037,0.3028548610396732
18,021,,1375,6053,0.2271600859078143,0.1414899640248065,0.3128302077908221
18,023,,1727,8843,0.19529571412416602,0.13504965913536363,0.2555417691129684
18,025,,284,2170,0.13087557603686636,0.038190601795724685,0.22356055027800803
18,027,,1170,9998,0.1170234046809362,0.0796899750776379,0.15435683428423447
18,029,,1921,11172,0.17194772645900466,0.12688004031471217,0.21701541260329715
18,031,,1173,6208,0.18894974226804123,0.11250466839394023,0.2653948161421422
18,033,,2385,10551,0.2260449246516918,0.18006804412654373,0.2720218051768398
18,035,,5448,20273,0.2687318107828146,0.2302037758225554,0.3072598457430738
18,037,,2348,10580,0.2219281663516068,0.16056854113688332,0.2832877915663303
18,039,,15487,56594,0.27365091705834543,0.23762874447168236,0.3096730896450085
18,041,,1608,5122,0.3139398672393596,0.2314648121378932,0.3964149223408261
18,043,,4975,18123,0.27451304971583074,0.2265269103702246,0.3224991890614369
18,045,,768,3690,0.208130081300813,0.11769204259501465,0.29856812000661137
18,047,,662,5064,0.13072669826224328,0.09013825304827741,0.17131514347620916
18,049,,706,4744,0.1488195615514334,0.09594064935200705,0.20169847375085972
18,051,,1318,7793,0.169126138842551,0.11376944013141745,0.2244828375536846
18,053,,3663,14111,0.2595847211395365,0.21776880702502824,0.3014006352540448
18,055,,1461,6623,0.22059489657255021,0.14731160956456835,0.2938781835805321
18,057,,11490,92728,0.12391079285652662,0.10489254409321605,0.1429290416198372
18,059,,2721,19480,0.1396817248459959,0.10202205085374255,0.17734139883824923
18,061,,1365,8848,0.15427215189873417,0.10898904754147884,0.1995552562559895
18,063,,6987,44956,0.15541863155084973,0.1284585172251742,0.18237874587652525
18,065,,2487,9895,0.25133906013137947,0.1955324979634495,0.3071456222993094
18,067,,5650,19115,0.2955793879152498,0.25244195025236893,0.33871682557813065
18,069,,1603,7963,0.20130604043702122,0.1421191757380469,0.26049290513599554
18,071,,2074,12045,0.1721876297218763,0.10687214069320602,0.23750311875054655
18,073,,832,7609,0.109344197660665,0.069582021738718,0.149106373582612
18,075,,878,5170,0.16982591876208897,0.12275463632025169,0.21689720120392625
18,077,,1618,6562,0.24657116732703444,0.18343373798615414,0.3097085966679147
18,079,,1324,6376,0.20765370138017566,0.11860291818259597,0.29670448457775533
18,081,,6133,40307,0.1521571935395837,0.12134047875971503,0.18297390831945237
18,083,,1679,7704,0.21793873312564901,0.15461473646799817,0.28126272978329986
18,085,,3299,18901,0.17454102957515474,0.13691274691430427,0.21216931223600521
18,087,,1099,12925,0.08502901353965184,0.0580558416632001,0.11200218541610357
18,089,,39997,115640,0.34587512971290213,0.32123536183492735,0.3705148975908769
18,091,,7542,23678,0.31852352394627925,0.2796743947507857,0.3573726531417728
18,093,,2117,9564,0.22135089920535342,0.1678751854141561,0.2748266129965507
18,095,,8649,28139,0.3073669995380077,0.26802698594480845,0.346707013131207
18,097,,80152,243331,0.32939493940352854,0.3108656716081854,0.3479242071988717
18,099,,1690,11289,0.1497032509522544,0.10609619263086195,0.19331030927364684
18,101,,490,2139,0.22907900888265545,0.13004618921477126,0.32811182855053966
18,103,,1659,7428,0.22334410339256866,0.1655365597008493,0.281151647084288
18,105,,4986,21982,0.22682194522791374,0.1864965637787966,0.2671473266770309
18,107,,1427,8800,0.16215909090909092,0.11423229281404526,0.21008588900413658
18,109,,3052,16022,0.19048807889152417,0.15339268889042573,0.2275834688926226
18,111,,592,2890,0.20484429065743945,0.11254490236304018,0.2971436789518387
18,113,,1754,11557,0.15176949035216752,0.10970659373848828,0.19383238696584676
18,115,,189,1196,0.15802675585284282,0.056920673121566026,0.2591328385841196
18,117,,1043,4531,0.23019201059368793,0.14831712866418378,0.3120668925231921
18,119,,977,4396,0.22224749772520472,0.14142991637437793,0.30306507907603153
18,121,,442,3651,0.12106272254176938,0.06452463287731719,0.17760081220622156
18,123,,882,3974,0.22194262707599396,0.15157510481756375,0.2923101493344242
18,125,,274,2643,0.10367007188800606,0.050765335590890026,0.1565748081851221
18,127,,6765,37199,0.18185972741202722,0.15001874426477269,0.21370071055928175
18,129,,970,5416,0.1790989660265879,0.12535283657442545,0.23284509547875035
18,131,,485,2746,0.1766205389657684,0.08785127992405901,0.2653897980074778
18,133,,1538,7187,0.2139974954779463,0.14936829817113156,0.27862669278476104
18,135,,1297,5529,0.23458129860734311,0.16696117506339225,0.302201422151294
18,137,,1159,6862,0.1689011949868843,0.11342812515055387,0.22437426482321474
18,139,,552,3782,0.14595452141723955,0.085713398551267,0.2061956442832121
18,141,,17136,63160,0.27131095630145663,0.2434575630750927,0.29916434952782056
18,143,,1223,5689,0.21497626999472666,0.1290643105733968,0.30088822941605653
18,145,,1512,10164,0.1487603305785124,0.10606266299770814,0.19145799815931666
18,147,,680,4313,0.15766287966612566,0.10922512312427765,0.20610063620797367
18,149,,740,5267,0.1404974368710841,0.08280882442453372,0.19818604931763448
18,151,,1178,6830,0.17247437774524157,0.1207770681228567,0.22417168736762644
18,153,,1007,3907,0.25774251343742,0.16017197613377482,0.3553130507410652
18,155,,402,2348,0.17120954003407154,0.07234262424345186,0.2700764558246912
18,157,,8599,38106,0.22566000104970346,0.19250366237772673,0.25881633972168017
18,159,,496,3143,0.1578110085905186,0.09656077068924955,0.21906124649178765
18,161,,279,1443,0.19334719334719336,0.09731179646145237,0.28938259023293433
18,163,,11648,38972,0.2988812480755414,0.2655113470032068,0.332251149147876
18,165,,696,3285,0.21187214611872146,0.13191879103592857,0.29182550120151435
18,167,,6191,21594,0.286700009261832,0.24458429732468143,0.3288157211989825
18,169,,1366,6369,0.21447636991678443,0.12920689071316951,0.29974584912039937
18,171,,400,1833,0.2182214948172395,0.13456234707366466,0.3018806425608143
18,173,,2614,15033,0.17388412159914854,0.12731362384156536,0.22045461935673172
18,175,,1428,6429,0.2221185254316379,0.1607061305290283,0.2835309203342475
18,177,,3483,14934,0.2332261952591402,0.18607201496041884,0.28038037555786155
18,179,,834,6985,0.11939871152469578,0.07941833294063366,0.1593790901087579
18,181,,1014,5696,0.17801966292134833,0.12086678897072077,0.23517253687197587
18,183,,1601,7896,0.20276089159067884,0.13280231741422238,0.2727194657671353
19,000,,147223,733073,0.2008299309891375,0.19451929991090391,0.2071405620673711
19,001,,326,1705,0.1912023460410557,0.11690799688955046,0.26549669519256097
19,003,,119,806,0.14764267990074442,0.0696304232885827,0.22565493651290613
19,005,,250,3448,0.07250580046403712,0.026506525477056682,0.11850507545101757
19,007,,472,2626,0.17974105102817975,0.10170055875752924,0.25778154329883024
19,009,,283,1210,0.23388429752066114,0.10745407974496754,0.3603145152963547
19,011,,773,5880,0.13146258503401362,0.0903145753620064,0.17261059470602083
19,013,,7930,28701,0.27629699313612766,0.2431852486526528,0.3094087376196025
19,015,,930,5566,0.16708587854832915,0.10893596938994698,0.22523578770671132
19,017,,765,5614,0.13626647666547917,0.09166045477568058,0.18087249855527776
19,019,,705,5231,0.13477346587650546,0.10086597429191374,0.16868095746109718
19,021,,1150,5500,0.20909090909090908,0.14421777323264923,0.27396404494916893
19,023,,324,3193,0.10147196993423113,0.07034306122456324,0.13260087864389902
19,025,,323,2130,0.1516431924882629,0.08562927201971204,0.21765711295681378
19,027,,665,5011,0.13270804230692476,0.08919718448987746,0.17621890012397207
19,029,,517,3032,0.17051451187335093,0.0991618904695554,0.24186713327714646
19,031,,579,3875,0.1494193548387097,0.09172676172603328,0.2071119479513861
19,033,,1792,8709,0.2057641520266391,0.14858679397564792,0.26294151007763034
19,035,,472,2571,0.1835861532477635,0.07656646321476003,0.290605843280767
19,037,,392,2742,0.14296134208606856,0.07015730808626332,0.21576537608587382
19,039,,526,2470,0.21295546558704453,0.0745869940371742,0.3513239371369149
19,041,,719,3839,0.1872883563427976,0.11521456627662058,0.25936214640897465
19,043,,760,3646,0.20844761382336807,0.15832764476663969,0.25856758288009646
19,045,,2761,10582,0.2609147609147609,0.2001664239172289,0.3216630979122929
19,047,,1073,4143,0.2589910692734733,0.17110448226764913,0.3468776562792975
19,049,,3875,28674,0.1351398479458743,0.10453746429844527,0.16574223159330334
19,051,,303,2737,0.11070515162586773,0.05216885131965588,0.1692414519320796
19,053,,282,1721,0.16385822196397443,0.1075427188789461,0.22017372504900273
19,055,,696,4084,0.17042115572967678,0.09446491306597428,0.2463773983933793
19,057,,2342,8545,0.2740784084259801,0.2101100910491662,0.33804672580279393
19,059,,323,3421,0.0944168371821105,0.05568837599001806,0.13314529837420294
19,061,,3803,22266,0.17079852690200306,0.14169806553925715,0.19989898826474897
19,063,,323,1716,0.18822843822843824,0.08381315938064283,0.29264371707623366
19,065,,1087,4123,0.2636429784137764,0.19290769531776397,0.3343782615097888
19,067,,864,3475,0.24863309352517984,0.16478134283321166,0.332484844217148
19,069,,413,2396,0.17237061769616027,0.10091450008958858,0.24382673530273197
19,071,,142,1391,0.10208483105679367,0.059490462909391695,0.14467919920419564
19,073,,351,1889,0.18581259925886712,0.1009378917149198,0.27068730680281444
19,075,,351,2905,0.1208261617900172,0.07509560385561898,0.16655671972441544
19,077,,277,2269,0.12208021154693698,0.07520094018822568,0.16895948290564827
19,079,,726,3547,0.20468001127713562,0.11649825596935189,0.29286176658491936
19,081,,532,2243,0.2371823450735622,0.14386213581174084,0.33050255433538356
19,083,,413,3043,0.13572132763720013,0.0852332602698545,0.18620939500454575
19,085,,432,3378,0.12788632326820604,0.08302292274902659,0.17274972378738548
19,087,,989,4162,0.23762614127823162,0.1758616220678485,0.29939066048861473
19,089,,367,2429,0.15109098394400988,0.0736989671262039,0.22848300076181588
19,091,,659,2273,0.289925208974923,0.20575650353596914,0.3740939144138769
19,093,,434,1680,0.25833333333333336,0.18306492786014578,0.33360173880652094
19,095,,647,3851,0.1680083095299922,0.09892224266068379,0.23709437639930064
19,097,,855,4303,0.19869858238438298,0.14524788052056206,0.25214928424820393
19,099,,1632,8354,0.19535551831457984,0.13439769272076432,0.25631334390839533
19,101,,410,2692,0.15230312035661217,0.08327752478363508,0.22132871592958925
19,103,,4939,30223,0.16341858849220792,0.13422462528472828,0.19261255169968755
19,105,,913,4210,0.2168646080760095,0.14832072258297385,0.28540849356904513
19,107,,324,2219,0.14601171698963497,0.09971200531859381,0.19231142866067613
19,109,,317,3198,0.09912445278298937,0.06329837277594358,0.13495053279003516
19,111,,1882,6939,0.27122063697939186,0.1987472648797583,0.3436940090790254
19,113,,12384,51621,0.239902365316441,0.21131542705857925,0.26848930357430273
19,115,,398,2347,0.1695781849169152,0.1104112195307485,0.2287451503030819
19,117,,424,2049,0.20693020985846755,0.1214453624851812,0.29241505723175387
19,119,,295,3425,0.08613138686131387,0.04159198085015727,0.13067079287247046
19,121,,604,4258,0.14185063410051668,0.08605021228377047,0.1976510559172629
19,123,,1008,5212,0.19339984650805833,0.12707739531157436,0.2597222977045423
19,125,,1083,7769,0.1394001802033724,0.09931135905806794,0.17948900134867685
19,127,,2052,10163,0.20190888517170127,0.14554506416800794,0.2582727061753946
19,129,,596,3324,0.1793020457280385,0.10104759825361026,0.25755649320246676
19,131,,246,2521,0.09758032526775089,0.0520447720999913,0.14311587843551046
19,133,,268,1934,0.13857290589451912,0.08507776876443174,0.1920680430246065
19,135,,212,1731,0.12247255921432698,0.054167390432464435,0.19077772799618953
19,137,,483,2307,0.2093628088426528,0.11612713378514573,0.30259848390015986
19,139,,2782,10171,0.27352276079048277,0.20124599737531593,0.34579952420564963
19,141,,401,3421,0.1172171879567378,0.043335906391423165,0.19109846952205245
19,143,,408,1383,0.2950108459869848,0.17461159169106943,0.41541010028290015
19,145,,499,2803,0.17802354620049946,0.10536256422882363,0.2506845281721753
19,147,,106,2040,0.05196078431372549,0.0198094905912276,0.08411207803622339
19,149,,959,6443,0.14884370634797456,0.09360722399285884,0.20408018870309028
19,151,,284,1644,0.17274939172749393,0.10603240049829425,0.2394663829566936
19,153,,28992,122366,0.23692855858653547,0.21595582342776162,0.2579012937453093
19,155,,4650,21325,0.21805392731535755,0.18587826743136635,0.25022958719934874
19,157,,572,3593,0.15919844141386028,0.11023724369016634,0.2081596391375542
19,159,,135,1042,0.1295585412667946,0.05803643775396551,0.20108064477962373
19,161,,369,2094,0.17621776504297995,0.11699782201060138,0.23543770807535852
19,163,,9084,40364,0.2250520265583193,0.19534058587864656,0.25476346723799204
19,165,,334,2665,0.12532833020637899,0.06890159941518231,0.18175506099757566
19,167,,664,9824,0.06758957654723127,0.041830122284506846,0.0933490308099557
19,169,,2500,16202,0.15430193803234168,0.12139487395070972,0.18720900211397365
19,171,,1077,3937,0.2735585471170942,0.20722721547597844,0.33988987875821
19,173,,246,1319,0.1865049279757392,0.11306243505386317,0.25994742089761524
19,175,,641,2697,0.23767148683722655,0.1509276131144176,0.3244153605600355
19,177,,177,1709,0.10356933879461673,0.05291196539426068,0.15422671219497278
19,179,,2493,8354,0.2984199186018674,0.22681788799716074,0.37002194920657405
19,181,,2282,13286,0.17175974710221287,0.1316336822612731,0.21188581194315265
19,183,,886,5533,0.1601301283209832,0.11150661475072307,0.20875364189124332
19,185,,272,1691,0.1608515671200473,0.10781924827903558,0.21388388596105903
19,187,,1677,7813,0.2146422628951747,0.1608310429432733,0.26845348284707615
19,189,,597,2229,0.26783310901749663,0.17021662720230524,0.365449590832688
19,191,,313,3703,0.08452605995139076,0.034384513211186435,0.13466760669159508
19,193,,6478,27326,0.23706360242992022,0.20638957253714466,0.2677376323226958
19,195,,132,1520,0.0868421052631579,0.0491729837273674,0.12451122679894841
19,197,,651,3329,0.19555422048663262,0.12052969587416042,0.27057874509910484
20,000,,143137,698703,0.2048610067510802,0.19876313317194869,0.21095888033021173
20,001,,706,2801,0.2520528382720457,0.16970034489137953,0.3344053316527119
20,003,,437,1988,0.2198189134808853,0.10801535234922091,0.3316224746125497
20,005,,905,3470,0.260806916426513,0.1597105631048317,0.3619032697481943
20,007,,205,930,0.22043010752688172,0.063176395449835,0.37768381960392844
20,009,,1565,6022,0.2598804383925606,0.20076821680192378,0.31899265998319737
20,011,,593,3601,0.16467647875590113,0.09917201821857749,0.23018093929322478
20,013,,428,2333,0.18345477925417916,0.12397546768578516,0.24293409082257317
20,015,,2801,16791,0.16681555595259365,0.12555631969130565,0.20807479221388164
20,017,,87,523,0.16634799235181644,0.032916075395739625,0.2997799093078932
20,019,,201,737,0.2727272727272727,0.14008858751169573,0.4053659579428497
20,021,,643,4356,0.14761248852157943,0.09170323618275406,0.2035217408604048
20,023,,95,598,0.1588628762541806,0.04999800516868934,0.26772774733967186
20,025,,105,500,0.21,0.07232733555609613,0.3476726644439039
20,027,,290,1853,0.15650296815974096,0.08984525781294576,0.22316067850653615
20,029,,309,2062,0.1498545101842871,0.06270997960293047,0.23699904076564376
20,031,,439,1783,0.24621424565339317,0.17095438168400912,0.3214741096227772
20,033,,85,334,0.25449101796407186,0.10256729381002186,0.4064147421181219
20,035,,1549,8104,0.1911401776900296,0.1384898756427514,0.24379047973730783
20,037,,2249,8649,0.26003006127876055,0.20157700137913515,0.31848312117838595
20,039,,75,568,0.13204225352112675,0.03745041338458448,0.226634093657669
20,041,,637,4280,0.1488317757009346,0.08853122062251109,0.20913233077935808
20,043,,257,1583,0.16234996841440302,0.10114995242951137,0.2235499843992947
20,045,,3971,21050,0.188646080760095,0.14951106897331445,0.22778109254687556
20,047,,209,644,0.3245341614906832,0.1950740509923795,0.4539942719889869
20,049,,92,567,0.16225749559082892,0.07787824410862686,0.24663674707303096
20,051,,1214,5820,0.20859106529209623,0.14638943200151922,0.27079269858267324
20,053,,171,1122,0.15240641711229946,0.08376879753466823,0.2210440366899307
20,055,,3171,11376,0.27874472573839665,0.20394313674804768,0.35354631472874565
20,057,,2538,10185,0.2491899852724595,0.17212306122082877,0.32625690932409024
20,059,,1060,6027,0.1758752281400365,0.12038435872407043,0.23136609755600257
20,061,,2842,11346,0.2504847523356249,0.20317497529247763,0.29779452937877215
20,063,,48,705,0.06808510638297872,0.03353884595124711,0.10263136681471034
20,065,,148,493,0.3002028397565923,0.1414892868080794,0.4589163927051052
20,067,,136,2214,0.06142728093947606,0,0.13058874781867846
20,069,,262,1625,0.16123076923076923,0.09302303748346903,0.22943850097806945
20,071,,82,405,0.20246913580246914,0.07519983217577492,0.32973843942916337
20,073,,196,1271,0.15420928402832415,0.08010147550636502,0.22831709255028326
20,075,,108,836,0.1291866028708134,0.012991270020911827,0.24538193572071498
20,077,,331,1368,0.24195906432748537,0.15083588218264576,0.333082246472325
20,079,,1306,7896,0.16540020263424518,0.11256894158719546,0.2182314636812949
20,081,,207,981,0.21100917431192662,0.08203464401380836,0.3399837046100449
20,083,,49,424,0.11556603773584906,0.03640717570540154,0.1947248997662966
20,085,,258,3307,0.07801632899909283,0.0461713823705892,0.10986127562759646
20,087,,464,4033,0.11505083064716093,0.08000363778117206,0.1500980235131498
20,089,,99,618,0.16019417475728157,0.06377837788858969,0.25660997162597343
20,091,,20304,145637,0.13941512115739818,0.1270054894263719,0.15182475288842445
20,093,,173,1099,0.15741583257506825,0.033310211326764386,0.2815214538233721
20,095,,147,1634,0.08996328029375765,0.031201140767530063,0.14872541981998524
20,097,,38,562,0.06761565836298933,0.017718797323724875,0.11751251940225378
20,099,,995,4810,0.20686070686070687,0.14296326582091096,0.2707581479005028
20,101,,62,361,0.17174515235457063,0.02878698766531748,0.3147033170438238
20,103,,3257,19578,0.16636020022474204,0.1334221520320723,0.19929824841741178
20,105,,108,616,0.17532467532467533,0.0743688311625228,0.27628051948682786
20,107,,333,2135,0.1559718969555035,0.09559763355808612,0.2163461603529209
20,109,,94,629,0.1494435612082671,0.030375487695687625,0.2685116347208466
20,111,,869,7133,0.12182812280947708,0.07893935120989112,0.16471689440906304
20,113,,1007,6531,0.15418772010411883,0.09986811465113192,0.20850732555710572
20,115,,189,2476,0.07633279483037157,0.04707841075022078,0.10558717891052236
20,117,,263,2420,0.10867768595041322,0.04049009397676365,0.17686527792406279
20,119,,163,1014,0.16074950690335305,0.09954246820635915,0.22195654560034694
20,121,,1318,8178,0.161164098801663,0.10813264554002724,0.21419555206329874
20,123,,233,1325,0.1758490566037736,0.06344608492163471,0.28825202828591245
20,125,,2025,7307,0.27713151772273165,0.2230240311479746,0.3312390042974887
20,127,,256,1103,0.23209428830462375,0.12051190865766412,0.34367666795158336
20,129,,82,636,0.1289308176100629,0,0.28144147110841056
20,131,,447,2730,0.16373626373626374,0.06715277145627739,0.26031975601625007
20,133,,884,3738,0.23649010165864098,0.15820301252903843,0.3147771907882435
20,135,,111,524,0.21183206106870228,0.07945506201033473,0.34420906012706987
20,137,,204,1076,0.1895910780669145,0.0567769258247236,0.3224052303091054
20,139,,622,3625,0.1715862068965517,0.10781974387636853,0.2353526699167349
20,141,,142,755,0.1880794701986755,0.10361441326994765,0.27254452712740335
20,143,,160,1369,0.1168736303871439,0.052060620504088065,0.18168664027019976
20,145,,163,884,0.18438914027149322,0.08546842950762709,0.28330985103535933
20,147,,178,1083,0.16435826408125578,0.08273877440352877,0.2459777537589828
20,149,,695,7557,0.0919677120550483,0.05071998750673399,0.13321543660336263
20,151,,772,2251,0.34295868502887605,0.20826476848411576,0.4776526015736363
20,153,,90,552,0.16304347826086957,0.041487355210186996,0.28459960131155215
20,155,,2536,13459,0.18842410283081953,0.14444796369627053,0.23240024196536854
20,157,,100,1140,0.08771929824561403,0.02730979970849156,0.1481287967827365
20,159,,380,2175,0.17471264367816092,0.07780283784146401,0.2716224495148578
20,161,,2509,11528,0.2176439972241499,0.16958207690343802,0.2657059175448618
20,163,,154,1001,0.15384615384615385,0.0854573383789305,0.22223496931337722
20,165,,137,588,0.23299319727891157,0.05980379804287103,0.40618259651495214
20,167,,308,1460,0.21095890410958903,0.09935635888761024,0.32256144933156783
20,169,,2134,12130,0.17592745259686726,0.1242450344209896,0.22760987077274492
20,171,,43,1232,0.0349025974025974,0,0.09859096286343183
20,173,,32624,131317,0.24843698835641997,0.22939218950477866,0.2674817872080613
20,175,,1814,6510,0.2786482334869432,0.16496864661308802,0.39232782036079833
20,177,,10885,40789,0.26686116354899603,0.23203492318451066,0.30168740391348137
20,179,,69,614,0.11237785016286644,0.04274876640267089,0.182006933923062
20,181,,351,1349,0.2601927353595256,0.12637127640428977,0.39401419431476137
20,183,,93,711,0.1308016877637131,0.06780194208041264,0.19380143344701356
20,185,,275,968,0.2840909090909091,0.17078089934617086,0.3974009188356474
20,187,,30,443,0.06772009029345373,0,0.15788988667533388
20,189,,93,1486,0.06258411843876177,0.015416105213681072,0.10975213166384247
20,191,,473,5382,0.08788554440728354,0.053513173559278746,0.12225791525528833
20,193,,395,1942,0.20339855818743563,0.09683639238108421,0.30996072399378705
20,195,,129,556,0.23201438848920863,0.07409590625721771,0.38993287072119953
20,197,,159,1593,0.09981167608286252,0.0510359467141219,0.14858740545160315
20,199,,30,326,0.09202453987730061,0,0.2380765450516646
20,201,,162,1339,0.12098581030619865,0.0786656043575851,0.1633060162548122
20,203,,70,635,0.11023622047244094,0.018865426929754903,0.20160701401512698
20,205,,456,2032,0.22440944881889763,0.1163363406231751,0.33248255701462015
20,207,,49,638,0.0768025078369906,0.021383413947537552,0.13222160172644365
20,209,,16672,45853,0.3635967112293634,0.3268564181236585,0.40033700433506825
21,000,,257609,1021693,0.2521393412698335,0.2456184975334338,0.2586601850062332
21,001,,667,3737,0.17848541610917848,0.09902683708262419,0.25794399513573274
21,003,,1155,4914,0.23504273504273504,0.1464045807321045,0.3236808893533656
21,005,,934,5634,0.16577919772807953,0.08525071787063336,0.24630767758552569
21,007,,171,1520,0.1125,0.06362575879316013,0.16137424120683988
21,009,,2960,10712,0.27632561613144135,0.22413414712734658,0.3285170851355361
21,011,,761,3271,0.23265056557627636,0.13323980684787273,0.33206132430468
21,013,,1567,5129,0.30551764476506144,0.21279811410296923,0.39823717542715364
21,015,,6400,35752,0.17901096442157083,0.15038803930294473,0.20763388954019693
21,017,,1310,4622,0.2834270878407616,0.201270790091515,0.3655833855900082
21,019,,2610,9995,0.26113056528264134,0.19921626345178498,0.32304486711349767
21,021,,1710,6418,0.2664381427235899,0.19389498103480374,0.33898130441237606
21,023,,387,1950,0.19846153846153847,0.12486551352531779,0.27205756339775916
21,025,,638,2798,0.22802001429592567,0.14991984636699737,0.30612018222485393
21,027,,1067,4768,0.22378355704697986,0.13025270483579493,0.3173144092581648
21,029,,3880,17782,0.21819817793274096,0.1746092623033142,0.2617870935621677
21,031,,279,2856,0.0976890756302521,0.052584576528415146,0.14279357473208906
21,033,,686,2876,0.23852573018080667,0.12804772078270868,0.3490037395789046
21,035,,1823,6947,0.26241543112134735,0.18357730893031132,0.3412535533123834
21,037,,4210,19193,0.21935080498098264,0.18637844648882462,0.25232316347314065
21,039,,246,1117,0.22023276633840644,0.12404731343221134,0.31641821924460156
21,041,,1060,2918,0.363262508567512,0.251563108237015,0.47496190889800904
21,043,,1054,5938,0.177500842034355,0.11092897035952662,0.2440727137091834
21,045,,674,3665,0.1839017735334243,0.1165760898277019,0.2512274572391467
21,047,,5868,20356,0.28826881509137353,0.23644010527741677,0.3400975249053303
21,049,,2687,8358,0.321488394352716,0.24691521063687,0.39606157806856196
21,051,,1760,4076,0.43179587831207067,0.3168143335958036,0.5467774230283378
21,053,,421,1913,0.22007318348144275,0.11934928336974625,0.32079708359313924
21,055,,465,2080,0.22355769230769232,0.12109109704301153,0.3260242875723731
21,057,,291,1312,0.22179878048780488,0.04121172774612636,0.4023858332294834
21,059,,5868,25341,0.23156150112465965,0.19123220735076646,0.27189079489855283
21,061,,492,2225,0.22112359550561797,0.12311594760208168,0.3191312434091543
21,063,,487,1245,0.39116465863453814,0.2176620066846531,0.5646673105844232
21,065,,732,2984,0.2453083109919571,0.15987642354481746,0.33074019843909674
21,067,,17237,67823,0.2541468233490114,0.22578609781352393,0.28250754888449886
21,069,,877,3653,0.24007664932931838,0.13490514411678423,0.34524815454185254
21,071,,2021,7729,0.26148272739034806,0.1781218566380307,0.3448435981426654
21,073,,2546,10492,0.24266107510484178,0.18702530211233992,0.29829684809734364
21,075,,338,1400,0.24142857142857144,0.11160536357837902,0.37125177927876385
21,077,,314,2013,0.15598609041231992,0.07229647626343606,0.2396757045612038
21,079,,601,3791,0.1585333685043524,0.09544386900784195,0.22162286800086284
21,081,,2280,6723,0.3391343150379295,0.2567567462871082,0.4215118837887508
21,083,,1924,8809,0.2184129867181292,0.16368927939691433,0.27313669403934404
21,085,,1577,6349,0.24838557253110727,0.16871886791888852,0.328052277143326
21,087,,584,2405,0.24282744282744284,0.1529467580632966,0.3327081275915891
21,089,,1455,7548,0.19276629570747217,0.13659071047916743,0.2489418809357769
21,091,,700,2157,0.3245248029670839,0.19478400497199105,0.4542656009621768
21,093,,6719,27583,0.24359206757785593,0.20463848476812438,0.2825456503875875
21,095,,1656,6119,0.27063245628370647,0.20922097196084227,0.33204394060657066
21,097,,909,4476,0.20308310991957104,0.11488681336336394,0.29127940647577816
21,099,,831,4782,0.1737766624843162,0.10614124770896291,0.24141207725966948
21,101,,2766,9837,0.2811832875876792,0.23087625859875466,0.3314903165766037
21,103,,972,3722,0.261149919398173,0.17646464943148882,0.3458351893648572
21,105,,299,855,0.3497076023391813,0.12988388603799314,0.5695313186403694
21,107,,3571,10368,0.34442515432098764,0.2593214599485259,0.42952884869344937
21,109,,487,3096,0.1572997416020672,0.08206100718849939,0.232538476015635
21,111,,57255,173675,0.32966748236648913,0.31021403106627354,0.3491209336667047
21,113,,3219,12932,0.24891741416640892,0.19538120827926192,0.3024536200535559
21,115,,1040,4933,0.21082505574700994,0.12143964420938577,0.3002104672846341
21,117,,9787,39845,0.2456268038649768,0.21310253855077327,0.2781510691791803
21,119,,722,2731,0.2643720248993043,0.17483976971644272,0.35390428008216585
21,121,,2210,7013,0.3151290460573221,0.21430314613537058,0.4159549459792736
21,123,,827,3376,0.24496445497630331,0.15212421552304833,0.3378046944295583
21,125,,3906,14254,0.27402834292128525,0.21120843722188745,0.3368482486206831
21,127,,786,3763,0.20887589689077862,0.11429680545962687,0.3034549883219304
21,129,,423,1328,0.3185240963855422,0.1616179309828035,0.47543026178828085
21,131,,718,2085,0.34436450839328536,0.12213891005623184,0.5665901067303389
21,133,,1224,4542,0.26948480845442535,0.18051000578929516,0.35845961111955554
21,135,,834,2942,0.28348062542488106,0.1703925312295495,0.3965687196202126
21,137,,1912,5971,0.32021436945235304,0.22526096752351107,0.415167771381195
21,139,,735,1963,0.3744268976057056,0.25233664374537423,0.4965171514660369
21,141,,1226,6785,0.18069270449521002,0.12225159581703836,0.23913381317338167
21,143,,183,1187,0.15417017691659646,0.07637493370298983,0.2319654201302031
21,145,,3932,14712,0.2672648178357803,0.21329797835688316,0.32123165731467745
21,147,,804,3638,0.22100054975261132,0.10932232332718912,0.33267877617803354
21,149,,154,2053,0.07501217730150998,0.02048069794731036,0.1295436566557096
21,151,,4138,20081,0.2060654349882974,0.16787935487891256,0.24425151509768225
21,153,,708,2545,0.2781925343811395,0.16828619988353138,0.3880988688787476
21,155,,1213,4700,0.2580851063829787,0.15978289546686553,0.3563873172990919
21,157,,873,6385,0.13672670321064997,0.0854080453344657,0.18804536108683426
21,159,,351,2179,0.16108306562643415,0.029364507928943517,0.2928016233239248
21,161,,856,3785,0.2261558784676354,0.15425895857922545,0.29805279835604537
21,163,,986,6600,0.14939393939393938,0.1019154144352274,0.19687246435265138
21,165,,457,1303,0.35072908672294706,0.19622832829221257,0.5052298451536815
21,167,,1037,5017,0.2066972294199721,0.11157262564468788,0.3018218331952563
21,169,,598,2456,0.24348534201954397,0.10397640068377395,0.382994283355314
21,171,,822,2752,0.29869186046511625,0.19330321931124356,0.40408050161898895
21,173,,1153,6585,0.17509491268033409,0.10857210198143914,0.24161772337922904
21,175,,435,2813,0.15463917525773196,0.07413689324895525,0.23514145726650867
21,177,,1335,6385,0.2090837901331245,0.13142566587443744,0.28674191439181157
21,179,,2483,10972,0.22630331753554503,0.16776899162545789,0.28483764344563217
21,181,,249,1879,0.13251729643427354,0.04539506041328381,0.21963953245526327
21,183,,1382,5663,0.24404026134557655,0.15825496285489637,0.3298255598362567
21,185,,2302,17124,0.13443120766176128,0.10397961010123588,0.16488280522228668
21,187,,298,2499,0.11924769907963186,0.04957336194734145,0.18892203621192227
21,189,,158,766,0.206266318537859,0.08562284363849985,0.32690979343721815
21,191,,551,3427,0.16078202509483513,0.09318456409713957,0.2283794860925307
21,193,,1441,6382,0.22579128799749296,0.1609729199003776,0.2906096560946083
21,195,,3060,11484,0.2664576802507837,0.21361999344078964,0.31929536706077777
21,197,,849,3229,0.2629296995973986,0.17402626114558847,0.3518331380492087
21,199,,3849,14606,0.2635218403395865,0.21393023463924235,0.3131134460399306
21,201,,82,607,0.13509060955518945,0.008436630641659448,0.26174458846871945
21,203,,858,3480,0.24655172413793103,0.13857727855785493,0.3545261697180071
21,205,,1512,4660,0.3244635193133047,0.19339904746997352,0.4555279911566359
21,207,,1373,4210,0.3261282660332542,0.2219396618691659,0.43031687019734244
21,209,,2771,14451,0.19175143588678983,0.15385996340856414,0.22964290836501552
21,211,,2052,10875,0.1886896551724138,0.12742704438364116,0.24995226596118642
21,213,,780,4679,0.16670228681342167,0.0851126297372628,0.24829194388958054
21,215,,736,4550,0.16175824175824177,0.10162815407685886,0.22188832943962467
21,217,,1726,6076,0.28406846609611586,0.19905527556470032,0.3690816566275314
21,219,,718,3355,0.21400894187779435,0.13093188877058692,0.29708599498500177
21,221,,576,3127,0.18420211064918451,0.11653435543682174,0.2518698658615473
21,223,,503,1812,0.27759381898454744,0.14468380637865869,0.4105038315904362
21,225,,564,2432,0.23190789473684212,0.1607029230732058,0.3031128664004784
21,227,,7537,33089,0.2277796246486748,0.18274341590338378,0.2728158333939658
21,229,,733,2778,0.2638588912886969,0.13616667857447884,0.39155110400291493
21,231,,1113,3977,0.27985919034448076,0.2007316365205552,0.3589867441684063
21,233,,544,3081,0.1765660499837715,0.10580865092282066,0.24732344904472237
21,235,,2201,9622,0.2287466223238412,0.17203102881540297,0.2854622158322794
21,237,,426,1426,0.29873772791023845,0.106847447545906,0.49062800827457087
21,239,,1339,5929,0.2258390959689661,0.16715141902253625,0.2845267729153959
22,000,,368611,1080956,0.34100462923560254,0.3339981481263569,0.34801111034484816
22,001,,4658,14780,0.31515561569688766,0.255188917601779,0.37512231379199634
22,003,,1824,5202,0.3506343713956171,0.2753582483420206,0.4259104944492136
22,005,,8321,34374,0.24207249665444813,0.20318739634845742,0.28095759696043887
22,007,,1545,4188,0.36891117478510027,0.2767161393531101,0.4611062102170904
22,009,,4501,9276,0.48523070288917636,0.41717613413033006,0.5532852716480227
22,011,,1816,9261,0.19609113486664506,0.15095922104694098,0.24122304868634914
22,013,,1189,2814,0.4225302061122957,0.305838325183601,0.5392220870409904
22,015,,8678,32193,0.26956170596092316,0.22558188526950307,0.31354152665234325
22,017,,24826,53843,0.46108129190424013,0.41929013208560706,0.5028724517228732
22,019,,14247,51533,0.2764636252498399,0.23957164454676586,0.313355605952914
22,021,,584,2120,0.27547169811320754,0.1925555028053787,0.3583878934210364
22,023,,134,1220,0.10983606557377049,0.004059938303246011,0.21561219284429495
22,025,,775,1899,0.4081095313322802,0.27917077908923527,0.5370482835753251
22,027,,1508,2626,0.5742574257425742,0.47581236082381567,0.6727024906613328
22,029,,2105,4245,0.4958775029446408,0.3995924017306412,0.5921626041586403
22,031,,2103,6456,0.3257434944237918,0.26983286290186576,0.38165412594571785
22,033,,38177,102419,0.3727531024516935,0.33808169519069614,0.4074245097126909
22,035,,1011,1332,0.759009009009009,0.629187677121345,0.888830340896673
22,037,,812,3339,0.2431865828092243,0.15515640606647782,0.33121675955197083
22,039,,3010,8245,0.3650697392359005,0.2722640045776204,0.45787547389418065
22,041,,1589,4813,0.33014751714107626,0.2210901740729323,0.4392048602092202
22,043,,1222,4614,0.26484612050281753,0.20270862045164922,0.32698362055398583
22,045,,5989,17412,0.3439581897541925,0.28327954769671687,0.40463683181166815
22,047,,2971,5971,0.49757159604756324,0.3608775209891995,0.6342656711059269
22,049,,1141,3100,0.36806451612903224,0.2661250077196542,0.4700040245384103
22,051,,32833,96538,0.34010441484182397,0.31245518842844044,0.3677536412552075
22,053,,1701,8016,0.2122005988023952,0.14379991246640939,0.280601285138381
22,055,,16944,59882,0.28295648107945626,0.25090370004365137,0.31500926211526115
22,057,,5903,21981,0.2685501114598972,0.22341236249701088,0.3136878604227835
22,059,,974,3421,0.28471207249342295,0.21008713570901166,0.35933700927783424
22,061,,3403,9411,0.3615981298480502,0.2979308973211697,0.4252653623749307
22,063,,7633,38218,0.1997226437804176,0.16430665651311266,0.23513863104772253
22,065,,1358,2401,0.565597667638484,0.38958243936374864,0.7416128959132193
22,067,,2761,5650,0.48867256637168144,0.39225663711903325,0.5850884956243296
22,069,,2900,8386,0.3458144526591939,0.28774801792850546,0.40388088738988237
22,071,,37006,73035,0.5066885739713836,0.4797801218453501,0.533597026097417
22,073,,14646,38793,0.377542340112907,0.33976800229298765,0.41531667793282634
22,075,,852,5609,0.1518987341772152,0.0845009640801329,0.21929650427429748
22,077,,1628,4301,0.37851662404092073,0.2470608190694391,0.5099724290124024
22,079,,10453,31654,0.33022682757313454,0.2959549273131088,0.3644987278331603
22,081,,397,1743,0.22776821572002295,0.11957979466682667,0.33595663677321924
22,083,,1915,4633,0.4133390891431038,0.3241699605787256,0.502508217707482
22,085,,1958,5067,0.3864219459246102,0.3298140801388898,0.4430298117103306
22,087,,5218,11511,0.4533055338371992,0.37471018630467623,0.5319008813697221
22,089,,3516,12384,0.28391472868217055,0.21888418412112529,0.3489452732432158
22,091,,1311,2217,0.59133964817320706,0.49471093651410414,0.68796835983231
22,093,,1148,4312,0.2662337662337662,0.172435754268798,0.36003177819873444
22,095,,5036,9799,0.5139299928564139,0.3951731384810463,0.6326868472317816
22,097,,8800,21674,0.4060164252099289,0.34860149426763437,0.4634313561522235
22,099,,3132,12304,0.25455136540962287,0.20163535441751476,0.30746737640173094
22,101,,4171,11691,0.35677016508425285,0.3046314133144555,0.40890891685405023
22,103,,16468,64290,0.25615181210141547,0.22155592096181892,0.290747703241012
22,105,,12671,33512,0.37810336595846267,0.3271941566985463,0.42901257521837904
22,107,,465,843,0.5516014234875445,0.4001389370297359,0.7030639099453531
22,109,,7132,26550,0.2686252354048964,0.22549484474519166,0.31175562606460117
22,111,,2035,4480,0.45424107142857145,0.33191737025087253,0.5765647726062704
22,113,,4101,14384,0.2851084538375973,0.2179492674696669,0.3522676402055277
22,115,,2700,11959,0.22577138556735513,0.18321275771466683,0.2683300134200434
22,117,,3235,10711,0.30202595462608534,0.2399766127146003,0.36407529653757037
22,119,,2930,8104,0.3615498519249753,0.2897875369449613,0.4333121669049893
22,121,,1577,6848,0.23028621495327103,0.1572629619564211,0.303309467950121
22,123,,636,2132,0.29831144465290804,0.17173776859583617,0.4248851207099799
22,125,,942,2449,0.3846467946100449,0.2957571222540985,0.47353646696599133
22,127,,1386,2788,0.4971305595408895,0.38685848212757773,0.6074026369542013
23,000,,47731,249627,0.19120928425210415,0.1805463070668113,0.201872261437397
23,001,,5759,23421,0.24589044020323642,0.2066172102056798,0.28516367020079303
23,003,,2302,12473,0.18455864667682192,0.1527190924002732,0.21639820095337065
23,005,,10083,55548,0.18151868654136963,0.16081010655390163,0.20222726652883763
23,007,,811,5201,0.15593155162468755,0.10624833940765341,0.2056147638417217
23,009,,1173,9030,0.12990033222591363,0.09594484771412132,0.16385581673770594
23,011,,5273,23685,0.22263035676588558,0.18985901189554436,0.25540170163622683
23,013,,1136,6900,0.1646376811594203,0.11859775906286596,0.21067760325597462
23,015,,1117,5942,0.1879838438236284,0.12914971530441827,0.24681797234283853
23,017,,2072,10427,0.1987148748441546,0.1554831382741134,0.2419466114141958
23,019,,4657,27080,0.17197193500738553,0.14158339422981195,0.2023604757849591
23,021,,439,2665,0.1647279549718574,0.1116118634508692,0.2178440464928456
23,023,,1424,6574,0.21661089139032552,0.1537722315324503,0.27944955124820076
23,025,,1592,9325,0.17072386058981234,0.12608930183340847,0.21535841934621622
23,027,,1679,7113,0.23604667510192606,0.17180424641027647,0.30028910379357565
23,029,,1353,5788,0.2337595024187975,0.19064683673019495,0.27687216810740006
23,031,,6861,38455,0.17841633077623195,0.15131772397554086,0.20551493757692305
24,000,,346770,1374264,0.2523314297689527,0.24622245982785942,0.25844039971004595
24,001,,2985,12007,0.24860498042808363,0.1994181120833718,0.29779184877279546
24,003,,26392,133681,0.1974252137551335,0.18107763971911622,0.21377278779115078
24,005,,50245,185448,0.2709384841033605,0.2531433641680169,0.28873360403870413
24,009,,3270,21796,0.15002752798678656,0.11572610708284908,0.18432894889072404
24,011,,2435,8049,0.30252205242887314,0.24213716257182594,0.36290694228592035
24,013,,5221,38612,0.13521703097482649,0.11545938871436982,0.15497467323528313
24,015,,5054,23319,0.21673313606929973,0.17456632442045053,0.25889994771814895
24,017,,7953,40701,0.1954006044077541,0.16571554361075633,0.2250856652047519
24,019,,2365,6856,0.34495332555425906,0.25874215230619846,0.43116449880231966
24,021,,11878,66922,0.17749021248617794,0.1563767657663932,0.19860365920596268
24,023,,1030,5051,0.20392001583844782,0.13864715364209318,0.26919287803480246
24,025,,11220,58681,0.1912032855609141,0.1628909135099854,0.21951565761184277
24,027,,13456,79847,0.16852229889663983,0.147829332562546,0.18921526523073368
24,029,,915,2979,0.3071500503524673,0.22455206076660464,0.38974803993832996
24,031,,48155,243032,0.1981426314230225,0.18413694897050234,0.21214831387554264
24,033,,68691,211652,0.324546897737796,0.3054268526407728,0.3436669428348192
24,035,,1961,10922,0.17954587071964842,0.1284884552846774,0.23060328615461945
24,037,,5661,27504,0.20582460732984292,0.16784861152630154,0.2438006031333843
24,039,,1200,4264,0.28142589118198874,0.1793592000447033,0.3834925823192742
24,041,,1974,7044,0.28023850085178875,0.20603093190163108,0.35444606980194643
24,043,,8290,33843,0.24495464350087168,0.21008535924112254,0.2798239277606208
24,045,,6944,23615,0.29405039170019054,0.24018898065598043,0.34791180274440064
24,047,,2745,9172,0.2992804186655037,0.24606702515665807,0.35249381217434933
24,510,,56730,119267,0.47565546211441556,0.4475067699337845,0.5038041542950465
25,000,,317167,1358756,0.23342454421544412,0.2281103689738707,0.23873871945701755
25,001,,6388,32647,0.19566882102490274,0.16544889402800692,0.22588874802179856
25,003,,4811,20217,0.23796804669337687,0.19732774437361023,0.2786083490131435
25,005,,32112,119074,0.26968103868182813,0.24993623104746404,0.2894258463161922
25,007,,1003,3496,0.28689931350114417,0.12480640743523216,0.44899221956705615
25,009,,44761,169094,0.26471075259914606,0.24601043974250958,0.28341106545578254
25,011,,2777,11643,0.2385124108906639,0.19791421589466662,0.2791106058866612
25,013,,35352,96385,0.36677906313223013,0.3410456386717319,0.3925124875927284
25,015,,5259,22633,0.2323598285689038,0.19334909517485752,0.27137056196295006
25,017,,52505,317815,0.16520617340276575,0.15571044341268117,0.17470190339285033
25,019,,621,2951,0.21043713995255844,0.0701549220838916,0.3507193578212253
25,021,,23222,148941,0.1559140867860428,0.14327426263709958,0.168553910934986
25,023,,21249,110653,0.19203275103250703,0.17389707425807413,0.21016842780693992
25,025,,46068,125067,0.3683465662404951,0.34372959311912554,0.3929635393618647
25,027,,41039,178140,0.23037498596609407,0.21488381070208812,0.24586616123010002
26,000,,528133,2135410,0.24732159163813974,0.24281845379314057,0.25182472948313894
26,001,,219,1305,0.167816091954023,0.09924918687293215,0.23638299703511384
26,003,,214,1282,0.1669266770670827,0.08880975120434727,0.24504360292981814
26,005,,5117,28197,0.18147320636947192,0.1379257598868327,0.22502065285211115
26,007,,1277,5314,0.24030861874294318,0.18070940378552255,0.29990783370036384
26,009,,783,4074,0.19219440353460973,0.13536784399835153,0.24902096307086793
26,011,,405,2776,0.14589337175792508,0.09944581411925671,0.19234092939659345
26,013,,182,1359,0.13392200147167035,0.07990100217255446,0.18794300077078624
26,015,,1936,13753,0.1407692867010834,0.10368900167411002,0.1778495717280568
26,017,,4111,20140,0.2041211519364449,0.1655611151140397,0.24268118875885009
26,019,,465,3084,0.1507782101167315,0.10700524498040448,0.19455117525305854
26,021,,10043,32628,0.3078031138899105,0.2651102817935931,0.3504959459862279
26,023,,2102,10642,0.19751926329637287,0.16214804050326675,0.232890486089479
26,025,,9265,30344,0.305332190877933,0.2668239964702757,0.3438403852855903
26,027,,1878,10396,0.18064640246248556,0.13516537579666332,0.2261274291283078
26,029,,993,4586,0.21652856519843,0.15753717688129987,0.27551995351556013
26,031,,965,3954,0.24405665149215983,0.17895024782993446,0.3091630551543852
26,033,,1501,6391,0.23486152401815052,0.17954039822802306,0.290182649808278
26,035,,958,6014,0.1592949783837712,0.11143733362128672,0.2071526231462557
26,037,,3010,16985,0.17721518987341772,0.14808823501454396,0.20634214473229148
26,039,,581,2330,0.24935622317596567,0.1713846201815346,0.32732782617039674
26,041,,1271,7005,0.1814418272662384,0.11588582727299618,0.2469978272594806
26,043,,702,5178,0.13557358053302435,0.08706614146307298,0.1840810196029757
26,045,,4561,22300,0.2045291479820628,0.1723177240942692,0.23674057186985636
26,047,,1009,6176,0.16337435233160622,0.12095242106965609,0.20579628359355634
26,049,,29025,89364,0.32479521955149726,0.29953780967827603,0.3500526294247185
26,051,,520,4846,0.10730499380932729,0.07201768015338708,0.1425923074652675
26,053,,395,2343,0.1685872812633376,0.10670468722699171,0.2304698752996835
26,055,,3811,18588,0.2050247471486981,0.16625945188006,0.24379004241733618
26,057,,1849,8046,0.2298036291324882,0.16735066995906903,0.29225658830590734
26,059,,1905,9809,0.1942093995310429,0.1530563366316406,0.23536246243044523
26,061,,854,7447,0.11467705116154156,0.0837834490613009,0.14557065326178223
26,063,,1030,5906,0.17439891635624788,0.1361418174984168,0.21265601521407895
26,065,,13325,55341,0.24077989194268265,0.21001360157817384,0.27154618230719146
26,067,,2789,13909,0.20051765044215974,0.16056001769873313,0.24047528318558636
26,069,,865,4307,0.200835848618528,0.15380946163895076,0.24786223559810522
26,071,,535,2038,0.26251226692836116,0.16943790564357775,0.3555866282131446
26,073,,2179,11427,0.19068871969895862,0.15119082868604522,0.23018661071187202
26,075,,9493,33444,0.2838476258820715,0.24753474106087428,0.32016051070326873
26,077,,12983,55713,0.23303358282627035,0.20635298345642633,0.25971418219611436
26,079,,758,3671,0.20648324707164262,0.13910529815128841,0.2738611959919968
26,081,,34684,155395,0.22319894462498793,0.2073782457134458,0.23901964353653007
26,083,,92,318,0.2893081761006289,0.0745991120621804,0.5040172401390774
26,085,,540,1854,0.2912621359223301,0.22389082209750666,0.3586334497471535
26,087,,3260,17562,0.18562806058535475,0.148690522542071,0.2225655986286385
26,089,,631,3474,0.18163500287852619,0.12384139753659437,0.239428608220458
26,091,,4174,20099,0.2076720234837554,0.17309719814132457,0.24224684882618625
26,093,,5082,39701,0.1280068512128158,0.1078451968885902,0.1481685055370414
26,095,,209,1017,0.2055063913470993,0.12543041401326463,0.285582368680934
26,097,,356,1630,0.2184049079754601,0.15482737193279325,0.281982444018127
26,099,,42741,181568,0.23539940958759253,0.21918023758768407,0.251618581587501
26,101,,952,4214,0.22591362126245848,0.17446514607165892,0.27736209645325804
26,103,,2295,11695,0.19623770842240273,0.1562729126719515,0.23620250417285396
26,105,,1225,5713,0.21442324523017678,0.15906158176661694,0.2697849086937366
26,107,,1427,7865,0.1814367450731087,0.14262282879796076,0.22025066134825663
26,109,,1028,4054,0.2535767143561914,0.19764565788022376,0.309507770832159
26,111,,2878,17522,0.16425065631777194,0.1317162854777101,0.19678502715783378
26,113,,421,3379,0.12459307487422314,0.08479282943355083,0.16439332031489545
26,115,,6253,32471,0.19257183332820055,0.160535719608303,0.22460794704809808
26,117,,2447,14112,0.1733985260770975,0.1383048037547288,0.20849224839946617
26,119,,244,1397,0.17465998568360774,0.08452375821333608,0.2647962131538794
26,121,,11895,39477,0.30131468956607643,0.27188703781471757,0.3307423413174353
26,123,,2710,11112,0.24388048956083513,0.19546028360923753,0.29230069551243276
26,125,,47639,259038,0.18390738038434515,0.1730430347343089,0.1947717260343814
26,127,,1142,5644,0.20233876683203403,0.15427834389607517,0.2503991897679929
26,129,,799,3720,0.21478494623655914,0.15751175700655626,0.27205813546656205
26,131,,75,669,0.11210762331838565,0.056472010141289504,0.1677432364954818
26,133,,890,5057,0.175993672137631,0.14448655715528794,0.20750078711997408
26,135,,325,1651,0.1968503937007874,0.11358777051718813,0.2801130168843867
26,137,,1419,5305,0.26748350612629596,0.19781145669961492,0.337155555552977
26,139,,9315,69190,0.13462928168810523,0.11788002263861544,0.15137854073759502
26,141,,336,1977,0.16995447647951442,0.10708192771141106,0.23282702524761778
26,143,,513,3387,0.15146147032772364,0.09733062699649325,0.20559231365895403
26,145,,11327,40075,0.28264504054897066,0.25097094740396425,0.31431913369397707
26,147,,7131,32355,0.22039870190078814,0.19428072890081577,0.2465166749007605
26,149,,2548,14777,0.1724301279014685,0.14090422202679542,0.20395603377614158
26,151,,1648,8472,0.19452313503305005,0.1503627759790834,0.2386834940870167
26,153,,401,1437,0.27905358385525403,0.19497552798837683,0.36313163972213125
26,155,,2878,14065,0.20462140063988624,0.1668961127665149,0.24234668851325758
26,157,,2066,10459,0.19753322497370684,0.16309157687500647,0.23197487307240722
26,159,,4040,17358,0.23274570803087913,0.19933950461090225,0.266151911450856
26,161,,14034,67065,0.2092596734511295,0.19036523038567715,0.22815411651658185
26,163,,156691,417884,0.3749629083669152,0.36403767039209023,0.3858881463417402
26,165,,1508,7784,0.19373072970195274,0.1510785269649074,0.23638293243899808
27,000,,249479,1308167,0.1907088315176885,0.185377835144339,0.196039827891038
27,001,,542,2505,0.21636726546906188,0.15822896030779732,0.27450557063032643
27,003,,15968,87517,0.18245597998103225,0.16324552717357496,0.20166643278848953
27,005,,1406,8230,0.17083839611178614,0.1225264150727138,0.21915037715085847
27,007,,3430,11377,0.301485453107146,0.2459226878379144,0.35704821837637757
27,009,,2149,10513,0.20441358318272615,0.14576514344916933,0.26306202291628294
27,011,,120,1113,0.1078167115902965,0.06502353542824346,0.15060988775234954
27,013,,2732,13706,0.19932876112651393,0.154899871292949,0.24375765096007887
27,015,,828,5631,0.14704315396909962,0.09973273455423404,0.1943535733839652
27,017,,1750,7863,0.2225613633473229,0.16533882640853176,0.27978390028611405
27,019,,4093,27754,0.14747423794768322,0.12473105936939576,0.17021741652597067
27,021,,1378,6169,0.22337493921218998,0.19030507673948205,0.2564448016848979
27,023,,523,2992,0.17479946524064172,0.1257286489515848,0.22387028152969862
27,025,,1891,12935,0.14619250096637032,0.1108849169329944,0.18150008499974624
27,027,,2988,16257,0.1837977486621148,0.1474076502795853,0.22018784704464428
27,029,,341,2158,0.15801668211306766,0.11968709654284139,0.19634626768329394
27,031,,164,815,0.20122699386503068,0.11762045937936239,0.284833528350699
27,033,,612,2884,0.21220527045769763,0.14331157402275974,0.2810989668926355
27,035,,2714,13820,0.19638205499276412,0.15816879944764325,0.234595310537885
27,037,,19954,106728,0.18696124728281238,0.16961635351449428,0.20430614105113049
27,039,,772,5279,0.1462398181473764,0.09850075004858158,0.19397888624617124
27,041,,1395,8477,0.16456293500058983,0.12626676513389473,0.20285910486728492
27,043,,566,3056,0.18520942408376964,0.12845925070759978,0.2419595974599395
27,045,,660,5231,0.1261709042248136,0.09432417076403156,0.15801763768559568
27,047,,1428,6629,0.21541710665258712,0.15988235233673123,0.27095186096844304
27,049,,1801,10438,0.17254263268825445,0.13432789500539355,0.21075737037111536
27,051,,194,1422,0.13642756680731363,0.08764099677050777,0.1852141368441195
27,053,,60111,272505,0.22058677822425277,0.20702314985775366,0.23415040659075187
27,055,,786,3992,0.1968937875751503,0.13064046916120503,0.2631471059890956
27,057,,581,4517,0.12862519371264114,0.09131201379001053,0.16593837363527175
27,059,,1483,9865,0.1503294475418145,0.10691280471041349,0.1937460903732155
27,061,,1394,9067,0.15374434763427816,0.11587736883298924,0.19161132643556708
27,063,,233,2163,0.1077207582061951,0.06981384301381596,0.14562767339857424
27,065,,569,3490,0.1630372492836676,0.1050248293185691,0.22104966924876612
27,067,,1993,10765,0.18513701811425917,0.13058760357247234,0.239686432656046
27,069,,98,881,0.1112372304199773,0.06872335470221613,0.15375110613773846
27,071,,403,2063,0.19534658264663113,0.10642738800081596,0.2842657772924463
27,073,,278,1452,0.19146005509641872,0.13752744712176276,0.24539266307107468
27,075,,311,2069,0.15031416143064283,0.08331177249991749,0.21731655036136815
27,077,,57,704,0.08096590909090909,0.010437600455580925,0.15149421772623725
27,079,,873,6649,0.13129793953978042,0.10009576529784811,0.16250011378171272
27,081,,179,1255,0.14262948207171314,0.10121706377427783,0.18404190036914844
27,083,,1170,6625,0.17660377358490567,0.12424886417111944,0.2289586829986919
27,085,,1698,8054,0.2108269183014651,0.1509492287793873,0.2707046078235429
27,087,,633,1661,0.3810957254665864,0.3180143477291516,0.44417710320402115
27,089,,440,2075,0.21204819277108433,0.156477698857445,0.26761868668472366
27,091,,1245,4514,0.2758085954807266,0.19100138263841454,0.3606158083230387
27,093,,769,5512,0.13951378809869375,0.0907528286552843,0.1882747475421032
27,095,,1355,6236,0.2172867222578576,0.16312457652980708,0.2714488679859081
27,097,,1400,7863,0.17804909067785832,0.13806146481613243,0.2180367165395842
27,099,,1533,10228,0.1498826750097771,0.11194113746233905,0.18782421255721513
27,101,,253,1754,0.14424173318129987,0.09992656057102875,0.188556905791571
27,103,,1055,7364,0.14326453014665944,0.10159250294322161,0.18493655735009726
27,105,,1816,6381,0.28459489108290237,0.19905011000771697,0.37013967215808774
27,107,,295,1483,0.19892110586648684,0.14655163645559077,0.2512905752773829
27,109,,6317,39331,0.16061122269965167,0.12433059368663063,0.1968918517126727
27,111,,1642,13121,0.1251429006935447,0.09489362616179751,0.15539217522529186
27,113,,341,2846,0.11981728742094168,0.07116929390904105,0.1684652809328423
27,115,,847,5636,0.15028388928317957,0.1156712084038305,0.18489657016252864
27,117,,349,2494,0.13993584603047313,0.08212766115702999,0.19774403090391626
27,119,,1223,7512,0.16280617678381257,0.11925766499274187,0.20635468857488326
27,121,,282,2438,0.11566858080393766,0.08250240754194639,0.14883475406592894
27,123,,31816,124788,0.25496041286021093,0.2359153570275154,0.27400546869290643
27,125,,159,947,0.1678986272439282,0.10544817810070968,0.23034907638714675
27,127,,419,3782,0.11078794288736118,0.0814832126184064,0.14009267315631596
27,129,,522,3389,0.1540277367955149,0.11660658581452524,0.19144888777650457
27,131,,2788,14459,0.19282108029600942,0.1506277805915572,0.23501438000046163
27,133,,207,2344,0.08831058020477815,0.05314807582672055,0.12347308458283576
27,135,,746,3639,0.20500137400384721,0.1565086761665317,0.25349407184116274
27,137,,7904,36802,0.21477093636215422,0.18573317679314247,0.24380869593116597
27,139,,5982,39923,0.1498384389950655,0.12439322178977937,0.17528365620035163
27,141,,4290,25896,0.16566265060240964,0.12649390853535064,0.20483139266946865
27,143,,304,3390,0.08967551622418879,0.05165849995590623,0.12769253249247134
27,145,,6770,37926,0.17850551073142434,0.14903059184971923,0.20798042961312946
27,147,,1688,9093,0.18563730342021334,0.13451870429353127,0.2367559025468954
27,149,,186,2174,0.08555657773689053,0.04729337808744947,0.1238197773863316
27,151,,452,2188,0.20658135283363802,0.13418848498432162,0.2789742206829544
27,153,,1062,6257,0.1697299025091897,0.1284573573152747,0.21100244770310472
27,155,,84,702,0.11965811965811966,0.044423855535133144,0.19489238378110618
27,157,,586,4706,0.12452188695282618,0.07840604933102441,0.17063772457462795
27,159,,778,3722,0.20902740462117142,0.13770893432047426,0.2803458749218686
27,161,,993,4292,0.23136067101584343,0.16442360816672896,0.2982977338649579
27,163,,9972,66151,0.15074602046832247,0.12984903054070093,0.171643010395944
27,165,,559,2948,0.18962008141112618,0.12495094192683882,0.25428922089541356
27,167,,115,1430,0.08041958041958042,0.025076758831364357,0.1357624020077965
27,169,,1051,8766,0.11989504905315994,0.08282214484800896,0.15696795325831092
27,171,,5168,40236,0.12844219107267124,0.10463840022305837,0.1522459819222841
27,173,,467,2153,0.2169066418950302,0.1521429143039395,0.2816703694861209
28,000,,251135,685495,0.3663556991662959,0.3567563847837844,0.3759550135488074
28,001,,3207,5863,0.5469895957700835,0.43406424980084374,0.6599149417393233
28,003,,2000,7647,0.2615404733882568,0.19604765012164072,0.3270332966548729
28,005,,1188,2542,0.46734854445318647,0.3423444870138519,0.592352601892521
28,007,,1936,4415,0.43850509626274065,0.35607850361314003,0.5209316889123413
28,009,,534,1596,0.33458646616541354,0.2096589388454299,0.4595139934853972
28,011,,3850,7254,0.5307416597739179,0.4493121188162464,0.6121712007315894
28,013,,919,2859,0.32144106330884925,0.21583669008576223,0.4270454365319363
28,015,,886,1675,0.528955223880597,0.32912792856348383,0.7287825191977102
28,017,,1813,4197,0.4319752203955206,0.33019967508748455,0.5337507657035567
28,019,,429,1725,0.24869565217391304,0.1474045476452249,0.34998675670260115
28,021,,830,1869,0.44408774745853397,0.2741353778109997,0.6140401171060682
28,023,,1142,3333,0.3426342634263426,0.26677772704251934,0.4184907998101659
28,025,,1970,4145,0.4752714113389626,0.374894002513044,0.5756488201648813
28,027,,3219,5531,0.5819924064364491,0.5000042393285327,0.6639805735443656
28,029,,2748,6236,0.4406670942912123,0.33343759746827045,0.5478965911141542
28,031,,1248,4410,0.2829931972789116,0.16889079762357967,0.3970955969342435
28,033,,13348,47831,0.27906587777801006,0.24179976278524917,0.31633199277077095
28,035,,6103,17692,0.3449581731856206,0.28829898121990893,0.4016173651513323
28,037,,679,1762,0.3853575482406356,0.25194221113737847,0.5187728853438928
28,039,,1677,6699,0.2503358710255262,0.1750621152637155,0.32560962678733685
28,041,,562,2572,0.21850699844479005,0.12340204441483524,0.3136119524747448
28,043,,2178,5128,0.4247269890795632,0.34326785566048573,0.5061861224986406
28,045,,2887,8875,0.32529577464788734,0.2515396319661943,0.3990519173295804
28,047,,17326,49761,0.3481843210546412,0.3204149122292386,0.3759537298800438
28,049,,25840,51163,0.5050524793307664,0.46764613400545185,0.5424588246560809
28,051,,2468,3940,0.6263959390862944,0.5103410483201211,0.7424508298524678
28,053,,1063,1862,0.5708915145005371,0.40700177281191363,0.7347812561891606
28,055,,26,37,0.7027027027027027,0.19518960540212194,1
28,057,,1219,5094,0.2393011385944248,0.1359612227810785,0.34264105440777115
28,059,,9176,33169,0.27664385420121196,0.23739847301638514,0.3158892353860388
28,061,,1588,3678,0.4317563893420337,0.2957300816971038,0.5677826969869636
28,063,,1043,1455,0.7168384879725086,0.5659343494976211,0.8677426264473961
28,065,,930,2204,0.4219600725952813,0.29792474643750766,0.5459953987530549
28,067,,5400,16652,0.3242853711265914,0.256019136320639,0.3925516059325438
28,069,,636,1610,0.3950310559006211,0.17602172893206047,0.6140403828691817
28,071,,2330,10498,0.2219470375309583,0.15721253170039107,0.2866815433615255
28,073,,4231,15913,0.2658832401181424,0.21084603652900882,0.32092044370727596
28,075,,7542,16697,0.4516979098041564,0.3798300962265022,0.5235657233818106
28,077,,987,2874,0.34342379958246344,0.2430632804524691,0.44378431871245777
28,079,,1849,4986,0.37083834737264343,0.28950016472186807,0.4521765300234188
28,081,,6681,20675,0.3231438935912938,0.27335362501191357,0.37293416217067404
28,083,,3779,7397,0.5108827903204002,0.41411395908589316,0.6076516215549072
28,085,,2534,8023,0.3158419543811542,0.24617679872469378,0.3855071100376146
28,087,,5864,13680,0.4286549707602339,0.3732257695404487,0.4840841719800191
28,089,,6492,27045,0.24004437049362173,0.20910724743995995,0.2709814935472835
28,091,,2091,5654,0.3698266713830916,0.2629527427963474,0.4767005999698358
28,093,,2225,7056,0.3153344671201814,0.2224537584315318,0.40821517580883104
28,095,,2681,7551,0.35505231095219175,0.2914296231031478,0.4186749988012357
28,097,,918,2162,0.4246068455134135,0.2513746579655903,0.5978390330612366
28,099,,3284,7943,0.41344580133450837,0.31969344195689936,0.5071981607121174
28,101,,2145,5070,0.4230769230769231,0.3156574032119202,0.5304964429419259
28,103,,1639,2519,0.6506550218340611,0.5664352070686511,0.7348748365994711
28,105,,3427,9013,0.38022855874847444,0.300934674784055,0.4595224427128939
28,107,,3791,8093,0.4684295069813419,0.3784058437243695,0.5584531702383143
28,109,,3893,13129,0.2965191560667225,0.23074827335786036,0.3622900387755847
28,111,,945,2507,0.3769445552453131,0.28155885416045734,0.4723302563301689
28,113,,4942,10100,0.4893069306930693,0.41771409640683055,0.560899764979308
28,115,,1808,8205,0.22035344302254722,0.14788660437539114,0.2928202816697033
28,117,,1394,5591,0.24932927919871223,0.1840027795835878,0.31465577881383666
28,119,,764,1334,0.5727136431784108,0.4356512573175866,0.709776029039235
28,121,,8959,35556,0.2519687253909326,0.21556576058419571,0.28837169019766956
28,123,,3626,7786,0.4657076804520935,0.36420724463167686,0.5672081162725101
28,125,,445,865,0.5144508670520231,0.30885344016280597,0.7200482939412403
28,127,,1500,5871,0.2554931016862545,0.1918388523051053,0.31914735106740366
28,129,,971,3232,0.3004331683168317,0.19081546398049984,0.41005087265316353
28,131,,927,3998,0.23186593296648325,0.14589372746716378,0.3178381384658027
28,133,,3163,5194,0.6089718906430497,0.5332661835263235,0.6846775977597759
28,135,,1472,2409,0.6110419261104193,0.5176700075518902,0.7044138446689484
28,137,,2282,6213,0.36729438274585546,0.26201590173926215,0.4725728637524488
28,139,,1473,5072,0.29041798107255523,0.19235232476612313,0.38848363737898733
28,141,,952,4009,0.23746570217011723,0.1676403590775819,0.30729104526265255
28,143,,1723,2626,0.6561309977151562,0.4571837335237001,0.8550782619066122
28,145,,2457,7037,0.3491544692340486,0.25963270423224255,0.4386762342358546
28,147,,1011,3122,0.3238308776425368,0.23620149000607754,0.4114602652789961
28,149,,4172,10109,0.41270155307152045,0.34672267929681455,0.47868042684622636
28,151,,6723,10956,0.6136363636363636,0.5401767262857126,0.6870960009870147
28,153,,1926,4910,0.39226069246435846,0.2922410044242517,0.4922803805044652
28,155,,611,2440,0.25040983606557377,0.1712568242875506,0.3295628478435969
28,157,,1046,1640,0.6378048780487805,0.47177149727095324,0.8038382588266078
28,159,,2009,3874,0.5185854414042333,0.432859413977501,0.6043114688309658
28,161,,1213,2703,0.4487606363300037,0.34096677863276015,0.5565544940272472
28,163,,2170,5677,0.38224414303329224,0.24513115659340182,0.5193571294731827
29,000,,325455,1378326,0.2361233844533151,0.23004461719419145,0.24220215171243875
29,001,,610,4692,0.13000852514919012,0.0768772979970159,0.18313975230136434
29,003,,643,4052,0.15868706811451136,0.09671491245841768,0.22065922377060504
29,005,,270,1083,0.24930747922437674,0.12961730602308535,0.3689976524256681
29,007,,881,5564,0.1583393242271747,0.09485485681682364,0.22182379163752575
29,009,,1185,7974,0.14860797592174568,0.09951463637054798,0.1977013154729434
29,011,,630,2731,0.230684730867814,0.11047375207802276,0.3508957096576052
29,013,,684,3674,0.18617310832879694,0.12888033738742327,0.2434658792701706
29,015,,857,3484,0.2459816303099885,0.17213018599807423,0.3198330746219028
29,017,,471,2296,0.20513937282229966,0.098921624139430675,0.31135712150516864
29,019,,8103,37832,0.21418375978008036,0.18493276338157721,0.2434347561785835
29,021,,5148,18578,0.2771019485412854,0.2269975738171729,0.3272063232653979
29,023,,2347,9706,0.24180919019163405,0.16989674006292524,0.3137216403203429
29,025,,454,2093,0.21691352126134736,0.15033288574422116,0.28349415677847356
29,027,,1609,9164,0.1755783500654736,0.11844197375700415,0.23271472637394303
29,029,,1091,7350,0.14843537414965988,0.10534940934329176,0.191521338956028
29,031,,3252,17546,0.18534138835062122,0.13948004958050797,0.23120272712073447
29,033,,351,1841,0.1906572514937534,0.11818198480899732,0.26313251817850947
29,035,,441,1286,0.3429237947122862,0.1534053795984515,0.5324422098261209
29,037,,5485,25973,0.2111808416432449,0.1713730798992712,0.2509886033872186
29,039,,391,3510,0.1113960113960114,0.05181520518634412,0.17097681760567868
29,041,,209,1718,0.12165308498253784,0.07458742529923149,0.1687187446658442
29,043,,3499,23269,0.15037173922386007,0.12342773765073708,0.17731574079698306
29,045,,181,1595,0.11347962382445141,0.06454396545323243,0.1624152821956704
29,047,,12039,60607,0.19864042107347335,0.17215658718130367,0.22512425496564303
29,049,,987,4962,0.1989117291414752,0.11819831270810542,0.27962514557484497
29,051,,3567,16977,0.21010779289627143,0.17801651103713312,0.24219907475540975
29,053,,615,3737,0.16457051110516457,0.11293478817319524,0.2162062340371339
29,055,,962,5022,0.19155714854639586,0.12735641130364841,0.25575788578914327
29,057,,230,1583,0.14529374605180037,0.07555223569306135,0.2150352564105394
29,059,,393,4135,0.09504232164449819,0.001477866462387109,0.18860677682660926
29,061,,256,2101,0.12184673964778676,0.07332672454306069,0.17036675475251284
29,063,,311,2152,0.14451672862453532,0.07172281604268041,0.21731064120639024
29,065,,711,3279,0.21683440073193047,0.14473106469456865,0.2889377367692923
29,067,,573,2768,0.20700867052023122,0.11773797525306803,0.29627936578739444
29,069,,2281,7076,0.3223572639909553,0.2568600836994638,0.38785444428244686
29,071,,3627,23688,0.15311550151975684,0.12027829499430431,0.18595270804520936
29,073,,625,2983,0.20952061682869594,0.12487546281913953,0.29416577083825235
29,075,,196,1609,0.12181479179614667,0.058405426134161095,0.18522415745813225
29,077,,13199,62748,0.21034933384330975,0.18697970693055774,0.23371896075606177
29,079,,372,2529,0.14709371293001186,0.07549290259515498,0.21869452326486874
29,081,,310,1990,0.15577889447236182,0.0668820862347597,0.24467570270996392
29,083,,790,4959,0.1593063117564025,0.1010273300864932,0.2175852934263118
29,085,,230,1488,0.15456989247311828,0.0714001463105683,0.23773963863566827
29,087,,207,882,0.23469387755102042,0.1683504637912378,0.30103729131080303
29,089,,345,2132,0.16181988742964354,0.0861685895122501,0.23747118534703698
29,091,,2282,9722,0.23472536515120346,0.1712250024540825,0.2982257278483244
29,093,,575,1974,0.29128672745694023,0.19299486279241848,0.38957859212146195
29,095,,52531,167398,0.3138090060813152,0.2958837637544956,0.33173424840813476
29,097,,7416,30612,0.2422579380635045,0.20358207668226344,0.2809337994447456
29,099,,11373,51587,0.2204625196270378,0.1873000110225307,0.2536250282315449
29,101,,2164,12061,0.1794212751844789,0.14634447685997004,0.21249807350898775
29,103,,115,931,0.12352309344790548,0.025760211802614466,0.22128597509319647
29,105,,2723,8946,0.30438184663536777,0.22190902985460198,0.38685466341613356
29,107,,1273,7582,0.1678976523344764,0.11988806249897183,0.21590724216998097
29,109,,1486,9739,0.15258240065715165,0.10516489730214708,0.19999990401215623
29,111,,226,2108,0.10721062618595825,0.057614538111668806,0.1568067142602477
29,113,,3048,15787,0.1930702476721353,0.14494411287662573,0.24119638246764485
29,115,,344,2764,0.12445730824891461,0.07603899116758747,0.17287562533024176
29,117,,607,3107,0.19536530415191503,0.12184479066235573,0.26888581764147435
29,119,,1156,6029,0.1917399237021065,0.12828532322637543,0.25519452417783756
29,121,,417,3493,0.11938162038362439,0.0742954775967069,0.16446776317054188
29,123,,754,2910,0.259106529209622,0.17134553477162462,0.3468675236476194
29,125,,156,1737,0.08981001727115717,0.03817074637265335,0.14144928816966099
29,127,,2417,6831,0.3538281364368321,0.2757820475891623,0.43187422528450187
29,129,,123,845,0.1455621301775148,0.05748625912565891,0.23363800122937067
29,131,,1102,5863,0.1879583830803343,0.11235203469204402,0.2635647314686246
29,133,,1041,2674,0.3893044128646223,0.27380316995812015,0.5048056557711245
29,135,,762,3872,0.19679752066115702,0.12784972515160292,0.2657453161707111
29,137,,423,1903,0.22228060956384657,0.0973380468042924,0.3472231723234007
29,139,,481,2494,0.19286287089013632,0.12200922080998214,0.2637165209702905
29,141,,368,4946,0.0744035584310554,0.035540263962886134,0.11326685289922465
29,143,,1269,3713,0.34177215189873417,0.27944287188019606,0.40410143191727227
29,145,,3304,14311,0.23087135769687653,0.1824817016490067,0.2792610137447463
29,147,,632,3477,0.181765890135174,0.13229794957299484,0.23123383069735315
29,149,,636,2005,0.3172069825436409,0.16946706269908227,0.46494690238819947
29,151,,392,3043,0.1288202431810713,0.07414166123832407,0.18349882512381854
29,153,,267,1675,0.15940298507462686,0.09187343087601357,0.22693253927324014
29,155,,1525,3909,0.39012535175236634,0.2869375060249958,0.4933131974797369
29,157,,880,4274,0.20589611605053815,0.13005326169061132,0.281738970410465
29,159,,2300,10839,0.21219669711227973,0.16857019510785226,0.2558231991167072
29,161,,2561,9430,0.2715800636267232,0.19586219895703078,0.34729792829641565
29,163,,955,3970,0.24055415617128464,0.15223980387363473,0.32886850846893456
29,165,,5141,25482,0.2017502550820187,0.16675351097952157,0.2367469991845158
29,167,,1020,7527,0.13551215623754484,0.08910373487578374,0.18192057759930594
29,169,,2859,11595,0.2465717981888745,0.18080687854737204,0.312336717830377
29,171,,205,1049,0.1954242135367016,0.0723199601239661,0.31852846694943715
29,173,,289,2201,0.13130395274875056,0.0639345082639601,0.19867339723354102
29,175,,1716,5381,0.31889983274484296,0.23698524257714956,0.40081442291253633
29,177,,1063,5269,0.20174606187132282,0.14756527032977834,0.2559268534128673
29,179,,158,1098,0.14389799635701275,0.0681062903339875,0.219689702380038
29,181,,636,2579,0.2466072120977123,0.15228265286889464,0.34093177132652996
29,183,,14354,93273,0.1538923375467713,0.1394209336049243,0.16836374148861832
29,185,,417,2028,0.20562130177514792,0.11863792960368925,0.2926046739466066
29,186,,641,3973,0.1613390385099421,0.08893036315404741,0.23374771386583681
29,187,,2986,13980,0.21359084406294707,0.1663186978860207,0.26086299023987347
29,189,,61066,218167,0.2799048435372902,0.26439886384295735,0.2954108232316231
29,195,,1105,4993,0.22130983376727417,0.16938579092967151,0.27323387660487686
29,197,,113,1109,0.1018935978358882,0.05720678713920545,0.14658040853257093
29,199,,102,1395,0.07311827956989247,0.0222923636013726,0.12394419553841235
29,201,,2770,9091,0.3046969530304697,0.24227815269425493,0.36711575336668445
29,203,,152,1627,0.09342347879532882,0.032451620377528946,0.1543953372131287
29,205,,334,1378,0.24238026124818576,0.15471067070275224,0.3300498517936193
29,207,,1058,6285,0.16833731105807478,0.1210034982928698,0.21567112382327977
29,209,,968,5324,0.18181818181818182,0.1204477261072289,0.24318863752913475
29,211,,330,1309,0.25210084033613445,0.16603279689840178,0.3381688837738671
29,213,,2540,11785,0.2155282138311413,0.1684820796115787,0.2625743480507039
29,215,,1187,5496,0.21597525473071325,0.14880654137245736,0.28314396808896913
29,217,,796,4650,0.17118279569892472,0.09740092908529933,0.2449646623125501
29,219,,1374,8595,0.15986038394415358,0.10333645540746422,0.21638431248084294
29,221,,1407,5520,0.2548913043478261,0.1629880263300734,0.3467945823655788
29,223,,161,2123,0.07583608101742817,0.03460873376839787,0.11706342826645846
29,225,,1303,11134,0.11702892042392671,0.07383994009261463,0.16021790075523878
29,227,,199,418,0.47607655502392343,0.29491732021827144,0.6572357898295754
29,229,,1134,4892,0.23180703188879803,0.13190036543194877,0.3317136983456473
29,510,,24169,52621,0.45930331996731344,0.41967767097698055,0.4989289689576463
30,000,,46784,233405,0.20044129303142605,0.1898862182588366,0.2109963678040155
30,001,,215,1585,0.13564668769716087,0,0.27982034038546877
30,003,,1357,4028,0.3368917576961271,0.2440071481525945,0.42977636723965973
30,005,,782,2013,0.388474913065077,0.28806232264533477,0.4888875034848192
30,007,,131,1526,0.08584534731323722,0.023280126332875628,0.1484105682935988
30,009,,349,1907,0.18300996329313057,0.10788817416609515,0.258131752420166
30,011,,3,229,0.013100436681222707,0,0.07382347305858242
30,013,,4330,18803,0.23028240174440248,0.18908608545777883,0.27147871803102613
30,015,,231,1313,0.17593297791317594,0.1105567619665945,0.24130919385975738
30,017,,401,2329,0.17217689995706312,0.09284649450522246,0.25150730540890376
30,019,,50,267,0.18726591760299627,0.03702075687964501,0.3375110783263475
30,021,,477,1884,0.2531847133757962,0.09899328057976511,0.40737614617182727
30,023,,204,1096,0.18613138686131386,0.08184611928764252,0.2904166544349852
30,025,,150,653,0.22970903522205208,0.09085315303593555,0.3685649174081686
30,027,,430,2440,0.1762295081967213,0.08588838910717743,0.2665706272862652
30,029,,3582,23874,0.15003769791404875,0.11965513756388244,0.18042025826421507
30,031,,3152,23194,0.13589721479693023,0.09556495370853818,0.17622947588532228
30,033,,26,272,0.09558823529411764,0.047932327779254075,0.1432441428089812
30,035,,1384,4066,0.34038366945400883,0.2569163040838751,0.42385103482414255
30,037,,1,164,0.006097560975609756,0,0.08728123161004687
30,039,,56,503,0.11133200795228629,0.02014920055207288,0.2025148153524997
30,041,,1135,4546,0.24967003959524858,0.17212908913592978,0.3272109900545674
30,043,,290,2528,0.11471518987341772,0.06496409966440289,0.16446628008243255
30,045,,119,466,0.2553648068669528,0.062322787790623446,0.44840682594328213
30,047,,1779,7118,0.2499297555493116,0.18986399419959313,0.3099955168990301
30,049,,3240,15476,0.2093564228482812,0.15997138824272572,0.2587414574538367
30,051,,70,531,0.1318267419962335,0.048154499742308815,0.2154989842501582
30,053,,856,3782,0.22633527234267584,0.11039916574665827,0.3422713789386934
30,055,,8,311,0.02572347266881029,0.0016920913391374887,0.04975485399848309
30,057,,68,1504,0.04521276595744681,0.01654607840419283,0.0738794535107008
30,059,,0,246,0,0,0.07534644130962001
30,061,,181,1028,0.17607003891050585,0.08373916620279824,0.26840091161821344
30,063,,4797,21864,0.21940175631174533,0.18081138367029853,0.2579921289531921
30,065,,207,997,0.20762286860581744,0.10842245307730611,0.3068232841343288
30,067,,622,2986,0.20830542531815138,0.13829275677369973,0.27831809386260303
30,069,,5,66,0.07575757575757576,1.0338057435060888e-4,0.1514117709408009
30,071,,141,967,0.14581178903826267,0.022051738250720904,0.26957183982580446
30,073,,173,1419,0.12191684284707541,0.07669357694621703,0.16714010874793378
30,075,,44,364,0.12087912087912088,0.012437432575412355,0.2293208091828294
30,077,,165,896,0.18415178571428573,0.06173696578664878,0.3065666056419227
30,079,,9,212,0.04245283018867924,0,0.14155671717593918
30,081,,1247,8695,0.14341575618171362,0.08994649576870141,0.19688501659472585
30,083,,615,2802,0.21948608137044967,0.12573904268573344,0.3132331200551659
30,085,,1109,3439,0.32247746437918,0.24955911154938243,0.3953958172089776
30,087,,797,2303,0.34607034303082934,0.22277990250413754,0.46936078355752114
30,089,,445,2225,0.2,0.11310314549700635,0.2868968545029937
30,091,,40,802,0.04987531172069826,0.011493587854039845,0.08825703558735667
30,093,,1723,7200,0.23930555555555555,0.16080261987277766,0.31780849123833343
30,095,,273,1925,0.14181818181818182,0.08664729677843472,0.1969890668579289
30,097,,172,743,0.23149394347240915,0.09077724374083268,0.3722106432039856
30,099,,172,1541,0.11161583387410773,0.04983738333539952,0.17339428441281593
30,101,,209,1066,0.19606003752345216,0.06363880859737736,0.32848126644952697
30,103,,28,128,0.21875,0.028658601699462688,0.40884139830053734
30,105,,420,1667,0.2519496100779844,0.10841833354729002,0.39548088660867875
30,107,,100,445,0.2247191011235955,0.0564854691959612,0.3929527330512298
30,109,,17,356,0.047752808988764044,0.001159238875075859,0.09434637910245222
30,111,,8197,38615,0.21227502265958825,0.1843926334276231,0.2401574118915534
31,000,,95396,483629,0.1972503716691927,0.18809308336955904,0.20640765996882637
31,001,,1675,7454,0.22471156426079958,0.16923006129045864,0.2801930672311405
31,003,,198,1564,0.1265984654731458,0.06582187908329568,0.1873750518629959
31,005,,2,137,0.014598540145985401,0,0.10813035069935648
31,007,,14,152,0.09210526315789473,0.01551411543178123,0.16869641088400822
31,009,,4,82,0.04878048780487805,0,0.21018617077258517
31,011,,109,1312,0.08307926829268293,0.03060466361367896,0.13555387297168692
31,013,,253,2697,0.09380793474230627,0.017767582609393817,0.16984828687521872
31,015,,69,340,0.20294117647058824,0.07472512149371507,0.3311572314474614
31,017,,59,576,0.10243055555555555,0.01380474717240733,0.1910563639387038
31,019,,1861,11462,0.16236258942592915,0.12337079902940232,0.201354379822456
31,021,,206,1512,0.13624338624338625,0.08071338647257961,0.1917733860141929
31,023,,167,2018,0.08275520317145689,0.03684912950813054,0.12866127683478323
31,025,,831,6229,0.13340825172579868,0.09510480494185686,0.1717116985097405
31,027,,266,2122,0.12535344015080113,0.06302771085144754,0.18767916945015473
31,029,,46,899,0.05116796440489433,0.0017223812495106086,0.10061354756027804
31,031,,224,1289,0.17377812257564004,0.07054991492237322,0.27700633022890686
31,033,,178,2080,0.08557692307692308,0.03997488063051989,0.13117896552332625
31,035,,277,1497,0.1850367401469606,0.12901468361336202,0.24105879668055916
31,037,,599,3254,0.18408113091579595,0.05752683777551526,0.31063542405607664
31,039,,230,2251,0.10217681030653043,0.043460161661138016,0.16089345895192286
31,041,,478,2558,0.18686473807662235,0.12602770436016011,0.24770177179308459
31,043,,1200,6293,0.19068806610519626,0.12496687636672063,0.2564092558436719
31,045,,279,1485,0.18787878787878787,0.027703949199998773,0.348053626557577
31,047,,1527,6719,0.22726596219675546,0.14541064276961058,0.30912128162390035
31,049,,88,338,0.2603550295857988,0.11602573693300641,0.4046843222385912
31,051,,305,1399,0.21801286633309508,0.1180033782782971,0.31802235438789306
31,053,,1908,9373,0.20356342686439774,0.1469588188868479,0.2601680348419476
31,055,,35008,149014,0.2349309460856027,0.21655563047591986,0.25330626169528553
31,057,,94,352,0.26704545454545453,0.02141039766981062,0.5126805114210984
31,059,,111,1068,0.10393258426966293,0.06249009441975946,0.1453750741195664
31,061,,132,573,0.23036649214659685,0.11176734854195366,0.34896563575124007
31,063,,80,525,0.1523809523809524,0.0760578735286015,0.2287040312333033
31,065,,70,991,0.07063572149344097,0.024876651022386072,0.11639479196449587
31,067,,975,4888,0.19946808510638298,0.14119228352722157,0.2577438866855444
31,069,,118,360,0.3277777777777778,0.1341797810967176,0.521375774458838
31,071,,74,351,0.21082621082621084,0.0584433945218637,0.36320902713055797
31,073,,22,423,0.05200945626477541,0,0.10663728306224257
31,075,,2,148,0.013513513513513514,0,0.09749215601681088
31,077,,66,509,0.12966601178781925,0.031029172866377575,0.22830285070926093
31,079,,3963,17138,0.23124051814680827,0.17678652351900345,0.2856945127746131
31,081,,239,2281,0.10477860587461639,0.019927371799892776,0.18962983994934002
31,083,,44,623,0.07062600321027288,0.029582021709752992,0.11166998471079276
31,085,,13,181,0.0718232044198895,0,0.18356709241023844
31,087,,91,604,0.15066225165562913,0.07851202839738174,0.2228124749138765
31,089,,369,2603,0.14175950825970035,0.07034709077998091,0.2131719257394198
31,091,,9,123,0.07317073170731707,0,0.2078993250160726
31,093,,299,1648,0.18143203883495146,0.1066288039882924,0.25623527368161053
31,095,,165,1625,0.10153846153846154,0.05681931635613346,0.1462576067207896
31,097,,251,1037,0.2420443587270974,0.14066837739860472,0.3434203400555901
31,099,,349,1663,0.20986169573060734,0.09798017757189595,0.3217432138893187
31,101,,365,1692,0.2157210401891253,0.12147746305015239,0.3099646173280982
31,103,,18,202,0.0891089108910891,0,0.1841325991924896
31,105,,86,635,0.13543307086614173,0.01955617353447059,0.25130996819781287
31,107,,419,2013,0.20814704421261798,0.1520385390471056,0.26425554937813034
31,109,,13990,73198,0.19112544058580835,0.17008358090592662,0.21216730026569008
31,111,,2355,7730,0.30465717981888746,0.2118713741364734,0.3974429855013015
31,113,,7,216,0.032407407407407406,0,0.11401541501673632
31,115,,33,130,0.25384615384615383,0.09529746637315531,0.4123948413191524
31,117,,4,100,0.04,0,0.16772765957446809
31,119,,1773,8903,0.19914635516118162,0.1453419707814452,0.25295073954091807
31,121,,177,1742,0.10160734787600459,0.04627423865456185,0.15694045709744733
31,123,,185,1010,0.18316831683168316,0.10993107971174369,0.2564055539516226
31,125,,188,792,0.23737373737373738,0.1263311514815581,0.34841632326591665
31,127,,239,1569,0.15232632249840664,0.060638479922038,0.24401416507477527
31,129,,50,751,0.06657789613848203,0.001235466924938436,0.13192032535202564
31,131,,749,3902,0.19195284469502819,0.12825409185747588,0.2556515975325805
31,133,,83,621,0.13365539452495975,0.0640036016506205,0.203307187399299
31,135,,106,686,0.15451895043731778,0.07252897617913359,0.23650892469550197
31,137,,132,2187,0.06035665294924554,0.01586640080257396,0.10484690509591713
31,139,,229,1849,0.12385073012439156,0.06613863800478328,0.18156282224399983
31,141,,2137,9212,0.23198002605297438,0.1785633299052462,0.28539672220070256
31,143,,89,1163,0.0765262252794497,0.03873598012329263,0.11431647043560678
31,145,,450,2367,0.19011406844106463,0.06288721413725523,0.317340922744874
31,147,,320,1680,0.19047619047619047,0.10726111527785065,0.2736912656745303
31,149,,20,263,0.07604562737642585,0,0.19281074776005747
31,151,,726,3830,0.18955613577023497,0.09526161944747921,0.28385065209299076
31,153,,7790,51919,0.150041410658911,0.1275001500994349,0.17258267121838708
31,155,,610,5708,0.10686755430974071,0.06543121068126201,0.1483038979382194
31,157,,2565,8646,0.2966689798750867,0.22817336218591322,0.36516459756426023
31,159,,702,4100,0.17121951219512196,0.10391582743711139,0.23852319695313254
31,161,,176,1069,0.1646398503274088,0.08755692931750253,0.24172277133731507
31,163,,81,630,0.12857142857142856,0.05882213763963594,0.19832071950322117
31,165,,12,245,0.04897959183673469,0,0.10049663730053948
31,167,,140,1448,0.09668508287292818,0.04323381032224779,0.15013635542360856
31,169,,141,1111,0.1269126912691269,0.07757099062030794,0.1762543919179459
31,171,,18,63,0.2857142857142857,0,0.6052687687773295
31,173,,961,2273,0.4227892652881654,0.3312752905481945,0.5143032400281363
31,175,,219,894,0.24496644295302014,0.11747922730760554,0.3724536585984347
31,177,,585,5064,0.11552132701421801,0.050082596455561096,0.18096005757287492
31,179,,191,1999,0.09554777388694347,0.04624512588942234,0.1448504218844646
31,181,,75,742,0.10107816711590296,0.05289137980825661,0.1492649544235493
31,183,,25,161,0.15527950310559005,0,0.3674829560778671
31,185,,578,3294,0.17547055251973284,0.10079228841814705,0.2501488166213186
32,000,,188793,691208,0.2731348595502367,0.2641374173272008,0.2821323017732726
32,001,,852,5828,0.14619080301990392,0.07928798111415558,0.21309362492565226
32,003,,149430,516545,0.28928747737370414,0.2786122248013862,0.2999627299460221
32,005,,1309,7337,0.17841079460269865,0.12362036602314046,0.23320122318225683
32,007,,2841,14254,0.19931247369159535,0.14805385837613547,0.25057108900705527
32,009,,0,132,0,0,0.17871428641207387
32,011,,57,310,0.18387096774193548,0,0.4557109855963305
32,013,,1101,4562,0.24134151687856203,0.14100093333931712,0.34168210041780694
32,015,,306,1591,0.1923318667504714,0.03653809649513412,0.3481256370058087
32,017,,266,838,0.31742243436754175,0.09967555587869717,0.5351693128563864
32,019,,1991,12381,0.16081091995800015,0.12026519503189176,0.20135664488410854
32,021,,304,934,0.32548179871520344,0.16023829778946813,0.49072529964093875
32,023,,1844,8975,0.20545961002785515,0.12698383437477295,0.28393538568093735
32,027,,208,1017,0.20452310717797442,0.06888304830538763,0.3401631660505612
32,029,,215,556,0.38669064748201437,0.1639873487075839,0.6093939462564448
32,031,,24775,102626,0.24141055872780776,0.21845081948345837,0.26437029797215716
32,033,,354,1691,0.20934358367829686,0.06134457616336489,0.35734259119322886
32,510,,2940,11631,0.2527727624451896,0.1854302885055246,0.3201152363848546
33,000,,47206,253563,0.18617069525127877,0.17473599354042257,0.19760539696213497
33,001,,2621,11157,0.23491978130321772,0.16927958682607597,0.3005599757803595
33,003,,1205,7622,0.15809498819207557,0.1112092172885289,0.20498075909562224
33,005,,2231,13750,0.16225454545454546,0.12671006546755303,0.19779902544153788
33,007,,1060,4996,0.2121697357886309,0.15405939420969228,0.27028007736756954
33,009,,2662,14182,0.18770272175997743,0.15177343818748928,0.22363200533246558
33,011,,16263,83371,0.1950678293411378,0.17364382359114858,0.21649183509112704
33,013,,5016,28536,0.1757779646761985,0.14545845486728257,0.20609747448511442
33,015,,9579,58911,0.16260121199775934,0.13956905230475244,0.18563337169076624
33,017,,4566,23308,0.1958984039814656,0.15629012204389162,0.2355066859190396
33,019,,2003,7730,0.2591203104786546,0.18548685763297718,0.332753763324332
34,000,,434025,2034328,0.2133505511402291,0.20857909033543845,0.21812201194501976
34,001,,14529,57283,0.2536354590367125,0.22514820956198897,0.28212270851143595
34,003,,30929,201008,0.15386949773143357,0.1407297330142352,0.16700926244863196
34,005,,19290,95893,0.2011617114909326,0.18316231138857858,0.2191611115932866
34,007,,35975,119561,0.30089243147849215,0.2811247645491982,0.3206600984077861
34,009,,2900,16270,0.1782421634910879,0.14209289192421645,0.21439143505795935
34,011,,9331,37388,0.24957205520487857,0.21553856966354568,0.28360554074621147
34,013,,65901,203028,0.3245906968496956,0.30575378991093105,0.34342760378846016
34,015,,13344,65183,0.20471595354617,0.18092509873139712,0.2285068083609429
34,017,,40035,141918,0.2820995222593329,0.26386875815048755,0.3003302863681782
34,019,,2561,24784,0.1033327953518399,0.08154183390200306,0.12512375680167673
34,021,,24195,84540,0.2861958836053939,0.253913774305068,0.31847799290571976
34,023,,33610,186691,0.18003010321868756,0.16350424971013156,0.19655595672724357
34,025,,20462,134609,0.15201063821884123,0.13766129982387454,0.16635997661380791
34,027,,11902,106089,0.1121888225923517,0.10022169790771568,0.12415594727698773
34,029,,20711,163197,0.12690797012199978,0.10894914829162614,0.14486679195237342
34,031,,33857,122982,0.27530045047242685,0.25493129153088734,0.29566960941396636
34,033,,4548,14299,0.31806420029372684,0.2649597449513335,0.37116865563612017
34,035,,10023,73864,0.13569533196144265,0.11425171185597295,0.15713895206691234
34,037,,4984,28357,0.17575907183411504,0.14898589929602138,0.2025322443722087
34,039,,31434,136099,0.23096422457181903,0.21317646942100693,0.24875197972263113
34,041,,3504,21285,0.1646229739252995,0.1266423133918128,0.2026036344587862
35,000,,139102,459570,0.30267859085667037,0.29086130408257704,0.3144958776307637
35,001,,41371,136154,0.30385445892151536,0.28158539970849866,0.32612351813453205
35,003,,0,230,0,0,0.10256646002779893
35,005,,4047,15649,0.25861077385136433,0.2038492375827221,0.31337231012000655
35,006,,1974,6184,0.3192108667529107,0.20247826688941822,0.4359434666164032
35,007,,827,2151,0.38447233844723383,0.24789627496680558,0.5210484019276621
35,009,,3446,12605,0.2733835779452598,0.2091945656212374,0.3375725902692822
35,011,,27,302,0.08940397350993377,0,0.25578825006332534
35,013,,14591,51835,0.28148934117874025,0.24484863604475154,0.31813004631272895
35,015,,3527,15753,0.22389386148670096,0.15165016705874834,0.29613755591465357
35,017,,1321,4968,0.26590177133655396,0.17506542983997117,0.3567381128331367
35,019,,207,968,0.21384297520661158,0.10326684061359623,0.32441910979962696
35,021,,10,188,0.05319148936170213,0,0.1382207832095891
35,023,,199,862,0.2308584686774942,0.10161525443724759,0.3601016829177408
35,025,,5320,21687,0.24530824918153732,0.1899281461905734,0.3006883521725012
35,027,,1089,3365,0.3236255572065379,0.20564218285661773,0.4416089315564581
35,028,,676,4278,0.15801776531089293,0.09344354839747439,0.22259198222431148
35,029,,2660,6610,0.40242057488653554,0.3010718202292555,0.5037693295438156
35,031,,9315,18995,0.4903922084759147,0.4328056290275706,0.5479787879242588
35,033,,363,710,0.5112676056338028,0.21557270407286727,0.8069625071947384
35,035,,4055,15015,0.2700632700632701,0.2222822450392433,0.3178442950872969
35,037,,698,1680,0.4154761904761905,0.2155132008265086,0.6154391801258724
35,039,,3539,9011,0.392742203972922,0.31717828974961815,0.4683061181962258
35,041,,1900,4676,0.40633019674935844,0.2872923041313823,0.5253680893673346
35,043,,8888,33367,0.26637096532502175,0.2258613606111282,0.30688057003891533
35,045,,9489,30113,0.31511307408760336,0.2698333116951088,0.3603928364800979
35,047,,1674,4480,0.3736607142857143,0.23845501453893392,0.5088664140324947
35,049,,7165,24950,0.2871743486973948,0.24664954705252662,0.32769915034226293
35,051,,993,1795,0.5532033426183844,0.28043141624227236,0.8259752689944966
35,053,,1389,3817,0.3638983494891276,0.1709579890693946,0.5568387099088605
35,055,,2576,5375,0.4792558139534884,0.3678574215884721,0.5906542063185046
35,057,,749,3134,0.23899170389278876,0.13328850708585888,0.34469490069971864
35,059,,255,856,0.29789719626168226,0.1434152040315707,0.4523791884917938
35,061,,4762,17807,0.26742292356938285,0.21163675790419273,0.323209089234573
36,000,,1061429,4043787,0.2624839043203809,0.25862545058035097,0.2663423580604108
36,001,,14675,56406,0.2601673580824735,0.2325331616592663,0.2878015545056807
36,003,,1746,9148,0.19086139046786182,0.15804890783988945,0.2236738730958342
36,005,,174685,338465,0.516109494334717,0.49584262623930075,0.5363763624301332
36,007,,9603,37450,0.2564218958611482,0.2228084931248213,0.2900352985974752
36,009,,3587,16583,0.21630585539407826,0.18540152239466115,0.24721018839349537
36,011,,3488,14427,0.24176890552436403,0.19404607687599074,0.2894917341727373
36,013,,7052,25667,0.2747496785756029,0.24046382250992063,0.30903553464128514
36,015,,4767,17135,0.27820250948351327,0.236589893999984,0.31981512496704256
36,017,,1877,9521,0.19714315723138326,0.1581805960243132,0.23610571843845332
36,019,,3027,14079,0.21500106541657787,0.1809822352630691,0.24901989557008664
36,021,,2505,9600,0.2609375,0.20542226808939704,0.31645273191060297
36,023,,1644,8484,0.19377652050919378,0.1442372321507804,0.24331580886760715
36,025,,1315,7008,0.18764269406392695,0.14789222268888208,0.2273931654389718
36,027,,10682,54383,0.1964216758913631,0.17679235742795898,0.21605099435476724
36,029,,53238,190759,0.2790851283556739,0.2609598527399385,0.2972104039714093
36,031,,1262,5629,0.22419612719843668,0.1593744090669141,0.2890178453299592
36,033,,1816,9231,0.19672841512295525,0.15406324959844753,0.23939358064746297
36,035,,2317,10465,0.2214046822742475,0.16371325346688492,0.2790961110816101
36,037,,2544,11748,0.21654749744637386,0.16949270131515598,0.26360229357759174
36,039,,1301,7534,0.17268383328908946,0.12084095238232154,0.22452671419585737
36,041,,143,615,0.23252032520325203,0.15298373831697726,0.3120569120895268
36,043,,2516,12175,0.206652977412731,0.15941241435627157,0.25389354046919044
36,045,,5384,27546,0.1954548754810136,0.16175166063539148,0.2291580903266357
36,047,,168348,583285,0.28862048569738635,0.27839193126221046,0.29884904013256225
36,049,,937,6009,0.1559327675153936,0.12068996369099133,0.19117557133979585
36,051,,2107,10911,0.1931078727889286,0.14723818535163286,0.23897756022622435
36,053,,2276,12128,0.18766490765171503,0.15573755426521424,0.21959226103821583
36,055,,48019,152464,0.31495303809423864,0.2979760281493127,0.3319300480391646
36,057,,3128,11446,0.27328324305434215,0.22688827993940766,0.31967820616927667
36,059,,46155,297927,0.15492050065955754,0.14489890141862807,0.164942099900487
36,061,,80034,223826,0.35757239998927737,0.33729790284619776,0.377846897132357
36,063,,10575,41711,0.25353024382057493,0.22498093727349452,0.2820795503676553
36,065,,13172,48796,0.26994015902942864,0.2435165232401902,0.2963637948186671
36,067,,27305,98233,0.2779615811387212,0.25716101968512783,0.2987621425923146
36,069,,4296,21624,0.19866814650388456,0.17116257718344613,0.226173715824323
36,071,,16847,103109,0.16339019872174107,0.1437195981660327,0.18306079927744945
36,073,,1638,7374,0.22213181448331978,0.16154051397591973,0.28272311499071984
36,075,,5976,24242,0.246514314000495,0.21082337786891114,0.28220525013207887
36,077,,1917,8849,0.21663464798282292,0.17580400107429162,0.2574652948913542
36,079,,2509,18954,0.13237311385459533,0.09899858903972761,0.16574763866946304
36,081,,117129,450431,0.26003760842393175,0.24890107972594375,0.27117413712191973
36,083,,8625,30374,0.2839599657601896,0.2486045773302426,0.3193153541901366
36,085,,24707,106659,0.2316447744681649,0.2130281129477191,0.2502614359886107
36,087,,13021,101566,0.12820235118051315,0.10989735667883038,0.14650734568219592
36,089,,3711,21136,0.1755772142316427,0.14544296452266753,0.20571146394061784
36,091,,7741,45410,0.1704690596784849,0.1489418290054954,0.19199629035147442
36,093,,8087,34366,0.2353197928184834,0.20360526922896915,0.26703431640799763
36,095,,1241,5176,0.23976043276661516,0.17810112657578592,0.3014197389574444
36,097,,549,3294,0.16666666666666666,0.10526643286653044,0.2280669004668029
36,099,,1190,6663,0.17859822902596428,0.13380971316597542,0.22338674488595314
36,101,,3965,19871,0.19953701373861407,0.16966381154682578,0.22941021593040237
36,103,,56124,316616,0.17726204613790839,0.16623602994257203,0.18828806233324474
36,105,,4252,16952,0.2508258612553091,0.20244347993457634,0.29920824257604184
36,107,,2329,9727,0.23943661971830985,0.1846593456788003,0.29421389375781937
36,109,,3207,14436,0.22215295095594348,0.16966772224383883,0.2746381796680481
36,111,,6635,30385,0.21836432450222149,0.1893751397322239,0.24735350927221908
36,113,,2163,11438,0.18910648714810283,0.14556746804177628,0.23264550625442937
36,115,,1871,11145,0.16787797218483624,0.12128953461395733,0.21446640975571515
36,117,,3347,18991,0.1762413774946027,0.14334209946676946,0.20914065552243594
36,119,,42903,211448,0.2029009496424653,0.18843434676883392,0.21736755251609668
36,121,,1215,7339,0.16555389017577327,0.12731822350421423,0.2037895568473323
36,123,,1004,5418,0.18530823181985973,0.12405304507286913,0.24656341856685032
37,000,,618502,2329800,0.2654742896385956,0.2604027485853787,0.2705458306918125
37,001,,10604,39189,0.2705861338640945,0.23752574670272406,0.30364652102546497
37,003,,1719,7136,0.24089125560538116,0.15508159778879824,0.32670091342196406
37,005,,410,1832,0.22379912663755458,0.1027476403211691,0.34485061295394004
37,007,,2076,4425,0.46915254237288134,0.3959620824348938,0.542343002310869
37,009,,1119,4547,0.24609632724873542,0.1646429365996021,0.32754971789786874
37,011,,378,2487,0.1519903498190591,0.07901790360824013,0.22496279602987806
37,013,,2959,8510,0.34770857814336076,0.2932831172532233,0.4021340390334982
37,015,,1319,2785,0.47360861759425493,0.3290084658396579,0.6182087693488519
37,017,,2262,6041,0.37444131766263866,0.29840570953679346,0.45047692578848386
37,019,,5436,21342,0.2547090244588136,0.21789082329376203,0.2915272256238652
37,021,,12487,48763,0.25607530299612413,0.22488911256765137,0.2872614934245969
37,023,,4067,15960,0.2548245614035088,0.2018323077791323,0.30781681502788527
37,025,,12598,59330,0.21233777178493174,0.1811033378531926,0.24357220571667088
37,027,,4431,15897,0.27873183619550856,0.22340189122052634,0.3340617811704908
37,029,,308,2528,0.12183544303797468,0.02926582525132669,0.21440506082462268
37,031,,2207,11640,0.18960481099656357,0.15464501127567146,0.22456461071745568
37,033,,1160,4107,0.2824446067689311,0.18829755877793358,0.37659165475992856
37,035,,8978,35300,0.2543342776203966,0.21715433115714833,0.2915142240836449
37,037,,2468,15503,0.1591949945171902,0.11530826621621432,0.2030817228181661
37,039,,993,4715,0.21060445387062565,0.15163659720459616,0.26957231053665515
37,041,,1198,2646,0.4527588813303099,0.31371372460023084,0.591804038060389
37,043,,366,1861,0.19666845781837722,0.053013509972921896,0.34032340566383257
37,045,,8089,22498,0.3595430704951551,0.3076197762884558,0.4114663647018544
37,047,,3697,10273,0.3598754015380123,0.3047458161544352,0.4150049869215894
37,049,,7025,21714,0.3235239937367597,0.2741741585382749,0.3728738289352445
37,051,,30518,84817,0.3598099437612743,0.3343714091520546,0.385248478370494
37,053,,1243,6701,0.1854947022832413,0.12095408847969079,0.2500353160867918
37,055,,1364,6756,0.20189461219656601,0.14119313939960226,0.26259608499352977
37,057,,9332,37382,0.24963886362420415,0.19938521164760734,0.299892515600801
37,059,,1741,9205,0.1891363389462249,0.13577622796772576,0.24249644992472402
37,061,,3514,11696,0.30044459644322846,0.24028738255763035,0.36060181032882654
37,063,,18867,66523,0.28361619289569023,0.24878120959737604,0.3184511761940044
37,065,,4729,11106,0.4258058707005222,0.342060890345103,0.5095508510559414
37,067,,25525,88257,0.28921218713529806,0.26403345642693177,0.31439091784366435
37,069,,3548,16166,0.21947296795744153,0.16726543049094664,0.2716805054239364
37,071,,16499,52652,0.31335941654638,0.28180862833130865,0.34491020476145134
37,073,,313,1994,0.15697091273821465,0.07123249166292497,0.24270933381350432
37,075,,308,1544,0.19948186528497408,0.06181220747960425,0.3371515230903439
37,077,,4023,12514,0.32147994246443984,0.26733027883308313,0.37562960609579654
37,079,,1564,3862,0.4049715173485241,0.33053078652409684,0.47941224817295136
37,081,,36985,120213,0.3076622328699891,0.2832055226954815,0.33211894304449674
37,083,,5283,10073,0.5244713590787253,0.445727589156664,0.6032151290007867
37,085,,6999,35334,0.1980811682798438,0.16940912206502062,0.22675321449466695
37,087,,2716,10990,0.24713375796178344,0.17956129673520743,0.31470621918835945
37,089,,5607,22119,0.25349247253492474,0.20493021501191927,0.3020547300579302
37,091,,1557,3837,0.40578577013291633,0.32254349551639905,0.4890280447494336
37,093,,4311,14451,0.2983184554702097,0.25159247623527053,0.34504443470514884
37,095,,185,781,0.23687580025608196,0.11586490636009145,0.35788669415207247
37,097,,8977,43670,0.20556446072818868,0.17522947163720132,0.23589944981917604
37,099,,2228,7120,0.3129213483146067,0.23792068924253781,0.3879220073866756
37,101,,11087,58308,0.19014543458873567,0.16049997295859722,0.21979089621887413
37,103,,589,1720,0.34244186046511627,0.22480168011207585,0.4600820408181567
37,105,,5045,15575,0.32391653290529693,0.2664024997212387,0.38143056608935516
37,107,,5304,12202,0.4346828388788723,0.3662524887925928,0.5031131889651519
37,109,,3838,19131,0.20061679995818305,0.1524445954944233,0.2487890044219428
37,111,,2190,8681,0.252275083515724,0.19298426958634682,0.3115658974451011
37,113,,1152,6710,0.17168405365126677,0.10798998458285675,0.23537812271967679
37,115,,837,3765,0.22231075697211156,0.14682614516430642,0.2977953687799167
37,117,,1616,4395,0.3676905574516496,0.2712017893234949,0.46417932557980424
37,119,,73200,263405,0.2778990527894307,0.26200213841690007,0.2937959671619614
37,121,,542,2634,0.20577069096431283,0.12585025119328738,0.28569113073533825
37,123,,1360,5288,0.25718608169440244,0.18567687701562988,0.328695286373175
37,125,,4477,22785,0.1964889181479043,0.15499195922807255,0.23798587706773608
37,127,,8112,21190,0.38282208588957056,0.3280375502383935,0.43760662154074764
37,129,,10048,42052,0.23894226196138116,0.20582675257918528,0.27205777134357706
37,131,,1299,2998,0.433288859239493,0.33002078106618715,0.5365569374127989
37,133,,10178,51265,0.1985370135570077,0.16837718557972084,0.22869684153429456
37,135,,4533,28087,0.1613913910349984,0.13298928038776786,0.18979350168222892
37,137,,475,1755,0.2706552706552707,0.1788371939885267,0.36247334732201464
37,139,,3281,8722,0.3761751891767943,0.2912066350346264,0.46114374331896224
37,141,,2792,14696,0.1899836690255852,0.14929521670807322,0.23067212134309717
37,143,,933,2439,0.38253382533825336,0.25545371256740435,0.5096139381091024
37,145,,2911,8158,0.3568276538367247,0.29595326412026507,0.41770204355318435
37,147,,13867,36805,0.37676946067110445,0.3371972370084467,0.4163416843337622
37,149,,583,3031,0.19234576047509072,0.1319925076118707,0.25269901333831074
37,151,,6204,32494,0.1909275558564658,0.1558007431280936,0.22605436858483802
37,153,,4257,9925,0.4289168765743073,0.33710314224210514,0.5207306109065095
37,155,,13390,30074,0.44523508678592805,0.4125537077029449,0.4779164658689112
37,157,,4828,18688,0.258347602739726,0.20645442719364276,0.31024077828580926
37,159,,8320,33137,0.25107885445272654,0.21251159728438543,0.2896461116210677
37,161,,4547,13037,0.3487765590243154,0.28715954882946726,0.4103935692191636
37,163,,5035,14572,0.3455256656601702,0.275817502350805,0.41523382896953537
37,165,,3670,7800,0.4705128205128205,0.4069192877050568,0.5341063533205842
37,167,,3441,13976,0.2462077847738981,0.20430037583674887,0.2881151937110473
37,169,,1522,8389,0.18142806055548932,0.11175613476009963,0.25109998635087905
37,171,,3377,15008,0.2250133262260128,0.17684184468994504,0.27318480776208054
37,173,,964,2899,0.3325284580889962,0.22102820018200908,0.44402871599598337
37,175,,1166,5252,0.22201066260472202,0.15769117977184338,0.28633014543760066
37,177,,151,553,0.2730560578661845,0.07523948799451799,0.470872627737851
37,179,,10267,64183,0.15996447657479396,0.1411349761767323,0.17879397697285562
37,181,,4991,10150,0.4917241379310345,0.4173347416119041,0.5661135342501649
37,183,,51916,270916,0.19163135436814363,0.17861463538203842,0.20464807335424884
37,185,,1420,3309,0.4291326684799033,0.33122519967016073,0.5270401372896458
37,187,,969,2060,0.4703883495145631,0.3626810667988535,0.5780956322302727
37,189,,1022,6626,0.15424086930274675,0.10788326792697826,0.20059847067851522
37,191,,9428,27941,0.3374252890018253,0.3001822807309933,0.37466829727265727
37,193,,3309,13123,0.25215270898422615,0.1905606431587644,0.3137447748096879
37,195,,5742,17983,0.31930156258688763,0.2701918473002217,0.36841127787355354
37,197,,1446,7737,0.1868941450174486,0.13416650795200447,0.23962178208289275
37,199,,581,3379,0.17194436223734832,0.10619483154664018,0.23769389292805648
38,000,,33959,183845,0.18471538524300363,0.17069471266094705,0.1987360578250602
38,001,,105,485,0.21649484536082475,0.11334436649159943,0.3196453242300501
38,003,,465,2126,0.2187206020696143,0.10296557754810083,0.3344756265911278
38,005,,1203,1943,0.6191456510550695,0.5103289874891971,0.7279623146209419
38,007,,13,186,0.06989247311827956,0,0.16333642239939
38,009,,314,1412,0.22237960339943344,0.138505333904085,0.3062538728947819
38,011,,104,717,0.14504881450488144,0.06266436879780682,0.22743326021195606
38,013,,77,583,0.1320754716981132,0.05351322436976427,0.21063771902646214
38,015,,4232,23319,0.18148291093100047,0.14719974589538107,0.21576607596661987
38,017,,8290,42798,0.19370064021683256,0.15609963926483508,0.23130164116883004
38,019,,150,797,0.18820577164366373,0.07149526838236606,0.3049162749049614
38,021,,99,1109,0.08926961226330027,0.040867886932703816,0.13767133759389671
38,023,,86,419,0.2052505966587112,0.012803945209190704,0.3976972481082317
38,025,,155,1053,0.14719848053181386,0.057026219994874616,0.2373707410687531
38,027,,72,482,0.14937759336099585,0.06882739546621743,0.22992779125577428
38,029,,61,658,0.09270516717325228,0.031056793694206088,0.15435354065229848
38,031,,54,731,0.07387140902872777,0.01184972115049783,0.13589309690695772
38,033,,118,347,0.3400576368876081,0.15275876828197243,0.5273565054932438
38,035,,2264,15354,0.14745343233033736,0.11657766124461522,0.1783292034160595
38,037,,96,505,0.1900990099009901,0.08092366680847009,0.29927435299351013
38,039,,137,463,0.2958963282937365,0.15409641624188358,0.43769624034558946
38,041,,73,450,0.1622222222222222,0.046310065579578716,0.2781343788648657
38,043,,10,524,0.019083969465648856,0,0.038336366208622255
38,045,,151,889,0.16985376827896512,0.09529679714148077,0.24441073941644947
38,047,,39,379,0.10290237467018469,0.026079764867630445,0.17972498447273894
38,049,,88,1253,0.07023144453312051,0.03918636675177093,0.1012765223144701
38,051,,44,464,0.09482758620689655,0.012320629458413376,0.1773345429553797
38,053,,318,4398,0.0723055934515689,0.034930307926640355,0.10968087897649743
38,055,,279,2069,0.1348477525374577,0.08542680216644713,0.18426870290846828
38,057,,237,1949,0.1216008209338122,0.0027263579387899334,0.2404752839288345
38,059,,1146,7703,0.14877320524470986,0.08747023334304721,0.2100761771463725
38,061,,863,2740,0.31496350364963505,0.1809359786570135,0.4489910286422566
38,063,,74,625,0.1184,0.03989780231057993,0.19690219768942008
38,065,,41,475,0.0863157894736842,0,0.17280490470613596
38,067,,177,1418,0.12482369534555712,0.0656462943999713,0.18400109629114295
38,069,,171,820,0.20853658536585365,0.07722522288232017,0.3398479478493871
38,071,,903,2667,0.33858267716535434,0.21621669054461334,0.46094866378609534
38,073,,214,1194,0.17922948073701842,0.08918603225618146,0.2692729292178554
38,075,,71,489,0.14519427402862986,0.06348670013538135,0.22690184792187837
38,077,,564,3594,0.15692821368948248,0.10463356637979064,0.2092228609991743
38,079,,1592,3833,0.41534046438820765,0.3290702937077989,0.5016106350686164
38,081,,190,776,0.24484536082474226,0.1524513271676267,0.3372393944818578
38,083,,35,219,0.1598173515981735,0.06914152068251088,0.2504931825138361
38,085,,746,1269,0.5878644602048857,0.4476552045424267,0.7280737158673447
38,087,,0,122,0,0,0.13811642743790256
38,089,,1190,9186,0.12954495972131505,0.08882209271962362,0.1702678267230065
38,091,,44,391,0.11253196930946291,0.009571751151767241,0.2154921874671586
38,093,,631,4330,0.14572748267898383,0.08837545268257099,0.20307951267539667
38,095,,41,517,0.07930367504835589,0.028203179720779174,0.1304041703759326
38,097,,319,1821,0.17517847336628226,0.10658147131076491,0.24377547542179961
38,099,,388,2410,0.16099585062240665,0.09424957758870575,0.22774212365610755
38,101,,3390,16559,0.20472250739778972,0.15041404392404853,0.25903097087153093
38,103,,116,910,0.12747252747252746,0.05374929867636613,0.2011957562686888
38,105,,1719,11915,0.14427192614351658,0.07972757666246638,0.20881627562456678
39,000,,668622,2595362,0.25762186546616617,0.25294128550566564,0.2623024454266667
39,001,,1323,6567,0.2014618547281864,0.14038358381865323,0.26254012563771956
39,003,,6422,23807,0.26975259377494015,0.2303737860802291,0.30913140146965123
39,005,,1658,11717,0.14150379790048648,0.09426647388318449,0.18874112191778847
39,007,,5797,21224,0.27313418771202413,0.23369745839819617,0.3125709170258521
39,009,,1646,9083,0.18121765936364637,0.13906957840689638,0.22336574032039636
39,011,,1620,11026,0.14692544893887174,0.09916289777915983,0.19468800009858367
39,013,,3129,12086,0.2588945887804071,0.20696149715928042,0.3108276804015338
39,015,,2130,9983,0.213362716618251,0.159293536157437,0.26743189707906506
39,017,,18643,91598,0.20353064477390337,0.1797531676178119,0.22730812192999483
39,019,,1651,5450,0.30293577981651376,0.2157235233483975,0.39014803628463
39,021,,1661,8526,0.19481585737743373,0.13812972313020658,0.25150199162466086
39,023,,8757,30477,0.28733143025888375,0.248173846320373,0.32648901419739446
39,025,,9008,46715,0.19282885582789255,0.16523194770953875,0.22042576394624636
39,027,,1942,9510,0.20420609884332283,0.14584291714543338,0.26256928054121226
39,029,,5658,20307,0.27862313487959817,0.23454110873131745,0.3227051610278789
39,031,,2620,8742,0.29970258522077325,0.2263882976183565,0.37301687282319
39,033,,2249,9070,0.24796030871003308,0.1856368119564394,0.31028380546362677
39,035,,94555,254491,0.37154555563850983,0.3572211498434001,0.38586996143361957
39,037,,1983,12193,0.162634298367916,0.11554076713854036,0.20972782959729167
39,039,,1695,8626,0.19649895664270808,0.14306195201628133,0.24993596126913484
39,041,,6627,56221,0.11787410398249765,0.09756551903200407,0.13818268893299124
39,043,,4757,14414,0.33002636325794366,0.2855352348227247,0.3745174916931626
39,045,,7158,38940,0.18382126348228042,0.15454324487833512,0.21309928208622572
39,047,,1108,6746,0.16424547880225318,0.1087483235784224,0.21974263402608396
39,049,,92826,309557,0.29986722962168516,0.2850383652994464,0.31469609394392395
39,051,,1878,9750,0.1926153846153846,0.13584955700965518,0.24938121222111403
39,053,,1531,6797,0.22524643224952184,0.1495808354999028,0.3009120289991409
39,055,,1737,21179,0.08201520373955333,0.05989499034332303,0.10413541713578363
39,057,,6655,34804,0.19121365360303413,0.1631214986219556,0.21930580858411267
39,059,,2028,8424,0.24074074074074073,0.16613800550952113,0.31534347597196033
39,061,,62000,190359,0.32570038716320215,0.3084486383698276,0.3429521359565767
39,063,,2783,16274,0.17100897136536808,0.12807038051453012,0.21394756221620603
39,065,,978,6957,0.14057783527382492,0.08793462865112414,0.1932210418965257
39,067,,760,3001,0.25324891702765745,0.15180628626622183,0.35469154778909306
39,069,,755,6411,0.11776633910466386,0.07115122007358701,0.1643814581357407
39,071,,1709,10401,0.1643111239303913,0.12095828842390588,0.2076639594368767
39,073,,1376,5961,0.23083375272605267,0.16013376480302247,0.3015337406490829
39,075,,583,13443,0.043368295767313846,0.0224906557522488,0.06424593578237889
39,077,,3721,13779,0.27004862471877494,0.2129083894931683,0.3271888599443816
39,079,,1322,7767,0.17020728724089096,0.10715377541410946,0.23326079906767244
39,081,,3790,12482,0.3036372376221759,0.25140567070032505,0.3558688045440268
39,083,,2170,14352,0.1511984392419175,0.10427488042541835,0.19812199805841665
39,085,,10619,44775,0.23716359575656057,0.2059815604434433,0.26834563106967785
39,087,,3050,12232,0.24934597776324394,0.20356884262745878,0.2951231128990291
39,089,,7824,41478,0.18863011717054826,0.1613278770646233,0.21593235727647322
39,091,,2190,10458,0.20940906483075158,0.16409394217188053,0.25472418748962267
39,093,,18918,68268,0.27711372824749514,0.2528538589935712,0.30137359750141907
39,095,,34780,97288,0.3574952717704136,0.3307631466726522,0.38422739686817503
39,097,,1499,8860,0.16918735891647854,0.11652026504407062,0.22185445278888646
39,099,,15381,45817,0.3357050876312286,0.3082504047026688,0.3631597705597884
39,101,,3373,13837,0.24376671243766712,0.17979184051876346,0.3077415843565708
39,103,,6080,39201,0.1550980842325451,0.13351272445260318,0.176683444012487
39,105,,1435,4509,0.3182523841206476,0.23375950570145837,0.40274526253983683
39,107,,1290,10810,0.11933395004625347,0.08210979782226566,0.15655810227024128
39,109,,4763,25228,0.18879816077374345,0.1520374009927733,0.2255589205547136
39,111,,542,2689,0.20156191892896988,0.1224222404675475,0.28070159739039224
39,113,,36552,118550,0.3083256010122311,0.2876604532241483,0.3289907488003139
39,115,,589,2851,0.2065941774815854,0.1353256939615432,0.2778626610016276
39,117,,1293,7683,0.16829363529871144,0.09735429994586563,0.23923297065155724
39,119,,5351,19549,0.2737224410455778,0.23367618941878612,0.3137686926723695
39,121,,443,2712,0.16334808259587022,0.07811644589784075,0.2485797192938997
39,123,,1588,7013,0.2264366177099672,0.15450835909756613,0.2983648763223683
39,125,,1072,4437,0.24160468785215236,0.15784747280612993,0.3253619028981748
39,127,,1549,8319,0.18620026445486237,0.13656347934432084,0.2358370495654039
39,129,,2505,12893,0.19429147599472582,0.15111458483043172,0.23746836715901992
39,131,,1517,6334,0.23950110514682665,0.1632817669759015,0.31572044331775184
39,133,,6264,29444,0.2127428338540959,0.17989725775176033,0.24558840995643147
39,135,,1610,9032,0.1782550930026572,0.139018773762055,0.21749141224325944
39,137,,822,8753,0.09391065920255912,0.06325289627449794,0.12456842213062029
39,139,,5893,27089,0.21754217579091145,0.18322298095095574,0.25186137063086717
39,141,,3755,16065,0.23373793962029257,0.1802461762843621,0.2872297029562231
39,143,,3630,12639,0.28720626631853785,0.2300145649323297,0.344397967704746
39,145,,3922,15705,0.24972938554600446,0.19918610801775416,0.30027266307425476
39,147,,2429,11650,0.20849785407725321,0.16467903475090784,0.2523166734035986
39,149,,2381,11708,0.20336522036214555,0.1398828005044915,0.26684764021979956
39,151,,20495,80328,0.2551414201772732,0.23070576341277468,0.2795770769417717
39,153,,32788,111174,0.2949250724090165,0.274500823780796,0.315349321037237
39,155,,11169,41286,0.27052753960180204,0.2374289418915215,0.30362613731208254
39,157,,3462,21435,0.1615115465360392,0.12893398499620357,0.19408910807587482
39,159,,1686,16227,0.10390090589757811,0.07464030128869523,0.133161510506461
39,161,,1324,6617,0.20009067553271875,0.15214455558849516,0.24803679547694235
39,163,,490,2625,0.18666666666666668,0.10431303963819061,0.26902029369514274
39,165,,7143,59456,0.12013926264800862,0.1004253498519683,0.13985317544404893
39,167,,2400,11685,0.20539152759948653,0.16289740669737335,0.24788564850159972
39,169,,2990,27839,0.10740328316390675,0.08801313157666052,0.12679343475115298
39,171,,1707,8064,0.21168154761904762,0.16702144622195747,0.25634164901613776
39,173,,4817,26691,0.18047281855307032,0.15069480743327815,0.2102508296728625
39,175,,843,4842,0.17410161090458487,0.11398730107767956,0.23421592073149017
40,000,,242504,962631,0.251917920781691,0.2463907003275938,0.2574451412357882
40,001,,1563,5028,0.31085918854415273,0.2452049174226473,0.3765134596656582
40,003,,117,1045,0.11196172248803828,0.05497788868357627,0.1689455562925003
40,005,,629,3061,0.20548840248284875,0.14970293208236252,0.261273872883335
40,007,,158,1237,0.12772837510105092,0.07392815109519699,0.18152859910690486
40,009,,1275,5121,0.24897480960749854,0.16070833917112923,0.3372412800438679
40,011,,567,2108,0.2689753320683112,0.18731243463263678,0.3506382295039856
40,013,,2833,11404,0.24842160645387584,0.20617416481961678,0.2906690480881349
40,015,,1713,6074,0.28202173197234115,0.23519020946013977,0.3288532544845425
40,017,,7297,43320,0.16844413665743305,0.14343913584242174,0.19344913747244435
40,019,,3431,12101,0.2835302867531609,0.23942022178749778,0.327640351718824
40,021,,2480,10128,0.24486571879936808,0.19769325759353135,0.2920381800052048
40,023,,1355,3493,0.38791869453192096,0.31845223180183097,0.45738515726201096
40,025,,151,456,0.33114035087719296,0.0746768210984412,0.5876038806559447
40,027,,14243,61162,0.23287335273535856,0.2060369273575617,0.2597097781131554
40,029,,341,1280,0.26640625,0.17150816681981335,0.3613043331801867
40,031,,9268,28821,0.32157107664550155,0.29095829331256895,0.35218385997843416
40,033,,237,1253,0.189146049481245,0.12035356172872717,0.2579385372337628
40,035,,893,3206,0.2785402370555209,0.2156783312402508,0.34140214287079096
40,037,,3852,16939,0.22740421512485978,0.19794638145846066,0.2568620487912589
40,039,,1305,7043,0.18529035922192247,0.137607952913675,0.23297276553016993
40,041,,2047,8068,0.2537183936539415,0.20033989576283,0.307096891545053
40,043,,216,1192,0.18120805369127516,0.11009763557438473,0.2523184718081656
40,045,,102,814,0.12530712530712532,0.06564322583800833,0.1849710247762423
40,047,,3933,16066,0.24480268890825346,0.19630394025340242,0.2933014375631045
40,049,,1316,6466,0.20352613671512526,0.16450213983855966,0.24255013359169086
40,051,,2300,13136,0.1750913520097442,0.1451878604788596,0.20499484354062883
40,053,,209,979,0.21348314606741572,0.14092069678702174,0.2860455953478097
40,055,,119,1094,0.10877513711151737,0.01745309564445817,0.20009717857857656
40,057,,134,587,0.2282793867120954,0.12671010813875558,0.3298486652854352
40,059,,26,763,0.03407601572739188,0,0.07323979009810963
40,061,,667,2750,0.24254545454545454,0.17643413196126168,0.3086567771296474
40,063,,636,2871,0.22152560083594566,0.16414336728169066,0.27890783439020067
40,065,,1731,6086,0.28442326651330924,0.22629812520242287,0.3425484078241956
40,067,,509,1345,0.37843866171003715,0.2928134383264711,0.4640638850936032
40,069,,721,2397,0.30079265748852735,0.2265359266736297,0.375049388303425
40,071,,2857,10772,0.26522465651689564,0.212979733429978,0.3174695796038133
40,073,,662,4120,0.16067961165048544,0.09963796205836381,0.22172126124260708
40,075,,560,2021,0.27709054923305293,0.19750775240497115,0.3566733460611347
40,077,,615,2088,0.29454022988505746,0.21664698343138683,0.3724334763387281
40,079,,2777,11925,0.2328721174004193,0.20006272513558265,0.26568150966525594
40,081,,1783,7993,0.22307018641311147,0.18494929102197558,0.2611910818042473
40,083,,1597,11410,0.1399649430324277,0.09392758375872348,0.18600230230613193
40,085,,552,2474,0.2231204527081649,0.1674227882935213,0.2788181171228085
40,087,,1632,11342,0.14388996649620878,0.10947481842662612,0.17830511456579143
40,089,,2890,8134,0.35529874600442585,0.30465171207097086,0.40594577993788084
40,091,,1329,3865,0.3438551099611902,0.27750939000888686,0.4102008299134935
40,093,,270,1933,0.1396792550439731,0.06967368727451574,0.20968482281343048
40,095,,639,3668,0.1742093784078517,0.11955352752888632,0.22886522928681707
40,097,,1975,9122,0.21650953738215303,0.17770354042967543,0.25531553433463067
40,099,,825,3101,0.26604321186713964,0.19326366412146245,0.3388227596128168
40,101,,5062,16154,0.31335892039123436,0.28063870973899663,0.3460791310434721
40,103,,451,2466,0.18288726682887266,0.11960631176551172,0.24616822189223359
40,105,,549,2171,0.2528788576692768,0.18189064260737686,0.32386707273117676
40,107,,702,2541,0.2762691853600944,0.2129424485564917,0.33959592216369716
40,109,,57556,203965,0.2821856691098963,0.2666520105311634,0.2977193276886292
40,111,,2702,8690,0.31093210586881476,0.26018418387675035,0.36168002786087916
40,113,,2196,9577,0.22929936305732485,0.187239709078713,0.2713590170359367
40,115,,2076,7628,0.27215521761929734,0.24348790171641976,0.3008225335221749
40,117,,771,3646,0.21146461876028524,0.15202559812476388,0.27090363939580664
40,119,,4298,15263,0.28159601651051563,0.22700303280561931,0.336189000215412
40,121,,2412,9834,0.24527150701647346,0.20177075617818385,0.28877225785476307
40,123,,2471,9543,0.25893324950225294,0.21329409503797458,0.3045724039665313
40,125,,3708,16931,0.21900655602149902,0.1899166619393976,0.24809645010360043
40,127,,694,2309,0.30056301429190124,0.22659078560326695,0.37453524298053553
40,129,,124,815,0.1521472392638037,0.09068412783044505,0.21361035069716233
40,131,,3997,22864,0.17481630510846746,0.15369145816566232,0.1959411520512726
40,133,,1660,5709,0.2907689612891925,0.24553773108640928,0.33600019149197574
40,135,,2402,9484,0.2532686630113876,0.2089683244616146,0.2975690015611606
40,137,,2193,9891,0.22171671216257202,0.17840267067785867,0.26503075364728534
40,139,,1490,5979,0.24920555276802142,0.1499314639390497,0.3484796415969932
40,141,,397,1575,0.25206349206349205,0.15746103049905416,0.34666595362792996
40,143,,46135,170236,0.27100613266289153,0.25911010019264114,0.2829021651331419
40,145,,3856,20455,0.1885113664140797,0.16050907370228318,0.21651365912587622
40,147,,2850,12803,0.2226040771694134,0.17703556573432977,0.26817258860449705
40,149,,587,2601,0.22568242983467898,0.14907767043613948,0.3022871892332185
40,151,,434,1785,0.24313725490196078,0.14953978595812342,0.33673472384579817
40,153,,1394,4854,0.2871858261227853,0.21672887621000692,0.3576427760355637
41,000,,178366,844326,0.21125252568320768,0.20394970827374043,0.21855534309267494
41,001,,678,3306,0.20508166969147004,0.12211589205192191,0.28804744733101817
41,003,,2857,15143,0.18866803143366573,0.14988786408330443,0.22744819878402703
41,005,,14536,88149,0.16490260808403953,0.147091976604337,0.18271323956374205
41,007,,1356,7378,0.18378964489021415,0.11714240686593756,0.25043688291449073
41,009,,2358,10851,0.21730716063035665,0.16372804253696593,0.2708862787237474
41,011,,3155,11364,0.2776311158042943,0.2146313573050395,0.3406308743035491
41,013,,1261,5121,0.24624096856082797,0.13953195166876814,0.3529499854528878
41,015,,741,3277,0.22612145254806226,0.10596107585964673,0.34628182923647777
41,017,,8254,38967,0.2118202581671671,0.1713812606121172,0.252259255722217
41,019,,5326,21231,0.25085959210588293,0.20587180574557715,0.2958473784661887
41,021,,83,375,0.22133333333333333,0.04926120377806359,0.39340546288860306
41,023,,145,1243,0.1166532582461786,0.012610009078007633,0.22069650741434957
41,025,,331,1360,0.24338235294117647,0.13225033956562965,0.3545143663167233
41,027,,701,5207,0.13462646437487996,0.07889174322082301,0.1903611855289369
41,029,,9109,44995,0.2024447160795644,0.17494586709439305,0.22994356506473576
41,031,,1751,5715,0.3063867016622922,0.2240775228832566,0.3886958804413278
41,033,,3911,16841,0.2322308651505255,0.18717084772008422,0.27729088258096674
41,035,,3131,15186,0.2061767417358093,0.15773875391739944,0.25461472955421915
41,037,,213,1481,0.14382174206617152,0.0493865147812516,0.23825696935109142
41,039,,16773,66674,0.25156732759396466,0.22719342502614334,0.275941230161786
41,041,,1876,7887,0.23785976924052238,0.17326911344159746,0.3024504250394473
41,043,,5690,28619,0.19881896642090918,0.16693317509491484,0.23070475774690352
41,045,,2233,8027,0.27818612183879404,0.216010442832771,0.3403618008448171
41,047,,17311,81853,0.21148888861739948,0.18867683406650004,0.23430094316829891
41,049,,746,3340,0.22335329341317364,0.13409092601405598,0.3126156608122913
41,051,,35345,140766,0.25109046218547093,0.23253121401311072,0.26964971035783114
41,053,,4429,19332,0.22910200703496794,0.17674699574340777,0.28145701832652814
41,055,,67,390,0.1717948717948718,0.06333639836424156,0.28025334522550205
41,057,,800,4964,0.16116035455278002,0.1100003546882136,0.21232035441734642
41,059,,4748,19609,0.24213371411086745,0.19374735791758,0.29052007030415494
41,061,,1302,5563,0.23404637785367607,0.16086003055272297,0.3072327251546292
41,063,,264,1517,0.17402768622280818,0.06573586242227838,0.282319510023338
41,065,,851,5664,0.15024717514124294,0.10012799661272533,0.20036635366976058
41,067,,21955,129883,0.1690367484582278,0.15609322362311967,0.18198027329333594
41,069,,31,165,0.18787878787878787,0.02864371374145308,0.34711386201612265
41,071,,4048,22883,0.17689988200847792,0.1382113508273829,0.21558841318957295
42,000,,667024,2654150,0.251313603225138,0.2467716148499692,0.25585559160030685
42,001,,3961,20506,0.19316297668974935,0.15584056431091894,0.23048538906857977
42,003,,61412,229560,0.26752047395016554,0.25545552289840173,0.27958542500192934
42,005,,2033,12226,0.16628496646491084,0.1273564988466761,0.20521343408314557
42,007,,7353,32188,0.2284391698769728,0.19686949779936516,0.26000884195458046
42,009,,1277,9227,0.13839817925652975,0.10445733874385829,0.1723390197692012
42,011,,24386,94812,0.2572037294857191,0.2353736099366695,0.27903384903476874
42,013,,5596,24368,0.22964543663821405,0.19409752591624957,0.2651933473601785
42,015,,2813,13231,0.212606756858892,0.17340633427711435,0.25180717944066966
42,017,,22553,128782,0.17512540572440247,0.15921577459693548,0.19103503685186946
42,019,,5164,37751,0.1367910783820296,0.11754287218077947,0.15603928458327976
42,021,,7585,25103,0.30215512090188423,0.27136946720980404,0.33294077459396443
42,023,,241,748,0.32219251336898397,0.1885909992232445,0.4557940275147234
42,025,,3088,12329,0.2504663800794874,0.1954480542379144,0.3054847059210604
42,027,,3369,23051,0.14615417986204504,0.1156705111761571,0.17663784854793296
42,029,,16825,120145,0.1400391193973948,0.12658789817663477,0.15349034061815484
42,031,,1193,7047,0.1692918972612459,0.1367145169927872,0.20186927752970463
42,033,,3058,14322,0.21351766513056836,0.17293983878138125,0.25409549147975546
42,035,,1330,7593,0.17516133280653234,0.1311129904457581,0.21920967516730658
42,037,,2150,11407,0.18848075742964845,0.14225066408972184,0.23471085076957507
42,039,,3757,16933,0.22187444634736905,0.18233871011357378,0.26141018258116433
42,041,,9382,54871,0.1709828506861548,0.14256271393864162,0.19940298743366797
42,043,,18450,64644,0.2854093187302766,0.25212275504615544,0.3186958824143977
42,045,,36712,127232,0.2885437625754527,0.2666549964645705,0.3104325286863349
42,047,,1124,5785,0.19429559204840105,0.1373947005593396,0.2511964835374625
42,049,,17213,55477,0.31027272563404656,0.2788497053453584,0.3416957459227347
42,051,,6126,24017,0.2550693258941583,0.214535259167087,0.29560339262122964
42,053,,22,161,0.13664596273291926,0.08585526777020511,0.18743665769563342
42,055,,6597,34452,0.19148380355276906,0.1575711347928063,0.22539647231273183
42,057,,502,2864,0.17527932960893855,0.12408993938031279,0.2264687198375643
42,059,,1455,6591,0.22075557578516158,0.17231622693195003,0.26919492463837313
42,061,,1433,7703,0.1860314163312995,0.15366338997024384,0.21839944269235514
42,063,,2103,14877,0.14135914498890906,0.11565336612849929,0.1670649238493188
42,065,,1980,9365,0.21142552055525896,0.164646547550402,0.25820449356011593
42,067,,598,5161,0.11586901763224182,0.08562131589182523,0.1461167193726584
42,069,,12827,44118,0.2907430073892742,0.2601722561846537,0.3213137585938947
42,071,,18445,128760,0.14325100963031998,0.12897381354555135,0.1575282057150886
42,073,,4668,16992,0.2747175141242938,0.2302783049362011,0.3191567233123865
42,075,,6955,32442,0.21438259046914493,0.17916507810598586,0.249600102832304
42,077,,24689,84389,0.2925618267783716,0.26476705041954585,0.3203566031371974
42,079,,22827,66305,0.3442726792851218,0.31816141710449825,0.3703839414657453
42,081,,5563,23260,0.2391659501289768,0.19611752789980058,0.282214372358153
42,083,,1776,7707,0.23043985986765278,0.18251563565877685,0.27836408407652874
42,085,,4447,20421,0.21776602517016797,0.1880855812416407,0.24744646909869522
42,087,,1628,10424,0.15617805065234075,0.11451407285809286,0.19784202844658866
42,089,,8391,31980,0.2623827392120075,0.21669929627521994,0.30806618214879505
42,091,,30459,184372,0.16520404399800404,0.15247345608318405,0.17793463191282402
42,093,,839,3549,0.23640462102000565,0.1485343662131906,0.3242748758268207
42,095,,13603,60835,0.22360483274430837,0.20021955183517126,0.24699011365344548
42,097,,4036,17759,0.2272650487076975,0.18859359731081285,0.26593650010458214
42,099,,1733,9677,0.17908442699183633,0.14035910712165278,0.21780974686201987
42,101,,155901,333408,0.4675982579902102,0.4481352000591506,0.48706131592126983
42,103,,1852,10432,0.17753067484662577,0.12893910468671188,0.22612224500653966
42,105,,564,3229,0.1746670795912047,0.13076861914477295,0.21856554003763645
42,107,,7748,28533,0.2715452283321067,0.23063961304531982,0.3124508436188936
42,109,,754,8106,0.09301751788798421,0.06789429612006982,0.1181407396558986
42,111,,2193,13210,0.1660105980317941,0.13650520184066708,0.19551599422292112
42,113,,75,610,0.12295081967213115,0.06907177379861382,0.17682986554564847
42,115,,1599,7192,0.22233036707452725,0.18394345905422158,0.2607172750948329
42,117,,1355,8037,0.16859524698270498,0.13937687743468646,0.1978136165307235
42,119,,748,7338,0.10193513218860725,0.06002906739114938,0.14384119698606512
42,121,,1979,9426,0.20995119881179716,0.16615495071426037,0.25374744690933393
42,123,,1385,7442,0.1861058855146466,0.1424879247954025,0.2297238462338907
42,125,,7734,41035,0.18847325453880834,0.16644652190483228,0.2104999871727844
42,127,,1666,8388,0.19861707200762996,0.15243476471813985,0.24479937929712006
42,129,,12571,64031,0.1963267792163171,0.17521365800848823,0.217439900424146
42,131,,924,4959,0.18632788868723532,0.14604176527197427,0.22661401210249638
42,133,,22249,101255,0.219732358895857,0.20158836106734032,0.23787635672437366
44,000,,52685,206721,0.2548604157294131,0.23778443833648502,0.27193639312234114
44,001,,1733,8821,0.1964629860560027,0.14343521970349382,0.2494907524085116
44,003,,6294,30883,0.2038014441602176,0.17147977947557452,0.23612310884486065
44,005,,2687,13434,0.20001488759863034,0.15761997741914574,0.24240979777811494
44,007,,37990,133672,0.2842031240648752,0.2615060029806991,0.3069002451490513
44,009,,3981,19911,0.1999397318065391,0.15514375279441306,0.24473571081866513
45,000,,332230,1132430,0.29337795713642345,0.28615217235147455,0.30060374192137235
45,001,,1383,4793,0.28854579595243063,0.19581136698666102,0.38128022491820024
45,003,,10484,37287,0.2811703810979698,0.24243097370653424,0.31990978848940543
45,005,,641,1361,0.4709772226304188,0.3052422420481168,0.6367122032127208
45,007,,12784,47466,0.2693296254160873,0.23546848475721738,0.3031907660749572
45,009,,979,2352,0.41624149659863946,0.2654930549662107,0.5669899382310682
45,011,,2619,4863,0.5385564466378778,0.4583731026110896,0.618739790664666
45,013,,8667,33968,0.2551519076778144,0.2143990045917548,0.2959048107638741
45,015,,14513,58234,0.249218669505787,0.2149682717087133,0.2834690673028607
45,017,,625,2639,0.23683213338385753,0.13817422540601448,0.3354900413617006
45,019,,21987,81689,0.269154965784867,0.24136583886706103,0.2969440927026729
45,021,,4214,12872,0.3273772529521442,0.26667551893971847,0.38807898696456994
45,023,,2871,7183,0.3996937212863706,0.3098209948222632,0.489566447750478
45,025,,3953,9687,0.4080726747186952,0.3504281690519818,0.46571718038540855
45,027,,1983,5595,0.3544235924932976,0.2891351008421023,0.41971208414449285
45,029,,3701,8738,0.4235523002975509,0.33552988190904653,0.5115747186860553
45,031,,6057,13880,0.4363832853025937,0.373268483684994,0.4994980869201934
45,033,,3220,7048,0.4568671963677639,0.3789814241108338,0.534752968624694
45,035,,11344,40202,0.28217501616834983,0.2398496815692181,0.32450035076748157
45,037,,1617,4546,0.3556973163220414,0.27547336102548603,0.43592127161859673
45,039,,1653,3691,0.44784611216472503,0.35507878810688465,0.5406134362225654
45,041,,11967,32241,0.3711733507025216,0.321130828284208,0.4212158731208352
45,043,,3168,10970,0.2887876025524157,0.21589118085074108,0.3616840242540903
45,045,,27506,125183,0.21972632066654418,0.2010271195492196,0.23842552178386878
45,047,,5016,15449,0.3246812091397501,0.27900766610475247,0.3703547521747478
45,049,,1417,3898,0.36351975371985634,0.27383872462341136,0.45320078281630133
45,051,,19563,64896,0.30145155325443784,0.26738552058011755,0.33551758592875813
45,053,,2088,5863,0.35613167320484396,0.26259887304760837,0.44966447336207954
45,055,,3719,15831,0.23491883014338955,0.19122696459547966,0.2786106956912994
45,057,,5654,22504,0.25124422324920015,0.2024123042722967,0.3000761422261036
45,059,,5489,14897,0.3684634490165805,0.3088500693184479,0.42807682871471314
45,061,,1253,3022,0.41462607544672403,0.32778142179725367,0.5014707290961944
45,063,,15833,69982,0.22624389128633077,0.20330038490809002,0.24918739766457151
45,065,,682,901,0.7569367369589345,0.6055374156671411,0.9083360582507278
45,067,,4010,6333,0.6331912205905574,0.5032837026148325,0.7630987385662824
45,069,,2009,5169,0.3886631843683498,0.3010628579847435,0.47626351075195605
45,071,,3046,8188,0.3720078163165608,0.3072724114658617,0.43674322116725994
45,073,,4197,15237,0.27544792281945263,0.22361170737510982,0.32728413826379543
45,075,,9771,17774,0.5497355688083718,0.4907114552665225,0.6087596823502212
45,077,,5373,24887,0.21589584923855829,0.1774505935003907,0.2543411049767259
45,079,,35487,90344,0.3927986363233862,0.35954340140187263,0.42605387124489974
45,081,,1150,4196,0.27407054337464254,0.19117405062135312,0.35696703612793196
45,083,,19826,81187,0.24420165790089546,0.2231659091619027,0.2652374066398882
45,085,,9206,24801,0.3711947098907302,0.3234480238450911,0.41894139593636937
45,087,,2337,5534,0.42229851825081316,0.33374324516522547,0.5108537913364009
45,089,,2252,5868,0.3837764144512611,0.3135095577392154,0.4540432711633068
45,091,,14916,69181,0.21560833176739277,0.19245913398657422,0.23875752954821133
46,000,,44068,218628,0.20156613059626396,0.19115531666433128,0.21197694452819665
46,003,,119,648,0.18364197530864199,0.09073044658313657,0.2765535040341474
46,005,,602,5341,0.1127129750982962,0.06377402687096578,0.1616519233256266
46,007,,441,1174,0.3756388415672913,0.17766070356563912,0.5736169795689435
46,009,,96,1307,0.07345065034429993,0.03599363054202495,0.1109076701465749
46,011,,743,7388,0.10056848944233893,0.06193356961301944,0.13920340927165842
46,013,,1613,8915,0.18093101514301738,0.11286259896696278,0.24899943131907198
46,015,,356,1282,0.27769110764430577,0.11864495622657373,0.4367372590620378
46,017,,389,708,0.5494350282485876,0.3675105824840824,0.7313594740130928
46,019,,405,2647,0.15300340007555724,0.08333822277652655,0.22266857737458792
46,021,,4,331,0.012084592145015106,0,0.04080399682680781
46,023,,854,2822,0.3026222537207654,0.2165623922078324,0.3886821152336984
46,025,,158,1130,0.13982300884955753,0.0688902167824635,0.21075580091665158
46,027,,516,2635,0.19582542694497154,0.07630223830000124,0.31534861558994187
46,029,,960,6611,0.14521252458024506,0.08399269391118103,0.20643235524930909
46,031,,657,1345,0.4884758364312268,0.3833147887642298,0.5936368840982237
46,033,,188,1193,0.15758591785414922,0.054488214381540945,0.2606836213267575
46,035,,897,4689,0.19129878438899553,0.1139667433073377,0.26863082547065337
46,037,,306,1209,0.2531017369727047,0.14155842420824527,0.36464504973716416
46,039,,84,1048,0.08015267175572519,0.033648428008012425,0.12665691550343794
46,041,,772,1986,0.38872104733131924,0.27323440449125824,0.5042076901713802
46,043,,48,722,0.0664819944598338,0.023522466082816017,0.10944152283685157
46,045,,103,956,0.10774058577405858,0.03541250062766922,0.18006867092044793
46,047,,333,1178,0.2826825127334465,0.12352141876892561,0.4418436066979674
46,049,,13,531,0.02448210922787194,0,0.059132679020361824
46,051,,108,1642,0.06577344701583435,0.005056955120556629,0.12648993891111207
46,053,,100,979,0.10214504596527069,0.024522293566283576,0.1797677983642578
46,055,,5,349,0.014326647564469915,0,0.054017249377274874
46,057,,125,2111,0.05921364282330649,0.03197543638190852,0.08645184926470445
46,059,,123,794,0.15491183879093198,0.02962536441842939,0.2801983131634346
46,061,,133,996,0.13353413654618473,0.04255540675690753,0.22451286633546194
46,063,,21,263,0.07984790874524715,0,0.16614954632721649
46,065,,832,4296,0.19366852886405958,0.11699412680104825,0.2703429309270709
46,067,,206,1870,0.11016042780748662,0.05675221551284787,0.16356864010212538
46,069,,16,214,0.07476635514018691,0,0.1621107698220669
46,071,,227,923,0.24593716143011918,0.08361871382318889,0.4082556090370495
46,073,,56,400,0.14,0.046511808566384746,0.23348819143361527
46,075,,118,319,0.36990595611285265,0.06838161555671346,0.6714302966689918
46,077,,134,1317,0.1017463933181473,0.05516947622696107,0.14832331040933355
46,079,,487,2146,0.22693383038210624,0.12711301433841096,0.32675464642580154
46,081,,770,4415,0.17440543601359004,0.08933749330562511,0.25947337872155496
46,083,,3422,18661,0.18337709661861637,0.14378140443585424,0.2229727888013785
46,085,,338,1033,0.32720232333010646,0.22518464376049213,0.4292200028997208
46,087,,209,1637,0.12767257177764202,0.0754916158618554,0.17985352769342863
46,089,,35,365,0.0958904109589041,0.01965024848925824,0.17213057342854998
46,091,,194,1023,0.18963831867057673,0.07907153809672418,0.3002050992444293
46,093,,902,6466,0.1394989174141664,0.08820980046488694,0.19078803436344585
46,095,,361,557,0.6481149012567325,0.4069864529482168,0.8892433495652483
46,097,,105,504,0.20833333333333334,0.05143986692045058,0.3652267997462161
46,099,,10583,51340,0.20613556680950526,0.18020960204173053,0.23206153157728
46,101,,306,1679,0.18225134008338298,0.10408410544675409,0.26041857472001184
46,102,,2667,4765,0.5597061909758657,0.422770147986688,0.6966422339650434
46,103,,5496,24896,0.22075835475578406,0.18612687113379625,0.25538983837777185
46,105,,181,671,0.2697466467958271,0.15658092413968827,0.38291236945196594
46,107,,19,487,0.039014373716632446,0.0015800008118275755,0.07644874662143732
46,109,,854,2863,0.2982885085574572,0.2250042076105579,0.3715728095043565
46,111,,51,618,0.0825242718446602,0.025821222958689688,0.1392273207306307
46,115,,136,1310,0.10381679389312977,0.046630560796053745,0.1610030269902058
46,117,,81,639,0.1267605633802817,0,0.27213573694001214
46,119,,38,336,0.1130952380952381,0.019604457290143318,0.20658601890033287
46,121,,1803,3577,0.5040536762650265,0.36414998335946636,0.6439573691705867
46,123,,313,1299,0.2409545804464973,0.07451210621910029,0.4073970546738943
46,125,,314,2246,0.13980409617097062,0.09110623385673616,0.18850195848520507
46,127,,456,4071,0.11201179071481208,0.06577487478781979,0.15824870664180438
46,129,,189,1248,0.15144230769230768,0.0536899561199293,0.24919465926468606
46,135,,681,4907,0.138781332789892,0.07912145414175287,0.19844121143803112
46,137,,216,600,0.36,0.2570945526123265,0.4629054473876735
47,000,,421491,1563223,0.2696294770483802,0.26271295112879706,0.27654600296796333
47,001,,4839,16807,0.2879157493901351,0.23073237324271223,0.34509912553755795
47,003,,4041,13185,0.30648464163822525,0.2567899156077887,0.3561793676686618
47,005,,606,3225,0.18790697674418605,0.11157826539606618,0.2642356880923059
47,007,,604,2281,0.2647961420429636,0.1479344287221257,0.3816578553638015
47,009,,5111,27579,0.18532216541571486,0.14878483502049755,0.22185949581093217
47,011,,5924,24280,0.24398682042833608,0.19855769577251348,0.2894159450841587
47,013,,2174,8067,0.2694929961571836,0.19520477677256304,0.34378121554180413
47,015,,710,3372,0.21055753262158955,0.13165045016480226,0.28946461507837684
47,017,,1365,6325,0.2158102766798419,0.15291886722956138,0.2787016861301224
47,019,,2684,10008,0.26818545163868907,0.21051414211948272,0.3258567611578954
47,021,,1868,8961,0.2084588773574378,0.14329416725420752,0.27362358746066806
47,023,,875,3779,0.2315427361735909,0.14213752750180808,0.3209479448453737
47,025,,1450,6085,0.23829087921117503,0.1561757436049497,0.3204060148174004
47,027,,736,1443,0.51004851004851,0.33570568425771974,0.6843913358393003
47,029,,2390,7500,0.31866666666666665,0.2323689960586665,0.4049643372746668
47,031,,3639,14426,0.25225287675031194,0.19881725404174527,0.3056884994588786
47,033,,809,3256,0.24846437346437347,0.16364742348165373,0.3332813234470932
47,035,,2101,10609,0.1980394005090018,0.14434550230790189,0.2517332987101017
47,037,,44217,147752,0.2992649845687368,0.27314670595210955,0.32538326318536404
47,039,,382,2335,0.16359743040685226,0.10308309382801037,0.22411176698569416
47,041,,867,4519,0.19185660544368224,0.11021557874860335,0.2734976321387611
47,043,,2716,12611,0.21536753627785266,0.16348977011711258,0.26724530243859274
47,045,,3517,8650,0.40658959537572253,0.33145319771434234,0.48172599303710273
47,047,,1727,7675,0.22501628664495113,0.1593855168321759,0.29064705645772637
47,049,,1059,3929,0.2695342326291677,0.14937901985180635,0.38968944540652906
47,051,,2473,8612,0.28715745471435206,0.21801574710563393,0.3562991623230702
47,053,,4011,12372,0.32419980601357906,0.25434005549178174,0.3940595565353764
47,055,,1520,6316,0.24065864471184295,0.1807161532596661,0.3006011361640198
47,057,,978,4535,0.21565600882028665,0.14001142355047974,0.29130059409009357
47,059,,2857,13487,0.2118336175576481,0.15914904345647587,0.26451819165882035
47,061,,749,2977,0.2515955660060464,0.17035788591231452,0.33283324609977827
47,063,,3871,15706,0.24646631860435503,0.18754437030080723,0.30538826690790283
47,065,,21733,78990,0.27513609317635146,0.25368840161705525,0.29658378473564767
47,067,,218,1449,0.15044858523119392,0.06788270638367865,0.23301446407870918
47,069,,2346,4913,0.47750865051903113,0.3879391922184804,0.5670781088195819
47,071,,1263,5487,0.23018042646254783,0.15194925884483623,0.3084115940802594
47,073,,2607,11106,0.23473797947055647,0.18359413924536905,0.2858818196957439
47,075,,1632,3832,0.42588726513569936,0.3418848900196466,0.5098896402517521
47,077,,1512,6359,0.2377732347853436,0.15600709472047308,0.3195393748502141
47,079,,1740,6439,0.27022829631930423,0.19353552837139956,0.3469210642672089
47,081,,1259,5354,0.23515128875607022,0.16280941242166203,0.3074931650904784
47,083,,454,1735,0.261671469740634,0.13642754193485085,0.38691539754641713
47,085,,1056,3891,0.27139552814186585,0.16432949518673562,0.3784615610969961
47,087,,385,2200,0.175,0.07599132579477709,0.2740086742052229
47,089,,2560,10852,0.2359012163656469,0.17014108829745594,0.30166134443383785
47,091,,981,2991,0.3279839518555667,0.20453158380557296,0.4514363199055605
47,093,,23972,103382,0.23187788976804471,0.20990511415476268,0.2538506653813267
47,095,,488,970,0.5030927835051546,0.38855039918535506,0.6176351678249542
47,097,,1953,5338,0.36586736605470216,0.28815142415099404,0.4435833079584103
47,099,,1450,11359,0.12765208204947617,0.09093754852769309,0.16436661557125926
47,101,,361,2746,0.1314639475600874,0.02217611287752097,0.2407517822426538
47,103,,1762,8000,0.22025,0.15580443032504318,0.2846955696749568
47,105,,1896,11090,0.17096483318304778,0.12288296889587774,0.21904669747021782
47,107,,2733,11614,0.23531944205269503,0.18567690112302207,0.284961982982368
47,109,,1320,5586,0.23630504833512353,0.16812596673172608,0.304484129938521
47,111,,1479,6583,0.22466960352422907,0.13510634393430554,0.3142328631141526
47,113,,8317,22223,0.3742519011834586,0.32033115091963177,0.4281726514472854
47,115,,1445,5931,0.2436351374135896,0.16399934982775416,0.32327092499942506
47,117,,2391,8429,0.2836635425317357,0.20096727483002388,0.36635981023344755
47,119,,6778,24641,0.2750700052757599,0.21963551765079536,0.3305044929007245
47,121,,280,2704,0.10355029585798817,0.043039203917035404,0.16406138779894092
47,123,,2526,9784,0.25817661488143906,0.18999111375890998,0.32636211600396814
47,125,,15455,62623,0.24679430880028105,0.21577635963464414,0.27781225796591796
47,127,,287,1307,0.2195868400918133,0.10221196586068218,0.3369617143229444
47,129,,1053,4021,0.26187515543397166,0.17620042750672493,0.3475498833612184
47,131,,1507,6646,0.22675293409569666,0.1671752037181883,0.286330664473205
47,133,,1361,4758,0.2860445565363598,0.18609629631594554,0.38599281675677405
47,135,,183,1943,0.0941842511580031,0.008049312451610668,0.18031918986439552
47,137,,86,878,0.0979498861047836,0.01983513337012055,0.17606463883944665
47,139,,632,3356,0.18831942789034564,0.09525321720334448,0.2813856385773468
47,141,,4073,17133,0.2377283604739392,0.18500683577948926,0.2904498851683891
47,143,,1941,7196,0.2697331851028349,0.18808538198270974,0.35138098822296004
47,145,,2013,10325,0.1949636803874092,0.14335122845275844,0.24657613232205994
47,147,,3134,18178,0.17240620530311365,0.13556135530583469,0.20925105530039262
47,149,,19090,89028,0.21442692186727771,0.19284636412367454,0.2360074796108809
47,151,,1642,5182,0.3168660748745658,0.21394838739096209,0.4197837623581695
47,153,,1130,3346,0.3377166766288105,0.20698217362065083,0.46845117963697014
47,155,,5565,20707,0.26874969816970107,0.21736794158816106,0.3201314547512411
47,157,,101563,233226,0.4354703163455189,0.41153766902417854,0.4594029636668593
47,159,,921,4566,0.20170827858081472,0.11271261969565169,0.2907039374659778
47,161,,538,2922,0.1841204654346338,0.10082065689492697,0.26742027397434065
47,163,,7404,30525,0.24255528255528255,0.20724114958488365,0.27786941552568145
47,165,,9215,47195,0.1952537345057739,0.16475433090776034,0.22575313810378747
47,167,,4522,14490,0.3120772946859903,0.2620597804634538,0.36209480890852686
47,169,,594,1976,0.3006072874493927,0.14636914503246862,0.45484542986631676
47,171,,932,3088,0.3018134715025907,0.18794613617965683,0.41568080682552455
47,173,,586,4352,0.13465073529411764,0.08217797300576754,0.18712349758246774
47,175,,80,1303,0.06139677666922486,0.0044571266528351805,0.11833642668561455
47,177,,2680,9792,0.27369281045751637,0.1975238573785292,0.34986176353650356
47,179,,5209,25287,0.20599517538656226,0.16842364030992096,0.24356671046320355
47,181,,609,2573,0.23668869024485037,0.1556148892744641,0.31776249121523664
47,183,,1639,6248,0.2623239436619718,0.19436952242657396,0.33027836489736967
47,185,,1346,6096,0.2208005249343832,0.130035837481404,0.31156521238736246
47,187,,7092,67164,0.10559228157941755,0.08739862158338989,0.12378594157544522
47,189,,5642,37151,0.15186670614519124,0.12456250070326691,0.17917091158711557
48,000,,1905319,7526851,0.25313627172904046,0.2495925033183839,0.25668004013969703
48,001,,2937,11195,0.2623492630638678,0.19289896519191307,0.3317995609358225
48,003,,1243,5757,0.21591106479068958,0.12206052831040246,0.30976160127097674
48,005,,6234,22047,0.2827595591236903,0.22754322649672865,0.3379758917506519
48,007,,750,4131,0.18155410312273057,0.09835009090004923,0.26475811534541194
48,009,,255,1965,0.1297709923664122,0.0781534011957844,0.18138858353704002
48,011,,32,351,0.09116809116809117,0.010818638634727165,0.17151754370145517
48,013,,2826,13539,0.2087303345889652,0.14944633590429046,0.26801433327363994
48,015,,1408,7257,0.19401956731431722,0.133692458029122,0.25434667659951243
48,017,,407,1856,0.2192887931034483,0.07090229799500533,0.3676752882118912
48,019,,1013,3645,0.27791495198902605,0.1327452895079668,0.4230846144700853
48,021,,4829,27642,0.17469792344982274,0.13154885580694511,0.21784699109270036
48,023,,140,756,0.18518518518518517,0.05017891498484675,0.3201914553855236
48,025,,2119,6179,0.3429357501213789,0.23231537941707842,0.45355612082567937
48,027,,31887,106110,0.3005089058524173,0.27368444412584614,0.32733336757898845
48,029,,147094,508223,0.2894280660261342,0.27685992524584185,0.3019962068064265
48,031,,268,2180,0.12293577981651377,0.052765449625664554,0.193106110007363
48,033,,18,251,0.07171314741035857,0,0.17919952641359682
48,035,,746,3879,0.1923176076308327,0.12474373435313911,0.25989148090852626
48,037,,6926,21887,0.31644355096632704,0.26826914034920923,0.36461796158344484
48,039,,21236,99857,0.21266410967683788,0.1882904274094891,0.23703779194418667
48,041,,12396,48470,0.2557458221580359,0.22662243788344857,0.28486920643262315
48,043,,296,1588,0.18639798488664988,0.03401993957890401,0.3387760301943957
48,045,,24,270,0.08888888888888889,0,0.188787253561088
48,047,,484,1452,0.3333333333333333,0.0974822804682057,0.5691843861984609
48,049,,2525,7699,0.3279646707364593,0.250584830789664,0.4053445106832546
48,051,,974,4096,0.23779296875,0.1512365721322511,0.3243493653677489
48,053,,2249,10771,0.20880141119673196,0.15189879130774922,0.2657040310857147
48,055,,2387,10960,0.2177919708029197,0.15752305633979197,0.27806088526604744
48,057,,996,4425,0.22508474576271187,0.10799099867142474,0.342178492853999
48,059,,769,3102,0.24790457769181173,0.15155395494169452,0.3442552004419289
48,061,,43348,121649,0.3563366735443777,0.32834348753626796,0.38432985955248744
48,063,,829,3359,0.2467996427508187,0.14052303309248254,0.35307625240915486
48,065,,317,1347,0.23533778767631774,0.09389086059656526,0.3767847147560702
48,067,,2329,6413,0.3631685638546702,0.27936377891926434,0.4469733487900761
48,069,,546,2135,0.25573770491803277,0.15550182177036462,0.3559735880657009
48,071,,1390,14120,0.09844192634560907,0.05496129894929638,0.14192255374192175
48,073,,3116,13027,0.2391955170031473,0.1916466591392997,0.28674437486699494
48,075,,461,1364,0.3379765395894428,0.12653406170976636,0.5494190174691193
48,077,,544,2038,0.26692836113837093,0.1623750717678051,0.3714816505089368
48,079,,150,639,0.2347417840375587,0.10495557256628052,0.36452799550883686
48,081,,131,646,0.20278637770897834,0.058139220918916046,0.34743353449904063
48,083,,421,1605,0.2623052959501558,0.07923152934783512,0.44537906255247645
48,085,,42012,287398,0.14618055797187177,0.13547022799815892,0.15689088794558462
48,087,,170,721,0.23578363384188628,0.061652655464521394,0.4099146122192512
48,089,,1080,4870,0.22176591375770022,0.1247764895445627,0.3187553379708377
48,091,,6920,40579,0.17053155573079673,0.1355385011809514,0.20552461028064206
48,093,,513,3173,0.16167664670658682,0.08762546249518682,0.23572783091798682
48,095,,95,390,0.24358974358974358,0.07159363976743599,0.4155858474120512
48,097,,2181,9838,0.2216914006911974,0.16571874622009472,0.2776640551623
48,099,,3928,19043,0.2062700204799664,0.1646148337983113,0.2479252071616215
48,101,,125,250,0.5,0.25175811676122445,0.7482418832387756
48,103,,211,1363,0.15480557593543653,0,0.32841433291474875
48,105,,47,746,0.06300268096514745,0,0.2453346808648777
48,107,,306,1287,0.23776223776223776,0.1290890908880518,0.34643538463642376
48,109,,442,592,0.7466216216216216,0.3976434366186008,1
48,111,,260,2391,0.10874111250522794,0,0.23360024494149723
48,113,,195199,657227,0.2970039271058554,0.2848750008083856,0.30913285340332514
48,115,,581,2932,0.19815825375170532,0.06665281588017924,0.3296636916232314
48,117,,1674,5789,0.2891691138365866,0.19545178930164037,0.38288643837153286
48,119,,151,1308,0.1154434250764526,0.028734686329716014,0.20215216382318918
48,121,,38936,228217,0.17060955143569498,0.15893517677589378,0.18228392609549618
48,123,,611,4461,0.13696480609728762,0.06014862093942759,0.21378099125514766
48,125,,76,371,0.20485175202156333,0.11896401565450804,0.29073948838861863
48,127,,955,2178,0.43847566574839303,0.21654237355771228,0.6604089579390737
48,129,,115,572,0.20104895104895104,0.06486182129754292,0.33723608080035916
48,131,,1356,2454,0.5525672371638142,0.3462142290204083,0.75892024530722
48,133,,1218,3778,0.3223928004235045,0.2148800506402082,0.42990555020680077
48,135,,13372,49917,0.26788468858304787,0.22340288691761895,0.3123664902484768
48,137,,21,296,0.07094594594594594,0,0.20782461259544552
48,139,,12822,56101,0.2285520757205754,0.19753894854684698,0.2595652028943038
48,141,,70700,226474,0.3121771152538481,0.29269595533661025,0.331658275171086
48,143,,2228,8981,0.24807927847678432,0.1685776136711967,0.327580943282372
48,145,,1001,3627,0.27598566308243727,0.17697347629863228,0.3749978498662423
48,147,,1736,7867,0.22066861573662133,0.16821647388901206,0.2731207575842306
48,149,,858,5036,0.17037331215250198,0.1144545949466817,0.22629202935832227
48,151,,158,824,0.19174757281553398,0.12013615633730713,0.26335898929376084
48,153,,339,1326,0.25565610859728505,0.12954551210262344,0.38176670509194666
48,155,,22,150,0.14666666666666667,0,0.34032061674457426
48,157,,38809,237933,0.1631089424333741,0.1462938156540125,0.17992406921273568
48,159,,331,2374,0.13942712721145745,0.06875768488038929,0.2100965695425256
48,161,,1004,4501,0.22306154187958233,0.14448394446257384,0.3016391392965908
48,163,,1508,4555,0.33106476399560925,0.20666994826633933,0.45545957972487916
48,165,,836,7961,0.10501193317422435,0.056387165307320464,0.15363670104112823
48,167,,18611,84485,0.2202876250221933,0.19716040528888096,0.24341484475550562
48,169,,125,790,0.15822784810126583,0.044320901123897055,0.2721347950786346
48,171,,880,5350,0.16448598130841122,0.08859281570368026,0.24037914691314216
48,173,,25,251,0.099601593625498,0,0.30212524041760114
48,175,,96,1401,0.06852248394004283,0.01335731777973212,0.12368765010035354
48,177,,1478,5048,0.2927892234548336,0.2173257316135998,0.3682527152960674
48,179,,1475,5129,0.28758042503411974,0.2069316189353361,0.3682292311329034
48,181,,7163,34443,0.2079667857039166,0.17160299809330337,0.24433057331452984
48,183,,9135,32239,0.28335246130463104,0.24165376787355802,0.32505115473570406
48,185,,1820,7027,0.2590009961576775,0.19106067334560783,0.3269413189697472
48,187,,8554,44173,0.1936477033481991,0.16318955362878554,0.2241058530676127
48,189,,2789,8357,0.3337322005504368,0.2488276694868136,0.41863673161406
48,191,,163,597,0.2730318257956449,0.12453639528297364,0.4215272563083161
48,193,,328,1859,0.1764389456697149,0.07802605122128901,0.2748518401181408
48,195,,123,1454,0.08459422283356259,0,0.17791039773564232
48,197,,174,746,0.23324396782841822,0.08100387545652715,0.3854840602003093
48,199,,3206,14259,0.22484045164457536,0.1671559858551184,0.2825249174340323
48,201,,349722,1251202,0.27950882431453916,0.269512569378706,0.28950507925037233
48,203,,4859,16752,0.2900549188156638,0.22479950828162026,0.35531032934970735
48,205,,102,1160,0.08793103448275862,0.0033683037843298957,0.17249376518118734
48,207,,138,981,0.14067278287461774,0.07834580339741679,0.20299976235181869
48,209,,10715,59897,0.17889042856904352,0.1496351563585429,0.20814570077954414
48,211,,56,663,0.08446455505279035,0.003997200134931295,0.1649319099706494
48,213,,4161,18160,0.22912995594713656,0.1849875711457214,0.2732723407485517
48,215,,86363,275951,0.3129649829136332,0.2958179525828921,0.33011201324437434
48,217,,1990,8576,0.23204291044776118,0.17719864388601034,0.28688717700951205
48,219,,1462,5575,0.26224215246636773,0.1915497671475554,0.33293453778518006
48,221,,1891,13425,0.14085661080074488,0.10278487684096249,0.17892834476052727
48,223,,1808,9155,0.19748771163298745,0.1496989164407051,0.2452765068252698
48,225,,1801,4432,0.40636281588447654,0.2985612693641847,0.5141643624047684
48,227,,1792,7232,0.24778761061946902,0.17561716963573598,0.31995805160320206
48,229,,287,601,0.47753743760399336,0.3183120521881896,0.6367628230197971
48,231,,6157,26541,0.23198070909159413,0.19200010588247046,0.2719613123007178
48,233,,671,5031,0.13337308686145896,0.09335039648793411,0.1733957772349838
48,235,,32,330,0.09696969696969697,0,0.2078710159432727
48,237,,501,2002,0.25024975024975027,0.10954672305392829,0.3909527774455722
48,239,,638,3727,0.1711832573115106,0.08490682156929821,0.25745969305372296
48,241,,1662,7616,0.2182247899159664,0.1448700376266034,0.2915795422053294
48,243,,0,321,0,0,0.0787392717169351
48,245,,23811,62221,0.382684302727375,0.351925889432688,0.41344271602206206
48,247,,448,1527,0.2933857236411264,0.09545332297990647,0.49131812430234634
48,249,,4691,10557,0.44434972056455435,0.36571686958318494,0.5229825715459238
48,251,,7772,50236,0.15470976988613744,0.13015017991638533,0.17926935985588954
48,253,,701,3434,0.20413511939429238,0.12021541522006039,0.28805482356852435
48,255,,878,2908,0.30192572214580465,0.13223565458374295,0.47161578970786633
48,257,,10867,49628,0.21896913032965262,0.186141885059466,0.25179637559983925
48,259,,1884,10779,0.17478430281102142,0.11275832316504444,0.2368102824569984
48,261,,0,19,0,0,1
48,263,,4,84,0.047619047619047616,0,0.2697314054785307
48,265,,1817,9520,0.19086134453781511,0.12584676870946981,0.2558759203661604
48,267,,61,746,0.08176943699731903,0,0.18476260016178475
48,269,,14,31,0.45161290322580644,0,1
48,271,,27,226,0.11946902654867257,0,0.34019602538623145
48,273,,2606,7319,0.356059570979642,0.260973665944721,0.45114547601456306
48,275,,192,859,0.22351571594877764,0.09784611417086272,0.3491853177266926
48,277,,4820,12194,0.39527636542561917,0.32185785319508853,0.4686948776561498
48,279,,1003,3474,0.2887161773172136,0.189803457062347,0.3876288975720802
48,281,,1112,4799,0.23171494061262762,0.14858287320259783,0.3148470080226574
48,283,,546,1501,0.3637574950033311,0.15027361590359095,0.5772413741030713
48,285,,724,4825,0.1500518134715026,0.10090980274451151,0.19919382419849369
48,287,,703,3616,0.19441371681415928,0.10634697025752218,0.28248046337079635
48,289,,787,3698,0.21281773931855058,0.11827546935944343,0.3073600092776577
48,291,,4229,30902,0.13685198369037602,0.1025230535916021,0.17118091378914993
48,293,,1718,4960,0.3463709677419355,0.2766665535092774,0.4160753819745936
48,295,,198,900,0.22,0.12048057946665253,0.3195194205333475
48,297,,402,2248,0.17882562277580072,0.09482702960705454,0.2628242159445469
48,299,,906,3464,0.2615473441108545,0.1511336023286336,0.3719610858930754
48,301,,0,0,,,
48,303,,22075,74570,0.29603057529837734,0.2655940280651778,0.3264671225315769
48,305,,317,1597,0.19849718221665624,0.11466002653970284,0.2823343378936096
48,307,,309,1647,0.18761384335154827,0.03698152614484268,0.33824616055825385
48,309,,18610,63206,0.2944340727146157,0.2666294727036661,0.3222386727255653
48,311,,168,279,0.6021505376344086,0.16560327772163524,1
48,313,,537,3035,0.17693574958813837,0.09483720368887473,0.25903429548740203
48,315,,646,1649,0.3917525773195876,0.28752515006884716,0.4959800045703281
48,317,,515,1558,0.3305519897304236,0.1682994227512057,0.4928045567096415
48,319,,37,758,0.048812664907651716,0,0.12285890554144402
48,321,,2685,9279,0.2893630779178791,0.19617050402184266,0.3825556518139155
48,323,,6074,17867,0.33995634409805786,0.2509726518380381,0.42894003635807765
48,325,,2054,11969,0.17160999248057482,0.11348949710841552,0.22973048785273412
48,327,,62,417,0.1486810551558753,0.009603571397416272,0.28775853891433434
48,329,,9819,50909,0.1928735587027834,0.1563522133105383,0.22939490409502847
48,331,,989,5720,0.1729020979020979,0.11321547609309976,0.23258871971109604
48,333,,213,887,0.24013528748590757,0.1434972891963059,0.33677328577550925
48,335,,728,1841,0.39543726235741444,0.2144931251181383,0.5763813995966905
48,337,,981,4788,0.20488721804511278,0.13096204648420354,0.27881238960602206
48,339,,27831,176940,0.15729060698541877,0.1386792334351901,0.17590198053564746
48,341,,1941,6638,0.2924073516119313,0.19159927438657948,0.39321542883728317
48,343,,683,2777,0.24594886568239108,0.1732872665537056,0.3186104648110766
48,345,,68,147,0.46258503401360546,0.12060772306189527,0.8045623449653156
48,347,,5093,15105,0.33717312148295264,0.2789402135494692,0.3954060294164361
48,349,,2983,14505,0.20565322302654257,0.15813351586368557,0.25317293018939957
48,351,,766,2323,0.32974601808006887,0.21189269942567884,0.4475993367344589
48,353,,1407,3667,0.38369239160076357,0.2733942245189222,0.49399055868260494
48,355,,28489,83384,0.34166027055550224,0.3112408009302989,0.3720797401807056
48,357,,849,2957,0.28711531958065606,0.16255601058410007,0.41167462857721204
48,359,,40,412,0.0970873786407767,0.03887747017354096,0.15529728710801244
48,361,,5279,21610,0.24428505321610366,0.1899117786883902,0.2986583277438171
48,363,,1750,6809,0.2570127772066383,0.19405995827778189,0.3199655961354947
48,365,,855,5227,0.16357375167400037,0.1043464500275709,0.22280105332042985
48,367,,5911,40676,0.14531910709017604,0.11817106122955578,0.1724671529507963
48,369,,473,2691,0.17577108881456707,0.08090210278840616,0.270640074840728
48,371,,957,3565,0.2684431977559607,0.11365100479416049,0.42323539071776095
48,373,,3501,10702,0.32713511493178843,0.25889061282696224,0.3953796170366146
48,375,,9680,30908,0.3131875242655623,0.2695517801381729,0.3568232683929517
48,377,,102,1521,0.0670611439842209,0,0.1534305926241638
48,379,,1019,2456,0.4149022801302932,0.27340711039087884,0.5563974498697075
48,381,,7280,34611,0.21033775389327092,0.1687144936201734,0.25196101416636846
48,383,,85,1085,0.07834101382488479,0.010739295989583245,0.14594273166018634
48,385,,131,645,0.20310077519379846,0,0.4928483009973519
48,387,,971,2335,0.4158458244111349,0.274702467383146,0.5569891814391237
48,389,,864,3250,0.26584615384615384,0.0960134688607299,0.43567883883157776
48,391,,544,1457,0.37336993822923814,0.20781785563201416,0.5389220208264621
48,393,,4,226,0.017699115044247787,0,0.10086340969153394
48,395,,1317,4114,0.32012639766650464,0.23118818722779577,0.4090646081052135
48,397,,4421,32755,0.13497176003663564,0.10185819669261531,0.16808532338065596
48,399,,524,2317,0.22615451014242555,0.1274438211004738,0.3248651991843773
48,401,,2712,11930,0.22732606873428332,0.17409379719085108,0.28055834027771553
48,403,,343,1783,0.19237240605720696,0.065377646789262,0.3193671653251519
48,405,,618,1573,0.39287984742530196,0.269703135730866,0.5160565591197379
48,407,,1367,6120,0.22336601307189544,0.15430506251417314,0.29242696362961773
48,409,,5283,17976,0.2938918558077437,0.23043805183714264,0.35734565977834476
48,411,,259,1065,0.2431924882629108,0.10673525389057961,0.379649722635242
48,413,,83,548,0.15145985401459855,0.02542031361132424,0.27749939441787286
48,415,,800,4154,0.19258545979778527,0.09960705510122864,0.2855638644943419
48,417,,103,639,0.16118935837245696,0.09428166892843683,0.2280970478164771
48,419,,1584,6280,0.2522292993630573,0.19370597206101872,0.3107526266650959
48,421,,33,399,0.08270676691729323,0.015170152099428708,0.15024338173515775
48,423,,14092,58310,0.2416738123820957,0.21258050162631292,0.2707671231378785
48,425,,377,2002,0.18831168831168832,0.08455827756050427,0.29206509906287237
48,427,,8635,21455,0.40247028664646933,0.33197408437635934,0.47296648891657933
48,429,,339,1941,0.17465224111282843,0.10399035175126085,0.24531413047439599
48,431,,132,509,0.2593320235756385,0.041803105013053565,0.47686094213822344
48,433,,15,308,0.048701298701298704,0,0.17067769111183673
48,435,,227,769,0.2951885565669701,0.02775054260359927,0.5626265705303408
48,437,,388,1653,0.23472474289171205,0.10870372544960127,0.36074576033382283
48,439,,137900,549579,0.2509193400766769,0.239520456869629,0.2623182232837248
48,441,,9264,35557,0.26053941558624183,0.21818697893880196,0.3028918522336817
48,443,,17,144,0.11805555555555555,0,0.29716161497311294
48,445,,985,3217,0.30618588747280073,0.17658900267013425,0.43578277227546725
48,447,,80,338,0.23668639053254437,0.07495378508220304,0.39841899598288566
48,449,,2809,8837,0.31786805476971824,0.24655421277628997,0.3891818967631465
48,451,,7546,28246,0.2671528712030022,0.2218484729704223,0.31245726943558205
48,453,,58224,267057,0.2180208719486851,0.20151174806051492,0.2345299958368553
48,455,,867,2719,0.31886723059948513,0.19825884956514284,0.4394756116338274
48,457,,1143,3871,0.295272539395505,0.21392961904165309,0.37661545974935695
48,459,,2070,10138,0.20418228447425527,0.15562996356486963,0.2527346053836409
48,461,,119,751,0.1584553928095872,0.015836032401276373,0.301074753217898
48,463,,2090,6595,0.3169067475360121,0.20363591748043983,0.43017757759158437
48,465,,3991,13279,0.30054974019127945,0.2140347172061604,0.3870647631763985
48,467,,2952,14364,0.20551378446115287,0.15257957728934213,0.2584479916329636
48,469,,5618,22751,0.24693420069447497,0.19524699767900508,0.2986214037099449
48,471,,3407,11389,0.2991483009921854,0.22688579066125877,0.37141081132311204
48,473,,3547,14593,0.24306174193106284,0.19015820030890757,0.2959652835532181
48,475,,751,3254,0.23079287031346035,0.1311789007059915,0.33040683992092923
48,477,,1945,7752,0.25090299277605776,0.19026847438920663,0.3115375111629089
48,479,,26747,84072,0.3181439718336664,0.2835068328623625,0.35278111080497027
48,481,,2122,10620,0.19981167608286252,0.1438417729124992,0.2557815792532258
48,483,,247,1177,0.20985556499575192,0.10646678961459974,0.3132443403769041
48,485,,9707,29435,0.32977747579412264,0.2737086539358945,0.3858462976523508
48,487,,631,2678,0.23562359970126961,0.12481666536283931,0.3464305340396999
48,489,,1707,4753,0.3591415947822428,0.2584573406500209,0.45982584891446465
48,491,,27481,161765,0.16988223657775167,0.15291464690722556,0.18684982624827778
48,493,,1651,12381,0.13334948711735725,0.09385723734532281,0.1728417368893917
48,495,,350,2160,0.16203703703703703,0.07677232191612747,0.24730175215794659
48,497,,3573,18405,0.1941320293398533,0.14221048039883633,0.24605357828087027
48,499,,2123,8752,0.242573126142596,0.1788753225968805,0.3062709296883115
48,501,,714,2482,0.2876712328767123,0.10665973962215824,0.4686827261312664
48,503,,538,4144,0.12982625482625482,0.05398522719790437,0.20566728245460525
48,505,,1509,4379,0.34459922356702444,0.23226884969759032,0.45692959743645856
48,507,,1036,2666,0.3885971492873218,0.13946621409977678,0.6377280844748668
49,000,,137294,940210,0.14602482424139288,0.1391812573495406,0.15286839113324516
49,001,,224,2135,0.10491803278688525,0.01877776130688298,0.19105830426688752
49,003,,1895,18569,0.10205180677473208,0.07019584665940753,0.13390776689005662
49,005,,4785,40770,0.11736571008094186,0.09231194212161273,0.142419478040271
49,007,,1141,5174,0.22052570545032857,0.1428069568784567,0.29824445402220046
49,009,,6,165,0.03636363636363636,0,0.07662048742321612
49,011,,15873,111614,0.1422133424122422,0.12127675973283675,0.16314992509164766
49,013,,798,6444,0.12383612662942271,0.09307744420857321,0.15459480905027223
49,015,,595,2799,0.21257591997141836,0.13562729701034315,0.2895245429324936
49,017,,134,1104,0.1213768115942029,0.043070421420376676,0.19968320176802912
49,019,,485,1884,0.25743099787685775,0.12401012697682656,0.39085186877688893
49,021,,2976,16814,0.17699536100868324,0.1152335040460618,0.23875721797130467
49,023,,490,4210,0.1163895486935867,0.06978454617940866,0.16299455120776474
49,025,,224,1640,0.13658536585365855,0.012368185531323878,0.2608025461759932
49,027,,770,4075,0.18895705521472392,0.1253768842180918,0.25253722621135605
49,029,,173,4241,0.0407922659750059,0.0050980712869522216,0.07648646066305957
49,031,,37,327,0.11314984709480122,0,0.27829363011107966
49,033,,48,760,0.06315789473684211,0.012765842521406452,0.11354994695227777
49,035,,55508,301670,0.18400238671395897,0.1702993044431775,0.19770546898474042
49,037,,1043,4106,0.2540185094982952,0.19309904405239314,0.31493797494419723
49,039,,856,6966,0.1228825724949756,0.08139290123443349,0.1643722437555177
49,041,,499,5985,0.083375104427736,0.04574988820547041,0.1210003206500016
49,043,,1724,9946,0.17333601447818217,0.13206113427221197,0.21461089468415237
49,045,,4033,24522,0.16446456243373297,0.12500658284044672,0.20392254202701923
49,047,,1125,11546,0.0974363415901611,0.0677284054091772,0.127144277771145
49,049,,23010,222345,0.10348782297780476,0.09275321141719102,0.1142224345384185
49,051,,1179,10558,0.11166887668118962,0.05966671917375034,0.16367103418862888
49,053,,5206,47733,0.10906500743720278,0.08498445259645594,0.13314556227794963
49,055,,25,536,0.04664179104477612,0,0.12506940097255298
49,057,,12432,71572,0.17369921198233945,0.14967645476484565,0.19772196919983326
50,000,,23280,115477,0.20159858673155692,0.18754230997121327,0.21565486349190058
50,001,,1039,6015,0.17273482959268496,0.12975226154569233,0.2157173976396776
50,003,,1746,6839,0.2553004825266852,0.18274337791034453,0.3278575871430258
50,005,,1193,5593,0.21330234221348113,0.16382521119574497,0.2627794732312173
50,007,,5575,28989,0.19231432612370208,0.1557978966662695,0.22883075558113466
50,009,,224,999,0.22422422422422422,0.12418721019510795,0.3242612382533405
50,011,,2291,10956,0.20910916392844103,0.16436343185336696,0.25385489600351513
50,013,,211,1257,0.16785998408910102,0.0988250762044412,0.23689489197376085
50,015,,1127,5140,0.21926070038910506,0.15783952713371902,0.2806818736444911
50,017,,956,5284,0.1809235427706283,0.13246054166268495,0.22938654387857166
50,019,,1032,5319,0.19402143260011281,0.1526655158273979,0.23537734937282773
50,021,,2020,10474,0.1928585067786901,0.1469756141731549,0.23874139938422528
50,023,,2171,10775,0.20148491879350347,0.15384393756682702,0.24912590002017992
50,025,,1926,7657,0.25153454355491706,0.1956959999643355,0.3073730871454986
50,027,,1769,10180,0.1737721021611002,0.129301581607774,0.2182426227144264
51,000,,440989,1887207,0.23367282974257725,0.2287145508458099,0.23863110863934459
51,001,,1862,6826,0.27278054497509524,0.20460343870526937,0.3409576512449211
51,003,,4305,22304,0.19301470588235295,0.15145539786886203,0.23457401389584387
51,005,,861,2733,0.3150384193194292,0.21951581537567388,0.41056102326318455
51,007,,261,2716,0.09609720176730487,0.026213909348318312,0.1659804941862914
51,009,,1390,6263,0.22193836819415616,0.1655738009156672,0.2783029354726451
51,011,,1098,3661,0.29991805517618136,0.1971643138849205,0.4026717964674422
51,013,,6425,42561,0.15095979887690608,0.1262560070948956,0.17566359065891657
51,015,,2424,14323,0.16923828806814215,0.1239415605952369,0.2145350155410474
51,017,,83,710,0.11690140845070422,0.018037463787165586,0.21576535311424286
51,019,,2455,15736,0.1560116929334011,0.11194648677888575,0.20007689908791648
51,021,,119,854,0.13934426229508196,0,0.28261114320499375
51,023,,880,6306,0.13954963526799874,0.09333612016163806,0.18576315037435942
51,025,,1084,2423,0.4473792818819645,0.3492044503908656,0.5455541133730634
51,027,,708,3177,0.22285174693106705,0.11709541682197734,0.32860807704015677
51,029,,799,2986,0.26758204956463494,0.16707025396749292,0.36809384516177696
51,031,,2187,10709,0.20422074890279204,0.15456906156171554,0.25387243624386857
51,033,,1845,7275,0.2536082474226804,0.1907269344743841,0.3164895603709767
51,035,,1339,5112,0.26193270735524254,0.18018806213939886,0.3436773525710862
51,036,,363,941,0.38575982996811903,0.29068800173600523,0.4808316582002328
51,037,,911,2446,0.3724448078495503,0.2618417213336385,0.48304789436546214
51,041,,19137,89235,0.21445621112792065,0.19058014876896764,0.23833227348687366
51,043,,384,2952,0.13008130081300814,0.05816111941925692,0.20200148220675937
51,045,,69,1116,0.06182795698924731,0,0.13771385701656952
51,047,,2605,13571,0.19195343010831922,0.13473281659541753,0.24917404362122092
51,049,,424,1919,0.22094841063053675,0.09939293878338294,0.34250388247769054
51,051,,331,2623,0.12619138391155166,0.06359133037285417,0.18879143745024915
51,053,,1292,5626,0.22964806256665482,0.1425574635968602,0.3167386615364495
51,057,,540,1900,0.28421052631578947,0.13684600296438548,0.43157504966719346
51,059,,38640,262165,0.14738809528350466,0.13685817674925987,0.15791801381774945
51,061,,2697,17358,0.15537504320774284,0.11933682408308047,0.19141326233240522
51,063,,511,2909,0.17566173942935717,0.08026842316436002,0.27105505569435434
51,065,,768,5458,0.14071088310736535,0.0668666835671134,0.2145550826476173
51,067,,2075,10201,0.2034114302519361,0.14718006568827555,0.2596427948155966
51,069,,4479,21400,0.20929906542056076,0.16596424375488342,0.2526338870862381
51,071,,408,3274,0.12461820403176542,0.07307033230072252,0.17616607576280832
51,073,,1645,7876,0.20886236668359573,0.13597559141618626,0.2817491419510052
51,075,,405,4229,0.09576732087964057,0.037882638486559046,0.1536520032727221
51,077,,498,2472,0.20145631067961164,0.12059237912987242,0.28232024222935087
51,079,,837,4850,0.17257731958762887,0.10262512858521304,0.24252951059004468
51,081,,717,1674,0.4283154121863799,0.2910789047657119,0.565551919607048
51,083,,2891,6846,0.4222903885480573,0.3456658053982613,0.49891497169785326
51,085,,4125,24348,0.16941843272548054,0.14305012976708734,0.19578673568387375
51,087,,20497,73449,0.2790643848112296,0.25362571651725463,0.30450305310520454
51,089,,3016,9623,0.3134157747064325,0.2422806172156084,0.3845509321972566
51,091,,46,334,0.1377245508982036,0.027233396950873026,0.24821570484553418
51,093,,1402,8502,0.16490237591155021,0.1198366696176673,0.20996808220543312
51,095,,3725,15815,0.23553588365475814,0.18524020044918713,0.2858315668603292
51,097,,467,1164,0.4012027491408935,0.22461716639746246,0.5777883318843245
51,099,,1262,6809,0.18534292847701572,0.13455431252650088,0.23613154442753057
51,101,,854,4224,0.2021780303030303,0.1239264462757314,0.2804296143303292
51,103,,729,1588,0.45906801007556675,0.28649598670006104,0.6316400334510724
51,105,,974,3996,0.24374374374374375,0.14961359791945966,0.33787388956802783
51,107,,13645,114829,0.11882886727220476,0.1046664206486728,0.1329913138957367
51,109,,1624,7985,0.20338134001252348,0.14659139346912392,0.26017128655592303
51,111,,715,2350,0.30425531914893617,0.17763462439738098,0.43087601390049135
51,113,,485,2806,0.17284390591589452,0.08240208853836145,0.2632857232934276
51,115,,240,1229,0.19528071602929212,0.0519607662597697,0.33860066579881454
51,117,,2194,5603,0.3915759414599322,0.31083200140433725,0.4723198815155271
51,119,,498,1740,0.28620689655172415,0.14588229439188674,0.4265314987115616
51,121,,2198,15028,0.14626031408038329,0.1065213686299764,0.18599925953079016
51,125,,261,2564,0.10179407176287052,0.03589268106842823,0.16769546245731282
51,127,,548,4873,0.11245639236609892,0.0629119280115017,0.16200085672069614
51,131,,852,2210,0.38552036199095024,0.30074846182401566,0.47029226215788483
51,133,,853,1685,0.5062314540059347,0.3653297943975054,0.6471331136143641
51,135,,698,3003,0.23243423243423245,0.14763146045956152,0.31723700440890334
51,137,,1407,8184,0.17192082111436952,0.11230978231325894,0.2315318599154801
51,139,,974,4661,0.20896803261102767,0.1357732473263797,0.28216281789567565
51,141,,668,3047,0.21923203150639975,0.12154219227739448,0.316921870735405
51,143,,3717,10682,0.34796854521625165,0.28702486228298046,0.4089122281495228
51,145,,533,5714,0.09327966398319916,0.04260937137663945,0.14394995658975887
51,147,,1134,3331,0.34043830681477033,0.2248824570383277,0.45599415659121295
51,149,,2461,8401,0.2929413165099393,0.2228220898754552,0.36306054314442343
51,153,,24788,129057,0.19207017054479802,0.17212678916633875,0.2120135519232573
51,155,,1557,6002,0.2594135288237254,0.19360414832652093,0.3252229093209299
51,157,,269,1274,0.21114599686028257,0.06943301047074127,0.3528589832498239
51,159,,256,1611,0.15890751086281812,0.06360467739130687,0.2542103443343294
51,161,,4208,18972,0.22180054817625974,0.17718926083148526,0.26641183552103426
51,163,,836,3832,0.21816283924843424,0.14532965949709992,0.29099601899976857
51,165,,2894,18906,0.15307309848725273,0.12190219776033204,0.18424399921417342
51,167,,1092,4807,0.22716871229457042,0.16254084465574792,0.2917965799333929
51,169,,1134,3834,0.29577464788732394,0.2040664764721426,0.3874828193025053
51,171,,1978,9494,0.20834211080682535,0.15757203841761094,0.2591121831960398
51,173,,1916,5665,0.3382171226831421,0.25507401053075507,0.4213602348355291
51,175,,951,3346,0.28421996413628214,0.1816280865565209,0.3868118417160434
51,177,,6254,35744,0.1749664279319606,0.1445113689696001,0.2054214868943211
51,179,,6042,42700,0.14149882903981265,0.11718155062689208,0.1658161074527332
51,181,,393,1115,0.3524663677130045,0.24019205378653755,0.46474068163947146
51,183,,634,1694,0.3742621015348288,0.236172306358098,0.5123518967115597
51,185,,1717,7911,0.21703956516243206,0.15227431604816793,0.2818048142766962
51,187,,1616,8970,0.18015607580824972,0.11633967823705005,0.24397247337944938
51,191,,2053,9407,0.21824173487828213,0.16556494683551615,0.2709185229210481
51,193,,1532,3361,0.4558167212139244,0.33007165915454884,0.5815617832733
51,195,,1802,6728,0.2678359096313912,0.20174585172041318,0.33392596754236925
51,197,,982,5443,0.18041521219915488,0.11384313097951315,0.2469872934187966
51,199,,2697,16367,0.16478279464776685,0.12818928520774892,0.20137630408778479
51,510,,6115,28436,0.21504431002954003,0.17661577670242778,0.25347284335665227
51,520,,1391,3296,0.4220266990291262,0.30713048346134747,0.536922914596905
51,530,,554,1452,0.38154269972451793,0.22555175719551257,0.5375336422535233
51,540,,2267,7409,0.3059792144688892,0.23182058815705098,0.38013784078072743
51,550,,16644,61015,0.2727853806441039,0.24115565804436598,0.3044151032438418
51,570,,1355,4503,0.3009105041083722,0.21488821090118101,0.3869327973155634
51,580,,676,1309,0.5164247517188694,0.29507092208400276,0.737778581353736
51,590,,5486,9519,0.5763210421262738,0.5053268696774231,0.6473152145751244
51,595,,494,1533,0.3222439660795825,0.13685710849855146,0.5076308236606135
51,600,,1066,6210,0.171658615136876,0.08965281691984388,0.2536644133539081
51,610,,523,3519,0.14862176754759876,0.08336011459927252,0.21388342049592501
51,620,,1201,2231,0.5383236216943075,0.38934943509779885,0.6872978082908161
51,630,,1517,6074,0.24975304576885085,0.14934075411106468,0.350165337426637
51,640,,641,1669,0.38406231276213304,0.2295965344627819,0.5385280910614842
51,650,,11038,29591,0.37301882329086544,0.32734121087205553,0.41869643570967535
51,660,,2052,8805,0.23304940374787053,0.18323330904907967,0.2828654984466614
51,670,,2814,5830,0.48267581475128646,0.36674501649937735,0.5986066130031956
51,678,,162,548,0.2956204379562044,0,0.7304059773882166
51,680,,6623,15219,0.4351797095735594,0.38602579064533166,0.48433362850178713
51,683,,1675,11543,0.14510959022784373,0.09414521648228713,0.19607396397340032
51,685,,630,3880,0.16237113402061856,0.08466934796921573,0.2400729200720214
51,690,,1437,3657,0.39294503691550453,0.2711228271707559,0.5147672466602532
51,700,,16460,42689,0.38557942327063177,0.33933211625176035,0.4318267302895032
51,710,,19157,47443,0.40378981093101196,0.37075311409724226,0.43682650776478166
51,720,,228,722,0.3157894736842105,0.05235796402648624,0.5792209833419348
51,730,,4512,7979,0.5654843965409199,0.465137726034649,0.66583106704719075
51,735,,452,2906,0.15554026152787337,0.07268440386451938,0.23839611919122736
51,740,,10370,22239,0.46629794505148614,0.4141056784438003,0.518490211659172
51,750,,533,2071,0.25736359246740703,0.16622130142820354,0.3485058835066105
51,760,,19324,40022,0.4828344410574184,0.4437770465115107,0.5218918356033262
51,770,,9899,22197,0.44596116592332297,0.3835069792218516,0.5084153526247943
51,775,,1260,4950,0.2545454545454545,0.1668877041584523,0.3422032049324567
51,790,,1860,4947,0.3759854457246816,0.2662794603747093,0.48569143107465396
51,800,,6584,23301,0.2825629801296082,0.24288152136570823,0.3222444388935081
51,810,,26537,99731,0.2660857707232455,0.2431865771535135,0.28898496429297754
51,820,,1368,5107,0.26786763266105346,0.16657340247653413,0.3691618628455728
51,830,,574,1648,0.3483009708737864,0.19469129344969696,0.5019106482978759
51,840,,2355,6274,0.37535862288810967,0.2805483531342022,0.47016889264201717
53,000,,316616,1668472,0.1897640475836574,0.18458723602834812,0.19494085913896667
53,001,,1105,7219,0.1530682920072032,0.08628754149260345,0.21984904252180296
53,003,,1273,4400,0.2893181818181818,0.19359309072314482,0.3850432729132188
53,005,,10899,55521,0.19630410115091587,0.16775006240903081,0.22485813989280093
53,007,,3311,18061,0.18332318254803168,0.14007895782928248,0.22656740726678087
53,009,,3293,12524,0.26293516448419035,0.20073259601862123,0.3251377329497595
53,011,,21142,117454,0.1800023839119996,0.16308317171233463,0.19692159611166457
53,013,,174,723,0.24066390041493776,0.06405499696964173,0.4172728038602338
53,015,,5208,25190,0.20674870980547835,0.16952160868327132,0.2439758109276854
53,017,,2077,10833,0.19172897627619312,0.1434020915141948,0.24005586103819143
53,019,,278,1226,0.2267536704730832,0.1298020237117546,0.3237053172344118
53,021,,7103,30563,0.23240519582501717,0.18400494206266396,0.2808054495873704
53,023,,62,440,0.1409090909090909,0,0.2934089124719811
53,025,,6127,28721,0.21332822673305246,0.17075968254620089,0.25589677091990404
53,027,,4163,15210,0.2737015121630506,0.21615888565148852,0.33124413867461266
53,029,,3026,15049,0.20107648348727492,0.15137970235572284,0.250773264618827
53,031,,1067,3713,0.28736870455157554,0.21391897986187558,0.3608184292412755
53,033,,72113,444625,0.16218836097835254,0.15435965527511153,0.17001706668159355
53,035,,10402,54679,0.19023756835348124,0.16905500515390565,0.21142013155305683
53,037,,1486,7859,0.18908258048097723,0.1329284255822804,0.24523673537967405
53,039,,845,4250,0.1988235294117647,0.1125811093650516,0.2850659494584778
53,041,,3048,18241,0.16709610218738008,0.13325961637101133,0.20093258800374883
53,043,,462,2505,0.1844311377245509,0.09947108662177609,0.2693911888273257
53,045,,2350,13270,0.17709118311981914,0.12899134335601464,0.22519102288362364
53,047,,2778,9374,0.29635161083848943,0.2356593925838162,0.3570438290931627
53,049,,825,3541,0.2329850324767015,0.1597854934331075,0.3061845715202955
53,051,,811,2713,0.2989310726133432,0.1906218370351468,0.40724030819153956
53,053,,43964,213642,0.20578350698832626,0.19263024059907888,0.21893677337757364
53,055,,433,2316,0.18696027633851467,0.13703918525962538,0.23688136741740395
53,057,,6131,27417,0.22362038151511834,0.18650181810348007,0.26073894492675664
53,059,,518,2081,0.24891878904372897,0.1736219041988349,0.32421567388862305
53,061,,30499,186677,0.16337845583548052,0.14957026152971598,0.17718665014124507
53,063,,25719,118037,0.217889305895609,0.19529410075044687,0.24048451104077115
53,065,,1842,10161,0.18128136994390315,0.13024726153590846,0.23231547835189784
53,067,,12537,62279,0.20130381027312577,0.17749596596261102,0.22511165458364052
53,069,,75,817,0.09179926560587515,0.0029757323039105166,0.18062279890783978
53,071,,3344,12734,0.26260405214386684,0.19953217750578411,0.32567592678194957
53,073,,8105,42671,0.1899416465515221,0.15702045378769966,0.22286283931534454
53,075,,934,7389,0.12640411422384626,0.08964626491305194,0.16316196353464058
53,077,,17087,74347,0.22982769983993975,0.20420463232976488,0.2554507673501146
54,000,,86332,354965,0.2432127111123632,0.2333882604207437,0.25303716180398267
54,001,,706,3072,0.22981770833333334,0.12445654020638809,0.3351788764602786
54,003,,7278,29858,0.24375376783441624,0.20519954041827698,0.2823079952505555
54,005,,1288,4296,0.29981378026070765,0.19724365942950836,0.4023839010919069
54,007,,360,2245,0.1603563474387528,0.0707653119227638,0.24994738295474178
54,009,,1030,3733,0.2759174926332708,0.16997445834739272,0.3818605269191489
54,011,,4763,18208,0.2615883128295255,0.22010219187260113,0.3030744337864498
54,013,,190,1147,0.16564952048823017,0.05685179536154754,0.2744472456149128
54,015,,349,1708,0.20433255269320844,0.08912202557104108,0.3195430798153758
54,017,,331,1126,0.29396092362344584,0.11584667594455403,0.47207517130233767
54,019,,2471,8154,0.3030414520480746,0.2284233672961984,0.3776595367999508
54,021,,445,1083,0.41089566020313945,0.24230597221558736,0.5794853481906915
54,023,,423,2153,0.19647004180213656,0.0879055199329066,0.3050345636713665
54,025,,1156,6167,0.18744932706340198,0.12358469282544986,0.2513139613013541
54,027,,1156,4178,0.27668741024413596,0.1492809241068533,0.40409389638141857
54,029,,1493,5221,0.28596054395709636,0.20997838770988209,0.36194270020431063
54,031,,839,2823,0.2972015586255756,0.1620330931820643,0.432370024069087
54,033,,2878,13711,0.20990445627598278,0.16101366482235738,0.25879524772960816
54,035,,990,5942,0.1666105688320431,0.09554349828294947,0.2376776393811367
54,037,,2702,12461,0.21683652997351738,0.17014193673646433,0.26353112321057043
54,039,,10404,34875,0.2983225806451613,0.25931363666901674,0.3373315246213059
54,041,,868,3630,0.23911845730027548,0.14870376774560823,0.3295331468549427
54,043,,1401,4488,0.31216577540106955,0.20378035606343706,0.42055119473870206
54,045,,1553,6520,0.23819018404907977,0.1534936924111313,0.3228866756870282
54,047,,931,3262,0.2854077253218884,0.17719839214742816,0.39361705849634865
54,049,,2463,11028,0.2233405875952122,0.17588692038646936,0.270794254803955
54,051,,1704,5669,0.30058211324748635,0.23141295865512893,0.3697512678398438
54,053,,1037,5130,0.20214424951267057,0.10267403365357639,0.30161446537176473
54,055,,2735,12174,0.22465910957778873,0.17477220124471746,0.27454601791086
54,057,,1112,5390,0.20630797773654916,0.14339372642027856,0.2692222290528198
54,059,,1430,5122,0.27918781725888325,0.1737491641683344,0.3846264703494321
54,061,,3840,17171,0.22363286937277968,0.1745227083658825,0.27274303037967684
54,063,,482,2628,0.18340943683409436,0.05429181464532759,0.31252705902286115
54,065,,677,2964,0.22840755735492577,0.12578999951348063,0.3310251151963709
54,067,,1096,5116,0.2142298670836591,0.12094146082707866,0.3075182733402395
54,069,,1820,8011,0.22718761702658843,0.16997893988566254,0.28439629416751433
54,071,,274,1136,0.24119718309859156,0.10747031851072064,0.3749240476864625
54,073,,576,1464,0.39344262295081966,0.24639184550820542,0.5404934003934339
54,075,,123,1375,0.08945454545454545,0.015345354816982515,0.1635637360921084
54,077,,1233,6099,0.20216428922774227,0.12318219005131359,0.28114638840417094
54,079,,2451,12268,0.19978806651450928,0.13864250724194238,0.2609336257870762
54,081,,5269,15356,0.3431232091690544,0.2663390621873267,0.4199073561507821
54,083,,1023,5017,0.20390671716165037,0.12180900128587269,0.28600443303742806
54,085,,239,1646,0.14520048602673147,0.06655248732889393,0.223848484724569
54,087,,597,2763,0.21606948968512488,0.1265717056231373,0.30556727374711246
54,089,,466,1836,0.25381263616557737,0.12461347562847067,0.38301179670268404
54,091,,616,3376,0.18246445497630331,0.0934600744298317,0.2714688355227749
54,093,,133,901,0.14761376248612654,0.05508877036262584,0.24013875460962725
54,095,,199,1560,0.12756410256410255,0.0473168020339203,0.2078114030942848
54,097,,1323,4792,0.27608514190317196,0.19797469095843864,0.35419559284790525
54,099,,1166,7757,0.15031584375402862,0.09777716236712425,0.202854525140933
54,101,,471,1630,0.2889570552147239,0.11195747637312778,0.46595663405632004
54,103,,713,2988,0.23862115127175368,0.1524362313484792,0.32480607119502813
54,105,,227,1070,0.21214953271028036,0.03590819569935627,0.38839086972120446
54,107,,3989,17335,0.23011248918373234,0.18224775427502313,0.2779772240924415
54,109,,843,4132,0.20401742497579864,0.10720469516433691,0.3008301547872604
55,000,,278340,1262845,0.2204070966745721,0.21562775945456047,0.2251864338945837
55,001,,642,2847,0.22550052687038988,0.18212967382162382,0.26887137991915594
55,003,,763,3303,0.23100211928549802,0.16282536431856953,0.2991788742524265
55,005,,2167,9857,0.219843765851679,0.17706736624864997,0.26262016545470807
55,007,,515,2695,0.19109461966604824,0.1455001122011095,0.23668912713098697
55,009,,11450,62141,0.1842583801354983,0.1600479279262905,0.20846883234470612
55,011,,555,2668,0.2080209895052474,0.14037550297515444,0.27566647603534034
55,013,,550,2636,0.208649468892261,0.16500662179495526,0.2522923159895667
55,015,,1277,11760,0.10858843537414967,0.07248067803644792,0.1446961927118514
55,017,,2470,14275,0.17302977232924693,0.1213694298254962,0.22469011483299767
55,019,,1240,10301,0.12037666245995535,0.09946435413257439,0.14128897078733632
55,021,,2164,11972,0.1807550952221851,0.1498990834096591,0.21161110703471112
55,023,,550,3077,0.17874553136171595,0.12650570242686296,0.23098536029656894
55,025,,21393,112669,0.18987476590721494,0.17243767059316958,0.2073118612212603
55,027,,2283,17227,0.13252452545422883,0.1062131763136188,0.15883587459483883
55,029,,882,4766,0.18506084767100295,0.1202703512323646,0.2498513441096413
55,031,,1727,8466,0.20399244034963382,0.15546653759159337,0.2525183431076743
55,033,,1220,8756,0.13933302878026496,0.11029556210275285,0.16837049545777708
55,035,,3987,21154,0.1884749929091425,0.15747609513387753,0.21947389068440745
55,037,,148,721,0.20527045769764216,0.07018399094140756,0.3403569244538768
55,039,,4122,21939,0.1878845890879256,0.15405545213984792,0.22171372603600328
55,041,,432,1804,0.2394678492239468,0.169356442473401,0.30957925597449254
55,043,,1785,10913,0.163566388710712,0.13655346137412458,0.1905793160472994
55,045,,1590,7952,0.1999496981891348,0.14970519151109435,0.25019420486717525
55,047,,909,4175,0.21772455089820358,0.15361410764833994,0.28183499414806723
55,049,,877,5152,0.1702251552795031,0.13350413489359686,0.20694617566540935
55,051,,184,963,0.19106957424714435,0.13142128783523555,0.25071786065905316
55,053,,906,4418,0.2050701674966048,0.14788268360478204,0.26225765138842755
55,055,,2992,16945,0.17657125995868989,0.13905035876101296,0.2140921611563668
55,057,,936,5148,0.18181818181818182,0.14376220711508683,0.21987415652127681
55,059,,9064,36577,0.24780599830494573,0.2151003287989256,0.28051166781096587
55,061,,507,4308,0.11768802228412256,0.0793905331708355,0.15598551139740963
55,063,,4238,23309,0.18181818181818182,0.14266705918822062,0.22096930444814303
55,065,,570,4281,0.13314646110721795,0.08387385602155008,0.18241906619288584
55,067,,774,3724,0.20784103114930183,0.14094621970233323,0.27473584259627043
55,069,,997,4983,0.20008027292795505,0.14699991737346435,0.25316062848244575
55,071,,3116,16485,0.18902032150439793,0.15136427840074237,0.2266763646080535
55,073,,4824,31118,0.1550228163763738,0.12664687582174547,0.18339875693100213
55,075,,1240,7932,0.15632879475542108,0.11688219102424105,0.1957753984866011
55,077,,533,2960,0.18006756756756756,0.1338154076576829,0.22631972747745221
55,078,,577,1284,0.44937694704049846,0.308061347325018,0.5906925467559789
55,079,,87486,219186,0.39914045605102516,0.3828417823484504,0.4154391297535999
55,081,,1911,11719,0.16306852120488097,0.11793191176593107,0.20820513064383087
55,083,,1339,7789,0.17190910258056233,0.12943494599999944,0.21438325916112522
55,085,,1007,6376,0.15793601003764116,0.10309419741402556,0.21277782266125675
55,087,,7091,44249,0.16025220908947094,0.14026094292301822,0.18024347525592366
55,089,,3004,19433,0.15458241136211598,0.11543106612676571,0.19373375659746625
55,091,,333,1660,0.20060240963855422,0.11493574934094225,0.2862690699361662
55,093,,1353,8625,0.15686956521739132,0.10516173605396412,0.20857739438081851
55,095,,1480,9044,0.16364440513047324,0.1304410018710117,0.19684780838993476
55,097,,2665,13278,0.20070793794246122,0.1581295612947623,0.24328631459016015
55,099,,574,2462,0.2331437855402112,0.1733600727279353,0.2929274983524871
55,101,,11880,44736,0.2655579399141631,0.227628635360279,0.3034872444680472
55,103,,670,3649,0.18361194847903536,0.11975395278327818,0.24746994417479257
55,105,,8974,36719,0.2443966338952586,0.21261035714464446,0.27618291064587275
55,107,,503,2834,0.1774876499647142,0.12664929577133308,0.2283260041580953
55,109,,3191,22834,0.1397477445913988,0.11500986321851046,0.16448562596428712
55,111,,2556,14749,0.17329988473794833,0.13859003316023075,0.2080097363156659
55,113,,987,3207,0.3077642656688494,0.24886006520910603,0.3666684661285928
55,115,,1257,8651,0.14530112125765807,0.11737874765476067,0.17322349486055547
55,117,,5480,25364,0.21605425011827786,0.17929032424468402,0.25281817599187173
55,119,,512,4611,0.11103882021253524,0.08075746664254457,0.1413201737825259
55,121,,1224,8206,0.149159151840117,0.11900925739700505,0.17930904628322894
55,123,,1087,8068,0.13472979672781357,0.10687701542506817,0.16258257803055898
55,125,,834,3825,0.21803921568627452,0.15995483218788772,0.27612359918466134
55,127,,4621,20577,0.22457112309860525,0.18305968058132221,0.2660825656158883
55,129,,593,3033,0.1955159907682163,0.1561648294733301,0.2348671520631025
55,131,,4452,28908,0.1540058115400581,0.12716046631723338,0.18085115676288283
55,133,,10906,86148,0.12659609044899475,0.11193987594549851,0.141252304952491
55,135,,1833,10323,0.17756466143562918,0.1389808907733565,0.21614843209790185
55,137,,894,4407,0.20285908781484002,0.16600785387818734,0.2397103217514927
55,139,,7779,34675,0.22434030281182407,0.19413606868176214,0.254544536941886
55,141,,2708,15839,0.1709703895447945,0.13826979072894452,0.20367098836064446
56,000,,24780,130894,0.1893134903051324,0.17517143990522976,0.20345554070503502
56,001,,1114,5846,0.19055764625384877,0.13711015282537659,0.24400513968232096
56,003,,394,2897,0.1360027614773904,0.07708931055229895,0.19491621240248186
56,005,,2181,12561,0.17363267255791737,0.1140439667176405,0.23322137839819423
56,007,,519,3244,0.1599876695437731,0.09587174775851762,0.2241035913290286
56,009,,442,3291,0.13430568216347616,0.06330575012381033,0.20530561420314197
56,011,,159,1833,0.0867430441898527,0.020591654959235442,0.15289443342046993
56,013,,2928,9665,0.30294878427315053,0.2517379207343938,0.35415964781190723
56,015,,367,2406,0.15253532834580216,0.0821792356833764,0.22289142100822792
56,017,,262,1036,0.2528957528957529,0.08085926264485721,0.42493224314664857
56,019,,246,1676,0.1467780429594272,0.0719130638590259,0.2216430220598285
56,021,,4167,22616,0.1842500884329678,0.1460361759273853,0.22246400093855032
56,023,,562,5160,0.10891472868217054,0.06286533561634487,0.15496412174799623
56,025,,4391,18865,0.23275907765703685,0.19022487377787306,0.27529328153620064
56,027,,43,248,0.17338709677419356,0.006559383017771064,0.3402148105306161
56,029,,1477,6287,0.23492921902338157,0.14510715826825166,0.3247512797785115
56,031,,182,1742,0.1044776119402985,0.049985333957890545,0.15896988992270647
56,033,,1130,6771,0.16688819967508492,0.09064295567916913,0.2431334436710007
56,035,,224,1866,0.12004287245444802,0.04205948713503552,0.19802625777386051
56,037,,1795,10367,0.1731455580206424,0.1305356063977344,0.21575550964355042
56,039,,588,3981,0.14770158251695553,0.058428090737778896,0.23697507429613218
56,041,,1172,5629,0.20820749689109966,0.1319889722373413,0.284426021544858
56,043,,204,1567,0.1301850670070198,0.06068226214821783,0.19968787186582176
56,045,,233,1340,0.17388059701492536,0.07077148608014747,0.27698970794970323
