"fipscode","statecode","countycode","v088_numerator","v088_denominator","v088_cilow","v088_cihigh","problem","v088_rawvalue","v088_rawalternatevalue","v088_flag_ct"
"01000","01","000",2518,5108468,NA,NA,NA,0.00049290707116106,2028.77998411438,NA
"02000","02","000",780,733406,NA,NA,NA,0.00106353097738497,940.264102564103,NA
"04000","04","000",5017,7431344,NA,NA,NA,0.000675113411517486,1481.23260912896,NA
"05000","05","000",1522,3067732,NA,NA,NA,0.000496131995884908,2015.5926412615,NA
"06000","06","000",36981,38965193,NA,NA,NA,0.000949077809007644,1053.65439009221,NA
"08000","08","000",5186,5877610,NA,NA,NA,0.000882331423827032,1133.36097184728,NA
"09000","09","000",NA,NA,NA,NA,NA,NA,NA,"U"
"10000","10","000",478,1031890,NA,NA,NA,0.000463227669615947,2158.76569037657,NA
"11000","11","000",886,678972,NA,NA,NA,0.00130491389924769,766.334085778781,NA
"12000","12","000",14772,22610726,NA,NA,NA,0.000653318252585078,1530.64757649607,NA
"13000","13","000",6000,11029227,NA,NA,NA,0.000544009113240665,1838.2045,NA
"15000","15","000",1323,1435138,NA,NA,NA,0.000921862566526703,1084.76039304611,NA
"16000","16","000",1301,1964726,NA,NA,NA,0.000662178848348319,1510.16602613374,NA
"17000","17","000",10753,12549689,NA,NA,NA,0.00085683398210107,1167.08723147029,NA
"18000","18","000",4150,6862199,NA,NA,NA,0.000604762409251029,1653.54192771084,NA
"19000","19","000",2328,3207004,NA,NA,NA,0.000725911161944294,1377.57903780069,NA
"20000","20","000",1879,2940546,NA,NA,NA,0.000638996975391645,1564.95263437999,NA
"21000","21","000",3052,4526154,NA,NA,NA,0.00067430317218548,1483.0124508519,NA
"22000","22","000",2746,4573749,NA,NA,NA,0.000600382749468762,1665.60415149308,NA
"23000","23","000",1003,1395722,NA,NA,NA,0.00071862448252589,1391.54735792622,NA
"24000","24","000",5095,6180253,NA,NA,NA,0.000824399907252988,1213.00353287537,NA
"25000","25","000",7802,7001399,NA,NA,NA,0.0011143487180205,897.385157651884,NA
"26000","26","000",8190,10037261,NA,NA,NA,0.000815959652737933,1225.55079365079,NA
"27000","27","000",4499,5737915,NA,NA,NA,0.000784082719942697,1275.3756390309,NA
"28000","28","000",1539,2939690,NA,NA,NA,0.000523524589327446,1910.12995451592,NA
"29000","29","000",3956,6196156,NA,NA,NA,0.000638460361553195,1566.26794742164,NA
"30000","30","000",852,1132812,NA,NA,NA,0.000752110676793678,1329.59154929577,NA
"31000","31","000",1668,1978379,NA,NA,NA,0.000843114489185338,1186.07853717026,NA
"32000","32","000",2149,3194176,NA,NA,NA,0.000672786972289567,1486.35458352722,NA
"33000","33","000",1115,1402054,NA,NA,NA,0.000795261808746311,1257.44753363229,NA
"34000","34","000",8153,9290841,NA,NA,NA,0.000877530893059089,1139.56102048326,NA
"35000","35","000",1472,2114371,NA,NA,NA,0.000696188133492183,1436.3933423913,NA
"36000","36","000",16479,19571216,NA,NA,NA,0.000842001845976254,1187.64585229686,NA
"37000","37","000",6729,10835491,NA,NA,NA,0.000621014774503527,1610.26764749591,NA
"38000","38","000",548,783926,NA,NA,NA,0.000699045573179101,1430.52189781022,NA
"39000","39","000",7741,11785935,NA,NA,NA,0.000656799821142743,1522.5339103475,NA
"40000","40","000",2629,4053824,NA,NA,NA,0.000648523468211743,1541.96424496006,NA
"41000","41","000",3651,4233358,NA,NA,NA,0.00086243591966472,1159.50643659271,NA
"42000","42","000",9402,12961683,NA,NA,NA,0.000725368765769075,1378.60912571793,NA
"44000","44","000",709,1095962,NA,NA,NA,0.000646920239935326,1545.7856135402,NA
"45000","45","000",3236,5373555,NA,NA,NA,0.00060220840765564,1660.55469715698,NA
"46000","46","000",595,919318,NA,NA,NA,0.000647218916631677,1545.07226890756,NA
"47000","47","000",4077,7126489,NA,NA,NA,0.000572090969339881,1747.97375521217,NA
"48000","48","000",19350,30503301,NA,NA,NA,0.000634357573300018,1576.39798449612,NA
"49000","49","000",2401,3417734,NA,NA,NA,0.000702512249344156,1423.46272386506,NA
"50000","50","000",483,647464,NA,NA,NA,0.000745987421694488,1340.50517598344,NA
"51000","51","000",6660,8715698,NA,NA,NA,0.000764138454544891,1308.66336336336,NA
"53000","53","000",6900,7812880,NA,NA,NA,0.000883157043241417,1132.30144927536,NA
"54000","54","000",1053,1770071,NA,NA,NA,0.000594891391362267,1680.97910731244,NA
"55000","55","000",4405,5910955,NA,NA,NA,0.000745226448179693,1341.87400681044,NA
"56000","56","000",423,584057,NA,NA,NA,0.000724244380257406,1380.74940898345,NA
"00000","00","000",249826,334914895,NA,NA,NA,0.000745938755575502,1340.5926324722,NA
"01001","01","001",18,60342,NA,NA,NA,0.000298299691756985,3352.33333333333,NA
"01003","01","003",123,253507,NA,NA,NA,0.000485193702737991,2061.0325203252,NA
"01005","01","005",8,24585,NA,NA,NA,0.000325401667683547,3073.125,NA
"01007","01","007",5,21868,NA,NA,NA,0.000228644594841778,4373.6,NA
"01009","01","009",10,59816,NA,NA,NA,0.000167179350006687,5981.6,NA
"01011","01","011",2,9897,NA,NA,NA,0.000202081438819844,4948.5,NA
"01013","01","013",8,18382,NA,NA,NA,0.000435208356000435,2297.75,NA
"01015","01","015",71,116429,NA,NA,NA,0.000609813706207216,1639.84507042254,NA
"01017","01","017",7,34079,NA,NA,NA,0.00020540508817747,4868.42857142857,NA
"01019","01","019",4,25666,NA,NA,NA,0.000155848203849451,6416.5,NA
"01021","01","021",12,46431,NA,NA,NA,0.000258448019642049,3869.25,NA
"01023","01","023",6,12252,NA,NA,NA,0.000489715964740451,2042,NA
"01025","01","025",8,22337,NA,NA,NA,0.000358150154452254,2792.125,NA
"01027","01","027",2,14111,NA,NA,NA,0.000141733399475586,7055.5,NA
"01029","01","029",0,15639,NA,NA,NA,NA,NA,NA
"01031","01","031",19,55643,NA,NA,NA,0.000341462537965243,2928.57894736842,NA
"01033","01","033",30,58361,NA,NA,NA,0.000514041911550522,1945.36666666667,NA
"01035","01","035",2,11174,NA,NA,NA,0.000178986933953821,5587,NA
"01037","01","037",0,10268,NA,NA,NA,NA,NA,NA
"01039","01","039",14,37952,NA,NA,NA,0.000368887015177066,2710.85714285714,NA
"01041","01","041",3,13101,NA,NA,NA,0.000228990153423403,4367,NA
"01043","01","043",42,92016,NA,NA,NA,0.000456442357850809,2190.85714285714,NA
"01045","01","045",18,49871,NA,NA,NA,0.000360931202502456,2770.61111111111,NA
"01047","01","047",13,36165,NA,NA,NA,0.000359463569749758,2781.92307692308,NA
"01049","01","049",22,72569,NA,NA,NA,0.000303159751409004,3298.59090909091,NA
"01051","01","051",12,90441,NA,NA,NA,0.000132683185723289,7536.75,NA
"01053","01","053",16,36558,NA,NA,NA,0.000437660703539581,2284.875,NA
"01055","01","055",53,103241,NA,NA,NA,0.000513361939539524,1947.94339622642,NA
"01057","01","057",2,15967,NA,NA,NA,0.000125258345337258,7983.5,NA
"01059","01","059",7,31802,NA,NA,NA,0.000220111942645117,4543.14285714286,NA
"01061","01","061",2,26988,NA,NA,NA,7.41070105231955e-05,13494,NA
"01063","01","063",0,7341,NA,NA,NA,NA,NA,NA
"01065","01","065",2,14888,NA,NA,NA,0.000134336378291241,7444,NA
"01067","01","067",5,17899,NA,NA,NA,0.00027934521481647,3579.8,NA
"01069","01","069",69,108462,NA,NA,NA,0.000636167505670189,1571.91304347826,NA
"01071","01","071",17,53467,NA,NA,NA,0.000317953129968018,3145.11764705882,NA
"01073","01","073",629,662895,NA,NA,NA,0.000948868221965771,1053.88712241653,NA
"01075","01","075",3,13661,NA,NA,NA,0.000219603250128102,4553.66666666667,NA
"01077","01","077",54,96814,NA,NA,NA,0.000557770570372054,1792.85185185185,NA
"01079","01","079",3,33502,NA,NA,NA,8.95468927228225e-05,11167.3333333333,NA
"01081","01","081",63,183215,NA,NA,NA,0.000343858308544606,2908.1746031746,NA
"01083","01","083",33,114654,NA,NA,NA,0.000287822492019467,3474.36363636364,NA
"01085","01","085",0,9717,NA,NA,NA,NA,NA,NA
"01087","01","087",5,18370,NA,NA,NA,0.000272182906913446,3674,NA
"01089","01","089",220,412600,NA,NA,NA,0.000533204071740184,1875.45454545455,NA
"01091","01","091",5,18684,NA,NA,NA,0.000267608649111539,3736.8,NA
"01093","01","093",9,29244,NA,NA,NA,0.000307755437012721,3249.33333333333,NA
"01095","01","095",36,100756,NA,NA,NA,0.000357298820913891,2798.77777777778,NA
"01097","01","097",221,411640,NA,NA,NA,0.00053687688271305,1862.62443438914,NA
"01099","01","099",4,19229,NA,NA,NA,0.000208019137760674,4807.25,NA
"01101","01","101",178,224980,NA,NA,NA,0.000791181438350076,1263.93258426966,NA
"01103","01","103",64,125133,NA,NA,NA,0.000511455811017078,1955.203125,NA
"01105","01","105",1,7738,NA,NA,NA,0.00012923235978289,7738,NA
"01107","01","107",4,18688,NA,NA,NA,0.000214041095890411,4672,NA
"01109","01","109",9,33137,NA,NA,NA,0.000271599722364728,3681.88888888889,NA
"01111","01","111",2,22786,NA,NA,NA,8.77731940665321e-05,11393,NA
"01113","01","113",16,58744,NA,NA,NA,0.000272368241862999,3671.5,NA
"01115","01","115",29,95552,NA,NA,NA,0.000303499665103818,3294.89655172414,NA
"01117","01","117",117,233000,NA,NA,NA,0.000502145922746781,1991.45299145299,NA
"01119","01","119",2,11727,NA,NA,NA,0.000170546601858958,5863.5,NA
"01121","01","121",28,81132,NA,NA,NA,0.000345116600108465,2897.57142857143,NA
"01123","01","123",11,40677,NA,NA,NA,0.000270423089215036,3697.90909090909,NA
"01125","01","125",103,237373,NA,NA,NA,0.000433916241527048,2304.59223300971,NA
"01127","01","127",30,64728,NA,NA,NA,0.00046347793845013,2157.6,NA
"01129","01","129",2,15022,NA,NA,NA,0.000133138064172547,7511,NA
"01131","01","131",1,9944,NA,NA,NA,0.000100563153660499,9944,NA
"01133","01","133",4,23611,NA,NA,NA,0.000169412561941468,5902.75,NA
"02013","02","013",1,3461,NA,NA,NA,0.000288933834151979,3461,NA
"02016","02","016",6,5160,NA,NA,NA,0.00116279069767442,860,NA
"02020","02","020",386,286075,NA,NA,NA,0.00134929651315215,741.126943005181,NA
"02050","02","050",31,18224,NA,NA,NA,0.00170105355575066,587.870967741935,NA
"02060","02","060",1,844,NA,NA,NA,0.00118483412322275,844,NA
"02063","02","063",3,6769,NA,NA,NA,0.000443196927167972,2256.33333333333,NA
"02066","02","066",2,2674,NA,NA,NA,0.00074794315632012,1337,NA
"02068","02","068",0,1584,NA,NA,NA,0,NA,NA
"02070","02","070",6,4607,NA,NA,NA,0.00130236596483612,767.833333333333,NA
"02090","02","090",135,94840,NA,NA,NA,0.00142345002108815,702.518518518518,NA
"02100","02","100",3,2070,NA,NA,NA,0.00144927536231884,690,NA
"02105","02","105",0,2262,NA,NA,NA,0,NA,NA
"02110","02","110",35,31555,NA,NA,NA,0.00110917445729678,901.571428571429,NA
"02122","02","122",48,61223,NA,NA,NA,0.00078401907779756,1275.47916666667,NA
"02130","02","130",11,13738,NA,NA,NA,0.000800698791672733,1248.90909090909,NA
"02150","02","150",7,12565,NA,NA,NA,0.000557103064066852,1795,NA
"02158","02","158",0,8001,NA,NA,NA,NA,NA,NA
"02164","02","164",0,1331,NA,NA,NA,0,NA,NA
"02170","02","170",61,115239,NA,NA,NA,0.000529334687041713,1889.16393442623,NA
"02180","02","180",10,9763,NA,NA,NA,0.00102427532520742,976.3,NA
"02185","02","185",7,10603,NA,NA,NA,0.000660190512119212,1514.71428571429,NA
"02188","02","188",3,7361,NA,NA,NA,0.000407553321559571,2453.66666666667,NA
"02195","02","195",3,3427,NA,NA,NA,0.000875401225561716,1142.33333333333,NA
"02198","02","198",2,5696,NA,NA,NA,0.000351123595505618,2848,NA
"02220","02","220",12,8282,NA,NA,NA,0.00144892538034291,690.166666666667,NA
"02230","02","230",0,1095,NA,NA,NA,0,NA,NA
"02240","02","240",4,7077,NA,NA,NA,0.000565211247703829,1769.25,NA
"02275","02","275",1,2064,NA,NA,NA,0.000484496124031008,2064,NA
"02282","02","282",0,687,NA,NA,NA,0,NA,NA
"02290","02","290",2,5129,NA,NA,NA,0.000389939559368298,2564.5,NA
"04001","04","001",47,65036,NA,NA,NA,0.000722676671382004,1383.74468085106,NA
"04003","04","003",75,124640,NA,NA,NA,0.000601732991014121,1661.86666666667,NA
"04005","04","005",121,144472,NA,NA,NA,0.000837532532255385,1193.98347107438,NA
"04007","04","007",33,54003,NA,NA,NA,0.000611077162379868,1636.45454545455,NA
"04009","04","009",21,39525,NA,NA,NA,0.000531309297912713,1882.14285714286,NA
"04011","04","011",2,9369,NA,NA,NA,0.00021346995410396,4684.5,NA
"04012","04","012",10,16710,NA,NA,NA,0.000598444045481747,1671,NA
"04013","04","013",3382,4585871,NA,NA,NA,0.000737482585096702,1355.96422235364,NA
"04015","04","015",104,223682,NA,NA,NA,0.000464945771228798,2150.78846153846,NA
"04017","04","017",75,109175,NA,NA,NA,0.000686970460270208,1455.66666666667,NA
"04019","04","019",721,1063162,NA,NA,NA,0.000678165698172057,1474.56588072122,NA
"04021","04","021",175,484239,NA,NA,NA,0.000361391792069619,2767.08,NA
"04023","04","023",12,49158,NA,NA,NA,0.000244110826315147,4096.5,NA
"04025","04","025",174,249081,NA,NA,NA,0.00069856793573175,1431.5,NA
"04027","04","027",65,213221,NA,NA,NA,0.00030484802153634,3280.32307692308,NA
"05001","05","001",8,16307,NA,NA,NA,0.000490586864536702,2038.375,NA
"05003","05","003",8,18262,NA,NA,NA,0.000438068119592597,2282.75,NA
"05005","05","005",24,42875,NA,NA,NA,0.000559766763848396,1786.45833333333,NA
"05007","05","007",139,311013,NA,NA,NA,0.000446926655798954,2237.5035971223,NA
"05009","05","009",22,38530,NA,NA,NA,0.000570983649104594,1751.36363636364,NA
"05011","05","011",4,10104,NA,NA,NA,0.000395882818685669,2526,NA
"05013","05","013",0,4641,NA,NA,NA,NA,NA,NA
"05015","05","015",8,28814,NA,NA,NA,0.000277642812521691,3601.75,NA
"05017","05","017",5,9538,NA,NA,NA,0.000524218913818411,1907.6,NA
"05019","05","019",11,21274,NA,NA,NA,0.000517063081695967,1934,NA
"05021","05","021",6,14201,NA,NA,NA,0.000422505457362158,2366.83333333333,NA
"05023","05","023",11,25445,NA,NA,NA,0.000432304971507172,2313.18181818182,NA
"05025","05","025",0,7378,NA,NA,NA,NA,NA,NA
"05027","05","027",10,22150,NA,NA,NA,0.000451467268623025,2215,NA
"05029","05","029",9,21077,NA,NA,NA,0.00042700574085496,2341.88888888889,NA
"05031","05","031",89,113993,NA,NA,NA,0.00078074969515672,1280.8202247191,NA
"05033","05","033",14,61891,NA,NA,NA,0.00022620413307266,4420.78571428571,NA
"05035","05","035",33,47139,NA,NA,NA,0.000700057277413607,1428.45454545455,NA
"05037","05","037",9,16420,NA,NA,NA,0.000548112058465286,1824.44444444444,NA
"05039","05","039",2,6185,NA,NA,NA,0.000323362974939369,3092.5,NA
"05041","05","041",3,10479,NA,NA,NA,0.000286286859433152,3493,NA
"05043","05","043",6,16945,NA,NA,NA,0.000354086751254057,2824.16666666667,NA
"05045","05","045",56,129951,NA,NA,NA,0.00043093165885603,2320.55357142857,NA
"05047","05","047",3,17468,NA,NA,NA,0.000171742615067552,5822.66666666667,NA
"05049","05","049",2,12421,NA,NA,NA,0.000161017631430642,6210.5,NA
"05051","05","051",64,99784,NA,NA,NA,0.000641385392447687,1559.125,NA
"05053","05","053",6,18383,NA,NA,NA,0.000326388511124408,3063.83333333333,NA
"05055","05","055",16,46743,NA,NA,NA,0.000342297242367841,2921.4375,NA
"05057","05","057",7,19343,NA,NA,NA,0.000361888021506488,2763.28571428571,NA
"05059","05","059",9,33258,NA,NA,NA,0.000270611582175717,3695.33333333333,NA
"05061","05","061",3,12533,NA,NA,NA,0.000239368068299689,4177.66666666667,NA
"05063","05","063",17,38320,NA,NA,NA,0.000443632567849687,2254.11764705882,NA
"05065","05","065",3,14169,NA,NA,NA,0.000211729832733432,4723,NA
"05067","05","067",5,16784,NA,NA,NA,0.000297902764537655,3356.8,NA
"05069","05","069",26,63661,NA,NA,NA,0.000408413314274045,2448.5,NA
"05071","05","071",7,26129,NA,NA,NA,0.000267901565310574,3732.71428571429,NA
"05073","05","073",0,6095,NA,NA,NA,NA,NA,NA
"05075","05","075",4,16318,NA,NA,NA,0.000245128079421498,4079.5,NA
"05077","05","077",4,8201,NA,NA,NA,0.000487745396902817,2050.25,NA
"05079","05","079",2,12898,NA,NA,NA,0.000155062800434176,6449,NA
"05081","05","081",5,11805,NA,NA,NA,0.000423549343498518,2361,NA
"05083","05","083",9,21400,NA,NA,NA,0.000420560747663551,2377.77777777778,NA
"05085","05","085",21,75944,NA,NA,NA,0.00027651954071421,3616.38095238095,NA
"05087","05","087",7,17775,NA,NA,NA,0.000393811533052039,2539.28571428571,NA
"05089","05","089",3,17514,NA,NA,NA,0.000171291538198013,5838,NA
"05091","05","091",14,42415,NA,NA,NA,0.000330071908522928,3029.64285714286,NA
"05093","05","093",15,38663,NA,NA,NA,0.000387967824535085,2577.53333333333,NA
"05095","05","095",4,6512,NA,NA,NA,0.000614250614250614,1628,NA
"05097","05","097",2,8620,NA,NA,NA,0.000232018561484919,4310,NA
"05099","05","099",0,8120,NA,NA,NA,NA,NA,NA
"05101","05","101",0,7071,NA,NA,NA,NA,NA,NA
"05103","05","103",9,21793,NA,NA,NA,0.000412976643876474,2421.44444444444,NA
"05105","05","105",0,10184,NA,NA,NA,NA,NA,NA
"05107","05","107",5,14961,NA,NA,NA,0.000334202259207272,2992.2,NA
"05109","05","109",4,10208,NA,NA,NA,0.000391849529780564,2552,NA
"05111","05","111",3,22397,NA,NA,NA,0.000133946510693396,7465.66666666667,NA
"05113","05","113",8,19436,NA,NA,NA,0.000411607326610414,2429.5,NA
"05115","05","115",31,64593,NA,NA,NA,0.000479928165590699,2083.64516129032,NA
"05117","05","117",1,8036,NA,NA,NA,0.000124440019910403,8036,NA
"05119","05","119",321,400009,NA,NA,NA,0.000802481944156257,1246.13395638629,NA
"05121","05","121",6,18907,NA,NA,NA,0.000317342783096208,3151.16666666667,NA
"05123","05","123",10,22101,NA,NA,NA,0.000452468214107959,2210.1,NA
"05125","05","125",45,129574,NA,NA,NA,0.000347291894978931,2879.42222222222,NA
"05127","05","127",1,9851,NA,NA,NA,0.000101512536798295,9851,NA
"05129","05","129",3,7806,NA,NA,NA,0.000384319754035357,2602,NA
"05131","05","131",98,129098,NA,NA,NA,0.000759113231808394,1317.32653061224,NA
"05133","05","133",4,15632,NA,NA,NA,0.000255885363357216,3908,NA
"05135","05","135",5,17968,NA,NA,NA,0.000278272484416741,3593.6,NA
"05137","05","137",4,12671,NA,NA,NA,0.000315681477389314,3167.75,NA
"05139","05","139",17,37397,NA,NA,NA,0.000454581918335695,2199.82352941176,NA
"05141","05","141",8,16142,NA,NA,NA,0.000495601536364763,2017.75,NA
"05143","05","143",166,261549,NA,NA,NA,0.000634680308469923,1575.59638554217,NA
"05145","05","145",28,78452,NA,NA,NA,0.00035690613368684,2801.85714285714,NA
"05147","05","147",3,5964,NA,NA,NA,0.000503018108651912,1988,NA
"05149","05","149",7,20044,NA,NA,NA,0.000349231690281381,2863.42857142857,NA
"06001","06","001",1724,1622188,NA,NA,NA,0.00106276214594116,940.944315545244,NA
"06003","06","003",0,1141,NA,NA,NA,0,NA,NA
"06005","06","005",26,41811,NA,NA,NA,0.000621845925713329,1608.11538461538,NA
"06007","06","007",171,207172,NA,NA,NA,0.000825401115980924,1211.53216374269,NA
"06009","06","009",24,46565,NA,NA,NA,0.000515408568667454,1940.20833333333,NA
"06011","06","011",9,22037,NA,NA,NA,0.000408404047737895,2448.55555555556,NA
"06013","06","013",1090,1155025,NA,NA,NA,0.000943702517261531,1059.65596330275,NA
"06015","06","015",23,26589,NA,NA,NA,0.000865019368911956,1156.04347826087,NA
"06017","06","017",155,192215,NA,NA,NA,0.000806388679343444,1240.09677419355,NA
"06019","06","019",668,1017162,NA,NA,NA,0.000656729213242335,1522.69760479042,NA
"06021","06","021",25,28129,NA,NA,NA,0.000888762487112944,1125.16,NA
"06023","06","023",114,133985,NA,NA,NA,0.000850841512109564,1175.30701754386,NA
"06025","06","025",60,179057,NA,NA,NA,0.000335088826463082,2984.28333333333,NA
"06027","06","027",16,18527,NA,NA,NA,0.000863604469153128,1157.9375,NA
"06029","06","029",499,913820,NA,NA,NA,0.000546059399006369,1831.30260521042,NA
"06031","06","031",105,152682,NA,NA,NA,0.000687703855071325,1454.11428571429,NA
"06033","06","033",29,67878,NA,NA,NA,0.000427237101859218,2340.62068965517,NA
"06035","06","035",33,28861,NA,NA,NA,0.00114341152420221,874.575757575758,NA
"06037","06","037",9607,9663345,NA,NA,NA,0.000994169203314173,1005.86499427501,NA
"06039","06","039",82,162858,NA,NA,NA,0.000503506121897604,1986.07317073171,NA
"06041","06","041",324,254407,NA,NA,NA,0.00127354986301478,785.206790123457,NA
"06043","06","043",9,16919,NA,NA,NA,0.000531946332525563,1879.88888888889,NA
"06045","06","045",73,89108,NA,NA,NA,0.000819230596579432,1220.65753424658,NA
"06047","06","047",143,291920,NA,NA,NA,0.000489860235681009,2041.3986013986,NA
"06049","06","049",6,8500,NA,NA,NA,0.000705882352941177,1416.66666666667,NA
"06051","06","051",6,13066,NA,NA,NA,0.000459207102403184,2177.66666666667,NA
"06053","06","053",335,430723,NA,NA,NA,0.000777762041962003,1285.74029850746,NA
"06055","06","055",141,133216,NA,NA,NA,0.00105843141964929,944.794326241135,NA
"06057","06","057",91,102037,NA,NA,NA,0.000891833354567461,1121.28571428571,NA
"06059","06","059",3981,3135755,NA,NA,NA,0.0012695507142618,787.680231097714,NA
"06061","06","061",446,423561,NA,NA,NA,0.0010529770210194,949.688340807175,NA
"06063","06","063",16,19131,NA,NA,NA,0.000836338926349903,1195.6875,NA
"06065","06","065",1454,2492442,NA,NA,NA,0.00058336362491083,1714.19669876204,NA
"06067","06","067",1336,1584288,NA,NA,NA,0.000843281019612596,1185.84431137725,NA
"06069","06","069",36,68175,NA,NA,NA,0.000528052805280528,1893.75,NA
"06071","06","071",1753,2195611,NA,NA,NA,0.000798411011786696,1252.4877353109,NA
"06073","06","073",3296,3269973,NA,NA,NA,0.00100795939293688,992.103458737864,NA
"06075","06","075",1423,808988,NA,NA,NA,0.00175898777237734,568.508784258609,NA
"06077","06","077",489,800965,NA,NA,NA,0.00061051356800859,1637.96523517382,NA
"06079","06","079",256,281639,NA,NA,NA,0.000908965022599853,1100.15234375,NA
"06081","06","081",852,726353,NA,NA,NA,0.00117298338411213,852.526995305164,NA
"06083","06","083",413,441257,NA,NA,NA,0.000935962488980345,1068.41888619855,NA
"06085","06","085",2430,1877592,NA,NA,NA,0.00129421088287551,772.671604938272,NA
"06087","06","087",243,261547,NA,NA,NA,0.000929087315090596,1076.32510288066,NA
"06089","06","089",142,180366,NA,NA,NA,0.000787288069813601,1270.18309859155,NA
"06091","06","091",2,3200,NA,NA,NA,0.000625,1600,NA
"06093","06","093",30,42905,NA,NA,NA,0.000699219205220837,1430.16666666667,NA
"06095","06","095",448,449218,NA,NA,NA,0.000997288621560133,1002.71875,NA
"06097","06","097",480,481812,NA,NA,NA,0.000996239197031207,1003.775,NA
"06099","06","099",397,551430,NA,NA,NA,0.000719946321382587,1388.99244332494,NA
"06101","06","101",85,97948,NA,NA,NA,0.000867807408012415,1152.32941176471,NA
"06103","06","103",45,64896,NA,NA,NA,0.000693417159763314,1442.13333333333,NA
"06105","06","105",5,15670,NA,NA,NA,0.000319081046585833,3134,NA
"06107","06","107",280,479468,NA,NA,NA,0.000583980578474476,1712.38571428571,NA
"06109","06","109",66,54204,NA,NA,NA,0.00121762231569626,821.272727272727,NA
"06111","06","111",821,829590,NA,NA,NA,0.000989645487529985,1010.4628501827,NA
"06113","06","113",144,220544,NA,NA,NA,0.000652930934416715,1531.55555555556,NA
"06115","06","115",24,85722,NA,NA,NA,0.000279974802267796,3571.75,NA
"08001","08","001",397,533365,NA,NA,NA,0.000744330805358432,1343.48866498741,NA
"08003","08","003",24,16655,NA,NA,NA,0.00144100870609427,693.958333333333,NA
"08005","08","005",790,656061,NA,NA,NA,0.00120415632082992,830.456962025316,NA
"08007","08","007",9,14189,NA,NA,NA,0.000634294171541335,1576.55555555556,NA
"08009","08","009",2,3344,NA,NA,NA,0.000598086124401914,1672,NA
"08011","08","011",1,5681,NA,NA,NA,0.000176025347650062,5681,NA
"08013","08","013",382,326831,NA,NA,NA,0.00116879977725491,855.578534031414,NA
"08014","08","014",72,76860,NA,NA,NA,0.000936768149882904,1067.5,NA
"08015","08","015",13,20617,NA,NA,NA,0.000630547606344279,1585.92307692308,NA
"08017","08","017",0,1727,NA,NA,NA,0,NA,NA
"08019","08","019",5,9147,NA,NA,NA,0.000546627309500383,1829.4,NA
"08021","08","021",2,7521,NA,NA,NA,0.000265922084829145,3760.5,NA
"08023","08","023",0,3628,NA,NA,NA,0,NA,NA
"08025","08","025",1,5636,NA,NA,NA,0.000177430801987225,5636,NA
"08027","08","027",0,5534,NA,NA,NA,NA,NA,NA
"08029","08","029",14,31746,NA,NA,NA,0.000441000441000441,2267.57142857143,NA
"08031","08","031",608,716577,NA,NA,NA,0.000848478251464951,1178.58059210526,NA
"08033","08","033",1,2513,NA,NA,NA,0.000397930760047752,2513,NA
"08035","08","035",271,383906,NA,NA,NA,0.000705901965585326,1416.62730627306,NA
"08037","08","037",41,54381,NA,NA,NA,0.000753939795149041,1326.36585365854,NA
"08039","08","039",4,28806,NA,NA,NA,0.000138859959730612,7201.5,NA
"08041","08","041",797,744215,NA,NA,NA,0.00107092708424313,933.770388958595,NA
"08043","08","043",17,50318,NA,NA,NA,0.000337851265948567,2959.88235294118,NA
"08045","08","045",47,62707,NA,NA,NA,0.000749517597716363,1334.1914893617,NA
"08047","08","047",0,5926,NA,NA,NA,NA,NA,NA
"08049","08","049",6,15935,NA,NA,NA,0.000376529651710072,2655.83333333333,NA
"08051","08","051",8,17321,NA,NA,NA,0.000461867097742625,2165.125,NA
"08053","08","053",0,765,NA,NA,NA,0,NA,NA
"08055","08","055",2,7055,NA,NA,NA,0.000283486888731396,3527.5,NA
"08057","08","057",0,1309,NA,NA,NA,0,NA,NA
"08059","08","059",624,576366,NA,NA,NA,0.00108264540240056,923.663461538462,NA
"08061","08","061",0,1384,NA,NA,NA,0,NA,NA
"08063","08","063",2,6994,NA,NA,NA,0.000285959393766085,3497,NA
"08065","08","065",3,7365,NA,NA,NA,0.000407331975560081,2455,NA
"08067","08","067",56,56407,NA,NA,NA,0.000992784583473682,1007.26785714286,NA
"08069","08","069",316,370771,NA,NA,NA,0.000852278090789193,1173.32594936709,NA
"08071","08","071",9,14348,NA,NA,NA,0.000627265124059102,1594.22222222222,NA
"08073","08","073",5,5480,NA,NA,NA,0.000912408759124088,1096,NA
"08075","08","075",12,20619,NA,NA,NA,0.000581987487269024,1718.25,NA
"08077","08","077",122,159681,NA,NA,NA,0.000764023271397348,1308.8606557377,NA
"08079","08","079",0,944,NA,NA,NA,0,NA,NA
"08081","08","081",8,13327,NA,NA,NA,0.000600285135439334,1665.875,NA
"08083","08","083",18,26531,NA,NA,NA,0.000678451622630131,1473.94444444444,NA
"08085","08","085",49,44156,NA,NA,NA,0.00110970196575777,901.142857142857,NA
"08087","08","087",20,29524,NA,NA,NA,0.000677414984419455,1476.2,NA
"08089","08","089",6,18136,NA,NA,NA,0.000330833700926334,3022.66666666667,NA
"08091","08","091",6,5176,NA,NA,NA,0.00115919629057187,862.666666666667,NA
"08093","08","093",3,18117,NA,NA,NA,0.000165590329524756,6039,NA
"08095","08","095",0,4476,NA,NA,NA,NA,NA,NA
"08097","08","097",10,16640,NA,NA,NA,0.000600961538461538,1664,NA
"08099","08","099",6,11751,NA,NA,NA,0.000510594842992086,1958.5,NA
"08101","08","101",120,169422,NA,NA,NA,0.000708290540779828,1411.85,NA
"08103","08","103",6,6569,NA,NA,NA,0.000913381032120566,1094.83333333333,NA
"08105","08","105",5,11188,NA,NA,NA,0.000446907400786557,2237.6,NA
"08107","08","107",31,25064,NA,NA,NA,0.00123683370571337,808.516129032258,NA
"08109","08","109",0,6688,NA,NA,NA,NA,NA,NA
"08111","08","111",0,802,NA,NA,NA,0,NA,NA
"08113","08","113",6,7868,NA,NA,NA,0.000762582613116421,1311.33333333333,NA
"08115","08","115",1,2299,NA,NA,NA,0.000434971726837756,2299,NA
"08117","08","117",35,30465,NA,NA,NA,0.0011488593467914,870.428571428571,NA
"08119","08","119",12,24617,NA,NA,NA,0.00048746800991185,2051.41666666667,NA
"08121","08","121",2,4855,NA,NA,NA,0.000411946446961895,2427.5,NA
"08123","08","123",173,359442,NA,NA,NA,0.000481301572993696,2077.69942196532,NA
"08125","08","125",6,9862,NA,NA,NA,0.000608395862908132,1643.66666666667,NA
"09110","09","110",NA,NA,NA,NA,NA,NA,NA,"U"
"09120","09","120",NA,NA,NA,NA,NA,NA,NA,"U"
"09130","09","130",NA,NA,NA,NA,NA,NA,NA,"U"
"09140","09","140",NA,NA,NA,NA,NA,NA,NA,"U"
"09150","09","150",NA,NA,NA,NA,NA,NA,NA,"U"
"09160","09","160",NA,NA,NA,NA,NA,NA,NA,"U"
"09170","09","170",NA,NA,NA,NA,NA,NA,NA,"U"
"09180","09","180",NA,NA,NA,NA,NA,NA,NA,"U"
"09190","09","190",NA,NA,NA,NA,NA,NA,NA,"U"
"10001","10","001",78,189789,NA,NA,NA,0.00041098272291861,2433.19230769231,NA
"10003","10","003",342,578592,NA,NA,NA,0.000591090094574415,1691.78947368421,NA
"10005","10","005",58,263509,NA,NA,NA,0.000220106334129005,4543.25862068965,NA
"11001","11","001",886,678972,NA,NA,NA,0.00130491389924769,766.334085778781,NA
"12001","12","001",553,285994,NA,NA,NA,0.00193360699874823,517.168173598553,NA
"12003","12","003",13,28368,NA,NA,NA,0.000458262831359278,2182.15384615385,NA
"12005","12","005",114,190769,NA,NA,NA,0.000597581368041977,1673.41228070175,NA
"12007","12","007",7,27858,NA,NA,NA,0.00025127431976452,3979.71428571429,NA
"12009","12","009",394,643979,NA,NA,NA,0.000611821192927099,1634.46446700508,NA
"12011","12","011",1720,1962531,NA,NA,NA,0.000876419276943906,1141.00639534884,NA
"12013","12","013",8,13470,NA,NA,NA,0.000593912397921307,1683.75,NA
"12015","12","015",114,206134,NA,NA,NA,0.000553038314882552,1808.19298245614,NA
"12017","12","017",52,166696,NA,NA,NA,0.000311945097662811,3205.69230769231,NA
"12019","12","019",126,232439,NA,NA,NA,0.000542077706408993,1844.75396825397,NA
"12021","12","021",295,404310,NA,NA,NA,0.000729638148945116,1370.54237288136,NA
"12023","12","023",45,73063,NA,NA,NA,0.000615906820141522,1623.62222222222,NA
"12027","12","027",7,35979,NA,NA,NA,0.000194557936574113,5139.85714285714,NA
"12029","12","029",1,17465,NA,NA,NA,5.72573718866304e-05,17465,NA
"12031","12","031",798,1030822,NA,NA,NA,0.000774139473158314,1291.75689223058,NA
"12033","12","033",234,326928,NA,NA,NA,0.000715753927470269,1397.12820512821,NA
"12035","12","035",46,131439,NA,NA,NA,0.000349972230464322,2857.36956521739,NA
"12037","12","037",2,12594,NA,NA,NA,0.000158805780530411,6297,NA
"12039","12","039",11,43833,NA,NA,NA,0.000250952478726074,3984.81818181818,NA
"12041","12","041",5,19587,NA,NA,NA,0.000255271353448716,3917.4,NA
"12043","12","043",5,12786,NA,NA,NA,0.000391052713905834,2557.2,NA
"12045","12","045",6,15693,NA,NA,NA,0.000382336073408526,2615.5,NA
"12047","12","047",4,13471,NA,NA,NA,0.000296934154851162,3367.75,NA
"12049","12","049",16,25760,NA,NA,NA,0.00062111801242236,1610,NA
"12051","12","051",15,43333,NA,NA,NA,0.000346156508896222,2888.86666666667,NA
"12053","12","053",84,212807,NA,NA,NA,0.000394723857767837,2533.41666666667,NA
"12055","12","055",49,107614,NA,NA,NA,0.000455331090750274,2196.20408163265,NA
"12057","12","057",1015,1535564,NA,NA,NA,0.000660994917828238,1512.87093596059,NA
"12059","12","059",8,19944,NA,NA,NA,0.000401123144805455,2493,NA
"12061","12","061",131,169795,NA,NA,NA,0.000771518595953945,1296.14503816794,NA
"12063","12","063",15,48622,NA,NA,NA,0.000308502324050841,3241.46666666667,NA
"12065","12","065",4,15450,NA,NA,NA,0.000258899676375405,3862.5,NA
"12067","12","067",0,8078,NA,NA,NA,NA,NA,NA
"12069","12","069",201,424462,NA,NA,NA,0.000473540623188884,2111.75124378109,NA
"12071","12","071",468,834573,NA,NA,NA,0.000560765804788796,1783.27564102564,NA
"12073","12","073",169,296913,NA,NA,NA,0.00056919030153614,1756.88165680473,NA
"12075","12","075",10,46545,NA,NA,NA,0.000214845848103985,4654.5,NA
"12077","12","077",2,7706,NA,NA,NA,0.00025953802232027,3853,NA
"12079","12","079",4,18519,NA,NA,NA,0.000215994384146012,4629.75,NA
"12081","12","081",265,441095,NA,NA,NA,0.000600777610265362,1664.50943396226,NA
"12083","12","083",175,409959,NA,NA,NA,0.000426871955488232,2342.62285714286,NA
"12085","12","085",132,163315,NA,NA,NA,0.000808253987692496,1237.23484848485,NA
"12086","12","086",2190,2686867,NA,NA,NA,0.000815075699690383,1226.8799086758,NA
"12087","12","087",52,80614,NA,NA,NA,0.000645049247029052,1550.26923076923,NA
"12089","12","089",30,101501,NA,NA,NA,0.000295563590506497,3383.36666666667,NA
"12091","12","091",188,218464,NA,NA,NA,0.000860553683902153,1162.04255319149,NA
"12093","12","093",18,41427,NA,NA,NA,0.000434499239626331,2301.5,NA
"12095","12","095",796,1471416,NA,NA,NA,0.000540975495712973,1848.51256281407,NA
"12097","12","097",132,437784,NA,NA,NA,0.00030151855709665,3316.54545454545,NA
"12099","12","099",1243,1533801,NA,NA,NA,0.000810405000387925,1233.95092518101,NA
"12101","12","101",224,632996,NA,NA,NA,0.000353872694298226,2825.875,NA
"12103","12","103",801,961596,NA,NA,NA,0.000832990153869192,1200.49438202247,NA
"12105","12","105",302,818330,NA,NA,NA,0.000369044273092762,2709.70198675497,NA
"12107","12","107",21,75955,NA,NA,NA,0.000276479494437496,3616.90476190476,NA
"12109","12","109",161,320110,NA,NA,NA,0.000502952110212115,1988.26086956522,NA
"12111","12","111",150,373586,NA,NA,NA,0.000401513975363102,2490.57333333333,NA
"12113","12","113",58,203162,NA,NA,NA,0.000285486459081915,3502.79310344828,NA
"12115","12","115",352,469013,NA,NA,NA,0.000750512245929217,1332.42329545455,NA
"12117","12","117",311,484271,NA,NA,NA,0.000642202403199861,1557.14147909968,NA
"12119","12","119",53,151565,NA,NA,NA,0.000349684953650249,2859.71698113208,NA
"12121","12","121",8,46130,NA,NA,NA,0.000173422935183178,5766.25,NA
"12123","12","123",6,21582,NA,NA,NA,0.000278009452321379,3597,NA
"12125","12","125",4,15532,NA,NA,NA,0.000257532835436518,3883,NA
"12127","12","127",293,590357,NA,NA,NA,0.000496309859966088,2014.87030716724,NA
"12129","12","129",4,36449,NA,NA,NA,0.000109742379763505,9112.25,NA
"12131","12","131",44,86354,NA,NA,NA,0.000509530537091507,1962.59090909091,NA
"12133","12","133",8,25602,NA,NA,NA,0.0003124755878447,3200.25,NA
"13001","13","001",2,18457,NA,NA,NA,0.000108359971826407,9228.5,NA
"13003","13","003",1,8293,NA,NA,NA,0.00012058362474376,8293,NA
"13005","13","005",3,11124,NA,NA,NA,0.000269687162891046,3708,NA
"13007","13","007",0,2743,NA,NA,NA,0,NA,NA
"13009","13","009",18,43396,NA,NA,NA,0.000414784772790119,2410.88888888889,NA
"13011","13","011",1,19789,NA,NA,NA,5.05331244630856e-05,19789,NA
"13013","13","013",18,92792,NA,NA,NA,0.000193982239848263,5155.11111111111,NA
"13015","13","015",39,115041,NA,NA,NA,0.000339009570500952,2949.76923076923,NA
"13017","13","017",9,17128,NA,NA,NA,0.000525455394675385,1903.11111111111,NA
"13019","13","019",2,18570,NA,NA,NA,0.000107700592353258,9285,NA
"13021","13","021",102,156512,NA,NA,NA,0.000651707217337968,1534.43137254902,NA
"13023","13","023",2,12465,NA,NA,NA,0.000160449257922182,6232.5,NA
"13025","13","025",1,18401,NA,NA,NA,5.43448725612738e-05,18401,NA
"13027","13","027",1,16245,NA,NA,NA,6.15574022776239e-05,16245,NA
"13029","13","029",14,49739,NA,NA,NA,0.000281469269587245,3552.78571428571,NA
"13031","13","031",29,84327,NA,NA,NA,0.000343899344219526,2907.8275862069,NA
"13033","13","033",3,24438,NA,NA,NA,0.000122759636631476,8146,NA
"13035","13","035",4,26887,NA,NA,NA,0.000148770781418529,6721.75,NA
"13037","13","037",2,5457,NA,NA,NA,0.000366501740883269,2728.5,NA
"13039","13","039",19,58118,NA,NA,NA,0.000326921091572318,3058.84210526316,NA
"13043","13","043",1,11059,NA,NA,NA,9.04240889773036e-05,11059,NA
"13045","13","045",49,127098,NA,NA,NA,0.00038552927662119,2593.83673469388,NA
"13047","13","047",19,68910,NA,NA,NA,0.000275721956174721,3626.84210526316,NA
"13049","13","049",0,12934,NA,NA,NA,NA,NA,NA
"13051","13","051",223,303655,NA,NA,NA,0.000734386063130856,1361.68161434978,NA
"13053","13","053",72,8661,NA,NA,NA,0.00831312781434015,120.291666666667,NA
"13055","13","055",9,25222,NA,NA,NA,0.000356831337721037,2802.44444444444,NA
"13057","13","057",146,286602,NA,NA,NA,0.000509417240633352,1963.02739726027,NA
"13059","13","059",65,129933,NA,NA,NA,0.000500257825186827,1998.96923076923,NA
"13061","13","061",0,2853,NA,NA,NA,0,NA,NA
"13063","13","063",69,298300,NA,NA,NA,0.00023131076097888,4323.1884057971,NA
"13065","13","065",1,6746,NA,NA,NA,0.000148235991698784,6746,NA
"13067","13","067",574,776743,NA,NA,NA,0.00073898316431561,1353.21080139373,NA
"13069","13","069",16,43317,NA,NA,NA,0.000369369993305169,2707.3125,NA
"13071","13","071",12,46167,NA,NA,NA,0.000259925921112483,3847.25,NA
"13073","13","073",98,165162,NA,NA,NA,0.000593356825419891,1685.32653061224,NA
"13075","13","075",5,17714,NA,NA,NA,0.000282262617138986,3542.8,NA
"13077","13","077",65,155892,NA,NA,NA,0.000416955328047623,2398.33846153846,NA
"13079","13","079",0,12277,NA,NA,NA,NA,NA,NA
"13081","13","081",10,19631,NA,NA,NA,0.000509398400489022,1963.1,NA
"13083","13","083",5,16165,NA,NA,NA,0.000309310238168883,3233,NA
"13085","13","085",13,31732,NA,NA,NA,0.000409681079036934,2440.92307692308,NA
"13087","13","087",9,29087,NA,NA,NA,0.000309416577852649,3231.88888888889,NA
"13089","13","089",480,762992,NA,NA,NA,0.000629102271059199,1589.56666666667,NA
"13091","13","091",9,19776,NA,NA,NA,0.000455097087378641,2197.33333333333,NA
"13093","13","093",4,10981,NA,NA,NA,0.000364265549585648,2745.25,NA
"13095","13","095",59,82645,NA,NA,NA,0.000713896787464456,1400.76271186441,NA
"13097","13","097",67,149160,NA,NA,NA,0.000449182086350228,2226.26865671642,NA
"13099","13","099",4,10563,NA,NA,NA,0.000378680299157436,2640.75,NA
"13101","13","101",0,3709,NA,NA,NA,0,NA,NA
"13103","13","103",12,71541,NA,NA,NA,0.000167735983561874,5961.75,NA
"13105","13","105",5,20013,NA,NA,NA,0.000249837605556388,4002.6,NA
"13107","13","107",4,23119,NA,NA,NA,0.000173017864094468,5779.75,NA
"13109","13","109",3,10754,NA,NA,NA,0.000278965966152129,3584.66666666667,NA
"13111","13","111",7,25955,NA,NA,NA,0.000269697553457908,3707.85714285714,NA
"13113","13","113",134,123351,NA,NA,NA,0.00108633087692844,920.529850746269,NA
"13115","13","115",37,100113,NA,NA,NA,0.000369582371919731,2705.75675675676,NA
"13117","13","117",111,272887,NA,NA,NA,0.000406761773188169,2458.44144144144,NA
"13119","13","119",4,24782,NA,NA,NA,0.000161407473166008,6195.5,NA
"13121","13","121",830,1079105,NA,NA,NA,0.000769155920878877,1300.1265060241,NA
"13123","13","123",9,32860,NA,NA,NA,0.000273889227023737,3651.11111111111,NA
"13125","13","125",0,2954,NA,NA,NA,0,NA,NA
"13127","13","127",45,86172,NA,NA,NA,0.000522211391171146,1914.93333333333,NA
"13129","13","129",15,59757,NA,NA,NA,0.000251016617300065,3983.8,NA
"13131","13","131",7,26066,NA,NA,NA,0.000268549067751093,3723.71428571429,NA
"13133","13","133",21,20722,NA,NA,NA,0.00101341569346588,986.761904761905,NA
"13135","13","135",662,983526,NA,NA,NA,0.000673088459278148,1485.68882175227,NA
"13137","13","137",22,48757,NA,NA,NA,0.000451217261111225,2216.22727272727,NA
"13139","13","139",113,217267,NA,NA,NA,0.000520097391688568,1922.71681415929,NA
"13141","13","141",1,8676,NA,NA,NA,0.000115260488704472,8676,NA
"13143","13","143",8,32038,NA,NA,NA,0.000249703477120919,4004.75,NA
"13145","13","145",7,36654,NA,NA,NA,0.000190975064113057,5236.28571428571,NA
"13147","13","147",10,27556,NA,NA,NA,0.000362897372623022,2755.6,NA
"13149","13","149",0,12034,NA,NA,NA,NA,NA,NA
"13151","13","151",97,254613,NA,NA,NA,0.000380970335371721,2624.87628865979,NA
"13153","13","153",93,171974,NA,NA,NA,0.000540779420144906,1849.18279569892,NA
"13155","13","155",1,9120,NA,NA,NA,0.000109649122807018,9120,NA
"13157","13","157",38,88615,NA,NA,NA,0.000428821305648028,2331.97368421053,NA
"13159","13","159",3,16455,NA,NA,NA,0.000182315405651778,5485,NA
"13161","13","161",1,14906,NA,NA,NA,6.70870790285791e-05,14906,NA
"13163","13","163",3,15183,NA,NA,NA,0.000197589409207666,5061,NA
"13165","13","165",0,8627,NA,NA,NA,NA,NA,NA
"13167","13","167",1,9282,NA,NA,NA,0.000107735401853049,9282,NA
"13169","13","169",3,28969,NA,NA,NA,0.000103558976837309,9656.33333333333,NA
"13171","13","171",2,20401,NA,NA,NA,9.80344100779373e-05,10200.5,NA
"13173","13","173",1,10452,NA,NA,NA,9.56754688097972e-05,10452,NA
"13175","13","175",24,49941,NA,NA,NA,0.000480567069141587,2080.875,NA
"13177","13","177",15,33872,NA,NA,NA,0.000442843646669816,2258.13333333333,NA
"13179","13","179",81,69210,NA,NA,NA,0.0011703511053316,854.444444444444,NA
"13181","13","181",0,7879,NA,NA,NA,NA,NA,NA
"13183","13","183",0,19594,NA,NA,NA,NA,NA,NA
"13185","13","185",67,120712,NA,NA,NA,0.00055504009543376,1801.67164179104,NA
"13187","13","187",8,35258,NA,NA,NA,0.000226898859833229,4407.25,NA
"13189","13","189",12,21799,NA,NA,NA,0.000550483967154457,1816.58333333333,NA
"13191","13","191",3,11501,NA,NA,NA,0.00026084688287975,3833.66666666667,NA
"13193","13","193",2,11817,NA,NA,NA,0.000169247694000169,5908.5,NA
"13195","13","195",1,32191,NA,NA,NA,3.10645832686155e-05,32191,NA
"13197","13","197",1,7440,NA,NA,NA,0.000134408602150538,7440,NA
"13199","13","199",4,20931,NA,NA,NA,0.000191104103960633,5232.75,NA
"13201","13","201",3,5747,NA,NA,NA,0.000522011484252654,1915.66666666667,NA
"13205","13","205",3,21114,NA,NA,NA,0.00014208581983518,7038,NA
"13207","13","207",5,30625,NA,NA,NA,0.000163265306122449,6125,NA
"13209","13","209",0,8761,NA,NA,NA,NA,NA,NA
"13211","13","211",8,21460,NA,NA,NA,0.000372786579683131,2682.5,NA
"13213","13","213",4,41035,NA,NA,NA,9.74777628853418e-05,10258.75,NA
"13215","13","215",120,201877,NA,NA,NA,0.000594421355577901,1682.30833333333,NA
"13217","13","217",25,120135,NA,NA,NA,0.000208099221708911,4805.4,NA
"13219","13","219",28,44182,NA,NA,NA,0.000633742247974288,1577.92857142857,NA
"13221","13","221",1,15754,NA,NA,NA,6.34759426177479e-05,15754,NA
"13223","13","223",33,183164,NA,NA,NA,0.000180166408246162,5550.42424242424,NA
"13225","13","225",14,28805,NA,NA,NA,0.000486026731470231,2057.5,NA
"13227","13","227",9,35969,NA,NA,NA,0.000250215463315633,3996.55555555556,NA
"13229","13","229",2,20425,NA,NA,NA,9.79192166462668e-05,10212.5,NA
"13231","13","231",4,20461,NA,NA,NA,0.000195493866379942,5115.25,NA
"13233","13","233",11,44223,NA,NA,NA,0.000248739343780386,4020.27272727273,NA
"13235","13","235",1,10095,NA,NA,NA,9.90589400693413e-05,10095,NA
"13237","13","237",6,23129,NA,NA,NA,0.000259414587746984,3854.83333333333,NA
"13239","13","239",1,2280,NA,NA,NA,0.00043859649122807,2280,NA
"13241","13","241",6,17442,NA,NA,NA,0.000343997248022016,2907,NA
"13243","13","243",0,6078,NA,NA,NA,NA,NA,NA
"13245","13","245",425,205414,NA,NA,NA,0.00206899237637162,483.327058823529,NA
"13247","13","247",73,95987,NA,NA,NA,0.000760519653703106,1314.8904109589,NA
"13249","13","249",0,4526,NA,NA,NA,NA,NA,NA
"13251","13","251",3,14174,NA,NA,NA,0.00021165514321998,4724.66666666667,NA
"13253","13","253",4,9092,NA,NA,NA,0.00043994720633524,2273,NA
"13255","13","255",24,69946,NA,NA,NA,0.000343121836845567,2914.41666666667,NA
"13257","13","257",10,27228,NA,NA,NA,0.00036726898780667,2722.8,NA
"13259","13","259",0,4674,NA,NA,NA,NA,NA,NA
"13261","13","261",15,28890,NA,NA,NA,0.000519210799584631,1926,NA
"13263","13","263",0,5718,NA,NA,NA,NA,NA,NA
"13265","13","265",0,1609,NA,NA,NA,0,NA,NA
"13267","13","267",5,24296,NA,NA,NA,0.0002057951926243,4859.2,NA
"13269","13","269",1,7758,NA,NA,NA,0.000128899200824955,7758,NA
"13271","13","271",2,10920,NA,NA,NA,0.000183150183150183,5460,NA
"13273","13","273",1,8718,NA,NA,NA,0.000114705207616426,8718,NA
"13275","13","275",22,45649,NA,NA,NA,0.000481938268089115,2074.95454545455,NA
"13277","13","277",16,41554,NA,NA,NA,0.000385041151273042,2597.125,NA
"13279","13","279",14,27040,NA,NA,NA,0.000517751479289941,1931.42857142857,NA
"13281","13","281",7,13035,NA,NA,NA,0.000537015726889145,1862.14285714286,NA
"13283","13","283",1,6341,NA,NA,NA,0.000157703832203123,6341,NA
"13285","13","285",43,70742,NA,NA,NA,0.000607842582906901,1645.16279069767,NA
"13287","13","287",4,8909,NA,NA,NA,0.000448984173307891,2227.25,NA
"13289","13","289",0,7691,NA,NA,NA,NA,NA,NA
"13291","13","291",8,27124,NA,NA,NA,0.000294941749004572,3390.5,NA
"13293","13","293",6,28263,NA,NA,NA,0.000212291688780384,4710.5,NA
"13295","13","295",11,69489,NA,NA,NA,0.00015829843572364,6317.18181818182,NA
"13297","13","297",44,106702,NA,NA,NA,0.000412363404622219,2425.04545454545,NA
"13299","13","299",22,36243,NA,NA,NA,0.000607013768175924,1647.40909090909,NA
"13301","13","301",1,5106,NA,NA,NA,0.000195848021934978,5106,NA
"13303","13","303",4,19820,NA,NA,NA,0.000201816347124117,4955,NA
"13305","13","305",5,31373,NA,NA,NA,0.000159372709017308,6274.6,NA
"13307","13","307",0,2337,NA,NA,NA,0,NA,NA
"13309","13","309",0,7081,NA,NA,NA,NA,NA,NA
"13311","13","311",10,29026,NA,NA,NA,0.00034451870736581,2902.6,NA
"13313","13","313",45,103687,NA,NA,NA,0.000433998476183128,2304.15555555556,NA
"13315","13","315",3,8779,NA,NA,NA,0.000341724569996583,2926.33333333333,NA
"13317","13","317",2,9518,NA,NA,NA,0.000210128178188695,4759,NA
"13319","13","319",1,8725,NA,NA,NA,0.000114613180515759,8725,NA
"13321","13","321",2,20273,NA,NA,NA,9.86533813446456e-05,10136.5,NA
"15001","15","001",133,207615,NA,NA,NA,0.000640608819208631,1561.01503759398,NA
"15003","15","003",1028,989408,NA,NA,NA,0.00103900514246903,962.459143968872,NA
"15005","15","005",0,81,NA,NA,NA,0,NA,NA
"15007","15","007",51,73851,NA,NA,NA,0.000690579680708454,1448.05882352941,NA
"15009","15","009",111,164183,NA,NA,NA,0.00067607486767814,1479.12612612613,NA
"16001","16","001",439,524673,NA,NA,NA,0.00083671162800449,1195.15489749431,NA
"16003","16","003",3,4903,NA,NA,NA,0.000611870283499898,1634.33333333333,NA
"16005","16","005",93,90400,NA,NA,NA,0.0010287610619469,972.043010752688,NA
"16007","16","007",3,6766,NA,NA,NA,0.000443393437777121,2255.33333333333,NA
"16009","16","009",9,10369,NA,NA,NA,0.000867971839135886,1152.11111111111,NA
"16011","16","011",18,50395,NA,NA,NA,0.000357178291497172,2799.72222222222,NA
"16013","16","013",21,25041,NA,NA,NA,0.000838624655564874,1192.42857142857,NA
"16015","16","015",0,8517,NA,NA,NA,NA,NA,NA
"16017","16","017",26,52547,NA,NA,NA,0.000494795135783204,2021.03846153846,NA
"16019","16","019",110,131366,NA,NA,NA,0.000837355175616217,1194.23636363636,NA
"16021","16","021",9,13557,NA,NA,NA,0.00066386368665634,1506.33333333333,NA
"16023","16","023",0,2758,NA,NA,NA,0,NA,NA
"16025","16","025",0,1232,NA,NA,NA,0,NA,NA
"16027","16","027",117,257674,NA,NA,NA,0.000454062109487181,2202.34188034188,NA
"16029","16","029",4,7219,NA,NA,NA,0.000554093364731957,1804.75,NA
"16031","16","031",19,25696,NA,NA,NA,0.000739414694894147,1352.42105263158,NA
"16033","16","033",0,801,NA,NA,NA,0,NA,NA
"16035","16","035",4,9214,NA,NA,NA,0.000434121988278706,2303.5,NA
"16037","16","037",1,4523,NA,NA,NA,0.000221092195445501,4523,NA
"16039","16","039",23,29724,NA,NA,NA,0.000773785493204145,1292.34782608696,NA
"16041","16","041",9,15494,NA,NA,NA,0.000580870014199045,1721.55555555556,NA
"16043","16","043",8,14196,NA,NA,NA,0.000563539025077487,1774.5,NA
"16045","16","045",8,21071,NA,NA,NA,0.000379668739025201,2633.875,NA
"16047","16","047",4,16061,NA,NA,NA,0.000249050494987859,4015.25,NA
"16049","16","049",7,17890,NA,NA,NA,0.000391280044717719,2555.71428571429,NA
"16051","16","051",8,34198,NA,NA,NA,0.000233931808877712,4274.75,NA
"16053","16","053",7,25479,NA,NA,NA,0.0002747360571451,3639.85714285714,NA
"16055","16","055",141,185010,NA,NA,NA,0.000762120966434247,1312.12765957447,NA
"16057","16","057",19,41301,NA,NA,NA,0.000460037287232755,2173.73684210526,NA
"16059","16","059",3,8441,NA,NA,NA,0.000355408126999171,2813.66666666667,NA
"16061","16","061",2,3739,NA,NA,NA,0.000534902380315592,1869.5,NA
"16063","16","063",1,5450,NA,NA,NA,0.00018348623853211,5450,NA
"16065","16","065",25,54547,NA,NA,NA,0.000458320347590152,2181.88,NA
"16067","16","067",8,22480,NA,NA,NA,0.000355871886120996,2810,NA
"16069","16","069",36,42987,NA,NA,NA,0.000837462488659362,1194.08333333333,NA
"16071","16","071",3,4953,NA,NA,NA,0.000605693519079346,1651,NA
"16073","16","073",4,12722,NA,NA,NA,0.000314415972331394,3180.5,NA
"16075","16","075",14,27279,NA,NA,NA,0.000513215293815756,1948.5,NA
"16077","16","077",2,8253,NA,NA,NA,0.000242336120198716,4126.5,NA
"16079","16","079",8,14026,NA,NA,NA,0.0005703693141309,1753.25,NA
"16081","16","081",5,12549,NA,NA,NA,0.000398438122559566,2509.8,NA
"16083","16","083",73,95156,NA,NA,NA,0.000767161293034596,1303.50684931507,NA
"16085","16","085",5,12644,NA,NA,NA,0.000395444479595065,2528.8,NA
"16087","16","087",2,11425,NA,NA,NA,0.000175054704595186,5712.5,NA
"17001","17","001",54,64441,NA,NA,NA,0.000837975822845704,1193.35185185185,NA
"17003","17","003",4,4695,NA,NA,NA,0.000851970181043663,1173.75,NA
"17005","17","005",3,16450,NA,NA,NA,0.000182370820668693,5483.33333333333,NA
"17007","17","007",20,53202,NA,NA,NA,0.000375925717078305,2660.1,NA
"17009","17","009",0,6294,NA,NA,NA,NA,NA,NA
"17011","17","011",12,32729,NA,NA,NA,0.000366647315836109,2727.41666666667,NA
"17013","17","013",1,4317,NA,NA,NA,0.000231642344220524,4317,NA
"17015","17","015",4,15526,NA,NA,NA,0.000257632358624243,3881.5,NA
"17017","17","017",9,12596,NA,NA,NA,0.000714512543664655,1399.55555555556,NA
"17019","17","019",133,205644,NA,NA,NA,0.000646748750267452,1546.1954887218,NA
"17021","17","021",7,33228,NA,NA,NA,0.00021066570362345,4746.85714285714,NA
"17023","17","023",3,15088,NA,NA,NA,0.000198833510074231,5029.33333333333,NA
"17025","17","025",6,12999,NA,NA,NA,0.000461573967228248,2166.5,NA
"17027","17","027",11,36785,NA,NA,NA,0.00029903493271714,3344.09090909091,NA
"17029","17","029",24,46060,NA,NA,NA,0.000521059487624837,1919.16666666667,NA
"17031","17","031",5111,5087072,NA,NA,NA,0.00100470368809405,995.318333007239,NA
"17033","17","033",8,18300,NA,NA,NA,0.000437158469945355,2287.5,NA
"17035","17","035",1,10261,NA,NA,NA,9.74563882662509e-05,10261,NA
"17037","17","037",71,100288,NA,NA,NA,0.000707961072112317,1412.50704225352,NA
"17039","17","039",6,15365,NA,NA,NA,0.000390497884803124,2560.83333333333,NA
"17041","17","041",10,19629,NA,NA,NA,0.00050945030312293,1962.9,NA
"17043","17","043",1124,921213,NA,NA,NA,0.00122013041500717,819.584519572954,NA
"17045","17","045",5,16334,NA,NA,NA,0.000306109954695727,3266.8,NA
"17047","17","047",1,5968,NA,NA,NA,0.000167560321715818,5968,NA
"17049","17","049",58,34331,NA,NA,NA,0.00168943520433428,591.913793103448,NA
"17051","17","051",10,21164,NA,NA,NA,0.000472500472500472,2116.4,NA
"17053","17","053",6,13250,NA,NA,NA,0.000452830188679245,2208.33333333333,NA
"17055","17","055",13,37138,NA,NA,NA,0.000350045775216759,2856.76923076923,NA
"17057","17","057",8,32541,NA,NA,NA,0.000245843704864632,4067.625,NA
"17059","17","059",0,4670,NA,NA,NA,NA,NA,NA
"17061","17","061",6,11543,NA,NA,NA,0.000519795547084813,1923.83333333333,NA
"17063","17","063",20,53578,NA,NA,NA,0.000373287543394677,2678.9,NA
"17065","17","065",1,7911,NA,NA,NA,0.00012640626975098,7911,NA
"17067","17","067",6,17186,NA,NA,NA,0.000349121377865705,2864.33333333333,NA
"17069","17","069",1,3569,NA,NA,NA,0.000280190529560101,3569,NA
"17071","17","071",10,6088,NA,NA,NA,0.00164257555847569,608.8,NA
"17073","17","073",16,48448,NA,NA,NA,0.000330250990752972,3028,NA
"17075","17","075",9,26136,NA,NA,NA,0.00034435261707989,2904,NA
"17077","17","077",48,52141,NA,NA,NA,0.000920580733012409,1086.27083333333,NA
"17079","17","079",1,9144,NA,NA,NA,0.000109361329833771,9144,NA
"17081","17","081",21,36320,NA,NA,NA,0.000578193832599119,1729.52380952381,NA
"17083","17","083",10,21091,NA,NA,NA,0.000474135887345313,2109.1,NA
"17085","17","085",14,21756,NA,NA,NA,0.000643500643500643,1554,NA
"17087","17","087",3,13326,NA,NA,NA,0.000225123818099955,4442,NA
"17089","17","089",387,514982,NA,NA,NA,0.000751482576090038,1330.70284237726,NA
"17091","17","091",51,105940,NA,NA,NA,0.000481404568623749,2077.25490196078,NA
"17093","17","093",58,139976,NA,NA,NA,0.000414356746870892,2413.37931034483,NA
"17095","17","095",16,48411,NA,NA,NA,0.000330503397988061,3025.6875,NA
"17097","17","097",840,708760,NA,NA,NA,0.00118516846323156,843.761904761905,NA
"17099","17","099",60,108309,NA,NA,NA,0.000553970584161981,1805.15,NA
"17101","17","101",1,14813,NA,NA,NA,6.7508269763046e-05,14813,NA
"17103","17","103",18,33654,NA,NA,NA,0.000534854697807096,1869.66666666667,NA
"17105","17","105",15,35320,NA,NA,NA,0.000424688561721404,2354.66666666667,NA
"17107","17","107",16,27590,NA,NA,NA,0.000579920260964117,1724.375,NA
"17109","17","109",9,26839,NA,NA,NA,0.00033533291106226,2982.11111111111,NA
"17111","17","111",221,312800,NA,NA,NA,0.000706521739130435,1415.38461538462,NA
"17113","17","113",120,170441,NA,NA,NA,0.000704055948979412,1420.34166666667,NA
"17115","17","115",65,100591,NA,NA,NA,0.000646181069877027,1547.55384615385,NA
"17117","17","117",15,44018,NA,NA,NA,0.000340769685128811,2934.53333333333,NA
"17119","17","119",266,262752,NA,NA,NA,0.00101236146632566,987.789473684211,NA
"17121","17","121",12,36673,NA,NA,NA,0.000327216208109508,3056.08333333333,NA
"17123","17","123",4,11683,NA,NA,NA,0.000342377813917658,2920.75,NA
"17125","17","125",5,12523,NA,NA,NA,0.000399265351752775,2504.6,NA
"17127","17","127",5,13661,NA,NA,NA,0.00036600541688017,2732.2,NA
"17129","17","129",1,11954,NA,NA,NA,8.36540070269366e-05,11954,NA
"17131","17","131",3,15487,NA,NA,NA,0.000193710854264867,5162.33333333333,NA
"17133","17","133",31,34957,NA,NA,NA,0.00088680378751037,1127.64516129032,NA
"17135","17","135",18,27663,NA,NA,NA,0.000650688645483136,1536.83333333333,NA
"17137","17","137",16,32140,NA,NA,NA,0.000497822028624767,2008.75,NA
"17139","17","139",2,14342,NA,NA,NA,0.000139450564774787,7171,NA
"17141","17","141",22,51265,NA,NA,NA,0.000429142689944406,2330.22727272727,NA
"17143","17","143",153,177513,NA,NA,NA,0.000861908705277923,1160.21568627451,NA
"17145","17","145",9,20503,NA,NA,NA,0.000438960152172853,2278.11111111111,NA
"17147","17","147",4,16714,NA,NA,NA,0.000239320330262056,4178.5,NA
"17149","17","149",9,14342,NA,NA,NA,0.000627527541486543,1593.55555555556,NA
"17151","17","151",0,3707,NA,NA,NA,0,NA,NA
"17153","17","153",0,4911,NA,NA,NA,NA,NA,NA
"17155","17","155",2,5561,NA,NA,NA,0.000359647545405503,2780.5,NA
"17157","17","157",14,29815,NA,NA,NA,0.000469562300855274,2129.64285714286,NA
"17159","17","159",4,15488,NA,NA,NA,0.000258264462809917,3872,NA
"17161","17","161",107,141236,NA,NA,NA,0.000757597213175111,1319.96261682243,NA
"17163","17","163",187,251018,NA,NA,NA,0.000744966496426551,1342.3422459893,NA
"17165","17","165",8,22873,NA,NA,NA,0.00034975735583439,2859.125,NA
"17167","17","167",165,193491,NA,NA,NA,0.000852752841217421,1172.67272727273,NA
"17169","17","169",0,6733,NA,NA,NA,NA,NA,NA
"17171","17","171",1,4710,NA,NA,NA,0.000212314225053079,4710,NA
"17173","17","173",6,20568,NA,NA,NA,0.00029171528588098,3428,NA
"17175","17","175",0,5218,NA,NA,NA,NA,NA,NA
"17177","17","177",23,43105,NA,NA,NA,0.000533580791091521,1874.13043478261,NA
"17179","17","179",81,129541,NA,NA,NA,0.000625284658911078,1599.27160493827,NA
"17181","17","181",13,16667,NA,NA,NA,0.000779984400311994,1282.07692307692,NA
"17183","17","183",26,71652,NA,NA,NA,0.000362864958410093,2755.84615384615,NA
"17185","17","185",4,10942,NA,NA,NA,0.00036556388228843,2735.5,NA
"17187","17","187",6,16185,NA,NA,NA,0.000370713623725672,2697.5,NA
"17189","17","189",5,13536,NA,NA,NA,0.000369385342789598,2707.2,NA
"17191","17","191",4,15761,NA,NA,NA,0.00025379100310894,3940.25,NA
"17193","17","193",6,13401,NA,NA,NA,0.000447727781508843,2233.5,NA
"17195","17","195",23,54498,NA,NA,NA,0.000422033836104077,2369.47826086957,NA
"17197","17","197",431,700728,NA,NA,NA,0.000615074608121839,1625.81902552204,NA
"17199","17","199",43,66706,NA,NA,NA,0.000644619674392109,1551.3023255814,NA
"17201","17","201",246,280922,NA,NA,NA,0.000875687913370971,1141.9593495935,NA
"17203","17","203",7,38285,NA,NA,NA,0.000182839232075225,5469.28571428571,NA
"18001","18","001",14,36288,NA,NA,NA,0.000385802469135802,2592,NA
"18003","18","003",287,394545,NA,NA,NA,0.000727420192880407,1374.7212543554,NA
"18005","18","005",68,84003,NA,NA,NA,0.000809494898991703,1235.33823529412,NA
"18007","18","007",4,8729,NA,NA,NA,0.000458242639477603,2182.25,NA
"18009","18","009",2,11893,NA,NA,NA,0.000168166148154377,5946.5,NA
"18011","18","011",37,76120,NA,NA,NA,0.000486074619022596,2057.2972972973,NA
"18013","18","013",1,15653,NA,NA,NA,6.38855171532614e-05,15653,NA
"18015","18","015",7,20525,NA,NA,NA,0.000341047503045067,2932.14285714286,NA
"18017","18","017",12,37666,NA,NA,NA,0.000318589709552381,3138.83333333333,NA
"18019","18","019",48,125467,NA,NA,NA,0.00038257071580575,2613.89583333333,NA
"18021","18","021",6,26460,NA,NA,NA,0.000226757369614512,4410,NA
"18023","18","023",16,32730,NA,NA,NA,0.000488848151542927,2045.625,NA
"18025","18","025",0,10438,NA,NA,NA,NA,NA,NA
"18027","18","027",10,33656,NA,NA,NA,0.000297123841217019,3365.6,NA
"18029","18","029",13,51215,NA,NA,NA,0.000253831885189886,3939.61538461538,NA
"18031","18","031",12,26399,NA,NA,NA,0.000454562672828516,2199.91666666667,NA
"18033","18","033",19,44198,NA,NA,NA,0.000429883705145029,2326.21052631579,NA
"18035","18","035",73,112321,NA,NA,NA,0.000649922988577381,1538.64383561644,NA
"18037","18","037",34,43546,NA,NA,NA,0.000780783539245855,1280.76470588235,NA
"18039","18","039",89,206409,NA,NA,NA,0.000431182748814247,2319.20224719101,NA
"18041","18","041",8,23362,NA,NA,NA,0.000342436435236709,2920.25,NA
"18043","18","043",73,80809,NA,NA,NA,0.000903364724226262,1106.97260273973,NA
"18045","18","045",6,16731,NA,NA,NA,0.000358615743231128,2788.5,NA
"18047","18","047",16,23096,NA,NA,NA,0.000692760651195012,1443.5,NA
"18049","18","049",9,20358,NA,NA,NA,0.000442086648983201,2262,NA
"18051","18","051",20,32904,NA,NA,NA,0.000607828835399951,1645.2,NA
"18053","18","053",42,66200,NA,NA,NA,0.000634441087613293,1576.19047619048,NA
"18055","18","055",14,31196,NA,NA,NA,0.000448775484036415,2228.28571428571,NA
"18057","18","057",278,371645,NA,NA,NA,0.000748025669657872,1336.85251798561,NA
"18059","18","059",27,86166,NA,NA,NA,0.000313348652600794,3191.33333333333,NA
"18061","18","061",15,40006,NA,NA,NA,0.000374943758436235,2667.06666666667,NA
"18063","18","063",87,186387,NA,NA,NA,0.000466770751178999,2142.37931034483,NA
"18065","18","065",16,48929,NA,NA,NA,0.00032700443499765,3058.0625,NA
"18067","18","067",74,83831,NA,NA,NA,0.000882728346315802,1132.85135135135,NA
"18069","18","069",15,36781,NA,NA,NA,0.000407819254506403,2452.06666666667,NA
"18071","18","071",30,46460,NA,NA,NA,0.000645716745587602,1548.66666666667,NA
"18073","18","073",12,33535,NA,NA,NA,0.000357835097659162,2794.58333333333,NA
"18075","18","075",5,20032,NA,NA,NA,0.000249600638977636,4006.4,NA
"18077","18","077",18,33056,NA,NA,NA,0.000544530493707648,1836.44444444444,NA
"18079","18","079",7,27622,NA,NA,NA,0.000253421186011151,3946,NA
"18081","18","081",111,167819,NA,NA,NA,0.00066142689445176,1511.88288288288,NA
"18083","18","083",18,36070,NA,NA,NA,0.00049902966454117,2003.88888888889,NA
"18085","18","085",29,80364,NA,NA,NA,0.000360858095664726,2771.1724137931,NA
"18087","18","087",15,40907,NA,NA,NA,0.000366685408365316,2727.13333333333,NA
"18089","18","089",334,500598,NA,NA,NA,0.000667202026376454,1498.79640718563,NA
"18091","18","091",60,111706,NA,NA,NA,0.00053712423683598,1861.76666666667,NA
"18093","18","093",20,45084,NA,NA,NA,0.000443616360571378,2254.2,NA
"18095","18","095",77,132504,NA,NA,NA,0.000581114532391475,1720.83116883117,NA
"18097","18","097",924,968460,NA,NA,NA,0.000954092063688743,1048.11688311688,NA
"18099","18","099",19,46352,NA,NA,NA,0.000409906800138074,2439.57894736842,NA
"18101","18","101",2,9897,NA,NA,NA,0.000202081438819844,4948.5,NA
"18103","18","103",9,35402,NA,NA,NA,0.00025422292525846,3933.55555555556,NA
"18105","18","105",83,139342,NA,NA,NA,0.000595656729485726,1678.81927710843,NA
"18107","18","107",28,38573,NA,NA,NA,0.000725896352370829,1377.60714285714,NA
"18109","18","109",35,73227,NA,NA,NA,0.00047796577765032,2092.2,NA
"18111","18","111",2,13960,NA,NA,NA,0.000143266475644699,6980,NA
"18113","18","113",13,47430,NA,NA,NA,0.000274088129875606,3648.46153846154,NA
"18115","18","115",2,6004,NA,NA,NA,0.00033311125916056,3002,NA
"18117","18","117",6,19638,NA,NA,NA,0.000305530094714329,3273,NA
"18119","18","119",3,21532,NA,NA,NA,0.000139327512539476,7177.33333333333,NA
"18121","18","121",3,16484,NA,NA,NA,0.00018199466148993,5494.66666666667,NA
"18123","18","123",6,19209,NA,NA,NA,0.000312353584257379,3201.5,NA
"18125","18","125",1,12106,NA,NA,NA,8.26036676028416e-05,12106,NA
"18127","18","127",111,175335,NA,NA,NA,0.000633073830096672,1579.59459459459,NA
"18129","18","129",6,25040,NA,NA,NA,0.00023961661341853,4173.33333333333,NA
"18131","18","131",1,12385,NA,NA,NA,8.0742834073476e-05,12385,NA
"18133","18","133",17,37567,NA,NA,NA,0.000452524822317459,2209.82352941176,NA
"18135","18","135",7,24216,NA,NA,NA,0.000289065080938223,3459.42857142857,NA
"18137","18","137",3,29227,NA,NA,NA,0.000102644814726109,9742.33333333333,NA
"18139","18","139",7,16847,NA,NA,NA,0.000415504244079065,2406.71428571429,NA
"18141","18","141",177,272848,NA,NA,NA,0.000648712836451064,1541.51412429379,NA
"18143","18","143",8,24657,NA,NA,NA,0.000324451474226386,3082.125,NA
"18145","18","145",17,45231,NA,NA,NA,0.000375848422542062,2660.64705882353,NA
"18147","18","147",6,19910,NA,NA,NA,0.000301356102461075,3318.33333333333,NA
"18149","18","149",5,23206,NA,NA,NA,0.000215461518572783,4641.2,NA
"18151","18","151",17,34917,NA,NA,NA,0.000486868860440473,2053.94117647059,NA
"18153","18","153",5,20757,NA,NA,NA,0.00024088259382377,4151.4,NA
"18155","18","155",1,10019,NA,NA,NA,9.98103603154007e-05,10019,NA
"18157","18","157",108,188792,NA,NA,NA,0.000572058138056697,1748.07407407407,NA
"18159","18","159",9,15256,NA,NA,NA,0.000589931830099633,1695.11111111111,NA
"18161","18","161",0,6973,NA,NA,NA,NA,NA,NA
"18163","18","163",133,179810,NA,NA,NA,0.000739669651298593,1351.95488721805,NA
"18165","18","165",8,15417,NA,NA,NA,0.000518907699292988,1927.125,NA
"18167","18","167",60,106153,NA,NA,NA,0.000565221896696278,1769.21666666667,NA
"18169","18","169",11,30670,NA,NA,NA,0.000358656667753505,2788.18181818182,NA
"18171","18","171",1,8518,NA,NA,NA,0.000117398450340456,8518,NA
"18173","18","173",28,65867,NA,NA,NA,0.00042509906326385,2352.39285714286,NA
"18175","18","175",5,28205,NA,NA,NA,0.000177273533061514,5641,NA
"18177","18","177",42,66127,NA,NA,NA,0.000635141470201279,1574.45238095238,NA
"18179","18","179",8,28555,NA,NA,NA,0.000280161092628261,3569.375,NA
"18181","18","181",9,24917,NA,NA,NA,0.000361199181281856,2768.55555555556,NA
"18183","18","183",16,34742,NA,NA,NA,0.00046053767773876,2171.375,NA
"19001","19","001",4,7389,NA,NA,NA,0.000541345242928678,1847.25,NA
"19003","19","003",4,3544,NA,NA,NA,0.00112866817155756,886,NA
"19005","19","005",5,14074,NA,NA,NA,0.000355265027710672,2814.8,NA
"19007","19","007",4,12119,NA,NA,NA,0.000330060235993069,3029.75,NA
"19009","19","009",2,5534,NA,NA,NA,0.000361402240693892,2767,NA
"19011","19","011",6,25796,NA,NA,NA,0.000232594200651264,4299.33333333333,NA
"19013","19","013",106,130471,NA,NA,NA,0.000812441078860436,1230.85849056604,NA
"19015","19","015",10,26590,NA,NA,NA,0.000376081233546446,2659,NA
"19017","19","017",15,25307,NA,NA,NA,0.000592721381435966,1687.13333333333,NA
"19019","19","019",7,20691,NA,NA,NA,0.000338311343096032,2955.85714285714,NA
"19021","19","021",14,20567,NA,NA,NA,0.000680702095590023,1469.07142857143,NA
"19023","19","023",3,14172,NA,NA,NA,0.000211685012701101,4724,NA
"19025","19","025",4,9763,NA,NA,NA,0.000409710130082966,2440.75,NA
"19027","19","027",16,20522,NA,NA,NA,0.000779651106130007,1282.625,NA
"19029","19","029",14,13130,NA,NA,NA,0.00106626047220107,937.857142857143,NA
"19031","19","031",10,18302,NA,NA,NA,0.000546388372855426,1830.2,NA
"19033","19","033",42,42406,NA,NA,NA,0.000990425883129746,1009.66666666667,NA
"19035","19","035",3,11605,NA,NA,NA,0.0002585092632486,3868.33333333333,NA
"19037","19","037",6,11658,NA,NA,NA,0.000514668039114771,1943,NA
"19039","19","039",3,9588,NA,NA,NA,0.000312891113892365,3196,NA
"19041","19","041",17,16511,NA,NA,NA,0.00102961661922355,971.235294117647,NA
"19043","19","043",8,16969,NA,NA,NA,0.000471447934468737,2121.125,NA
"19045","19","045",27,46158,NA,NA,NA,0.000584947354738074,1709.55555555556,NA
"19047","19","047",8,16013,NA,NA,NA,0.000499594079810154,2001.625,NA
"19049","19","049",32,111092,NA,NA,NA,0.000288049544521658,3471.625,NA
"19051","19","051",2,9169,NA,NA,NA,0.000218126295124877,4584.5,NA
"19053","19","053",6,7665,NA,NA,NA,0.000782778864970646,1277.5,NA
"19055","19","055",9,17600,NA,NA,NA,0.000511363636363636,1955.55555555556,NA
"19057","19","057",25,38253,NA,NA,NA,0.000653543512927091,1530.12,NA
"19059","19","059",12,18056,NA,NA,NA,0.000664599025254763,1504.66666666667,NA
"19061","19","061",84,98887,NA,NA,NA,0.000849454427781205,1177.22619047619,NA
"19063","19","063",4,9229,NA,NA,NA,0.000433416404810922,2307.25,NA
"19065","19","065",11,19210,NA,NA,NA,0.000572618427902134,1746.36363636364,NA
"19067","19","067",9,15326,NA,NA,NA,0.00058723737439645,1702.88888888889,NA
"19069","19","069",4,9875,NA,NA,NA,0.000405063291139241,2468.75,NA
"19071","19","071",1,6458,NA,NA,NA,0.000154846701765252,6458,NA
"19073","19","073",3,8584,NA,NA,NA,0.000349487418452936,2861.33333333333,NA
"19075","19","075",4,12384,NA,NA,NA,0.000322997416020672,3096,NA
"19077","19","077",4,10722,NA,NA,NA,0.000373064726730088,2680.5,NA
"19079","19","079",5,14729,NA,NA,NA,0.000339466358883835,2945.8,NA
"19081","19","081",7,10615,NA,NA,NA,0.000659444182760245,1516.42857142857,NA
"19083","19","083",13,16463,NA,NA,NA,0.000789649517098949,1266.38461538462,NA
"19085","19","085",7,14670,NA,NA,NA,0.000477164280845262,2095.71428571429,NA
"19087","19","087",12,19547,NA,NA,NA,0.000613904947050698,1628.91666666667,NA
"19089","19","089",2,9376,NA,NA,NA,0.000213310580204778,4688,NA
"19091","19","091",4,9500,NA,NA,NA,0.000421052631578947,2375,NA
"19093","19","093",3,6833,NA,NA,NA,0.000439045807112542,2277.66666666667,NA
"19095","19","095",6,16381,NA,NA,NA,0.000366278005005799,2730.16666666667,NA
"19097","19","097",11,19342,NA,NA,NA,0.000568710578016751,1758.36363636364,NA
"19099","19","099",22,37919,NA,NA,NA,0.000580184076584298,1723.59090909091,NA
"19101","19","101",11,15440,NA,NA,NA,0.000712435233160622,1403.63636363636,NA
"19103","19","103",386,157528,NA,NA,NA,0.00245035803158804,408.103626943005,NA
"19105","19","105",8,20900,NA,NA,NA,0.000382775119617225,2612.5,NA
"19107","19","107",4,9914,NA,NA,NA,0.000403469840629413,2478.5,NA
"19109","19","109",8,14396,NA,NA,NA,0.000555709919422062,1799.5,NA
"19111","19","111",18,32565,NA,NA,NA,0.000552740672501152,1809.16666666667,NA
"19113","19","113",178,228972,NA,NA,NA,0.000777387628181612,1286.3595505618,NA
"19115","19","115",4,10513,NA,NA,NA,0.000380481308855702,2628.25,NA
"19117","19","117",4,8747,NA,NA,NA,0.000457299645592775,2186.75,NA
"19119","19","119",5,12324,NA,NA,NA,0.000405712431028887,2464.8,NA
"19121","19","121",7,16971,NA,NA,NA,0.000412468328324789,2424.42857142857,NA
"19123","19","123",11,21874,NA,NA,NA,0.000502880131663162,1988.54545454545,NA
"19125","19","125",22,33770,NA,NA,NA,0.000651465798045603,1535,NA
"19127","19","127",27,40014,NA,NA,NA,0.000674763832658569,1482,NA
"19129","19","129",5,14633,NA,NA,NA,0.000341693432652224,2926.6,NA
"19131","19","131",5,10518,NA,NA,NA,0.000475375546681879,2103.6,NA
"19133","19","133",3,8493,NA,NA,NA,0.000353232073472271,2831,NA
"19135","19","135",3,7504,NA,NA,NA,0.000399786780383795,2501.33333333333,NA
"19137","19","137",5,10139,NA,NA,NA,0.000493145280599665,2027.8,NA
"19139","19","139",24,42218,NA,NA,NA,0.000568477900421621,1759.08333333333,NA
"19141","19","141",8,14012,NA,NA,NA,0.000570939194975735,1751.5,NA
"19143","19","143",1,5978,NA,NA,NA,0.000167280026764804,5978,NA
"19145","19","145",17,15014,NA,NA,NA,0.00113227654189423,883.176470588235,NA
"19147","19","147",2,8810,NA,NA,NA,0.000227014755959137,4405,NA
"19149","19","149",12,25722,NA,NA,NA,0.00046652670865407,2143.5,NA
"19151","19","151",4,6976,NA,NA,NA,0.000573394495412844,1744,NA
"19153","19","153",408,505255,NA,NA,NA,0.000807513037970926,1238.37009803922,NA
"19155","19","155",55,93179,NA,NA,NA,0.000590261754257934,1694.16363636364,NA
"19157","19","157",11,18453,NA,NA,NA,0.000596109033761448,1677.54545454545,NA
"19159","19","159",0,4642,NA,NA,NA,NA,NA,NA
"19161","19","161",3,9686,NA,NA,NA,0.000309725376832542,3228.66666666667,NA
"19163","19","163",149,174270,NA,NA,NA,0.000854995122511046,1169.59731543624,NA
"19165","19","165",6,11806,NA,NA,NA,0.000508216161273928,1967.66666666667,NA
"19167","19","167",19,36246,NA,NA,NA,0.000524195773326712,1907.68421052632,NA
"19169","19","169",54,98566,NA,NA,NA,0.000547856258750482,1825.2962962963,NA
"19171","19","171",3,16833,NA,NA,NA,0.00017822135091784,5611,NA
"19173","19","173",2,5924,NA,NA,NA,0.000337609723160027,2962,NA
"19175","19","175",6,11906,NA,NA,NA,0.000503947589450697,1984.33333333333,NA
"19177","19","177",1,7266,NA,NA,NA,0.000137627305257363,7266,NA
"19179","19","179",28,35166,NA,NA,NA,0.000796223625092419,1255.92857142857,NA
"19181","19","181",20,55205,NA,NA,NA,0.000362286024816593,2760.25,NA
"19183","19","183",9,22560,NA,NA,NA,0.000398936170212766,2506.66666666667,NA
"19185","19","185",3,6557,NA,NA,NA,0.000457526307762696,2185.66666666667,NA
"19187","19","187",31,36485,NA,NA,NA,0.000849664245580375,1176.93548387097,NA
"19189","19","189",7,10571,NA,NA,NA,0.000662189007662473,1510.14285714286,NA
"19191","19","191",13,19815,NA,NA,NA,0.000656068634872571,1524.23076923077,NA
"19193","19","193",72,105951,NA,NA,NA,0.000679559418976697,1471.54166666667,NA
"19195","19","195",1,7297,NA,NA,NA,0.000137042620254899,7297,NA
"19197","19","197",5,12656,NA,NA,NA,0.000395069532237674,2531.2,NA
"20001","20","001",7,12412,NA,NA,NA,0.000563970351272962,1773.14285714286,NA
"20003","20","003",2,7838,NA,NA,NA,0.00025516713447308,3919,NA
"20005","20","005",13,16016,NA,NA,NA,0.000811688311688312,1232,NA
"20007","20","007",0,4071,NA,NA,NA,NA,NA,NA
"20009","20","009",12,24899,NA,NA,NA,0.000481947066147235,2074.91666666667,NA
"20011","20","011",4,14408,NA,NA,NA,0.000277623542476402,3602,NA
"20013","20","013",5,9250,NA,NA,NA,0.000540540540540541,1850,NA
"20015","20","015",19,68632,NA,NA,NA,0.000276838792400047,3612.21052631579,NA
"20017","20","017",0,2579,NA,NA,NA,0,NA,NA
"20019","20","019",2,3347,NA,NA,NA,0.000597550044816253,1673.5,NA
"20021","20","021",4,19054,NA,NA,NA,0.000209929673559358,4763.5,NA
"20023","20","023",2,2636,NA,NA,NA,0.000758725341426404,1318,NA
"20025","20","025",1,1847,NA,NA,NA,0.000541418516513265,1847,NA
"20027","20","027",3,8007,NA,NA,NA,0.000374672161858374,2669,NA
"20029","20","029",2,8854,NA,NA,NA,0.000225886604924328,4427,NA
"20031","20","031",3,8251,NA,NA,NA,0.000363592291843413,2750.33333333333,NA
"20033","20","033",0,1655,NA,NA,NA,0,NA,NA
"20035","20","035",18,34157,NA,NA,NA,0.000526978364610475,1897.61111111111,NA
"20037","20","037",21,38764,NA,NA,NA,0.000541739758538851,1845.90476190476,NA
"20039","20","039",0,2712,NA,NA,NA,0,NA,NA
"20041","20","041",4,18445,NA,NA,NA,0.000216860937923557,4611.25,NA
"20043","20","043",0,7493,NA,NA,NA,NA,NA,NA
"20045","20","045",83,120553,NA,NA,NA,0.000688493857473476,1452.44578313253,NA
"20047","20","047",1,2733,NA,NA,NA,0.000365898280278083,2733,NA
"20049","20","049",0,2467,NA,NA,NA,0,NA,NA
"20051","20","051",29,28810,NA,NA,NA,0.00100659493231517,993.448275862069,NA
"20053","20","053",2,6357,NA,NA,NA,0.000314613811546327,3178.5,NA
"20055","20","055",26,37466,NA,NA,NA,0.000693962526023595,1441,NA
"20057","20","057",21,33980,NA,NA,NA,0.000618010594467334,1618.09523809524,NA
"20059","20","059",8,26125,NA,NA,NA,0.00030622009569378,3265.625,NA
"20061","20","061",50,35047,NA,NA,NA,0.0014266556338631,700.94,NA
"20063","20","063",1,2735,NA,NA,NA,0.00036563071297989,2735,NA
"20065","20","065",0,2376,NA,NA,NA,0,NA,NA
"20067","20","067",5,7147,NA,NA,NA,0.000699594235343501,1429.4,NA
"20069","20","069",0,5743,NA,NA,NA,NA,NA,NA
"20071","20","071",0,1181,NA,NA,NA,0,NA,NA
"20073","20","073",2,5870,NA,NA,NA,0.000340715502555366,2935,NA
"20075","20","075",1,2437,NA,NA,NA,0.000410340582683627,2437,NA
"20077","20","077",4,5435,NA,NA,NA,0.000735970561177553,1358.75,NA
"20079","20","079",25,33504,NA,NA,NA,0.000746179560649475,1340.16,NA
"20081","20","081",0,3630,NA,NA,NA,0,NA,NA
"20083","20","083",0,1655,NA,NA,NA,0,NA,NA
"20085","20","085",7,13368,NA,NA,NA,0.000523638539796529,1909.71428571429,NA
"20087","20","087",2,18327,NA,NA,NA,0.000109128608064604,9163.5,NA
"20089","20","089",0,2847,NA,NA,NA,0,NA,NA
"20091","20","091",556,622237,NA,NA,NA,0.000893550206754018,1119.13129496403,NA
"20093","20","093",0,3823,NA,NA,NA,0,NA,NA
"20095","20","095",1,7066,NA,NA,NA,0.000141522785168412,7066,NA
"20097","20","097",0,2374,NA,NA,NA,0,NA,NA
"20099","20","099",10,19728,NA,NA,NA,0.000506893755068938,1972.8,NA
"20101","20","101",0,1529,NA,NA,NA,0,NA,NA
"20103","20","103",46,83518,NA,NA,NA,0.000550779472688522,1815.60869565217,NA
"20105","20","105",0,2920,NA,NA,NA,0,NA,NA
"20107","20","107",4,9860,NA,NA,NA,0.000405679513184584,2465,NA
"20109","20","109",3,2665,NA,NA,NA,0.00112570356472795,888.333333333333,NA
"20111","20","111",21,32172,NA,NA,NA,0.000652741514360313,1532,NA
"20113","20","113",16,30091,NA,NA,NA,0.000531720447974477,1880.6875,NA
"20115","20","115",5,11690,NA,NA,NA,0.000427715996578272,2338,NA
"20117","20","117",7,9933,NA,NA,NA,0.000704721634954193,1419,NA
"20119","20","119",2,3911,NA,NA,NA,0.000511378164152391,1955.5,NA
"20121","20","121",11,35320,NA,NA,NA,0.000311438278595697,3210.90909090909,NA
"20123","20","123",4,5719,NA,NA,NA,0.000699422976044763,1429.75,NA
"20125","20","125",16,30568,NA,NA,NA,0.000523423187647213,1910.5,NA
"20127","20","127",1,5334,NA,NA,NA,0.000187476565429321,5334,NA
"20129","20","129",0,2580,NA,NA,NA,0,NA,NA
"20131","20","131",10,10114,NA,NA,NA,0.00098872849515523,1011.4,NA
"20133","20","133",5,15420,NA,NA,NA,0.000324254215304799,3084,NA
"20135","20","135",0,2618,NA,NA,NA,0,NA,NA
"20137","20","137",3,5330,NA,NA,NA,0.000562851782363977,1776.66666666667,NA
"20139","20","139",2,15824,NA,NA,NA,0.00012639029322548,7912,NA
"20141","20","141",2,3427,NA,NA,NA,0.000583600817041144,1713.5,NA
"20143","20","143",4,5818,NA,NA,NA,0.000687521485046408,1454.5,NA
"20145","20","145",1,6126,NA,NA,NA,0.000163238654913484,6126,NA
"20147","20","147",2,4761,NA,NA,NA,0.000420079815164881,2380.5,NA
"20149","20","149",6,26382,NA,NA,NA,0.000227427791676143,4397,NA
"20151","20","151",7,9082,NA,NA,NA,0.000770755340233429,1297.42857142857,NA
"20153","20","153",2,2463,NA,NA,NA,0.000812017864393017,1231.5,NA
"20155","20","155",38,61497,NA,NA,NA,0.000617916321121356,1618.34210526316,NA
"20157","20","157",1,4627,NA,NA,NA,0.000216122757726389,4627,NA
"20159","20","159",3,9260,NA,NA,NA,0.000323974082073434,3086.66666666667,NA
"20161","20","161",44,71402,NA,NA,NA,0.000616229237276267,1622.77272727273,NA
"20163","20","163",1,4778,NA,NA,NA,0.000209292591042277,4778,NA
"20165","20","165",1,2830,NA,NA,NA,0.000353356890459364,2830,NA
"20167","20","167",2,6723,NA,NA,NA,0.000297486241261342,3361.5,NA
"20169","20","169",43,53098,NA,NA,NA,0.000809823345512072,1234.83720930233,NA
"20171","20","171",2,4922,NA,NA,NA,0.000406338886631451,2461,NA
"20173","20","173",377,528469,NA,NA,NA,0.000713381485006689,1401.77453580902,NA
"20175","20","175",7,21067,NA,NA,NA,0.000332273223524944,3009.57142857143,NA
"20177","20","177",124,177746,NA,NA,NA,0.000697624700415199,1433.43548387097,NA
"20179","20","179",1,2423,NA,NA,NA,0.000412711514651259,2423,NA
"20181","20","181",4,5844,NA,NA,NA,0.000684462696783025,1461,NA
"20183","20","183",2,3590,NA,NA,NA,0.000557103064066852,1795,NA
"20185","20","185",1,3909,NA,NA,NA,0.000255819902788437,3909,NA
"20187","20","187",0,1901,NA,NA,NA,0,NA,NA
"20189","20","189",2,5077,NA,NA,NA,0.000393933425251133,2538.5,NA
"20191","20","191",6,22334,NA,NA,NA,0.000268648697053819,3722.33333333333,NA
"20193","20","193",4,7865,NA,NA,NA,0.000508582326764145,1966.25,NA
"20195","20","195",0,2731,NA,NA,NA,0,NA,NA
"20197","20","197",0,7057,NA,NA,NA,NA,NA,NA
"20199","20","199",0,1509,NA,NA,NA,0,NA,NA
"20201","20","201",1,5504,NA,NA,NA,0.000181686046511628,5504,NA
"20203","20","203",1,2082,NA,NA,NA,0.00048030739673391,2082,NA
"20205","20","205",3,8382,NA,NA,NA,0.000357909806728704,2794,NA
"20207","20","207",2,3115,NA,NA,NA,0.000642054574638844,1557.5,NA
"20209","20","209",73,165281,NA,NA,NA,0.000441672061519473,2264.12328767123,NA
"21001","21","001",2,19264,NA,NA,NA,0.000103820598006645,9632,NA
"21003","21","003",6,21788,NA,NA,NA,0.0002753809436387,3631.33333333333,NA
"21005","21","005",10,24613,NA,NA,NA,0.00040628935928168,2461.3,NA
"21007","21","007",1,7582,NA,NA,NA,0.000131891321551042,7582,NA
"21009","21","009",14,45008,NA,NA,NA,0.000311055812300036,3214.85714285714,NA
"21011","21","011",1,12975,NA,NA,NA,7.70712909441233e-05,12975,NA
"21013","21","013",16,23317,NA,NA,NA,0.000686194621949651,1457.3125,NA
"21015","21","015",92,140496,NA,NA,NA,0.000654822913107846,1527.13043478261,NA
"21017","21","017",17,20134,NA,NA,NA,0.000844342902552896,1184.35294117647,NA
"21019","21","019",38,47826,NA,NA,NA,0.00079454689917618,1258.57894736842,NA
"21021","21","021",24,30988,NA,NA,NA,0.000774493352265393,1291.16666666667,NA
"21023","21","023",3,8426,NA,NA,NA,0.000356040826014716,2808.66666666667,NA
"21025","21","025",3,12953,NA,NA,NA,0.000231606577626805,4317.66666666667,NA
"21027","21","027",3,21124,NA,NA,NA,0.00014201855709146,7041.33333333333,NA
"21029","21","029",27,84863,NA,NA,NA,0.000318159857652923,3143.07407407407,NA
"21031","21","031",1,12375,NA,NA,NA,8.08080808080808e-05,12375,NA
"21033","21","033",5,12551,NA,NA,NA,0.000398374631503466,2510.2,NA
"21035","21","035",18,38280,NA,NA,NA,0.000470219435736677,2126.66666666667,NA
"21037","21","037",51,93702,NA,NA,NA,0.000544278670679388,1837.29411764706,NA
"21039","21","039",2,4704,NA,NA,NA,0.000425170068027211,2352,NA
"21041","21","041",3,10987,NA,NA,NA,0.00027304996814417,3662.33333333333,NA
"21043","21","043",4,26366,NA,NA,NA,0.000151710536296746,6591.5,NA
"21045","21","045",4,15918,NA,NA,NA,0.000251287850232441,3979.5,NA
"21047","21","047",125,72032,NA,NA,NA,0.00173533984895602,576.256,NA
"21049","21","049",21,37304,NA,NA,NA,0.000562942311816427,1776.38095238095,NA
"21051","21","051",5,19648,NA,NA,NA,0.000254478827361564,3929.6,NA
"21053","21","053",2,9148,NA,NA,NA,0.000218627022299956,4574,NA
"21055","21","055",1,8974,NA,NA,NA,0.000111433028749721,8974,NA
"21057","21","057",5,6000,NA,NA,NA,0.000833333333333333,1200,NA
"21059","21","059",68,103458,NA,NA,NA,0.000657271549807651,1521.44117647059,NA
"21061","21","061",2,12448,NA,NA,NA,0.000160668380462725,6224,NA
"21063","21","063",2,7245,NA,NA,NA,0.000276052449965493,3622.5,NA
"21065","21","065",7,13936,NA,NA,NA,0.000502296211251435,1990.85714285714,NA
"21067","21","067",479,320154,NA,NA,NA,0.00149615497541808,668.379958246347,NA
"21069","21","069",5,15442,NA,NA,NA,0.000323792254889263,3088.4,NA
"21071","21","071",26,34423,NA,NA,NA,0.000755308950411062,1323.96153846154,NA
"21073","21","073",41,51644,NA,NA,NA,0.000793896677251956,1259.60975609756,NA
"21075","21","075",1,6338,NA,NA,NA,0.000157778479015462,6338,NA
"21077","21","077",1,8792,NA,NA,NA,0.000113739763421292,8792,NA
"21079","21","079",4,17829,NA,NA,NA,0.000224353581244041,4457.25,NA
"21081","21","081",9,25619,NA,NA,NA,0.0003513017682189,2846.55555555556,NA
"21083","21","083",15,36461,NA,NA,NA,0.000411398480568278,2430.73333333333,NA
"21085","21","085",9,26825,NA,NA,NA,0.000335507921714818,2980.55555555556,NA
"21087","21","087",4,11468,NA,NA,NA,0.000348796651552145,2867,NA
"21089","21","089",12,35221,NA,NA,NA,0.00034070582890889,2935.08333333333,NA
"21091","21","091",6,8920,NA,NA,NA,0.000672645739910314,1486.66666666667,NA
"21093","21","093",108,112273,NA,NA,NA,0.000961940983139312,1039.56481481481,NA
"21095","21","095",10,25324,NA,NA,NA,0.00039488232506713,2532.4,NA
"21097","21","097",7,19415,NA,NA,NA,0.000360545969611125,2773.57142857143,NA
"21099","21","099",5,19724,NA,NA,NA,0.000253498276211722,3944.8,NA
"21101","21","101",23,44119,NA,NA,NA,0.000521317346268048,1918.21739130435,NA
"21103","21","103",6,15973,NA,NA,NA,0.000375633882176172,2662.16666666667,NA
"21105","21","105",1,4447,NA,NA,NA,0.000224870699347875,4447,NA
"21107","21","107",22,44929,NA,NA,NA,0.00048966146586837,2042.22727272727,NA
"21109","21","109",4,13104,NA,NA,NA,0.000305250305250305,3276,NA
"21111","21","111",832,772144,NA,NA,NA,0.001077519219213,928.057692307692,NA
"21113","21","113",22,55017,NA,NA,NA,0.000399876401839431,2500.77272727273,NA
"21115","21","115",4,22116,NA,NA,NA,0.000180864532465184,5529,NA
"21117","21","117",95,171321,NA,NA,NA,0.000554514624593599,1803.37894736842,NA
"21119","21","119",6,13659,NA,NA,NA,0.000439270810454645,2276.5,NA
"21121","21","121",9,29794,NA,NA,NA,0.000302074243136202,3310.44444444444,NA
"21123","21","123",3,15303,NA,NA,NA,0.0001960399921584,5101,NA
"21125","21","125",26,63296,NA,NA,NA,0.000410768452982811,2434.46153846154,NA
"21127","21","127",4,16000,NA,NA,NA,0.00025,4000,NA
"21129","21","129",1,7293,NA,NA,NA,0.000137117784176608,7293,NA
"21131","21","131",2,9864,NA,NA,NA,0.000202757502027575,4932,NA
"21133","21","133",7,20423,NA,NA,NA,0.000342750820153748,2917.57142857143,NA
"21135","21","135",4,12973,NA,NA,NA,0.00030833269097356,3243.25,NA
"21137","21","137",4,24776,NA,NA,NA,0.000161446561188247,6194,NA
"21139","21","139",1,8892,NA,NA,NA,0.000112460638776428,8892,NA
"21141","21","141",7,28283,NA,NA,NA,0.000247498497330552,4040.42857142857,NA
"21143","21","143",2,9187,NA,NA,NA,0.000217698922390334,4593.5,NA
"21145","21","145",62,67428,NA,NA,NA,0.000919499317790829,1087.54838709677,NA
"21147","21","147",2,17050,NA,NA,NA,0.000117302052785924,8525,NA
"21149","21","149",1,9054,NA,NA,NA,0.000110448420587586,9054,NA
"21151","21","151",46,96735,NA,NA,NA,0.000475525921331473,2102.9347826087,NA
"21153","21","153",3,11228,NA,NA,NA,0.000267189169932312,3742.66666666667,NA
"21155","21","155",6,19834,NA,NA,NA,0.000302510839971766,3305.66666666667,NA
"21157","21","157",11,31744,NA,NA,NA,0.000346522177419355,2885.81818181818,NA
"21159","21","159",1,10928,NA,NA,NA,9.15080527086384e-05,10928,NA
"21161","21","161",15,16841,NA,NA,NA,0.000890683451101479,1122.73333333333,NA
"21163","21","163",7,30131,NA,NA,NA,0.000232318874249112,4304.42857142857,NA
"21165","21","165",1,6286,NA,NA,NA,0.000159083678014636,6286,NA
"21167","21","167",5,23097,NA,NA,NA,0.000216478330519115,4619.4,NA
"21169","21","169",2,10482,NA,NA,NA,0.000190803281816447,5241,NA
"21171","21","171",6,11306,NA,NA,NA,0.00053069166814081,1884.33333333333,NA
"21173","21","173",16,28527,NA,NA,NA,0.000560872156202895,1782.9375,NA
"21175","21","175",4,14283,NA,NA,NA,0.000280053210109921,3570.75,NA
"21177","21","177",8,30568,NA,NA,NA,0.000261711593823606,3821,NA
"21179","21","179",29,47730,NA,NA,NA,0.000607584328514561,1645.86206896552,NA
"21181","21","181",1,7686,NA,NA,NA,0.000130106687483737,7686,NA
"21183","21","183",6,23626,NA,NA,NA,0.000253957504444256,3937.66666666667,NA
"21185","21","185",29,70183,NA,NA,NA,0.000413205477109841,2420.10344827586,NA
"21187","21","187",5,11313,NA,NA,NA,0.000441969415716432,2262.6,NA
"21189","21","189",2,4001,NA,NA,NA,0.000499875031242189,2000.5,NA
"21191","21","191",2,14810,NA,NA,NA,0.000135043889264011,7405,NA
"21193","21","193",21,27133,NA,NA,NA,0.000773965282128773,1292.04761904762,NA
"21195","21","195",44,55973,NA,NA,NA,0.000786093294981509,1272.11363636364,NA
"21197","21","197",4,12972,NA,NA,NA,0.000308356460067838,3243,NA
"21199","21","199",49,66191,NA,NA,NA,0.000740281911438111,1350.83673469388,NA
"21201","21","201",0,2313,NA,NA,NA,0,NA,NA
"21203","21","203",2,16190,NA,NA,NA,0.000123533045089561,8095,NA
"21205","21","205",14,24409,NA,NA,NA,0.000573558933180384,1743.5,NA
"21207","21","207",6,18279,NA,NA,NA,0.000328245527654686,3046.5,NA
"21209","21","209",26,60168,NA,NA,NA,0.000432123387847361,2314.15384615385,NA
"21211","21","211",21,49515,NA,NA,NA,0.00042411390487731,2357.85714285714,NA
"21213","21","213",10,20195,NA,NA,NA,0.000495172072295123,2019.5,NA
"21215","21","215",5,20531,NA,NA,NA,0.000243534167843748,4106.2,NA
"21217","21","217",7,26443,NA,NA,NA,0.000264720341867413,3777.57142857143,NA
"21219","21","219",1,12494,NA,NA,NA,8.00384184408516e-05,12494,NA
"21221","21","221",2,14369,NA,NA,NA,0.000139188530865057,7184.5,NA
"21223","21","223",2,8607,NA,NA,NA,0.000232369001975137,4303.5,NA
"21225","21","225",6,13106,NA,NA,NA,0.00045780558522814,2184.33333333333,NA
"21227","21","227",95,142229,NA,NA,NA,0.000667936918631221,1497.14736842105,NA
"21229","21","229",6,12267,NA,NA,NA,0.000489117143555882,2044.5,NA
"21231","21","231",6,19580,NA,NA,NA,0.000306435137895812,3263.33333333333,NA
"21233","21","233",2,12726,NA,NA,NA,0.000157158573000157,6363,NA
"21235","21","235",30,36825,NA,NA,NA,0.000814663951120163,1227.5,NA
"21237","21","237",0,6282,NA,NA,NA,NA,NA,NA
"21239","21","239",13,27268,NA,NA,NA,0.000476749303212557,2097.53846153846,NA
"22001","22","001",25,56489,NA,NA,NA,0.000442564039016446,2259.56,NA
"22003","22","003",7,22112,NA,NA,NA,0.00031657018813314,3158.85714285714,NA
"22005","22","005",60,131632,NA,NA,NA,0.000455816214902151,2193.86666666667,NA
"22007","22","007",1,20160,NA,NA,NA,4.96031746031746e-05,20160,NA
"22009","22","009",10,38408,NA,NA,NA,0.000260362424494897,3840.8,NA
"22011","22","011",7,36827,NA,NA,NA,0.0001900779319521,5261,NA
"22013","22","013",3,12366,NA,NA,NA,0.000242600679281902,4122,NA
"22015","22","015",74,129795,NA,NA,NA,0.000570129820100928,1753.98648648649,NA
"22017","22","017",202,226386,NA,NA,NA,0.000892281324816906,1120.72277227723,NA
"22019","22","019",120,203761,NA,NA,NA,0.000588925260476735,1698.00833333333,NA
"22021","22","021",3,9389,NA,NA,NA,0.000319522845883481,3129.66666666667,NA
"22023","22","023",0,4768,NA,NA,NA,NA,NA,NA
"22025","22","025",2,8414,NA,NA,NA,0.000237699072973615,4207,NA
"22027","22","027",5,13670,NA,NA,NA,0.000365764447695684,2734,NA
"22029","22","029",9,17688,NA,NA,NA,0.000508819538670285,1965.33333333333,NA
"22031","22","031",2,27114,NA,NA,NA,7.37626318507044e-05,13557,NA
"22033","22","033",347,448467,NA,NA,NA,0.000773747009255976,1292.4121037464,NA
"22035","22","035",2,6829,NA,NA,NA,0.000292868648411188,3414.5,NA
"22037","22","037",10,19229,NA,NA,NA,0.000520047844401685,1922.9,NA
"22039","22","039",11,31754,NA,NA,NA,0.000346413050324369,2886.72727272727,NA
"22041","22","041",3,19285,NA,NA,NA,0.000155561317085818,6428.33333333333,NA
"22043","22","043",2,21911,NA,NA,NA,9.12783533385058e-05,10955.5,NA
"22045","22","045",40,67659,NA,NA,NA,0.000591199988176,1691.475,NA
"22047","22","047",11,29617,NA,NA,NA,0.000371408312793328,2692.45454545455,NA
"22049","22","049",2,14746,NA,NA,NA,0.0001356300013563,7373,NA
"22051","22","051",377,421777,NA,NA,NA,0.000893837264715715,1118.77188328912,NA
"22053","22","053",7,31553,NA,NA,NA,0.000221848952556017,4507.57142857143,NA
"22055","22","055",178,249750,NA,NA,NA,0.000712712712712713,1403.08988764045,NA
"22057","22","057",45,95056,NA,NA,NA,0.000473405150648039,2112.35555555556,NA
"22059","22","059",3,14800,NA,NA,NA,0.000202702702702703,4933.33333333333,NA
"22061","22","061",19,47962,NA,NA,NA,0.000396146949668488,2524.31578947368,NA
"22063","22","063",53,150145,NA,NA,NA,0.000352992107629292,2832.92452830189,NA
"22065","22","065",2,9246,NA,NA,NA,0.000216309755569976,4623,NA
"22067","22","067",9,23955,NA,NA,NA,0.000375704445835942,2661.66666666667,NA
"22069","22","069",9,36291,NA,NA,NA,0.000247995370753079,4032.33333333333,NA
"22071","22","071",315,364136,NA,NA,NA,0.000865061405628666,1155.9873015873,NA
"22073","22","073",105,157568,NA,NA,NA,0.000666378960194963,1500.64761904762,NA
"22075","22","075",5,22386,NA,NA,NA,0.000223353881890467,4477.2,NA
"22077","22","077",7,20000,NA,NA,NA,0.00035,2857.14285714286,NA
"22079","22","079",67,126260,NA,NA,NA,0.000530651037541581,1884.4776119403,NA
"22081","22","081",2,7356,NA,NA,NA,0.000271886895051658,3678,NA
"22083","22","083",9,19712,NA,NA,NA,0.000456574675324675,2190.22222222222,NA
"22085","22","085",2,21906,NA,NA,NA,9.12991874372318e-05,10953,NA
"22087","22","087",18,44463,NA,NA,NA,0.000404830983064571,2470.16666666667,NA
"22089","22","089",23,50620,NA,NA,NA,0.00045436586329514,2200.86956521739,NA
"22091","22","091",1,10774,NA,NA,NA,9.28160386114721e-05,10774,NA
"22093","22","093",8,19191,NA,NA,NA,0.000416862070762337,2398.875,NA
"22095","22","095",15,39592,NA,NA,NA,0.00037886441705395,2639.46666666667,NA
"22097","22","097",26,81464,NA,NA,NA,0.000319159383285869,3133.23076923077,NA
"22099","22","099",10,51057,NA,NA,NA,0.00019585952954541,5105.7,NA
"22101","22","101",15,47055,NA,NA,NA,0.000318775900541919,3137,NA
"22103","22","103",232,275583,NA,NA,NA,0.000841851638163457,1187.85775862069,NA
"22105","22","105",68,138064,NA,NA,NA,0.000492525205701704,2030.35294117647,NA
"22107","22","107",3,3764,NA,NA,NA,0.00079702444208289,1254.66666666667,NA
"22109","22","109",61,103616,NA,NA,NA,0.000588712168004941,1698.62295081967,NA
"22111","22","111",2,20650,NA,NA,NA,9.68523002421307e-05,10325,NA
"22113","22","113",16,56992,NA,NA,NA,0.000280741156653565,3562,NA
"22115","22","115",32,46250,NA,NA,NA,0.000691891891891892,1445.3125,NA
"22117","22","117",16,44865,NA,NA,NA,0.000356625431851109,2804.0625,NA
"22119","22","119",10,35238,NA,NA,NA,0.000283784550769056,3523.8,NA
"22121","22","121",5,28266,NA,NA,NA,0.000176890964409538,5653.2,NA
"22123","22","123",2,9323,NA,NA,NA,0.000214523222138797,4661.5,NA
"22125","22","125",6,15371,NA,NA,NA,0.00039034545572832,2561.83333333333,NA
"22127","22","127",5,13216,NA,NA,NA,0.000378329297820823,2643.2,NA
"23001","23","001",70,113765,NA,NA,NA,0.000615303476464642,1625.21428571429,NA
"23003","23","003",43,67351,NA,NA,NA,0.000638446348235364,1566.3023255814,NA
"23005","23","005",348,310230,NA,NA,NA,0.00112174838023402,891.465517241379,NA
"23007","23","007",10,30828,NA,NA,NA,0.000324380433372259,3082.8,NA
"23009","23","009",29,56526,NA,NA,NA,0.000513038247885929,1949.1724137931,NA
"23011","23","011",108,127259,NA,NA,NA,0.000848662962933859,1178.32407407407,NA
"23013","23","013",32,40977,NA,NA,NA,0.000780925885252703,1280.53125,NA
"23015","23","015",11,36507,NA,NA,NA,0.000301312077135892,3318.81818181818,NA
"23017","23","017",22,59905,NA,NA,NA,0.000367248142892914,2722.95454545455,NA
"23019","23","019",139,155312,NA,NA,NA,0.00089497270011332,1117.35251798561,NA
"23021","23","021",5,17486,NA,NA,NA,0.000285943040146403,3497.2,NA
"23023","23","023",25,37513,NA,NA,NA,0.000666435635646309,1500.52,NA
"23025","23","025",13,51302,NA,NA,NA,0.000253401426844957,3946.30769230769,NA
"23027","23","027",13,40620,NA,NA,NA,0.000320039389463319,3124.61538461538,NA
"23029","23","029",17,31555,NA,NA,NA,0.000538741879258438,1856.17647058824,NA
"23031","23","031",118,218586,NA,NA,NA,0.000539833292159608,1852.42372881356,NA
"24001","24","001",50,67273,NA,NA,NA,0.000743240230107175,1345.46,NA
"24003","24","003",449,594582,NA,NA,NA,0.000755152359136334,1324.23608017817,NA
"24005","24","005",677,844703,NA,NA,NA,0.00080146513034759,1247.71491875923,NA
"24009","24","009",51,94728,NA,NA,NA,0.000538383582467697,1857.41176470588,NA
"24011","24","011",23,33593,NA,NA,NA,0.000684666448367219,1460.5652173913,NA
"24013","24","013",99,176639,NA,NA,NA,0.0005604651294448,1784.23232323232,NA
"24015","24","015",46,105672,NA,NA,NA,0.000435309258838671,2297.21739130435,NA
"24017","24","017",106,171973,NA,NA,NA,0.000616375826437871,1622.38679245283,NA
"24019","24","019",22,32879,NA,NA,NA,0.000669120107059217,1494.5,NA
"24021","24","021",198,293391,NA,NA,NA,0.000674867327218626,1481.77272727273,NA
"24023","24","023",14,28423,NA,NA,NA,0.000492558843190374,2030.21428571429,NA
"24025","24","025",171,264644,NA,NA,NA,0.000646151055757924,1547.62573099415,NA
"24027","24","027",306,336001,NA,NA,NA,0.000910711575263169,1098.04248366013,NA
"24029","24","029",9,19303,NA,NA,NA,0.000466248769621302,2144.77777777778,NA
"24031","24","031",1378,1058474,NA,NA,NA,0.00130187420758564,768.123367198839,NA
"24033","24","033",611,947430,NA,NA,NA,0.000644902525780269,1550.62193126023,NA
"24035","24","035",23,52508,NA,NA,NA,0.000438028490896625,2282.95652173913,NA
"24037","24","037",60,115281,NA,NA,NA,0.000520467379706977,1921.35,NA
"24039","24","039",58,24910,NA,NA,NA,0.002328382175833,429.48275862069,NA
"24041","24","041",34,37823,NA,NA,NA,0.000898923935171721,1112.44117647059,NA
"24043","24","043",91,155813,NA,NA,NA,0.000584033424682151,1712.23076923077,NA
"24045","24","045",86,104800,NA,NA,NA,0.000820610687022901,1218.60465116279,NA
"24047","24","047",33,54171,NA,NA,NA,0.000609182034667996,1641.54545454545,NA
"24510","24","510",500,565239,NA,NA,NA,0.000884581566381655,1130.478,NA
"25001","25","001",225,231735,NA,NA,NA,0.000970936630202602,1029.93333333333,NA
"25003","25","003",125,126818,NA,NA,NA,0.000985664495576338,1014.544,NA
"25005","25","005",412,581841,NA,NA,NA,0.000708097229311788,1412.2354368932,NA
"25007","25","007",13,20819,NA,NA,NA,0.000624429607570008,1601.46153846154,NA
"25009","25","009",753,810089,NA,NA,NA,0.000929527496361511,1075.81540504648,NA
"25011","25","011",49,70836,NA,NA,NA,0.000691738663956181,1445.63265306122,NA
"25013","25","013",421,460291,NA,NA,NA,0.000914638782856932,1093.32779097387,NA
"25015","25","015",123,162502,NA,NA,NA,0.000756913761061402,1321.15447154472,NA
"25017","25","017",1734,1623952,NA,NA,NA,0.00106776554972068,936.535178777393,NA
"25019","25","019",9,14444,NA,NA,NA,0.00062309609526447,1604.88888888889,NA
"25021","25","021",915,727473,NA,NA,NA,0.00125777863920723,795.052459016393,NA
"25023","25","023",399,535308,NA,NA,NA,0.000745365285032168,1341.62406015038,NA
"25025","25","025",1934,768425,NA,NA,NA,0.00251683638611445,397.324198552223,NA
"25027","25","027",690,866866,NA,NA,NA,0.000795970772876085,1256.32753623188,NA
"26001","26","001",1,10489,NA,NA,NA,9.53379731146916e-05,10489,NA
"26003","26","003",4,8757,NA,NA,NA,0.000456777435194701,2189.25,NA
"26005","26","005",43,121939,NA,NA,NA,0.000352635334060473,2835.79069767442,NA
"26007","26","007",29,28904,NA,NA,NA,0.00100332133960697,996.689655172414,NA
"26009","26","009",7,24409,NA,NA,NA,0.000286779466590192,3487,NA
"26011","26","011",9,15145,NA,NA,NA,0.000594255529877847,1682.77777777778,NA
"26013","26","013",6,8310,NA,NA,NA,0.000722021660649819,1385,NA
"26015","26","015",15,63808,NA,NA,NA,0.000235080240722166,4253.86666666667,NA
"26017","26","017",69,102500,NA,NA,NA,0.000673170731707317,1485.50724637681,NA
"26019","26","019",10,18441,NA,NA,NA,0.000542269941977116,1844.1,NA
"26021","26","021",91,152261,NA,NA,NA,0.00059765796888238,1673.1978021978,NA
"26023","26","023",21,45215,NA,NA,NA,0.000464447639057835,2153.09523809524,NA
"26025","26","025",99,133366,NA,NA,NA,0.000742318132057646,1347.13131313131,NA
"26027","26","027",15,51642,NA,NA,NA,0.000290461252468921,3442.8,NA
"26029","26","029",35,26159,NA,NA,NA,0.00133797163500134,747.4,NA
"26031","26","031",12,26048,NA,NA,NA,0.000460687960687961,2170.66666666667,NA
"26033","26","033",23,36264,NA,NA,NA,0.000634237811603794,1576.69565217391,NA
"26035","26","035",10,31316,NA,NA,NA,0.000319325584365819,3131.6,NA
"26037","26","037",25,79720,NA,NA,NA,0.000313597591570497,3188.8,NA
"26039","26","039",5,13538,NA,NA,NA,0.000369330772639976,2707.6,NA
"26041","26","041",25,36790,NA,NA,NA,0.000679532481652623,1471.6,NA
"26043","26","043",28,25982,NA,NA,NA,0.00107766915556924,927.928571428571,NA
"26045","26","045",79,108820,NA,NA,NA,0.000725969490902408,1377.46835443038,NA
"26047","26","047",43,34123,NA,NA,NA,0.00126014711484922,793.558139534884,NA
"26049","26","049",308,401522,NA,NA,NA,0.000767081255821599,1303.64285714286,NA
"26051","26","051",6,25853,NA,NA,NA,0.000232081383205044,4308.83333333333,NA
"26053","26","053",8,14224,NA,NA,NA,0.000562429696287964,1778,NA
"26055","26","055",101,96421,NA,NA,NA,0.00104748965474326,954.663366336634,NA
"26057","26","057",17,41368,NA,NA,NA,0.000410945658479985,2433.41176470588,NA
"26059","26","059",19,45587,NA,NA,NA,0.000416785487090618,2399.31578947368,NA
"26061","26","061",27,37599,NA,NA,NA,0.000718104204899066,1392.55555555556,NA
"26063","26","063",17,30927,NA,NA,NA,0.000549681508067384,1819.23529411765,NA
"26065","26","065",234,284637,NA,NA,NA,0.000822099727020732,1216.39743589744,NA
"26067","26","067",30,66262,NA,NA,NA,0.000452748181461471,2208.73333333333,NA
"26069","26","069",15,25373,NA,NA,NA,0.00059117960036259,1691.53333333333,NA
"26071","26","071",4,11740,NA,NA,NA,0.000340715502555366,2935,NA
"26073","26","073",45,64118,NA,NA,NA,0.000701830999095418,1424.84444444444,NA
"26075","26","075",108,159424,NA,NA,NA,0.000677438779606584,1476.14814814815,NA
"26077","26","077",200,262215,NA,NA,NA,0.000762732871879946,1311.075,NA
"26079","26","079",7,18490,NA,NA,NA,0.000378583017847485,2641.42857142857,NA
"26081","26","081",537,661354,NA,NA,NA,0.000811970593660884,1231.57169459963,NA
"26083","26","083",0,2172,NA,NA,NA,0,NA,NA
"26085","26","085",11,12734,NA,NA,NA,0.000863829118894299,1157.63636363636,NA
"26087","26","087",47,88977,NA,NA,NA,0.000528226395585376,1893.12765957447,NA
"26089","26","089",10,23019,NA,NA,NA,0.000434423736912985,2301.9,NA
"26091","26","091",49,97520,NA,NA,NA,0.000502461033634126,1990.20408163265,NA
"26093","26","093",124,196757,NA,NA,NA,0.000630219001102883,1586.75,NA
"26095","26","095",3,6435,NA,NA,NA,0.000466200466200466,2145,NA
"26097","26","097",8,10851,NA,NA,NA,0.000737259238779836,1356.375,NA
"26099","26","099",832,875101,NA,NA,NA,0.000950747399443036,1051.80408653846,NA
"26101","26","101",17,25562,NA,NA,NA,0.000665049683123386,1503.64705882353,NA
"26103","26","103",61,66999,NA,NA,NA,0.000910461350169406,1098.34426229508,NA
"26105","26","105",18,29159,NA,NA,NA,0.000617305120203025,1619.94444444444,NA
"26107","26","107",20,41099,NA,NA,NA,0.000486629845008394,2054.95,NA
"26109","26","109",12,22945,NA,NA,NA,0.000522989758117237,1912.08333333333,NA
"26111","26","111",61,84039,NA,NA,NA,0.000725853472792394,1377.68852459016,NA
"26113","26","113",3,15311,NA,NA,NA,0.000195937561230488,5103.66666666667,NA
"26115","26","115",74,155045,NA,NA,NA,0.000477280789448225,2095.2027027027,NA
"26117","26","117",32,68154,NA,NA,NA,0.000469524899492326,2129.8125,NA
"26119","26","119",4,9678,NA,NA,NA,0.000413308534821244,2419.5,NA
"26121","26","121",127,176564,NA,NA,NA,0.000719285924650552,1390.26771653543,NA
"26123","26","123",29,51108,NA,NA,NA,0.000567425843312202,1762.34482758621,NA
"26125","26","125",1451,1270426,NA,NA,NA,0.00114213657466078,875.552033080634,NA
"26127","26","127",8,26981,NA,NA,NA,0.000296504947926319,3372.625,NA
"26129","26","129",8,20990,NA,NA,NA,0.000381133873272987,2623.75,NA
"26131","26","131",3,5906,NA,NA,NA,0.000507958008804605,1968.66666666667,NA
"26133","26","133",4,23330,NA,NA,NA,0.000171453064723532,5832.5,NA
"26135","26","135",2,8545,NA,NA,NA,0.000234055002925688,4272.5,NA
"26137","26","137",16,25747,NA,NA,NA,0.000621431623101721,1609.1875,NA
"26139","26","139",187,303372,NA,NA,NA,0.00061640494178764,1622.31016042781,NA
"26141","26","141",5,13285,NA,NA,NA,0.000376364320662401,2657,NA
"26143","26","143",12,23863,NA,NA,NA,0.000502870552738549,1988.58333333333,NA
"26145","26","145",155,187782,NA,NA,NA,0.000825425227125071,1211.49677419355,NA
"26147","26","147",106,159874,NA,NA,NA,0.000663022129927318,1508.24528301887,NA
"26149","26","149",21,60878,NA,NA,NA,0.000344952199480929,2898.95238095238,NA
"26151","26","151",16,40368,NA,NA,NA,0.000396353547364249,2523,NA
"26153","26","153",4,8149,NA,NA,NA,0.000490857773959995,2037.25,NA
"26155","26","155",29,68025,NA,NA,NA,0.000426313855200294,2345.68965517241,NA
"26157","26","157",18,52826,NA,NA,NA,0.000340741301631772,2934.77777777778,NA
"26159","26","159",26,75798,NA,NA,NA,0.000343016966146864,2915.30769230769,NA
"26161","26","161",763,365536,NA,NA,NA,0.00208734570603169,479.077326343381,NA
"26163","26","163",1402,1751169,NA,NA,NA,0.000800608050964813,1249.05064194009,NA
"26165","26","165",25,34122,NA,NA,NA,0.00073266514272317,1364.88,NA
"27001","27","001",5,16102,NA,NA,NA,0.000310520432244442,3220.4,NA
"27003","27","003",246,372441,NA,NA,NA,0.000660507301827672,1513.98780487805,NA
"27005","27","005",20,35283,NA,NA,NA,0.000566845222911884,1764.15,NA
"27007","27","007",38,46718,NA,NA,NA,0.000813390984203091,1229.42105263158,NA
"27009","27","009",14,41600,NA,NA,NA,0.000336538461538462,2971.42857142857,NA
"27011","27","011",2,5105,NA,NA,NA,0.00039177277179236,2552.5,NA
"27013","27","013",64,70006,NA,NA,NA,0.000914207353655401,1093.84375,NA
"27015","27","015",16,25628,NA,NA,NA,0.000624317153113782,1601.75,NA
"27017","27","017",26,36825,NA,NA,NA,0.000706042090970808,1416.34615384615,NA
"27019","27","019",55,111057,NA,NA,NA,0.000495241182455856,2019.21818181818,NA
"27021","27","021",20,31446,NA,NA,NA,0.000636010939388157,1572.3,NA
"27023","27","023",6,12172,NA,NA,NA,0.000492934604009201,2028.66666666667,NA
"27025","27","025",25,58535,NA,NA,NA,0.000427094900486888,2341.4,NA
"27027","27","027",30,66258,NA,NA,NA,0.000452775513900208,2208.6,NA
"27029","27","029",3,8644,NA,NA,NA,0.00034706154558075,2881.33333333333,NA
"27031","27","031",3,5639,NA,NA,NA,0.000532009221493172,1879.66666666667,NA
"27033","27","033",7,11319,NA,NA,NA,0.000618429189857761,1617,NA
"27035","27","035",55,68304,NA,NA,NA,0.000805223705785898,1241.89090909091,NA
"27037","27","037",346,447440,NA,NA,NA,0.000773288038619703,1293.17919075145,NA
"27039","27","039",4,21088,NA,NA,NA,0.000189681335356601,5272,NA
"27041","27","041",31,39953,NA,NA,NA,0.000775911696243086,1288.8064516129,NA
"27043","27","043",5,13873,NA,NA,NA,0.000360412311684567,2774.6,NA
"27045","27","045",13,21522,NA,NA,NA,0.000604033082427284,1655.53846153846,NA
"27047","27","047",13,30515,NA,NA,NA,0.000426019990168769,2347.30769230769,NA
"27049","27","049",24,48035,NA,NA,NA,0.000499635682314979,2001.45833333333,NA
"27051","27","051",2,6139,NA,NA,NA,0.000325785958625183,3069.5,NA
"27053","27","053",1341,1258713,NA,NA,NA,0.00106537391764445,938.637583892617,NA
"27055","27","055",10,18582,NA,NA,NA,0.000538155203960822,1858.2,NA
"27057","27","057",6,22132,NA,NA,NA,0.000271100668714983,3688.66666666667,NA
"27059","27","059",19,43182,NA,NA,NA,0.000439998147376222,2272.73684210526,NA
"27061","27","061",36,45365,NA,NA,NA,0.000793563319739888,1260.13888888889,NA
"27063","27","063",4,9919,NA,NA,NA,0.00040326645831233,2479.75,NA
"27065","27","065",8,16602,NA,NA,NA,0.000481869654258523,2075.25,NA
"27067","27","067",34,43813,NA,NA,NA,0.000776025380594801,1288.61764705882,NA
"27069","27","069",2,4060,NA,NA,NA,0.000492610837438424,2030,NA
"27071","27","071",4,11751,NA,NA,NA,0.000340396561994724,2937.75,NA
"27073","27","073",3,6630,NA,NA,NA,0.000452488687782805,2210,NA
"27075","27","075",5,10855,NA,NA,NA,0.000460617227084293,2171,NA
"27077","27","077",1,3778,NA,NA,NA,0.000264690312334569,3778,NA
"27079","27","079",10,29255,NA,NA,NA,0.000341821910784481,2925.5,NA
"27081","27","081",3,5521,NA,NA,NA,0.000543379822495925,1840.33333333333,NA
"27083","27","083",15,25427,NA,NA,NA,0.000589924096432926,1695.13333333333,NA
"27085","27","085",30,36785,NA,NA,NA,0.000815549816501291,1226.16666666667,NA
"27087","27","087",0,5280,NA,NA,NA,NA,NA,NA
"27089","27","089",2,8810,NA,NA,NA,0.000227014755959137,4405,NA
"27091","27","091",15,19657,NA,NA,NA,0.000763086941038816,1310.46666666667,NA
"27093","27","093",10,23490,NA,NA,NA,0.00042571306939123,2349,NA
"27095","27","095",14,27427,NA,NA,NA,0.000510445910963649,1959.07142857143,NA
"27097","27","097",13,34250,NA,NA,NA,0.00037956204379562,2634.61538461538,NA
"27099","27","099",23,40058,NA,NA,NA,0.000574167457187079,1741.65217391304,NA
"27101","27","101",2,8049,NA,NA,NA,0.000248478071810163,4024.5,NA
"27103","27","103",26,34242,NA,NA,NA,0.000759301442672741,1317,NA
"27105","27","105",16,21727,NA,NA,NA,0.000736410917291849,1357.9375,NA
"27107","27","107",5,6329,NA,NA,NA,0.000790014220255965,1265.8,NA
"27109","27","109",226,164784,NA,NA,NA,0.00137149237790077,729.132743362832,NA
"27111","27","111",44,60626,NA,NA,NA,0.000725761224557121,1377.86363636364,NA
"27113","27","113",8,13714,NA,NA,NA,0.000583345486364299,1714.25,NA
"27115","27","115",11,30197,NA,NA,NA,0.000364274596814253,2745.18181818182,NA
"27117","27","117",4,9245,NA,NA,NA,0.000432666306111412,2311.25,NA
"27119","27","119",16,30412,NA,NA,NA,0.000526108115217677,1900.75,NA
"27121","27","121",4,11400,NA,NA,NA,0.000350877192982456,2850,NA
"27123","27","123",513,536075,NA,NA,NA,0.000956955649862426,1044.98050682261,NA
"27125","27","125",0,3911,NA,NA,NA,0,NA,NA
"27127","27","127",6,15288,NA,NA,NA,0.000392464678178964,2548,NA
"27129","27","129",9,14348,NA,NA,NA,0.000627265124059102,1594.22222222222,NA
"27131","27","131",37,67948,NA,NA,NA,0.000544534055454171,1836.43243243243,NA
"27133","27","133",3,9551,NA,NA,NA,0.000314103235263323,3183.66666666667,NA
"27135","27","135",9,15252,NA,NA,NA,0.000590086546026751,1694.66666666667,NA
"27137","27","137",196,200514,NA,NA,NA,0.000977487856209541,1023.0306122449,NA
"27139","27","139",74,155814,NA,NA,NA,0.000474925231365603,2105.59459459459,NA
"27141","27","141",42,102206,NA,NA,NA,0.000410934778780111,2433.47619047619,NA
"27143","27","143",5,15084,NA,NA,NA,0.000331477061787324,3016.8,NA
"27145","27","145",133,160977,NA,NA,NA,0.000826204985805426,1210.35338345865,NA
"27147","27","147",31,37421,NA,NA,NA,0.000828411854306405,1207.12903225806,NA
"27149","27","149",9,9728,NA,NA,NA,0.00092516447368421,1080.88888888889,NA
"27151","27","151",4,9719,NA,NA,NA,0.000411564975820558,2429.75,NA
"27153","27","153",12,25667,NA,NA,NA,0.000467526395761094,2138.91666666667,NA
"27155","27","155",2,3136,NA,NA,NA,0.000637755102040816,1568,NA
"27157","27","157",18,21683,NA,NA,NA,0.00083014343033713,1204.61111111111,NA
"27159","27","159",11,14241,NA,NA,NA,0.000772417667298645,1294.63636363636,NA
"27161","27","161",12,18981,NA,NA,NA,0.000632211158526948,1581.75,NA
"27163","27","163",226,278936,NA,NA,NA,0.000810221699601342,1234.23008849558,NA
"27165","27","165",6,11077,NA,NA,NA,0.000541662905118714,1846.16666666667,NA
"27167","27","167",2,6306,NA,NA,NA,0.000317158261972724,3153,NA
"27169","27","169",32,49721,NA,NA,NA,0.000643591239114258,1553.78125,NA
"27171","27","171",61,151150,NA,NA,NA,0.000403572609990076,2477.86885245902,NA
"27173","27","173",3,9467,NA,NA,NA,0.000316890250343298,3155.66666666667,NA
"28001","28","001",15,28746,NA,NA,NA,0.000521811730327698,1916.4,NA
"28003","28","003",20,34135,NA,NA,NA,0.000585908891167423,1706.75,NA
"28005","28","005",3,12442,NA,NA,NA,0.000241118791191127,4147.33333333333,NA
"28007","28","007",6,17359,NA,NA,NA,0.000345642030070857,2893.16666666667,NA
"28009","28","009",2,7438,NA,NA,NA,0.000268889486421081,3719,NA
"28011","28","011",14,28968,NA,NA,NA,0.000483291908312621,2069.14285714286,NA
"28013","28","013",3,12685,NA,NA,NA,0.000236499802916831,4228.33333333333,NA
"28015","28","015",2,9535,NA,NA,NA,0.000209753539590981,4767.5,NA
"28017","28","017",6,16866,NA,NA,NA,0.000355745286374956,2811,NA
"28019","28","019",4,8088,NA,NA,NA,0.000494559841740851,2022,NA
"28021","28","021",3,8617,NA,NA,NA,0.000348149007775328,2872.33333333333,NA
"28023","28","023",2,15228,NA,NA,NA,0.000131337010769635,7614,NA
"28025","28","025",4,18206,NA,NA,NA,0.000219707788641107,4551.5,NA
"28027","28","027",10,20077,NA,NA,NA,0.000498082382826119,2007.7,NA
"28029","28","029",12,27664,NA,NA,NA,0.000433776749566223,2305.33333333333,NA
"28031","28","031",6,18059,NA,NA,NA,0.000332244310316186,3009.83333333333,NA
"28033","28","033",80,193247,NA,NA,NA,0.000413977966022758,2415.5875,NA
"28035","28","035",34,78208,NA,NA,NA,0.000434738134206219,2300.23529411765,NA
"28037","28","037",1,7610,NA,NA,NA,0.000131406044678055,7610,NA
"28039","28","039",7,25619,NA,NA,NA,0.0002732347086147,3659.85714285714,NA
"28041","28","041",3,13601,NA,NA,NA,0.000220572016763473,4533.66666666667,NA
"28043","28","043",10,21065,NA,NA,NA,0.000474721101352955,2106.5,NA
"28045","28","045",12,46159,NA,NA,NA,0.00025997096990836,3846.58333333333,NA
"28047","28","047",148,210612,NA,NA,NA,0.000702713995403871,1423.05405405405,NA
"28049","28","049",236,214870,NA,NA,NA,0.00109833853027412,910.466101694915,NA
"28051","28","051",7,15777,NA,NA,NA,0.000443683843569753,2253.85714285714,NA
"28053","28","053",2,7216,NA,NA,NA,0.000277161862527716,3608,NA
"28055","28","055",0,1256,NA,NA,NA,0,NA,NA
"28057","28","057",5,24093,NA,NA,NA,0.000207529157846677,4818.6,NA
"28059","28","059",63,146389,NA,NA,NA,0.000430360204660186,2323.63492063492,NA
"28061","28","061",5,16013,NA,NA,NA,0.000312246299881346,3202.6,NA
"28063","28","063",0,6941,NA,NA,NA,NA,NA,NA
"28065","28","065",4,10969,NA,NA,NA,0.000364664053240952,2742.25,NA
"28067","28","067",36,66250,NA,NA,NA,0.000543396226415094,1840.27777777778,NA
"28069","28","069",3,8584,NA,NA,NA,0.000349487418452936,2861.33333333333,NA
"28071","28","071",30,58467,NA,NA,NA,0.000513109959464313,1948.9,NA
"28073","28","073",73,66217,NA,NA,NA,0.00110243593035021,907.082191780822,NA
"28075","28","075",52,70527,NA,NA,NA,0.000737306279864449,1356.28846153846,NA
"28077","28","077",2,11741,NA,NA,NA,0.000170343241631888,5870.5,NA
"28079","28","079",7,21258,NA,NA,NA,0.000329287797535046,3036.85714285714,NA
"28081","28","081",61,82799,NA,NA,NA,0.000736723873476733,1357.3606557377,NA
"28083","28","083",14,26378,NA,NA,NA,0.000530745318068087,1884.14285714286,NA
"28085","28","085",15,34702,NA,NA,NA,0.000432251743415365,2313.46666666667,NA
"28087","28","087",35,57283,NA,NA,NA,0.000611001518775204,1636.65714285714,NA
"28089","28","089",92,112511,NA,NA,NA,0.000817697825101546,1222.94565217391,NA
"28091","28","091",6,24224,NA,NA,NA,0.000247688243064729,4037.33333333333,NA
"28093","28","093",5,34123,NA,NA,NA,0.000146528734284793,6824.6,NA
"28095","28","095",15,33609,NA,NA,NA,0.000446309024368473,2240.6,NA
"28097","28","097",3,9600,NA,NA,NA,0.0003125,3200,NA
"28099","28","099",17,28789,NA,NA,NA,0.000590503317239223,1693.47058823529,NA
"28101","28","101",5,21019,NA,NA,NA,0.000237880013321281,4203.8,NA
"28103","28","103",4,9914,NA,NA,NA,0.000403469840629413,2478.5,NA
"28105","28","105",23,51203,NA,NA,NA,0.000449192430131047,2226.21739130435,NA
"28107","28","107",14,32669,NA,NA,NA,0.000428540818512963,2333.5,NA
"28109","28","109",13,57978,NA,NA,NA,0.000224222981130774,4459.84615384615,NA
"28111","28","111",1,11315,NA,NA,NA,8.83782589482987e-05,11315,NA
"28113","28","113",22,39394,NA,NA,NA,0.000558460679291263,1790.63636363636,NA
"28115","28","115",5,31535,NA,NA,NA,0.000158553987632789,6307,NA
"28117","28","117",9,25135,NA,NA,NA,0.000358066441217426,2792.77777777778,NA
"28119","28","119",1,5546,NA,NA,NA,0.000180310133429499,5546,NA
"28121","28","121",104,160417,NA,NA,NA,0.000648310341173317,1542.47115384615,NA
"28123","28","123",11,27507,NA,NA,NA,0.000399898207728942,2500.63636363636,NA
"28125","28","125",0,3336,NA,NA,NA,0,NA,NA
"28127","28","127",9,25715,NA,NA,NA,0.000349990278047832,2857.22222222222,NA
"28129","28","129",7,14099,NA,NA,NA,0.000496489112703029,2014.14285714286,NA
"28131","28","131",4,18756,NA,NA,NA,0.000213265088505012,4689,NA
"28133","28","133",10,24468,NA,NA,NA,0.000408697073728952,2446.8,NA
"28135","28","135",3,11837,NA,NA,NA,0.000253442595252175,3945.66666666667,NA
"28137","28","137",10,28261,NA,NA,NA,0.000353844520717597,2826.1,NA
"28139","28","139",4,21287,NA,NA,NA,0.000187908112932776,5321.75,NA
"28141","28","141",1,18507,NA,NA,NA,5.40336089047387e-05,18507,NA
"28143","28","143",0,9234,NA,NA,NA,NA,NA,NA
"28145","28","145",13,28284,NA,NA,NA,0.000459623815584783,2175.69230769231,NA
"28147","28","147",3,13863,NA,NA,NA,0.000216403375892664,4621,NA
"28149","28","149",27,42298,NA,NA,NA,0.000638328053335855,1566.59259259259,NA
"28151","28","151",19,41946,NA,NA,NA,0.000452963333810137,2207.68421052632,NA
"28153","28","153",3,19703,NA,NA,NA,0.000152261076993351,6567.66666666667,NA
"28155","28","155",3,9988,NA,NA,NA,0.000300360432519023,3329.33333333333,NA
"28157","28","157",2,8058,NA,NA,NA,0.000248200546041201,4029,NA
"28159","28","159",5,17416,NA,NA,NA,0.000287092328892972,3483.2,NA
"28161","28","161",2,12386,NA,NA,NA,0.000161472630389149,6193,NA
"28163","28","163",7,25796,NA,NA,NA,0.000271359900759808,3685.14285714286,NA
"29001","29","001",22,25122,NA,NA,NA,0.000875726454900088,1141.90909090909,NA
"29003","29","003",5,18127,NA,NA,NA,0.0002758316323716,3625.4,NA
"29005","29","005",2,5107,NA,NA,NA,0.000391619345995692,2553.5,NA
"29007","29","007",12,24394,NA,NA,NA,0.000491924243666475,2032.83333333333,NA
"29009","29","009",10,35265,NA,NA,NA,0.000283567276336311,3526.5,NA
"29011","29","011",2,11731,NA,NA,NA,0.000170488449407553,5865.5,NA
"29013","29","013",5,16242,NA,NA,NA,0.0003078438615934,3248.4,NA
"29015","29","015",3,20552,NA,NA,NA,0.000145971195017517,6850.66666666667,NA
"29017","29","017",3,10544,NA,NA,NA,0.000284522003034901,3514.66666666667,NA
"29019","29","019",149,189463,NA,NA,NA,0.000786433234985195,1271.56375838926,NA
"29021","29","021",65,82956,NA,NA,NA,0.000783547904913448,1276.24615384615,NA
"29023","29","023",30,41948,NA,NA,NA,0.000715171164298655,1398.26666666667,NA
"29025","29","025",1,8955,NA,NA,NA,0.000111669458403127,8955,NA
"29027","29","027",12,44731,NA,NA,NA,0.00026827032706624,3727.58333333333,NA
"29029","29","029",29,44044,NA,NA,NA,0.000658432476614295,1518.75862068966,NA
"29031","29","031",59,82984,NA,NA,NA,0.000710980429962402,1406.50847457627,NA
"29033","29","033",3,8391,NA,NA,NA,0.000357525920629246,2797,NA
"29035","29","035",2,5303,NA,NA,NA,0.000377145012257213,2651.5,NA
"29037","29","037",44,111732,NA,NA,NA,0.000393799448680772,2539.36363636364,NA
"29039","29","039",5,14672,NA,NA,NA,0.000340785169029444,2934.4,NA
"29041","29","041",2,7399,NA,NA,NA,0.000270306798215975,3699.5,NA
"29043","29","043",31,94422,NA,NA,NA,0.00032831331681176,3045.87096774194,NA
"29045","29","045",2,6641,NA,NA,NA,0.000301159463936154,3320.5,NA
"29047","29","047",175,259772,NA,NA,NA,0.000673667677809772,1484.41142857143,NA
"29049","29","049",9,21548,NA,NA,NA,0.000417672173751624,2394.22222222222,NA
"29051","29","051",50,77278,NA,NA,NA,0.000647014674292813,1545.56,NA
"29053","29","053",5,16947,NA,NA,NA,0.000295037469758659,3389.4,NA
"29055","29","055",3,22719,NA,NA,NA,0.00013204806549584,7573,NA
"29057","29","057",1,7716,NA,NA,NA,0.000129600829445308,7716,NA
"29059","29","059",5,17768,NA,NA,NA,0.000281404772624944,3553.6,NA
"29061","29","061",2,8551,NA,NA,NA,0.000233890773009005,4275.5,NA
"29063","29","063",1,9899,NA,NA,NA,0.000101020305081321,9899,NA
"29065","29","065",3,14647,NA,NA,NA,0.000204820099679115,4882.33333333333,NA
"29067","29","067",4,12228,NA,NA,NA,0.000327118089630357,3057,NA
"29069","29","069",6,27032,NA,NA,NA,0.000221959159514649,4505.33333333333,NA
"29071","29","071",59,106404,NA,NA,NA,0.0005544904326905,1803.45762711864,NA
"29073","29","073",3,14705,NA,NA,NA,0.000204012240734444,4901.66666666667,NA
"29075","29","075",2,6287,NA,NA,NA,0.000318116748846827,3143.5,NA
"29077","29","077",241,304611,NA,NA,NA,0.00079117300425789,1263.94605809129,NA
"29079","29","079",5,9815,NA,NA,NA,0.000509424350483953,1963,NA
"29081","29","081",3,8220,NA,NA,NA,0.000364963503649635,2740,NA
"29083","29","083",18,22485,NA,NA,NA,0.000800533689126084,1249.16666666667,NA
"29085","29","085",1,8718,NA,NA,NA,0.000114705207616426,8718,NA
"29087","29","087",1,4248,NA,NA,NA,0.000235404896421846,4248,NA
"29089","29","089",3,10101,NA,NA,NA,0.000297000297000297,3367,NA
"29091","29","091",17,40735,NA,NA,NA,0.000417331533079661,2396.17647058824,NA
"29093","29","093",2,9440,NA,NA,NA,0.000211864406779661,4720,NA
"29095","29","095",679,718560,NA,NA,NA,0.000944945446448452,1058.26215022091,NA
"29097","29","097",91,125056,NA,NA,NA,0.000727674002047083,1374.24175824176,NA
"29099","29","099",97,231230,NA,NA,NA,0.000419495740172123,2383.81443298969,NA
"29101","29","101",25,54962,NA,NA,NA,0.000454859721261963,2198.48,NA
"29103","29","103",2,3723,NA,NA,NA,0.0005372011818426,1861.5,NA
"29105","29","105",12,36680,NA,NA,NA,0.000327153762268266,3056.66666666667,NA
"29107","29","107",11,33196,NA,NA,NA,0.000331365224725871,3017.81818181818,NA
"29109","29","109",15,38872,NA,NA,NA,0.000385881868697263,2591.46666666667,NA
"29111","29","111",1,9818,NA,NA,NA,0.000101853738032186,9818,NA
"29113","29","113",13,64699,NA,NA,NA,0.00020093046260375,4976.84615384615,NA
"29115","29","115",3,11791,NA,NA,NA,0.00025443134594182,3930.33333333333,NA
"29117","29","117",8,14557,NA,NA,NA,0.000549563783746651,1819.625,NA
"29119","29","119",4,23903,NA,NA,NA,0.000167343011337489,5975.75,NA
"29121","29","121",6,15161,NA,NA,NA,0.000395752259085812,2526.83333333333,NA
"29123","29","123",3,12698,NA,NA,NA,0.000236257678374547,4232.66666666667,NA
"29125","29","125",3,8430,NA,NA,NA,0.000355871886120996,2810,NA
"29127","29","127",24,28336,NA,NA,NA,0.000846979107848673,1180.66666666667,NA
"29129","29","129",0,3469,NA,NA,NA,0,NA,NA
"29131","29","131",7,25590,NA,NA,NA,0.000273544353262993,3655.71428571429,NA
"29133","29","133",2,11822,NA,NA,NA,0.000169176112332939,5911,NA
"29135","29","135",3,15256,NA,NA,NA,0.000196643943366544,5085.33333333333,NA
"29137","29","137",1,8698,NA,NA,NA,0.000114968958381237,8698,NA
"29139","29","139",2,11459,NA,NA,NA,0.000174535299764377,5729.5,NA
"29141","29","141",6,21970,NA,NA,NA,0.000273099681383705,3661.66666666667,NA
"29143","29","143",1,15424,NA,NA,NA,6.48340248962656e-05,15424,NA
"29145","29","145",15,60677,NA,NA,NA,0.000247210639945943,4045.13333333333,NA
"29147","29","147",8,20695,NA,NA,NA,0.000386566803575743,2586.875,NA
"29149","29","149",1,8720,NA,NA,NA,0.000114678899082569,8720,NA
"29151","29","151",5,13468,NA,NA,NA,0.000371250371250371,2693.6,NA
"29153","29","153",5,8970,NA,NA,NA,0.000557413600891862,1794,NA
"29155","29","155",1,14613,NA,NA,NA,6.84322178881818e-05,14613,NA
"29157","29","157",10,18950,NA,NA,NA,0.000527704485488127,1895,NA
"29159","29","159",25,43530,NA,NA,NA,0.000574316563289685,1741.2,NA
"29161","29","161",35,45284,NA,NA,NA,0.000772899920501722,1293.82857142857,NA
"29163","29","163",5,17935,NA,NA,NA,0.000278784499581823,3587,NA
"29165","29","165",72,111940,NA,NA,NA,0.000643201715204574,1554.72222222222,NA
"29167","29","167",16,32780,NA,NA,NA,0.00048810250152532,2048.75,NA
"29169","29","169",71,53812,NA,NA,NA,0.00131940831041403,757.915492957746,NA
"29171","29","171",2,4638,NA,NA,NA,0.00043122035360069,2319,NA
"29173","29","173",1,10489,NA,NA,NA,9.53379731146916e-05,10489,NA
"29175","29","175",11,24109,NA,NA,NA,0.000456261147289394,2191.72727272727,NA
"29177","29","177",3,23182,NA,NA,NA,0.00012941074971961,7727.33333333333,NA
"29179","29","179",3,5950,NA,NA,NA,0.000504201680672269,1983.33333333333,NA
"29181","29","181",0,10806,NA,NA,NA,NA,NA,NA
"29183","29","183",270,416659,NA,NA,NA,0.000648011923419391,1543.18148148148,NA
"29185","29","185",4,9752,NA,NA,NA,0.000410172272354389,2438,NA
"29186","29","186",3,18642,NA,NA,NA,0.000160926939169617,6214,NA
"29187","29","187",30,67058,NA,NA,NA,0.000447373915118256,2235.26666666667,NA
"29189","29","189",898,987059,NA,NA,NA,0.00090977337727532,1099.17483296214,NA
"29195","29","195",9,23049,NA,NA,NA,0.000390472471690746,2561,NA
"29197","29","197",1,4053,NA,NA,NA,0.000246730816679003,4053,NA
"29199","29","199",1,4676,NA,NA,NA,0.000213857998289136,4676,NA
"29201","29","201",22,37889,NA,NA,NA,0.000580643458523582,1722.22727272727,NA
"29203","29","203",0,7238,NA,NA,NA,NA,NA,NA
"29205","29","205",2,5931,NA,NA,NA,0.000337211262856179,2965.5,NA
"29207","29","207",7,28397,NA,NA,NA,0.000246504912490756,4056.71428571429,NA
"29209","29","209",5,32658,NA,NA,NA,0.000153101843346194,6531.6,NA
"29211","29","211",1,5797,NA,NA,NA,0.000172503018802829,5797,NA
"29213","29","213",21,56775,NA,NA,NA,0.000369881109643329,2703.57142857143,NA
"29215","29","215",5,25619,NA,NA,NA,0.0001951676490105,5123.8,NA
"29217","29","217",14,19710,NA,NA,NA,0.000710299340436327,1407.85714285714,NA
"29219","29","219",10,37806,NA,NA,NA,0.000264508279109136,3780.6,NA
"29221","29","221",8,23534,NA,NA,NA,0.000339933712925979,2941.75,NA
"29223","29","223",1,10811,NA,NA,NA,9.24983812783276e-05,10811,NA
"29225","29","225",11,41472,NA,NA,NA,0.000265239197530864,3770.18181818182,NA
"29227","29","227",1,1907,NA,NA,NA,0.000524383848977452,1907,NA
"29229","29","229",7,19403,NA,NA,NA,0.000360768953254651,2771.85714285714,NA
"29510","29","510",200,281754,NA,NA,NA,0.000709839079480682,1408.77,NA
"30001","30","001",4,9885,NA,NA,NA,0.000404653515427415,2471.25,NA
"30003","30","003",9,12751,NA,NA,NA,0.000705826993961258,1416.77777777778,NA
"30005","30","005",5,6899,NA,NA,NA,0.000724742716335701,1379.8,NA
"30007","30","007",3,8032,NA,NA,NA,0.000373505976095618,2677.33333333333,NA
"30009","30","009",7,11419,NA,NA,NA,0.000613013398721429,1631.28571428571,NA
"30011","30","011",0,1418,NA,NA,NA,0,NA,NA
"30013","30","013",87,84900,NA,NA,NA,0.00102473498233216,975.862068965517,NA
"30015","30","015",1,5847,NA,NA,NA,0.00017102787754404,5847,NA
"30017","30","017",7,11985,NA,NA,NA,0.000584063412599082,1712.14285714286,NA
"30019","30","019",3,1633,NA,NA,NA,0.00183710961420698,544.333333333333,NA
"30021","30","021",6,8810,NA,NA,NA,0.000681044267877412,1468.33333333333,NA
"30023","30","023",8,9673,NA,NA,NA,0.000827044350253282,1209.125,NA
"30025","30","025",1,2994,NA,NA,NA,0.000334001336005344,2994,NA
"30027","30","027",12,11772,NA,NA,NA,0.00101936799184506,981,NA
"30029","30","029",80,113679,NA,NA,NA,0.000703735958268458,1420.9875,NA
"30031","30","031",90,126409,NA,NA,NA,0.000711974622060138,1404.54444444444,NA
"30033","30","033",0,1211,NA,NA,NA,0,NA,NA
"30035","30","035",6,13609,NA,NA,NA,0.000440884708648688,2268.16666666667,NA
"30037","30","037",0,835,NA,NA,NA,0,NA,NA
"30039","30","039",0,3595,NA,NA,NA,0,NA,NA
"30041","30","041",15,16276,NA,NA,NA,0.00092160235930204,1085.06666666667,NA
"30043","30","043",6,13048,NA,NA,NA,0.000459840588595953,2174.66666666667,NA
"30045","30","045",0,2093,NA,NA,NA,0,NA,NA
"30047","30","047",25,33338,NA,NA,NA,0.000749895014697942,1333.52,NA
"30049","30","049",68,75011,NA,NA,NA,0.000906533708389436,1103.10294117647,NA
"30051","30","051",2,1974,NA,NA,NA,0.00101317122593718,987,NA
"30053","30","053",15,21895,NA,NA,NA,0.000685087919616351,1459.66666666667,NA
"30055","30","055",0,1676,NA,NA,NA,0,NA,NA
"30057","30","057",4,9521,NA,NA,NA,0.000420123936561286,2380.25,NA
"30059","30","059",0,2071,NA,NA,NA,0,NA,NA
"30061","30","061",1,5090,NA,NA,NA,0.000196463654223969,5090,NA
"30063","30","063",110,121849,NA,NA,NA,0.00090275669065811,1107.71818181818,NA
"30065","30","065",0,5308,NA,NA,NA,NA,NA,NA
"30067","30","067",11,17903,NA,NA,NA,0.000614422163883148,1627.54545454545,NA
"30069","30","069",0,554,NA,NA,NA,0,NA,NA
"30071","30","071",0,4249,NA,NA,NA,NA,NA,NA
"30073","30","073",0,6125,NA,NA,NA,NA,NA,NA
"30075","30","075",0,1743,NA,NA,NA,0,NA,NA
"30077","30","077",2,7133,NA,NA,NA,0.000280386933968877,3566.5,NA
"30079","30","079",0,1112,NA,NA,NA,0,NA,NA
"30081","30","081",23,47738,NA,NA,NA,0.000481796472411915,2075.5652173913,NA
"30083","30","083",3,11173,NA,NA,NA,0.0002685044303231,3724.33333333333,NA
"30085","30","085",6,10319,NA,NA,NA,0.000581451691055335,1719.83333333333,NA
"30087","30","087",5,8160,NA,NA,NA,0.000612745098039216,1632,NA
"30089","30","089",5,13684,NA,NA,NA,0.000365390236772873,2736.8,NA
"30091","30","091",1,3498,NA,NA,NA,0.00028587764436821,3498,NA
"30093","30","093",34,36360,NA,NA,NA,0.000935093509350935,1069.41176470588,NA
"30095","30","095",3,9173,NA,NA,NA,0.000327046767687779,3057.66666666667,NA
"30097","30","097",1,3763,NA,NA,NA,0.000265745415891576,3763,NA
"30099","30","099",3,6430,NA,NA,NA,0.00046656298600311,2143.33333333333,NA
"30101","30","101",5,5133,NA,NA,NA,0.000974089226573154,1026.6,NA
"30103","30","103",0,772,NA,NA,NA,0,NA,NA
"30105","30","105",2,7474,NA,NA,NA,0.000267594327000268,3737,NA
"30107","30","107",0,2057,NA,NA,NA,0,NA,NA
"30109","30","109",0,910,NA,NA,NA,0,NA,NA
"30111","30","111",173,170843,NA,NA,NA,0.00101262562703769,987.531791907515,NA
"31001","31","001",21,30899,NA,NA,NA,0.000679633645101783,1471.38095238095,NA
"31003","31","003",2,6302,NA,NA,NA,0.000317359568390987,3151,NA
"31005","31","005",0,412,NA,NA,NA,0,NA,NA
"31007","31","007",0,674,NA,NA,NA,0,NA,NA
"31009","31","009",0,436,NA,NA,NA,0,NA,NA
"31011","31","011",3,5310,NA,NA,NA,0.000564971751412429,1770,NA
"31013","31","013",6,10692,NA,NA,NA,0.000561167227833895,1782,NA
"31015","31","015",0,1725,NA,NA,NA,0,NA,NA
"31017","31","017",3,2853,NA,NA,NA,0.0010515247108307,951,NA
"31019","31","019",44,50697,NA,NA,NA,0.000867901453734935,1152.20454545455,NA
"31021","31","021",2,6727,NA,NA,NA,0.000297309350379069,3363.5,NA
"31023","31","023",2,8459,NA,NA,NA,0.000236434566733656,4229.5,NA
"31025","31","025",9,27446,NA,NA,NA,0.000327916636304015,3049.55555555556,NA
"31027","31","027",3,8262,NA,NA,NA,0.000363108206245461,2754,NA
"31029","31","029",2,3724,NA,NA,NA,0.000537056928034372,1862,NA
"31031","31","031",10,5492,NA,NA,NA,0.00182083029861617,549.2,NA
"31033","31","033",3,9541,NA,NA,NA,0.000314432449428781,3180.33333333333,NA
"31035","31","035",0,6116,NA,NA,NA,NA,NA,NA
"31037","31","037",2,10566,NA,NA,NA,0.000189286390308537,5283,NA
"31039","31","039",5,8918,NA,NA,NA,0.000560663825969948,1783.6,NA
"31041","31","041",5,10581,NA,NA,NA,0.00047254512805973,2116.2,NA
"31043","31","043",7,21268,NA,NA,NA,0.000329132969719767,3038.28571428571,NA
"31045","31","045",9,8133,NA,NA,NA,0.00110660272962007,903.666666666667,NA
"31047","31","047",15,24085,NA,NA,NA,0.000622794270292713,1605.66666666667,NA
"31049","31","049",2,1871,NA,NA,NA,0.00106894708711919,935.5,NA
"31051","31","051",2,5491,NA,NA,NA,0.000364232380258605,2745.5,NA
"31053","31","053",33,37187,NA,NA,NA,0.000887406889504397,1126.87878787879,NA
"31055","31","055",622,589540,NA,NA,NA,0.00105505987719239,947.813504823151,NA
"31057","31","057",2,1561,NA,NA,NA,0.00128122998078155,780.5,NA
"31059","31","059",3,5548,NA,NA,NA,0.000540735400144196,1849.33333333333,NA
"31061","31","061",1,2825,NA,NA,NA,0.000353982300884956,2825,NA
"31063","31","063",0,2585,NA,NA,NA,0,NA,NA
"31065","31","065",2,4556,NA,NA,NA,0.000438981562774363,2278,NA
"31067","31","067",12,21634,NA,NA,NA,0.000554682444300638,1802.83333333333,NA
"31069","31","069",1,1794,NA,NA,NA,0.000557413600891862,1794,NA
"31071","31","071",2,1763,NA,NA,NA,0.00113442994895065,881.5,NA
"31073","31","073",0,1847,NA,NA,NA,0,NA,NA
"31075","31","075",0,565,NA,NA,NA,0,NA,NA
"31077","31","077",0,2219,NA,NA,NA,0,NA,NA
"31079","31","079",58,62197,NA,NA,NA,0.000932520861134781,1072.36206896552,NA
"31081","31","081",5,9537,NA,NA,NA,0.000524273880675265,1907.4,NA
"31083","31","083",1,3045,NA,NA,NA,0.000328407224958949,3045,NA
"31085","31","085",0,846,NA,NA,NA,0,NA,NA
"31087","31","087",0,2552,NA,NA,NA,0,NA,NA
"31089","31","089",12,10093,NA,NA,NA,0.00118894283166551,841.083333333333,NA
"31091","31","091",1,679,NA,NA,NA,0.00147275405007364,679,NA
"31093","31","093",1,6527,NA,NA,NA,0.000153209744139727,6527,NA
"31095","31","095",3,7054,NA,NA,NA,0.000425290615253757,2351.33333333333,NA
"31097","31","097",1,5198,NA,NA,NA,0.000192381685263563,5198,NA
"31099","31","099",4,6770,NA,NA,NA,0.000590841949778434,1692.5,NA
"31101","31","101",5,8113,NA,NA,NA,0.000616294835449279,1622.6,NA
"31103","31","103",0,805,NA,NA,NA,0,NA,NA
"31105","31","105",1,3289,NA,NA,NA,0.000304043782304652,3289,NA
"31107","31","107",6,8298,NA,NA,NA,0.000723065798987708,1383,NA
"31109","31","109",356,326716,NA,NA,NA,0.00108963136179434,917.741573033708,NA
"31111","31","111",28,33365,NA,NA,NA,0.000839202757380489,1191.60714285714,NA
"31113","31","113",0,655,NA,NA,NA,0,NA,NA
"31115","31","115",0,592,NA,NA,NA,0,NA,NA
"31117","31","117",0,383,NA,NA,NA,0,NA,NA
"31119","31","119",47,35627,NA,NA,NA,0.00131922418390546,758.021276595745,NA
"31121","31","121",5,7755,NA,NA,NA,0.000644745325596389,1551,NA
"31123","31","123",2,4504,NA,NA,NA,0.00044404973357016,2252,NA
"31125","31","125",2,3274,NA,NA,NA,0.000610873549175321,1637,NA
"31127","31","127",3,7076,NA,NA,NA,0.000423968343697004,2358.66666666667,NA
"31129","31","129",3,4095,NA,NA,NA,0.000732600732600733,1365,NA
"31131","31","131",9,16335,NA,NA,NA,0.000550964187327824,1815,NA
"31133","31","133",2,2512,NA,NA,NA,0.000796178343949045,1256,NA
"31135","31","135",1,2795,NA,NA,NA,0.00035778175313059,2795,NA
"31137","31","137",8,9057,NA,NA,NA,0.000883294689190681,1132.125,NA
"31139","31","139",3,7299,NA,NA,NA,0.00041101520756268,2433,NA
"31141","31","141",18,34609,NA,NA,NA,0.000520095928804646,1922.72222222222,NA
"31143","31","143",2,5228,NA,NA,NA,0.000382555470543229,2614,NA
"31145","31","145",12,10457,NA,NA,NA,0.00114755666061012,871.416666666667,NA
"31147","31","147",4,7689,NA,NA,NA,0.000520223696189361,1922.25,NA
"31149","31","149",0,1271,NA,NA,NA,0,NA,NA
"31151","31","151",9,14555,NA,NA,NA,0.00061834421161113,1617.22222222222,NA
"31153","31","153",145,199886,NA,NA,NA,0.000725413485686841,1378.52413793103,NA
"31155","31","155",8,23463,NA,NA,NA,0.000340962366278822,2932.875,NA
"31157","31","157",23,35699,NA,NA,NA,0.000644275750021009,1552.13043478261,NA
"31159","31","159",9,17671,NA,NA,NA,0.000509309037405919,1963.44444444444,NA
"31161","31","161",2,4928,NA,NA,NA,0.000405844155844156,2464,NA
"31163","31","163",0,2983,NA,NA,NA,0,NA,NA
"31165","31","165",0,1154,NA,NA,NA,0,NA,NA
"31167","31","167",0,5856,NA,NA,NA,NA,NA,NA
"31169","31","169",1,4829,NA,NA,NA,0.00020708221163802,4829,NA
"31171","31","171",0,677,NA,NA,NA,0,NA,NA
"31173","31","173",6,6557,NA,NA,NA,0.000915052615525393,1092.83333333333,NA
"31175","31","175",4,4012,NA,NA,NA,0.000997008973080758,1003,NA
"31177","31","177",8,21152,NA,NA,NA,0.00037821482602118,2644,NA
"31179","31","179",5,9874,NA,NA,NA,0.000506380392951185,1974.8,NA
"31181","31","181",0,3351,NA,NA,NA,0,NA,NA
"31183","31","183",0,775,NA,NA,NA,0,NA,NA
"31185","31","185",10,14356,NA,NA,NA,0.000696572861521315,1435.6,NA
"32001","32","001",18,25803,NA,NA,NA,0.00069759330310429,1433.5,NA
"32003","32","003",1614,2336573,NA,NA,NA,0.00069075522142899,1447.69083023544,NA
"32005","32","005",37,49545,NA,NA,NA,0.00074679584216369,1339.05405405405,NA
"32007","32","007",25,54293,NA,NA,NA,0.00046046451660435,2171.72,NA
"32009","32","009",0,736,NA,NA,NA,0,NA,NA
"32011","32","011",2,1917,NA,NA,NA,0.00104329681794471,958.5,NA
"32013","32","013",8,17136,NA,NA,NA,0.000466853408029879,2142,NA
"32015","32","015",1,5769,NA,NA,NA,0.000173340266944011,5769,NA
"32017","32","017",2,4452,NA,NA,NA,0.000449236298292902,2226,NA
"32019","32","019",12,62583,NA,NA,NA,0.000191745362159053,5215.25,NA
"32021","32","021",3,4528,NA,NA,NA,0.000662544169611307,1509.33333333333,NA
"32023","32","023",10,55720,NA,NA,NA,0.000179468772433597,5572,NA
"32027","32","027",2,6364,NA,NA,NA,0.000314267756128221,3182,NA
"32029","32","029",0,4177,NA,NA,NA,NA,NA,NA
"32031","32","031",359,498022,NA,NA,NA,0.000720851689282803,1387.24791086351,NA
"32033","32","033",3,8522,NA,NA,NA,0.000352030039896738,2840.66666666667,NA
"32510","32","510",53,58036,NA,NA,NA,0.000913226273347577,1095.01886792453,NA
"33001","33","001",46,65027,NA,NA,NA,0.000707398465252895,1413.63043478261,NA
"33003","33","003",35,52448,NA,NA,NA,0.000667327638804149,1498.51428571429,NA
"33005","33","005",63,77703,NA,NA,NA,0.000810779506582757,1233.38095238095,NA
"33007","33","007",23,31372,NA,NA,NA,0.000733137829912023,1364,NA
"33009","33","009",85,93146,NA,NA,NA,0.000912545895690636,1095.83529411765,NA
"33011","33","011",364,427354,NA,NA,NA,0.000851752879345929,1174.04945054945,NA
"33013","33","013",125,157103,NA,NA,NA,0.000795656352838584,1256.824,NA
"33015","33","015",256,320689,NA,NA,NA,0.00079828120078955,1252.69140625,NA
"33017","33","017",101,133243,NA,NA,NA,0.000758013554182959,1319.23762376238,NA
"33019","33","019",17,43969,NA,NA,NA,0.000386636039027497,2586.41176470588,NA
"34001","34","001",164,275213,NA,NA,NA,0.000595902083113806,1678.12804878049,NA
"34003","34","003",1284,957736,NA,NA,NA,0.00134066172724007,745.90031152648,NA
"34005","34","005",359,469167,NA,NA,NA,0.000765185957239107,1306.87186629526,NA
"34007","34","007",436,527196,NA,NA,NA,0.000827016896941555,1209.16513761468,NA
"34009","34","009",57,94610,NA,NA,NA,0.000602473311489272,1659.82456140351,NA
"34011","34","011",97,152326,NA,NA,NA,0.000636792143166629,1570.37113402062,NA
"34013","34","013",796,851117,NA,NA,NA,0.000935241570782865,1069.24246231156,NA
"34015","34","015",142,308423,NA,NA,NA,0.000460406649309552,2171.99295774648,NA
"34017","34","017",493,705472,NA,NA,NA,0.000698822915721673,1430.97768762677,NA
"34019","34","019",114,130183,NA,NA,NA,0.000875690374319228,1141.95614035088,NA
"34021","34","021",322,381671,NA,NA,NA,0.000843658543614789,1185.31366459627,NA
"34023","34","023",785,863623,NA,NA,NA,0.000908961433403233,1100.15668789809,NA
"34025","34","025",689,642799,NA,NA,NA,0.0010718747228916,932.944847605225,NA
"34027","34","027",586,514423,NA,NA,NA,0.00113914035725463,877.854948805461,NA
"34029","34","029",396,659197,NA,NA,NA,0.000600730889248586,1664.63888888889,NA
"34031","34","031",379,513395,NA,NA,NA,0.000738223005677889,1354.60422163588,NA
"34033","34","033",20,65338,NA,NA,NA,0.000306100584652117,3266.9,NA
"34035","34","035",342,348842,NA,NA,NA,0.000980386536024905,1020.00584795322,NA
"34037","34","037",102,146132,NA,NA,NA,0.000697999069334574,1432.66666666667,NA
"34039","34","039",510,572726,NA,NA,NA,0.000890478169316567,1122.99215686275,NA
"34041","34","041",80,111252,NA,NA,NA,0.00071908819616726,1390.65,NA
"35001","35","001",587,671586,NA,NA,NA,0.000874050382229528,1144.09880749574,NA
"35003","35","003",1,3825,NA,NA,NA,0.000261437908496732,3825,NA
"35005","35","005",33,63561,NA,NA,NA,0.000519186293481852,1926.09090909091,NA
"35006","35","006",17,26780,NA,NA,NA,0.000634802091112771,1575.29411764706,NA
"35007","35","007",5,12255,NA,NA,NA,0.000407996736026112,2451,NA
"35009","35","009",42,47222,NA,NA,NA,0.000889415950192707,1124.33333333333,NA
"35011","35","011",2,1657,NA,NA,NA,0.0012070006035003,828.5,NA
"35013","35","013",136,225210,NA,NA,NA,0.00060388082234359,1655.95588235294,NA
"35015","35","015",19,60275,NA,NA,NA,0.000315221899626711,3172.36842105263,NA
"35017","35","017",16,27472,NA,NA,NA,0.0005824111822947,1717,NA
"35019","35","019",2,4292,NA,NA,NA,0.000465983224603914,2146,NA
"35021","35","021",0,624,NA,NA,NA,0,NA,NA
"35023","35","023",5,3965,NA,NA,NA,0.00126103404791929,793,NA
"35025","35","025",27,72101,NA,NA,NA,0.000374474695219206,2670.40740740741,NA
"35027","35","027",9,20029,NA,NA,NA,0.000449348444755105,2225.44444444444,NA
"35028","35","028",19,19444,NA,NA,NA,0.000977165192347254,1023.36842105263,NA
"35029","35","029",10,25316,NA,NA,NA,0.000395007110127982,2531.6,NA
"35031","35","031",51,68797,NA,NA,NA,0.000741311394392197,1348.96078431373,NA
"35033","35","033",3,4123,NA,NA,NA,0.000727625515401407,1374.33333333333,NA
"35035","35","035",33,68835,NA,NA,NA,0.000479407278274134,2085.90909090909,NA
"35037","35","037",3,8510,NA,NA,NA,0.000352526439482961,2836.66666666667,NA
"35039","35","039",29,39876,NA,NA,NA,0.000727254488915638,1375.03448275862,NA
"35041","35","041",6,18787,NA,NA,NA,0.000319369776973439,3131.16666666667,NA
"35043","35","043",74,155936,NA,NA,NA,0.000474553663041248,2107.24324324324,NA
"35045","35","045",133,120675,NA,NA,NA,0.00110213383053657,907.330827067669,NA
"35047","35","047",13,26668,NA,NA,NA,0.000487475626218689,2051.38461538462,NA
"35049","35","049",139,155956,NA,NA,NA,0.000891277026853728,1121.98561151079,NA
"35051","35","051",7,11488,NA,NA,NA,0.00060933147632312,1641.14285714286,NA
"35053","35","053",8,15963,NA,NA,NA,0.000501158930025684,1995.375,NA
"35055","35","055",18,34405,NA,NA,NA,0.000523179770382212,1911.38888888889,NA
"35057","35","057",3,15633,NA,NA,NA,0.000191901746305891,5211,NA
"35059","35","059",0,3964,NA,NA,NA,0,NA,NA
"35061","35","061",22,79141,NA,NA,NA,0.000277984862460671,3597.31818181818,NA
"36001","36","001",281,316659,NA,NA,NA,0.000887389905229284,1126.90035587189,NA
"36003","36","003",16,46651,NA,NA,NA,0.000342972283552335,2915.6875,NA
"36005","36","005",759,1356476,NA,NA,NA,0.000559538097246099,1787.1884057971,NA
"36007","36","007",141,196077,NA,NA,NA,0.000719105249468321,1390.6170212766,NA
"36009","36","009",36,75600,NA,NA,NA,0.000476190476190476,2100,NA
"36011","36","011",32,74485,NA,NA,NA,0.000429616701349265,2327.65625,NA
"36013","36","013",71,124891,NA,NA,NA,0.000568495728275056,1759.02816901408,NA
"36015","36","015",52,81325,NA,NA,NA,0.000639409775591761,1563.94230769231,NA
"36017","36","017",15,45920,NA,NA,NA,0.000326655052264808,3061.33333333333,NA
"36019","36","019",53,78115,NA,NA,NA,0.000678486846316328,1473.8679245283,NA
"36021","36","021",23,60470,NA,NA,NA,0.000380353894493137,2629.13043478261,NA
"36023","36","023",17,45752,NA,NA,NA,0.00037156845602378,2691.29411764706,NA
"36025","36","025",9,44410,NA,NA,NA,0.000202657059220896,4934.44444444444,NA
"36027","36","027",212,297150,NA,NA,NA,0.000713444388356049,1401.65094339623,NA
"36029","36","029",796,946147,NA,NA,NA,0.000841306900513345,1188.62688442211,NA
"36031","36","031",10,36775,NA,NA,NA,0.000271923861318831,3677.5,NA
"36033","36","033",25,46502,NA,NA,NA,0.000537611285536106,1860.08,NA
"36035","36","035",13,52234,NA,NA,NA,0.000248880039820806,4018,NA
"36037","36","037",22,57529,NA,NA,NA,0.000382415825062143,2614.95454545455,NA
"36039","36","039",17,47062,NA,NA,NA,0.000361225617270834,2768.35294117647,NA
"36041","36","041",0,5082,NA,NA,NA,NA,NA,NA
"36043","36","043",24,59484,NA,NA,NA,0.000403469840629413,2478.5,NA
"36045","36","045",115,114787,NA,NA,NA,0.00100185561082701,998.147826086957,NA
"36047","36","047",1701,2561225,NA,NA,NA,0.000664135325869457,1505.71722516167,NA
"36049","36","049",5,26548,NA,NA,NA,0.000188338104565316,5309.6,NA
"36051","36","051",32,61158,NA,NA,NA,0.000523234899767815,1911.1875,NA
"36053","36","053",22,66921,NA,NA,NA,0.000328745834640845,3041.86363636364,NA
"36055","36","055",632,748482,NA,NA,NA,0.000844375683049158,1184.30696202532,NA
"36057","36","057",29,49368,NA,NA,NA,0.000587425052665694,1702.34482758621,NA
"36059","36","059",1686,1381715,NA,NA,NA,0.00122022269426039,819.522538552788,NA
"36061","36","061",3028,1597451,NA,NA,NA,0.00189551979998135,527.559775429326,NA
"36063","36","063",103,209457,NA,NA,NA,0.000491747709553751,2033.56310679612,NA
"36065","36","065",129,227555,NA,NA,NA,0.000566895915273231,1763.99224806202,NA
"36067","36","067",363,467873,NA,NA,NA,0.000775851566557591,1288.90633608815,NA
"36069","36","069",71,112494,NA,NA,NA,0.000631144772165627,1584.42253521127,NA
"36071","36","071",275,407470,NA,NA,NA,0.000674896311384887,1481.70909090909,NA
"36073","36","073",10,39124,NA,NA,NA,0.000255597587158777,3912.4,NA
"36075","36","075",54,118162,NA,NA,NA,0.00045699971225944,2188.18518518519,NA
"36077","36","077",27,60126,NA,NA,NA,0.000449056980341283,2226.88888888889,NA
"36079","36","079",62,98060,NA,NA,NA,0.000632265959616561,1581.61290322581,NA
"36081","36","081",1700,2252196,NA,NA,NA,0.000754818852355656,1324.82117647059,NA
"36083","36","083",65,159305,NA,NA,NA,0.000408022347070086,2450.84615384615,NA
"36085","36","085",316,490687,NA,NA,NA,0.000643995051835488,1552.80696202532,NA
"36087","36","087",322,340807,NA,NA,NA,0.000944816274313614,1058.40683229814,NA
"36089","36","089",42,106940,NA,NA,NA,0.000392743594538994,2546.19047619048,NA
"36091","36","091",165,238711,NA,NA,NA,0.000691212386525967,1446.73333333333,NA
"36093","36","093",130,159902,NA,NA,NA,0.000812997961251266,1230.01538461538,NA
"36095","36","095",10,30105,NA,NA,NA,0.00033217073575818,3010.5,NA
"36097","36","097",5,17507,NA,NA,NA,0.000285600045696007,3501.4,NA
"36099","36","099",10,32349,NA,NA,NA,0.000309128566570837,3234.9,NA
"36101","36","101",33,92162,NA,NA,NA,0.000358065146155682,2792.78787878788,NA
"36103","36","103",1234,1523170,NA,NA,NA,0.000810152510881911,1234.33549432739,NA
"36105","36","105",33,79920,NA,NA,NA,0.000412912912912913,2421.81818181818,NA
"36107","36","107",8,47715,NA,NA,NA,0.000167662160746097,5964.375,NA
"36109","36","109",60,103558,NA,NA,NA,0.000579385465149964,1725.96666666667,NA
"36111","36","111",122,182333,NA,NA,NA,0.000669105427980673,1494.53278688525,NA
"36113","36","113",59,65380,NA,NA,NA,0.000902416641174671,1108.13559322034,NA
"36115","36","115",13,60047,NA,NA,NA,0.000216497077289457,4619,NA
"36117","36","117",45,90829,NA,NA,NA,0.000495436479538473,2018.42222222222,NA
"36119","36","119",1108,990817,NA,NA,NA,0.00111826906482226,894.23916967509,NA
"36121","36","121",19,39532,NA,NA,NA,0.000480623292522513,2080.63157894737,NA
"36123","36","123",12,24472,NA,NA,NA,0.0004903563255966,2039.33333333333,NA
"37001","37","001",102,179165,NA,NA,NA,0.000569307621466246,1756.51960784314,NA
"37003","37","003",8,36473,NA,NA,NA,0.000219340333945658,4559.125,NA
"37005","37","005",1,11342,NA,NA,NA,8.81678716275789e-05,11342,NA
"37007","37","007",5,21897,NA,NA,NA,0.000228341781979267,4379.4,NA
"37009","37","009",11,27063,NA,NA,NA,0.000406459003066918,2460.27272727273,NA
"37011","37","011",8,17561,NA,NA,NA,0.000455554922840385,2195.125,NA
"37013","37","013",16,44481,NA,NA,NA,0.000359704143342101,2780.0625,NA
"37015","37","015",2,16922,NA,NA,NA,0.000118189339321593,8461,NA
"37017","37","017",13,29484,NA,NA,NA,0.000440917107583774,2268,NA
"37019","37","019",65,159964,NA,NA,NA,0.000406341426821035,2460.98461538462,NA
"37021","37","021",216,275901,NA,NA,NA,0.000782889514717236,1277.31944444444,NA
"37023","37","023",42,88338,NA,NA,NA,0.00047544658018067,2103.28571428571,NA
"37025","37","025",135,240016,NA,NA,NA,0.000562462502499833,1777.8962962963,NA
"37027","37","027",29,80574,NA,NA,NA,0.000359917591282548,2778.41379310345,NA
"37029","37","029",0,11137,NA,NA,NA,NA,NA,NA
"37031","37","031",61,69615,NA,NA,NA,0.000876247935071465,1141.22950819672,NA
"37033","37","033",5,22807,NA,NA,NA,0.000219230937869952,4561.4,NA
"37035","37","035",106,164645,NA,NA,NA,0.000643809408120502,1553.25471698113,NA
"37037","37","037",41,81624,NA,NA,NA,0.000502303244143879,1990.82926829268,NA
"37039","37","039",12,29959,NA,NA,NA,0.000400547414800227,2496.58333333333,NA
"37041","37","041",6,13891,NA,NA,NA,0.000431934345979411,2315.16666666667,NA
"37043","37","043",8,11864,NA,NA,NA,0.000674308833445718,1483,NA
"37045","37","045",43,101378,NA,NA,NA,0.000424155142141293,2357.62790697674,NA
"37047","37","047",13,50121,NA,NA,NA,0.000259372318988049,3855.46153846154,NA
"37049","37","049",66,102391,NA,NA,NA,0.000644587903233683,1551.37878787879,NA
"37051","37","051",375,337890,NA,NA,NA,0.0011098286424576,901.04,NA
"37053","37","053",6,31593,NA,NA,NA,0.000189915487608014,5265.5,NA
"37055","37","055",27,38110,NA,NA,NA,0.000708475465757019,1411.48148148148,NA
"37057","37","057",39,174804,NA,NA,NA,0.000223107022722592,4482.15384615385,NA
"37059","37","059",18,44599,NA,NA,NA,0.000403596493194915,2477.72222222222,NA
"37061","37","061",14,49520,NA,NA,NA,0.000282714054927302,3537.14285714286,NA
"37063","37","063",260,336892,NA,NA,NA,0.000771760682948838,1295.73846153846,NA
"37065","37","065",14,48832,NA,NA,NA,0.000286697247706422,3488,NA
"37067","37","067",255,392921,NA,NA,NA,0.000648985419460909,1540.86666666667,NA
"37069","37","069",9,77001,NA,NA,NA,0.000116881598940273,8555.66666666667,NA
"37071","37","071",137,237242,NA,NA,NA,0.000577469419411403,1731.69343065693,NA
"37073","37","073",1,10343,NA,NA,NA,9.66837474620516e-05,10343,NA
"37075","37","075",2,8052,NA,NA,NA,0.000248385494287134,4026,NA
"37077","37","077",17,62192,NA,NA,NA,0.000273347054283509,3658.35294117647,NA
"37079","37","079",9,20530,NA,NA,NA,0.000438382854359474,2281.11111111111,NA
"37081","37","081",346,549866,NA,NA,NA,0.000629244215863501,1589.20809248555,NA
"37083","37","083",16,47298,NA,NA,NA,0.000338280688401201,2956.125,NA
"37085","37","085",68,141477,NA,NA,NA,0.000480643496822805,2080.54411764706,NA
"37087","37","087",27,62969,NA,NA,NA,0.000428782416744747,2332.18518518519,NA
"37089","37","089",74,119230,NA,NA,NA,0.000620649165478487,1611.21621621622,NA
"37091","37","091",9,19453,NA,NA,NA,0.000462653575284018,2161.44444444444,NA
"37093","37","093",7,54446,NA,NA,NA,0.000128567755206994,7778,NA
"37095","37","095",0,4607,NA,NA,NA,NA,NA,NA
"37097","37","097",114,199710,NA,NA,NA,0.00057082770016524,1751.84210526316,NA
"37099","37","099",19,44574,NA,NA,NA,0.000426257459505541,2346,NA
"37101","37","101",59,241955,NA,NA,NA,0.000243846996342295,4100.93220338983,NA
"37103","37","103",0,9401,NA,NA,NA,NA,NA,NA
"37105","37","105",33,67059,NA,NA,NA,0.000492103968147452,2032.09090909091,NA
"37107","37","107",35,54895,NA,NA,NA,0.000637580836141725,1568.42857142857,NA
"37109","37","109",43,95675,NA,NA,NA,0.000449438202247191,2225,NA
"37111","37","111",18,44893,NA,NA,NA,0.00040095337803221,2494.05555555556,NA
"37113","37","113",24,38412,NA,NA,NA,0.000624804748516089,1600.5,NA
"37115","37","115",6,22071,NA,NA,NA,0.000271849938833764,3678.5,NA
"37117","37","117",5,21447,NA,NA,NA,0.000233132839091714,4289.4,NA
"37119","37","119",839,1163701,NA,NA,NA,0.000720975577059743,1387.00953516091,NA
"37121","37","121",10,14999,NA,NA,NA,0.000666711114074272,1499.9,NA
"37123","37","123",7,26085,NA,NA,NA,0.000268353459842822,3726.42857142857,NA
"37125","37","125",65,106898,NA,NA,NA,0.000608056277947202,1644.58461538462,NA
"37127","37","127",60,96551,NA,NA,NA,0.000621433232177813,1609.18333333333,NA
"37129","37","129",198,238852,NA,NA,NA,0.000828965216954432,1206.32323232323,NA
"37131","37","131",3,16715,NA,NA,NA,0.000179479509422674,5571.66666666667,NA
"37133","37","133",233,213676,NA,NA,NA,0.00109043598719557,917.064377682403,NA
"37135","37","135",360,150626,NA,NA,NA,0.00239002562638588,418.405555555556,NA
"37137","37","137",5,12423,NA,NA,NA,0.000402479272317476,2484.6,NA
"37139","37","139",22,41444,NA,NA,NA,0.000530836791815462,1883.81818181818,NA
"37141","37","141",25,68521,NA,NA,NA,0.000364851651318574,2740.84,NA
"37143","37","143",1,13377,NA,NA,NA,7.47551767959931e-05,13377,NA
"37145","37","145",18,39737,NA,NA,NA,0.000452978332536427,2207.61111111111,NA
"37147","37","147",210,175119,NA,NA,NA,0.00119918455450294,833.9,NA
"37149","37","149",8,20060,NA,NA,NA,0.000398803589232303,2507.5,NA
"37151","37","151",55,147458,NA,NA,NA,0.000372987562560187,2681.05454545455,NA
"37153","37","153",12,42324,NA,NA,NA,0.000283527076835838,3527,NA
"37155","37","155",36,117365,NA,NA,NA,0.000306735398116985,3260.13888888889,NA
"37157","37","157",35,92518,NA,NA,NA,0.000378304762316522,2643.37142857143,NA
"37159","37","159",72,151661,NA,NA,NA,0.000474743012376287,2106.40277777778,NA
"37161","37","161",18,65507,NA,NA,NA,0.000274779794525776,3639.27777777778,NA
"37163","37","163",20,59601,NA,NA,NA,0.000335564839516115,2980.05,NA
"37165","37","165",12,34376,NA,NA,NA,0.000349080754014429,2864.66666666667,NA
"37167","37","167",25,65699,NA,NA,NA,0.000380523295636159,2627.96,NA
"37169","37","169",7,45532,NA,NA,NA,0.000153738030396205,6504.57142857143,NA
"37171","37","171",31,71462,NA,NA,NA,0.00043379698301195,2305.22580645161,NA
"37173","37","173",13,13916,NA,NA,NA,0.000934176487496407,1070.46153846154,NA
"37175","37","175",16,33549,NA,NA,NA,0.000476914364064503,2096.8125,NA
"37177","37","177",0,3461,NA,NA,NA,0,NA,NA
"37179","37","179",86,256452,NA,NA,NA,0.000335345405767941,2982,NA
"37181","37","181",24,42301,NA,NA,NA,0.000567362473700385,1762.54166666667,NA
"37183","37","183",902,1190275,NA,NA,NA,0.000757808069563756,1319.59534368071,NA
"37185","37","185",4,18836,NA,NA,NA,0.000212359311955829,4709,NA
"37187","37","187",2,10713,NA,NA,NA,0.000186689069354989,5356.5,NA
"37189","37","189",44,54748,NA,NA,NA,0.000803682326295024,1244.27272727273,NA
"37191","37","191",73,118686,NA,NA,NA,0.000615068331563959,1625.83561643836,NA
"37193","37","193",28,66013,NA,NA,NA,0.000424158877796798,2357.60714285714,NA
"37195","37","195",37,78970,NA,NA,NA,0.000468532354058503,2134.32432432432,NA
"37197","37","197",8,37774,NA,NA,NA,0.0002117858844708,4721.75,NA
"37199","37","199",5,18938,NA,NA,NA,0.000264019431830183,3787.6,NA
"38001","38","001",2,2163,NA,NA,NA,0.00092464170134073,1081.5,NA
"38003","38","003",7,10726,NA,NA,NA,0.000652619802349431,1532.28571428571,NA
"38005","38","005",2,5745,NA,NA,NA,0.000348128807658834,2872.5,NA
"38007","38","007",0,1034,NA,NA,NA,0,NA,NA
"38009","38","009",2,6349,NA,NA,NA,0.00031501023783273,3174.5,NA
"38011","38","011",6,2867,NA,NA,NA,0.00209277990931287,477.833333333333,NA
"38013","38","013",0,2134,NA,NA,NA,0,NA,NA
"38015","38","015",90,100012,NA,NA,NA,0.000899892012958445,1111.24444444444,NA
"38017","38","017",154,196362,NA,NA,NA,0.000784265794807549,1275.07792207792,NA
"38019","38","019",0,3596,NA,NA,NA,0,NA,NA
"38021","38","021",3,4900,NA,NA,NA,0.000612244897959184,1633.33333333333,NA
"38023","38","023",0,2135,NA,NA,NA,0,NA,NA
"38025","38","025",0,4019,NA,NA,NA,NA,NA,NA
"38027","38","027",3,2263,NA,NA,NA,0.00132567388422448,754.333333333333,NA
"38029","38","029",1,3224,NA,NA,NA,0.000310173697270471,3224,NA
"38031","38","031",5,3309,NA,NA,NA,0.00151103052281656,661.8,NA
"38033","38","033",0,1743,NA,NA,NA,0,NA,NA
"38035","38","035",60,72708,NA,NA,NA,0.000825218682950982,1211.8,NA
"38037","38","037",1,2215,NA,NA,NA,0.000451467268623025,2215,NA
"38039","38","039",1,2248,NA,NA,NA,0.000444839857651246,2248,NA
"38041","38","041",1,2415,NA,NA,NA,0.00041407867494824,2415,NA
"38043","38","043",0,2342,NA,NA,NA,0,NA,NA
"38045","38","045",0,4096,NA,NA,NA,NA,NA,NA
"38047","38","047",0,1869,NA,NA,NA,0,NA,NA
"38049","38","049",0,5131,NA,NA,NA,NA,NA,NA
"38051","38","051",0,2488,NA,NA,NA,0,NA,NA
"38053","38","053",4,14252,NA,NA,NA,0.000280662363177098,3563,NA
"38055","38","055",3,9832,NA,NA,NA,0.000305126118795769,3277.33333333333,NA
"38057","38","057",7,8309,NA,NA,NA,0.0008424599831508,1187,NA
"38059","38","059",9,33895,NA,NA,NA,0.000265525888774155,3766.11111111111,NA
"38061","38","061",5,9383,NA,NA,NA,0.000532878610252584,1876.6,NA
"38063","38","063",0,2991,NA,NA,NA,0,NA,NA
"38065","38","065",0,1879,NA,NA,NA,0,NA,NA
"38067","38","067",4,6661,NA,NA,NA,0.000600510433868789,1665.25,NA
"38069","38","069",5,3902,NA,NA,NA,0.00128139415684264,780.4,NA
"38071","38","071",11,11463,NA,NA,NA,0.000959609177353223,1042.09090909091,NA
"38073","38","073",4,5603,NA,NA,NA,0.000713903266107442,1400.75,NA
"38075","38","075",1,2279,NA,NA,NA,0.000438788942518649,2279,NA
"38077","38","077",11,16558,NA,NA,NA,0.000664331440995289,1505.27272727273,NA
"38079","38","079",11,11728,NA,NA,NA,0.000937926330150068,1066.18181818182,NA
"38081","38","081",0,3776,NA,NA,NA,0,NA,NA
"38083","38","083",0,1266,NA,NA,NA,0,NA,NA
"38085","38","085",2,3643,NA,NA,NA,0.000548998078506725,1821.5,NA
"38087","38","087",0,674,NA,NA,NA,0,NA,NA
"38089","38","089",16,33001,NA,NA,NA,0.000484833792915366,2062.5625,NA
"38091","38","091",0,1782,NA,NA,NA,0,NA,NA
"38093","38","093",17,21392,NA,NA,NA,0.000794689603590127,1258.35294117647,NA
"38095","38","095",0,2030,NA,NA,NA,0,NA,NA
"38097","38","097",2,7908,NA,NA,NA,0.000252908447142135,3954,NA
"38099","38","099",7,10305,NA,NA,NA,0.000679281901989326,1472.14285714286,NA
"38101","38","101",63,68332,NA,NA,NA,0.000921969209155301,1084.63492063492,NA
"38103","38","103",4,3876,NA,NA,NA,0.00103199174406605,969,NA
"38105","38","105",24,39113,NA,NA,NA,0.000613606729220464,1629.70833333333,NA
"39001","39","001",11,27521,NA,NA,NA,0.000399694778532757,2501.90909090909,NA
"39003","39","003",62,100838,NA,NA,NA,0.000614847577302208,1626.41935483871,NA
"39005","39","005",22,52190,NA,NA,NA,0.000421536692853037,2372.27272727273,NA
"39007","39","007",35,96845,NA,NA,NA,0.000361402240693892,2767,NA
"39009","39","009",14,62706,NA,NA,NA,0.000223264121455682,4479,NA
"39011","39","011",15,46050,NA,NA,NA,0.000325732899022801,3070,NA
"39013","39","013",30,64918,NA,NA,NA,0.000462121445515882,2163.93333333333,NA
"39015","39","015",8,43777,NA,NA,NA,0.000182744363478539,5472.125,NA
"39017","39","017",208,393043,NA,NA,NA,0.000529204183766153,1889.62980769231,NA
"39019","39","019",10,26758,NA,NA,NA,0.00037372000896928,2675.8,NA
"39021","39","021",13,38845,NA,NA,NA,0.000334663405843738,2988.07692307692,NA
"39023","39","023",82,134610,NA,NA,NA,0.00060916722383181,1641.58536585366,NA
"39025","39","025",100,211972,NA,NA,NA,0.000471760421187704,2119.72,NA
"39027","39","027",11,41938,NA,NA,NA,0.000262291954790405,3812.54545454545,NA
"39029","39","029",27,100182,NA,NA,NA,0.000269509492723244,3710.44444444444,NA
"39031","39","031",12,36869,NA,NA,NA,0.000325476687732241,3072.41666666667,NA
"39033","39","033",24,41529,NA,NA,NA,0.000577909412699559,1730.375,NA
"39035","39","035",1364,1233088,NA,NA,NA,0.00110616598328749,904.023460410557,NA
"39037","39","037",22,51415,NA,NA,NA,0.000427890693377419,2337.04545454545,NA
"39039","39","039",15,38315,NA,NA,NA,0.000391491582930967,2554.33333333333,NA
"39041","39","041",143,231636,NA,NA,NA,0.000617347907924502,1619.83216783217,NA
"39043","39","043",45,74035,NA,NA,NA,0.000607820625379888,1645.22222222222,NA
"39045","39","045",86,165360,NA,NA,NA,0.00052007740686986,1922.79069767442,NA
"39047","39","047",15,28817,NA,NA,NA,0.000520526078356526,1921.13333333333,NA
"39049","39","049",1315,1326063,NA,NA,NA,0.000991657259119665,1008.41292775665,NA
"39051","39","051",19,42007,NA,NA,NA,0.000452305568119599,2210.89473684211,NA
"39053","39","053",12,28986,NA,NA,NA,0.000413992962119644,2415.5,NA
"39055","39","055",45,95407,NA,NA,NA,0.000471663504774283,2120.15555555556,NA
"39057","39","057",151,169691,NA,NA,NA,0.000889852732319333,1123.78145695364,NA
"39059","39","059",20,38089,NA,NA,NA,0.000525085982829688,1904.45,NA
"39061","39","061",638,827058,NA,NA,NA,0.000771409018472707,1296.32915360502,NA
"39063","39","063",37,74704,NA,NA,NA,0.000495288070250589,2019.02702702703,NA
"39065","39","065",5,30368,NA,NA,NA,0.000164646996838778,6073.6,NA
"39067","39","067",2,14159,NA,NA,NA,0.000141252913341338,7079.5,NA
"39069","39","069",15,27520,NA,NA,NA,0.000545058139534884,1834.66666666667,NA
"39071","39","071",20,43614,NA,NA,NA,0.00045856834961251,2180.7,NA
"39073","39","073",4,27540,NA,NA,NA,0.000145243282498184,6885,NA
"39075","39","075",17,44386,NA,NA,NA,0.000383003649799486,2610.94117647059,NA
"39077","39","077",23,58199,NA,NA,NA,0.000395195793742161,2530.39130434783,NA
"39079","39","079",10,32606,NA,NA,NA,0.000306692019873643,3260.6,NA
"39081","39","081",31,64026,NA,NA,NA,0.000484178302564583,2065.35483870968,NA
"39083","39","083",33,63320,NA,NA,NA,0.000521162349968414,1918.78787878788,NA
"39085","39","085",162,231640,NA,NA,NA,0.000699361077534105,1429.87654320988,NA
"39087","39","087",17,56118,NA,NA,NA,0.000302933105242525,3301.05882352941,NA
"39089","39","089",72,183201,NA,NA,NA,0.000393010955180376,2544.45833333333,NA
"39091","39","091",19,46057,NA,NA,NA,0.000412532296936405,2424.05263157895,NA
"39093","39","093",159,317910,NA,NA,NA,0.00050014154949514,1999.43396226415,NA
"39095","39","095",326,425484,NA,NA,NA,0.000766186272574292,1305.16564417178,NA
"39097","39","097",13,44602,NA,NA,NA,0.000291466750369939,3430.92307692308,NA
"39099","39","099",171,225596,NA,NA,NA,0.000757992162981613,1319.27485380117,NA
"39101","39","101",38,64851,NA,NA,NA,0.000585958581980232,1706.60526315789,NA
"39103","39","103",107,184042,NA,NA,NA,0.000581389030764717,1720.01869158879,NA
"39105","39","105",5,21767,NA,NA,NA,0.000229705517526531,4353.4,NA
"39107","39","107",16,42439,NA,NA,NA,0.000377011710926271,2652.4375,NA
"39109","39","109",53,110876,NA,NA,NA,0.000478011472275335,2092,NA
"39111","39","111",2,13153,NA,NA,NA,0.000152056565042196,6576.5,NA
"39113","39","113",312,533796,NA,NA,NA,0.000584492952363824,1710.88461538462,NA
"39115","39","115",3,13646,NA,NA,NA,0.000219844643118863,4548.66666666667,NA
"39117","39","117",5,35595,NA,NA,NA,0.00014046916701784,7119,NA
"39119","39","119",52,86305,NA,NA,NA,0.000602514338682579,1659.71153846154,NA
"39121","39","121",3,14311,NA,NA,NA,0.000209628956746559,4770.33333333333,NA
"39123","39","123",17,39803,NA,NA,NA,0.00042710348466196,2341.35294117647,NA
"39125","39","125",4,18706,NA,NA,NA,0.00021383513311237,4676.5,NA
"39127","39","127",12,35551,NA,NA,NA,0.000337543247728615,2962.58333333333,NA
"39129","39","129",27,61086,NA,NA,NA,0.000441999803555643,2262.44444444444,NA
"39131","39","131",12,27001,NA,NA,NA,0.000444427984148735,2250.08333333333,NA
"39133","39","133",85,162665,NA,NA,NA,0.000522546337564934,1913.70588235294,NA
"39135","39","135",6,40556,NA,NA,NA,0.000147943584179899,6759.33333333333,NA
"39137","39","137",9,34199,NA,NA,NA,0.000263165589637124,3799.88888888889,NA
"39139","39","139",77,125064,NA,NA,NA,0.000615684769398068,1624.20779220779,NA
"39141","39","141",45,76501,NA,NA,NA,0.00058822760486791,1700.02222222222,NA
"39143","39","143",29,58709,NA,NA,NA,0.000493961743514623,2024.44827586207,NA
"39145","39","145",25,71969,NA,NA,NA,0.000347371785074129,2878.76,NA
"39147","39","147",22,54527,NA,NA,NA,0.000403469840629413,2478.5,NA
"39149","39","149",14,47765,NA,NA,NA,0.000293101643462787,3411.78571428571,NA
"39151","39","151",238,372716,NA,NA,NA,0.000638555897788128,1566.03361344538,NA
"39153","39","153",366,535733,NA,NA,NA,0.000683176134380372,1463.75136612022,NA
"39155","39","155",97,200373,NA,NA,NA,0.00048409715879884,2065.70103092783,NA
"39157","39","157",37,91874,NA,NA,NA,0.00040272547184187,2483.08108108108,NA
"39159","39","159",23,69637,NA,NA,NA,0.000330284188003504,3027.69565217391,NA
"39161","39","161",13,28704,NA,NA,NA,0.000452898550724638,2208,NA
"39163","39","163",3,12474,NA,NA,NA,0.000240500240500241,4158,NA
"39165","39","165",114,252148,NA,NA,NA,0.000452115424274632,2211.82456140351,NA
"39167","39","167",35,58577,NA,NA,NA,0.000597504139850112,1673.62857142857,NA
"39169","39","169",57,116510,NA,NA,NA,0.000489228392412668,2044.0350877193,NA
"39171","39","171",20,36591,NA,NA,NA,0.00054658249296275,1829.55,NA
"39173","39","173",42,132650,NA,NA,NA,0.000316622691292876,3158.33333333333,NA
"39175","39","175",6,21457,NA,NA,NA,0.000279629025492846,3576.16666666667,NA
"40001","40","001",5,19627,NA,NA,NA,0.000254751108167321,3925.4,NA
"40003","40","003",3,5673,NA,NA,NA,0.000528820729772607,1891,NA
"40005","40","005",4,14525,NA,NA,NA,0.000275387263339071,3631.25,NA
"40007","40","007",1,5018,NA,NA,NA,0.000199282582702272,5018,NA
"40009","40","009",11,22042,NA,NA,NA,0.00049904727338717,2003.81818181818,NA
"40011","40","011",4,8539,NA,NA,NA,0.000468438927274857,2134.75,NA
"40013","40","013",13,48967,NA,NA,NA,0.000265484918414442,3766.69230769231,NA
"40015","40","015",6,26214,NA,NA,NA,0.000228885328450446,4369,NA
"40017","40","017",73,175829,NA,NA,NA,0.00041517610860552,2408.61643835616,NA
"40019","40","019",35,48596,NA,NA,NA,0.000720223886739649,1388.45714285714,NA
"40021","40","021",28,48185,NA,NA,NA,0.000581093701359344,1720.89285714286,NA
"40023","40","023",4,14276,NA,NA,NA,0.000280190529560101,3569,NA
"40025","40","025",0,2191,NA,NA,NA,0,NA,NA
"40027","40","027",141,301193,NA,NA,NA,0.000468138369749629,2136.12056737589,NA
"40029","40","029",1,5266,NA,NA,NA,0.000189897455374098,5266,NA
"40031","40","031",152,121574,NA,NA,NA,0.00125026732689555,799.828947368421,NA
"40033","40","033",0,5427,NA,NA,NA,NA,NA,NA
"40035","40","035",10,14494,NA,NA,NA,0.000689940665102801,1449.4,NA
"40037","40","037",29,73332,NA,NA,NA,0.000395461735667921,2528.68965517241,NA
"40039","40","039",18,28266,NA,NA,NA,0.000636807471874337,1570.33333333333,NA
"40041","40","041",18,41703,NA,NA,NA,0.000431623624199698,2316.83333333333,NA
"40043","40","043",1,4286,NA,NA,NA,0.000233317778814746,4286,NA
"40045","40","045",3,3648,NA,NA,NA,0.000822368421052632,1216,NA
"40047","40","047",37,62023,NA,NA,NA,0.000596552891669219,1676.2972972973,NA
"40049","40","049",9,25865,NA,NA,NA,0.00034796056446936,2873.88888888889,NA
"40051","40","051",21,57375,NA,NA,NA,0.000366013071895425,2732.14285714286,NA
"40053","40","053",0,4083,NA,NA,NA,NA,NA,NA
"40055","40","055",7,5466,NA,NA,NA,0.00128064398097329,780.857142857143,NA
"40057","40","057",1,2392,NA,NA,NA,0.000418060200668896,2392,NA
"40059","40","059",1,3190,NA,NA,NA,0.000313479623824451,3190,NA
"40061","40","061",3,11832,NA,NA,NA,0.000253549695740365,3944,NA
"40063","40","063",4,13436,NA,NA,NA,0.000297707651086633,3359,NA
"40065","40","065",12,24669,NA,NA,NA,0.000486440471847258,2055.75,NA
"40067","40","067",0,5347,NA,NA,NA,NA,NA,NA
"40069","40","069",10,10216,NA,NA,NA,0.000978856695379796,1021.6,NA
"40071","40","071",32,43641,NA,NA,NA,0.000733255424944433,1363.78125,NA
"40073","40","073",11,15481,NA,NA,NA,0.00071054841418513,1407.36363636364,NA
"40075","40","075",3,8398,NA,NA,NA,0.000357227911407478,2799.33333333333,NA
"40077","40","077",2,9526,NA,NA,NA,0.000209951711106446,4763,NA
"40079","40","079",14,49596,NA,NA,NA,0.000282280829099121,3542.57142857143,NA
"40081","40","081",10,34562,NA,NA,NA,0.000289335107921995,3456.2,NA
"40083","40","083",7,53029,NA,NA,NA,0.000132003243508269,7575.57142857143,NA
"40085","40","085",1,10296,NA,NA,NA,9.71250971250971e-05,10296,NA
"40087","40","087",16,47072,NA,NA,NA,0.000339904826648538,2942,NA
"40089","40","089",13,30660,NA,NA,NA,0.000424005218525766,2358.46153846154,NA
"40091","40","091",10,19603,NA,NA,NA,0.000510126001122277,1960.3,NA
"40093","40","093",1,7581,NA,NA,NA,0.000131908719166337,7581,NA
"40095","40","095",2,15970,NA,NA,NA,0.000125234815278647,7985,NA
"40097","40","097",14,39889,NA,NA,NA,0.000350973952718795,2849.21428571429,NA
"40099","40","099",6,13754,NA,NA,NA,0.000436236731132761,2292.33333333333,NA
"40101","40","101",41,66677,NA,NA,NA,0.000614904689773085,1626.26829268293,NA
"40103","40","103",5,10832,NA,NA,NA,0.000461595273264402,2166.4,NA
"40105","40","105",1,9438,NA,NA,NA,0.000105954651409197,9438,NA
"40107","40","107",1,11300,NA,NA,NA,8.84955752212389e-05,11300,NA
"40109","40","109",902,808866,NA,NA,NA,0.00111514144493649,896.747228381375,NA
"40111","40","111",23,37035,NA,NA,NA,0.000621034156878628,1610.21739130435,NA
"40113","40","113",14,46130,NA,NA,NA,0.000303490136570561,3295,NA
"40115","40","115",5,30287,NA,NA,NA,0.000165087331198204,6057.4,NA
"40117","40","117",13,15864,NA,NA,NA,0.000819465456379223,1220.30769230769,NA
"40119","40","119",51,83352,NA,NA,NA,0.000611862942700835,1634.35294117647,NA
"40121","40","121",24,43479,NA,NA,NA,0.000551990616159525,1811.625,NA
"40123","40","123",31,38396,NA,NA,NA,0.000807375768309199,1238.58064516129,NA
"40125","40","125",45,73791,NA,NA,NA,0.000609830467130138,1639.8,NA
"40127","40","127",5,10800,NA,NA,NA,0.000462962962962963,2160,NA
"40129","40","129",0,3295,NA,NA,NA,0,NA,NA
"40131","40","131",51,100248,NA,NA,NA,0.000508738328944218,1965.64705882353,NA
"40133","40","133",10,23565,NA,NA,NA,0.000424358158285593,2356.5,NA
"40135","40","135",16,40291,NA,NA,NA,0.000397111017348788,2518.1875,NA
"40137","40","137",23,44014,NA,NA,NA,0.000522561003317126,1913.65217391304,NA
"40139","40","139",7,20371,NA,NA,NA,0.000343625742477051,2910.14285714286,NA
"40141","40","141",1,6869,NA,NA,NA,0.000145581598485951,6869,NA
"40143","40","143",490,682868,NA,NA,NA,0.000717561812824733,1393.60816326531,NA
"40145","40","145",16,89280,NA,NA,NA,0.00017921146953405,5580,NA
"40147","40","147",29,53706,NA,NA,NA,0.000539976911332067,1851.93103448276,NA
"40149","40","149",1,10736,NA,NA,NA,9.31445603576751e-05,10736,NA
"40151","40","151",4,8564,NA,NA,NA,0.000467071461933676,2141,NA
"40153","40","153",13,19947,NA,NA,NA,0.000651727076753396,1534.38461538462,NA
"41001","41","001",8,16912,NA,NA,NA,0.000473036896877956,2114,NA
"41003","41","003",70,97713,NA,NA,NA,0.000716383695107099,1395.9,NA
"41005","41","005",371,423173,NA,NA,NA,0.000876709998038627,1140.62803234501,NA
"41007","41","007",29,41102,NA,NA,NA,0.000705561773149725,1417.31034482759,NA
"41009","41","009",31,53880,NA,NA,NA,0.000575352635486266,1738.06451612903,NA
"41011","41","011",61,64212,NA,NA,NA,0.000949978197221703,1052.65573770492,NA
"41013","41","013",13,26952,NA,NA,NA,0.000482338972989017,2073.23076923077,NA
"41015","41","015",15,23296,NA,NA,NA,0.000643887362637363,1553.06666666667,NA
"41017","41","017",192,208513,NA,NA,NA,0.000920805896994432,1086.00520833333,NA
"41019","41","019",91,112435,NA,NA,NA,0.000809356517098768,1235.54945054945,NA
"41021","41","021",0,2026,NA,NA,NA,0,NA,NA
"41023","41","023",5,7215,NA,NA,NA,0.000693000693000693,1443,NA
"41025","41","025",5,7440,NA,NA,NA,0.000672043010752688,1488,NA
"41027","41","027",32,23745,NA,NA,NA,0.00134765213729206,742.03125,NA
"41029","41","029",189,220768,NA,NA,NA,0.000856102333671547,1168.08465608466,NA
"41031","41","031",13,25454,NA,NA,NA,0.000510725229826353,1958,NA
"41033","41","033",80,87821,NA,NA,NA,0.000910943851698341,1097.7625,NA
"41035","41","035",65,70003,NA,NA,NA,0.000928531634358528,1076.96923076923,NA
"41037","41","037",4,8293,NA,NA,NA,0.000482334498975039,2073.25,NA
"41039","41","039",288,381181,NA,NA,NA,0.000755546577610112,1323.54513888889,NA
"41041","41","041",33,50821,NA,NA,NA,0.00064933787213947,1540.0303030303,NA
"41043","41","043",80,131496,NA,NA,NA,0.000608383524974144,1643.7,NA
"41045","41","045",24,32044,NA,NA,NA,0.00074897016602172,1335.16666666667,NA
"41047","41","047",306,346741,NA,NA,NA,0.000882503078666786,1133.14052287582,NA
"41049","41","049",4,12302,NA,NA,NA,0.000325150382051699,3075.5,NA
"41051","41","051",830,789698,NA,NA,NA,0.00105103469934076,951.443373493976,NA
"41053","41","053",39,89805,NA,NA,NA,0.000434274260898614,2302.69230769231,NA
"41055","41","055",0,1951,NA,NA,NA,0,NA,NA
"41057","41","057",17,27417,NA,NA,NA,0.000620053251632199,1612.76470588235,NA
"41059","41","059",47,80053,NA,NA,NA,0.000587111038936704,1703.25531914894,NA
"41061","41","061",16,25944,NA,NA,NA,0.000616712920135677,1621.5,NA
"41063","41","063",6,7674,NA,NA,NA,0.000781860828772478,1279,NA
"41065","41","065",22,26333,NA,NA,NA,0.000835453613336878,1196.95454545455,NA
"41067","41","067",599,598865,NA,NA,NA,0.00100022542643167,999.774624373957,NA
"41069","41","069",3,1436,NA,NA,NA,0.0020891364902507,478.666666666667,NA
"41071","41","071",63,108644,NA,NA,NA,0.000579875556864622,1724.50793650794,NA
"42001","42","001",34,106748,NA,NA,NA,0.000318507138307041,3139.64705882353,NA
"42003","42","003",1219,1224825,NA,NA,NA,0.000995244218561835,1004.77850697293,NA
"42005","42","005",21,64074,NA,NA,NA,0.000327746043637045,3051.14285714286,NA
"42007","42","007",87,165631,NA,NA,NA,0.000525263990436573,1903.80459770115,NA
"42009","42","009",21,47350,NA,NA,NA,0.00044350580781415,2254.7619047619,NA
"42011","42","011",238,432821,NA,NA,NA,0.000549880897645909,1818.5756302521,NA
"42013","42","013",79,120273,NA,NA,NA,0.000656839024552476,1522.44303797468,NA
"42015","42","015",34,59695,NA,NA,NA,0.00056956193986096,1755.73529411765,NA
"42017","42","017",576,645984,NA,NA,NA,0.000891662951404369,1121.5,NA
"42019","42","019",146,198413,NA,NA,NA,0.0007358388815249,1358.99315068493,NA
"42021","42","021",78,130668,NA,NA,NA,0.000596932684360364,1675.23076923077,NA
"42023","42","023",4,4380,NA,NA,NA,0.00091324200913242,1095,NA
"42025","42","025",29,65458,NA,NA,NA,0.000443032173301965,2257.1724137931,NA
"42027","42","027",97,157795,NA,NA,NA,0.000614721632497861,1626.75257731959,NA
"42029","42","029",392,549784,NA,NA,NA,0.000713007290135762,1402.51020408163,NA
"42031","42","031",15,36970,NA,NA,NA,0.0004057343792264,2464.66666666667,NA
"42033","42","033",36,77090,NA,NA,NA,0.000466986638993384,2141.38888888889,NA
"42035","42","035",16,37607,NA,NA,NA,0.000425452708272396,2350.4375,NA
"42037","42","037",31,65439,NA,NA,NA,0.000473723620470973,2110.93548387097,NA
"42039","42","039",38,82001,NA,NA,NA,0.000463408982817283,2157.92105263158,NA
"42041","42","041",200,270738,NA,NA,NA,0.000738721568453634,1353.69,NA
"42043","42","043",215,289234,NA,NA,NA,0.000743342760532994,1345.27441860465,NA
"42045","42","045",487,576720,NA,NA,NA,0.000844430572894992,1184.22997946612,NA
"42047","42","047",9,30198,NA,NA,NA,0.00029803298231671,3355.33333333333,NA
"42049","42","049",188,267571,NA,NA,NA,0.000702617249253469,1423.25,NA
"42051","42","051",83,123915,NA,NA,NA,0.000669813985393213,1492.95180722892,NA
"42053","42","053",0,6449,NA,NA,NA,NA,NA,NA
"42055","42","055",78,157854,NA,NA,NA,0.000494127484891102,2023.76923076923,NA
"42057","42","057",4,14468,NA,NA,NA,0.000276472214542438,3617,NA
"42059","42","059",13,34357,NA,NA,NA,0.000378379951683791,2642.84615384615,NA
"42061","42","061",14,43514,NA,NA,NA,0.000321735533391552,3108.14285714286,NA
"42063","42","063",35,83094,NA,NA,NA,0.000421209714299468,2374.11428571429,NA
"42065","42","065",18,43612,NA,NA,NA,0.000412730441162983,2422.88888888889,NA
"42067","42","067",4,23243,NA,NA,NA,0.000172094824248161,5810.75,NA
"42069","42","069",176,216123,NA,NA,NA,0.000814351087112431,1227.97159090909,NA
"42071","42","071",332,558589,NA,NA,NA,0.000594354704442801,1682.49698795181,NA
"42073","42","073",50,84472,NA,NA,NA,0.000591912112889478,1689.44,NA
"42075","42","075",79,144252,NA,NA,NA,0.000547652718853118,1825.9746835443,NA
"42077","42","077",336,377754,NA,NA,NA,0.000889467748852428,1124.26785714286,NA
"42079","42","079",209,327388,NA,NA,NA,0.000638386257284934,1566.44976076555,NA
"42081","42","081",60,112724,NA,NA,NA,0.000532273517618253,1878.73333333333,NA
"42083","42","083",17,39519,NA,NA,NA,0.000430172828259824,2324.64705882353,NA
"42085","42","085",63,108503,NA,NA,NA,0.000580629107029299,1722.26984126984,NA
"42087","42","087",16,45922,NA,NA,NA,0.000348416880797875,2870.125,NA
"42089","42","089",65,166053,NA,NA,NA,0.000391441286818064,2554.66153846154,NA
"42091","42","091",932,868742,NA,NA,NA,0.00107281563456124,932.12660944206,NA
"42093","42","093",32,17860,NA,NA,NA,0.00179171332586786,558.125,NA
"42095","42","095",195,319091,NA,NA,NA,0.000611110937005431,1636.3641025641,NA
"42097","42","097",36,90120,NA,NA,NA,0.000399467376830892,2503.33333333333,NA
"42099","42","099",10,46083,NA,NA,NA,0.000216999761300263,4608.3,NA
"42101","42","101",1340,1550542,NA,NA,NA,0.000864213932934419,1157.12089552239,NA
"42103","42","103",9,61247,NA,NA,NA,0.000146945972863977,6805.22222222222,NA
"42105","42","105",7,15999,NA,NA,NA,0.000437527345459091,2285.57142857143,NA
"42107","42","107",72,143786,NA,NA,NA,0.000500744161462173,1997.02777777778,NA
"42109","42","109",22,39717,NA,NA,NA,0.000553918976760581,1805.31818181818,NA
"42111","42","111",31,72197,NA,NA,NA,0.000429380722190673,2328.93548387097,NA
"42113","42","113",3,5834,NA,NA,NA,0.000514226945491944,1944.66666666667,NA
"42115","42","115",9,38109,NA,NA,NA,0.00023616468550736,4234.33333333333,NA
"42117","42","117",22,40840,NA,NA,NA,0.000538687561214496,1856.36363636364,NA
"42119","42","119",27,42042,NA,NA,NA,0.000642214927929214,1557.11111111111,NA
"42121","42","121",19,49431,NA,NA,NA,0.000384374178147316,2601.63157894737,NA
"42123","42","123",17,37572,NA,NA,NA,0.00045246460129884,2210.11764705882,NA
"42125","42","125",140,210232,NA,NA,NA,0.000665930971498154,1501.65714285714,NA
"42127","42","127",31,51262,NA,NA,NA,0.000604736451952713,1653.61290322581,NA
"42129","42","129",245,351163,NA,NA,NA,0.000697681703368521,1433.31836734694,NA
"42131","42","131",11,25902,NA,NA,NA,0.00042467763107096,2354.72727272727,NA
"42133","42","133",250,464640,NA,NA,NA,0.000538050964187328,1858.56,NA
"44001","44","001",18,50255,NA,NA,NA,0.000358173316087951,2791.94444444444,NA
"44003","44","003",136,171278,NA,NA,NA,0.000794030757014911,1259.39705882353,NA
"44005","44","005",81,83832,NA,NA,NA,0.000966218150586888,1034.96296296296,NA
"44007","44","007",395,660615,NA,NA,NA,0.000597927688593205,1672.44303797468,NA
"44009","44","009",79,129982,NA,NA,NA,0.000607776461356188,1645.3417721519,NA
"45001","45","001",2,24434,NA,NA,NA,8.18531554391422e-05,12217,NA
"45003","45","003",79,177130,NA,NA,NA,0.000446000112911421,2242.15189873418,NA
"45005","45","005",2,7369,NA,NA,NA,0.000271407246573484,3684.5,NA
"45007","45","007",90,213076,NA,NA,NA,0.000422384501304699,2367.51111111111,NA
"45009","45","009",7,12974,NA,NA,NA,0.00053954061970094,1853.42857142857,NA
"45011","45","011",6,20447,NA,NA,NA,0.000293441580671981,3407.83333333333,NA
"45013","45","013",252,198979,NA,NA,NA,0.00126646530538399,789.599206349206,NA
"45015","45","015",82,255217,NA,NA,NA,0.000321295211525878,3112.40243902439,NA
"45017","45","017",5,14186,NA,NA,NA,0.000352460172000564,2837.2,NA
"45019","45","019",500,424367,NA,NA,NA,0.00117822545108361,848.734,NA
"45021","45","021",17,56714,NA,NA,NA,0.000299749620904891,3336.11764705882,NA
"45023","45","023",5,32226,NA,NA,NA,0.000155154223297958,6445.2,NA
"45025","45","025",13,44031,NA,NA,NA,0.000295246530853262,3387,NA
"45027","45","027",8,31004,NA,NA,NA,0.000258031221777835,3875.5,NA
"45029","45","029",13,38874,NA,NA,NA,0.000334413746977414,2990.30769230769,NA
"45031","45","031",19,62416,NA,NA,NA,0.000304409125865163,3285.05263157895,NA
"45033","45","033",8,27698,NA,NA,NA,0.000288829518376778,3462.25,NA
"45035","45","035",136,169833,NA,NA,NA,0.000800786655125918,1248.77205882353,NA
"45037","45","037",8,27607,NA,NA,NA,0.000289781577136234,3450.875,NA
"45039","45","039",5,20422,NA,NA,NA,0.000244834002546274,4084.4,NA
"45041","45","041",81,137214,NA,NA,NA,0.000590318772136954,1694,NA
"45043","45","043",40,65731,NA,NA,NA,0.000608540871126257,1643.275,NA
"45045","45","045",392,558036,NA,NA,NA,0.000702463640338616,1423.5612244898,NA
"45047","45","047",40,69460,NA,NA,NA,0.000575871004894904,1736.5,NA
"45049","45","049",6,18122,NA,NA,NA,0.000331089283743516,3020.33333333333,NA
"45051","45","051",167,397478,NA,NA,NA,0.000420149039695279,2380.10778443114,NA
"45053","45","053",14,33544,NA,NA,NA,0.000417362270450751,2396,NA
"45055","45","055",22,69905,NA,NA,NA,0.0003147128245476,3177.5,NA
"45057","45","057",45,108215,NA,NA,NA,0.000415838839347595,2404.77777777778,NA
"45059","45","059",20,68873,NA,NA,NA,0.000290389557591509,3443.65,NA
"45061","45","061",2,15967,NA,NA,NA,0.000125258345337258,7983.5,NA
"45063","45","063",160,309528,NA,NA,NA,0.000516916078674627,1934.55,NA
"45065","45","065",1,9941,NA,NA,NA,0.000100593501659793,9941,NA
"45067","45","067",9,28508,NA,NA,NA,0.000315700855900098,3167.55555555556,NA
"45069","45","069",9,25704,NA,NA,NA,0.000350140056022409,2856,NA
"45071","45","071",12,38825,NA,NA,NA,0.000309079201545396,3235.41666666667,NA
"45073","45","073",42,81221,NA,NA,NA,0.000517107644574679,1933.83333333333,NA
"45075","45","075",30,82820,NA,NA,NA,0.000362231345085728,2760.66666666667,NA
"45077","45","077",69,135495,NA,NA,NA,0.000509243883538138,1963.69565217391,NA
"45079","45","079",396,425138,NA,NA,NA,0.000931462254609092,1073.58080808081,NA
"45081","45","081",5,19123,NA,NA,NA,0.000261465251268106,3824.6,NA
"45083","45","083",175,356698,NA,NA,NA,0.000490611105192628,2038.27428571429,NA
"45085","45","085",57,104165,NA,NA,NA,0.000547208755340085,1827.45614035088,NA
"45087","45","087",6,26629,NA,NA,NA,0.000225318262045139,4438.16666666667,NA
"45089","45","089",6,29891,NA,NA,NA,0.000200729316516677,4981.83333333333,NA
"45091","45","091",173,298320,NA,NA,NA,0.000579914186108876,1724.39306358382,NA
"46003","46","003",0,2782,NA,NA,NA,0,NA,NA
"46005","46","005",10,19591,NA,NA,NA,0.000510438466642846,1959.1,NA
"46007","46","007",3,3305,NA,NA,NA,0.000907715582450832,1101.66666666667,NA
"46009","46","009",3,7065,NA,NA,NA,0.000424628450106157,2355,NA
"46011","46","011",16,35980,NA,NA,NA,0.000444691495275153,2248.75,NA
"46013","46","013",25,37733,NA,NA,NA,0.000662550022526701,1509.32,NA
"46015","46","015",2,5311,NA,NA,NA,0.000376576915835059,2655.5,NA
"46017","46","017",5,1884,NA,NA,NA,0.00265392781316348,376.8,NA
"46019","46","019",7,10863,NA,NA,NA,0.000644389211083494,1551.85714285714,NA
"46021","46","021",0,1340,NA,NA,NA,0,NA,NA
"46023","46","023",5,9240,NA,NA,NA,0.000541125541125541,1848,NA
"46025","46","025",2,3948,NA,NA,NA,0.000506585612968592,1974,NA
"46027","46","027",8,15431,NA,NA,NA,0.000518436912708185,1928.875,NA
"46029","46","029",23,28971,NA,NA,NA,0.000793897345621484,1259.60869565217,NA
"46031","46","031",2,3782,NA,NA,NA,0.000528820729772607,1891,NA
"46033","46","033",2,9117,NA,NA,NA,0.000219370406932105,4558.5,NA
"46035","46","035",19,19922,NA,NA,NA,0.000953719506073687,1048.52631578947,NA
"46037","46","037",1,5451,NA,NA,NA,0.000183452577508714,5451,NA
"46039","46","039",1,4354,NA,NA,NA,0.000229673863114378,4354,NA
"46041","46","041",3,5208,NA,NA,NA,0.000576036866359447,1736,NA
"46043","46","043",2,2838,NA,NA,NA,0.000704721634954193,1419,NA
"46045","46","045",0,4057,NA,NA,NA,NA,NA,NA
"46047","46","047",6,7393,NA,NA,NA,0.000811578520221832,1232.16666666667,NA
"46049","46","049",0,2151,NA,NA,NA,0,NA,NA
"46051","46","051",5,7553,NA,NA,NA,0.000661988613795843,1510.6,NA
"46053","46","053",2,4018,NA,NA,NA,0.000497760079641613,2009,NA
"46055","46","055",1,1851,NA,NA,NA,0.000540248514316586,1851,NA
"46057","46","057",0,6451,NA,NA,NA,NA,NA,NA
"46059","46","059",1,3107,NA,NA,NA,0.000321853878339234,3107,NA
"46061","46","061",0,3471,NA,NA,NA,0,NA,NA
"46063","46","063",0,1324,NA,NA,NA,0,NA,NA
"46065","46","065",12,17624,NA,NA,NA,0.000680889695869269,1468.66666666667,NA
"46067","46","067",2,7394,NA,NA,NA,0.000270489586150933,3697,NA
"46069","46","069",0,1186,NA,NA,NA,0,NA,NA
"46071","46","071",2,2776,NA,NA,NA,0.000720461095100865,1388,NA
"46073","46","073",4,1660,NA,NA,NA,0.00240963855421687,415,NA
"46075","46","075",2,855,NA,NA,NA,0.00233918128654971,427.5,NA
"46077","46","077",4,5276,NA,NA,NA,0.000758150113722517,1319,NA
"46079","46","079",5,11031,NA,NA,NA,0.0004532680627323,2206.2,NA
"46081","46","081",18,28053,NA,NA,NA,0.000641642605068977,1558.5,NA
"46083","46","083",68,73238,NA,NA,NA,0.000928479750948961,1077.02941176471,NA
"46085","46","085",0,3705,NA,NA,NA,0,NA,NA
"46087","46","087",1,5809,NA,NA,NA,0.000172146668961956,5809,NA
"46089","46","089",1,2334,NA,NA,NA,0.000428449014567267,2334,NA
"46091","46","091",1,4390,NA,NA,NA,0.000227790432801822,4390,NA
"46093","46","093",22,30954,NA,NA,NA,0.000710732054015636,1407,NA
"46095","46","095",0,1851,NA,NA,NA,0,NA,NA
"46097","46","097",6,2280,NA,NA,NA,0.00263157894736842,380,NA
"46099","46","099",116,206930,NA,NA,NA,0.000560576040206833,1783.87931034483,NA
"46101","46","101",3,6450,NA,NA,NA,0.000465116279069767,2150,NA
"46102","46","102",3,13434,NA,NA,NA,0.000223313979455114,4478,NA
"46103","46","103",108,115903,NA,NA,NA,0.000931813671777262,1073.17592592593,NA
"46105","46","105",0,2834,NA,NA,NA,0,NA,NA
"46107","46","107",1,2413,NA,NA,NA,0.000414421881475342,2413,NA
"46109","46","109",13,10206,NA,NA,NA,0.00127376053301979,785.076923076923,NA
"46111","46","111",0,2399,NA,NA,NA,0,NA,NA
"46115","46","115",5,6166,NA,NA,NA,0.000810898475510866,1233.2,NA
"46117","46","117",1,3043,NA,NA,NA,0.000328623069339468,3043,NA
"46119","46","119",0,1494,NA,NA,NA,0,NA,NA
"46121","46","121",3,9199,NA,NA,NA,0.000326122404609197,3066.33333333333,NA
"46123","46","123",6,5621,NA,NA,NA,0.00106742572495997,936.833333333333,NA
"46125","46","125",2,9027,NA,NA,NA,0.000221557549573502,4513.5,NA
"46127","46","127",17,17183,NA,NA,NA,0.000989349938893092,1010.76470588235,NA
"46129","46","129",2,5269,NA,NA,NA,0.000379578667678876,2634.5,NA
"46135","46","135",13,23517,NA,NA,NA,0.000552791597567717,1809,NA
"46137","46","137",0,2322,NA,NA,NA,0,NA,NA
"47001","47","001",60,80234,NA,NA,NA,0.000747812648004587,1337.23333333333,NA
"47003","47","003",13,53055,NA,NA,NA,0.000245028743756479,4081.15384615385,NA
"47005","47","005",4,16103,NA,NA,NA,0.000248400919083401,4025.75,NA
"47007","47","007",2,15060,NA,NA,NA,0.000132802124833997,7530,NA
"47009","47","009",78,141456,NA,NA,NA,0.000551408211740753,1813.53846153846,NA
"47011","47","011",56,111579,NA,NA,NA,0.000501886555713889,1992.48214285714,NA
"47013","47","013",13,40223,NA,NA,NA,0.000323198170201129,3094.07692307692,NA
"47015","47","015",5,15063,NA,NA,NA,0.000331939188740623,3012.6,NA
"47017","47","017",9,28860,NA,NA,NA,0.000311850311850312,3206.66666666667,NA
"47019","47","019",21,57022,NA,NA,NA,0.000368278909894427,2715.33333333333,NA
"47021","47","021",6,42254,NA,NA,NA,0.000141998390684906,7042.33333333333,NA
"47023","47","023",4,17606,NA,NA,NA,0.000227195274338294,4401.5,NA
"47025","47","025",9,32654,NA,NA,NA,0.000275617076009065,3628.22222222222,NA
"47027","47","027",1,7714,NA,NA,NA,0.000129634430904848,7714,NA
"47029","47","029",7,37404,NA,NA,NA,0.000187145759811785,5343.42857142857,NA
"47031","47","031",45,60633,NA,NA,NA,0.000742170105388155,1347.4,NA
"47033","47","033",8,13982,NA,NA,NA,0.000572164211128594,1747.75,NA
"47035","47","035",26,64760,NA,NA,NA,0.000401482396541075,2490.76923076923,NA
"47037","47","037",605,712334,NA,NA,NA,0.000849320683836515,1177.41157024793,NA
"47039","47","039",6,11656,NA,NA,NA,0.000514756348661634,1942.66666666667,NA
"47041","47","041",5,21225,NA,NA,NA,0.000235571260306243,4245,NA
"47043","47","043",38,56729,NA,NA,NA,0.000669851398755487,1492.86842105263,NA
"47045","47","045",22,36498,NA,NA,NA,0.000602772754671489,1659,NA
"47047","47","047",13,44175,NA,NA,NA,0.000294284097340125,3398.07692307692,NA
"47049","47","049",1,19696,NA,NA,NA,5.07717303005686e-05,19696,NA
"47051","47","051",13,44654,NA,NA,NA,0.00029112733461728,3434.92307692308,NA
"47053","47","053",19,51045,NA,NA,NA,0.000372220589675776,2686.57894736842,NA
"47055","47","055",18,30721,NA,NA,NA,0.000585918427134533,1706.72222222222,NA
"47057","47","057",3,24681,NA,NA,NA,0.000121550990640574,8227,NA
"47059","47","059",32,72577,NA,NA,NA,0.000440911032420739,2268.03125,NA
"47061","47","061",0,13955,NA,NA,NA,NA,NA,NA
"47063","47","063",43,66216,NA,NA,NA,0.000649389875558777,1539.90697674419,NA
"47065","47","065",302,379864,NA,NA,NA,0.000795021376071436,1257.82781456954,NA
"47067","47","067",1,6956,NA,NA,NA,0.000143760782058654,6956,NA
"47069","47","069",7,25567,NA,NA,NA,0.000273790432980013,3652.42857142857,NA
"47071","47","071",7,27229,NA,NA,NA,0.000257078849755775,3889.85714285714,NA
"47073","47","073",10,58600,NA,NA,NA,0.000170648464163823,5860,NA
"47075","47","075",4,17328,NA,NA,NA,0.00023084025854109,4332,NA
"47077","47","077",8,28070,NA,NA,NA,0.000285001781261133,3508.75,NA
"47079","47","079",18,32554,NA,NA,NA,0.000552927443632119,1808.55555555556,NA
"47081","47","081",7,25826,NA,NA,NA,0.000271044683652134,3689.42857142857,NA
"47083","47","083",1,8393,NA,NA,NA,0.000119146908137734,8393,NA
"47085","47","085",6,19209,NA,NA,NA,0.000312353584257379,3201.5,NA
"47087","47","087",4,12363,NA,NA,NA,0.000323546064870986,3090.75,NA
"47089","47","089",13,57838,NA,NA,NA,0.000224765724955911,4449.07692307692,NA
"47091","47","091",5,18375,NA,NA,NA,0.000272108843537415,3675,NA
"47093","47","093",314,500669,NA,NA,NA,0.000627160858770964,1594.4872611465,NA
"47095","47","095",1,6347,NA,NA,NA,0.000157554750275721,6347,NA
"47097","47","097",5,24610,NA,NA,NA,0.000203169443315725,4922,NA
"47099","47","099",9,46114,NA,NA,NA,0.000195168495467754,5123.77777777778,NA
"47101","47","101",4,13066,NA,NA,NA,0.000306138068268789,3266.5,NA
"47103","47","103",10,36169,NA,NA,NA,0.000276479858442312,3616.9,NA
"47105","47","105",27,60591,NA,NA,NA,0.000445610734267465,2244.11111111111,NA
"47107","47","107",19,55678,NA,NA,NA,0.000341247889651209,2930.42105263158,NA
"47109","47","109",13,26163,NA,NA,NA,0.000496884913809578,2012.53846153846,NA
"47111","47","111",4,26793,NA,NA,NA,0.00014929272571194,6698.25,NA
"47113","47","113",73,99193,NA,NA,NA,0.000735939027955602,1358.80821917808,NA
"47115","47","115",7,29382,NA,NA,NA,0.000238241099993193,4197.42857142857,NA
"47117","47","117",9,36961,NA,NA,NA,0.000243499905305592,4106.77777777778,NA
"47119","47","119",73,110760,NA,NA,NA,0.000659082701336222,1517.2602739726,NA
"47121","47","121",1,13691,NA,NA,NA,7.30406836607991e-05,13691,NA
"47123","47","123",16,48594,NA,NA,NA,0.000329258756225048,3037.125,NA
"47125","47","125",108,239872,NA,NA,NA,0.000450240128068303,2221.03703703704,NA
"47127","47","127",0,6748,NA,NA,NA,NA,NA,NA
"47129","47","129",3,21573,NA,NA,NA,0.000139062717285496,7191,NA
"47131","47","131",16,30411,NA,NA,NA,0.000526125415145835,1900.6875,NA
"47133","47","133",8,23327,NA,NA,NA,0.000342950229347966,2915.875,NA
"47135","47","135",1,8891,NA,NA,NA,0.000112473287594196,8891,NA
"47137","47","137",0,5128,NA,NA,NA,NA,NA,NA
"47139","47","139",6,18033,NA,NA,NA,0.000332723340542339,3005.5,NA
"47141","47","141",56,83844,NA,NA,NA,0.0006679070655026,1497.21428571429,NA
"47143","47","143",9,33924,NA,NA,NA,0.000265298903431199,3769.33333333333,NA
"47145","47","145",27,56096,NA,NA,NA,0.000481317741015402,2077.62962962963,NA
"47147","47","147",27,76776,NA,NA,NA,0.000351672397624258,2843.55555555556,NA
"47149","47","149",206,367101,NA,NA,NA,0.00056115347002596,1782.04368932039,NA
"47151","47","151",10,22171,NA,NA,NA,0.000451039646384917,2217.1,NA
"47153","47","153",3,17161,NA,NA,NA,0.000174814987471593,5720.33333333333,NA
"47155","47","155",39,99415,NA,NA,NA,0.000392294925313082,2549.10256410256,NA
"47157","47","157",717,910042,NA,NA,NA,0.000787875724417115,1269.23570432357,NA
"47159","47","159",5,20538,NA,NA,NA,0.000243451163696562,4107.6,NA
"47161","47","161",4,14222,NA,NA,NA,0.000281254394599916,3555.5,NA
"47163","47","163",123,162135,NA,NA,NA,0.000758627070034231,1318.17073170732,NA
"47165","47","165",94,207994,NA,NA,NA,0.000451936113541737,2212.70212765957,NA
"47167","47","167",20,62015,NA,NA,NA,0.00032250262033379,3100.75,NA
"47169","47","169",2,12271,NA,NA,NA,0.000162985901719501,6135.5,NA
"47171","47","171",5,17756,NA,NA,NA,0.000281594953818428,3551.2,NA
"47173","47","173",6,20741,NA,NA,NA,0.000289282098259486,3456.83333333333,NA
"47175","47","175",1,6493,NA,NA,NA,0.000154012012937009,6493,NA
"47177","47","177",14,42638,NA,NA,NA,0.000328345607204841,3045.57142857143,NA
"47179","47","179",84,138420,NA,NA,NA,0.000606848721283052,1647.85714285714,NA
"47181","47","181",0,16066,NA,NA,NA,NA,NA,NA
"47183","47","183",14,33084,NA,NA,NA,0.000423165276266473,2363.14285714286,NA
"47185","47","185",10,28692,NA,NA,NA,0.000348529206747525,2869.2,NA
"47187","47","187",227,264460,NA,NA,NA,0.000858352869999244,1165.02202643172,NA
"47189","47","189",69,163674,NA,NA,NA,0.000421569705634371,2372.08695652174,NA
"48001","48","001",25,57736,NA,NA,NA,0.000433005403907441,2309.44,NA
"48003","48","003",4,18664,NA,NA,NA,0.000214316330904415,4666,NA
"48005","48","005",49,87319,NA,NA,NA,0.000561160801200197,1782.02040816327,NA
"48007","48","007",7,25374,NA,NA,NA,0.000275872940805549,3624.85714285714,NA
"48009","48","009",0,9029,NA,NA,NA,NA,NA,NA
"48011","48","011",0,1832,NA,NA,NA,0,NA,NA
"48013","48","013",23,51784,NA,NA,NA,0.00044415263401823,2251.47826086957,NA
"48015","48","015",15,31677,NA,NA,NA,0.000473529690311583,2111.8,NA
"48017","48","017",3,6672,NA,NA,NA,0.000449640287769784,2224,NA
"48019","48","019",5,22637,NA,NA,NA,0.000220877324733843,4527.4,NA
"48021","48","021",41,110778,NA,NA,NA,0.000370109588546462,2701.90243902439,NA
"48023","48","023",1,3463,NA,NA,NA,0.000288766965059197,3463,NA
"48025","48","025",9,30850,NA,NA,NA,0.000291734197730956,3427.77777777778,NA
"48027","48","027",348,393193,NA,NA,NA,0.000885061534666182,1129.86494252874,NA
"48029","48","029",1989,2087679,NA,NA,NA,0.000952732675856777,1049.61236802413,NA
"48031","48","031",5,13048,NA,NA,NA,0.000383200490496628,2609.6,NA
"48033","48","033",0,572,NA,NA,NA,0,NA,NA
"48035","48","035",7,18996,NA,NA,NA,0.000368498631290798,2713.71428571429,NA
"48037","48","037",58,91687,NA,NA,NA,0.000632586953439419,1580.81034482759,NA
"48039","48","039",239,398938,NA,NA,NA,0.000599090585504514,1669.19665271967,NA
"48041","48","041",142,244703,NA,NA,NA,0.000580295296747486,1723.26056338028,NA
"48043","48","043",3,9513,NA,NA,NA,0.000315357931251971,3171,NA
"48045","48","045",0,1445,NA,NA,NA,0,NA,NA
"48047","48","047",1,6848,NA,NA,NA,0.000146028037383178,6848,NA
"48049","48","049",15,38709,NA,NA,NA,0.000387506781368674,2580.6,NA
"48051","48","051",2,19475,NA,NA,NA,0.000102695763799743,9737.5,NA
"48053","48","053",25,53991,NA,NA,NA,0.000463040136319016,2159.64,NA
"48055","48","055",16,49859,NA,NA,NA,0.00032090495196454,3116.1875,NA
"48057","48","057",10,19696,NA,NA,NA,0.000507717303005686,1969.6,NA
"48059","48","059",4,14374,NA,NA,NA,0.000278280228189787,3593.5,NA
"48061","48","061",137,426710,NA,NA,NA,0.000321061142227742,3114.67153284672,NA
"48063","48","063",5,13000,NA,NA,NA,0.000384615384615385,2600,NA
"48065","48","065",1,5878,NA,NA,NA,0.000170125893160939,5878,NA
"48067","48","067",9,28659,NA,NA,NA,0.0003140374751387,3184.33333333333,NA
"48069","48","069",1,7227,NA,NA,NA,0.0001383700013837,7227,NA
"48071","48","071",9,53876,NA,NA,NA,0.000167050263568194,5986.22222222222,NA
"48073","48","073",21,52217,NA,NA,NA,0.000402167876362104,2486.52380952381,NA
"48075","48","075",3,6788,NA,NA,NA,0.000441956393635828,2262.66666666667,NA
"48077","48","077",0,10738,NA,NA,NA,NA,NA,NA
"48079","48","079",0,2509,NA,NA,NA,0,NA,NA
"48081","48","081",0,3352,NA,NA,NA,0,NA,NA
"48083","48","083",2,7842,NA,NA,NA,0.000255036980362153,3921,NA
"48085","48","085",844,1195359,NA,NA,NA,0.000706064035992534,1416.30213270142,NA
"48087","48","087",0,2563,NA,NA,NA,0,NA,NA
"48089","48","089",5,21117,NA,NA,NA,0.000236776057205095,4223.4,NA
"48091","48","091",121,193928,NA,NA,NA,0.000623942906645765,1602.71074380165,NA
"48093","48","093",5,14050,NA,NA,NA,0.000355871886120996,2810,NA
"48095","48","095",1,3297,NA,NA,NA,0.000303306035790112,3297,NA
"48097","48","097",18,43782,NA,NA,NA,0.000411127860764698,2432.33333333333,NA
"48099","48","099",28,84878,NA,NA,NA,0.000329885247060487,3031.35714285714,NA
"48101","48","101",0,1294,NA,NA,NA,0,NA,NA
"48103","48","103",1,4574,NA,NA,NA,0.000218627022299956,4574,NA
"48105","48","105",1,2858,NA,NA,NA,0.000349895031490553,2858,NA
"48107","48","107",0,4917,NA,NA,NA,NA,NA,NA
"48109","48","109",0,2196,NA,NA,NA,0,NA,NA
"48111","48","111",2,7237,NA,NA,NA,0.000276357606743126,3618.5,NA
"48113","48","113",2517,2606358,NA,NA,NA,0.000965715377549822,1035.50178784267,NA
"48115","48","115",7,12004,NA,NA,NA,0.000583138953682106,1714.85714285714,NA
"48117","48","117",7,18347,NA,NA,NA,0.000381533765738268,2621,NA
"48119","48","119",0,5520,NA,NA,NA,NA,NA,NA
"48121","48","121",625,1007703,NA,NA,NA,0.000620222426647534,1612.3248,NA
"48123","48","123",6,19929,NA,NA,NA,0.000301068794219479,3321.5,NA
"48125","48","125",0,1711,NA,NA,NA,0,NA,NA
"48127","48","127",3,8257,NA,NA,NA,0.000363328085260991,2752.33333333333,NA
"48129","48","129",1,3214,NA,NA,NA,0.000311138767890479,3214,NA
"48131","48","131",0,9604,NA,NA,NA,NA,NA,NA
"48133","48","133",6,18037,NA,NA,NA,0.000332649553695182,3006.16666666667,NA
"48135","48","135",88,164494,NA,NA,NA,0.000534973920021399,1869.25,NA
"48137","48","137",0,1393,NA,NA,NA,0,NA,NA
"48139","48","139",71,222829,NA,NA,NA,0.000318629980837324,3138.43661971831,NA
"48141","48","141",431,869880,NA,NA,NA,0.000495470639628455,2018.28306264501,NA
"48143","48","143",25,44195,NA,NA,NA,0.000565674850096165,1767.8,NA
"48145","48","145",4,17286,NA,NA,NA,0.000231401133865556,4321.5,NA
"48147","48","147",11,37571,NA,NA,NA,0.000292779005083708,3415.54545454545,NA
"48149","48","149",13,25474,NA,NA,NA,0.000510324252178692,1959.53846153846,NA
"48151","48","151",1,3612,NA,NA,NA,0.000276854928017719,3612,NA
"48153","48","153",1,5090,NA,NA,NA,0.000196463654223969,5090,NA
"48155","48","155",0,1079,NA,NA,NA,0,NA,NA
"48157","48","157",547,916778,NA,NA,NA,0.000596654806288982,1676.01096892139,NA
"48159","48","159",4,10735,NA,NA,NA,0.000372612948299953,2683.75,NA
"48161","48","161",6,20441,NA,NA,NA,0.000293527713908322,3406.83333333333,NA
"48163","48","163",5,17987,NA,NA,NA,0.000277978540056708,3597.4,NA
"48165","48","165",3,22523,NA,NA,NA,0.000133197176219864,7507.66666666667,NA
"48167","48","167",191,361744,NA,NA,NA,0.000527997700030961,1893.94764397906,NA
"48169","48","169",2,4517,NA,NA,NA,0.000442771751162276,2258.5,NA
"48171","48","171",21,27733,NA,NA,NA,0.00075722063967115,1320.61904761905,NA
"48173","48","173",0,1141,NA,NA,NA,0,NA,NA
"48175","48","175",5,7144,NA,NA,NA,0.000699888017917133,1428.8,NA
"48177","48","177",10,19930,NA,NA,NA,0.000501756146512795,1993,NA
"48179","48","179",11,20916,NA,NA,NA,0.000525913176515586,1901.45454545455,NA
"48181","48","181",86,146907,NA,NA,NA,0.000585404371473109,1708.22093023256,NA
"48183","48","183",124,126243,NA,NA,NA,0.000982232678247507,1018.08870967742,NA
"48185","48","185",6,32384,NA,NA,NA,0.000185276679841897,5397.33333333333,NA
"48187","48","187",65,188454,NA,NA,NA,0.0003449117556539,2899.29230769231,NA
"48189","48","189",6,31761,NA,NA,NA,0.000188910928497214,5293.5,NA
"48191","48","191",0,2818,NA,NA,NA,0,NA,NA
"48193","48","193",5,8619,NA,NA,NA,0.000580113702285648,1723.8,NA
"48195","48","195",1,5071,NA,NA,NA,0.000197199763360284,5071,NA
"48197","48","197",4,3490,NA,NA,NA,0.00114613180515759,872.5,NA
"48199","48","199",17,58261,NA,NA,NA,0.000291790391514049,3427.11764705882,NA
"48201","48","201",3643,4835125,NA,NA,NA,0.000753444843721724,1327.23716716991,NA
"48203","48","203",18,70895,NA,NA,NA,0.000253896607659214,3938.61111111111,NA
"48205","48","205",0,5145,NA,NA,NA,NA,NA,NA
"48207","48","207",2,5385,NA,NA,NA,0.000371402042711235,2692.5,NA
"48209","48","209",112,280486,NA,NA,NA,0.000399306917279294,2504.33928571429,NA
"48211","48","211",0,3189,NA,NA,NA,0,NA,NA
"48213","48","213",28,86158,NA,NA,NA,0.000324984331112607,3077.07142857143,NA
"48215","48","215",282,898471,NA,NA,NA,0.000313866557740873,3186.06737588653,NA
"48217","48","217",15,38101,NA,NA,NA,0.000393690454318784,2540.06666666667,NA
"48219","48","219",9,21460,NA,NA,NA,0.000419384902143523,2384.44444444444,NA
"48221","48","221",37,67774,NA,NA,NA,0.000545932068344793,1831.72972972973,NA
"48223","48","223",12,38172,NA,NA,NA,0.000314366551398931,3181,NA
"48225","48","225",4,22066,NA,NA,NA,0.000181274358741956,5516.5,NA
"48227","48","227",20,30554,NA,NA,NA,0.000654578778555999,1527.7,NA
"48229","48","229",0,3451,NA,NA,NA,0,NA,NA
"48231","48","231",35,113347,NA,NA,NA,0.000308786293417558,3238.48571428571,NA
"48233","48","233",10,20033,NA,NA,NA,0.000499176359007637,2003.3,NA
"48235","48","235",0,1549,NA,NA,NA,0,NA,NA
"48237","48","237",0,8875,NA,NA,NA,NA,NA,NA
"48239","48","239",7,15221,NA,NA,NA,0.000459890940148479,2174.42857142857,NA
"48241","48","241",12,32694,NA,NA,NA,0.000367039823820885,2724.5,NA
"48243","48","243",0,1856,NA,NA,NA,0,NA,NA
"48245","48","245",163,251496,NA,NA,NA,0.000648121640105608,1542.92024539877,NA
"48247","48","247",1,4720,NA,NA,NA,0.000211864406779661,4720,NA
"48249","48","249",14,38662,NA,NA,NA,0.000362112668770369,2761.57142857143,NA
"48251","48","251",84,202906,NA,NA,NA,0.00041398480084374,2415.54761904762,NA
"48253","48","253",2,20381,NA,NA,NA,9.81306118443648e-05,10190.5,NA
"48255","48","255",9,15018,NA,NA,NA,0.000599280862964443,1668.66666666667,NA
"48257","48","257",72,185690,NA,NA,NA,0.000387743012547795,2579.02777777778,NA
"48259","48","259",41,50537,NA,NA,NA,0.000811286779982983,1232.60975609756,NA
"48261","48","261",0,343,NA,NA,NA,0,NA,NA
"48263","48","263",0,734,NA,NA,NA,0,NA,NA
"48265","48","265",39,53915,NA,NA,NA,0.000723360845775758,1382.4358974359,NA
"48267","48","267",3,4442,NA,NA,NA,0.000675371454299865,1480.66666666667,NA
"48269","48","269",0,217,NA,NA,NA,0,NA,NA
"48271","48","271",0,3148,NA,NA,NA,0,NA,NA
"48273","48","273",16,30069,NA,NA,NA,0.000532109481525824,1879.3125,NA
"48275","48","275",0,3302,NA,NA,NA,0,NA,NA
"48277","48","277",25,51127,NA,NA,NA,0.000488978426271833,2045.08,NA
"48279","48","279",2,12711,NA,NA,NA,0.000157344032727559,6355.5,NA
"48281","48","281",4,23262,NA,NA,NA,0.000171954260166796,5815.5,NA
"48283","48","283",0,6537,NA,NA,NA,NA,NA,NA
"48285","48","285",5,20571,NA,NA,NA,0.000243060619318458,4114.2,NA
"48287","48","287",4,18240,NA,NA,NA,0.000219298245614035,4560,NA
"48289","48","289",4,16538,NA,NA,NA,0.00024186721489902,4134.5,NA
"48291","48","291",29,108272,NA,NA,NA,0.000267843948573962,3733.51724137931,NA
"48293","48","293",8,22250,NA,NA,NA,0.000359550561797753,2781.25,NA
"48295","48","295",0,2906,NA,NA,NA,0,NA,NA
"48297","48","297",3,11584,NA,NA,NA,0.000258977900552486,3861.33333333333,NA
"48299","48","299",12,22875,NA,NA,NA,0.000524590163934426,1906.25,NA
"48301","48","301",0,43,NA,NA,NA,0,NA,NA
"48303","48","303",193,320940,NA,NA,NA,0.0006013585093787,1662.90155440415,NA
"48305","48","305",1,5761,NA,NA,NA,0.000173580975525082,5761,NA
"48307","48","307",2,7452,NA,NA,NA,0.000268384326355341,3726,NA
"48309","48","309",156,268583,NA,NA,NA,0.000580826038878112,1721.6858974359,NA
"48311","48","311",0,568,NA,NA,NA,0,NA,NA
"48313","48","313",3,13742,NA,NA,NA,0.000218308834230825,4580.66666666667,NA
"48315","48","315",2,9571,NA,NA,NA,0.000208964580503605,4785.5,NA
"48317","48","317",1,5216,NA,NA,NA,0.000191717791411043,5216,NA
"48319","48","319",1,3931,NA,NA,NA,0.000254388196387688,3931,NA
"48321","48","321",13,36359,NA,NA,NA,0.00035754558706235,2796.84615384615,NA
"48323","48","323",16,57762,NA,NA,NA,0.000276998718880925,3610.125,NA
"48325","48","325",11,54797,NA,NA,NA,0.00020074091647353,4981.54545454545,NA
"48327","48","327",1,1958,NA,NA,NA,0.000510725229826353,1958,NA
"48329","48","329",107,177108,NA,NA,NA,0.000604151139417756,1655.21495327103,NA
"48331","48","331",5,25951,NA,NA,NA,0.000192670802666564,5190.2,NA
"48333","48","333",2,4548,NA,NA,NA,0.000439753737906772,2274,NA
"48335","48","335",1,9075,NA,NA,NA,0.000110192837465565,9075,NA
"48337","48","337",6,21598,NA,NA,NA,0.000277803500324104,3599.66666666667,NA
"48339","48","339",355,711354,NA,NA,NA,0.000499048293817143,2003.81408450704,NA
"48341","48","341",7,21190,NA,NA,NA,0.000330344502123643,3027.14285714286,NA
"48343","48","343",5,12066,NA,NA,NA,0.000414387535222941,2413.2,NA
"48345","48","345",0,1020,NA,NA,NA,0,NA,NA
"48347","48","347",41,65375,NA,NA,NA,0.000627151051625239,1594.51219512195,NA
"48349","48","349",20,55635,NA,NA,NA,0.000359485935112789,2781.75,NA
"48351","48","351",0,12039,NA,NA,NA,NA,NA,NA
"48353","48","353",8,14306,NA,NA,NA,0.000559205927582832,1788.25,NA
"48355","48","355",206,352289,NA,NA,NA,0.000584747182001141,1710.14077669903,NA
"48357","48","357",4,9704,NA,NA,NA,0.000412201154163232,2426,NA
"48359","48","359",0,1783,NA,NA,NA,0,NA,NA
"48361","48","361",28,85722,NA,NA,NA,0.000326637269312429,3061.5,NA
"48363","48","363",9,29747,NA,NA,NA,0.000302551517800114,3305.22222222222,NA
"48365","48","365",5,22838,NA,NA,NA,0.000218933356686225,4567.6,NA
"48367","48","367",62,173494,NA,NA,NA,0.00035736106147763,2798.29032258065,NA
"48369","48","369",1,9617,NA,NA,NA,0.000103982530934803,9617,NA
"48371","48","371",5,14623,NA,NA,NA,0.000341927101142037,2924.6,NA
"48373","48","373",22,54186,NA,NA,NA,0.000406008932196508,2463,NA
"48375","48","375",68,114647,NA,NA,NA,0.000593124983645451,1685.98529411765,NA
"48377","48","377",0,5795,NA,NA,NA,NA,NA,NA
"48379","48","379",3,12986,NA,NA,NA,0.000231018019405514,4328.66666666667,NA
"48381","48","381",93,148255,NA,NA,NA,0.000627297561633672,1594.13978494624,NA
"48383","48","383",0,3141,NA,NA,NA,0,NA,NA
"48385","48","385",2,2854,NA,NA,NA,0.000700770847932726,1427,NA
"48387","48","387",3,11678,NA,NA,NA,0.000256893303647885,3892.66666666667,NA
"48389","48","389",2,11770,NA,NA,NA,0.000169923534409516,5885,NA
"48391","48","391",2,6666,NA,NA,NA,0.0003000300030003,3333,NA
"48393","48","393",0,840,NA,NA,NA,0,NA,NA
"48395","48","395",1,17267,NA,NA,NA,5.79139398853304e-05,17267,NA
"48397","48","397",87,131307,NA,NA,NA,0.000662569398432681,1509.27586206897,NA
"48399","48","399",1,9868,NA,NA,NA,0.000101337657073368,9868,NA
"48401","48","401",19,53079,NA,NA,NA,0.000357957007479417,2793.63157894737,NA
"48403","48","403",3,10106,NA,NA,NA,0.000296853354442905,3368.66666666667,NA
"48405","48","405",4,7833,NA,NA,NA,0.000510660028086302,1958.25,NA
"48407","48","407",1,28936,NA,NA,NA,3.45590268178048e-05,28936,NA
"48409","48","409",29,70660,NA,NA,NA,0.000410416076988395,2436.55172413793,NA
"48411","48","411",1,5845,NA,NA,NA,0.000171086398631309,5845,NA
"48413","48","413",0,2391,NA,NA,NA,0,NA,NA
"48415","48","415",9,16212,NA,NA,NA,0.000555144337527757,1801.33333333333,NA
"48417","48","417",0,3229,NA,NA,NA,0,NA,NA
"48419","48","419",7,24179,NA,NA,NA,0.00028950742379751,3454.14285714286,NA
"48421","48","421",0,2678,NA,NA,NA,0,NA,NA
"48423","48","423",154,245209,NA,NA,NA,0.000628035675688902,1592.26623376623,NA
"48425","48","425",4,9888,NA,NA,NA,0.00040453074433657,2472,NA
"48427","48","427",10,65934,NA,NA,NA,0.000151666818333485,6593.4,NA
"48429","48","429",3,9343,NA,NA,NA,0.000321096007706304,3114.33333333333,NA
"48431","48","431",0,1397,NA,NA,NA,0,NA,NA
"48433","48","433",0,1218,NA,NA,NA,0,NA,NA
"48435","48","435",2,3221,NA,NA,NA,0.000620925178515989,1610.5,NA
"48437","48","437",2,6955,NA,NA,NA,0.000287562904385334,3477.5,NA
"48439","48","439",1416,2182947,NA,NA,NA,0.000648664397257469,1541.62923728814,NA
"48441","48","441",128,146836,NA,NA,NA,0.000871720831403743,1147.15625,NA
"48443","48","443",0,687,NA,NA,NA,0,NA,NA
"48445","48","445",6,11547,NA,NA,NA,0.000519615484541439,1924.5,NA
"48447","48","447",0,1526,NA,NA,NA,0,NA,NA
"48449","48","449",22,31357,NA,NA,NA,0.000701597729374621,1425.31818181818,NA
"48451","48","451",80,119057,NA,NA,NA,0.000671947050572415,1488.2125,NA
"48453","48","453",1026,1334961,NA,NA,NA,0.000768561778209251,1301.13157894737,NA
"48455","48","455",1,14228,NA,NA,NA,7.02839471464717e-05,14228,NA
"48457","48","457",2,20382,NA,NA,NA,9.81257972721028e-05,10191,NA
"48459","48","459",7,43281,NA,NA,NA,0.000161733786187935,6183,NA
"48461","48","461",0,3109,NA,NA,NA,0,NA,NA
"48463","48","463",8,24960,NA,NA,NA,0.000320512820512821,3120,NA
"48465","48","465",14,47720,NA,NA,NA,0.000293378038558256,3408.57142857143,NA
"48467","48","467",13,64000,NA,NA,NA,0.000203125,4923.07692307692,NA
"48469","48","469",54,91664,NA,NA,NA,0.000589108046779543,1697.48148148148,NA
"48471","48","471",30,81268,NA,NA,NA,0.000369148988531771,2708.93333333333,NA
"48473","48","473",11,63553,NA,NA,NA,0.000173083882743537,5777.54545454545,NA
"48475","48","475",0,10966,NA,NA,NA,NA,NA,NA
"48477","48","477",19,37007,NA,NA,NA,0.000513416380684735,1947.73684210526,NA
"48479","48","479",88,269148,NA,NA,NA,0.000326957658983162,3058.5,NA
"48481","48","481",24,41739,NA,NA,NA,0.000575001796880615,1739.125,NA
"48483","48","483",1,4804,NA,NA,NA,0.000208159866777685,4804,NA
"48485","48","485",107,130180,NA,NA,NA,0.000821938853894608,1216.63551401869,NA
"48487","48","487",5,12522,NA,NA,NA,0.000399297236863121,2504.4,NA
"48489","48","489",1,20037,NA,NA,NA,4.99076708090033e-05,20037,NA
"48491","48","491",425,697191,NA,NA,NA,0.000609589050920049,1640.44941176471,NA
"48493","48","493",15,54183,NA,NA,NA,0.00027683959913626,3612.2,NA
"48495","48","495",2,7414,NA,NA,NA,0.000269759913676828,3707,NA
"48497","48","497",17,78097,NA,NA,NA,0.000217678015800863,4593.94117647059,NA
"48499","48","499",18,47921,NA,NA,NA,0.000375618204962334,2662.27777777778,NA
"48501","48","501",1,7468,NA,NA,NA,0.000133904659882164,7468,NA
"48503","48","503",12,18124,NA,NA,NA,0.000662105495475612,1510.33333333333,NA
"48505","48","505",2,13736,NA,NA,NA,0.000145602795573675,6868,NA
"48507","48","507",4,9312,NA,NA,NA,0.000429553264604811,2328,NA
"49001","49","001",5,7233,NA,NA,NA,0.000691276095672612,1446.6,NA
"49003","49","003",41,62684,NA,NA,NA,0.000654074404951822,1528.87804878049,NA
"49005","49","005",92,142393,NA,NA,NA,0.00064609917622355,1547.75,NA
"49007","49","007",21,20609,NA,NA,NA,0.00101897229365811,981.380952380952,NA
"49009","49","009",0,992,NA,NA,NA,0,NA,NA
"49011","49","011",250,373207,NA,NA,NA,0.000669869536209128,1492.828,NA
"49013","49","013",9,20477,NA,NA,NA,0.00043951750744738,2275.22222222222,NA
"49015","49","015",2,10144,NA,NA,NA,0.000197160883280757,5072,NA
"49017","49","017",1,5314,NA,NA,NA,0.000188182160331201,5314,NA
"49019","49","019",7,9706,NA,NA,NA,0.000721203379352978,1386.57142857143,NA
"49021","49","021",28,64211,NA,NA,NA,0.000436062356917039,2293.25,NA
"49023","49","023",4,13023,NA,NA,NA,0.000307148890424633,3255.75,NA
"49025","49","025",2,8425,NA,NA,NA,0.000237388724035608,4212.5,NA
"49027","49","027",10,13437,NA,NA,NA,0.000744213738185607,1343.7,NA
"49029","49","029",3,13000,NA,NA,NA,0.000230769230769231,4333.33333333333,NA
"49031","49","031",0,1550,NA,NA,NA,0,NA,NA
"49033","49","033",2,2670,NA,NA,NA,0.000749063670411985,1335,NA
"49035","49","035",986,1185813,NA,NA,NA,0.000831497040427116,1202.65010141988,NA
"49037","49","037",17,14358,NA,NA,NA,0.00118400891489065,844.588235294118,NA
"49039","49","039",16,30277,NA,NA,NA,0.000528453941936123,1892.3125,NA
"49041","49","041",16,22344,NA,NA,NA,0.000716075904045829,1396.5,NA
"49043","49","043",25,42759,NA,NA,NA,0.000584672232746322,1710.36,NA
"49045","49","045",26,82051,NA,NA,NA,0.000316876089261557,3155.80769230769,NA
"49047","49","047",21,37747,NA,NA,NA,0.000556335602829364,1797.47619047619,NA
"49049","49","049",434,719174,NA,NA,NA,0.000603470092077856,1657.08294930876,NA
"49051","49","051",20,37144,NA,NA,NA,0.000538444970923972,1857.2,NA
"49053","49","053",136,202452,NA,NA,NA,0.000671764171260348,1488.61764705882,NA
"49055","49","055",2,2614,NA,NA,NA,0.000765110941086458,1307,NA
"49057","49","057",225,271926,NA,NA,NA,0.000827430992255246,1208.56,NA
"50001","50","001",21,37720,NA,NA,NA,0.000556733828207847,1796.19047619048,NA
"50003","50","003",32,37183,NA,NA,NA,0.00086060834252212,1161.96875,NA
"50005","50","005",24,30610,NA,NA,NA,0.00078405749754982,1275.41666666667,NA
"50007","50","007",167,169481,NA,NA,NA,0.000985361190929957,1014.85628742515,NA
"50009","50","009",3,6010,NA,NA,NA,0.000499168053244592,2003.33333333333,NA
"50011","50","011",30,50994,NA,NA,NA,0.000588304506412519,1699.8,NA
"50013","50","013",1,7467,NA,NA,NA,0.000133922592741395,7467,NA
"50015","50","015",13,26060,NA,NA,NA,0.000498848810437452,2004.61538461538,NA
"50017","50","017",9,29943,NA,NA,NA,0.000300571085061617,3327,NA
"50019","50","019",18,27516,NA,NA,NA,0.000654164849542085,1528.66666666667,NA
"50021","50","021",45,60271,NA,NA,NA,0.000746627731413117,1339.35555555556,NA
"50023","50","023",55,60142,NA,NA,NA,0.000914502344451465,1093.49090909091,NA
"50025","50","025",31,45966,NA,NA,NA,0.000674411521559413,1482.77419354839,NA
"50027","50","027",34,58101,NA,NA,NA,0.000585187862515275,1708.85294117647,NA
"51001","51","001",16,33239,NA,NA,NA,0.000481362255182166,2077.4375,NA
"51003","51","003",119,115676,NA,NA,NA,0.00102873543345206,972.067226890756,NA
"51005","51","005",4,14595,NA,NA,NA,0.000274066461116821,3648.75,NA
"51007","51","007",5,13480,NA,NA,NA,0.000370919881305638,2696,NA
"51009","51","009",7,31396,NA,NA,NA,0.000222958338641865,4485.14285714286,NA
"51011","51","011",1,16864,NA,NA,NA,5.92979127134725e-05,16864,NA
"51013","51","013",170,234162,NA,NA,NA,0.000725993115877042,1377.42352941176,NA
"51015","51","015",28,78247,NA,NA,NA,0.000357841195189592,2794.53571428571,NA
"51017","51","017",2,4051,NA,NA,NA,0.000493705257960997,2025.5,NA
"51019","51","019",27,81525,NA,NA,NA,0.000331186752529899,3019.44444444444,NA
"51021","51","021",3,6179,NA,NA,NA,0.000485515455575336,2059.66666666667,NA
"51023","51","023",9,34125,NA,NA,NA,0.000263736263736264,3791.66666666667,NA
"51025","51","025",4,15749,NA,NA,NA,0.000253984379960632,3937.25,NA
"51027","51","027",4,19087,NA,NA,NA,0.000209566720804736,4771.75,NA
"51029","51","029",10,16978,NA,NA,NA,0.00058899752621039,1697.8,NA
"51031","51","031",9,55270,NA,NA,NA,0.000162836982087932,6141.11111111111,NA
"51033","51","033",7,32640,NA,NA,NA,0.000214460784313725,4662.85714285714,NA
"51035","51","035",10,29239,NA,NA,NA,0.000342008960634769,2923.9,NA
"51036","51","036",1,6610,NA,NA,NA,0.000151285930408472,6610,NA
"51037","51","037",4,11336,NA,NA,NA,0.000352858151023289,2834,NA
"51041","51","041",313,383876,NA,NA,NA,0.000815367462409736,1226.44089456869,NA
"51043","51","043",5,15466,NA,NA,NA,0.000323289796974008,3093.2,NA
"51045","51","045",3,4843,NA,NA,NA,0.000619450753665084,1614.33333333333,NA
"51047","51","047",20,54973,NA,NA,NA,0.000363814963709457,2748.65,NA
"51049","51","049",1,9878,NA,NA,NA,0.000101235067827495,9878,NA
"51051","51","051",1,13640,NA,NA,NA,7.33137829912023e-05,13640,NA
"51053","51","053",2,28343,NA,NA,NA,7.05641604629009e-05,14171.5,NA
"51057","51","057",6,10598,NA,NA,NA,0.000566144555576524,1766.33333333333,NA
"51059","51","059",1343,1141878,NA,NA,NA,0.0011761326516493,850.244229337305,NA
"51061","51","061",42,75165,NA,NA,NA,0.00055877070445021,1789.64285714286,NA
"51063","51","063",4,15679,NA,NA,NA,0.00025511831111678,3919.75,NA
"51065","51","065",3,28462,NA,NA,NA,0.000105403696156279,9487.33333333333,NA
"51067","51","067",10,55549,NA,NA,NA,0.000180021242506616,5554.9,NA
"51069","51","069",12,95994,NA,NA,NA,0.000125007812988312,7999.5,NA
"51071","51","071",6,16457,NA,NA,NA,0.000364586498146685,2742.83333333333,NA
"51073","51","073",14,40057,NA,NA,NA,0.000349501959707417,2861.21428571429,NA
"51075","51","075",7,27197,NA,NA,NA,0.000257381328823032,3885.28571428571,NA
"51077","51","077",3,15285,NA,NA,NA,0.000196270853778214,5095,NA
"51079","51","079",3,21301,NA,NA,NA,0.000140838458288343,7100.33333333333,NA
"51081","51","081",1,11133,NA,NA,NA,8.98230485942693e-05,11133,NA
"51083","51","083",16,33432,NA,NA,NA,0.000478583393156257,2089.5,NA
"51085","51","085",75,114148,NA,NA,NA,0.000657041735291026,1521.97333333333,NA
"51087","51","087",290,334760,NA,NA,NA,0.000866292269088302,1154.34482758621,NA
"51089","51","089",34,49702,NA,NA,NA,0.000684077099513098,1461.82352941176,NA
"51091","51","091",1,2339,NA,NA,NA,0.000427533133817871,2339,NA
"51093","51","093",11,40711,NA,NA,NA,0.000270197243988111,3701,NA
"51095","51","095",93,82654,NA,NA,NA,0.00112517240544922,888.752688172043,NA
"51097","51","097",0,6720,NA,NA,NA,NA,NA,NA
"51099","51","099",13,28568,NA,NA,NA,0.000455054606552786,2197.53846153846,NA
"51101","51","101",6,19030,NA,NA,NA,0.000315291644771414,3171.66666666667,NA
"51103","51","103",1,10859,NA,NA,NA,9.20895110046966e-05,10859,NA
"51105","51","105",5,21745,NA,NA,NA,0.000229937916762474,4349,NA
"51107","51","107",328,436347,NA,NA,NA,0.000751695325050934,1330.3262195122,NA
"51109","51","109",7,41037,NA,NA,NA,0.000170577771279577,5862.42857142857,NA
"51111","51","111",4,12038,NA,NA,NA,0.000332281109818907,3009.5,NA
"51113","51","113",5,14128,NA,NA,NA,0.000353907134767837,2825.6,NA
"51115","51","115",3,8514,NA,NA,NA,0.000352360817477097,2838,NA
"51117","51","117",10,30648,NA,NA,NA,0.000326285565126599,3064.8,NA
"51119","51","119",5,10924,NA,NA,NA,0.000457707799340901,2184.8,NA
"51121","51","121",49,98666,NA,NA,NA,0.000496624977195792,2013.59183673469,NA
"51125","51","125",7,14705,NA,NA,NA,0.000476028561713703,2100.71428571429,NA
"51127","51","127",6,26134,NA,NA,NA,0.000229585979949491,4355.66666666667,NA
"51131","51","131",17,12021,NA,NA,NA,0.00141419183096248,707.117647058824,NA
"51133","51","133",15,12391,NA,NA,NA,0.00121055604874506,826.066666666667,NA
"51135","51","135",7,15566,NA,NA,NA,0.000449698059874085,2223.71428571429,NA
"51137","51","137",13,38574,NA,NA,NA,0.000337014569399077,2967.23076923077,NA
"51139","51","139",4,23741,NA,NA,NA,0.000168484899540879,5935.25,NA
"51141","51","141",2,17509,NA,NA,NA,0.000114226968987378,8754.5,NA
"51143","51","143",5,59571,NA,NA,NA,8.39334575548505e-05,11914.2,NA
"51145","51","145",15,32105,NA,NA,NA,0.000467216944401184,2140.33333333333,NA
"51147","51","147",9,22049,NA,NA,NA,0.000408181776951336,2449.88888888889,NA
"51149","51","149",21,42871,NA,NA,NA,0.000489841617876886,2041.47619047619,NA
"51153","51","153",312,489640,NA,NA,NA,0.000637202842904991,1569.35897435897,NA
"51155","51","155",11,33655,NA,NA,NA,0.000326845936710741,3059.54545454545,NA
"51157","51","157",2,7414,NA,NA,NA,0.000269759913676828,3707,NA
"51159","51","159",3,9184,NA,NA,NA,0.000326655052264808,3061.33333333333,NA
"51161","51","161",98,97026,NA,NA,NA,0.00101003854636901,990.061224489796,NA
"51163","51","163",1,22358,NA,NA,NA,4.47267197423741e-05,22358,NA
"51165","51","165",19,86568,NA,NA,NA,0.000219480639497274,4556.21052631579,NA
"51167","51","167",3,25477,NA,NA,NA,0.000117753267653177,8492.33333333333,NA
"51169","51","169",4,21433,NA,NA,NA,0.000186628096859982,5358.25,NA
"51171","51","171",14,45228,NA,NA,NA,0.000309542761121429,3230.57142857143,NA
"51173","51","173",17,29216,NA,NA,NA,0.000581872946330778,1718.58823529412,NA
"51175","51","175",2,17975,NA,NA,NA,0.000111265646731572,8987.5,NA
"51177","51","177",68,149588,NA,NA,NA,0.000454581918335695,2199.82352941176,NA
"51179","51","179",64,165428,NA,NA,NA,0.00038687525690935,2584.8125,NA
"51181","51","181",0,6593,NA,NA,NA,NA,NA,NA
"51183","51","183",2,10757,NA,NA,NA,0.000185925443896997,5378.5,NA
"51185","51","185",18,39120,NA,NA,NA,0.000460122699386503,2173.33333333333,NA
"51187","51","187",14,41843,NA,NA,NA,0.000334584040341276,2988.78571428571,NA
"51191","51","191",42,54050,NA,NA,NA,0.000777058279370953,1286.90476190476,NA
"51193","51","193",2,19013,NA,NA,NA,0.000105191184978699,9506.5,NA
"51195","51","195",9,35174,NA,NA,NA,0.000255870813669187,3908.22222222222,NA
"51197","51","197",10,28104,NA,NA,NA,0.000355821235411329,2810.4,NA
"51199","51","199",41,70952,NA,NA,NA,0.000577855451572894,1730.53658536585,NA
"51510","51","510",151,155230,NA,NA,NA,0.00097275011273594,1028.01324503311,NA
"51520","51","520",6,16807,NA,NA,NA,0.000356994109597192,2801.16666666667,NA
"51530","51","530",4,6566,NA,NA,NA,0.000609198903441974,1641.5,NA
"51540","51","540",48,44983,NA,NA,NA,0.00106706978191761,937.145833333333,NA
"51550","51","550",136,253886,NA,NA,NA,0.000535673491251979,1866.80882352941,NA
"51570","51","570",43,18393,NA,NA,NA,0.00233784591964334,427.744186046512,NA
"51580","51","580",3,5545,NA,NA,NA,0.000541027953110911,1848.33333333333,NA
"51590","51","590",52,41837,NA,NA,NA,0.00124291894734326,804.557692307692,NA
"51595","51","595",5,5463,NA,NA,NA,0.000915248032216731,1092.6,NA
"51600","51","600",0,25144,NA,NA,NA,NA,NA,NA
"51610","51","610",55,14685,NA,NA,NA,0.00374531835205993,267,NA
"51620","51","620",7,8339,NA,NA,NA,0.000839429188152057,1191.28571428571,NA
"51630","51","630",59,28928,NA,NA,NA,0.00203954646017699,490.305084745763,NA
"51640","51","640",8,6717,NA,NA,NA,0.00119100789042727,839.625,NA
"51650","51","650",137,137098,NA,NA,NA,0.000999285182861894,1000.71532846715,NA
"51660","51","660",77,51082,NA,NA,NA,0.00150738029051329,663.402597402597,NA
"51670","51","670",14,22752,NA,NA,NA,0.000615330520393812,1625.14285714286,NA
"51678","51","678",16,7528,NA,NA,NA,0.00212539851222104,470.5,NA
"51680","51","680",93,79535,NA,NA,NA,0.00116929653611618,855.215053763441,NA
"51683","51","683",51,42696,NA,NA,NA,0.00119449128724002,837.176470588235,NA
"51685","51","685",0,16361,NA,NA,NA,NA,NA,NA
"51690","51","690",0,13763,NA,NA,NA,NA,NA,NA
"51700","51","700",156,183118,NA,NA,NA,0.000851909697572057,1173.83333333333,NA
"51710","51","710",230,230930,NA,NA,NA,0.00099597280561209,1004.04347826087,NA
"51720","51","720",5,3492,NA,NA,NA,0.00143184421534937,698.4,NA
"51730","51","730",24,33309,NA,NA,NA,0.000720525983968297,1387.875,NA
"51735","51","735",8,12635,NA,NA,NA,0.000633161851998417,1579.375,NA
"51740","51","740",169,96793,NA,NA,NA,0.0017459940284938,572.739644970414,NA
"51750","51","750",13,16971,NA,NA,NA,0.000766012609746037,1305.46153846154,NA
"51760","51","760",357,229247,NA,NA,NA,0.00155727228709645,642.148459383753,NA
"51770","51","770",76,97171,NA,NA,NA,0.000782126354570808,1278.56578947368,NA
"51775","51","775",35,25600,NA,NA,NA,0.0013671875,731.428571428571,NA
"51790","51","790",21,25915,NA,NA,NA,0.000810341501061162,1234.04761904762,NA
"51800","51","800",50,100659,NA,NA,NA,0.000496726571891237,2013.18,NA
"51810","51","810",372,453649,NA,NA,NA,0.000820017237996777,1219.48655913978,NA
"51820","51","820",30,23182,NA,NA,NA,0.0012941074971961,772.733333333333,NA
"51830","51","830",0,15847,NA,NA,NA,NA,NA,NA
"51840","51","840",77,27617,NA,NA,NA,0.00278813774124633,358.662337662338,NA
"53001","53","001",25,20820,NA,NA,NA,0.00120076849183477,832.8,NA
"53003","53","003",18,22549,NA,NA,NA,0.000798261563705708,1252.72222222222,NA
"53005","53","005",159,215219,NA,NA,NA,0.000738782356576325,1353.5786163522,NA
"53007","53","007",74,79997,NA,NA,NA,0.00092503468880083,1081.04054054054,NA
"53009","53","009",74,77616,NA,NA,NA,0.000953411667697382,1048.86486486486,NA
"53011","53","011",382,521150,NA,NA,NA,0.00073299433944162,1364.26701570681,NA
"53013","53","013",3,4053,NA,NA,NA,0.00074019245003701,1351,NA
"53015","53","015",62,112864,NA,NA,NA,0.000549333711369436,1820.38709677419,NA
"53017","53","017",21,44798,NA,NA,NA,0.000468770927273539,2133.2380952381,NA
"53019","53","019",6,7497,NA,NA,NA,0.000800320128051221,1249.5,NA
"53021","53","021",49,99034,NA,NA,NA,0.000494779570652503,2021.10204081633,NA
"53023","53","023",2,2363,NA,NA,NA,0.000846381718154888,1181.5,NA
"53025","53","025",57,102678,NA,NA,NA,0.000555133524221352,1801.36842105263,NA
"53027","53","027",40,77290,NA,NA,NA,0.00051753137533963,1932.25,NA
"53029","53","029",70,86267,NA,NA,NA,0.000811434268028331,1232.38571428571,NA
"53031","53","031",17,33714,NA,NA,NA,0.000504241561369164,1983.17647058824,NA
"53033","53","033",2688,2271380,NA,NA,NA,0.00118342153228434,845.00744047619,NA
"53035","53","035",230,277658,NA,NA,NA,0.000828357187619301,1207.20869565217,NA
"53037","53","037",27,45508,NA,NA,NA,0.000593302276522809,1685.48148148148,NA
"53039","53","039",7,23589,NA,NA,NA,0.000296748484463097,3369.85714285714,NA
"53041","53","041",58,86154,NA,NA,NA,0.000673213083548065,1485.41379310345,NA
"53043","53","043",5,11738,NA,NA,NA,0.000425966944965071,2347.6,NA
"53045","53","045",26,68389,NA,NA,NA,0.000380178098817061,2630.34615384615,NA
"53047","53","047",32,43712,NA,NA,NA,0.000732064421669107,1366,NA
"53049","53","049",5,24200,NA,NA,NA,0.000206611570247934,4840,NA
"53051","53","051",4,14361,NA,NA,NA,0.00027853213564515,3590.25,NA
"53053","53","053",796,928696,NA,NA,NA,0.000857115783851766,1166.70351758794,NA
"53055","53","055",13,18566,NA,NA,NA,0.000700204675212754,1428.15384615385,NA
"53057","53","057",104,131417,NA,NA,NA,0.00079137402314769,1263.625,NA
"53059","53","059",1,12640,NA,NA,NA,7.91139240506329e-05,12640,NA
"53061","53","061",666,844761,NA,NA,NA,0.000788388668510975,1268.40990990991,NA
"53063","53","063",469,551455,NA,NA,NA,0.000850477373493757,1175.81023454158,NA
"53065","53","065",24,48837,NA,NA,NA,0.000491430677560047,2034.875,NA
"53067","53","067",243,299003,NA,NA,NA,0.000812700875910944,1230.46502057613,NA
"53069","53","069",3,4765,NA,NA,NA,0.000629590766002099,1588.33333333333,NA
"53071","53","071",49,61568,NA,NA,NA,0.000795867983367983,1256.48979591837,NA
"53073","53","073",182,231919,NA,NA,NA,0.000784756746967691,1274.28021978022,NA
"53075","53","075",22,48012,NA,NA,NA,0.000458218778638674,2182.36363636364,NA
"53077","53","077",187,256643,NA,NA,NA,0.00072863861472941,1372.42245989305,NA
"54001","54","001",4,15378,NA,NA,NA,0.000260111848094681,3844.5,NA
"54003","54","003",63,132440,NA,NA,NA,0.00047568710359408,2102.22222222222,NA
"54005","54","005",6,20576,NA,NA,NA,0.000291601866251944,3429.33333333333,NA
"54007","54","007",6,12162,NA,NA,NA,0.000493339911198816,2027,NA
"54009","54","009",5,21373,NA,NA,NA,0.000233940017779441,4274.6,NA
"54011","54","011",60,92082,NA,NA,NA,0.000651593145240112,1534.7,NA
"54013","54","013",4,5959,NA,NA,NA,0.00067125356603457,1489.75,NA
"54015","54","015",3,7783,NA,NA,NA,0.000385455479892072,2594.33333333333,NA
"54017","54","017",1,7680,NA,NA,NA,0.000130208333333333,7680,NA
"54019","54","019",25,39072,NA,NA,NA,0.00063984438984439,1562.88,NA
"54021","54","021",2,7254,NA,NA,NA,0.000275709953129308,3627,NA
"54023","54","023",6,10921,NA,NA,NA,0.000549400238073437,1820.16666666667,NA
"54025","54","025",23,32149,NA,NA,NA,0.00071541883106784,1397.78260869565,NA
"54027","54","027",8,23649,NA,NA,NA,0.000338280688401201,2956.125,NA
"54029","54","029",24,28145,NA,NA,NA,0.00085272694972464,1172.70833333333,NA
"54031","54","031",5,14251,NA,NA,NA,0.000350852571749351,2850.2,NA
"54033","54","033",63,64639,NA,NA,NA,0.00097464379090023,1026.01587301587,NA
"54035","54","035",10,27593,NA,NA,NA,0.000362410756351249,2759.3,NA
"54037","54","037",18,59787,NA,NA,NA,0.000301068794219479,3321.5,NA
"54039","54","039",162,174805,NA,NA,NA,0.000926746946597637,1079.04320987654,NA
"54041","54","041",5,16500,NA,NA,NA,0.000303030303030303,3300,NA
"54043","54","043",4,19701,NA,NA,NA,0.000203035378914776,4925.25,NA
"54045","54","045",4,30827,NA,NA,NA,0.000129756382392059,7706.75,NA
"54047","54","047",4,17439,NA,NA,NA,0.000229370950169161,4359.75,NA
"54049","54","049",31,55807,NA,NA,NA,0.000555485870948089,1800.22580645161,NA
"54051","54","051",12,29405,NA,NA,NA,0.000408093861588165,2450.41666666667,NA
"54053","54","053",7,24765,NA,NA,NA,0.000282656975570361,3537.85714285714,NA
"54055","54","055",26,58057,NA,NA,NA,0.000447835747627332,2232.96153846154,NA
"54057","54","057",9,26867,NA,NA,NA,0.000334983436930063,2985.22222222222,NA
"54059","54","059",9,22023,NA,NA,NA,0.000408663669799755,2447,NA
"54061","54","061",151,107718,NA,NA,NA,0.00140180842570415,713.364238410596,NA
"54063","54","063",2,12382,NA,NA,NA,0.000161524794055888,6191,NA
"54065","54","065",6,17649,NA,NA,NA,0.000339962604113548,2941.5,NA
"54067","54","067",13,24169,NA,NA,NA,0.000537879101328148,1859.15384615385,NA
"54069","54","069",46,41194,NA,NA,NA,0.001116667475846,895.521739130435,NA
"54071","54","071",8,6029,NA,NA,NA,0.00132691988721181,753.625,NA
"54073","54","073",3,7428,NA,NA,NA,0.000403877221324717,2476,NA
"54075","54","075",3,7765,NA,NA,NA,0.000386349001931745,2588.33333333333,NA
"54077","54","077",9,34099,NA,NA,NA,0.000263937358866829,3788.77777777778,NA
"54079","54","079",24,56962,NA,NA,NA,0.000421333520592676,2373.41666666667,NA
"54081","54","081",54,72356,NA,NA,NA,0.000746309912101277,1339.92592592593,NA
"54083","54","083",12,27350,NA,NA,NA,0.000438756855575868,2279.16666666667,NA
"54085","54","085",1,8167,NA,NA,NA,0.000122443981878291,8167,NA
"54087","54","087",4,13743,NA,NA,NA,0.00029105726551699,3435.75,NA
"54089","54","089",2,11581,NA,NA,NA,0.000172696658319662,5790.5,NA
"54091","54","091",4,16388,NA,NA,NA,0.000244081034903588,4097,NA
"54093","54","093",4,6604,NA,NA,NA,0.000605693519079346,1651,NA
"54095","54","095",1,7919,NA,NA,NA,0.000126278570526582,7919,NA
"54097","54","097",13,23529,NA,NA,NA,0.000552509668919206,1809.92307692308,NA
"54099","54","099",15,37686,NA,NA,NA,0.000398025792071326,2512.4,NA
"54101","54","101",3,8045,NA,NA,NA,0.000372902423865755,2681.66666666667,NA
"54103","54","103",7,13890,NA,NA,NA,0.000503959683225342,1984.28571428571,NA
"54105","54","105",1,5000,NA,NA,NA,2e-04,5000,NA
"54107","54","107",53,83052,NA,NA,NA,0.000638154409285749,1567.01886792453,NA
"54109","54","109",5,20277,NA,NA,NA,0.000246584800512896,4055.4,NA
"55001","55","001",2,21449,NA,NA,NA,9.32444403002471e-05,10724.5,NA
"55003","55","003",12,16079,NA,NA,NA,0.000746315069345109,1339.91666666667,NA
"55005","55","005",36,46833,NA,NA,NA,0.000768688745115624,1300.91666666667,NA
"55007","55","007",7,16769,NA,NA,NA,0.000417436937205558,2395.57142857143,NA
"55009","55","009",219,271417,NA,NA,NA,0.000806876503682525,1239.34703196347,NA
"55011","55","011",15,13419,NA,NA,NA,0.00111781801922647,894.6,NA
"55013","55","013",6,17092,NA,NA,NA,0.000351041422887901,2848.66666666667,NA
"55015","55","015",14,53199,NA,NA,NA,0.000263162841406793,3799.92857142857,NA
"55017","55","017",40,66970,NA,NA,NA,0.000597282365238166,1674.25,NA
"55019","55","019",15,34774,NA,NA,NA,0.000431356760798298,2318.26666666667,NA
"55021","55","021",21,58091,NA,NA,NA,0.000361501781687353,2766.2380952381,NA
"55023","55","023",9,15944,NA,NA,NA,0.000564475664826894,1771.55555555556,NA
"55025","55","025",445,575347,NA,NA,NA,0.000773446285459036,1292.91460674157,NA
"55027","55","027",32,88231,NA,NA,NA,0.000362684317303442,2757.21875,NA
"55029","55","029",19,30562,NA,NA,NA,0.000621687062365029,1608.52631578947,NA
"55031","55","031",30,44264,NA,NA,NA,0.000677751671787457,1475.46666666667,NA
"55033","55","033",20,45794,NA,NA,NA,0.000436738437349871,2289.7,NA
"55035","55","035",109,107903,NA,NA,NA,0.0010101665384651,989.935779816514,NA
"55037","55","037",1,4682,NA,NA,NA,0.000213583938487826,4682,NA
"55039","55","039",82,103948,NA,NA,NA,0.000788855966444761,1267.65853658537,NA
"55041","55","041",4,9325,NA,NA,NA,0.000428954423592493,2331.25,NA
"55043","55","043",25,51409,NA,NA,NA,0.000486296173821704,2056.36,NA
"55045","55","045",19,36951,NA,NA,NA,0.00051419447376255,1944.78947368421,NA
"55047","55","047",11,19344,NA,NA,NA,0.000568651778329198,1758.54545454545,NA
"55049","55","049",13,23956,NA,NA,NA,0.000542661546167975,1842.76923076923,NA
"55051","55","051",2,6228,NA,NA,NA,0.000321130378933847,3114,NA
"55053","55","053",11,20855,NA,NA,NA,0.000527451450491489,1895.90909090909,NA
"55055","55","055",55,85743,NA,NA,NA,0.000641451780320259,1558.96363636364,NA
"55057","55","057",10,26594,NA,NA,NA,0.00037602466721817,2659.4,NA
"55059","55","059",122,167488,NA,NA,NA,0.000728410393580436,1372.85245901639,NA
"55061","55","061",7,20690,NA,NA,NA,0.000338327694538424,2955.71428571429,NA
"55063","55","063",126,120486,NA,NA,NA,0.00104576465315472,956.238095238095,NA
"55065","55","065",3,16945,NA,NA,NA,0.000177043375627029,5648.33333333333,NA
"55067","55","067",11,19404,NA,NA,NA,0.000566893424036281,1764,NA
"55069","55","069",15,28405,NA,NA,NA,0.000528076042950185,1893.66666666667,NA
"55071","55","071",56,81331,NA,NA,NA,0.000688544343485264,1452.33928571429,NA
"55073","55","073",107,138612,NA,NA,NA,0.000771938937465732,1295.43925233645,NA
"55075","55","075",20,42106,NA,NA,NA,0.000474991687645466,2105.3,NA
"55077","55","077",4,15838,NA,NA,NA,0.000252557141053163,3959.5,NA
"55078","55","078",7,4226,NA,NA,NA,0.00165641268338855,603.714285714286,NA
"55079","55","079",850,916205,NA,NA,NA,0.00092773997085805,1077.88823529412,NA
"55081","55","081",32,46151,NA,NA,NA,0.000693376091525644,1442.21875,NA
"55083","55","083",13,39775,NA,NA,NA,0.00032683846637335,3059.61538461538,NA
"55085","55","085",32,38226,NA,NA,NA,0.000837126563072255,1194.5625,NA
"55087","55","087",172,193234,NA,NA,NA,0.00089011250608071,1123.45348837209,NA
"55089","55","089",91,93460,NA,NA,NA,0.00097367857907126,1027.03296703297,NA
"55091","55","091",4,7441,NA,NA,NA,0.000537562155624244,1860.25,NA
"55093","55","093",19,43026,NA,NA,NA,0.00044159345512016,2264.52631578947,NA
"55095","55","095",27,45762,NA,NA,NA,0.000590009177920545,1694.88888888889,NA
"55097","55","097",53,71024,NA,NA,NA,0.000746226627618833,1340.07547169811,NA
"55099","55","099",13,14102,NA,NA,NA,0.000921855056020423,1084.76923076923,NA
"55101","55","101",167,196613,NA,NA,NA,0.000849384323518791,1177.32335329341,NA
"55103","55","103",9,17197,NA,NA,NA,0.00052334709542362,1910.77777777778,NA
"55105","55","105",115,164278,NA,NA,NA,0.00070003287110873,1428.50434782609,NA
"55107","55","107",8,14143,NA,NA,NA,0.000565650852011596,1767.875,NA
"55109","55","109",45,96763,NA,NA,NA,0.000465053791221851,2150.28888888889,NA
"55111","55","111",45,65920,NA,NA,NA,0.000682645631067961,1464.88888888889,NA
"55113","55","113",9,18552,NA,NA,NA,0.000485122897800776,2061.33333333333,NA
"55115","55","115",27,41109,NA,NA,NA,0.000656790483835656,1522.55555555556,NA
"55117","55","117",76,117752,NA,NA,NA,0.000645424281540866,1549.36842105263,NA
"55119","55","119",12,20058,NA,NA,NA,0.000598265031408914,1671.5,NA
"55121","55","121",9,30899,NA,NA,NA,0.000291271562186479,3433.22222222222,NA
"55123","55","123",10,31170,NA,NA,NA,0.000320821302534488,3117,NA
"55125","55","125",24,23885,NA,NA,NA,0.00100481473728281,995.208333333333,NA
"55127","55","127",53,105822,NA,NA,NA,0.000500841034945474,1996.64150943396,NA
"55129","55","129",7,16930,NA,NA,NA,0.000413467217956291,2418.57142857143,NA
"55131","55","131",96,138168,NA,NA,NA,0.000694806322737537,1439.25,NA
"55133","55","133",409,412591,NA,NA,NA,0.000991296465507003,1008.77995110024,NA
"55135","55","135",21,51388,NA,NA,NA,0.000408655717288083,2447.04761904762,NA
"55137","55","137",16,24934,NA,NA,NA,0.000641694072351007,1558.375,NA
"55139","55","139",113,171735,NA,NA,NA,0.000657990508632486,1519.77876106195,NA
"55141","55","141",66,73939,NA,NA,NA,0.000892627706623027,1120.28787878788,NA
"56001","56","001",20,38257,NA,NA,NA,0.0005227801448101,1912.85,NA
"56003","56","003",6,12018,NA,NA,NA,0.000499251123315027,2003,NA
"56005","56","005",19,47498,NA,NA,NA,0.000400016842814434,2499.89473684211,NA
"56007","56","007",7,14334,NA,NA,NA,0.000488349379098647,2047.71428571429,NA
"56009","56","009",7,13809,NA,NA,NA,0.000506915779564052,1972.71428571429,NA
"56011","56","011",3,7592,NA,NA,NA,0.000395152792413066,2530.66666666667,NA
"56013","56","013",31,39815,NA,NA,NA,0.000778601029762652,1284.35483870968,NA
"56015","56","015",9,12642,NA,NA,NA,0.000711912672045562,1404.66666666667,NA
"56017","56","017",4,4661,NA,NA,NA,0.000858184938854323,1165.25,NA
"56019","56","019",7,8759,NA,NA,NA,0.000799177988354835,1251.28571428571,NA
"56021","56","021",89,100984,NA,NA,NA,0.000881327735086746,1134.65168539326,NA
"56023","56","023",10,20880,NA,NA,NA,0.000478927203065134,2088,NA
"56025","56","025",68,79941,NA,NA,NA,0.000850627337661525,1175.60294117647,NA
"56027","56","027",1,2354,NA,NA,NA,0.000424808836023789,2354,NA
"56029","56","029",23,30735,NA,NA,NA,0.00074833251992842,1336.30434782609,NA
"56031","56","031",4,8546,NA,NA,NA,0.000468055230517201,2136.5,NA
"56033","56","033",31,32519,NA,NA,NA,0.000953288846520496,1049,NA
"56035","56","035",4,8969,NA,NA,NA,0.000445980599843907,2242.25,NA
"56037","56","037",26,41249,NA,NA,NA,0.000630318310746927,1586.5,NA
"56039","56","039",25,23232,NA,NA,NA,0.00107610192837466,929.28,NA
"56041","56","041",18,20745,NA,NA,NA,0.000867678958785249,1152.5,NA
"56043","56","043",7,7710,NA,NA,NA,0.000907911802853437,1101.42857142857,NA
"56045","56","045",4,6808,NA,NA,NA,0.000587544065804935,1702,NA
"09001","09","001",NA,NA,NA,NA,NA,NA,NA,"U"
"09003","09","003",NA,NA,NA,NA,NA,NA,NA,"U"
"09005","09","005",NA,NA,NA,NA,NA,NA,NA,"U"
"09007","09","007",NA,NA,NA,NA,NA,NA,NA,"U"
"09009","09","009",NA,NA,NA,NA,NA,NA,NA,"U"
"09011","09","011",NA,NA,NA,NA,NA,NA,NA,"U"
"09013","09","013",NA,NA,NA,NA,NA,NA,NA,"U"
"09015","09","015",NA,NA,NA,NA,NA,NA,NA,"U"
