statecode,countycode,v126_rawvalue,v126_numerator,v126_denominator,v126_flag_CT
00,000,0.5746160250488584,195433224,340110988,
01,000,0.6367294795605559,3284059,5157699,
01,001,0.7093420538852011,43599,61464,
01,003,0.8174902908167946,213862,261608,
01,005,0.44864110353887837,10928,24358,
01,007,0.7301195075927757,16251,22258,
01,009,0.850323288399847,51158,60163,
01,011,0.2216947783052217,2195,9901,
01,013,0.5026292725679229,9176,18256,
01,015,0.6906731256495486,80413,116427,
01,017,0.543134297459557,18365,33813,
01,019,0.9067640982477618,23701,26138,
01,021,0.769899708010664,36387,47262,
01,023,0.5689512114171922,6857,12052,
01,025,0.5154457591906784,11413,22142,
01,027,0.797738605239132,11359,14239,
01,029,0.9233574347689406,14686,15905,
01,031,0.673551226090351,37960,56358,
01,033,0.7676618184911117,45127,58785,
01,035,0.5022954361328652,5580,11109,
01,037,0.6638810611213681,6832,10291,
01,039,0.8246529617463176,31129,37748,
01,041,0.69513497026079,9116,13114,
01,043,0.9059435877499892,83894,92604,
01,045,0.66207282241796,33148,50067,
01,047,0.2629061752707835,9345,35545,
01,049,0.7664177675665327,56042,73122,
01,051,0.7168230047670306,65261,91042,
01,053,0.6043953043953044,22139,36630,
01,055,0.7612661931845708,78568,103207,
01,057,0.8388703271764484,13307,15863,
01,059,0.7188303946790487,22912,31874,
01,061,0.8140063832128838,22189,27259,
01,063,0.1842289883541462,1313,7127,
01,065,0.3932257210902355,5944,15116,
01,067,0.7136321040736453,12946,18141,
01,069,0.6364592286451,69607,109366,
01,071,0.8783934548159167,47240,53780,
01,073,0.4769339775913735,317039,664744,
01,075,0.8523960717713949,11544,13543,
01,077,0.829993230908084,80926,97502,
01,079,0.7559209938332291,25374,33567,
01,081,0.6529728981564784,122659,187847,
01,083,0.7226967765801819,85959,118942,
01,085,0.2554559831312599,2423,9485,
01,087,0.17302714907208547,3142,18159,
01,089,0.6184313401282612,261816,423355,
01,091,0.4370678478824546,8091,18512,
01,093,0.8982368789005217,26339,29323,
01,095,0.756372606601668,77268,102156,
01,097,0.5483716068574643,226115,412339,
01,099,0.5346591803536758,10189,19057,
01,101,0.28728518685755267,64896,225894,
01,103,0.7205275847847467,90847,126084,
01,105,0.27944034201321416,2157,7719,
01,107,0.5262048843743247,9739,18508,
01,109,0.5467334862939258,18110,33124,
01,111,0.7606537477782113,17546,23067,
01,113,0.439621326716182,25866,58837,
01,115,0.8243007624294573,79897,96927,
01,117,0.7309434713881908,172480,235969,
01,119,0.2640647884897045,3065,11607,
01,121,0.6193179723502305,50397,81375,
01,123,0.6821052114302563,27761,40699,
01,125,0.5858497918843175,141314,241212,
01,127,0.8683420165491879,56668,65260,
01,129,0.6568118258090292,9864,15018,
01,131,0.2770400405473898,2733,9865,
01,133,0.916921530018015,21886,23869,
02,000,0.5847854372119605,432819,740133,
02,013,0.11068281938325991,402,3632,
02,016,0.25737463126843657,1396,5424,
02,020,0.543646408839779,157440,289600,
02,050,0.07885068816143007,1438,18237,
02,060,0.4106334841628959,363,884,
02,063,0.6632344033918837,4380,6604,
02,066,0.6480425693652604,1705,2631,
02,068,0.7285626156693399,1181,1621,
02,070,0.14928909952606634,693,4642,
02,090,0.6766332108139989,64247,94951,
02,100,0.7480988593155894,1574,2104,
02,105,0.4602076124567474,1064,2312,
02,110,0.6275497276067401,19813,31572,
02,122,0.7867905124145024,48198,61259,
02,130,0.6138041968267895,8395,13677,
02,150,0.46372688477951635,5868,12654,
02,158,0.025547445255474453,203,7946,
02,164,0.22585551330798478,297,1315,
02,170,0.7675512060741585,90274,117613,
02,180,0.12789751931679544,1258,9836,
02,185,0.31501453624683484,3359,10663,
02,188,0.08508550602747407,607,7134,
02,195,0.6752037252619325,2320,3436,
02,198,0.4399582318134354,2528,5746,
02,220,0.6050269299820467,5055,8355,
02,230,0.7587131367292225,849,1119,
02,240,0.7263776835771913,5312,7313,
02,275,0.6051356589147286,1249,2064,
02,282,0.3695652173913043,255,690,
02,290,0.2149441066875858,1096,5099,
04,000,0.5237219586873997,3971061,7582384,
04,001,0.19419753086419753,12584,64800,
04,003,0.5486233134297505,69002,125773,
04,005,0.5292812807847838,76831,145161,
04,007,0.6191629833743273,33480,54073,
04,009,0.5275582724516674,21230,40242,
04,011,0.4391073326248672,4132,9410,
04,012,0.5694444444444444,9676,16992,
04,013,0.5208236680778653,2433859,4673096,
04,015,0.7481267578892524,169435,226479,
04,017,0.4347127360385697,47608,109516,
04,019,0.5055589552922791,546079,1080149,
04,021,0.5443290221888367,279710,513862,
04,023,0.1552031361368496,7839,50508,
04,025,0.7806978211441473,196746,252013,
04,027,0.28527983296264353,62850,220310,
05,000,0.6977907972984962,2155025,3088354,
05,001,0.6703426791277258,10759,16050,
05,003,0.6719862099644128,12085,17984,
05,005,0.9306159462413095,40023,43007,
05,007,0.6891555699296568,221609,321566,
05,009,0.9240086965524381,35700,38636,
05,011,0.5339708102667338,5305,9935,
05,013,0.7296375266524521,3422,4690,
05,015,0.75486743993372,21867,28968,
05,017,0.39117773943054357,3627,9272,
05,019,0.6760516252390057,14143,20920,
05,021,0.9359410430839002,13208,14112,
05,023,0.9307104421742182,23869,25646,
05,025,0.832632007601466,6134,7367,
05,027,0.5822738830366873,12824,22024,
05,029,0.7958173839977594,17048,21422,
05,031,0.7103459586368815,82295,115852,
05,033,0.8108998040412477,50485,62258,
05,035,0.37940943108957176,17693,46633,
05,037,0.7202667654686921,11664,16194,
05,039,0.5197498354180382,3158,6076,
05,041,0.4250557116558473,4387,10321,
05,043,0.647239444936522,10961,16935,
05,045,0.7708398234190151,101451,131611,
05,047,0.9027635619242579,15876,17586,
05,049,0.9281045751633987,11644,12546,
05,051,0.7961902664611319,79541,99902,
05,053,0.9081203494014882,16842,18546,
05,055,0.9042575860893284,42435,46928,
05,057,0.5124313007066214,9790,19105,
05,059,0.8115750607870801,27036,33313,
05,061,0.6291273108904497,7793,12387,
05,063,0.8514278263137306,32648,38345,
05,065,0.9112728290532502,13023,14291,
05,067,0.7526539914832364,12549,16673,
05,069,0.3691418519914562,23504,63672,
05,071,0.7674232003668042,20085,26172,
05,073,0.5858686616791355,3524,6015,
05,075,0.9314320760502913,15187,16305,
05,077,0.40054294175715693,3246,8104,
05,079,0.6185887472800746,7960,12868,
05,081,0.716497505590917,8330,11626,
05,083,0.8967236799179755,19241,21457,
05,085,0.8331042427574651,63640,76389,
05,087,0.8662748390708088,15476,17865,
05,089,0.9268459046211561,16306,17593,
05,091,0.6578244911578245,27601,41958,
05,093,0.569523559522247,21696,38095,
05,095,0.523460639127046,3358,6415,
05,097,0.8866039952996475,7545,8510,
05,099,0.6221889055472264,4980,8004,
05,101,0.9296897238827213,6532,7026,
05,103,0.5372163807415606,11649,21684,
05,105,0.9019607843137255,9246,10251,
05,107,0.33278766796262194,4879,14661,
05,109,0.8474119876333899,8497,10027,
05,111,0.8409865470852018,18754,22300,
05,113,0.8651332715858804,16813,19434,
05,115,0.8077712135001311,52367,64829,
05,117,0.8471329552614997,6722,7935,
05,119,0.48509131151095813,194623,401209,
05,121,0.8885504201680672,16918,19040,
05,123,0.394326826138759,8605,21822,
05,125,0.782593789047024,102717,131252,
05,127,0.8280979973569178,8146,9837,
05,129,0.9263654925982644,7259,7836,
05,131,0.6634752182104818,86275,130035,
05,133,0.5302192564346997,8343,15735,
05,135,0.9206287920573635,16691,18130,
05,137,0.9335158388736801,11935,12785,
05,139,0.5939796800691742,21982,37008,
05,141,0.9187716691431401,14840,16152,
05,143,0.6751683046313828,179719,266184,
05,145,0.8639036047085004,68327,79091,
05,147,0.6990358126721763,4060,5808,
05,149,0.7228071918148405,14553,20134,
06,000,0.33575561604506554,13239268,39431263,
06,001,0.2706572229027446,446330,1649060,
06,003,0.618744313011829,680,1099,
06,005,0.7389711131204493,31056,42026,
06,007,0.6562682999414402,136723,208334,
06,009,0.7629932265347812,35483,46505,
06,011,0.30198423484642567,6666,22074,
06,013,0.37648845691693805,441473,1172607,
06,015,0.6075382279980747,16409,27009,
06,017,0.7387552314817216,142449,192823,
06,019,0.25755937995850114,263773,1024125,
06,021,0.4605002826455625,13034,28304,
06,023,0.7059072367427104,93448,132380,
06,025,0.08621866126653606,15668,181724,
06,027,0.5839870164998647,10795,18485,
06,029,0.2923756326359388,269725,922529,
06,031,0.2721914881255931,42166,154913,
06,033,0.6387462369399681,43284,67764,
06,035,0.6275582215949188,17785,28340,
06,037,0.2495400566085751,2434807,9757179,
06,039,0.2950215194158325,48806,165432,
06,041,0.6631357254290171,170028,256400,
06,043,0.7455419990614734,12710,17048,
06,045,0.609408466498458,54344,89175,
06,047,0.22466590739080916,66675,296774,
06,049,0.7360734895771994,6250,8491,
06,051,0.6428296512970518,8351,12991,
06,053,0.26366014060712756,115022,436251,
06,055,0.48414414550166884,64259,132727,
06,057,0.8242575468467146,84235,102195,
06,059,0.366871738420753,1163143,3170435,
06,061,0.6597936480860814,286233,433822,
06,063,0.8175108845704577,15397,18834,
06,065,0.30238982613373555,765026,2529933,
06,067,0.4017102451479645,647248,1611231,
06,069,0.2773608640957793,19182,69159,
06,071,0.23738269894381064,525632,2214281,
06,073,0.4241161707639659,1399074,3298799,
06,075,0.3702892718778624,306424,827526,
06,077,0.2572821244247085,209970,816108,
06,079,0.6527605794715498,183976,281843,
06,081,0.34578600148338995,256882,742893,
06,083,0.40271091113610796,179005,444500,
06,085,0.2648743072949788,510234,1926325,
06,087,0.5453648163532846,143107,262406,
06,089,0.758901507831781,137453,181121,
06,091,0.8136845486668808,2533,3113,
06,093,0.7351875382370935,31244,42498,
06,095,0.32486195372016324,147845,455101,
06,097,0.5815956734483647,282292,485375,
06,099,0.35197640096809174,196041,556972,
06,101,0.4023948449946725,39654,98545,
06,103,0.6197731610060356,39945,64451,
06,105,0.8055875207773942,12601,15642,
06,107,0.25108262709235524,121410,483546,
06,109,0.7765572523333272,41851,53893,
06,111,0.4169664135825153,348345,835427,
06,113,0.41568738873523314,93634,225251,
06,115,0.47391647326481384,41453,87469,
08,000,0.6515096199021971,3881364,5957493,
08,001,0.4462818593189717,242319,542973,
08,003,0.45209419378033433,7545,16689,
08,005,0.5469398036940074,364764,666918,
08,007,0.7743055555555556,10927,14112,
08,009,0.8256608256608257,2780,3367,
08,011,0.5609967122339505,3242,5779,
08,013,0.7537591366854195,248938,330262,
08,014,0.7280364643846635,57022,78323,
08,015,0.8475938402309914,17613,20780,
08,017,0.8101635514018691,1387,1712,
08,019,0.8631555751432349,7834,9076,
08,021,0.46443237514902636,3506,7549,
08,023,0.3863266413456321,1424,3686,
08,025,0.5498214285714286,3079,5600,
08,027,0.9043760129659644,5022,5553,
08,029,0.8082880645661958,26039,32215,
08,031,0.5458938655919805,397967,729019,
08,033,0.837454398054317,2066,2467,
08,035,0.7725986370385411,304400,393995,
08,037,0.6479109147800478,35201,54330,
08,039,0.8415015996188142,24725,29382,
08,041,0.6581939817102656,495470,752772,
08,043,0.783722276565588,39259,50093,
08,045,0.627273734703247,39623,63167,
08,047,0.8468891497568338,5050,5963,
08,049,0.8501919029342577,13734,16154,
08,051,0.8537261698440208,14778,17310,
08,053,0.8888888888888888,664,747,
08,055,0.6451058958214081,4508,6988,
08,057,0.828750981932443,1055,1273,
08,059,0.7588763303044078,439035,578533,
08,061,0.8642241379310345,1203,1392,
08,063,0.7391242937853107,5233,7080,
08,065,0.6103948975437644,4498,7369,
08,067,0.782464846980976,44462,56823,
08,069,0.7971455573531532,298590,374574,
08,071,0.5440832070533131,7899,14518,
08,073,0.7384780278670954,4134,5598,
08,075,0.7496506865815467,15559,20755,
08,077,0.7954793501178221,128279,161260,
08,079,0.9035369774919614,843,933,
08,081,0.7807030893319129,10260,13142,
08,083,0.7097351067396893,19050,26841,
08,085,0.7420881131991252,33250,44806,
08,087,0.5318151815181518,16114,30300,
08,089,0.5284864654549497,9508,17991,
08,091,0.8874350586877044,4612,5197,
08,093,0.8675474994540293,15890,18316,
08,095,0.6849376114081996,3074,4488,
08,097,0.8336838310400769,13875,16643,
08,099,0.5408547294471857,6467,11957,
08,101,0.5142759586968552,87358,169866,
08,103,0.8344180414711669,5513,6607,
08,105,0.5482393100970177,6103,11132,
08,107,0.8643188210593036,21818,25243,
08,109,0.5731634182908546,3823,6670,
08,111,0.807551766138855,663,821,
08,113,0.8296457347486891,6487,7819,
08,115,0.7864421798848028,1775,2257,
08,117,0.7702868985169354,23788,30882,
08,119,0.8589413562867027,21355,24862,
08,121,0.8230978830433872,3927,4771,
08,123,0.6178961175945584,228464,369745,
08,125,0.6482882165605095,6514,10048,
09,000,0.6218220664700445,2285239,3675069,
09,001,,,,U
09,003,,,,U
09,005,,,,U
09,007,,,,U
09,009,,,,U
09,011,,,,U
09,013,,,,U
09,015,,,,U
09,110,0.6008534474759659,595751,991508,A
09,120,0.5228083869084149,175489,335666,A
09,130,0.8014869888475836,142296,177540,A
09,140,0.596086279260958,275523,462220,A
09,150,0.8746481612265995,85454,97701,A
09,160,0.8216054197596866,93746,114101,A
09,170,0.5805124861717512,334792,576718,A
09,180,0.7087847927473974,200304,282602,A
09,190,0.5994916901224936,381884,637013,A
10,000,0.5796559994752438,609750,1051917,
10,001,0.5549224142404899,106928,192690,
10,003,0.5174113618084215,304286,588093,
10,005,0.7322430975089808,198536,271134,
11,000,0.3744449982200071,262954,702250,
11,001,0.3744449982200071,262954,702250,
12,000,0.5058864553487977,11823687,23372215,
12,001,0.5779040516550027,168622,291782,
12,003,0.787621483375959,23097,29325,
12,005,0.7156891216615427,142936,199718,
12,007,0.741406945681211,20815,28075,
12,009,0.7039746555151744,463530,658447,
12,011,0.31386983477564356,639501,2037472,
12,013,0.7733845458653411,10269,13278,
12,015,0.8160539689424011,173103,212122,
12,017,0.8512463713610775,144860,170174,
12,019,0.675316776482514,159888,236760,
12,021,0.6074530371210356,252842,416233,
12,023,0.7025426821850035,51972,73977,
12,027,0.5468375789244503,20093,36744,
12,029,0.8284887021687294,14593,17614,
12,031,0.48713700968290086,514007,1055159,
12,033,0.6255286393479738,207222,331275,
12,035,0.7268691862165799,99395,136744,
12,037,0.8043763001772093,10440,12979,
12,039,0.3160970306448325,13956,44151,
12,041,0.8421885039292245,17040,20233,
12,043,0.5391410295461468,7080,13132,
12,045,0.7707860922146637,12237,15876,
12,047,0.5429747453606809,7783,14334,
12,049,0.46160042964554243,12033,26068,
12,051,0.2726858877086495,12579,46130,
12,053,0.713696997478799,155693,218150,
12,055,0.6273297017617373,68867,109778,
12,057,0.44532529501854656,704249,1581426,
12,059,0.8524854095391426,16944,19876,
12,061,0.7283242031149245,125373,172139,
12,063,0.6466786714685875,32321,49980,
12,065,0.6149739337981283,9791,15921,
12,067,0.7206018518518519,6226,8640,
12,069,0.6313473088941117,280447,444204,
12,071,0.6096806003537916,524910,860959,
12,073,0.5324405633502836,159992,300488,
12,075,0.7626086046268188,36426,47765,
12,077,0.7073538654934004,5627,7955,
12,079,0.556251361359181,10215,18364,
12,081,0.6799992145774426,311679,458352,
12,083,0.6405381145008802,274730,428905,
12,085,0.747624738932551,123856,165666,
12,086,0.13521869773796433,383813,2838461,
12,087,0.6373411776338558,51566,80908,
12,089,0.8384494519812984,87514,104376,
12,091,0.6974823455776635,153783,220483,
12,093,0.6157804054851425,26090,42369,
12,095,0.3724229711419715,571165,1533646,
12,097,0.26623196270547667,124612,468058,
12,099,0.5037315390425744,796931,1582055,
12,101,0.6558076448080302,432252,659114,
12,103,0.7173926097715013,692908,965870,
12,105,0.4868773728481682,415247,852878,
12,107,0.6998227707274162,54097,77301,
12,109,0.7764355324129365,260050,334928,
12,111,0.497614354826324,194403,390670,
12,113,0.7953460821659211,165156,207653,
12,115,0.8035371083750871,382969,476604,
12,117,0.5391939022047897,266688,494605,
12,119,0.8368704466265442,129458,154693,
12,121,0.7218318747896331,34313,47536,
12,123,0.7205054250789726,15738,21843,
12,125,0.7060617613419748,11112,15738,
12,127,0.6711327002581408,404540,602772,
12,129,0.7716017782567695,28638,37115,
12,131,0.8145004795574688,73033,89666,
12,133,0.7686676979964532,20372,26503,
13,000,0.4883317750180263,5459978,11180878,
13,001,0.6686485617869194,12483,18669,
13,003,0.5184350918790753,4373,8435,
13,005,0.7104572204617474,7847,11045,
13,007,0.49267935578330896,1346,2732,
13,009,0.5173677939693887,22580,43644,
13,011,0.8448174032877251,17165,20318,
13,013,0.5981577252996033,57599,96294,
13,015,0.7330479626919019,86139,117508,
13,017,0.5308940690469165,8996,16945,
13,019,0.7833494053359048,14622,18666,
13,021,0.3409229828850856,53544,157056,
13,023,0.6811341675906859,8600,12626,
13,025,0.8996541633413142,16909,18795,
13,027,0.5447870778267254,8904,16344,
13,029,0.6948243811760102,35509,51105,
13,031,0.6201816181805416,52997,85454,
13,033,0.4823471722785224,11804,24472,
13,035,0.6398422236148487,17357,27127,
13,037,0.332843227347914,1811,5441,
13,039,0.6885564899575289,40693,59099,
13,043,0.5936208445642408,6607,11130,
13,045,0.6644241057339255,86316,129911,
13,047,0.8763272410791993,60414,68940,
13,049,0.5542585054911298,7217,13021,
13,051,0.4581337689043913,140801,307336,
13,053,0.5555685540477304,4749,8548,
13,055,0.8118232830158856,20544,25306,
13,057,0.7393948479283712,217022,293513,
13,059,0.5468748798030694,71091,129995,
13,061,0.3669626998223801,1033,2815,
13,063,0.07576006959956735,22554,297703,
13,065,0.639935962741959,4397,6871,
13,067,0.4761916250390457,375019,787538,
13,069,0.5476728010763723,24016,43851,
13,071,0.5175511420482364,24313,46977,
13,073,0.6241341836247253,104525,167472,
13,075,0.6042593416370107,10867,17984,
13,077,0.66359103347595,105002,158233,
13,079,0.7185197181958053,8873,12349,
13,081,0.48022395726320116,9349,19468,
13,083,0.9162932536718944,14723,16068,
13,085,0.8462723716961005,28560,33748,
13,087,0.47868395086931376,14069,29391,
13,089,0.2851512448932698,219654,770307,
13,091,0.633367294956699,12433,19630,
13,093,0.4162345789379582,4656,11186,
13,095,0.22038875003033317,18164,82418,
13,097,0.2886356304357845,43840,151887,
13,099,0.4299119111451551,4490,10444,
13,101,0.5759870200108167,2130,3698,
13,103,0.7237381746595942,52940,73148,
13,105,0.6308058753473601,12712,20152,
13,107,0.5816396830864623,13508,23224,
13,109,0.5500046002392125,5978,10869,
13,111,0.9263943683762668,23951,25854,
13,113,0.5534302636942777,69238,125107,
13,115,0.683765657362659,69327,101390,
13,117,0.5936643150919685,166283,280096,
13,119,0.801094890510949,20194,25208,
13,121,0.36921495220818196,402575,1090354,
13,123,0.8361388663846131,27866,33327,
13,125,0.8620345744680851,2593,3008,
13,127,0.6251675525768431,54102,86540,
13,129,0.7483748868592117,45475,60765,
13,131,0.554109093677439,14557,26271,
13,133,0.6141482148783841,12953,21091,
13,135,0.2909523055299048,292078,1003869,
13,137,0.7477901943018223,37139,49665,
13,139,0.5724954339443956,126948,221745,
13,141,0.2882644247379938,2503,8683,
13,143,0.8882545364769782,28783,32404,
13,145,0.7398792277072219,27323,36929,
13,147,0.742906031655497,20840,28052,
13,149,0.8407459361333444,10189,12119,
13,151,0.2893392206389912,75030,259315,
13,153,0.5026043900124073,87904,174897,
13,155,0.6621518296013108,6062,9155,
13,157,0.7279189981348255,68297,93825,
13,159,0.7566641500667867,13029,17219,
13,161,0.6753092135723262,10210,15119,
13,163,0.4333843797856049,6509,15019,
13,165,0.5074694431869624,4484,8836,
13,167,0.6152756591850076,5647,9178,
13,169,0.6880572864667608,19986,29047,
13,171,0.6661188980183663,13782,20690,
13,173,0.6382836391437309,6679,10464,
13,175,0.5594089923837174,28131,50287,
13,177,0.6487247967598979,22104,34073,
13,179,0.363344848193333,24928,68607,
13,181,0.6933780593862592,5581,8049,
13,183,0.518665296736631,10601,20439,
13,185,0.5033338248062778,61448,122082,
13,187,0.8859395824078188,31908,36016,
13,189,0.5325767322183422,11591,21764,
13,191,0.6399152542372881,7551,11800,
13,193,0.3337841264474685,3949,11831,
13,195,0.7712611760397913,25275,32771,
13,197,0.5794368041912247,4424,7635,
13,199,0.5814170437053967,12465,21439,
13,201,0.6560782967032966,3821,5824,
13,205,0.460622755669241,9364,20329,
13,207,0.7220472691414576,22699,31437,
13,209,0.6372869484006537,5459,8566,
13,211,0.7349134001823154,16124,21940,
13,213,0.7939781198567141,32804,41316,
13,215,0.36521329832036864,73711,201830,
13,217,0.367099427465527,45524,124010,
13,219,0.8262608656789793,36976,44751,
13,221,0.7242765273311897,11713,16172,
13,223,0.587783546982482,110826,188549,
13,225,0.4263512819635094,12455,29213,
13,227,0.9123291416074357,33373,36580,
13,229,0.8211330978760463,16972,20669,
13,231,0.8617736707145968,17812,20669,
13,233,0.7030262273032952,31362,44610,
13,235,0.6037328094302554,6146,10180,
13,237,0.6458538254287303,15102,23383,
13,239,0.4920361601377529,1143,2323,
13,241,0.8635876009259782,15295,17711,
13,243,0.3567789646672145,2171,6085,
13,245,0.30950107366349494,63851,206303,
13,247,0.22007990984530273,21482,97610,
13,249,0.7230735065511881,3256,4503,
13,251,0.5613961605584642,8042,14325,
13,253,0.6175328876428725,5727,9274,
13,255,0.5232174358390713,36778,70292,
13,257,0.8092588551894683,22253,27498,
13,259,0.2611769598669162,1256,4809,
13,261,0.38109208891343366,11041,28972,
13,263,0.4163336229365769,2396,5755,
13,265,0.37407407407407406,606,1620,
13,267,0.5815036045314109,14116,24275,
13,269,0.5911602209944752,4601,7783,
13,271,0.512090909090909,5633,11000,
13,273,0.3721545182800644,3237,8698,
13,275,0.5703739088895644,26268,46054,
13,277,0.5239762155941307,21854,41708,
13,279,0.5787980209545984,15910,27488,
13,281,0.9322663834951457,12291,13184,
13,283,0.6285046728971962,4035,6420,
13,285,0.5348398193335477,38248,71513,
13,287,0.5305330821234623,4787,9023,
13,289,0.5460662525879917,4220,7728,
13,291,0.9222491938697873,25455,27601,
13,293,0.6648917413075676,18855,28358,
13,295,0.8877848283818863,61559,69340,
13,297,0.6609133634508889,72563,109792,
13,299,0.6037214952238971,21868,36222,
13,301,0.3954933954933955,2036,5148,
13,303,0.41625491580114954,8256,19834,
13,305,0.6979957674592306,22428,32132,
13,307,0.5088552915766739,1178,2315,
13,309,0.5703787450537027,4036,7076,
13,311,0.9041054334636646,26823,29668,
13,313,0.5459598362996098,57364,105070,
13,315,0.5863656783468104,5221,8904,
13,317,0.5244068150935507,5017,9567,
13,319,0.5689396561670705,4931,8667,
13,321,0.6569933866350804,13312,20262,
15,000,0.21280838864125753,307752,1446146,
15,001,0.3081653081653082,64650,209790,
15,003,0.17376272469404164,173545,998747,
15,005,0.24691358024691357,20,81,
15,007,0.2872020585048754,21207,73840,
15,009,0.29525683006695663,48330,163688,
16,000,0.7955564970156658,1592401,2001619,
16,001,0.8144770706925545,436396,535799,
16,003,0.8839535814325731,4418,4998,
16,005,0.8107021206460828,73782,91010,
16,007,0.9294881250921965,6301,6779,
16,009,0.8469940165257859,8918,10529,
16,011,0.744286584527108,37876,50889,
16,013,0.7403111515775306,18701,25261,
16,015,0.8800839063046265,7552,8581,
16,017,0.90790473542767125,48986,53955,
16,019,0.8039792283978331,107447,133644,
16,021,0.8632478632478633,12120,14040,
16,023,0.8851919561243144,2421,2735,
16,025,0.8532477947072975,1064,1247,
16,027,0.6819087870749216,181996,266892,
16,029,0.9102085923470092,6589,7239,
16,031,0.6551817061903296,17019,25976,
16,033,0.5906801007556675,469,794,
16,035,0.8814337230903726,8066,9151,
16,037,0.9088536001740265,4178,4597,
16,039,0.7026136096067812,20888,29729,
16,041,0.8941041053843203,13982,15638,
16,043,0.8374192652267518,12058,14399,
16,045,0.8508029464244864,18596,21857,
16,047,0.6396936191240966,10356,16189,
16,049,0.8986712818222421,16097,17912,
16,051,0.8573191025420325,29881,34854,
16,053,0.5646300276327909,14712,26056,
16,055,0.8861371154877524,166880,188323,
16,057,0.8719298245614036,36778,42180,
16,059,0.9231868524473026,7752,8397,
16,061,0.83181330472103,3101,3728,
16,063,0.6337293016558675,3521,5556,
16,065,0.8450557165745558,46942,55549,
16,067,0.5912917015556829,13417,22691,
16,069,0.8606903633860014,36878,42847,
16,071,0.9218247588424437,4587,4976,
16,073,0.6987762786319422,8908,12748,
16,075,0.7667196876581592,21209,27662,
16,077,0.5980193294356282,5012,8381,
16,079,0.8992468381412534,12656,14074,
16,081,0.7949273120940303,10280,12932,
16,083,0.7578049715570568,73135,96509,
16,085,0.9043593957893089,11555,12777,
16,087,0.773117254528122,8921,11539,
17,000,0.5798872051787239,7370458,12710158,
17,001,0.9027905598277933,57877,64109,
17,003,0.6290814105354811,2890,4594,
17,005,0.863597972972973,14315,16576,
17,007,0.6694052107365933,35688,53313,
17,009,0.7429839860472491,4686,6307,
17,011,0.8549529027888937,27774,32486,
17,013,0.9554924242424242,4036,4224,
17,015,0.881960631960632,13621,15444,
17,017,0.6742704318414222,8572,12713,
17,019,0.6155414504600375,130725,212374,
17,021,0.9171053027340813,30491,33247,
17,023,0.9500530644733352,14323,15076,
17,025,0.9475859917323142,12149,12821,
17,027,0.9000188745382479,33379,37087,
17,029,0.8802317816599531,40863,46423,
17,031,0.401905832516661,2082924,5182617,
17,033,0.8997172068740483,16544,18388,
17,035,0.9528384279475982,9819,10305,
17,037,0.7029062022006217,71229,101335,
17,039,0.9253214961812128,14175,15319,
17,041,0.875453995157385,17355,19824,
17,043,0.6192690115265349,580343,937142,
17,045,0.9523112574704232,15616,16398,
17,047,0.9505347593582888,5688,5984,
17,049,0.9439627767181088,32663,34602,
17,051,0.8807959540577587,18635,21157,
17,053,0.8952494238346591,12042,13451,
17,055,0.9451030162287689,35000,37033,
17,057,0.9153183635804368,29757,32510,
17,059,0.9445628997867804,4430,4690,
17,061,0.9651397039502496,11019,11417,
17,063,0.8209900622271756,44198,53835,
17,065,0.9525454080327449,7447,7818,
17,067,0.9414981185324554,16013,17008,
17,069,0.9256338028169014,3286,3550,
17,071,0.9417989417989417,5696,6048,
17,073,0.8842808809182805,42602,48177,
17,075,0.8743622204319638,22792,26067,
17,077,0.7188856933401003,38244,53199,
17,079,0.9622745270567532,8749,9092,
17,081,0.8511092032015952,30731,36107,
17,083,0.9432624113475178,19950,21150,
17,085,0.9220085470085471,19849,21528,
17,087,0.809009009009009,10776,13320,
17,089,0.540667220732557,281686,520997,
17,091,0.682370078000188,72611,106410,
17,093,0.604570758044576,86557,143171,
17,095,0.7987108958042533,38910,48716,
17,097,0.558336719528419,401223,718604,
17,099,0.8262754866685118,89560,108390,
17,101,0.8390649280454023,12419,14801,
17,103,0.8345456713570236,27994,33544,
17,105,0.8725936395759717,30868,35375,
17,107,0.8592557598662693,23645,27518,
17,109,0.8555247168254444,22810,26662,
17,111,0.7605227260498989,240294,315959,
17,113,0.7575914313444025,130358,172069,
17,115,0.7299800470532178,73536,100737,
17,117,0.9498576147625014,41694,43895,
17,119,0.820893706490455,215909,263017,
17,121,0.9012267749814749,32838,36437,
17,123,0.9254674515235457,10691,11552,
17,125,0.946822929123814,11876,12543,
17,127,0.8699640419754898,11855,13627,
17,129,0.9430744796455739,11282,11963,
17,131,0.9330368820298195,14268,15292,
17,133,0.9532157053390146,33333,34969,
17,135,0.9213470939706682,25443,27615,
17,137,0.8687534490158808,28337,32618,
17,139,0.9534284719805082,13696,14365,
17,141,0.8377057162333236,43012,51345,
17,143,0.6598786394254857,118534,179630,
17,145,0.8486089187056038,17203,20272,
17,147,0.9493023815251384,15785,16628,
17,149,0.9497124421377472,13541,14258,
17,151,0.9154739400486093,3390,3703,
17,153,0.6310719409715105,3079,4879,
17,155,0.9007633587786259,5074,5633,
17,157,0.8511520583219075,25452,29903,
17,159,0.9415440697825804,14464,15362,
17,161,0.6674443533640204,95265,142731,
17,163,0.5972112172455395,149989,251149,
17,165,0.9127310961184614,20834,22826,
17,167,0.7704391674599295,149731,194345,
17,169,0.8992592592592593,6070,6750,
17,171,0.951844262295082,4645,4880,
17,173,0.9614935254600331,19751,20542,
17,175,0.921092564491654,4856,5272,
17,177,0.7929121797252136,34165,43088,
17,179,0.9236564192233923,119910,129821,
17,181,0.8882506218168897,14999,16886,
17,183,0.764801845132619,54382,71106,
17,185,0.9267692868202932,10175,10979,
17,187,0.8089658999815009,13119,16217,
17,189,0.9504248245289989,12864,13535,
17,191,0.9391009542943245,14958,15928,
17,193,0.9525195968645017,12759,13395,
17,195,0.8197120222478365,44803,54657,
17,197,0.5792885237156409,410474,708583,
17,199,0.8768340689490636,58804,67064,
17,201,0.6329328024243278,179620,283790,
17,203,0.9427265604596501,36097,38290,
18,000,0.7523941495680053,5209784,6924275,
18,001,0.9263065821123989,33888,36584,
18,003,0.6959566235490051,277892,399295,
18,005,0.7804722625411548,66138,84741,
18,007,0.8871568959674686,7854,8853,
18,009,0.933649289099526,11032,11816,
18,011,0.8452642402853769,66584,78773,
18,013,0.943003194888179,14758,15650,
18,015,0.9289535836506483,19273,20747,
18,017,0.7429910274501451,27906,37559,
18,019,0.794381819750704,101267,127479,
18,021,0.9460339085679685,24998,26424,
18,023,0.7693874449004408,25309,32895,
18,025,0.9511546137033166,10009,10523,
18,027,0.8823943455435962,30087,34097,
18,029,0.9531641878098571,49026,51435,
18,031,0.9382309526513001,24789,26421,
18,033,0.9367922400180465,41528,44330,
18,035,0.846048286425087,95562,112951,
18,037,0.8658002704623072,37774,43629,
18,039,0.6978730789255482,144764,207436,
18,041,0.9484465395328905,22132,23335,
18,043,0.8524734227581746,69844,81931,
18,045,0.9364937919562764,15764,16833,
18,047,0.9635200553250346,22292,23136,
18,049,0.9077184563087383,18158,20004,
18,051,0.9143107936315757,30207,33038,
18,053,0.8209997291522465,54562,66458,
18,055,0.9513757647586406,29701,31219,
18,057,0.7838421507279354,297628,379704,
18,059,0.8652741808354915,76845,88810,
18,061,0.9403922157186453,37595,39978,
18,063,0.7472944830010124,142456,190629,
18,065,0.9225362156435281,45279,49081,
18,067,0.8256463928070217,69422,84082,
18,069,0.9284051537462105,34299,36944,
18,071,0.783171657528469,37138,47420,
18,073,0.8927726360559499,29807,33387,
18,075,0.9261555246974806,18675,20164,
18,077,0.9150694085841864,30125,32921,
18,079,0.9300137511760874,25700,27634,
18,081,0.8234083955595672,140485,170614,
18,083,0.8986396074933095,32236,35872,
18,085,0.8565124149301466,69094,80669,
18,087,0.9353630659987354,38464,41122,
18,089,0.5142627073992703,258651,502955,
18,091,0.7743919962639653,86227,111348,
18,093,0.9463843158081077,42769,45192,
18,095,0.8220634471249124,110339,134222,
18,097,0.4867393758124259,477797,981628,
18,099,0.8439867424242424,39215,46464,
18,101,0.954683698296837,9417,9864,
18,103,0.8747367534327353,31152,35613,
18,105,0.8038691703031939,113106,140702,
18,107,0.8999559961690783,34768,38633,
18,109,0.9332610904165256,68898,73825,
18,111,0.8712759181940415,12312,14131,
18,113,0.851414946351258,40707,47811,
18,115,0.9546364242828552,5724,5996,
18,117,0.9410310734463276,18655,19824,
18,119,0.9479657681570638,20714,21851,
18,121,0.9440877150472499,15585,16508,
18,123,0.9225672877846791,17824,19320,
18,125,0.9535325189831627,11553,12116,
18,127,0.7959342658933243,139973,175860,
18,129,0.9482586667730483,23770,25067,
18,131,0.9156267611303438,11373,12421,
18,133,0.9051687652100306,34219,37804,
18,135,0.9103011874922957,22154,24337,
18,137,0.9496816594783323,27744,29214,
18,139,0.9481472641565726,15890,16759,
18,141,0.688161201706704,188380,273744,
18,143,0.9391943759848087,23246,24751,
18,145,0.8933937880580015,40787,45654,
18,147,0.9318541996830428,18816,20192,
18,149,0.9241358735029621,21683,23463,
18,151,0.9213183408869255,32119,34862,
18,153,0.9109206471494607,18918,20768,
18,155,0.9536443732478975,9525,9988,
18,157,0.7110722671536656,136277,191650,
18,159,0.9320020882276168,14282,15324,
18,161,0.9469785008715863,6519,6884,
18,163,0.8040878777295482,145047,180387,
18,165,0.952758442897654,14783,15516,
18,167,0.8444982386074638,89657,106166,
18,169,0.9288754589466159,28588,30777,
18,171,0.9452135841912199,7988,8451,
18,173,0.9001492334825668,59715,66339,
18,175,0.9562180278708767,27104,28345,
18,177,0.8584701099232044,57011,66410,
18,179,0.9228418640183346,26576,28798,
18,181,0.8501590625377522,21112,24833,
18,183,0.9393435574028952,32769,34885,
19,000,0.8214492850197194,2662718,3241488,
19,001,0.9296191629659535,6908,7431,
19,003,0.9445368829728231,3406,3606,
19,005,0.8665397631133672,12291,14184,
19,007,0.9372212126218404,11346,12106,
19,009,0.9386911183027687,5221,5562,
19,011,0.9483313306717315,24466,25799,
19,013,0.7743071296883972,102478,132348,
19,015,0.9332186015189494,24944,26729,
19,017,0.9373420720151611,23741,25328,
19,019,0.9482467563787199,19660,20733,
19,021,0.5075422751729439,10565,20816,
19,023,0.945676744843176,13387,14156,
19,025,0.9177221707342189,8912,9711,
19,027,0.925123732052727,18879,20407,
19,029,0.9271345208845209,12075,13024,
19,031,0.9339586418737316,17027,18231,
19,033,0.877273903937119,37278,42493,
19,035,0.8949219420140676,10433,11658,
19,037,0.9192763887703729,10773,11719,
19,039,0.7817093658126838,7445,9524,
19,041,0.9110719922301809,15009,16474,
19,043,0.9497371685074715,16080,16931,
19,045,0.8945561230033685,41163,46015,
19,047,0.6099645866406155,9990,16378,
19,049,0.8136514569588098,93849,115343,
19,051,0.9447405634722071,8685,9193,
19,053,0.9060867293625914,6937,7656,
19,055,0.955874836731217,16832,17609,
19,057,0.8473614329228606,32548,38411,
19,059,0.9340235708778499,16960,18158,
19,061,0.8839604199834747,87726,99242,
19,063,0.8571272647893473,7853,9162,
19,065,0.9220446950710108,17659,19152,
19,067,0.9000533049040512,13508,15008,
19,069,0.7970869912210694,7990,10024,
19,071,0.9265475823837388,6017,6494,
19,073,0.9234587854998846,7999,8662,
19,075,0.947037484885127,11748,12405,
19,077,0.9261184332652682,9978,10774,
19,079,0.8366989768443727,12430,14856,
19,081,0.90853428786737,9645,10616,
19,083,0.8920675413022352,14687,16464,
19,085,0.9492684260905238,13884,14626,
19,087,0.8739218015598368,16920,19361,
19,089,0.9347222222222222,8749,9360,
19,091,0.9009046480191328,8664,9617,
19,093,0.9230543318649046,6286,6810,
19,095,0.937222188394325,15392,16423,
19,097,0.9416709644146467,18259,19390,
19,099,0.9162883459731808,34917,38107,
19,101,0.8231417527406375,12990,15781,
19,103,0.7495939530234883,119995,160080,
19,105,0.9214813411630991,19458,21116,
19,107,0.9464231354642314,9327,9855,
19,109,0.9209466962798445,13269,14408,
19,111,0.9047751420805535,29293,32376,
19,113,0.8205659253889767,190176,231762,
19,115,0.7714016933207902,8200,10630,
19,117,0.9430235213519068,8259,8758,
19,119,0.9255130069478106,11456,12378,
19,121,0.9484878503583707,16277,17161,
19,123,0.9140873195969865,20141,22034,
19,125,0.9352384868421053,31843,34048,
19,127,0.6450782333135274,26056,40392,
19,129,0.92335394441802,13589,14717,
19,131,0.9430963130173062,10027,10632,
19,133,0.923241191125875,7782,8429,
19,135,0.9452054794520548,6969,7373,
19,137,0.9231839411706251,9290,10063,
19,139,0.7487895186556537,31548,42132,
19,141,0.8652173913043478,12338,14260,
19,143,0.8374751491053678,5055,6036,
19,145,0.9028461231546748,13577,15038,
19,147,0.9161085253717789,8070,8809,
19,149,0.8707454017424976,22487,25825,
19,151,0.8709677419354839,6102,7006,
19,153,0.7267142594224939,375119,516185,
19,155,0.8442408237017396,78961,93529,
19,157,0.9057656876557928,16715,18454,
19,159,0.9401041666666666,4332,4608,
19,161,0.9116752333997692,8691,9533,
19,163,0.7724842113655389,135649,175601,
19,165,0.9088063615599357,10743,11821,
19,167,0.8213601794605242,30024,36554,
19,169,0.8160744599894633,83646,102498,
19,171,0.7791850878241128,13042,16738,
19,173,0.8848068669527897,5154,5825,
19,175,0.9156838143036387,10947,11955,
19,177,0.9589857281418872,6921,7217,
19,179,0.7327148902777388,26144,35681,
19,181,0.9195640984683102,51811,56343,
19,183,0.8852900888162255,20035,22631,
19,185,0.9527333131984295,6309,6622,
19,187,0.8320192906879081,30709,36909,
19,189,0.8924203024174131,9266,10383,
19,191,0.9363687065862192,18468,19723,
19,193,0.6580642755251406,70582,107257,
19,195,0.9254139865882031,6762,7307,
19,197,0.7475056956555896,9515,12729,
20,000,0.7291128476815841,2165907,2970606,
20,001,0.8844265593561368,10989,12425,
20,003,0.9188163884673748,7266,7908,
20,005,0.874515354791064,14210,16249,
20,007,0.9071253071253071,3692,4070,
20,009,0.7904167505536541,19630,24835,
20,011,0.8901830282861897,12840,14424,
20,013,0.8254211332312404,7546,9142,
20,015,0.8585846901298476,59378,69158,
20,017,0.8520143597925808,2136,2507,
20,019,0.8194070080862533,2736,3339,
20,021,0.8595620132754926,16446,19133,
20,023,0.8613000755857899,2279,2646,
20,025,0.802989855846236,1504,1873,
20,027,0.9090224620404066,7244,7969,
20,029,0.9041614123581336,7887,8723,
20,031,0.9029032646669076,7495,8301,
20,033,0.8860684769775679,1501,1694,
20,035,0.7732990112911718,26436,34186,
20,037,0.8319195969566111,32365,38904,
20,039,0.8910162002945509,2420,2716,
20,041,0.8845926641963374,16472,18621,
20,043,0.8773597359735974,6646,7575,
20,045,0.7644705670183377,93257,121989,
20,047,0.6968143537165873,1903,2731,
20,049,0.8768472906403941,2136,2436,
20,051,0.8718585169097115,25290,29007,
20,053,0.8476884103863205,5354,6316,
20,055,0.3556864994524691,13642,38354,
20,057,0.3375205447288096,11500,34072,
20,059,0.8952536824877251,23521,26273,
20,061,0.5567838912546885,19743,35459,
20,063,0.927012791572611,2464,2658,
20,065,0.8721518987341772,2067,2370,
20,067,0.42398196421022966,3009,7097,
20,069,0.7881326352530541,4516,5730,
20,071,0.7795138888888888,898,1152,
20,073,0.9049565661727134,5313,5871,
20,075,0.502411575562701,1250,2488,
20,077,0.8634768150748199,4674,5413,
20,079,0.8176089412044468,27506,33642,
20,081,0.6402116402116402,2299,3591,
20,083,0.8362223550508069,1399,1673,
20,085,0.81818853974122,11066,13525,
20,087,0.9185577132882391,16839,18332,
20,089,0.9344601586754053,2709,2899,
20,091,0.764025520500541,483075,632276,
20,093,0.5866596638655462,2234,3808,
20,095,0.9169306075439102,6369,6946,
20,097,0.8464696223316913,2062,2436,
20,099,0.8395795246800731,16533,19692,
20,101,0.8286099865047234,1228,1482,
20,103,0.7837132396362348,66357,84670,
20,105,0.9057377049180327,2652,2928,
20,107,0.916776750330251,9022,9841,
20,109,0.8596881959910914,2316,2694,
20,111,0.6677736777367773,21716,32520,
20,113,0.8879145513285422,26934,30334,
20,115,0.9089974293059125,10608,11670,
20,117,0.9322613065326634,9276,9950,
20,119,0.7315005138746146,2847,3892,
20,121,0.9061756722724348,32384,35737,
20,123,0.929519214199552,5394,5803,
20,125,0.7780951442923274,23700,30459,
20,127,0.9083159689335102,4795,5279,
20,129,0.6712273641851106,1668,2485,
20,131,0.9389783343271715,9448,10062,
20,133,0.8829732510288066,13732,15552,
20,135,0.830722200993504,2174,2617,
20,137,0.8586691658856608,4581,5335,
20,139,0.9248903857151934,14555,15737,
20,141,0.9155979719654042,3070,3353,
20,143,0.926020844011618,5420,5853,
20,145,0.8008982035928144,4815,6012,
20,147,0.9195013733361505,4352,4733,
20,149,0.8817532370888526,23698,26876,
20,151,0.8541096640035022,7804,9137,
20,153,0.8745888157894737,2127,2432,
20,155,0.8210918800983441,50429,61417,
20,157,0.9317147192716236,4298,4613,
20,159,0.7959931064196467,7390,9284,
20,161,0.7427401904709401,53891,72557,
20,163,0.9115417017691659,4328,4748,
20,165,0.9092526690391459,2555,2810,
20,167,0.8974320241691843,5941,6620,
20,169,0.7727043154567051,41308,53459,
20,171,0.7448107448107448,3660,4914,
20,173,0.6511814445951265,349086,536081,
20,175,0.2423387854859936,5156,21276,
20,177,0.7168965168425667,127566,177942,
20,179,0.9023779724655819,2163,2397,
20,181,0.822463768115942,4767,5796,
20,183,0.9265744140073425,3281,3541,
20,185,0.8203024865419123,3200,3901,
20,187,0.43408981168517624,899,2071,
20,189,0.5620655412115194,2830,5035,
20,191,0.8784921203438395,19622,22336,
20,193,0.8681107408356832,6773,7802,
20,195,0.9257390050468637,2568,2774,
20,197,0.8966535433070866,6377,7112,
20,199,0.8811141304347826,1297,1472,
20,201,0.9151112706389088,5099,5572,
20,203,0.6491312741312741,1345,2072,
20,205,0.9009287925696594,7566,8398,
20,207,0.9234972677595629,2873,3111,
20,209,0.3613547556930196,61220,169418,
21,000,0.8125869044619748,3728451,4588372,
21,001,0.9081033317740007,17471,19239,
21,003,0.9315696328901393,20529,22037,
21,005,0.9180163163605675,22843,24883,
21,007,0.9118804091266719,6954,7626,
21,009,0.8807033699489136,40168,45609,
21,011,0.9464906184850591,12258,12951,
21,013,0.9283328272092317,21399,23051,
21,015,0.8210011447601208,118335,144135,
21,017,0.833521861014115,16948,20333,
21,019,0.9228289762856605,44090,47777,
21,021,0.8341721348028286,26188,31394,
21,023,0.9544545133576556,8110,8497,
21,025,0.9604810996563574,12298,12804,
21,027,0.9293624240139484,19722,21221,
21,029,0.9054334397799585,77688,85802,
21,031,0.9107640825432236,11431,12551,
21,033,0.8970739830306875,11313,12611,
21,035,0.8722001282873637,33994,38975,
21,037,0.9095502510424645,85505,94008,
21,039,0.9047519363617333,4322,4777,
21,041,0.8685986859868599,9651,11111,
21,043,0.964020231435359,25159,26098,
21,045,0.9289566089791823,14815,15948,
21,047,0.6369180069289919,45225,71006,
21,049,0.8804448809492209,33169,37673,
21,051,0.9232850142915475,18089,19592,
21,053,0.9249700533594686,8494,9183,
21,055,0.941104431084391,8453,8982,
21,057,0.9192988258640649,5559,6047,
21,059,0.8497372124414831,88761,104457,
21,061,0.940799366838148,11887,12635,
21,063,0.9204185598237643,6685,7263,
21,065,0.9587201828310241,13424,14002,
21,067,0.6552785509824337,215873,329437,
21,069,0.9467641588095697,14761,15591,
21,071,0.9691879995366617,33468,34532,
21,073,0.8042599443194386,42177,52442,
21,075,0.6846545686087233,4301,6282,
21,077,0.8944917660420216,7876,8805,
21,079,0.9167960088691796,16539,18040,
21,081,0.9327812767280926,23993,25722,
21,083,0.8346867276825725,30734,36821,
21,085,0.9488732914665682,25686,27070,
21,087,0.9340373961218836,10790,11552,
21,089,0.9539591188727922,33649,35273,
21,091,0.9486297570176412,8550,9013,
21,093,0.7435608813571339,83893,112826,
21,095,0.9485470221938368,23763,25052,
21,097,0.9301408450704225,18161,19525,
21,099,0.9138182000702706,18206,19923,
21,101,0.8452971137521222,37341,44175,
21,103,0.8939992591677985,14481,16198,
21,105,0.8547689506032324,3755,4393,
21,107,0.8625547348401079,39003,45218,
21,109,0.9670609372660578,12918,13358,
21,111,0.6044444948298296,479857,793881,
21,113,0.8493494999557483,47984,56495,
21,115,0.9640238935650285,21303,22098,
21,117,0.8528096441765507,149124,174862,
21,119,0.9650989730614675,12969,13438,
21,121,0.9505681626597431,28191,29657,
21,123,0.9086462189317821,13746,15128,
21,125,0.9497734913895158,60171,63353,
21,127,0.9632864919610077,15218,15798,
21,129,0.9347736906878162,6836,7313,
21,131,0.9659780039058485,9398,9729,
21,133,0.9691146531605342,19517,20139,
21,135,0.9669902912621359,12450,12875,
21,137,0.9297872340425531,23161,24910,
21,139,0.9357912648893931,8249,8815,
21,141,0.8735377805880493,24867,28467,
21,143,0.8788279356686495,7978,9078,
21,145,0.8128645447816433,54909,67550,
21,147,0.8926533523537803,15018,16824,
21,149,0.9408284023668639,8586,9126,
21,151,0.8776586130023498,87399,99582,
21,153,0.9742759489116748,10832,11118,
21,155,0.8614175608281699,17100,19851,
21,157,0.9539925631814458,30274,31734,
21,159,0.875,9359,10696,
21,161,0.8691318707242274,14737,16956,
21,163,0.8788187372708758,26753,30442,
21,165,0.9545812963255007,6053,6341,
21,167,0.8984903253242611,21128,23515,
21,169,0.9264065163856791,9781,10558,
21,171,0.9088058765564813,10145,11163,
21,173,0.9180772305446456,26414,28771,
21,175,0.8841958041958042,12644,14300,
21,177,0.9199331410592554,28069,30512,
21,179,0.884141584199072,43063,48706,
21,181,0.9503582395087001,7428,7816,
21,183,0.9145949107926294,21889,23933,
21,185,0.86523927685218,61021,70525,
21,187,0.9428946217752514,10782,11435,
21,189,0.9529022403258656,3743,3928,
21,191,0.9514281864726489,14123,14844,
21,193,0.950035528628595,25403,26739,
21,195,0.9618437669132239,53315,55430,
21,197,0.9499535891089109,12281,12928,
21,199,0.9278896502199216,62022,66842,
21,201,0.9303106633081444,2216,2382,
21,203,0.9603722420806113,15583,16226,
21,205,0.9302938196555218,22955,24675,
21,207,0.9175425289847221,16936,18458,
21,209,0.8359805510534846,51580,61700,
21,211,0.7834570265740962,39270,50124,
21,213,0.8359213759213759,17011,20350,
21,215,0.9276761273591702,19317,20823,
21,217,0.8765713006826066,23500,26809,
21,219,0.8425178333463981,10748,12757,
21,221,0.8668177759461502,12620,14559,
21,223,0.9292282621347923,7983,8591,
21,225,0.8703141599635756,11469,13178,
21,227,0.724380813324681,107162,147936,
21,229,0.8677968864618143,10647,12269,
21,231,0.9156859748331551,17974,19629,
21,233,0.851019138011514,10939,12854,
21,235,0.943302983912121,35122,37233,
21,237,0.9432746700188561,6003,6364,
21,239,0.8392599538372764,23271,27728,
22,000,0.5605732381561376,2577370,4597740,
22,001,0.764309942760229,43263,56604,
22,003,0.6577929869783565,14801,22501,
22,005,0.630094208216634,84139,133534,
22,007,0.6471321695760599,12975,20050,
22,009,0.6291142209365961,24141,38373,
22,011,0.8066494072761957,29600,36695,
22,013,0.5388333870447953,6688,12412,
22,015,0.6179539595124407,81015,131102,
22,017,0.4208668122173656,94650,224893,
22,019,0.6541107313606721,135310,206861,
22,021,0.7807942084531033,7334,9393,
22,023,0.877297990594271,4104,4678,
22,025,0.6355072463768116,5262,8280,
22,027,0.4462584028957672,6041,13537,
22,029,0.5446985446985447,9694,17797,
22,031,0.5974187871232676,16294,27274,
22,033,0.41616963414580305,188534,453022,
22,035,0.2719094602437609,1874,6892,
22,037,0.5498639598158225,10509,19112,
22,039,0.6491730981256891,20608,31745,
22,041,0.6501805620976605,12423,19107,
22,043,0.7401510697001221,16364,22109,
22,045,0.5706100088836246,38539,67540,
22,047,0.46297789424175234,13781,29766,
22,049,0.6759478272622829,10002,14797,
22,051,0.4703044800153539,200939,427253,
22,053,0.7736989438859906,24322,31436,
22,055,0.6170995236802876,156892,254241,
22,057,0.7422227349961192,70765,95342,
22,059,0.7555434634743572,11108,14702,
22,061,0.5339427481707191,25759,48243,
22,063,0.7924662820663763,121157,152886,
22,065,0.3288243703948092,2990,9093,
22,067,0.47404044225837644,11276,23787,
22,069,0.5155633372241677,18551,35982,
22,071,0.30844965963700127,111875,362701,
22,073,0.5546068383647719,87558,157874,
22,075,0.5972004127596572,13311,22289,
22,077,0.6041824137062233,11990,19845,
22,079,0.5955885273115752,74984,125899,
22,081,0.5530533296490743,4003,7238,
22,083,0.6032683398666191,11850,19643,
22,085,0.672767405499862,14630,21746,
22,087,0.5484223924256972,24560,44783,
22,089,0.63682539682539685,32096,50400,
22,091,0.45482177397071016,4938,10857,
22,093,0.4964939822082679,9488,19110,
22,095,0.2879024537713508,11428,39694,
22,097,0.5262708825384264,42559,80869,
22,099,0.6363387871451442,32592,51218,
22,101,0.536635398192269,25114,46799,
22,103,0.7267798930173082,201765,277615,
22,105,0.6070603548772376,84881,139823,
22,107,0.41467221644120705,1594,3844,
22,109,0.6390664715397057,66376,103864,
22,111,0.6887520007760586,14200,20617,
22,113,0.7615933103173088,43899,57641,
22,115,0.70243785329230235,32185,45819,
22,117,0.6375914836992681,28749,45090,
22,119,0.6075204638472033,21375,35184,
22,121,0.5146877748460862,14630,28425,
22,123,0.7904689863842662,7315,9254,
22,125,0.5086110194655229,7708,15155,
22,127,0.5977620290936217,8013,13405,
23,000,0.912849854663163,1282565,1405012,
23,001,0.8714171698244153,100450,115272,
23,003,0.9289565113214329,62032,66776,
23,005,0.8762495658186986,274975,313809,
23,007,0.9430457575561453,29142,30902,
23,009,0.930355073227268,52980,56946,
23,011,0.9289122768778073,119329,128461,
23,013,0.942436738976599,38622,40981,
23,015,0.9485078512509934,34612,36491,
23,017,0.944386149003148,56700,60039,
23,019,0.9198928844682479,144276,156840,
23,021,0.9363240018357044,16322,17432,
23,023,0.9360065989037305,35177,37582,
23,025,0.9479722622618723,48667,51338,
23,027,0.9487160548538789,38534,40617,
23,029,0.8831851639422618,27717,31383,
23,031,0.9222641646566095,203030,220143,
24,000,0.46425895944897355,2907756,6263220,
24,001,0.8599937404056813,57703,67097,
24,003,0.612019589939404,368650,602350,
24,005,0.5047235827198874,430239,852425,
24,009,0.7425853149726592,70481,94913,
24,011,0.724509460406447,24813,34248,
24,013,0.8448460826162567,149629,177108,
24,015,0.8096232538450684,86067,106305,
24,017,0.30211258726028495,52712,174478,
24,019,0.6107489890759853,20239,33138,
24,021,0.6402710170154051,191644,299317,
24,023,0.9538266474130948,27082,28393,
24,025,0.7152052245832612,189897,265514,
24,027,0.4554918332018324,154716,339668,
24,029,0.7676535255918597,15013,19557,
24,031,0.3962188837751658,428817,1082273,
24,033,0.1070679650620869,103495,966629,
24,035,0.8378036060199672,44980,53688,
24,037,0.7073813632812165,82388,116469,
24,039,0.5051701596608692,12751,25241,
24,041,0.7368476100826273,28180,38244,
24,043,0.7160302236242908,112580,157228,
24,045,0.5815346706919091,61834,106329,
24,047,0.7982590131954286,43375,54337,
24,510,0.2647873989698577,150471,568271,
25,000,0.676188673169407,4825398,7136171,
25,001,0.8794599475426753,204536,232570,
25,003,0.8541398008172397,109950,128726,
25,005,0.7661779871660044,450967,588593,
25,007,0.8540904990266369,17988,21061,
25,009,0.6476179032888397,533597,823938,
25,011,0.882716484880981,62559,70871,
25,013,0.5882956193135424,273058,464151,
25,015,0.805851305026028,133287,165399,
25,017,0.6674921328063772,1114015,1668956,
25,019,0.6805725971370143,9984,14670,
25,021,0.6895987061831593,510823,740754,
25,023,0.7820804663432271,423958,542090,
25,025,0.4421731741020546,350707,793144,
25,027,0.714860062093758,629969,881248,
26,000,0.730336861477375,7405951,10140459,
26,001,0.940417921686747,9991,10624,
26,003,0.8227717078780908,7154,8695,
26,005,0.8696959053818948,106476,122429,
26,007,0.9459917655606684,27342,28903,
26,009,0.9355640691229214,22955,24536,
26,011,0.9320607145224366,14062,15087,
26,013,0.7310564328559187,5972,8169,
26,015,0.9236235845372901,59135,64025,
26,017,0.885885183778044,90937,102651,
26,019,0.9287796976241901,17201,18520,
26,021,0.7411642207422251,113178,152703,
26,023,0.8657630935111611,39987,46187,
26,025,0.7537392084314385,100839,133785,
26,027,0.8534044616876819,43993,51550,
26,029,0.930243248419843,24284,26105,
26,031,0.9061777846248652,23528,25964,
26,033,0.6892119272887761,24986,36253,
26,035,0.9396274478586213,29509,31405,
26,037,0.8790256089943785,70366,80050,
26,039,0.9299213177439518,12646,13599,
26,041,0.9174639518085426,33659,36687,
26,043,0.9338718984420081,24276,25995,
26,045,0.8027654483350686,87898,109494,
26,047,0.9069781142301688,30791,33949,
26,049,0.7092043084525914,285298,402279,
26,051,0.9468743989228697,24614,25995,
26,053,0.909685587676725,12933,14217,
26,055,0.9162328589909444,88531,96625,
26,057,0.8355167746301847,34567,41372,
26,059,0.937332748409739,42733,45590,
26,061,0.9161431087510844,34851,38041,
26,063,0.9390838206627681,28905,30780,
26,065,0.6704782957507395,194725,290427,
26,067,0.8626566037735849,57151,66250,
26,069,0.9220850912818895,23385,25361,
26,071,0.9277478862413528,10863,11709,
26,073,0.8358741086796164,54392,65072,
26,075,0.8347593816504715,133756,160233,
26,077,0.751469144195181,198974,264780,
26,079,0.9301750993662048,17318,18618,
26,081,0.7097021999934622,477631,673002,
26,083,0.956964368347987,2068,2161,
26,085,0.7760861207227989,10093,13005,
26,087,0.9069621388839045,80872,89168,
26,089,0.900354160290324,20592,22871,
26,091,0.8544492869273423,83519,97746,
26,093,0.9333116724880188,183840,196976,
26,095,0.7511061946902655,4753,6328,
26,097,0.707735104091888,7887,11144,
26,099,0.7379998307332073,653997,886175,
26,101,0.8827540264116932,22527,25519,
26,103,0.9135321202135954,62101,67979,
26,105,0.9007321348778057,26205,29093,
26,107,0.9014470641523827,37813,41947,
26,109,0.9127982646420825,21040,23050,
26,111,0.9035609721263479,75919,84022,
26,113,0.928801102434543,14154,15239,
26,115,0.892377198884937,139251,156045,
26,117,0.8776726202498774,60835,69314,
26,119,0.9428164428164428,9266,9828,
26,121,0.7562560587956805,134181,177428,
26,123,0.890746349798074,45877,51504,
26,125,0.6875921436546564,891730,1296888,
26,127,0.8059524690901014,21772,27014,
26,129,0.9323326185370503,19565,20985,
26,131,0.9266826923076923,5397,5824,
26,133,0.9318259240333844,21883,23484,
26,135,0.9375290832945556,8059,8596,
26,137,0.9304911244872139,24270,26083,
26,139,0.8237791238754552,252270,306235,
26,141,0.9464096749811035,12521,13230,
26,143,0.9412084238676249,22525,23932,
26,145,0.6830497458900242,128218,187714,
26,147,0.9020822416847568,144611,160308,
26,149,0.8388615520426346,51314,61171,
26,151,0.9284739284739285,37411,40293,
26,153,0.8401809733431157,6871,8178,
26,155,0.9321438027713218,63369,67982,
26,157,0.9237826260022367,48736,52757,
26,159,0.7951503369281089,60534,76129,
26,161,0.6758194583751254,252672,373875,
26,163,0.48653040575067064,861676,1771063,
26,165,0.9275972141613464,31965,34460,
27,000,0.7598614294707664,4401992,5793151,
27,001,0.9351698806244261,15276,16335,
27,003,0.7348636025899586,276926,376840,
27,005,0.8608227062408306,30511,35444,
27,007,0.714533167956888,33413,46762,
27,009,0.8615840118430792,36084,41881,
27,011,0.9336885731201895,4731,5067,
27,013,0.8375954738330976,59218,70700,
27,015,0.9158304161804746,23546,25710,
27,017,0.8708939991835624,32001,36745,
27,019,0.8595997442909401,96815,112628,
27,021,0.8379237961961707,26346,31442,
27,023,0.8016911944060493,9860,12299,
27,025,0.9053887149987311,53513,59105,
27,027,0.8310944231689804,55557,66848,
27,029,0.8433371958285052,7278,8630,
27,031,0.8260635433494884,4602,5571,
27,033,0.7865584759216793,8918,11338,
27,035,0.9398036187756768,64510,68642,
27,037,0.7222413473505812,327288,453156,
27,039,0.9003389511345448,19125,21242,
27,041,0.9453334335011143,37750,39933,
27,043,0.8829756589370589,12261,13886,
27,045,0.9514463770812017,20458,21502,
27,047,0.813287589892459,24654,30314,
27,049,0.9035471635196533,43354,47982,
27,051,0.931903748567687,5693,6109,
27,053,0.6553630076633468,834496,1273334,
27,055,0.9480710549258936,17399,18352,
27,057,0.9173242630385487,20227,22050,
27,059,0.9073408565477145,39639,43687,
27,061,0.9145064037674399,41557,45442,
27,063,0.8919987830848798,8796,9861,
27,065,0.9332249518304432,15499,16608,
27,067,0.7469445314948292,33369,44674,
27,069,0.9256012024048096,3695,3992,
27,071,0.9196998447472831,10663,11594,
27,073,0.9225437010247137,6122,6636,
27,075,0.9455973079080202,10116,10698,
27,077,0.9141427442717935,3471,3797,
27,079,0.8911331387059542,26251,29458,
27,081,0.9390726096333573,5225,5564,
27,083,0.8058411854400438,20611,25577,
27,085,0.8853452963567157,32563,36780,
27,087,0.4516616314199396,2392,5296,
27,089,0.9181393227682134,8053,8771,
27,091,0.8861510147742958,17334,19561,
27,093,0.9251628283172278,21733,23491,
27,095,0.8852304456612394,24412,27577,
27,097,0.9510428736964078,32830,34520,
27,099,0.7111980440097799,29088,40900,
27,101,0.9011685728493287,7249,8044,
27,103,0.8583190792334676,29606,34493,
27,105,0.5119031362374254,11246,21969,
27,107,0.8658497772119669,5441,6284,
27,109,0.7537314329663991,125439,166424,
27,111,0.9136390513106892,55626,60884,
27,113,0.8827278054497509,12051,13652,
27,115,0.878590982552195,26638,30319,
27,117,0.848021978021978,7717,9100,
27,119,0.8494393844737448,25834,30413,
27,121,0.9449325793823401,10862,11495,
27,123,0.5763844174054223,312409,542015,
27,125,0.9088098918083463,3528,3882,
27,127,0.8481709715484463,12938,15254,
27,129,0.8446689268663945,12208,14453,
27,131,0.7677508149221297,52994,69025,
27,133,0.9090813648293963,8659,9525,
27,135,0.8976744186046511,13703,15265,
27,137,0.9027261770770043,181262,200794,
27,139,0.7539343282063026,118523,157206,
27,141,0.8624865368381218,88887,103059,
27,143,0.862643148611294,13107,15194,
27,145,0.7901607956243102,129584,163997,
27,147,0.84236255810226,31533,37434,
27,149,0.7971280171096853,7827,9819,
27,151,0.8624043037450859,8336,9666,
27,153,0.8597572722018879,22315,25955,
27,155,0.8420548819400128,2639,3134,
27,157,0.9342263836099008,20155,21574,
27,159,0.9282399390455081,13401,14437,
27,161,0.8672661100406766,16204,18684,
27,163,0.7637096774193548,216863,283960,
27,165,0.6445912174223491,7222,11204,
27,167,0.8967772814294831,5621,6268,
27,169,0.8905809136933944,44505,49973,
27,171,0.8827372520101169,136465,154593,
27,173,0.8712258615171237,8166,9373,
28,000,0.5537947941672655,1629843,2943045,
28,001,0.3684871311989956,10566,28674,
28,003,0.8131646605118616,27833,34228,
28,005,0.5886274194843788,7329,12451,
28,007,0.5160840785042388,8888,17222,
28,009,0.606132698916204,4586,7566,
28,011,0.31688677584081704,8998,28395,
28,013,0.6333699231613611,8078,12754,
28,015,0.6301983365323096,5910,9378,
28,017,0.49612495528794565,8322,16774,
28,019,0.6737115313311086,5451,8091,
28,021,0.11696626446688008,950,8122,
28,023,0.6251402177499176,9474,15155,
28,025,0.37138307802119364,6764,18213,
28,027,0.1816960954986322,3653,20105,
28,029,0.43317838466008135,11928,27536,
28,031,0.5950041631973355,10719,18015,
28,033,0.5422191136002777,106205,195871,
28,035,0.5590361445783133,43848,78435,
28,037,0.6249334752527941,4697,7516,
28,039,0.8633307573415765,22343,25880,
28,041,0.7083729433272394,9687,13675,
28,043,0.5264918064115427,11020,20931,
28,045,0.8381657059279016,38968,46492,
28,047,0.6088148598699293,130122,213730,
28,049,0.22635688170774856,47982,211975,
28,051,0.15462724935732647,2406,15560,
28,053,0.19856761690773767,1414,7121,
28,055,0.28185328185328185,365,1295,
28,057,0.8819323911067031,21341,24198,
28,059,0.6616848750357138,97269,147002,
28,061,0.44730679156908665,7067,15799,
28,063,0.1344927536231884,928,6900,
28,065,0.38149923139524367,4219,11059,
28,067,0.6286130899038535,41386,65837,
28,069,0.3292455033870591,2819,8562,
28,071,0.6916765536487142,41392,59843,
28,073,0.7024754997452572,46879,66734,
28,075,0.5038250127500425,35564,70588,
28,077,0.6380226182316655,7447,11672,
28,079,0.46039511695088997,9881,21462,
28,081,0.6219462246422204,51629,83012,
28,083,0.20621630920977177,5394,26157,
28,085,0.6688408284700766,23380,34956,
28,087,0.49428421604614575,28278,57210,
28,089,0.535558920584348,61186,114247,
28,091,0.6463678773742086,15518,24008,
28,093,0.4813812765462268,16547,34374,
28,095,0.6629632948063197,22198,33483,
28,097,0.5188609074487303,4883,9411,
28,099,0.5704966693128085,16529,28973,
28,101,0.5954517400180411,12542,21063,
28,103,0.2596437659033079,2551,9825,
28,105,0.5452900991051669,28336,51965,
28,107,0.46612135270418753,15272,32764,
28,109,0.8048111129933931,47508,59030,
28,111,0.7724004909696651,8810,11406,
28,113,0.41080041046690613,16013,38980,
28,115,0.7419878803023677,23754,32014,
28,117,0.7994821295460787,20378,25489,
28,119,0.23890292313244316,1324,5542,
28,121,0.7035927584338587,112978,160573,
28,123,0.45948095134822525,12712,27666,
28,125,0.22850958565244278,739,3234,
28,127,0.611126303863734,15643,25597,
28,129,0.727563874457334,10223,14051,
28,131,0.7598242117635035,14869,19569,
28,133,0.22502062616700683,5182,23029,
28,135,0.3757897628422306,4104,10921,
28,137,0.6440755139925046,18389,28551,
28,139,0.7579237268356439,16237,21423,
28,141,0.9164555597477497,17003,18553,
28,143,0.17691383640930436,1620,9157,
28,145,0.7643056094207242,21678,28363,
28,147,0.5292289905339981,7324,13839,
28,149,0.4594228713929462,19344,42105,
28,151,0.2356912168232923,9706,41181,
28,153,0.5619525039242493,11098,19749,
28,155,0.7786632134674768,7817,10039,
28,157,0.2884910485933504,2256,7820,
28,159,0.4919623378114594,8569,17418,
28,161,0.5757746026649543,7173,12458,
28,163,0.3670517720639333,8451,23024,
29,000,0.7734703863570789,4830683,6245466,
29,001,0.864809041309431,22191,25660,
29,003,0.930960145928915,16842,18091,
29,005,0.9466822338976455,4865,5139,
29,007,0.8752057274522712,21271,24304,
29,009,0.8267168285698242,29446,35618,
29,011,0.9123495775369121,10690,11717,
29,013,0.921983652555813,15115,16394,
29,015,0.9356747841272921,19288,20614,
29,017,0.946559849198869,10043,10610,
29,019,0.7567940297886071,145421,192154,
29,021,0.7981429631225022,66704,83574,
29,023,0.8676998134596068,36282,41814,
29,025,0.9254444444444444,8329,9000,
29,027,0.8830829233701192,39850,45126,
29,029,0.9250934632377932,40829,44135,
29,031,0.8376604747902173,70077,83658,
29,033,0.9308295697646779,7832,8414,
29,035,0.9233065870498227,4948,5359,
29,037,0.8423858157772255,95925,113873,
29,039,0.9285761831857818,13950,15023,
29,041,0.9317290793564958,6892,7397,
29,043,0.907626633348951,87173,96045,
29,045,0.9613468216820172,6367,6623,
29,047,0.766192049208338,201792,263370,
29,049,0.9242208001473229,20075,21721,
29,051,0.80343961352657,62367,77625,
29,053,0.8832496203714519,15123,17122,
29,055,0.9418186601192564,21481,22808,
29,057,0.9216741012857518,7025,7622,
29,059,0.9319796386418303,16661,17877,
29,061,0.9512937595129376,8125,8541,
29,063,0.9082355321732092,8977,9884,
29,065,0.9286733238231099,13671,14721,
29,067,0.9228641171684296,11342,12290,
29,069,0.7742759795570698,20907,27002,
29,071,0.9380640710076825,100613,107256,
29,073,0.9508700102354145,13935,14655,
29,075,0.9420450936805335,5933,6298,
29,077,0.8475849348253892,261007,307942,
29,079,0.9179807495392177,8965,9766,
29,081,0.9363547520156364,7665,8186,
29,083,0.9227906976744186,20832,22575,
29,085,0.9331508099475245,8180,8766,
29,087,0.9382221174251356,3979,4241,
29,089,0.8903448275862069,9037,10150,
29,091,0.9301555370197733,37915,40762,
29,093,0.9262208067940552,8725,9420,
29,095,0.5975896458709693,434664,727362,
29,097,0.807288166414978,102105,126479,
29,099,0.926145380528531,214762,231888,
29,101,0.839924838940587,46935,55880,
29,103,0.9513368983957219,3558,3740,
29,105,0.9184495617616637,33742,36738,
29,107,0.9052549908985109,30336,33511,
29,109,0.8688922377461623,34018,39151,
29,111,0.9139261063743402,9004,9852,
29,113,0.9211996114618747,60696,65888,
29,115,0.9329974811083124,11112,11910,
29,117,0.9143130031382181,13402,14658,
29,119,0.7346387295252349,17671,24054,
29,121,0.9261382354879093,14056,15177,
29,123,0.9299719887955182,11952,12852,
29,125,0.9304020691276745,7914,8506,
29,127,0.8935795954265612,25400,28425,
29,129,0.9110660486674391,3145,3452,
29,131,0.9353669939223936,24009,25668,
29,133,0.7177021276595744,8433,11750,
29,135,0.889041454165032,13597,15294,
29,137,0.9146231721034871,8131,8890,
29,139,0.929719398835896,10702,11511,
29,141,0.928568239653556,20799,22399,
29,143,0.7806337102287667,11875,15212,
29,145,0.8250621759131326,50757,61519,
29,147,0.9166463444373995,18794,20503,
29,149,0.9274629267731923,8068,8699,
29,151,0.9671316219023594,13035,13478,
29,153,0.9335533553355335,8486,9090,
29,155,0.6691885888804053,9641,14407,
29,157,0.9356544502617801,17871,19100,
29,159,0.8185928615468931,35847,43791,
29,161,0.867358556664915,39614,45672,
29,163,0.8863649017315294,15920,17961,
29,165,0.7716130627964701,87352,113207,
29,167,0.9186876322951315,30381,33070,
29,169,0.6980950263138389,37672,53964,
29,171,0.9380920907688918,4258,4539,
29,173,0.9470425754833793,9943,10499,
29,175,0.8827096399053038,21253,24077,
29,177,0.9262037156773999,21487,23199,
29,179,0.9227265058208199,5469,5927,
29,181,0.9312179188054129,9978,10715,
29,183,0.8289767444055829,351259,423726,
29,185,0.9379569455727051,9237,9848,
29,186,0.9409036989108164,17450,18546,
29,187,0.9143149193369183,61719,67503,
29,189,0.6288898803439118,624443,992929,
29,195,0.744908896034298,17375,23325,
29,197,0.9562546080117965,3891,4069,
29,199,0.9629629629629629,4524,4698,
29,201,0.8180045841346787,31049,37957,
29,203,0.9193127147766323,6688,7275,
29,205,0.9367195410057374,5551,5926,
29,207,0.9383571277867642,26685,28438,
29,209,0.9281336193686791,30285,32630,
29,211,0.7605217391304347,4373,5750,
29,213,0.8610778232059777,48861,56744,
29,215,0.8998638926696481,23140,25715,
29,217,0.920149593167231,18207,19787,
29,219,0.9059982327563803,34861,38478,
29,221,0.934825933935462,22046,23583,
29,223,0.9390018484288355,10160,10820,
29,225,0.9289740967151114,39055,42041,
29,227,0.9524572649572649,1783,1872,
29,229,0.9306331709817995,18152,19505,
29,510,0.4554353849729169,127383,279695,
30,000,0.849024782080717,965539,1137233,
30,001,0.8888666799920047,8894,10006,
30,003,0.26844326351984993,3435,12796,
30,005,0.4427060698247139,3056,6903,
30,007,0.9189351963382317,7629,8302,
30,009,0.9204209427726561,10583,11498,
30,011,0.9413867047891351,1317,1399,
30,013,0.836020964707831,70663,84523,
30,015,0.7681972789115646,4517,5880,
30,017,0.8993647609495152,10760,11964,
30,019,0.9015384615384615,1465,1625,
30,021,0.9083724659260107,7931,8731,
30,023,0.902660279278361,8856,9811,
30,025,0.9314324507807196,2744,2946,
30,027,0.9253920080930703,10977,11862,
30,029,0.9108681795559126,104319,114527,
30,031,0.8906948906948907,113104,126984,
30,033,0.9635901778154107,1138,1181,
30,035,0.29630452492038806,4001,13503,
30,037,0.8876013904982619,766,863,
30,039,0.924764019988895,3331,3602,
30,041,0.6802365390600684,10928,16065,
30,043,0.9083734215273602,12085,13304,
30,045,0.9355755566082425,1975,2111,
30,047,0.6645211507948388,22197,33403,
30,049,0.9012764711363123,67712,75129,
30,051,0.9338159255429163,1806,1934,
30,053,0.9184547421565092,20375,22184,
30,055,0.9429237041351194,1619,1717,
30,057,0.9143853173382549,8918,9753,
30,059,0.9341404358353511,1929,2065,
30,061,0.8891241578440808,4619,5195,
30,063,0.8719011636446722,106848,122546,
30,065,0.8897652237710931,4851,5452,
30,067,0.9177824499280735,16588,18074,
30,069,0.940952380952381,494,525,
30,071,0.8160892263882297,3439,4214,
30,073,0.7943402435011517,4828,6078,
30,075,0.9175317185697809,1591,1734,
30,077,0.8720505617977528,6209,7120,
30,079,0.8938848920863309,994,1112,
30,081,0.912652790171623,43978,48187,
30,083,0.8841131664853101,9750,11028,
30,085,0.32323232323232326,3296,10197,
30,087,0.5484500854283623,4494,8194,
30,089,0.8929111191075927,12407,13895,
30,091,0.8958816705336426,3089,3448,
30,093,0.8978247633807495,32442,36134,
30,095,0.918941798941799,8684,9450,
30,097,0.9206813947298377,3459,3757,
30,099,0.9169770328988206,5909,6444,
30,101,0.8346594216960994,4301,5153,
30,103,0.8836265223274695,653,739,
30,105,0.8440947000269035,6275,7434,
30,107,0.9037900874635568,1860,2058,
30,109,0.8781558726673985,800,911,
30,111,0.8430380632113904,144651,171583,
31,000,0.7505491245172566,1505200,2005465,
31,001,0.8232465700730863,25682,31196,
31,003,0.9339414910349166,5938,6358,
31,005,0.9716312056737588,411,423,
31,007,0.8586466165413534,571,665,
31,009,0.9251101321585903,420,454,
31,011,0.9301456854688084,4980,5354,
31,013,0.7777258712510511,8324,10703,
31,015,0.9288235294117647,1579,1700,
31,017,0.8786930830726452,2528,2877,
31,019,0.842071311283134,43077,51156,
31,021,0.9094693028095734,6118,6727,
31,023,0.9048465457992653,7636,8439,
31,025,0.9171031572821184,25213,27492,
31,027,0.9451706608569354,7809,8262,
31,029,0.8028692879914984,3022,3764,
31,031,0.8342929111191076,4637,5558,
31,033,0.8624244948968964,8281,9602,
31,035,0.8646567262002294,5277,6103,
31,037,0.434047663033438,4699,10826,
31,039,0.8498659517426274,7608,8952,
31,041,0.9251454181367407,9702,10487,
31,043,0.4050621045230841,8642,21335,
31,045,0.854679495189304,6840,8003,
31,047,0.5109147185794575,12545,24554,
31,049,0.8816067653276956,1668,1892,
31,051,0.7978646398841839,4409,5526,
31,053,0.7651515151515151,28987,37884,
31,055,0.6543005333040565,393338,601158,
31,057,0.879190385831752,1390,1581,
31,059,0.9288824383164006,5120,5512,
31,061,0.9321973730919417,2626,2817,
31,063,0.931782334384858,2363,2536,
31,065,0.9209937332139659,4115,4468,
31,067,0.9245169917462074,20050,21687,
31,069,0.9057649667405765,1634,1804,
31,071,0.9695371997656708,1655,1707,
31,073,0.8915929203539823,1612,1808,
31,075,0.9581151832460733,549,573,
31,077,0.9494765589440146,2086,2197,
31,079,0.5933607978494966,37304,62869,
31,081,0.9219991635299039,8818,9564,
31,083,0.9350563286944996,2822,3018,
31,085,0.8427895981087471,713,846,
31,087,0.9186991869918699,2260,2460,
31,089,0.9120553359683794,9230,10120,
31,091,0.9383954154727794,655,698,
31,093,0.9354838709677419,6148,6572,
31,095,0.8968609865470852,6400,7136,
31,097,0.7670051734048668,4003,5219,
31,099,0.9065046673581272,6118,6749,
31,101,0.8703976435935199,7092,8148,
31,103,0.9584859584859585,785,819,
31,105,0.822087745839637,2717,3305,
31,107,0.8432458463761137,7004,8306,
31,109,0.7767840243708259,258558,332857,
31,111,0.8584291245235451,28602,33319,
31,113,0.9005763688760807,625,694,
31,115,0.929553264604811,541,582,
31,117,0.9707446808510638,365,376,
31,119,0.7686556676691306,27348,35579,
31,121,0.9018757177491387,7068,7837,
31,123,0.8049052396878483,3610,4485,
31,125,0.9393010423053342,3064,3262,
31,127,0.9230769230769231,6504,7046,
31,129,0.9274548119198828,3797,4094,
31,131,0.8573322885901995,14224,16591,
31,133,0.9412931376437922,2373,2521,
31,135,0.9086002159050018,2525,2779,
31,137,0.896040698960407,8102,9042,
31,139,0.9416416689391873,6906,7334,
31,141,0.7027521902025409,24947,35499,
31,143,0.8975137597267033,4729,5269,
31,145,0.9011432414256894,9380,10409,
31,147,0.9025567440647013,6919,7666,
31,149,0.9605157131345688,1192,1241,
31,151,0.6338534599728629,9343,14740,
31,153,0.7643925635167067,156569,204828,
31,155,0.9389472784756046,21977,23406,
31,157,0.7092684837969441,25345,35734,
31,159,0.9337047667285723,16591,17769,
31,161,0.8037345240511468,3960,4927,
31,163,0.9372668701254663,2764,2949,
31,165,0.9017288444040037,991,1099,
31,167,0.8905489923558026,5126,5756,
31,169,0.9355236139630391,4556,4870,
31,171,0.9053627760252366,574,634,
31,173,0.3665812867259304,2433,6637,
31,175,0.9362599206349206,3775,4032,
31,177,0.9314481979862614,19797,21254,
31,179,0.8507598784194529,8397,9870,
31,181,0.891461214672279,2965,3326,
31,183,0.9183168316831684,742,808,
31,185,0.8838956521739131,12706,14375,
32,000,0.44243660303225707,1445647,3267467,
32,001,0.7071793492874429,18410,26033,
32,003,0.3751614822139248,899964,2398871,
32,005,0.7921677023646195,39263,49564,
32,007,0.6416312565531703,34881,54363,
32,009,0.5888888888888889,424,720,
32,011,0.7783697389451252,1461,1877,
32,013,0.6319817714419257,10817,17116,
32,015,0.6757130509939498,3909,5785,
32,017,0.8421173762945915,3659,4345,
32,019,0.6998179478326375,44591,63718,
32,021,0.6033519553072626,2700,4475,
32,023,0.6971602071798535,39034,55990,
32,027,0.6354039167686658,4153,6536,
32,029,0.8022859922178989,3299,4112,
32,031,0.584241444567103,296374,507280,
32,033,0.711506913522381,6072,8534,
32,510,0.630047465089083,36636,58148,
33,000,0.8812596165310653,1241723,1409032,
33,001,0.9394854191887461,61308,65257,
33,003,0.9488018257892735,49888,52580,
33,005,0.9271113501882733,72387,78078,
33,007,0.9386376792950408,29186,31094,
33,009,0.8923101724971788,83025,93045,
33,011,0.8085243296736995,348039,430462,
33,013,0.9096085995350576,143599,157869,
33,015,0.9095346940294573,293264,322433,
33,017,0.8940850359905218,119988,134202,
33,019,0.9324502408434063,41039,44012,
34,000,0.5080525944465396,4826932,9500851,
34,001,0.5383320077101112,150256,279114,
34,003,0.5065871959176041,495767,978641,
34,005,0.6235555134958939,296510,475515,
34,007,0.5213469216536701,278393,533988,
34,009,0.8450386151797603,79328,93875,
34,011,0.40683333547450506,63335,155678,
34,013,0.2851733412589745,251388,881527,
34,015,0.735761731717252,229398,311783,
34,017,0.2800138552130239,206142,736185,
34,019,0.7988808576548122,105219,131708,
34,021,0.41435158031101293,162483,392138,
34,023,0.3633592811747643,323433,890119,
34,025,0.7296732147269582,472478,647520,
34,027,0.657027108151564,343660,523053,
34,029,0.818900296203375,545743,666434,
34,031,0.37271385898514425,196270,526597,
34,033,0.6966177854692291,45889,65874,
34,035,0.48138429561330137,172079,357467,
34,037,0.7938268088223326,117045,147444,
34,039,0.35315908172882726,209833,594160,
34,041,0.7344663530629915,82283,112031,
35,000,0.36115049083302664,769343,2130256,
35,001,0.37691422514726525,253191,671747,
35,003,0.7391304347826086,2805,3795,
35,005,0.3558252350974143,22665,63697,
35,006,0.19418421644307876,5182,26686,
35,007,0.4684325993337125,5765,12307,
35,009,0.42664772245313426,20119,47156,
35,011,0.5497887748943875,911,1657,
35,013,0.2628288412406372,60284,229366,
35,015,0.4237743342665538,26035,61436,
35,017,0.474855669728768,13078,27541,
35,019,0.1692132269099202,742,4385,
35,021,0.5653543307086614,359,635,
35,023,0.3903177004538578,1548,3966,
35,025,0.2928503945389948,22008,75151,
35,027,0.6044444444444445,12104,20025,
35,028,0.696010165184244,13694,19675,
35,029,0.2686451812350259,6952,25878,
35,031,0.07975922837044021,5499,68945,
35,033,0.1943359375,796,4096,
35,035,0.4515643155312648,31479,69711,
35,037,0.4868499345471855,4091,8403,
35,039,0.14616443498936305,5840,39955,
35,041,0.4781702559717843,8948,18713,
35,043,0.40730997673637304,64256,157757,
35,045,0.35825256379483017,43283,120817,
35,047,0.1978583320720448,5229,26428,
35,049,0.4523690298862232,71368,157765,
35,051,0.634208446746861,7223,11389,
35,053,0.3289284148556398,5252,15967,
35,055,0.4092570036540804,14112,34482,
35,057,0.4916176654572751,7859,15986,
35,059,0.5226693835965359,2052,3926,
35,061,0.30457970871023227,24614,80813,
36,000,0.5322123627791832,10573595,19867248,
36,001,0.6793545523871436,217369,319964,
36,003,0.9307173513182097,44022,47299,
36,005,0.08874403852320029,122886,1384724,
36,007,0.7925324724919424,155651,196397,
36,009,0.8911295130838026,67258,75475,
36,011,0.8859951453055641,66066,74567,
36,013,0.8438660811409694,104728,124105,
36,015,0.8426185045922456,68349,81115,
36,017,0.9362111149947571,42856,45776,
36,019,0.8954681460363936,69731,77871,
36,021,0.8421201014942205,50779,60299,
36,023,0.9069104363913375,41668,45945,
36,025,0.896811567966328,39631,44191,
36,027,0.664751986078283,199401,299963,
36,029,0.7235825298074273,687839,950602,
36,031,0.9267363379055084,34052,36744,
36,033,0.8358535445780062,39357,47086,
36,035,0.9032896126591515,47037,52073,
36,037,0.8852857440455524,50996,57604,
36,039,0.8420143700829371,39493,46903,
36,041,0.9378197560015742,4766,5082,
36,043,0.9263405219434422,55196,59585,
36,045,0.8057362559660598,91161,113140,
36,047,0.37267552225657474,975527,2617631,
36,049,0.9521640948438088,25299,26570,
36,051,0.8992543980767044,55359,61561,
36,053,0.9174469227099237,61535,67072,
36,055,0.6829056556616441,513683,752202,
36,057,0.7814413470834676,38797,49648,
36,059,0.534813040149723,744694,1392438,
36,061,0.46261134100576634,768242,1660664,
36,063,0.8289354392327146,173720,209570,
36,065,0.7869470586432052,179697,228347,
36,067,0.7409070010983116,348087,469812,
36,069,0.878455385268821,99276,113012,
36,071,0.575597364528969,237012,411767,
36,073,0.8548102605452804,33924,39686,
36,075,0.9229871941169012,109194,118305,
36,077,0.8890522767827639,53809,60524,
36,079,0.7046916440569461,69348,98409,
36,081,0.23503900353973362,544548,2316841,
36,083,0.7970189550168275,128120,160749,
36,085,0.5445432867935738,271298,498212,
36,087,0.6031642079139666,209988,348144,
36,089,0.9158835382963898,97265,106198,
36,091,0.8823473123647861,212081,240360,
36,093,0.681617887231066,110600,162261,
36,095,0.9138668700872277,27554,30151,
36,097,0.93691957245488,16041,17121,
36,099,0.8847166921898928,28886,32650,
36,101,0.9252621855132316,85138,92015,
36,103,0.6150566211930525,944671,1535909,
36,105,0.660497203231821,53137,80450,
36,107,0.9346491781225039,44465,47574,
36,109,0.7455919395465995,78736,105602,
36,111,0.7572645742361062,138562,182977,
36,113,0.9234315647592207,60289,65288,
36,115,0.9275388960377011,55503,59839,
36,117,0.8813865597144022,79992,90757,
36,119,0.49759301781415216,500801,1006447,
36,121,0.8961554006264525,35477,39588,
36,123,0.9409931520892278,22948,24387,
37,000,0.5992790709127556,6619651,11046024,
37,001,0.5721263111888112,104722,183040,
37,003,0.8502439157332461,31198,36693,
37,005,0.8400562439581686,9559,11379,
37,007,0.43825784593437944,9831,22432,
37,009,0.905743416709455,24696,27266,
37,011,0.8672168884397282,15446,17811,
37,013,0.6673097631012204,29746,44576,
37,015,0.34860381368439697,5905,16939,
37,017,0.5371931356416025,15996,29777,
37,019,0.8212516156828953,137241,167112,
37,021,0.8109988897245801,226439,279210,
37,023,0.7895307470777571,69909,88545,
37,025,0.5531856690823721,135489,244925,
37,027,0.8472609271851274,68407,80739,
37,029,0.8024856938483548,8975,11184,
37,031,0.8608149845571386,60480,70259,
37,033,0.6134239592183517,13718,22363,
37,035,0.7206711602236403,120391,167054,
37,037,0.7032334215609128,58983,83874,
37,039,0.8972771869752741,27253,30373,
37,041,0.6150025196170182,8543,13891,
37,043,0.908570004982561,10941,12042,
37,045,0.7059905669608784,72148,102194,
37,047,0.5895632716666,29510,50054,
37,049,0.6602858870851613,68780,104167,
37,051,0.3911532665543835,132378,338430,
37,053,0.8395191771485222,27098,32278,
37,055,0.864416101406385,33006,38183,
37,057,0.7540225747853033,134072,177809,
37,059,0.8167155102130754,37065,45383,
37,061,0.4961119135716971,25073,50539,
37,063,0.4226751021453432,145243,343628,
37,065,0.34758977281980297,17075,49124,
37,067,0.5340417890054578,212625,398143,
37,069,0.6016472151533765,47994,79771,
37,071,0.6506631957357134,157467,242010,
37,073,0.6418098844548015,6610,10299,
37,075,0.8472918449688226,6930,8179,
37,077,0.5571298583127519,34288,61544,
37,079,0.4519858739296599,9343,20671,
37,081,0.45697868350226195,255367,558816,
37,083,0.3787027579162411,17796,46992,
37,085,0.5792766400175228,84630,146096,
37,087,0.9035655373683543,56968,63048,
37,089,0.7975176159839696,96317,120771,
37,091,0.32536908550263444,6237,19169,
37,093,0.35906973384854285,19886,55382,
37,095,0.6072441632118699,2783,4583,
37,097,0.7238867809324436,149382,206361,
37,099,0.7861354652061571,35597,45281,
37,101,0.6034652553704253,150742,249794,
37,103,0.6339040372014373,5998,9462,
37,105,0.5554955717349753,38072,68537,
37,107,0.47375840381695944,26214,55332,
37,109,0.820348116503263,80075,97611,
37,111,0.8521946585963904,38578,45269,
37,113,0.8495234651445102,32891,38717,
37,115,0.9216177523264137,20600,22352,
37,117,0.5229289597175115,11255,21523,
37,119,0.431169251047638,520113,1206285,
37,121,0.9029940119760479,13572,15030,
37,123,0.6310499165528751,16637,26364,
37,125,0.7674073254194453,83200,108417,
37,127,0.4616593529952036,45238,97990,
37,129,0.7613599470684207,185264,243333,
37,131,0.39849215922798553,6607,16580,
37,133,0.6495017703353776,138314,212954,
37,135,0.6662938179058983,101861,152877,
37,137,0.7368924302788845,9248,12550,
37,139,0.5461876478825631,22622,41418,
37,141,0.7570101459822767,53049,70077,
37,143,0.7330609212481426,9867,13460,
37,145,0.6397877587624243,25683,40143,
37,147,0.5170231714265169,93469,180783,
37,149,0.8671751968503937,17621,20320,
37,151,0.7406950649980794,109911,148389,
37,153,0.5400333412717314,22676,41990,
37,155,0.22791340706770974,27036,118624,
37,157,0.7018510003528771,65635,93517,
37,159,0.6732775256871643,103270,153384,
37,161,0.8139875280162228,53387,65587,
37,163,0.48460366863121646,29272,60404,
37,165,0.4048911440202962,13725,33898,
37,167,0.7704898553307786,51874,67326,
37,169,0.8916414069825763,40888,45857,
37,171,0.8077906830475072,57795,71547,
37,173,0.5847974184295447,8155,13945,
37,175,0.8769316482420901,29906,34103,
37,177,0.5280068239977254,1857,3517,
37,179,0.6557599872430577,172718,263386,
37,181,0.36830668209840095,15593,42337,
37,183,0.5613934588508687,691886,1232444,
37,185,0.3923798543053299,7487,19081,
37,187,0.4520367936925099,4816,10654,
37,189,0.8867392766878194,48768,54997,
37,191,0.5015871960644186,60360,120338,
37,193,0.8522195026138458,56405,66186,
37,195,0.4464718977463168,35699,79958,
37,197,0.8142387156204763,30937,37995,
37,199,0.9092297162112357,17269,18993,
38,000,0.8163521507266172,650280,796568,
38,001,0.8869687062120505,1899,2141,
38,003,0.9080385256528987,9805,10798,
38,005,0.4317234190410007,2485,5756,
38,007,0.9040451552210724,961,1063,
38,009,0.8921921452041934,5702,6391,
38,011,0.9002079002079002,2598,2886,
38,013,0.8974001857010213,1933,2154,
38,015,0.8554608319512739,88204,103107,
38,017,0.8082460374729403,162413,200945,
38,019,0.9243061396131202,3297,3567,
38,021,0.9079107505070994,4476,4930,
38,023,0.8822975517890772,1874,2124,
38,025,0.7846688166708012,3163,4031,
38,027,0.8674750974447812,2003,2309,
38,029,0.9379869118105328,3010,3209,
38,031,0.9184471862774601,3052,3323,
38,033,0.9153203342618385,1643,1795,
38,035,0.8162014883897466,60212,73771,
38,037,0.9167779261237206,2060,2247,
38,039,0.9681185451279749,2156,2227,
38,041,0.9061595700702769,2192,2419,
38,043,0.9413749472796289,2232,2371,
38,045,0.9471735373981733,3837,4051,
38,047,0.9202127659574468,1730,1880,
38,049,0.936319376825706,4808,5135,
38,051,0.9191385615603413,2262,2461,
38,053,0.7308889189554864,10804,14782,
38,055,0.879735906551549,8661,9845,
38,057,0.911715380929564,7611,8348,
38,059,0.8627536994794408,29501,34194,
38,061,0.5626979100696643,5331,9474,
38,063,0.9082141669437978,2731,3007,
38,065,0.926673751328374,1744,1882,
38,067,0.8860048573163327,5837,6588,
38,069,0.889436802491565,3427,3853,
38,071,0.8000868809730669,9209,11510,
38,073,0.9171735241502683,5127,5590,
38,075,0.8792087542087542,2089,2376,
38,077,0.8963260895665747,14931,16658,
38,079,0.18243243243243243,2133,11692,
38,081,0.8981132075471698,3332,3710,
38,083,0.9250788643533123,1173,1268,
38,085,0.13035281443576624,484,3713,
38,087,0.956060606060606,631,660,
38,089,0.8387775046643172,28323,33767,
38,091,0.9371816638370118,1656,1767,
38,093,0.8978464680219066,19345,21546,
38,095,0.8776206728425159,1800,2051,
38,097,0.8984854174489924,7178,7989,
38,099,0.805267280203642,8225,10214,
38,101,0.8042000964531545,55029,68427,
38,103,0.9539836970812516,3628,3803,
38,105,0.7441307067683929,30333,40763,
39,000,0.7599877104885981,9031165,11883304,
39,001,0.9542842687289943,26406,27671,
39,003,0.7939345269962128,80081,100866,
39,005,0.9463372758489126,49607,52420,
39,007,0.8769219656161641,84979,96906,
39,009,0.8865196621215476,56044,63218,
39,011,0.9487609424676625,43569,45922,
39,013,0.9119056452111544,58993,64692,
39,015,0.954799963876095,42290,44292,
39,017,0.7396569071586967,295524,399542,
39,019,0.9549130763416478,25267,26460,
39,021,0.9248721309790012,35984,38907,
39,023,0.8128384635329852,109721,134985,
39,025,0.9133628802137089,195572,214123,
39,027,0.9160855803327066,38493,42019,
39,029,0.9315388237179808,92989,99823,
39,031,0.9487068616058157,35105,37003,
39,033,0.9397732186614135,39119,41626,
39,035,0.569200721589819,706147,1240594,
39,037,0.9479616027359994,48784,51462,
39,039,0.840829106717731,32493,38644,
39,041,0.7852760478387669,186869,237966,
39,043,0.8183935753849487,60431,73841,
39,045,0.7943336393223733,133259,167762,
39,047,0.9119588631783754,26248,28782,
39,049,0.5734544567106318,777778,1356303,
39,051,0.872822879984772,36683,42028,
39,053,0.9348127120404348,27003,28886,
39,055,0.9455758058765547,90172,95362,
39,057,0.8236406783988117,141952,172347,
39,059,0.9382506083361679,35859,38219,
39,061,0.6242794309250871,522746,837359,
39,063,0.8656286658846113,64936,75016,
39,065,0.929379646075916,28255,30402,
39,067,0.9411764705882353,13216,14042,
39,069,0.8824084834398606,24298,27536,
39,071,0.943017014959461,41290,43785,
39,073,0.9561413102920266,26226,27429,
39,075,0.9737843646458315,43497,44668,
39,077,0.884661669646541,51459,58168,
39,079,0.9508296916541882,31114,32723,
39,081,0.8889201877934272,56802,63900,
39,083,0.9420655306352588,60149,63848,
39,085,0.8490531933207093,197286,232360,
39,087,0.9401028139497394,52485,55829,
39,089,0.848467803870242,156880,184898,
39,091,0.9161549311055658,42221,46085,
39,093,0.7586591311368506,244311,322030,
39,095,0.6648932302112875,283438,426291,
39,097,0.8615229184511651,39226,45531,
39,099,0.7437617921394595,167931,225786,
39,101,0.8670739965525732,56339,64976,
39,103,0.9226811103588355,170350,184625,
39,105,0.9567260713787167,20561,21491,
39,107,0.939082723691615,40050,42648,
39,109,0.8996337650736936,100714,111950,
39,111,0.9625316067734273,12562,13051,
39,113,0.6762838105622364,363464,537443,
39,115,0.9105823233816139,12322,13532,
39,117,0.9448325771703733,33945,35927,
39,119,0.9061583239010418,78457,86582,
39,121,0.9338425958371295,13325,14269,
39,123,0.9133578554872518,36253,39692,
39,125,0.9064249533457744,17000,18755,
39,127,0.9579900229807746,34183,35682,
39,129,0.9080247112197947,56441,62158,
39,131,0.9425457232588214,25510,27065,
39,133,0.8684379177119,142284,163839,
39,135,0.9530158574544741,38884,40801,
39,137,0.9116236917499854,31183,34206,
39,139,0.8440005446404972,105376,124853,
39,141,0.8912237330037083,67774,76046,
39,143,0.8181293106377195,48160,58866,
39,145,0.9225605170060447,66238,71798,
39,147,0.8766490042024484,47979,54730,
39,149,0.9162287287287287,43935,47952,
39,151,0.8426131609688552,315214,374091,
39,153,0.7390344930066682,397874,538370,
39,155,0.8543984023964054,171136,200300,
39,157,0.9197375282461324,84660,92048,
39,159,0.833925907335369,59810,71721,
39,161,0.9201717035344619,26581,28887,
39,163,0.954643284176963,11976,12545,
39,165,0.8156987256843149,208867,256059,
39,167,0.9409757937324281,54889,58332,
39,169,0.9266925029151519,108082,116632,
39,171,0.9088745417738141,33223,36554,
39,173,0.8584879430705531,114245,133077,
39,175,0.9410114985509956,20132,21394,
40,000,0.6192602272846587,2536114,4095393,
40,001,0.3934211190151859,7798,19821,
40,003,0.7951680672268907,4542,5712,
40,005,0.666986301369863,9738,14600,
40,007,0.6260696517412936,3146,5025,
40,009,0.736425746134484,16384,22248,
40,011,0.6898401959640732,5914,8573,
40,013,0.668999105456714,33654,50305,
40,015,0.5349508296313171,14089,26337,
40,017,0.6922700264084507,125827,181760,
40,019,0.6670601404294291,32776,49135,
40,021,0.4553551273369041,22189,48729,
40,023,0.5706928178354734,8089,14174,
40,025,0.6783872480075012,1447,2133,
40,027,0.669240537979681,203417,303952,
40,029,0.624861470262283,3383,5414,
40,031,0.5428267817720518,65897,121396,
40,033,0.741232055242595,4079,5503,
40,035,0.6058182820901696,8788,14506,
40,037,0.732935880277406,54216,73971,
40,039,0.6558763178376849,18539,28266,
40,041,0.6245002513705681,26086,41771,
40,043,0.8050609184629803,3436,4268,
40,045,0.8214384893085254,2958,3601,
40,047,0.6911961552727918,42859,62007,
40,049,0.7128379670350683,18640,26149,
40,051,0.7856836837866091,45847,58353,
40,053,0.8535047295658501,3519,4123,
40,055,0.7132339407325603,3875,5433,
40,057,0.5092872570194384,1179,2315,
40,059,0.6808974758491741,2185,3209,
40,061,0.6686986707306748,7898,11811,
40,063,0.6065365342906289,8110,13371,
40,065,0.6069842304714559,14896,24541,
40,067,0.7534425009304057,4049,5374,
40,069,0.6646264451569027,6841,10293,
40,071,0.7095103252987085,30819,43437,
40,073,0.7127054361567636,11275,15820,
40,075,0.7105486254087441,5867,8257,
40,077,0.6124723945735618,5824,9509,
40,079,0.6859830705660529,34199,49854,
40,081,0.7985531282168592,27927,34972,
40,083,0.7489974006683996,40341,53860,
40,085,0.6666986472224887,6949,10423,
40,087,0.7523021018292935,36437,48434,
40,089,0.5827950008115566,17953,30805,
40,091,0.6583967529173008,12977,19710,
40,093,0.8080327652265821,6116,7569,
40,095,0.6328110484919799,10218,16147,
40,097,0.6267935432443205,25162,40144,
40,099,0.6838737821724589,9406,13754,
40,101,0.5339765100671141,35644,66752,
40,103,0.7823054331864905,8524,10896,
40,105,0.6435519297144651,6153,9561,
40,107,0.5953009503695882,6765,11364,
40,109,0.5192188514250021,423937,816490,
40,111,0.6091306223708338,22589,37084,
40,113,0.6253145499516077,29074,46495,
40,115,0.6176161031443231,18778,30404,
40,117,0.741170628762957,11941,16111,
40,119,0.7323958716849369,61667,84199,
40,121,0.6730729346698928,29208,43395,
40,123,0.6190811798486034,23717,38310,
40,125,0.6969884211374687,51888,74446,
40,127,0.6875,7425,10800,
40,129,0.8062953995157385,2664,3304,
40,131,0.6895364551992187,69899,101371,
40,133,0.6250267654490171,14595,23351,
40,135,0.6085069658488472,24678,40555,
40,137,0.7730232558139535,34071,44075,
40,139,0.3723574865140691,7662,20577,
40,141,0.5840261282660333,3934,6736,
40,143,0.5666633982875616,392989,693514,
40,145,0.6717731242534819,61304,91257,
40,147,0.7047909729929708,38101,54060,
40,149,0.8153888735123166,8838,10839,
40,151,0.8157772081099977,7001,8582,
40,153,0.7657445850632785,15308,19991,
41,000,0.7182503579394205,3068632,4272371,
41,001,0.8850746268656716,14825,16750,
41,003,0.7720806074884478,76358,98899,
41,005,0.7729613461795861,329171,425857,
41,007,0.8251102502253734,33865,41043,
41,009,0.851913508314374,46057,54063,
41,011,0.8343438112116407,53670,64326,
41,013,0.8659642961662277,23672,27336,
41,015,0.8423640994116097,19184,22774,
41,017,0.8444323634386744,178627,211535,
41,019,0.8556857155583271,96055,112255,
41,021,0.8670725520040589,1709,1971,
41,023,0.8969406457070351,6362,7093,
41,025,0.8513915158065388,6302,7402,
41,027,0.6298182124221512,14967,23764,
41,029,0.7740352684440951,171318,221331,
41,031,0.6004464285714286,15333,25536,
41,033,0.8366713489510172,73858,88276,
41,035,0.7537834691501746,53095,70438,
41,037,0.8079082255308763,6620,8194,
41,039,0.787317335955397,301067,382396,
41,041,0.8017847379520425,41061,51212,
41,043,0.8166885577547293,108190,132474,
41,045,0.5933776883800093,19175,32315,
41,047,0.6059138428926479,213807,352867,
41,049,0.5206310679611651,6435,12360,
41,051,0.6556250369080421,521810,795897,
41,053,0.7449668135484655,67456,90549,
41,055,0.8701298701298701,1742,2002,
41,057,0.8198723591549296,22353,27264,
41,059,0.6172739809419686,49685,80491,
41,061,0.8689845728758923,22644,26058,
41,063,0.9093326243020473,6840,7522,
41,065,0.7037009091937979,18653,26507,
41,067,0.5949495478281355,363676,611272,
41,069,0.8550824175824175,1245,1456,
41,071,0.7371985642912541,81745,110886,
42,000,0.731765059217046,9570573,13078751,
42,001,0.87086012936227,93978,107914,
42,003,0.7599264174623767,936088,1231814,
42,005,0.9625308186372273,61293,63679,
42,007,0.8749244895493536,144835,165540,
42,009,0.9583569464559326,45659,47643,
42,011,0.6576060594329074,288766,439117,
42,013,0.9321687217820054,112111,120269,
42,015,0.9473693026683864,56557,59699,
42,017,0.8047347380758647,523183,650131,
42,019,0.9322919018164854,185844,199341,
42,021,0.9055400129123498,117818,130108,
42,023,0.9452621895124195,4110,4348,
42,025,0.8759563755837123,57588,65743,
42,027,0.831075373110979,132810,159805,
42,029,0.7548582689101107,423283,560745,
42,031,0.9498032831366164,35005,36855,
42,033,0.9255874673629243,72318,78132,
42,035,0.9427967780272019,35699,37865,
42,037,0.9063806580621705,59832,66012,
42,039,0.9403330531496302,77191,82089,
42,041,0.7923423685012848,218303,275516,
42,043,0.5994594391681369,175659,293029,
42,045,0.6186615419862468,361844,584882,
42,047,0.9661067587305803,29103,30124,
42,049,0.8220280112044818,220098,267750,
42,051,0.9050435287757885,112172,123941,
42,053,0.6844417512498107,4518,6601,
42,055,0.8447688106224691,134559,159285,
42,057,0.9511486299474121,13746,14452,
42,059,0.9271201413427562,31485,33960,
42,061,0.8992135427477571,38989,43359,
42,063,0.9285137366942726,77023,82953,
42,065,0.9670025595498881,41936,43367,
42,067,0.9296430861295149,21749,23395,
42,069,0.791666474529533,171680,216859,
42,071,0.7920265297101153,446143,563293,
42,073,0.9008464616005604,75881,84233,
42,075,0.7781845457235461,113085,145319,
42,077,0.5762741310238425,222243,385655,
42,079,0.7203836091001542,238720,331379,
42,081,0.8879773216998128,100551,113236,
42,083,0.9265160342469223,36577,39478,
42,085,0.8934714259293508,96620,108140,
42,087,0.9467726134755633,43490,45935,
42,089,0.6137590603099872,102205,166523,
42,091,0.7163172920529124,629779,879190,
42,093,0.8893182445487166,16110,18115,
42,095,0.7166993303177508,231486,322989,
42,097,0.8931653837182179,80409,90027,
42,099,0.9360902255639098,43824,46816,
42,101,0.3375002223752729,531197,1573916,
42,103,0.7721238938053098,48162,62376,
42,105,0.9554179953729757,15280,15993,
42,107,0.8461559751735018,122289,144523,
42,109,0.937618290559467,37155,39627,
42,111,0.939335126292733,67758,72134,
42,113,0.9267757718913447,5493,5927,
42,115,0.9456430446194226,36029,38100,
42,117,0.954125509853064,38831,40698,
42,119,0.8594843331198558,36235,42159,
42,121,0.9511480313687445,47059,49476,
42,123,0.9586064806143473,35826,37373,
42,125,0.9060513034965832,190664,210434,
42,127,0.8898267177502479,45754,51419,
42,129,0.9221821704874122,323626,350935,
42,131,0.9406697450622793,24242,25771,
42,133,0.7873228079110433,371018,471240,
44,000,0.6801542378549826,756541,1112308,
44,001,0.8930102702163725,44780,50145,
44,003,0.8367120904610031,144291,172450,
44,005,0.841723774380601,70257,83468,
44,007,0.5634076625359514,380814,675912,
44,009,0.8930892406374441,116399,130333,
45,000,0.6248152206191431,3423257,5478831,
45,001,0.6985817043930589,17190,24607,
45,003,0.6376914279338336,114303,179245,
45,005,0.23533306846775262,1777,7551,
45,007,0.7538343240493041,163720,217183,
45,009,0.3728826728826729,4799,12870,
45,011,0.5131983410587948,10518,20495,
45,013,0.6857588898525585,138369,201775,
45,015,0.6075731432290484,160567,264276,
45,017,0.5537230682854937,7890,14249,
45,019,0.6635437040749326,285988,431001,
45,021,0.7108014540418902,41063,57770,
45,023,0.5826810630201404,18834,32323,
45,025,0.5786953785290415,25745,44488,
45,027,0.5048340315823396,15665,31030,
45,029,0.56567920731552,22208,39259,
45,031,0.5303964757709251,33110,62425,
45,033,0.4421075533959459,12192,27577,
45,035,0.6130376782718722,107075,174663,
45,037,0.5676795111186556,16721,29455,
45,039,0.40360351514556436,8221,20369,
45,041,0.48904374533680073,67512,138049,
45,043,0.6668130536836526,44033,66035,
45,045,0.6557499408667619,374266,570745,
45,047,0.5861281249553832,41053,70041,
45,049,0.4144287915474356,7531,18172,
45,051,0.7661584311221096,316723,413391,
45,053,0.4910719299230726,17491,35618,
45,055,0.6452062819046557,46260,71698,
45,057,0.6607584279726293,73775,111652,
45,059,0.6631228293996739,46780,70545,
45,061,0.3327484647198897,5310,15958,
45,063,0.7004149483386132,219772,313774,
45,065,0.6007212260843434,5997,9983,
45,067,0.39262549351381837,11138,28368,
45,069,0.38995215311004783,9943,25498,
45,071,0.6004897584368544,23541,39203,
45,073,0.8287844801454987,68354,82475,
45,075,0.3352380035847899,27868,83129,
45,077,0.8312675913665734,114887,138207,
45,079,0.391943824581854,168791,430651,
45,081,0.5839502364795394,11359,19452,
45,083,0.6533488961587625,241253,369256,
45,085,0.4381251431625563,45905,104776,
45,087,0.6468625834020542,17257,26678,
45,089,0.32944918801272394,9839,29865,
45,091,0.6622552400817159,200664,303001,
46,000,0.8016403707705135,741252,924669,
46,003,0.8553779069767442,2354,2752,
46,005,0.677629888483478,13186,19459,
46,007,0.31620553359683795,1040,3289,
46,009,0.862537123462028,6099,7071,
46,011,0.8712010781374625,31676,36359,
46,013,0.8481930924123217,31803,37495,
46,015,0.8152442501425584,4289,5261,
46,017,0.15123287671232877,276,1825,
46,019,0.8962446056376825,9761,10891,
46,021,0.910581222056632,1222,1342,
46,023,0.6383388633201327,5964,9343,
46,025,0.898842476094615,3572,3974,
46,027,0.8621843227287636,13144,15245,
46,029,0.9019400232256302,26407,29278,
46,031,0.30451027488657595,1141,3747,
46,033,0.8957127545551983,8357,9330,
46,035,0.8746672024915859,17412,19907,
46,037,0.8374630177514792,4529,5408,
46,039,0.9395617070357555,4073,4335,
46,041,0.23468620819240887,1249,5322,
46,043,0.9097929097929098,2592,2849,
46,045,0.9498385895207351,3825,4027,
46,047,0.8467183041174072,6231,7359,
46,049,0.952247191011236,2034,2136,
46,051,0.8791021265423996,6697,7618,
46,053,0.8661800486618005,3560,4110,
46,055,0.9165757906215921,1681,1834,
46,057,0.9043359611885992,5965,6596,
46,059,0.9415563448498547,2916,3097,
46,061,0.9404659188955996,3270,3477,
46,063,0.909433962264151,1205,1325,
46,065,0.7976149720415383,13979,17526,
46,067,0.9279935275080906,6882,7416,
46,069,0.8288065843621399,1007,1215,
46,071,0.3693825356229448,1011,2737,
46,073,0.8987566607460036,1518,1689,
46,075,0.8718535469107551,762,874,
46,077,0.9266299182664892,4875,5261,
46,079,0.89196801744503,9817,11006,
46,081,0.8951022249991322,25787,28809,
46,083,0.8915793950348201,67086,75244,
46,085,0.5654393980112873,2104,3721,
46,087,0.9267024779067753,5348,5771,
46,089,0.9332466406588643,2153,2307,
46,091,0.8354948805460751,3672,4395,
46,093,0.8571382366259137,26501,30918,
46,095,0.38058887677208286,698,1834,
46,097,0.9287885366912723,2139,2303,
46,099,0.7886013640786238,164533,208639,
46,101,0.7501914535150865,4898,6529,
46,102,0.07634730538922156,1020,13360,
46,103,0.7886513937868063,91467,115979,
46,105,0.9251412429378532,2620,2832,
46,107,0.9100749375520399,2186,2402,
46,109,0.5570358844695128,5728,10283,
46,111,0.9230769230769231,2208,2392,
46,115,0.9315651604453176,5690,6108,
46,117,0.885240464344942,2669,3015,
46,119,0.8957765667574932,1315,1468,
46,121,0.07828172699520279,718,9172,
46,123,0.7797796046877733,4458,5717,
46,125,0.9218664025530978,8377,9087,
46,127,0.8875991265371797,15446,17402,
46,129,0.7722960151802657,4070,5270,
46,135,0.8654557828916585,20346,23509,
46,137,0.26220016542597185,634,2418,
47,000,0.7141720452422953,5161857,7227750,
47,001,0.8703728713673587,70891,81449,
47,003,0.7204580659437929,39069,54228,
47,005,0.9115810301119149,14743,16173,
47,007,0.8722339811429671,13599,15591,
47,009,0.8886232429277623,126372,142211,
47,011,0.8210437503295777,93420,113782,
47,013,0.9526566926785626,38333,40238,
47,015,0.9156650376436402,13865,15142,
47,017,0.834919435187412,24302,29107,
47,019,0.9252533342619355,53141,57434,
47,021,0.8867477232184772,37779,42604,
47,023,0.8396173640635489,15009,17876,
47,025,0.9387057756274569,31043,33070,
47,027,0.9311442026218658,7316,7857,
47,029,0.9150175550590488,34401,37596,
47,031,0.8480215387125724,51971,61285,
47,033,0.7145924282544908,9985,13973,
47,035,0.9287543052211283,60943,65618,
47,037,0.5390751262842612,393258,729505,
47,039,0.9017796610169492,10641,11800,
47,041,0.8658205729525912,18829,21747,
47,043,0.8754358876494163,50461,57641,
47,045,0.7719693431860012,28102,36403,
47,047,0.6575681266300927,29246,44476,
47,049,0.9468925430970242,19060,20129,
47,051,0.8749141502536721,39491,45137,
47,053,0.7563299754968691,38892,51422,
47,055,0.8398178941590521,26010,30971,
47,057,0.9305627567502892,23332,25073,
47,059,0.9118640834900134,66929,73398,
47,061,0.9335595137121855,13208,14148,
47,063,0.7700509488296537,52144,67715,
47,065,0.6908449318586637,266843,386256,
47,067,0.9524012503552145,6703,7038,
47,069,0.5343634504993316,13591,25434,
47,071,0.9117934605496615,25181,27617,
47,073,0.9353724882518402,55534,59371,
47,075,0.4315961864654618,7379,17097,
47,077,0.8554092892878685,24108,28183,
47,079,0.8647021257184564,28434,32883,
47,081,0.8854557407479021,22897,25859,
47,083,0.8949402670414617,7641,8538,
47,085,0.9034980055231666,17667,19554,
47,087,0.9278442146089205,11483,12376,
47,089,0.9046050965094483,53568,59217,
47,091,0.9151086134226737,16935,18506,
47,093,0.7936252338440408,402168,506748,
47,095,0.6624104640298972,4254,6422,
47,097,0.5897279740154283,14525,24630,
47,099,0.9222889362343168,42856,46467,
47,101,0.9095245193024296,12204,13418,
47,103,0.8472150417675709,31136,36751,
47,105,0.8489755186788778,52746,62129,
47,107,0.877435951650985,49798,56754,
47,109,0.8872543385817722,23160,26103,
47,111,0.8849166942513517,24060,27189,
47,113,0.5306197651604936,53279,100409,
47,115,0.9001877556494334,26849,29826,
47,117,0.8339894839749518,31564,37847,
47,119,0.7649258008482422,86751,113411,
47,121,0.9238717084020951,12876,13937,
47,123,0.8989909264759735,44189,49154,
47,125,0.5862209125088914,144225,246025,
47,127,0.9143658644618338,6193,6773,
47,129,0.9155506969117245,20100,21954,
47,131,0.8056244010442484,24379,30261,
47,133,0.9408942295443931,22159,23551,
47,135,0.9056414821408701,8139,8987,
47,137,0.9536021926389977,4871,5108,
47,139,0.9406696477260333,17250,18338,
47,141,0.8507432798548779,72223,84894,
47,143,0.8819586294197186,30656,34759,
47,145,0.9125515491170562,51780,56742,
47,147,0.7838743802495571,61502,78459,
47,149,0.630805101380386,237811,376996,
47,151,0.9619842785450993,21661,22517,
47,153,0.9018728717366629,15891,17620,
47,155,0.841401820650004,84295,100184,
47,157,0.3246757383062612,295627,910530,
47,159,0.9076649184429582,18864,20783,
47,161,0.9072050121823877,13032,14365,
47,163,0.9157421805375439,148994,162703,
47,165,0.7935868430623321,168019,211721,
47,167,0.7460401691671893,46394,62187,
47,169,0.8184883625298133,9952,12159,
47,171,0.9015778871978514,16113,17872,
47,173,0.9459741739460691,19926,21064,
47,175,0.9382291355070296,6273,6686,
47,177,0.8285380224214218,36140,43619,
47,179,0.8639377837613326,120642,139642,
47,181,0.8857518467509703,14149,15974,
47,183,0.842048127374706,27924,33162,
47,185,0.9173766662086025,26703,29108,
47,187,0.8162973366625051,219695,269136,
47,189,0.7891296161178714,134111,169948,
48,000,0.3865059703911347,12094093,31290831,
48,001,0.5574169915311198,33173,59512,
48,003,0.3734608677271046,7067,18923,
48,005,0.5796535518877562,51064,88094,
48,007,0.6661848017190858,17051,25595,
48,009,0.8480611687602403,7764,9155,
48,011,0.8441127694859039,1527,1809,
48,013,0.2990735653524809,15786,52783,
48,015,0.5965710071898236,19416,32546,
48,017,0.28673019485137247,2016,7031,
48,019,0.7311432325886991,16692,22830,
48,021,0.43970730264245506,50536,114931,
48,023,0.7817718652703085,2762,3533,
48,025,0.28024722987254214,8751,31226,
48,027,0.4215297138481098,168434,399578,
48,029,0.25980466570821487,552796,2127737,
48,031,0.7638119478963917,10203,13358,
48,033,0.8204667863554758,457,557,
48,035,0.7556934728869721,14368,19013,
48,037,0.6089225150013045,56016,91992,
48,039,0.40281300214895555,166452,413224,
48,041,0.5329575681825466,133039,249624,
48,043,0.49200673117374844,4678,9508,
48,045,0.6318607764390897,944,1494,
48,047,0.08367952522255193,564,6740,
48,049,0.7000854236235148,27045,38631,
48,051,0.6270875662817781,12654,20179,
48,053,0.7072969383726356,39412,55722,
48,055,0.34358191874880795,18014,52430,
48,057,0.41465249222745965,8269,19942,
48,059,0.8226479644201163,12023,14615,
48,061,0.08827343160273599,38123,431874,
48,063,0.522105742935278,6873,13164,
48,065,0.8181037444177258,4763,5822,
48,067,0.7475019215987702,21395,28622,
48,069,0.29525745257452574,2179,7380,
48,071,0.5924811762402321,33285,56179,
48,073,0.5969035943107304,31769,53223,
48,075,0.5511304087438239,3681,6679,
48,077,0.8597390493942219,9225,10730,
48,079,0.32017034456058846,827,2583,
48,081,0.7408716136631331,2516,3396,
48,083,0.7583229036295369,6059,7990,
48,085,0.4792086767868216,601243,1254658,
48,087,0.5863653772500957,1531,2611,
48,089,0.5477532013969733,11763,21475,
48,091,0.6347977463447537,127993,201628,
48,093,0.6629291733407618,9519,14359,
48,095,0.5165363800360794,1718,3326,
48,097,0.7162772832030367,31701,44258,
48,099,0.5450619428042144,47077,86370,
48,101,0.5938242280285035,750,1263,
48,103,0.2348715716151502,1079,4594,
48,105,0.31332618792425865,877,2799,
48,107,0.3731610337972167,1877,5030,
48,109,0.24445430346051464,551,2254,
48,111,0.37177783683231463,2798,7526,
48,113,0.2566561798294295,681686,2656028,
48,115,0.3440210920224528,4045,11758,
48,117,0.1957285752906191,3620,18495,
48,119,0.7802372941384806,4406,5647,
48,121,0.5122617498469075,535375,1045120,
48,123,0.5340213312265455,10815,20252,
48,125,0.6573913043478261,1134,1725,
48,127,0.09522063317442855,779,8181,
48,129,0.7707485123708111,2461,3193,
48,131,0.14460093896713616,1386,9585,
48,133,0.7651722252597047,13995,18290,
48,135,0.2657656068038254,45186,170022,
48,137,0.44613159797541574,617,1383,
48,139,0.49847022423801673,115838,232387,
48,141,0.10953271582947394,95927,875784,
48,143,0.7205366774541532,32061,44496,
48,145,0.4961131140153222,8807,17752,
48,147,0.75379042690815,29134,38650,
48,149,0.6911880100439423,17617,25488,
48,151,0.6534788540245566,2395,3665,
48,153,0.3560095200317334,1795,5042,
48,155,0.6932573599240266,730,1053,
48,157,0.27897486942241195,267379,958434,
48,159,0.7548570381231672,8237,10912,
48,161,0.6459675466214579,13336,20645,
48,163,0.14144467213114753,2761,19520,
48,165,0.5545605451686179,12695,22892,
48,167,0.5386750932889139,197913,367407,
48,169,0.3621097954790097,1682,4645,
48,171,0.730636741361554,20574,28159,
48,173,0.6253252385082394,721,1153,
48,175,0.6121035867608364,4420,7221,
48,177,0.4005489021956088,8027,20040,
48,179,0.589620834929146,12316,20888,
48,181,0.7099022134828475,106863,150532,
48,183,0.547920334072735,69410,126679,
48,185,0.5844893566132504,19550,33448,
48,187,0.46694096307758526,91131,195166,
48,189,0.31101930961099117,9938,31953,
48,191,0.5176803394625177,1464,2828,
48,193,0.8058769088385007,6966,8644,
48,195,0.4568517778665601,2287,5006,
48,197,0.6435469710272168,2199,3417,
48,199,0.836321799897733,49067,58670,
48,201,0.25978389803609364,1301336,5009302,
48,203,0.611405352388959,43636,71370,
48,205,0.5968775020016013,2982,4996,
48,207,0.6472861085556578,3518,5435,
48,209,0.506323002167593,147861,292029,
48,211,0.6196553924696873,1942,3134,
48,213,0.7444979249316885,65119,87467,
48,215,0.05992982226011674,54825,914820,
48,217,0.6717133940316216,26043,38771,
48,219,0.43473610788188793,9349,21505,
48,221,0.8102450597459712,56009,69126,
48,223,0.7015521864686468,27209,38784,
48,225,0.5939541379465694,13184,22197,
48,227,0.4273019167774787,13175,30833,
48,229,0.17876940133037694,645,3608,
48,231,0.6334425456291218,75208,118729,
48,233,0.6801886314081436,13414,19721,
48,235,0.6959370904325033,1062,1526,
48,237,0.7402638859331773,6957,9398,
48,239,0.5654933263543575,8643,15284,
48,241,0.7414835749232686,24400,32907,
48,243,0.6355455568053994,1130,1778,
48,245,0.35831351300266195,90993,253948,
48,247,0.08073314422867117,370,4583,
48,249,0.17921617034408271,6969,38886,
48,251,0.6245066422224016,131488,210547,
48,253,0.5615347721822542,11708,20850,
48,255,0.34167932879698754,5172,15137,
48,257,0.438252227934226,86699,197829,
48,259,0.6860191402330786,35555,51828,
48,261,0.21818181818181817,72,330,
48,263,0.7766714082503556,546,703,
48,265,0.6754359925788497,36406,53900,
48,267,0.7273346966598501,3201,4401,
48,269,0.7813953488372093,168,215,
48,271,0.39486054528361014,1260,3191,
48,273,0.20366598778004075,6200,30442,
48,275,0.5671274961597542,1846,3255,
48,277,0.709769946730668,36375,51249,
48,279,0.34980688894143613,4438,12687,
48,281,0.6940396788308765,16337,23539,
48,283,0.1747267555023207,1167,6679,
48,285,0.7165736471730163,14765,20605,
48,287,0.610807002330497,11270,18451,
48,289,0.7323631572643431,12229,16698,
48,291,0.4555292849567984,52405,115042,
48,293,0.5624529221498515,12694,22569,
48,295,0.5420138888888889,1561,2880,
48,297,0.4687891702180998,5610,11967,
48,299,0.8121141475629237,18811,23163,
48,301,0.7916666666666666,38,48,
48,303,0.5101865031124577,167032,327394,
48,305,0.5467069892473119,3254,5952,
48,307,0.6486305048335124,4831,7448,
48,309,0.5405795278852484,146150,270358,
48,311,0.5504424778761062,311,565,
48,313,0.5227354615550912,7254,13877,
48,315,0.7065127782357791,6856,9704,
48,317,0.4782776597798803,2477,5179,
48,319,0.7421620265864058,2959,3987,
48,321,0.41861998845868487,15234,36391,
48,323,0.02854034574784545,1679,58829,
48,325,0.41313220302414644,22978,55619,
48,327,0.6127681841967556,1171,1911,
48,329,0.4065048178792616,74629,183587,
48,331,0.6196337780496196,16209,26159,
48,333,0.7738330046022354,3531,4563,
48,335,0.4681088314005352,4198,8968,
48,337,0.829693924166286,18162,21890,
48,339,0.5697059682796323,427059,749613,
48,341,0.26440197512801755,5783,21872,
48,343,0.6109652002626396,7444,12184,
48,345,0.7753694581280788,787,1015,
48,347,0.5754168695228822,37821,65728,
48,349,0.5069428475403747,28659,56533,
48,351,0.7498320456835741,8929,11908,
48,353,0.5447750669863207,7726,14182,
48,355,0.2904750442477876,102574,353125,
48,357,0.3791293609138623,3684,9717,
48,359,0.6884256719692814,1255,1823,
48,361,0.7690297857516112,66225,86115,
48,363,0.7319307995104363,22127,30231,
48,365,0.7107983667796021,16364,23022,
48,367,0.786118515138531,141271,179707,
48,369,0.2927913951804737,2831,9669,
48,371,0.2147226753670473,3159,14712,
48,373,0.7075270006266356,38389,54258,
48,375,0.41879998953327113,48015,114649,
48,377,0.13102356665494197,745,5686,
48,379,0.8191041635352473,10899,13306,
48,381,0.6520754315927916,98168,150547,
48,383,0.244663905702453,768,3139,
48,385,0.658008658008658,1824,2772,
48,387,0.7234097127222983,8461,11696,
48,389,0.10789561726329876,1290,11956,
48,391,0.4000593559875352,2696,6739,
48,393,0.8351254480286738,699,837,
48,395,0.5632255507106858,9946,17659,
48,397,0.6066883628615627,83143,137044,
48,399,0.5968618603220183,5820,9751,
48,401,0.6124627746249368,32700,53391,
48,403,0.8468880493139789,8518,10058,
48,405,0.6774816531479335,5262,7767,
48,407,0.6807951987997,19965,29326,
48,409,0.37890215064295407,27079,71467,
48,411,0.6200072621641249,3415,5508,
48,413,0.42311033883579496,974,2302,
48,415,0.4876935414224909,7906,16211,
48,417,0.8204480908804039,2600,3169,
48,419,0.5972222222222222,14448,24192,
48,421,0.47816672681342476,1325,2771,
48,423,0.5738705934778856,142946,249091,
48,425,0.7716379481085364,7792,10098,
48,427,0.024959826993256943,1662,66587,
48,429,0.6770448548812665,6415,9475,
48,431,0.585436193222783,812,1387,
48,433,0.719838056680162,889,1235,
48,435,0.33771795656163967,1104,3269,
48,437,0.41675149047549803,2866,6877,
48,439,0.40946641156081387,913400,2230708,
48,441,0.6054981755626189,90106,148813,
48,443,0.4220055710306407,303,718,
48,445,0.3686433373556283,4277,11602,
48,447,0.8328981723237598,1276,1532,
48,449,0.4172504517069769,13163,31547,
48,451,0.511902283873009,61481,120103,
48,453,0.46736502643046796,637377,1363767,
48,455,0.7607150251915246,11022,14489,
48,457,0.7669260700389106,15768,20560,
48,459,0.7693076049943246,33888,44050,
48,461,0.3887468030690537,1216,3128,
48,463,0.2536001272973188,6375,25138,
48,465,0.15062813808621012,7230,47999,
48,467,0.7944842582383927,51883,65304,
48,469,0.42369139414240503,38958,91949,
48,471,0.5316165404553164,44508,83722,
48,473,0.3740650294122164,24355,65109,
48,475,0.35287189708280486,3895,11038,
48,477,0.6218989685268448,23514,37810,
48,479,0.0394028362711355,10750,272823,
48,481,0.4293564886404187,18048,42035,
48,483,0.6772388059701493,3267,4824,
48,485,0.6232536312161496,81013,129984,
48,487,0.5450020072260137,6788,12455,
48,489,0.09097718080591202,1822,20027,
48,491,0.5164004508715017,375671,727480,
48,493,0.5466750879725706,30294,55415,
48,495,0.30429481100121936,2246,7381,
48,497,0.7229898492771455,58761,81275,
48,499,0.8072299043945673,39346,48742,
48,501,0.3043134151167392,2307,7581,
48,503,0.7440228120201798,13568,18236,
48,505,0.04638541139011506,641,13819,
48,507,0.057769573243566075,532,9209,
49,000,0.7438175962927412,2606049,3503613,
49,001,0.806573275862069,5988,7424,
49,003,0.8543200249532127,54779,64120,
49,005,0.8123612418979015,118188,145487,
49,007,0.8246737495755107,16999,20613,
49,009,0.893305439330544,854,956,
49,011,0.7972705894786906,301743,378470,
49,013,0.8463202422727492,17606,20803,
49,015,0.8850506839877965,8993,10161,
49,017,0.8637051039697543,4569,5290,
49,019,0.7609317531671435,7448,9788,
49,021,0.8286823586508129,54640,65936,
49,023,0.902835225990825,12005,13297,
49,025,0.8909090909090909,7595,8525,
49,027,0.8127763041556145,11031,13572,
49,029,0.9432521194531429,12350,13093,
49,031,0.8878748370273793,1362,1534,
49,033,0.9240552325581395,2543,2752,
49,035,0.6589099166799586,801415,1216274,
49,037,0.4670228066570783,6819,14601,
49,039,0.8369777430691137,25722,30732,
49,041,0.9070159857904085,20426,22520,
49,043,0.8263471664849568,35623,43109,
49,045,0.7733642647476565,65340,84488,
49,047,0.8073459158900462,30927,38307,
49,049,0.7704293434185275,575691,747234,
49,051,0.8053779914417032,30490,37858,
49,053,0.8129102686793978,169039,207943,
49,055,0.9022239263803681,2353,2608,
49,057,0.7370435828160424,203511,276118,
50,000,0.9100884666449753,590186,648493,
50,001,0.9070623176597367,34511,38047,
50,003,0.923027079564783,34188,37039,
50,005,0.9347961355821188,28544,30535,
50,007,0.858303433986339,146642,170851,
50,009,0.9406990226933908,5679,6037,
50,011,0.927505581012807,47364,51066,
50,013,0.915249734325186,6890,7528,
50,015,0.9291374580920451,24388,26248,
50,017,0.9465557404326123,28444,30050,
50,019,0.9371348193031811,25983,27726,
50,021,0.9412272832984484,56660,60198,
50,023,0.9264587928614397,55443,59844,
50,025,0.9125517785521731,41637,45627,
50,027,0.9326828084649115,53813,57697,
51,000,0.5843281189441387,5148629,8811195,
51,001,0.5901349854838227,19717,33411,
51,003,0.7383495435288502,86618,117313,
51,005,0.9071213778020777,13273,14632,
51,007,0.7385535141440653,10130,13716,
51,009,0.7431279620853081,23520,31650,
51,011,0.7701834050834464,13060,16957,
51,013,0.5831814751028952,139851,239807,
51,015,0.8798936684388593,69179,78622,
51,017,0.9137803979366249,3720,4071,
51,019,0.8623664549414713,70871,82182,
51,021,0.9262851600387972,5730,6186,
51,023,0.9113070995341206,31102,34129,
51,025,0.41955555555555557,6608,15750,
51,027,0.9270609703735508,17273,18632,
51,029,0.6249488752556237,10696,17115,
51,031,0.7739329984460265,42831,55342,
51,033,0.6027421811990322,20178,33477,
51,035,0.9258258669037686,27073,29242,
51,036,0.45978062157221206,3018,6564,
51,037,0.6893764434180139,7761,11258,
51,041,0.5586144440767279,217744,389793,
51,043,0.8211950250032055,12809,15598,
51,045,0.9565127355560158,4619,4829,
51,047,0.6512427616926504,36551,56125,
51,049,0.6508646392367322,6549,10062,
51,051,0.9711430914920588,13024,13411,
51,053,0.6189809630459127,17688,28576,
51,057,0.5420761958251428,5791,10683,
51,059,0.46956004909877896,545124,1160925,
51,061,0.7404863902985567,56177,75865,
51,063,0.9236811853365692,14463,15658,
51,065,0.7642454602379462,21969,28746,
51,067,0.8554918489494401,47597,55637,
51,069,0.7632327309421154,74880,98109,
51,071,0.940724611383294,15553,16533,
51,073,0.8358569507396524,33563,40154,
51,075,0.787690890408532,22231,28223,
51,077,0.8716017032427121,13305,15265,
51,079,0.7897810890360559,17173,21744,
51,081,0.3524663677130045,3930,11150,
51,083,0.59570078928486,19925,33448,
51,085,0.8105004813154221,93458,115309,
51,087,0.4962267047736023,168070,338696,
51,089,0.6741318214032601,33292,49385,
51,091,0.9565587734241908,2246,2348,
51,093,0.6839675638708417,28003,40942,
51,095,0.7210768506105294,59703,82797,
51,097,0.6639988142878316,4480,6747,
51,099,0.7029428095502499,20256,28816,
51,101,0.7631551580698835,14677,19232,
51,103,0.6843247152413668,7570,11062,
51,105,0.9132231404958677,19890,21780,
51,107,0.5035319590419054,223256,443380,
51,109,0.775891139661355,32672,42109,
51,111,0.5824212271973466,7024,12060,
51,113,0.8346898680886893,11896,14252,
51,115,0.8502673796791443,7314,8602,
51,117,0.6044316117311186,18631,30824,
51,119,0.7681066764088045,8410,10949,
51,121,0.8105921331744076,80247,98998,
51,125,0.8060409047812542,11902,14766,
51,127,0.751745168638401,20461,27218,
51,131,0.5692269243585472,6833,12004,
51,133,0.70081471323707345,8688,12397,
51,135,0.5455475946775844,8528,15632,
51,137,0.7466526445390653,29109,38986,
51,139,0.9191927721016634,21772,23686,
51,141,0.8875086665125953,15361,17308,
51,143,0.7339505133815856,43604,59410,
51,145,0.8592244998765127,27832,32392,
51,147,0.60378883102891,13450,22276,
51,149,0.5169194062722247,22532,43589,
51,153,0.373722090208711,185741,497003,
51,155,0.8976443610589953,30142,33579,
51,157,0.8649552079154967,6469,7479,
51,159,0.5968529571351058,5500,9215,
51,161,0.8208847884603531,79900,97334,
51,163,0.9075464949928469,20300,22368,
51,165,0.8359148664370281,73288,87674,
51,167,0.9650668764752164,24532,25420,
51,169,0.955676080044885,20440,21388,
51,171,0.8362932153781827,38002,45441,
51,173,0.9350997014105776,27246,29137,
51,175,0.6213700462627502,11148,17941,
51,177,0.5946415297886476,90398,152021,
51,179,0.5136544734458528,86766,168919,
51,181,0.5640674874601003,3711,6579,
51,183,0.4138379986980378,4450,10753,
51,185,0.925016077170418,35960,38875,
51,187,0.8153364263677256,34620,42461,
51,191,0.9434729564863765,51040,54098,
51,193,0.6417988042630621,12345,19235,
51,195,0.9031538615503388,31586,34973,
51,197,0.9301067615658363,26136,28100,
51,199,0.6704663212435233,47878,71410,
51,510,0.4939032821711858,78581,159102,
51,520,0.8635695023290022,14090,16316,
51,530,0.8561008965202856,5634,6581,
51,540,0.6540755467196819,29281,44767,
51,550,0.5395867402361596,137593,254997,
51,570,0.6275034807754096,11718,18674,
51,580,0.7838601447995762,4439,5663,
51,590,0.38311147095944564,16088,41993,
51,595,0.24676045908922623,1333,5402,
51,600,0.49358390280941533,13001,26340,
51,610,0.6962884129306904,10468,15034,
51,620,0.37453720291412873,3136,8373,
51,630,0.5530474793278207,16587,29992,
51,640,0.7254785576495029,4889,6739,
51,650,0.3495377772609669,48095,137596,
51,660,0.6022789461340005,30815,51164,
51,670,0.3953852851545494,9082,22970,
51,678,0.802358369648808,6260,7802,
51,680,0.6179126038280968,49619,80301,
51,683,0.3201577402787968,13964,43616,
51,685,0.24718559990367828,4106,16611,
51,690,0.4131126210785022,5715,13834,
51,700,0.3939559479066515,72116,183056,
51,710,0.4149975119534411,95908,231105,
51,720,0.8553766532489937,2975,3478,
51,730,0.14307945269833813,4873,34058,
51,735,0.8752139411856231,11250,12854,
51,740,0.35265645405360585,34025,96482,
51,750,0.8083135529439008,13962,17273,
51,760,0.43122552481222315,100758,233655,
51,770,0.5563260887327396,54471,97912,
51,775,0.8083217538984098,20942,25908,
51,790,0.7845681119836122,20682,26361,
51,800,0.4582415983705931,47247,103105,
51,810,0.5911175704912842,268845,454808,
51,820,0.7126989531023917,16747,23498,
51,830,0.6698689956331878,10738,16030,
51,840,0.6099640287769784,16957,27800,
53,000,0.6296076489850695,5010531,7958180,
53,001,0.3096154760207234,6514,21039,
53,003,0.881276916929361,19849,22523,
53,005,0.6423346624501581,140151,218190,
53,007,0.6526074752548382,53010,81228,
53,009,0.8108981759408912,63216,77958,
53,011,0.7258761656763436,382732,527269,
53,013,0.826583850931677,3327,4025,
53,015,0.8053552315277851,91796,113982,
53,017,0.5769407140517524,26421,45795,
53,019,0.7276945512395598,5489,7543,
53,021,0.37065133645469095,37524,101238,
53,023,0.8656405990016639,2081,2404,
53,025,0.4962327033814949,51964,104717,
53,027,0.7687725469554388,59882,77893,
53,029,0.7638821434353246,66059,86478,
53,031,0.872024510959227,29600,33944,
53,033,0.5218845651097272,1221320,2340211,
53,035,0.7312202402103617,205780,281420,
53,037,0.8162833181101055,39322,48172,
53,039,0.7970900348200962,19229,24124,
53,041,0.8044779377132419,70029,87049,
53,043,0.891165064913168,10571,11862,
53,045,0.7568215762867647,52699,69632,
53,047,0.624093275777669,28048,44942,
53,049,0.8116312641781811,19678,24245,
53,051,0.8707786770862406,12480,14332,
53,053,0.6101862575305205,574289,941170,
53,055,0.862116991643454,16094,18668,
53,057,0.7172206485053038,95201,132736,
53,059,0.8513428120063191,10778,12660,
53,061,0.6097721015654203,526912,864113,
53,063,0.8136297165017529,452335,555947,
53,065,0.8581046618382128,42060,49015,
53,067,0.7017384586942742,212565,302912,
53,069,0.8635416666666667,4145,4800,
53,071,0.6793677901656248,42167,62068,
53,073,0.75986363288133,178533,234954,
53,075,0.757329696894564,36654,48399,
53,077,0.38691721819722036,100027,258523,
54,000,0.9055056585417115,1602726,1769979,
54,001,0.9411152319604399,14464,15369,
54,003,0.7941990065083243,108239,136287,
54,005,0.9701405152224825,19884,20496,
54,007,0.9605841838851548,11576,12051,
54,009,0.9401926239135542,20012,21285,
54,011,0.8898446807812961,81411,91489,
54,013,0.9635620636812532,5659,5873,
54,015,0.9648849005072181,7419,7689,
54,017,0.9318450426789232,7096,7615,
54,019,0.9211658031088082,35557,38600,
54,021,0.7883642495784149,5610,7116,
54,023,0.9545164524655911,10472,10971,
54,025,0.9237386581269034,29422,31851,
54,027,0.9463707813222376,22517,23793,
54,029,0.9248235545733229,25945,28054,
54,031,0.8895012207882804,12751,14335,
54,033,0.9285426231542375,59865,64472,
54,035,0.9598455877047406,26605,27718,
54,037,0.7967158527030557,48810,61264,
54,039,0.8685726771934263,151050,173906,
54,041,0.9569096316076956,15767,16477,
54,043,0.9677452650049028,18752,19377,
54,045,0.9596858638743455,29328,30560,
54,047,0.8602671021169884,14751,17147,
54,049,0.9204118672393035,51220,55649,
54,051,0.9548272807794509,28028,29354,
54,053,0.9578522406136455,23726,24770,
54,055,0.8942354495514916,51440,57524,
54,057,0.9313989095526178,24941,26778,
54,059,0.9531134856300664,20694,21712,
54,061,0.8653504696541763,94061,108697,
54,063,0.9471994864387738,11804,12462,
54,065,0.9352643419572554,16629,17780,
54,067,0.9615688887038348,23094,24017,
54,069,0.9079581406668289,37308,41090,
54,071,0.9374158815612382,5572,5944,
54,073,0.9479478119054091,6975,7358,
54,075,0.9410688618842284,7202,7653,
54,077,0.9457935692262517,32209,34055,
54,079,0.9418928627753342,53751,57067,
54,081,0.870307685931002,62992,72379,
54,083,0.9462302317028319,25728,27190,
54,085,0.9605875152998776,7848,8170,
54,087,0.9603397341211226,13003,13540,
54,089,0.9073977823977823,10475,11544,
54,091,0.9535831609684876,15675,16438,
54,093,0.9653126426289366,6345,6573,
54,095,0.9613668239194186,7540,7843,
54,097,0.9515010570824525,22503,23650,
54,099,0.9625422331001091,36181,37589,
54,101,0.9699257581477287,7708,7947,
54,103,0.9569954961499346,13174,13766,
54,105,0.962225832656377,4738,4924,
54,107,0.9415155213456263,77917,82757,
54,109,0.9658885994790624,19283,19964,
55,000,0.7891588204949693,4704156,5960975,
55,001,0.8947639565380292,19105,21352,
55,003,0.8197703136576933,13277,16196,
55,005,0.9146549882503738,42815,46810,
55,007,0.849507067347666,14304,16838,
55,009,0.775487479418347,212413,273909,
55,011,0.9431818181818182,12699,13464,
55,013,0.9064409146447897,15579,17187,
55,015,0.8782694675571807,47077,53602,
55,017,0.9280038025637598,62476,67323,
55,019,0.9052900778713255,31505,34801,
55,021,0.9073701237244678,52730,58113,
55,023,0.9344702648675662,14959,16008,
55,025,0.757213005250303,445504,588347,
55,027,0.8750719241834489,77562,88635,
55,029,0.9204575249082328,28085,30512,
55,031,0.908166952750926,40210,44276,
55,033,0.9114338354828222,42049,46135,
55,035,0.8817146007534687,95957,108830,
55,037,0.9437192381767601,4410,4673,
55,039,0.8612339237932655,89800,104269,
55,041,0.8005470229328845,7610,9506,
55,043,0.9360787311293713,48985,52330,
55,045,0.9255842723825404,34416,37183,
55,047,0.9098606091894682,17624,19370,
55,049,0.9376121520677712,22468,23963,
55,051,0.9416198877305533,5871,6235,
55,053,0.8565178104342036,18010,21027,
55,055,0.8739405182909155,75373,86245,
55,057,0.9087250846182775,24163,26590,
55,059,0.7211562392595139,121698,168754,
55,061,0.9249192809985061,19193,20751,
55,063,0.8778539567156782,106273,121060,
55,065,0.8931006587310759,15456,17306,
55,067,0.9235730739697978,18042,19535,
55,069,0.9368258318400619,26663,28461,
55,071,0.8733821599008748,71192,81513,
55,073,0.8636072786880531,120120,139091,
55,075,0.9328106180478474,39498,42343,
55,077,0.9261894175188973,14581,15743,
55,078,0.1502566495566962,644,4286,
55,079,0.47878538832536716,442752,924740,
55,081,0.8848824671123571,41032,46370,
55,083,0.9362839373579439,37486,40037,
55,085,0.942423051735429,35977,38175,
55,087,0.8491580940682737,165917,195390,
55,089,0.8936949210268637,83968,93956,
55,091,0.9478491065519523,7161,7555,
55,093,0.9224066390041494,40014,43380,
55,095,0.9414151993192381,43146,45831,
55,097,0.891199333703498,64202,72040,
55,099,0.936395258039327,13191,14087,
55,101,0.6862084761717786,136316,198651,
55,103,0.9258307539566665,15853,17123,
55,105,0.8015544448540743,132626,165461,
55,107,0.9407820440429137,13329,14168,
55,109,0.9240459807664823,90514,97954,
55,111,0.8805763619408598,58546,66486,
55,113,0.7827979824794266,14744,18835,
55,115,0.8498510859827114,35098,41299,
55,117,0.8061370224201604,95391,118331,
55,119,0.9407447810779987,18972,20167,
55,121,0.8426999123405085,25956,30801,
55,123,0.9561736467736276,29977,31351,
55,125,0.8614080507766828,20629,23948,
55,127,0.8374878570957003,88798,106029,
55,129,0.9348722176422094,15876,16982,
55,131,0.9055843491173312,125629,138727,
55,133,0.8541971901234686,356225,417029,
55,135,0.9274393699556389,47458,51171,
55,137,0.8824115794090673,22130,25079,
55,139,0.8531969279948299,147865,173307,
55,141,0.905859919126895,66982,73943,
56,000,0.8259107106998084,485320,587618,
56,001,0.8009061290979433,31466,39288,
56,003,0.860062893081761,10393,12084,
56,005,0.8532098610937304,40908,47946,
56,007,0.7597894736842106,10827,14250,
56,009,0.8761441232020921,12061,13766,
56,011,0.9407073954983923,7314,7775,
56,013,0.6989501774879786,27763,39721,
56,015,0.8531064503363672,10779,12635,
56,017,0.8873513513513513,4104,4625,
56,019,0.9104850619107122,8015,8803,
56,021,0.7702858041126711,78402,101783,
56,023,0.9065238095238095,19037,21000,
56,025,0.8513990797164531,68461,80410,
56,027,0.9056931768796176,2084,2301,
56,029,0.9017759474937262,28029,31082,
56,031,0.8671287593984962,7381,8512,
56,033,0.9056037358238825,29865,32978,
56,035,0.879419966536531,7884,8965,
56,037,0.779783393501805,32184,41273,
56,039,0.7852354761086284,18274,23272,
56,041,0.8628097570437903,17792,20621,
56,043,0.8150613416862438,6245,7662,
56,045,0.8814448004660647,6052,6866,
