statecode,countycode,v136_other_data_1,v136_other_data_1_cilow,v136_other_data_1_cihigh,v136_other_data_2,v136_other_data_2_cilow,v136_other_data_2_cihigh,v136_other_data_3,v136_other_data_3_cilow,v136_other_data_3_cihigh,v136_other_flag_CT
00,000,0.13827988375922576,,,0.03360591561652281,,,0.009742966522527754,,,
01,000,0.11559793124172944,0.11291350008860844,0.11828236239485045,0.0165377751338489,0.015619228273100607,0.01745632199459719,0.008620645061169593,0.007868149447252984,0.009373140675086203,
01,001,0.10676075574778056,0.083327968245898,0.13019354324966312,0.013626176602420438,0.004947942314012218,0.022304410890828658,0.00761990138951143,0.0012047024067830103,0.01403510037223985,
01,003,0.11571627260083449,0.1004798844742142,0.13095266072745476,0.019823788546255508,0.014357725258837727,0.02528985183367329,0.009196035242290748,0.005649804110914725,0.012742266373666771,
01,005,0.09809358752166378,0.07514761745377786,0.12103955758954969,0.037603993344425955,0.017906977091011002,0.05730100959784091,0.005546311702717693,0.0011089966186872005,0.009983626786748186,
01,007,0.09636871508379888,0.05880459791750559,0.13393283225009217,0.013167013167013167,0.0018229064813347889,0.024511119852691547,0.021483021483021482,1.9831183231445657e-4,0.042767731133728504,
01,009,0.08418582824964806,0.06622684454344546,0.10214481195585065,0.02376878612716763,0.014857272792341102,0.03268029946199416,0.010635838150289017,0.00324613066145175,0.018025545639126284,
01,011,0.12305295950155763,0.06895148528782366,0.1771544337152916,0.007246376811594203,0,0.025133760648142246,0.004347826086956522,0,0.014110724127708453,
01,013,0.10646766169154229,0.07518980934319536,0.13774551403988922,0.0061711079943899015,0,0.01261089330011874,0.016830294530154277,0.004325391508717344,0.02933519755159121,
01,015,0.10783934463533963,0.09203065738970416,0.1236480318809751,0.017227877838684416,0.011345999177545855,0.023109756499822977,0.013759928403624567,0.007087593199760734,0.0204322636074884,
01,017,0.09206471494607088,0.06959893973714942,0.11453049015499234,0.053252187143400534,0.027885824332173195,0.07861854995462787,0.007607455306200076,0.0018655415239845867,0.013349369088415565,
01,019,0.08020304568527918,0.057048905810440594,0.10335718556011778,0.007003501750875438,0.0012448651904719728,0.012762138311278903,0.0030015007503751876,0,0.0061718017950294305,
01,021,0.08009563658099222,0.058007899472747974,0.10218337368923647,0.025694034258712344,0.015047130803471061,0.03634093771395363,0.010336680448907265,0,0.023148876177265236,
01,023,0.09883268482490272,0.06602209678650303,0.1316432728633024,0.0057361376673040155,0,0.014845573448437004,0.022944550669216062,0.004232228265316735,0.041656873073115386,
01,025,0.08812459441920831,0.06162147283660222,0.1146277160018144,0.01452991452991453,0.0034102145455505196,0.02564961451427854,0.013431013431013432,0.0035986320382672306,0.023263394823759633,
01,027,0.07906976744186046,0.04968162268409723,0.1084579121996237,0.020966271649954422,0.0038511305967160424,0.038081412703192805,0.010938924339106655,0,0.024183674013073846,
01,029,0.05987488829311886,0.03798098465984957,0.08176879192638814,0.02673611111111111,0.011990413009213451,0.04148180921300877,0.011111111111111112,0.002594133704324283,0.01962808851789794,
01,031,0.10456928838951311,0.08460613649482088,0.12453244028420535,0.020132580407561995,0.012441490052437741,0.02782367076268625,0.006383501104836729,0.0018717477658112191,0.010895254443862239,
01,033,0.10130041877892881,0.07713975765175227,0.12546107990610536,0.014141414141414142,0.0065726987502759395,0.021710129532552344,0.008596604341285192,0.0031719696752627756,0.014021239007307607,
01,035,0.09454976303317536,0.053635813416007004,0.1354637126503437,0.007856341189674524,0,0.022293305029488692,0.010101010101010102,0,0.02105271238778499,
01,037,0.023455233291298866,0.003518490695529411,0.04339197588706832,0.0375,0.010712220190441386,0.0642877798095586,0.01975,6.26300753584292e-4,0.038873699246415705,
01,039,0.09549745824255629,0.07526979795434688,0.1157251185307657,0.01549841493483621,0.006976334089027201,0.024020495780645218,0.012328284607256075,0.002832661029593009,0.021823908184919142,
01,041,0.0975609756097561,0.06653819666081473,0.12858375455869747,0.009917355371900827,0.0010985729946984095,0.018736137749103245,0.011363636363636364,0.0021620063349391625,0.020565266392333567,
01,043,0.08291873963515754,0.0694401193526381,0.09639735991767699,0.019167904903417535,0.012520800061161502,0.025815009745673568,0.011292719167904903,0.00606513469981743,0.016520303635992377,
01,045,0.10271266789570714,0.08348036220287082,0.12194497358854346,0.006958762886597939,0.0026265585956306275,0.01129096717756525,0.007216494845360825,0.0026687089024758784,0.011764280788245773,
01,047,0.14912648497554157,0.11618359005654863,0.1820693798945345,0.013215859030837005,0.006374112729724623,0.020057605331949387,0.01592680447305998,0.001988555357389373,0.029865053588730588,
01,049,0.09541683129197945,0.07633204732713902,0.11450161525681987,0.03425457376411055,0.022013283007878283,0.046495864520342815,0.00759050214091086,0.00239077320588036,0.01279023107594136,
01,051,0.07980558168704924,0.06479736497010218,0.0948137984039963,0.01289420537517477,0.005810464725872157,0.019977946024477382,0.006524778623582414,0.0026528912265502205,0.010396666020614608,
01,053,0.10556668001601922,0.07815534280890533,0.1329780172231331,0.004454685099846391,3.273110624207546e-4,0.008582059137272027,0.0018433179723502304,0,0.004093322901779108,
01,055,0.10550458715596331,0.0898376578282061,0.12117151648372051,0.01740139211136891,0.011873355519574622,0.022929428703163196,0.004382572828048466,0.001968247871135827,0.006796897784961105,
01,057,0.09105960264900662,0.05912620485481112,0.1229930004432021,0.009764035801464606,0,0.019549780660684555,0.007323026851098454,0,0.016147437128411685,
01,059,0.08901943063714415,0.05823391514856857,0.11980494612571974,0.01601423487544484,0.005884146755290094,0.026144322995599587,0.007562277580071174,0,0.016375479999736355,
01,061,0.10418695228821812,0.0728667212653696,0.13550718331106665,0.01588065447545717,0.005433907645078019,0.026327401305836322,0.005774783445620789,9.884166619188572e-4,0.01056115022932272,
01,063,0.12206405693950179,0.060463576981103793,0.18366453689789977,0.003484320557491289,0,0.017670074784823662,0.0027874564459930314,0,0.010439506925398271,
01,065,0.1539047619047619,0.10378269724118,0.2040268265683438,0.02497687326549491,0.0051175757696867614,0.04483617076130306,0.00906567992599445,2.7839942451034737e-4,0.017852960427478554,
01,067,0.07340996168582375,0.047709497675097357,0.09911042569655015,0.011219147344801795,0.003162831464717939,0.01927546322488565,0.0029917726252804786,0,0.007920115383660699,
01,069,0.11952415992151091,0.1091356347037115,0.12991268513931034,0.013720062582741605,0.010523517939964927,0.016916607225518285,0.005295462751233602,0.0035301832814422732,0.007060742221024931,
01,071,0.08919653893695921,0.07033774225414802,0.1080553356197704,0.021286889211417512,0.01200634039743326,0.030567438025401763,0.006773101112723754,0.0026506553209992003,0.010895546904448307,
01,073,0.14487456706021928,0.13698202841626533,0.15276710570417323,0.013770010722549334,0.011159578246187086,0.016380443198911583,0.0110799676442371,0.008631608253096577,0.013528327035377624,
01,075,0.0632688927943761,0.033856590247831976,0.09268119534092023,0.009477756286266924,0,0.019099122509847848,0.017408123791102514,0,0.03546240552930073,
01,077,0.10302545648407303,0.08803122678660874,0.11801968618153733,0.00915391656858899,0.004418534408130386,0.013889298729047594,0.009807767752059632,0.004728773516640443,0.014886761987478821,
01,079,0.0688968538430904,0.04828861006274285,0.08950509762343795,0.010911925175370226,0.003206487837119183,0.01861736251362127,0.00818394388152767,0,0.016578013415704765,
01,081,0.15967664478949897,0.14141286193159452,0.17794042764740342,0.021790838640374434,0.014426099659930679,0.02915557762081819,0.005677894575308831,0.0022382537876063824,0.00911753536301128,
01,083,0.07542737831136631,0.06295902945633543,0.0878957271663972,0.017371013741249677,0.00957207071042493,0.025169956772074425,0.008166969147005444,0.003415613740278177,0.01291832455373271,
01,085,0.16832694763729247,0.12120088582586627,0.21545300944871867,0.01725,0.004027111531070552,0.03047288846892945,0.0175,0.001513669149530876,0.03348633085046913,
01,087,0.1423580786026201,0.11009503363824835,0.17462112356699183,0.014586255259467041,0.006306268582765952,0.02286624193616813,0.008415147265077139,0.0019228894016314066,0.014907405128522871,
01,089,0.09792322615526508,0.08893477346039014,0.10691167885014002,0.012377013223036911,0.00940084963537573,0.015353176810698092,0.004919471078523532,0.003238059531732876,0.006600882625314188,
01,091,0.09147727272727273,0.056941660666453175,0.12601288478809228,0.003794037940379404,0,0.008999831682090375,0.007452574525745257,0,0.019979107804255346,
01,093,0.05651577503429355,0.037014711461588266,0.07601683860699884,0.02631578947368421,0.015046399500038167,0.03758517944733025,0.014519056261343012,0.0019109425106645615,0.027127170012021463,
01,095,0.09041950113378684,0.07660466073010831,0.10423434153746537,0.01586418035068188,0.010849046498499767,0.020879314202863996,0.007236292791539103,0.003954639247547148,0.010517946335531058,
01,097,0.13923726644484258,0.1295273120739479,0.14894722081573725,0.019015694997023904,0.01551997282614194,0.02251141716790587,0.0076125434666833745,0.005835229742748809,0.009389857190617941,
01,099,0.08920657612580414,0.0536539146584903,0.12475923759311798,0.018493150684931507,0.003181303909057723,0.03380499746080529,0.003424657534246575,0,0.008775846086061884,
01,101,0.16294401818698495,0.14703033941613058,0.17885769695783932,0.023461881408827462,0.018047974330069882,0.02887578848758504,0.007467677218011591,0.004372884900889107,0.010562469535134076,
01,103,0.0908899420747762,0.07721051529614625,0.10456936885340615,0.024164149567753358,0.016675042287183667,0.03165325684832305,0.007499218831371732,0.001965493542668394,0.013032944120075069,
01,105,0.08623548922056384,0.02384859105529584,0.14862238738583183,0.0032520325203252032,0,0.018261027204580386,0.0224390243902439,0,0.054206000985967485,
01,107,0.10041304657456203,0.07252491586133124,0.12830117728779283,0.010444601270289344,0.0023479130342994904,0.018541289506279198,0.009174311926605505,0,0.018509141944618702,
01,109,0.16321243523316062,0.12443308686624689,0.20199178360007436,0.009587328053355566,0.003518334630222321,0.01565632147648881,0.003334722801167153,0,0.006670594645185237,
01,111,0.09988165680473372,0.07221833701268045,0.12754497659678699,0.012600229095074456,0.0036924074712741586,0.021508050718874752,0.011454753722794959,0.0019556953036986534,0.020953812141891265,
01,113,0.16202696824706395,0.13235405229838423,0.19169988419574366,0.011082693947144074,0.0039521701509375624,0.018213217743350586,0.008525149190110827,0.0014590329158198833,0.01559126546440177,
01,115,0.07062696393835104,0.056081880789992225,0.08517204708670985,0.01758274231678487,0.009934892314679429,0.025230592318890313,0.00576241134751773,0.001671800838751204,0.009853021856284255,
01,117,0.09497247262387319,0.08482110740043473,0.10512383784731165,0.009788122948373619,0.006619564766969172,0.012956681129778066,0.004834377797672337,0.0030970733106491215,0.006571682284695552,
01,119,0.10396570203644159,0.06336181048800603,0.14456959358487714,0.0125,0,0.02577161210295218,0.004166666666666667,0,0.012305993661443249,
01,121,0.12666455294863666,0.10748153265096491,0.1458475732463084,0.016996291718170582,0.010696605544086586,0.023295977892254578,0.01745982694684796,0.009352757294836193,0.025566896598859724,
01,123,0.08537574056750857,0.0632412840360579,0.10751019709895925,0.013990267639902677,0.002785082978076628,0.025195452301728725,0.019768856447688565,0.007760256720617821,0.03177745617475931,
01,125,0.14358789191791538,0.12936599753174388,0.15780978630408687,0.01663814974334769,0.011435072927775763,0.021841226558919617,0.007257065313587822,0.004340246107509634,0.010173884519666011,
01,127,0.08970374974103998,0.07068893037517346,0.1087185691069065,0.013754045307443365,0.00667997284062294,0.020828117774263792,0.014563106796116505,0.006779878947406181,0.02234633464482683,
01,129,0.07535410764872522,0.043610646271950916,0.10709756902549952,0.013623978201634877,0.001083968076703976,0.02616398832656578,0.006357856494096276,0,0.01740752596111563,
01,131,0.1397142857142857,0.09222698796843543,0.187201583460136,0.024860335195530728,0.00408041071680372,0.045640259674257735,0.034916201117318434,0.010996031611641744,0.05883637062299513,
01,133,0.06024363233665559,0.04008504811966952,0.08040221655364166,0.013179571663920923,0.004804628447103061,0.021554514880738784,0.016474464579901153,0.0022394934340633516,0.030709435725738955,
02,000,0.11340924670576587,0.10742006572854532,0.11939842768298642,0.06260047281323877,0.05857320088160128,0.06662774474487626,0.04124822695035461,0.03817108092378282,0.04432537297692641,
02,013,0.0811111111111111,0.034016184842098604,0.1282060373801236,0.05444444444444444,0.018551862660623093,0.09033702622826578,0.05,0.01763560535975616,0.08236439464024384,
02,016,0.03711340206185567,0,0.0859554048225044,0.10824742268041238,0.0623978010621828,0.15409704429864196,0.024742268041237112,0.005081750161968199,0.044402785920506026,
02,020,0.1262400677041704,0.11472790379143033,0.13775223161691047,0.04456993512857609,0.0381123451353873,0.05102752512176489,0.00914733747141457,0.0053081648056477904,0.012986510137181351,
02,050,0.09523809523809523,0.06667291308761233,0.12380327738857813,0.3362541073384447,0.29887875117256696,0.3736294635043224,0.30558598028477546,0.28118031880516264,0.3299916417643883,
02,060,0.042105263157894736,0,0.16835368223473018,0.056140350877192984,0,0.14829677539941935,0.028070175438596492,0,0.12557729135530007,
02,063,0.0544464609800363,0.017906668867381202,0.0909862530926914,0.056261343012704176,0.01660170087410883,0.09592098515129951,0.019963702359346643,0.0019299773266742391,0.03799742739201904,
02,066,0.05985267034990792,0.008802190474284731,0.1109031502255311,0.027522935779816515,0,0.06145599228393723,0.0871559633027523,0.04731737305458537,0.12699455355091924,
02,068,0.0838095238095238,0,0.17262046582523205,0.04380952380952381,0.004909052768770093,0.08270999485027752,0.20952380952380953,0.11950526510737756,0.2995423539402415,
02,070,0.08231046931407943,0.014949727880456537,0.14967121074770232,0.2815884476534296,0.07241787087423401,0.4907590244326252,0.15162454873646208,0.04605495752635187,0.2571941399465723,
02,090,0.11070525428491149,0.09160671968989371,0.12980378887992927,0.048011165387299375,0.03620956726277566,0.05981276351182309,0.05736217725052338,0.04269718969404751,0.07202716480699925,
02,100,0.13060179257362356,0.028224659930961363,0.23297892521628577,0.049681528662420385,0,0.10953092497112255,0.12738853503184713,0.0262073728641493,0.22856969719954495,
02,105,0.07781649245063879,0.028601445133785965,0.12703153976749162,0.025433526011560695,0.004880352264017479,0.04598669975910391,0.11560693641618497,0.06212865102061892,0.169085221811751,
02,110,0.10265486725663717,0.07584839962165846,0.12946133489161588,0.028812908182865925,0.0173955970160257,0.04023021934970615,0.008835958509412217,0.003048391170240236,0.014623525848584198,
02,122,0.10553859572612298,0.08958492984839417,0.12149226160385179,0.04439655172413793,0.03367434090211919,0.05511876254615667,0.04030172413793103,0.030580693989503548,0.050022754286358516,
02,130,0.13511079084849575,0.10759874230285792,0.1626228393941336,0.03949730700179533,0.027320016137592724,0.051674597865997936,0.011669658886894075,0.0036454360078948013,0.01969388176589335,
02,150,0.09339407744874716,0.0553753630426522,0.13141279185484211,0.11891279728199321,0.07172587898555173,0.16609971557843467,0.022650056625141562,0.007734337476174871,0.03756577577410825,
02,158,0.08257372654155495,0.04226872030306232,0.12287873278004759,0.40482573726541554,0.342556499734808,0.4670949747960231,0.3163538873994638,0.2690961440564227,0.3636116307425049,
02,164,0.043076923076923075,0,0.15157622445841126,0.15076923076923077,0.075711806193551,0.22582665534491053,0.13846153846153847,0.07323808137914485,0.2036849955439321,
02,170,0.11881824020552344,0.10755790156108304,0.13007857884996382,0.05293967930771189,0.04493748958010427,0.06094186903531951,0.030796640366505472,0.026018520678139964,0.03557476005487098,
02,180,0.08689407540394974,0.06527882087095332,0.10850932993694615,0.3123877917414722,0.28091866960602746,0.3438569138769169,0.26032315978456017,0.2339028400306903,0.28674347953843,
02,185,0.08079409048938135,0.027492322192323643,0.13409585878643906,0.2557603686635945,0.18996270970958137,0.32155802761760754,0.1152073732718894,0.0571113805725796,0.17330336597119922,
02,188,0.07453416149068323,0.04370437959830322,0.10536394338306324,0.3267605633802817,0.28113908313212543,0.37238204362843796,0.2028169014084507,0.1742708935072819,0.23136290930961953,
02,195,0.10264635124298316,0.05104615920273424,0.15424654328323206,0.01752988047808765,0.0017362372002921941,0.03332352375588311,0.03187250996015936,0.003119464034571324,0.060625555885747404,
02,198,0.07636207636207636,0.0481384331126649,0.10458571961148781,0.04925053533190578,0.029754572425266086,0.06874649823854548,0.06852248394004283,0.04521567331304733,0.09182929456703834,
02,220,0.11304853240337111,0.08195778918054947,0.14413927562619275,0.012427745664739885,0.0028736478271420805,0.02198184350233769,0.01878612716763006,0.007736589792236291,0.029835664543023825,
02,230,0.029556650246305417,0,0.11361463012092216,0.05365853658536585,0.011599935181347276,0.09571713798938443,0.03414634146341464,0,0.0731268291660695,
02,240,0.08249312557286893,0.032480863248978815,0.13250538789675906,0.0639269406392694,0.03350777419792418,0.09434610708061462,0.10730593607305935,0.07513887799214256,0.13947299415397615,
02,275,0.04967602591792657,0.009864401484168839,0.0894876503516843,0.012903225806451613,0,0.03916444825359436,0.004301075268817204,0,0.021533032205980553,
02,282,0.05217391304347826,0,0.20760842362058834,0.034782608695652174,0,0.14373438030624835,0.08260869565217391,0.004743242632602243,0.1604741486717456,
02,290,0.07335907335907337,0.041030612195705356,0.10568753452244137,0.14423076923076922,0.11064097051085879,0.17782056795067963,0.3798076923076923,0.32446980669050085,0.43514557792488373,
04,000,0.1278554551772064,0.1256750429420992,0.1300358674123136,0.044570640001314284,0.04323577825734649,0.04590550174528208,0.011315616061274819,0.010615802219416012,0.012015429903133626,
04,001,0.06370494551550712,0.049210279218170463,0.07819961181284378,0.1253474854687895,0.11052082082879457,0.14017415010878442,0.13318170331058882,0.11893921361562891,0.1474241930055487,
04,003,0.09435698221222653,0.08201590335259454,0.10669806107185853,0.024154589371980676,0.0190080983871764,0.029301080356784952,0.008756038647342996,0.004475080741740652,0.013036996552945341,
04,005,0.15582966226138031,0.13915704712224802,0.1725022774005126,0.071353014712953175,0.06086884004291933,0.08183718938298702,0.03788825848639292,0.032431080533432355,0.043345436439353485,
04,007,0.12569894878103333,0.10383617763310252,0.14756171992896414,0.04424389170151882,0.033376225121795944,0.0551115582812417,0.026194144838212634,0.015267674049718672,0.0371206156267066,
04,009,0.10025619128949616,0.076037002924457,0.12447537965453531,0.05823627287853577,0.03996772019966363,0.07650482555740791,0.019966722129783693,0.009825170526359022,0.030108273733208367,
04,011,0.039816232771822356,7.622532890002309e-4,0.07887021225464448,0.04084720121028744,0.0058378746988761165,0.07585652772169876,0.0030257186081694403,0,0.011750334133285545,
04,012,0.10360884749708964,0.06912735498786018,0.1380903400063191,0.0920314253647587,0.06557196104174792,0.11849088968776947,0.01739618406285073,0.004280519461477301,0.03051184866422416,
04,013,0.13254096939349783,0.1294818244315602,0.13560011435543545,0.04389514637719446,0.0421486689871552,0.04564162376723372,0.00799130622733495,0.0072146913892300124,0.008767921065439888,
04,015,0.11985219300594441,0.10824829134824587,0.13145609466364294,0.030629400021015024,0.024758232314396132,0.036500567727633916,0.011715876851949143,0.007894200620309835,0.015537553083588451,
04,017,0.08030008335648792,0.0685045677616174,0.09209559895135844,0.0930387328630374,0.0805911480713375,0.1054863176547373,0.08478637029149474,0.07309350402264567,0.09647923656034382,
04,019,0.13506929861402772,0.12951008722134288,0.14062851000671256,0.03572652602966377,0.032242269964090124,0.03921078209523742,0.00962004372747149,0.008064587623488597,0.011175499831454381,
04,021,0.09256535401484255,0.0844469386345531,0.10068376939513199,0.04119083767905472,0.0365405608484876,0.04584111450962185,0.00808634233282725,0.0046185004508727465,0.011554184214781753,
04,023,0.09377873122893043,0.07207559210099125,0.11548187035686962,0.06156156156156156,0.04389712238648184,0.07922600073664128,0.018018018018018018,0.005991526127996527,0.03004450990803951,
04,025,0.130064369556986,0.11843520899684715,0.14169353011712485,0.023465365121081282,0.018370059402252326,0.02856067083991024,0.009761591890369814,0.006502628708099471,0.013020555072640157,
04,027,0.12201790963155376,0.10891509128389597,0.13512072797921154,0.10230316014997322,0.09068054317759011,0.11392577712235633,0.009507230851633637,0.006175855514947377,0.012838606188319897,
05,000,0.10622840974187164,0.10325570181800411,0.10920111766573917,0.0264061893240135,0.024861542339070862,0.027950836308956138,0.012306957015264212,0.01129832935525403,0.013315584675274394,
05,001,0.10938712179984485,0.07147075598351928,0.1473034876161704,0.025914634146341462,0.008786963545032278,0.043042304747650646,0.008384146341463415,0,0.021947649968501685,
05,003,0.11487839771101574,0.07661757061210478,0.1531392248099267,0.014593467685892982,0.004291222876101038,0.024895712495684924,0.015288394718554551,0,0.031017461775468706,
05,005,0.0848,0.06690058814357434,0.10269941185642566,0.021556256572029444,0.010865942602992855,0.032246570541066034,0.014458464773922187,0.005163186581232991,0.023753742966611383,
05,007,0.06741899549571366,0.05920131741080899,0.07563667358061833,0.037584601353621655,0.031511483317931695,0.043657719389311615,0.004752076033216531,0.0028364752818240474,0.006667676784609015,
05,009,0.07398265510340227,0.051688403171574554,0.09627690703522998,0.008239947264337508,0.0020782537568519053,0.01440164077182311,0.023401450230718525,0.008790851523558348,0.0380120489378787,
05,011,0.10956521739130434,0.07213250366972158,0.14699793111288711,0.02510460251046025,0.006790859492090864,0.04341834552882964,0.015341701534170154,0.003279083924590056,0.02740431914375025,
05,013,0.04398625429553265,0,0.09144235711298748,0.0026666666666666666,0,0.02139457888182329,0.0026666666666666666,0,0.01478840320285909,
05,015,0.11185383244206773,0.08689259428783055,0.1368150705963049,0.04447380008806693,0.02523307278207269,0.06371452739406117,0.01673271686481726,0.0077539169448709935,0.02571151678476353,
05,017,0.1345646437994723,0.09424423878835722,0.1748850488105874,0.02493765586034913,0.0019420681586204934,0.04793324356207776,0.003491271820448878,0,0.008676511830212808,
05,019,0.13439693682195278,0.10064697693421104,0.16814689670969452,0.028284098051539912,0.009958494616037549,0.04660970148704227,0.0056568196103079825,0.0011690725004233097,0.010144566720192656,
05,021,0.09455155071248952,0.0668228473597316,0.12228025406524745,0.011541632316570486,0.0031844620052551287,0.019898802627885844,0.005770816158285243,0,0.014030429221338757,
05,023,0.07331097268806899,0.05416403034907562,0.09245791502706237,0.020705882352941178,0.009415201792754754,0.0319965629131276,0.010823529411764706,0.0025932669353532205,0.019053791888176193,
05,025,0.04635514018691589,0.01678959738389778,0.075920682989934,0.010948905109489052,0,0.027040349468266917,0.006934306569343066,0,0.015465933992543264,
05,027,0.10876730388925511,0.07478725854762122,0.142747349230889,0.040255591054313096,0.0154667095979142,0.06504447251071199,0.007028753993610224,0,0.014848418626029009,
05,029,0.08001435235019734,0.05295667428250568,0.107072030417889,0.016033254156769598,0.005950043968324355,0.026116464345214842,0.006532066508313539,4.246922782416918e-4,0.012639440738385386,
05,031,0.12192163047434186,0.10305186198814033,0.14079139896054338,0.02207792207792208,0.015243268829372105,0.028912575326472054,0.005312868949232586,0.0018245718299797608,0.008801166068485411,
05,033,0.07850926132559696,0.06241545671798897,0.09460306593320496,0.03519577650681918,0.021554982398859165,0.048836570614779196,0.014958205015398152,0.00833222614187104,0.021584183888925263,
05,035,0.14165077635521656,0.11774730616936124,0.16555424654107187,0.026849609900457358,0.01781468252862734,0.035884537272287374,0.006187785848802798,0.002634132377102531,0.009741439320503066,
05,037,0.08970814132104454,0.058191667684586966,0.12122461495750211,0.05178979436405179,0.018495275087249005,0.08508431364085457,0.012947448591012947,0.0024559457114748523,0.023438951470551042,
05,039,0.06607538802660753,0.023966742324029462,0.10818403372918561,0.019650655021834062,0,0.04698676514866175,0.0017467248908296944,0,0.011794060389890426,
05,041,0.13706140350877194,0.09182310218693657,0.1822997048306073,0.03995656894679696,0.01423988546484287,0.06567325242875105,0.0030401737242128123,0,0.007898747685123962,
05,043,0.10981549815498155,0.07301501643150003,0.1466159798784631,0.01648590021691974,0.004163476927580338,0.028808323506259143,0.015907447577729574,0.0028195646429141647,0.028995330512544985,
05,045,0.14131955656011194,0.12360548960843776,0.15903362351178613,0.02141576115624011,0.014743695810852246,0.02808782650162797,0.01603544677708619,0.009022745561591187,0.02304814799258119,
05,047,0.09534706331045004,0.06229452961971175,0.12839959700118833,0.026845637583892617,0.003813244094043145,0.049878031073742085,0.007457121551081283,6.649524803408373e-4,0.014249290621821727,
05,049,0.07983193277310924,0.04794386766056084,0.11171999788565763,0.04476987447698745,0.016863189869952295,0.07267655908402261,0.010460251046025104,5.144745299673174e-4,0.02040602756208289,
05,051,0.12609970674486803,0.10779829944094432,0.14440111404879175,0.024988431281813973,0.015101009781545193,0.03487585278208275,0.015964831096714482,0.00963539998721795,0.022294262206211016,
05,053,0.07597716293368467,0.044277713611934506,0.10767661225543484,0.014296134208606856,0.0023579791384305115,0.0262342892787832,0.004959883296863603,1.911503260605121e-4,0.009728616267666693,
05,055,0.11060649611957458,0.08499120561228922,0.13622178662685996,0.023957158962795943,0.013916760289641644,0.03399755763595024,0.009019165727170236,0.0018574079752038328,0.01618092347913664,
05,057,0.11256906077348067,0.07064466892150884,0.1544934526254525,0.018218898708361658,0.005208516719667024,0.031229280697056293,0.03602991162474507,0.005935236460088877,0.06612458678940127,
05,059,0.08622183708838821,0.05761748555708789,0.11482618861968852,0.028067226890756303,0.012764779380568313,0.04336967440094429,0.015546218487394958,0.004009838684681211,0.027082598290108707,
05,061,0.09117361784675072,0.0577832751559991,0.12456396053750235,0.03636363636363636,0.005208402993987227,0.0675188697332855,0.00861244019138756,0,0.017888492843466886,
05,063,0.11601822642832106,0.0843377713181086,0.14769868153853352,0.029483177245924384,0.011148493900352337,0.04781786059149643,0.01664932362122789,0.007170641937697094,0.026128005304758686,
05,065,0.09155370177267988,0.060776774581966966,0.12233062896339279,0.015257731958762887,0.0014807685721509346,0.02903469534537484,0.01443298969072165,7.254701942560789e-4,0.02814050918718722,
05,067,0.09539748953974896,0.05799524784785067,0.13279973123164723,0.004742436631234669,0,0.012190265551377578,0.014717906786590351,0.005332684271978595,0.024103129301202106,
05,069,0.12138970280452072,0.0999126707232453,0.14286673488579613,0.017092257001647446,0.009434315681610258,0.02475019832168463,0.013797364085667216,0.004247558684020427,0.023347169487314003,
05,071,0.1270769230769231,0.09678026300482914,0.15737358314901703,0.03080808080808081,0.016040876358559282,0.045575285257602335,0.010101010101010102,5.607926932502828e-4,0.01964122750876992,
05,073,0.06044624746450304,0.026929423612085106,0.09396307131692097,0.01925343811394892,0.005485332154764993,0.03302154407313285,0.007858546168958742,0,0.01712753922612562,
05,075,0.05960159362549801,0.03368778096483509,0.08551540628616093,0.0220125786163522,0.011284943394742366,0.03274021383796204,0.01179245283018868,0.002080396657472944,0.021504509002904418,
05,077,0.15748987854251012,0.08142784293301865,0.2335519141520016,0.02127659574468085,0,0.045759989511470485,0.02127659574468085,0,0.04514039568014605,
05,079,0.09049773755656108,0.048536674299309565,0.13245880081381262,0.014497041420118343,0,0.03082440196296774,0.001183431952662722,0,0.0083119745462654,
05,081,0.06489361702127659,0.03336570343800013,0.09642153060455305,0.024076029567053854,0.001094635487725426,0.04705742364638228,0.007391763463569166,0,0.015151247015065383,
05,083,0.0647792706333973,0.04642781699413793,0.08313072427265669,0.024390243902439025,0.010613532268034874,0.038166955536843176,0.015466983938132063,0.004354300047026024,0.026579667829238103,
05,085,0.0850557892811414,0.06969337030334852,0.10041820825893427,0.01704133430021755,0.010377974370457378,0.023704694229977723,0.006526468455402465,0.0025796361085587962,0.010473300802246135,
05,087,0.05966046887631366,0.031861335529848475,0.08745960222277885,0.0344,0.015593100236824295,0.053206899763175705,0.0152,0,0.030904917852495287,
05,089,0.09845070422535211,0.06958796501684922,0.127313443433855,0.02100840336134454,0.007825333539417128,0.03419147318327195,0.02100840336134454,0.0070058603048800995,0.03501094641780898,
05,091,0.12414018997707173,0.09984499222578752,0.14843538772835593,0.03687362117869524,0.023258854513325274,0.05048838784406521,0.009139615505830444,0.002493700586748789,0.015785530424912098,
05,093,0.11141304347826086,0.08521020813982125,0.13761587881670048,0.02999000333222259,0.018038738728366692,0.04194126793607849,0.006331222925691436,0.0012552845793895387,0.011407161271993333,
05,095,0.10249007578491519,0.05791328864136989,0.1470668629284605,0.05451327433628319,0.015230598174033348,0.09379595049853304,0.036814159292035395,0.005821625466664548,0.06780669311740624,
05,097,0.07063829787234042,0.043746473708885965,0.09753012203579489,0.00807799442896936,0,0.018177436349279687,0.025069637883008356,0.007193828806129666,0.04294544695988704,
05,099,0.10127388535031848,0.049946213073220266,0.15260155762741667,0.03137876386687797,0.003417461285250091,0.05934006644850585,0.030110935023771792,0,0.0610742685124175,
05,101,0.10204790003471018,0.05283926913534625,0.1512565309340741,0.016867469879518072,0,0.03729647693652281,0.03442340791738382,0.007105880706883512,0.061740935127884124,
05,103,0.08962148962148962,0.06193812780512557,0.11730485143785367,0.01004728132387707,0.0022215223119924857,0.017873040335761654,0.026595744680851064,0.008784509678346097,0.04440697968335603,
05,105,0.053917662682602924,0.02383224541090194,0.08400307995430391,0.037859007832898174,0.011359194346390853,0.0643588213194055,0.004960835509138381,0,0.011493848385148466,
05,107,0.1390717299578059,0.10387633335791371,0.17426712655769808,0.023462783171521034,0.008457031878904267,0.0384685344641378,0.014401294498381878,2.413793193952688e-4,0.028561209677368485,
05,109,0.08439897698209718,0.05077941551647977,0.1180185384477146,0.033707865168539325,0.01359351680758569,0.05382221352949296,0.0019975031210986267,0,0.006171642156850605,
05,111,0.0926774734488541,0.06847717196931835,0.11687777492838985,0.013215859030837005,0.003943210078283809,0.0224885079833902,0.00881057268722467,0.0011262213943333335,0.016494923980116007,
05,113,0.08691674290942361,0.059258383381968024,0.1145751024368792,0.020090732339598186,0.008887993377403999,0.03129347130179237,0.029812054439403757,0.015566825406790438,0.04405728347201708,
05,115,0.09556313993174062,0.07629663127850911,0.11482964858497213,0.02174371965378932,0.013026004984670892,0.030461434322907745,0.011610724086974878,0.004966246327969393,0.018255201845980364,
05,117,0.056402439024390245,0.024114536145871113,0.08869034190290938,0.0030165912518853697,0,0.01529895610268297,0.006033182503770739,0,0.014681852067347661,
05,119,0.1424005357523363,0.13198475916813415,0.15281631233653845,0.018030637181856112,0.01433658047057257,0.021724693893139656,0.014454312451570603,0.010492040569259032,0.01841658433388217,
05,121,0.07443820224719101,0.04554545438346423,0.1033309501109178,0.029902642559109873,0.014925236730572635,0.044880048387647115,0.009735744089012517,0.001563979252925807,0.01790750892509923,
05,123,0.13226837060702876,0.09857193455233147,0.16596480666172603,0.018518518518518517,0.0058810675393450845,0.03115596949769195,0.011728395061728396,0.002393650700400882,0.02106313942305591,
05,125,0.08512190039591581,0.0716326958202187,0.09861110497161293,0.018363767667388838,0.012162661736597174,0.024564873598180503,0.014340245538017125,0.009196551560820177,0.01948393951521407,
05,127,0.09281045751633987,0.05642276878635146,0.12919814624632828,0.026923076923076925,0.004948982924103375,0.048897170922050474,0.028205128205128206,0.013803152730420279,0.04260710367983613,
05,129,0.08324803821221426,0.04125800003602901,0.1252380763883995,0.0047457627118644066,0,0.016783439966006182,0.02169491525423729,0.003515528787070208,0.03987430172140437,
05,131,0.10668493686992268,0.09173999369223484,0.12162988004761052,0.03229849595063633,0.023298834467716835,0.041298157433555825,0.01774006941766294,0.01077793898088754,0.02470219985443834,
05,133,0.08139321723189734,0.048712488181477005,0.11407394628231768,0.08476104598737602,0.04049332011434687,0.12902877186040518,0.012623985572587917,0,0.03002472389292489,
05,135,0.08644688644688645,0.05919619071032386,0.11369758218344903,0.024492753623188406,0.008011720041838956,0.040973787204537856,0.014492753623188406,0,0.02922502723066072,
05,137,0.09669861554845581,0.05430899762569467,0.13908823347121696,0.03171247357293869,0.0030452299372936108,0.06037971720858376,0.016913319238900635,0.0025268127610105443,0.03129982571679073,
05,139,0.12623626373626373,0.10124553529905457,0.1512269921734729,0.0321285140562249,0.01630525798407165,0.047951770128378146,0.009036144578313253,0.002368439698482905,0.0157038494581436,
05,141,0.09519586104951959,0.06460017354126994,0.12579154855776925,0.02253108997805413,0.006637338396208201,0.03842484155990006,0.02487198244330651,0.009960269137541491,0.03978369574907153,
05,143,0.11487953114825265,0.10408043065939435,0.12567863163711096,0.04227980379611858,0.03492024956632883,0.049639358025908326,0.010609938153124334,0.007021101389966427,0.01419877491628224,
05,145,0.09323680028253575,0.07730698671548644,0.10916661384958506,0.021187912469607502,0.013876657168490944,0.02849916777072406,0.006773185133726989,0.002921023992297255,0.010625346275156723,
05,147,0.08301158301158301,0.04616618455625244,0.11985698146691359,0.015238095238095238,0,0.035821527525683954,0.009523809523809525,0,0.01958777555539741,
05,149,0.06179921773142112,0.03825596502557087,0.08534247043727138,0.06064516129032258,0.03521094206654255,0.0860793805141026,0.011612903225806452,0.002138327790530003,0.021087478661082903,
06,000,0.1891778703950116,0.18803865883165297,0.19031708195837024,0.08248459351358009,0.08175087407539436,0.08321831295176582,0.012820840173567981,0.012536098114727685,0.013105582232408278,
06,001,0.1681706316652994,0.1633472529330459,0.17299401039755294,0.07437438120924517,0.0713305604413297,0.07741820197716064,0.00894472704926428,0.00794511509268759,0.00994433900584097,
06,003,0.09885057471264368,0,0.2087688030728624,0.027586206896551724,0,0.08384995343088672,0,0,0.05035693193483068,
06,005,0.1525974025974026,0.1201820703564096,0.1850127348383956,0.027627818355033345,0.017178786590990244,0.038076850119076446,0.010797078437599238,0.0027328479401104704,0.018861308935088007,
06,007,0.17316998468606432,0.15845717718316502,0.18788279218896362,0.037806048967834856,0.03104307548520483,0.04456902245046488,0.009781565050408066,0.006827194567612718,0.012735935533203412,
06,009,0.1721698113207547,0.14298831025790792,0.2013513123836015,0.019767441860465116,0.009606221716965116,0.029928662003965115,0.008430232558139536,0.0014244870258106881,0.015435978090468382,
06,011,0.1111111111111111,0.06719068328055985,0.15503153894166236,0.051816958277254375,0.029891846690812244,0.07374206986369651,0.008075370121130552,9.130654559909371e-4,0.015237674786270167,
06,013,0.16348790671245397,0.15710814201842793,0.16986767140648001,0.05595603803835657,0.05180695507776243,0.060105120998950705,0.00895884073579987,0.007594121070915785,0.010323560400683955,
06,015,0.13223579394583113,0.09893227907139915,0.1655393088202631,0.030325288562434417,0.015255272173830938,0.0453953049510379,0.011017838405036727,0.0015154858669069945,0.02052019094316646,
06,017,0.15489550433438612,0.14040001230255625,0.169390996366216,0.022875382364676154,0.017461629157349348,0.02828913557200296,0.0039898922729086315,0.002172004185319881,0.005807780360497382,
06,019,0.17929777436684574,0.1720372339862512,0.18655831474744028,0.10553845187232973,0.1001766763855772,0.11090022735908225,0.011183714501130938,0.0094265036099134,0.012940925392348476,
06,021,0.17965926690758904,0.14183922458269047,0.21747930923248762,0.04106776180698152,0.020930188034200964,0.06120533557976207,0.014887063655030801,0.0056674978927649285,0.024106629417296674,
06,023,0.19951360957814984,0.18113328904682152,0.21789393010947816,0.041471694650885405,0.033268283818068727,0.04967510548370208,0.013762730525736306,0.009466927506670525,0.018058533544802087,
06,025,0.1732258064516129,0.15113298522927482,0.19531862767395097,0.09388623072833599,0.07812109488554073,0.10965136657113125,0.012440191387559809,0.00763776442317697,0.017242618351942646,
06,027,0.14378659726740403,0.10792321422215648,0.17964998031265159,0.02038216560509554,0.009688567446946173,0.031075763763244908,0.02356687898089172,0.01147352658082681,0.035660231380956635,
06,029,0.17128832557969156,0.16258971960979351,0.1799869315495896,0.09609009009009009,0.09003167715794826,0.10214850302223193,0.011711711711711712,0.009082120903260724,0.0143413025201627,
06,031,0.13886644349532495,0.1201081824886363,0.1576247045020136,0.08315173758458538,0.0696197386581306,0.09668373651104016,0.0035554536070650303,9.755149707727636e-4,0.006135392243357297,
06,033,0.16322629969418961,0.14089355616790583,0.1855590432204734,0.04134415707003965,0.028877081527669313,0.053811232612409984,0.016046818954124978,0.009138753139069844,0.02295488476918011,
06,035,0.13254371122391426,0.10370636703290807,0.16138105541492043,0.025210084033613446,0.015468216891417717,0.034951951175809175,0.017927170868347338,0.008170009337618045,0.027684332399076632,
06,037,0.22886084759354244,0.22623225873365385,0.23148943645343104,0.11071200783801825,0.10910022102615377,0.11232379464988274,0.017431859641193603,0.01674780248973441,0.018115916792652797,
06,039,0.16554835724201758,0.14771684358434622,0.18337987089968893,0.10922357769923612,0.0940020785615288,0.12444507683694343,0.004788507581803671,0.0017049016626576167,0.007872113500949726,
06,041,0.18055894259376676,0.16825753404760344,0.19286035113993008,0.0421367274129785,0.03619794981483415,0.04807550501112284,0.011377880628676116,0.008524631358968552,0.01423112989838368,
06,043,0.13825681969394543,0.10227791373150533,0.17423572565638554,0.0380513495720869,0.0204670655438902,0.05563563360028359,0.019091507570770244,0.008317014017805043,0.029866001123735445,
06,045,0.18061479629357258,0.15818567983806567,0.20304391274907949,0.04948632614672262,0.03819062593718324,0.060782026356261995,0.014759079727969903,0.007838005453598626,0.02168015400234118,
06,047,0.15983279031167394,0.1454843864261226,0.17418119419722528,0.08651522474625423,0.07686653094109416,0.09616391855141429,0.004954084098598357,0.0030164485970283093,0.006891719600168405,
06,049,0.11157393632847366,0.0620594388041014,0.16108843385284594,0.022026431718061675,0.003526467504376938,0.04052639593174641,0.002936857562408223,0,0.011625781192656396,
06,051,0.13209302325581396,0.08498122948861897,0.17920481702300894,0.04657534246575343,0.011773757154815864,0.08137692777669099,0.03561643835616438,0,0.08621946726550386,
06,053,0.17962342612914403,0.16881910930372812,0.19042774295455994,0.14079022714258446,0.13031925503834574,0.15126119924682319,0.008703951135712922,0.005982910213419172,0.01142499205800667,
06,055,0.1688178651915591,0.15401397879215784,0.1836217515909604,0.06460788297440065,0.05508567516731808,0.07413009078148322,0.012393336042259244,0.008090526675579392,0.016696145408939097,
06,057,0.20681651600293183,0.18382197088938945,0.2298110611164742,0.013763129300977906,0.009060812127170272,0.01846544647478554,0.0095376071471689,0.005229943030174841,0.01384527126416296,
06,059,0.19345956889365248,0.18946166149003263,0.19745747629727234,0.08734062656794385,0.08458456091289,0.0900966922229977,0.014255100653202474,0.013251403122991393,0.015258798183413556,
06,061,0.14719432567697457,0.13746828877347178,0.15692036258047737,0.02107712983905333,0.017761979744737148,0.024392279933369513,0.009047103943357263,0.006770370679967247,0.011323837206747279,
06,063,0.123279098873592,0.09043138742674772,0.15612681032043627,0.027143738433066007,0.012465217504195457,0.04182225936193656,0.006785934608266502,0,0.014214037502170708,
06,065,0.17832564931114206,0.17331267806533393,0.1833386205569502,0.07399579985999534,0.0707534135623152,0.07723818615767548,0.00844694823160772,0.007376673336759649,0.00951722312645579,
06,067,0.1677161822748475,0.16228873280409,0.173143631745605,0.057355171098952745,0.054086148846725364,0.060624193351180126,0.008743382607230583,0.007560394433944323,0.009926370780516842,
06,069,0.14625506072874495,0.12343825586075557,0.16907186559673432,0.06977329974811083,0.051869899998987695,0.08767669949723397,0.009571788413098237,0.0031793142527542628,0.01596426257344221,
06,071,0.18206761241272543,0.1770184838733034,0.18711674095214745,0.09082781507129543,0.08752312448268645,0.09413250565990441,0.012614974315457701,0.0112835305734132,0.013946418057502201,
06,073,0.1993369542216266,0.1948755674181364,0.2037983410251168,0.06854166757312982,0.06601359612364315,0.0710697390226165,0.007918862120427618,0.006959304439178735,0.008878419801676501,
06,075,0.1583183503764468,0.1519561555983286,0.16468054515456498,0.06665003879835939,0.06235963466682408,0.0709404429298947,0.03710785943908657,0.03385128799697082,0.040364430881202326,
06,077,0.16713548992030006,0.15914681094024002,0.1751241689003601,0.08535326945351164,0.07942172602940181,0.09128481287762147,0.010255870274823628,0.008236954483966998,0.012274786065680257,
06,079,0.1879498924932224,0.17517088686213977,0.200728898124305,0.03603145235892692,0.03011102870589832,0.04195187601195552,0.0075855689176688255,0.005519842260286699,0.009651295575050952,
06,081,0.17433996867000343,0.16645861488003114,0.18222132245997572,0.07328099877045303,0.06772777317982837,0.0788342243610777,0.010914593776600775,0.009086113029645565,0.012743074523555985,
06,083,0.19464487227712615,0.18366125786051712,0.20562848669373518,0.10278321961764507,0.0952131619236739,0.11035327731161623,0.01391609808822536,0.01093349960817507,0.01689869656827565,
06,085,0.15032091330296235,0.14581893794640832,0.15482288865951638,0.07792726993157531,0.07479137971275948,0.08106316015039114,0.009571769047435995,0.00834285353835615,0.01080068455651584,
06,087,0.1942728510103654,0.17870948941268222,0.20983621260804858,0.06804166450743639,0.060194998163746044,0.07588833085112673,0.011608021972327305,0.008012338884714981,0.01520370505993963,
06,089,0.16238950670088395,0.1491239421243141,0.1756550712774538,0.03157302580690528,0.025785290382115748,0.037360761231694815,0.018071865550945785,0.01264186296565309,0.02350186813623848,
06,091,0.1900972590627763,0.08457209173757879,0.2956224263879738,0.021145374449339206,0,0.06413200687888826,0.003524229074889868,0,0.020115904445988247,
06,093,0.15130151843817788,0.1308018824176625,0.17180115445869326,0.035428875865743205,0.025674067909807828,0.04518368382167858,0.011188066062866276,0.005801881355442073,0.01657425077029048,
06,095,0.16213838936669273,0.15193882700186467,0.17233795173152078,0.052198599864503016,0.047044192197368724,0.05735300753163731,0.006419976126721941,0.004518723030849329,0.008321229222594553,
06,097,0.17319669949427735,0.16379187791879124,0.18260152106976346,0.04824549840499855,0.042979437837671476,0.05351155897232563,0.010413645830587119,0.0076974226686639755,0.013129868992510263,
06,099,0.1706229319522371,0.16048615499056765,0.18075970891390655,0.07573472929528578,0.06892563576583034,0.08254382282474122,0.009104099689891605,0.006569716966766481,0.011638482413016729,
06,101,0.13736600306278712,0.11961413818845074,0.1551178679371235,0.06492130750605327,0.05122621266793167,0.07861640234417486,0.009987893462469734,0.00514225673576211,0.014833530189177359,
06,103,0.15757951259809996,0.13344705409527022,0.1817119711009297,0.044873096446700504,0.031009514012651826,0.05873667888074918,0.020710659898477157,0.010863652760649335,0.030557667036304977,
06,105,0.12703461178671654,0.07906030170579528,0.1750089218676378,0.049225159525979945,0.017982100955675432,0.08046821809628446,0.020966271649954422,0.0031576668116861627,0.038774876488222684,
06,107,0.15934164660222086,0.14740726143806596,0.17127603176637576,0.0963602758228478,0.08782872297056907,0.10489182867512653,0.009312575531385512,0.006743646119563778,0.011881504943207246,
06,109,0.15263644773358,0.12593870654731004,0.17933418891984998,0.02102496714848883,0.011822680337876474,0.03022725395910119,0.011607533946561542,0.0037906805883529803,0.019424387304770106,
06,111,0.18121850664223546,0.173219670786285,0.18921734249818592,0.06511762892020823,0.06095709840789582,0.06927815943252064,0.011264080100125156,0.009088302411379534,0.013439857788870777,
06,113,0.19418386491557224,0.17973660708764633,0.20863112274349815,0.06399053938637408,0.05443692031130082,0.07354415846144735,0.012548452795479928,0.007719351565055852,0.017377554025904005,
06,115,0.1558011049723757,0.13326857545582896,0.17833363448892245,0.05786323235987666,0.045387739493782345,0.07033872522597097,0.016687828768365682,0.009030604590126499,0.024345052946604863,
08,000,0.13849809485600037,0.1361858486831776,0.14081034102882314,0.024556143535355974,0.0234799994703556,0.025632287600356348,0.007855419888544784,0.007234952968390496,0.008475886808699071,
08,001,0.14052596463916378,0.13227226767285874,0.14877966160546882,0.0457204348545886,0.04033225298879118,0.05110861672038602,0.006208266651950775,0.004529300114135342,0.007887233189766208,
08,003,0.09633312616532007,0.06032727016573,0.13233898216491013,0.02241112828438949,0.009063160567751893,0.035759096001027085,0.0401854714064915,0.009731421326287838,0.07063952148669517,
08,005,0.14578138824097162,0.1386713443871682,0.15289143209477504,0.03016949152542373,0.026516552431152942,0.03382243061969452,0.006620139581256231,0.00508017755591238,0.008160101606600082,
08,007,0.12412587412587413,0.09056106190127713,0.15769068635047112,0.027874564459930314,0.013471568888486078,0.04227756003137455,0.005923344947735192,0.0011304180270240013,0.010716271868446384,
08,009,0.1293595434369055,0.07949739995581866,0.17922168691799234,0.02082018927444795,0,0.04189125543770823,0,0,0.013820356713975612,
08,011,0.12227805695142378,0.06136457711683695,0.1831915367860106,0.034806629834254144,0,0.07532239114779245,0.04419889502762431,0.007079562938117852,0.08131822711713077,
08,013,0.17768579349105684,0.16757550409113064,0.18779608289098304,0.016792863033210887,0.013421932867839752,0.02016379319858202,0.008321463378064322,0.006010745487544185,0.01063218126858446,
08,014,0.10352312573050593,0.08754377625814054,0.11950247520287131,0.01195814648729447,0.007187962251648978,0.01672833072293996,0.008470353761833582,0.005617364745268154,0.01132334277839901,
08,015,0.1611823759063023,0.11613970596147224,0.20622504585113235,0.03474903474903475,0.0042011591906370195,0.06529691030743248,0.01820187534473249,0,0.0380749035655636,
08,017,0.07534246575342465,0,0.15570134070010677,0.005405405405405406,0,0.04726483926542848,0,0,0.02960170998871803,
08,019,0.10248582642825992,0.058364976044094456,0.14660667681242537,0.016122004357298474,0,0.03618414442263429,0.008714596949891068,0,0.01846030555869392,
08,021,0.10469798657718121,0.07019941256888959,0.13919656058547283,0.05672609400324149,0.03151767108702939,0.08193451691945358,0.012965964343598054,0,0.02809579361601913,
08,023,0.11411208642808914,0.059541185416047415,0.16868298744013085,0.02875816993464052,0,0.06029858922039423,0.0457516339869281,0.01396956914075504,0.07753369883310116,
08,025,0.11075441412520064,0.04660237022265684,0.17490645802774443,0.018250950570342206,0,0.046843353975450766,0.003041825095057034,0,0.020888677672199756,
08,027,0.08956602031394276,0.04329741996076554,0.13583462066712,0.043119266055045874,0,0.09033724741484676,0.011467889908256881,0,0.02387483017963664,
08,029,0.13385502471169686,0.10637664941302322,0.1613334000103705,0.014675907052588666,0.0050987539260207975,0.024253060179156537,0.017937219730941704,0.006125625836380735,0.029748813625502673,
08,031,0.15833085321345217,0.15096631268443816,0.16569539374246617,0.029817472481538248,0.026539476599892996,0.0330954683631835,0.008793522517919898,0.006800614197173998,0.010786430838665798,
08,033,0.05927180355630821,0,0.12552615738520387,0.02109704641350211,0,0.061171021949731126,0.012658227848101266,0,0.03179643500291635,
08,035,0.10136111322332902,0.09259289336447057,0.11012933308218747,0.014700310676668939,0.01085915671083098,0.0185414646425069,0.003978176858376904,0.0022655218271837576,0.005690831889570051,
08,037,0.18122325698464636,0.14685720808303807,0.21558930588625466,0.03410505352252925,0.018847849781202936,0.04936225726385557,0.009658949464774708,0,0.019699717238527033,
08,039,0.08858204992033988,0.06772647984580468,0.10943761999487508,0.008302679978980557,0.0023943727486275216,0.014210987209333592,0.002627430373095113,0,0.0076361928746082365,
08,041,0.13798273844353423,0.13061829338116132,0.14534718350590714,0.021746209791221913,0.018660522078230803,0.024831897504213024,0.005879798820421898,0.0045081447837142415,0.007251452857129555,
08,043,0.11718390804597702,0.09470524859288063,0.1396625674990734,0.018104667609618104,0.006941947259641949,0.029267387959594257,0.00876944837340877,0.0017249956810819912,0.015813901065735547,
08,045,0.11723514795572623,0.09540427633345057,0.1390660195780019,0.027244305493523895,0.014558550043087821,0.03993006094395997,0.00513622152746762,0,0.012591698823580525,
08,047,0.1657754010695187,0.08492133590712496,0.24662946623191245,0.01926444833625219,0,0.04230005208375372,0.0070052539404553416,0,0.02195130752571529,
08,049,0.12167606768734891,0.08593492279457172,0.1574172125801261,0.01282051282051282,0.0032100713743512827,0.02243095426667436,0.010416666666666666,0,0.021659140534212896,
08,051,0.14789915966386555,0.10308505622535363,0.19271326310237746,0.026417525773195876,0.008226074965499632,0.04460897658089212,0.013530927835051547,0.0035371734757838162,0.023524682194319278,
08,053,0.18541666666666667,0.040278493848618174,0.3305548394847152,0.016666666666666666,0,0.07441932198848271,0,0,0.0456359695659403,
08,055,0.12574430823117339,0.06946921432049213,0.18201940214185464,0.01217391304347826,0,0.034491533390816204,0,0,0.010549693031430748,
08,057,0.12168486739469579,0.012582202126993222,0.23078753266239838,0.006201550387596899,0,0.05248039651411229,0,0,0.03396165177000208,
08,059,0.12118330692023244,0.11454219595017309,0.12782441789029178,0.014557200990057473,0.011994008405720468,0.017120393574394478,0.006817133028485128,0.005178473943599628,0.008455792113370627,
08,061,0.1890909090909091,0.07066243840477543,0.30751937977704275,0,0,0.056324951644100577,0.025454545454545455,0,0.06832348520249881,
08,063,0.09528619528619528,0.05845057745086533,0.13212181312152524,0.014429530201342283,0.0027821148974675,0.026076945505217067,0.01174496644295302,3.206321558986234e-4,0.02316930073000742,
08,065,0.0873440285204991,0.03408736940784615,0.14060068763315206,0.012345679012345678,0,0.033933238322891544,0.012345679012345678,0,0.031095716593717106,
08,067,0.11341354723707665,0.09471848683055412,0.1321086076435992,0.02622300572939621,0.016621815344032634,0.03582419611475979,0.00749228735125606,0.0028135289456297273,0.012171045756882392,
08,069,0.15065316006685084,0.13948550644953742,0.16182081368416426,0.014040980853207928,0.010915277161096332,0.017166684545319524,0.010749076251259657,0.006757992568351683,0.014740159934167631,
08,071,0.1447267128560431,0.10983297327627099,0.1796204524358152,0.0196078431372549,0.005694648911409021,0.03352103736310078,0.00980392156862745,0.003125037098664224,0.01648280603859068,
08,073,0.11798941798941799,0.06883746260526427,0.1671413733735717,0.007291666666666667,0,0.029945008575258766,0.033854166666666664,0.007521999611711069,0.06018633372162226,
08,075,0.08724489795918368,0.06215415942493568,0.11233563649343167,0.039448966812773954,0.01860942752051576,0.06028850610503215,0.010018785222291797,5.062656436869966e-4,0.0195313048008966,
08,077,0.13551851258214456,0.12043472452568385,0.15060230063860527,0.020760697305863707,0.01407860738179605,0.027442787229931365,0.014342313787638668,0.009113279028185907,0.01957134854709143,
08,079,0.12740384615384615,0,0.26720619210180424,0.009523809523809525,0,0.07639120551017173,0,0,0.05215539378964606,
08,081,0.14110671936758892,0.095269089046188,0.18694434968898985,0.027965284474445518,0.004251220043334877,0.05167934890555616,0.006750241080038573,0,0.015860036302272843,
08,083,0.10038240917782026,0.07239429572325962,0.1283705226323809,0.030893536121673004,0.015309814861631072,0.04647725738171494,0.008555133079847909,5.148729175436951e-4,0.016595393242152125,
08,085,0.11707172495554238,0.09348967015449189,0.14065377975659288,0.005868544600938967,0.001628941746050428,0.010108147455827506,0.003227699530516432,3.340547106695552e-4,0.006121344350363309,
08,087,0.1223463687150838,0.0918370670764573,0.15285567035371028,0.05105795768169273,0.029303860481373206,0.07281205488201226,0.011499540018399264,0.0020908989887078473,0.020908181048090682,
08,089,0.12143331121433311,0.08686001499489669,0.15600660743376954,0.03357472021066491,0.013681837668415985,0.05346760275291384,0.005266622778143515,0.00046965780399764716,0.010063587752289382,
08,091,0.13986013986013987,0.08665079282479499,0.19306948689548475,0.02053388090349076,0.0036053956088598488,0.03746236619812167,0,0,0.00899600221423053,
08,093,0.1026814911706998,0.07330474377671982,0.1320582385646798,0.004551365409622887,0,0.011620834206888392,0.0013003901170351106,0,0.005682049756507207,
08,095,0.08447488584474885,0.028267296174227192,0.14068247551527052,0.010795454545454546,0,0.030368417749151548,0.0022727272727272726,0,0.011097092188566263,
08,097,0.16749688667496887,0.11038628858069076,0.22460748476924697,0.022674060382008625,0,0.04563472188423834,0.013555144793592114,9.422970408272911e-4,0.026167992546356936,
08,099,0.10086647411686292,0.06191640331026468,0.13981654492346116,0.04550499445061043,0.01446137390276482,0.07654861499845604,0.01220865704772475,0,0.02627284991242341,
08,101,0.14765760992961477,0.1343142033000519,0.16100101655917765,0.02220897302131465,0.01652569521381847,0.027892250828810833,0.011179013265762408,0.00760390182934597,0.014754124702178847,
08,103,0.09757068896853843,0.047616266251816024,0.14752511168526083,0.017892644135188866,0,0.04209878500454134,0.005964214711729622,0,0.020550582165553572,
08,105,0.07075064710957722,0.03952160616211002,0.10197968805704442,0.02577873254564984,0.004416835375086199,0.04714062971621348,0.010741138560687433,0,0.0261299339922266,
08,107,0.16185647425897035,0.12874202455188516,0.19497092396605553,0.014105058365758755,0.006770562489942912,0.0214395542415746,9.727626459143969e-4,0,0.004315566535584538,
08,109,0.14788273615635178,0.08569560659086614,0.21006986572183742,0.016286644951140065,0,0.03813678278274896,0.026058631921824105,0.006234508819234732,0.04588275502441348,
08,111,0.13134328358208955,0,0.30056812054202425,0,0,0.0924738012067323,0.011940298507462687,0,0.06812429807703468,
08,113,0.20949868073878627,0.1636244279531806,0.25537293352439194,0.032207792207792206,0.0026716218758700526,0.061743962539714356,0.023376623376623377,0.011262553079262232,0.035490693673984525,
08,115,0.14189189189189189,0.07411767690510557,0.2096661068786782,0.013333333333333334,0,0.042342343525770036,0.03238095238095238,0.01194542588829376,0.052816478873610996,
08,117,0.11372381359555365,0.07831024852779896,0.14913737866330834,0.04808510638297872,0.02638449049738026,0.06978572226857718,0.00425531914893617,0,0.010279822396433923,
08,119,0.12150389729481889,0.09250355509869101,0.15050423949094677,0.01358695652173913,0.004052529885030796,0.023121383158447466,0.009510869565217392,0,0.019610621633356216,
08,121,0.11636001989060168,0.0755682882427357,0.15715175153846767,0.02167487684729064,0.0059155755982592505,0.03743417809632203,0.007389162561576354,0,0.017767257335150815,
08,123,0.1262758440198901,0.1168392349898514,0.13571245304992877,0.03163543514952179,0.026574922442283638,0.03669594785675994,0.006664647076643442,0.004514348686600517,0.008814945466686366,
08,125,0.12840764331210192,0.08158880151285228,0.17522648511135155,0.05941845764854614,0.017636947550252705,0.10119996774683958,0.008849557522123894,0,0.020990192029024267,
09,000,0.1568829545781021,0.15354826578342334,0.16021764337278088,0.018945882586598857,0.017642282808260832,0.020249482364936882,0.007352080606892443,0.006618633761103463,0.008085527452681422,
09,001,,,,,,,,,,U
09,003,,,,,,,,,,U
09,005,,,,,,,,,,U
09,007,,,,,,,,,,U
09,009,,,,,,,,,,U
09,011,,,,,,,,,,U
09,013,,,,,,,,,,U
09,015,,,,,,,,,,U
09,110,0.14558268575861572,0.1394931042513282,0.15167226726590324,0.017643254430216013,0.01562646194348303,0.019660046916948996,0.00673910231535377,0.005654440047756169,0.007823764582951372,A
09,120,0.20135036339397067,0.18820936892764784,0.2144913578602935,0.027660751521341332,0.022815357422029045,0.03250614562065362,0.009787650538320779,0.006744193706679667,0.01283110736996189,A
09,130,0.1211460131170176,0.10836449750692459,0.1339275287271106,0.008688513374837519,0.005372135647572827,0.01200489110210221,0.00567831976465759,0.0026876815448277904,0.008668957984487389,A
09,140,0.15421081189136704,0.14427331197160279,0.1641483118111313,0.015226140553319636,0.012060169827561931,0.01839211127907734,0.00858405336185303,0.005910855340660004,0.011257251383046056,A
09,150,0.10747907949790796,0.09160440488181174,0.12335375411400418,0.007128969539857421,0.002877760077271865,0.011380179002442977,0.004536616979909268,0.0018803399031564793,0.007192894056662056,A
09,160,0.13623441941832495,0.11987942853172637,0.15258941030492354,0.011745513866231648,0.006197037067548013,0.017293990664915285,0.008374116367591082,0.004272839395344317,0.012475393339837847,A
09,170,0.16965306900495616,0.1603961117399201,0.17891002626999222,0.023766885543100972,0.02034088370492802,0.027192887381273925,0.007163228759036943,0.005328116223070107,0.00899834129500378,A
09,180,0.13126967936493858,0.12071016938509416,0.141829189344783,0.009138037079342765,0.006759425625952312,0.011516648532733218,0.007029259291802126,0.004830445094927494,0.009228073488676759,A
09,190,0.1789964126345262,0.17008744963702843,0.18790537563202397,0.0263334851738574,0.02231782280087221,0.030349147546842592,0.007353419665517017,0.00573450347152922,0.008972335859504814,A
10,000,0.12242192678077118,0.11693948145489873,0.12790437210664365,0.018174807197943444,0.016154323242220672,0.020195291153666216,0.006902313624678663,0.005429551132485697,0.008375076116871629,
10,001,0.12752965295065163,0.11261609903766637,0.1424432068636369,0.01695655338039444,0.011891170758194746,0.022021936002594136,0.004584819154355578,0.002905319532731464,0.0062643187759796925,
10,003,0.1269957959061775,0.11952541790624571,0.13446617390610927,0.016830358155465328,0.01427033905794354,0.019390377252987114,0.008505908771293124,0.00609246698882044,0.010919350553765809,
10,005,0.10864834775568039,0.09799503877638448,0.1193016567349763,0.02193070298417785,0.017482016851228847,0.026379389117126853,0.004956939715601842,0.0031865769202425826,0.006727302510961102,
11,000,0.16256037864297987,0.15520263352897534,0.1699181237569844,0.03724052757414063,0.03277915173729097,0.041701903410990296,0.00869262314549456,0.0068842004303487515,0.01050104586064037,
11,001,0.16256037864297987,0.15520263352897534,0.1699181237569844,0.03724052757414063,0.03277915173729097,0.041701903410990296,0.00869262314549456,0.0068842004303487515,0.01050104586064037,
12,000,0.16469216012091026,0.1631901059487977,0.1661942142930228,0.030684963320500296,0.03003331595372988,0.031336610687270706,0.008890947920856557,0.008489262916613852,0.009292632925099263,
12,001,0.1953254634238847,0.18041303634011124,0.21023789050765818,0.019291864266310604,0.0143818857137809,0.02420184281884031,0.013444449560292832,0.009832821602258887,0.017056077518326777,
12,003,0.09622960045019696,0.055313081420544585,0.13714611947984934,0.0220988339811216,0.0056990170708652935,0.038498650891377904,0,0,0.005239374970881455,
12,005,0.12358184764991896,0.11068120823470648,0.13648248706513144,0.028053026245313337,0.02188604196030166,0.034220010530325015,0.011181039100160686,0.007103306262506414,0.015258771937814957,
12,007,0.1433370660694289,0.10191273119858162,0.18476140094027615,0.02040816326530612,0.005813914205023602,0.035002412325588636,0.02978488692774407,0.006745297208087385,0.05282447664740075,
12,009,0.13149640199274248,0.1235785989582017,0.13941420502728327,0.015325359821609569,0.012684169382889018,0.01796655026033012,0.005696330833164403,0.00424345953686139,0.007149202129467416,
12,011,0.21469058209906583,0.20864193946449813,0.22073922473363353,0.04437481047205095,0.041633236484210065,0.04711638445989183,0.01022945517032245,0.008675250194008563,0.011783660146636338,
12,013,0.08620689655172414,0.04901883966989385,0.12339495343355444,0.03910112359550562,0.010584105409686424,0.06761814178132482,0.017977528089887642,0.0019053663200487639,0.03404968985972652,
12,015,0.13111217641418985,0.11881205810404274,0.14341229472433695,0.0126372977441833,0.009124421472351844,0.016150174016014755,0.014349828746899728,0.00965374423890274,0.019045913254896716,
12,017,0.11314225532235012,0.09862526969889764,0.1276592409458026,0.012657290895632865,0.00852536190880434,0.01678921988246139,0.005773501110288675,0.0018435770391314965,0.009703425181445853,
12,019,0.09560919977190648,0.08152795686658869,0.10969044267722426,0.020387679568408507,0.01324361726374129,0.02753174187307572,0.005081237061664889,0.0021249471518232773,0.0080375269715065,
12,021,0.17172369270497095,0.1602166471691863,0.18323073824075561,0.03989921541111182,0.034356607943558805,0.045441822878664835,0.01454359890285131,0.009849480573590993,0.01923771723211163,
12,023,0.09239969135802469,0.07309257117099444,0.11170681154505493,0.03580901856763926,0.023673005558510735,0.047945031576767785,0.01856763925729443,0.007451667195366173,0.029683611319222685,
12,027,0.09882253994953742,0.07421284639691633,0.12343223350215851,0.060777957860615885,0.039404964315259056,0.08215095140597271,0.012155591572123177,0.0022586229583942425,0.02205256018585211,
12,029,0.058871627146361405,0.032126047086968146,0.08561720720575466,0.048499594484995946,0.025964444203273387,0.0710347447667185,0.050283860502838604,0.011124642992839807,0.08944307801283741,
12,031,0.1517235163080568,0.14509526120342456,0.15835177141268905,0.022315906394365485,0.01928959193087483,0.02534222085785614,0.007081008759750587,0.005507964601017521,0.008654052918483653,
12,033,0.1277278562259307,0.11825045368477494,0.13720525876708645,0.01920417275852531,0.014942600336936035,0.023465745180114586,0.011064132453471372,0.008323178018938655,0.01380508688800409,
12,035,0.1291764205150032,0.11332444535790591,0.14502839567210046,0.006624605678233439,0.003180037834902563,0.010069173521564313,0.005257623554153523,0.002168837434770544,0.008346409673536502,
12,037,0.1138592750533049,0.07714596431947911,0.15057258578713067,0.02100840336134454,0,0.04364180378047,0.009453781512605041,0,0.023447398575541463,
12,039,0.12463390823299707,0.09610771177687791,0.15316010468911623,0.019830028328611898,0.01033327256417383,0.029326784093049965,0.00912810827824992,0.0019189895045163526,0.01633722705198349,
12,041,0.08215892053973013,0.05593832051269748,0.10837952056676278,0.027656477438136828,0.010134493510482186,0.04517846136579147,0.007860262008733625,0,0.017421263414045467,
12,043,0.10662177328843996,0.063364714984223,0.1498788315926569,0.0494066882416397,0.012709889398344651,0.08610348708493475,0.017259978425026967,0,0.045372349540645174,
12,045,0.13232682060390763,0.08858922955562842,0.17606441165218684,0.022123893805309734,0.005807344046410597,0.03844044356420887,0.006902654867256637,0,0.018308255249448,
12,047,0.10199764982373678,0.060421982975984403,0.14357331667148915,0.03255813953488372,0.006267898680324086,0.05884838038944336,0.015116279069767442,0,0.03130916744863947,
12,049,0.1082051282051282,0.0734291849805194,0.142981071429737,0.07876923076923077,0.0469771843357265,0.11056127720273504,0.0043076923076923075,0,0.010992968625604317,
12,051,0.13726993865030676,0.09992390137335849,0.17461597592725503,0.03837471783295711,0.017998671554700647,0.05875076411121357,0.014296463506395787,3.225222830166557e-4,0.02827040472977492,
12,053,0.11548607090008364,0.10261631035472019,0.1283558314454471,0.014146772767462422,0.009819207802048915,0.018474337732875927,0.0090311986863711,0.0060429065866990095,0.01201949078604319,
12,055,0.09393661001378042,0.07987851833472412,0.10799470169283673,0.026071388609152958,0.018391228684909104,0.03375154853339681,0.008280183506769609,0.004703640257869488,0.01185672675566973,
12,057,0.16107254488623973,0.1554086673590607,0.16673642241341877,0.029849813382859795,0.027334574772210043,0.03236505199350955,0.008107577191635266,0.0069247305585652535,0.009290423824705279,
12,059,0.08467569493941554,0.05409898425676558,0.11525240562206551,0.026732673267326732,0.011593222553249854,0.04187212398140361,0.011315417256011316,0,0.02308069602237217,
12,061,0.13523736009262832,0.12121529505690876,0.1492594251283479,0.012094013843462387,0.007480571663376808,0.016707456023547968,0.003727086027230547,0.0014461558904142924,0.006008016164046802,
12,063,0.10151607034566404,0.07745132681193463,0.12558081387939343,0.012144549763033176,0.005187772252222383,0.01910132727384397,0.0035545023696682463,0.0010284732353708272,0.006080531503965665,
12,065,0.09219190968955786,0.053873760130308264,0.13051005924880746,0.0077898550724637685,0,0.01866739195238152,7.246376811594203e-4,0,0.0057310916065296345,
12,067,0.1256,0.0586611935780665,0.1925388064219335,0.0547945205479452,0.006953285794769219,0.10263575530112118,0.003913894324853229,0,0.01985898541702337,
12,069,0.11526133315889318,0.10531534848733198,0.12520731783045438,0.016643370282482202,0.013129867016825437,0.020156873548138967,0.007899099567662451,0.005350390935974883,0.01044780819935002,
12,071,0.1538197789279475,0.14566926194497498,0.16197029591092,0.021824313473582786,0.019039575397441263,0.024609051549724308,0.008752208125903323,0.006849497797408901,0.010654918454397746,
12,073,0.1852618862714643,0.17180938427603537,0.19871438826689325,0.02008336491095112,0.015150249279929574,0.025016480541972665,0.01082059702749358,0.006656881133358554,0.014984312921628606,
12,075,0.08982376350198977,0.0709887162147822,0.10865881078919734,0.03558419725413281,0.02163085470205119,0.049537539806214434,0.005884001120762118,0.002108168846993727,0.009659833394530509,
12,077,0.09601969634796881,0.046104163158166615,0.145935229537771,0.015541922290388548,0,0.03650682310461559,0.010224948875255624,0,0.028043852901687698,
12,079,0.12306501547987617,0.07790059636676229,0.16822943459299006,0.017923823749066467,0.0011263753251773909,0.03472127217295554,0.002987303958177745,0,0.008650224049476666,
12,081,0.139073262366938,0.12818909560770095,0.14995742912617507,0.02115616590888002,0.01673989913306462,0.02557243268469542,0.010330642417494046,0.00746868367743602,0.01319260115755207,
12,083,0.12131567706108501,0.11142610947225023,0.13120524464991978,0.022549114487564116,0.01813187492965526,0.02696635404547297,0.009645472434594664,0.0072398131642462,0.012051131704943128,
12,085,0.13961433343455815,0.12528599746666721,0.15394266940244908,0.01049082053203447,0.006266105983922694,0.014715535080146246,0.009741476208317721,0.00592120907657316,0.013561743340062282,
12,086,0.24205913393799455,0.23630573373926236,0.24781253413672674,0.06527375404123105,0.06240618179574146,0.06814132628672064,0.01034975017844397,0.009106386723218951,0.011593113633668987,
12,087,0.20570085218924478,0.18329311814853247,0.22810858622995708,0.04492585053794708,0.03480765602112995,0.05504404505476421,0.009450421634195988,0.005303708810061199,0.013597134458330776,
12,089,0.10556328233657858,0.08647743287757809,0.12464913179557907,0.012522361359570662,0.005933596245592985,0.01911112647354834,0.0017889087656529517,1.1979986064403832e-4,0.0034580176706618653,
12,091,0.12647289866457187,0.11280453582358803,0.1401412615055557,0.021719565608687826,0.01648807871422086,0.026951052503154792,0.007019859602807944,0.004303668014490345,0.009736051191125543,
12,093,0.1158182439357704,0.08772575034266078,0.14391073752888003,0.04792225201072386,0.031328981310318034,0.06451552271112967,0.007372654155495978,3.1219751673632057e-4,0.014433110794255636,
12,095,0.17257068236464637,0.16571304415395338,0.17942832057533936,0.036885913142578046,0.033852443840829874,0.03991938244432622,0.007448410598721967,0.005595889639972598,0.009300931557471335,
12,097,0.19497334348819498,0.17892778700344986,0.2110188999729401,0.04594583315945416,0.0382899936513644,0.05360167266754391,0.006510036305971707,0.004184355822358764,0.008835716789584648,
12,099,0.18960186708233936,0.1830193195383284,0.19618441462635033,0.032395118683163866,0.029711964095963626,0.035078273270364106,0.008514319151281813,0.007078043809062737,0.00995059449350089,
12,101,0.12923997823326683,0.1211155777972671,0.13736437866926657,0.01510844506121718,0.012761163613303959,0.017455726509130402,0.00640150412964165,0.00472806549481111,0.008074942764472192,
12,103,0.15460650143896248,0.1484865954768624,0.16072640740106256,0.018700070453649856,0.016513698976094896,0.020886441931204817,0.009863510980022212,0.008329578780657787,0.011397443179386636,
12,105,0.13752823740659934,0.12947386289442536,0.1455826119187733,0.03340968028923508,0.029707335804258755,0.0371120247742114,0.007476953945749494,0.005816384028329978,0.00913752386316901,
12,107,0.12,0.09748592577250949,0.14251407422749052,0.025856279382135663,0.0153851095909488,0.03632744917332253,0.0083948959032908,0.004026803272783145,0.012762988533798453,
12,109,0.10918518518518519,0.09642976332364316,0.12194060704672723,0.009994610749105874,0.006311993972497617,0.01367722752571413,0.004115427955514184,0.002159402862717674,0.006071453048310693,
12,111,0.14711336881148201,0.13460916220025967,0.15961757542270436,0.019573727707699,0.014631091800092717,0.024516363615305282,0.007275890703467911,0.0044293255159005545,0.010122455891035267,
12,113,0.09119359534206696,0.07812170234851465,0.10426548833561927,0.018338727076591153,0.011620171880485367,0.025057282272696938,0.008414239482200648,0.0038937617232088755,0.01293471724119242,
12,115,0.13991133628879038,0.13115747971197914,0.14866519286560162,0.01289222202713888,0.010110212787538589,0.01567423126673917,0.01289222202713888,0.00990001129994518,0.01588443275433258,
12,117,0.14505773099286284,0.1349047602418571,0.15521070174386858,0.025533422350600868,0.021733600400730406,0.02933324430047133,0.006240292121971823,0.004226545541576603,0.008254038702367043,
12,119,0.1075834970530452,0.09257282503834094,0.12259416906774945,0.011585413264909417,0.0071579772264643215,0.01601284930335451,0.011429904362024726,0.002112372039751469,0.02074743668429798,
12,121,0.11228883736336535,0.08307952009134276,0.14149815463538795,0.027499191200258816,0.012550641344862539,0.04244774105565509,0.011970236169524426,0.0025937922904293604,0.02134668004861949,
12,123,0.07331975560081466,0.04047223372856292,0.1061672774730664,0.01942397856664434,0.001815844598469396,0.037032112534819285,0.0053583389149363695,0,0.01314420852099965,
12,125,0.06140350877192982,0.030250466790632445,0.09255655075322719,0.06105006105006105,0.013137214933531802,0.1089629071665903,0.003418803418803419,0,0.007933348375497178,
12,127,0.15152043977138868,0.14275289163691296,0.1602879879058644,0.015171376383367357,0.012575664799710392,0.017767087967024323,0.007112925754808209,0.005251469565861023,0.008974381943755395,
12,129,0.08555696738670054,0.05331369206328552,0.11780024271011558,0.027242246437552388,0.011724931994360624,0.04275956088074415,0.005029337803855826,0,0.010732330222153906,
12,131,0.114486728493764,0.09258722951001634,0.13638622747751167,0.02683391552873928,0.015253614794944003,0.03841421626253456,0.015401714830104794,0.006139491514465975,0.024663938145743615,
12,133,0.09287305122494433,0.06656521360919807,0.11918088884069059,0.019681143485431554,0.007072080562228061,0.032290206408635044,0.008246289169873557,6.547835150760148e-4,0.015837794824671098,
13,000,0.1324888666171134,0.13022582616953438,0.13475190706469242,0.02235784203178014,0.021541794303282565,0.023173889760277715,0.0071683952068800376,0.006694817945301217,0.007641972468458858,
13,001,0.09701149425287356,0.05904668698099831,0.13497630152474882,0.038461538461538464,0.017341244644137718,0.059581832278939206,5.805515239477503e-4,0,0.00473798078084637,
13,003,0.07203947368421053,0.0359523074900241,0.10812663987839696,0.05057096247960848,0.00404609687978548,0.09709582807943148,0.03262642740619902,0.0025890545025874893,0.06266380030981054,
13,005,0.08753315649867374,0.040044487618655956,0.13502182537869153,0.02020460358056266,0.00293108233746597,0.03747812482365935,0.014066496163682864,0,0.032780168111918105,
13,007,0.06086956521739131,5.689700220681826e-4,0.12117016041271443,0.012785388127853882,0,0.04186982813069193,0,0,0.021543640005839044,
13,009,0.14909688013136288,0.11644846178398954,0.18174529847873622,0.026174708293913593,0.01325876559454442,0.039090650993282766,0.011352885525070956,0.00423206176609857,0.018473709284043342,
13,011,0.0871559633027523,0.056582137679158095,0.1177297889263465,0.014853713428357089,0.004061024668421724,0.025646402188292453,0.0028507126781695423,0,0.006934197686109381,
13,013,0.09565831274267561,0.07847676685022689,0.11283985863512433,0.022724113968033356,0.015236247122145694,0.030211980813921017,0.005038220986796386,0.0014379917666907912,0.00863845020690198,
13,015,0.09500396510705789,0.07904488669361365,0.11096304352050212,0.016133229247983348,0.010315040830248218,0.021951417665718478,0.007285974499089253,0.0023700070362314817,0.012201941961947025,
13,017,0.11448066717210008,0.07036013457481792,0.15860119976938225,0.03775438596491228,0.007556189541261988,0.06795258238856258,0.015298245614035087,0,0.03621345911223987,
13,019,0.09773260359655982,0.05744391090399712,0.13802129628912252,0.016826568265682657,0.0034121656686909984,0.030240970862674313,0.007380073800738007,0,0.014982962515401141,
13,021,0.18485716766519059,0.1642921432348458,0.20542219209553536,0.017484868863483525,0.011728921104010331,0.02324081662295672,0.013029589778076665,0.008860566216784601,0.01719861333936873,
13,023,0.10571081409477522,0.05925166850288792,0.15216995968666253,0.016568047337278107,0,0.036435901514683525,0.007100591715976331,0,0.019862441681186754,
13,025,0.09930178432893716,0.05303940339892051,0.14556416525895383,0.014285714285714285,0,0.03108084117082531,0.010526315789473684,0,0.026984676389193704,
13,027,0.15143369175627241,0.10274543586990006,0.20012194764264477,0.01998320738874895,0.0034896386286555683,0.03647677614884233,0.01595298068849706,0.002997798568864644,0.028908162808129474,
13,029,0.08426966292134831,0.057509253002618804,0.11103007284007782,0.01638806948541462,0.001978205748760991,0.03079793322206825,0,0,0.0033137077969368953,
13,031,0.15265320095857582,0.12785925636983758,0.17744714554731406,0.01417243124683651,0.007369243468884741,0.02097561902478828,0.0053990214273662894,0.0011515042599451724,0.009646538594787406,
13,033,0.11028993746446845,0.07313535626224997,0.14744451866668695,0.01346045989904655,0.003824112323067572,0.02309680747502553,0.009534492428491307,0,0.020083297018800024,
13,035,0.07771836007130124,0.043871615050197446,0.11156510509240504,0.024160282852091926,0.005745804738001781,0.04257476096618207,0.0011785503830288745,0,0.006068992216182547,
13,037,0.13537414965986394,0.06862207228860166,0.2021262270311262,0.02608695652173913,0,0.05786062407884006,0.009364548494983277,0,0.02308511224893151,
13,039,0.1333167825223436,0.10660816242763263,0.16002540261705459,0.013025313344802163,0.005907982969389882,0.020142643720214445,0.010321946424182845,0.0018513272516682815,0.01879256559669741,
13,043,0.10434782608695652,0.0583839468287617,0.15031170534515134,0.05456760048721072,0.017073272904933212,0.09206192806948822,0.0097442143727162,0,0.022877291447106173,
13,045,0.13367130393775054,0.11007699502310425,0.15726561285239682,0.020467496220490756,0.01235065139723927,0.02858434104374224,0.01139667403186417,0.005125017210709905,0.017668330853018437,
13,047,0.08865939204988309,0.06602313480515026,0.11129564929461591,0.019786614936954414,0.006247986355317342,0.03332524351859149,0.006401551891367604,0.0012053586174132335,0.011597745165321974,
13,049,0.10773130544993663,0.0465671212137038,0.16889548968616946,0.028182941903584672,0.0011355592948255958,0.05523032451234375,0.011124845488257108,0,0.023852702975976064,
13,051,0.16106133402588407,0.14895619906033639,0.17316646899143176,0.014311879712058611,0.010747689075327155,0.017876070348790067,0.006474421774502705,0.004297290487830998,0.008651553061174412,
13,053,0.10106382978723404,0.044392397874886795,0.15773526169958127,0.03201970443349754,0,0.06478581280931821,0.0019704433497536944,0,0.01440431541662613,
13,055,0.09027027027027026,0.06553317448330181,0.11500736605723871,0.05059203444564048,0.031648879978267944,0.06953518891301301,0.004843918191603875,3.6732691063219927e-4,0.009320509472575551,
13,057,0.10843997720325371,0.09555417687476331,0.12132577753174412,0.009739757794382891,0.006224834532344471,0.013254681056421311,0.004792579232156661,0.0020287867782027304,0.007556371686110591,
13,059,0.23642479577126382,0.2148048090851241,0.2580447824574036,0.012093372082122434,0.007352622411057502,0.016834121753187367,0.00731227149151589,0.004400192406606754,0.010224350576425026,
13,061,0.11288888888888889,0.034751198834496524,0.19102657894328123,0.0034934497816593887,0,0.03040418323670583,0.0034934497816593887,0,0.01838451905892829,
13,063,0.1831856683867199,0.1662021334586768,0.200169203314763,0.039114672772371684,0.0314036324119407,0.04682571313280267,0.009874069834001145,0.0063305580380177634,0.013417581629984528,
13,065,0.08190476190476191,0.03294406235684868,0.13086546145267514,0.029350104821802937,0,0.06083000943132967,0.0041928721174004195,0,0.016985413900732424,
13,067,0.11418763111812334,0.10728487580308513,0.12109038643316156,0.01856303877459903,0.015887525414624928,0.021238552134573135,0.005735480990486657,0.003630045893528797,0.007840916087444517,
13,069,0.09715689715689715,0.06987523962159353,0.12443855469220078,0.023497818059751596,0.011552746114851286,0.03544289000465191,0.0026183282980866062,0,0.005898098498646885,
13,071,0.12371774945601492,0.0954430939864743,0.15199240492555555,0.03899637243047158,0.02185496625553625,0.05613777860540692,0.011789600967351875,0.004612944140281185,0.018966257794422563,
13,073,0.09300917986482397,0.07676680978348999,0.10925154994615796,0.0068924183398261915,0.0032722448681155457,0.010512591811536838,0.0070921985815602835,0.002567101720589259,0.011617295442531308,
13,075,0.15071972904318373,0.107454645285145,0.19398481280122246,0.019623875715453803,0.0032333268644946928,0.03601442456641291,0.009811937857726901,0,0.025838381820523053,
13,077,0.09609833317813576,0.08258625633694895,0.10961041001932258,0.016335948315643747,0.009721917068726944,0.02294997956256055,0.007752653437932626,0.003428822228635057,0.012076484647230195,
13,079,0.07727272727272727,0.04302296984810825,0.1115224846973463,0.021709006928406466,0.0015143966569493225,0.04190361719986361,0.006928406466512702,0,0.0179900070484509,
13,081,0.154551241247613,0.10180002846660091,0.20730245402862507,0.009182389937106919,0,0.021495738909240558,0.013836477987421384,0.003191648283893171,0.024481307690949597,
13,083,0.0701783355350066,0.03983788550518151,0.1005187855648317,0.030452674897119343,0.010647839729552026,0.050257510064686664,0.024691358024691357,0.0022965453941296253,0.047086170655253085,
13,085,0.06607929515418502,0.03734784218934986,0.09481074811902018,0.024649589173513776,0.006478714085336804,0.04282046426169075,0.011599806669888834,2.945930836051273e-4,0.02290502025617254,
13,087,0.1493606138107417,0.11305812976145777,0.18566309786002563,0.047595920349684316,0.024222179845906716,0.07096966085346192,0.021855269548324428,0.0017254769658285075,0.041985062130820344,
13,089,0.16386682138712844,0.15450673020101777,0.1732269125732391,0.026744635268499982,0.02306348939749743,0.030425781139502533,0.0060056896006743235,0.004352102994418655,0.007659276206929992,
13,091,0.15217391304347827,0.10339395723421413,0.2009538688527424,0.02118003025718608,0.004075114264511216,0.038284946249860945,0.001210287443267776,4.0609696729460324e-4,0.0020144779192409487,
13,093,0.10277629471436199,0.051881858034245075,0.1536707313944789,0.03936591809775429,0.0036810782640919262,0.07505075793141666,0.013210039630118891,0,0.034602718772234836,
13,095,0.2130310764149527,0.18745593242532482,0.23860622040458057,0.01336662749706228,0.007263437970623531,0.019469817023501028,0.016598119858989423,0.010386105782994544,0.0228101339349843,
13,097,0.12361829429063989,0.10551772901434191,0.14171885956693786,0.027992087042532147,0.01906396867608413,0.03692020540898017,0.0016815034619188922,0,0.0037689228618814153,
13,099,0.12998712998713,0.08566160805025533,0.17431265192400466,0.0460772104607721,0.022352335558163308,0.0698020853633809,0.008717310087173101,0,0.018569013300078242,
13,101,0.057578323454699404,0,0.11834225359656732,0.036734693877551024,0,0.08201692471529132,0.0032653061224489797,0,0.01718351935672745,
13,103,0.0776376907763769,0.057733827302171026,0.09754155425058278,0.015775635407537247,0.007447341959372888,0.024103928855701603,0.0028483786152497807,0,0.00686433552835952,
13,105,0.13205128205128205,0.091115927970114,0.1729866361324501,0.036825396825396824,0.013885631122042438,0.059765162528751206,0.0019047619047619048,0,0.006825480737879872,
13,107,0.09123237277743715,0.05697436356612175,0.12549038198875256,0.018629807692307692,0.006598703436956756,0.030660911947658628,0.018028846153846152,0.006329074447776136,0.02972861785991617,
13,109,0.1379400260756193,0.08593062605652609,0.18994942609471255,0.04827586206896552,0.01681259623238507,0.07973912790554596,0.006385696040868455,0,0.017176111720388423,
13,111,0.1111111111111111,0.07726626716872947,0.14495595505349274,0.029580573951434878,0.014711862350159637,0.04444928555271012,0.011037527593818985,0.0028119823860427856,0.019263072801595185,
13,113,0.11028893587033121,0.09524164960574606,0.12533622213491638,0.01049195616693868,0.005361297447720812,0.015622614886156547,0.0068780601538820235,0.003078127556727507,0.01067799275103654,
13,115,0.11137843192754034,0.09509453866929966,0.127662325185781,0.030698708153910265,0.021250895544326923,0.04014652076349361,0.015557716349492986,0.0076610185203408905,0.02345441417864508,
13,117,0.08339759179073492,0.0737273613813891,0.09306782220008072,0.012284431845027168,0.00831020180426238,0.016258661885791954,0.002657689581856839,0.0011687613340590189,0.004146617829654659,
13,119,0.09831121833534379,0.06979594116349577,0.1268264955071918,0.0234192037470726,0.010526406288683041,0.03631200120546216,0.01756440281030445,0.00518841052100256,0.02994039509960634,
13,121,0.15903238921263044,0.1510899242679304,0.1669748541573305,0.020150602743675906,0.017257260233060574,0.023043945254291237,0.007119805702498586,0.005358853079857314,0.008880758325139858,
13,123,0.08635646687697161,0.0561773069994099,0.11653562675453333,0.045066045066045064,0.025892308337583995,0.06423978179450614,0.008547008547008548,0.0029935617205114956,0.0141004553735056,
13,125,0.0497131931166348,0,0.1017822840901404,0.06666666666666667,0.019788247156602566,0.11354508617673076,0.0038095238095238095,0,0.02005328658463911,
13,127,0.12196947021849745,0.10201896401031821,0.1419199764266767,0.02118270079435128,0.012488399701400145,0.02987700188730242,0.006766696087084437,0.001687064151467509,0.011846328022701365,
13,129,0.09321490254132742,0.07127972006172999,0.11515008502092484,0.02306008270493797,0.011011197638902893,0.035108967770973054,0.008756993432254926,9.79174174730443e-4,0.01653481268977941,
13,131,0.16383307573415765,0.11994126945860653,0.20772488200970876,0.045454545454545456,0.02280935256920104,0.06809973833988987,0.012257405515832482,0.0022280022110295564,0.022286808820635405,
13,133,0.10404777704047777,0.07002192314404884,0.1380736309369067,0.010374261326329612,0,0.021625534942597995,0.008535784635587657,5.167280918941253e-6,0.017066401990256372,
13,135,0.15099755992536243,0.14186858547382644,0.16012653437689842,0.031276535522219075,0.02773418958170444,0.03481888146273371,0.004182784539421958,0.003003295485183519,0.005362273593660397,
13,137,0.11503394762366634,0.08938820843755182,0.14067968680978085,0.024030759371996155,0.013497808810378847,0.03456370993361346,0.005767382249279077,0.001285239451414677,0.010249525047143477,
13,139,0.12035552965175579,0.1057763322447684,0.13493472705874318,0.052028536427181665,0.04360991898801866,0.06044715386634467,0.00634142826259278,0.003367359785885663,0.009315496739299897,
13,141,0.19090909090909092,0.11093058492888909,0.27088759688929276,0,0,0.017112953130371672,0.006822262118491921,0,0.01967018761064247,
13,143,0.11437556154537287,0.07976146027170503,0.14898966281904072,0.019374724790841038,0.007772874116629169,0.030976575465052905,0.0066050198150594455,0,0.017056902075227538,
13,145,0.08811594202898551,0.062148930595412544,0.11408295346255848,0.00876689881196231,0,0.01753404363017961,0.0032773453502662844,0,0.007767455543451762,
13,147,0.07766699900299102,0.0459395743994083,0.10939442360657375,0.033997085964060224,0.01897699749153582,0.049017174436584626,0.00825643516270034,0,0.018463296030922064,
13,149,0.09022038567493113,0.047835212419530655,0.1326055589303316,0.003178206583427923,0,0.013398840212079514,0.008853575482406357,0,0.019158481641514437,
13,151,0.10496358406267213,0.09092582073911705,0.11900134738622721,0.014471604037455916,0.010021309227214366,0.018921898847697467,0.007479022254651587,0.0028107299667578653,0.01214731454254531,
13,153,0.1014021031547321,0.08468045188451459,0.1181237544249496,0.021532876825344445,0.014556256753987577,0.028509496896701313,0.006765118389571817,0.0025470960170542083,0.010983140762089425,
13,155,0.1044349070100143,0.04348156322319867,0.16538825079682995,0.03506311360448808,0.006288177096473651,0.0638380501125025,0.009817671809256662,0,0.025051564915005126,
13,157,0.09247987433732574,0.07506512538780172,0.10989462328684976,0.017871017871017872,0.009673079926538701,0.026068955815497043,0.00777000777000777,8.777338222433996e-4,0.01466228171777214,
13,159,0.09686346863468635,0.05742524584577828,0.13630169142359444,0.029837251356238697,0.004005293333871004,0.055669209378606394,0.002531645569620253,0,0.007059911508932839,
13,161,0.10942307692307693,0.062258832260888096,0.15658732158526575,0.02982292637465051,0.0037605191175729413,0.05588533363172808,0.0065237651444548,0,0.015531287744455348,
13,163,0.12081589958158996,0.07626365812916724,0.16536814103401268,0.023004291845493564,0.003297017113675211,0.04271156657731191,0.0049785407725321884,0,0.010758680285582136,
13,165,0.1537290715372907,0.07043018509175583,0.23702795798282558,0.0030349013657056147,0,0.016984430778876014,0.013657056145675266,0,0.03579187454393547,
13,167,0.080248833592535,0.03734980365447372,0.12314786353059629,0.030395136778115502,0.01051126826050448,0.05027900529572653,0.00911854103343465,0,0.022976506401074306,
13,169,0.10081426909654904,0.07026942260608227,0.13135911558701582,0.026937618147448016,0.005654252301251137,0.0482209839936449,0.001890359168241966,0,0.0066917706272505845,
13,171,0.07907324364723468,0.0403101028143399,0.11783638448012947,5.780346820809249e-4,0,0.007907312131209515,0.007947976878612716,4.076674205022793e-4,0.015488286336723153,
13,173,0.09528158295281583,0.05219432664744626,0.13836883925818538,0.04231311706629055,0.011632430249191045,0.07299380388339005,0.008180535966149507,0,0.02004865902437461,
13,175,0.14197390811117414,0.11564199362281977,0.1683058225995285,0.020769014875105248,0.01123193089073652,0.030306098859473975,0.00813920853213584,0.002745086662384961,0.013533330401886721,
13,177,0.08955223880597014,0.06341606443628853,0.11568841317565176,0.018636171113934775,0,0.03855264528468959,0.005506141465480729,0,0.012547990001970336,
13,179,0.13888763791938752,0.1167594023791661,0.16101587345960894,0.018715995647442873,0.00822667485306121,0.029205316441824537,0.009140369967355821,0.0029026522551864513,0.015378087679525192,
13,181,0.11505922165820642,0.06744403350597938,0.16267440981043346,0.006633499170812604,0,0.02374509309610536,0.003316749585406302,0,0.01506466087603252,
13,183,0.08127144663175004,0.04194879389992896,0.12059409936357111,0.03606853020739405,0.0059697248684247375,0.066167335546363365,0.016230838593327322,0,0.04133125344761822,
13,185,0.1439299424184261,0.12391522690658088,0.16394465793027133,0.02516010978956999,0.016950695494168166,0.03336952408497181,0.006061299176578225,0.002286925194351268,0.009835673158805182,
13,187,0.12810283687943264,0.09544124806660523,0.16076442569226004,0.010305676855895196,0,0.021212868908876283,0.010480349344978166,0,0.02248650847104892,
13,189,0.1348894348894349,0.0908074772768034,0.1789713925020664,0.00243605359317905,0,0.01049884348365414,0,0,0.00554148004848296,
13,191,0.17634635691657866,0.11751531212757471,0.2351774017055826,0.0073145245559038665,0,0.024625294800461002,0,0,0.008099366674832907,
13,193,0.14259501965923985,0.09008533729714345,0.19510470202133623,0.01631116687578419,0,0.03387824417752901,0.013801756587202008,0,0.029292249855466225,
13,195,0.11362586605080831,0.07876445004234077,0.14848728205927586,0.023334864492420764,0.008067914168514616,0.038601814816326914,0.006890215893431328,0,0.014059607057689313,
13,197,0.06810035842293907,0.0321107804938257,0.10408993635205244,0.015331010452961672,0,0.03548569262176018,0.008710801393728223,0,0.01882363511262687,
13,199,0.09693486590038314,0.06345276906244043,0.13041696273832584,0.0215916101172116,0.007899050892100815,0.03528416934232238,0.032078963602714373,0.013272521306123861,0.05088540589930489,
13,201,0.11670020120724346,0.06275306535466368,0.17064733705982324,0.041501976284584984,0.008439189323356279,0.07456476324581368,0.0015810276679841897,0,0.014572295403007193,
13,205,0.14614379084967322,0.10254783230338688,0.18973974939595956,0.02145110410094637,0.0055382425337577555,0.03736396566813499,0.0031545741324921135,0,0.008389597957432734,
13,207,0.07792860734037205,0.04661295556989766,0.10924425911084643,0.017463414634146343,0.004411313433267016,0.03051551583502567,0.004878048780487805,0,0.010717418439575613,
13,209,0.06804835924006908,0.03549636271855326,0.1006003557615849,0.009780775716694773,0,0.024531315866956335,0.00505902192242833,0,0.016707824738399296,
13,211,0.11127320954907162,0.07389062674252037,0.14865579235562287,0.034278180619644036,0.0028206433584454446,0.06573571788084262,0.001054713249835201,0,0.00363077299788178,
13,213,0.07013959822948587,0.05142229276148694,0.08885690369748481,0.02456258411843876,0.010806837847143685,0.03831833038973384,0.0013458950201884253,0,0.003815712651814326,
13,215,0.17238327347357618,0.1563735303379379,0.18839301660921445,0.025608916160540982,0.01950561216899644,0.031712220152085524,0.008765888172312317,0.005417273544275553,0.012114502800349081,
13,217,0.14347604485219165,0.11961384211053681,0.1673382475938465,0.01678987595539406,0.009801200365131414,0.02377855154565671,0.007643152487156998,0.0035740118723810426,0.011712293101932954,
13,219,0.05162889518413598,0.034474027011440506,0.06878376335683145,0.010816468946266573,0.004804666929088019,0.01682827096344513,0.0013956734124214933,0,0.004348034631844638,
13,221,0.09706853038245002,0.058475450006674236,0.1356616107582258,0.026161137440758295,0.006254919143340424,0.04606735573817616,0.013270142180094787,0,0.036441353666268855,
13,223,0.07313393094878849,0.05926532624339906,0.08700253565417793,0.014105615798289695,0.008932853429870572,0.01927837816670882,0.006788327602926915,0.002017084211843213,0.011559570994010619,
13,225,0.13360655737704918,0.08956016504554212,0.17765294970855625,0.017117560255779637,0.0011529468733636854,0.033082173638195586,0.004918839153959666,0,0.01282220115448328,
13,227,0.08644859813084112,0.06062628346275264,0.11227091279892959,0.034432515337423315,0.016560878787142463,0.05230415188770417,0.008052147239263804,0.0012902592199632804,0.014814035258564328,
13,229,0.06017579445571332,0.031790403959674446,0.08856118495175219,0.014745308310991957,0.001967101656942109,0.027523514965041802,0.006032171581769437,0,0.014600211766649707,
13,231,0.05816733067729084,0.03639246530542469,0.07994219604915698,0.010705973622963537,0.0011343016896087563,0.020277645556318318,0.01008533747090768,0.002501325852867155,0.017669349088948207,
13,233,0.13073677377474846,0.10049231809679496,0.16098122945270196,0.02900418949403803,0.011086137290815711,0.04692224169726035,0.003544956493715759,0,0.007651155940855792,
13,235,0.1327922077922078,0.0666518099986625,0.1989326055857531,0.052969502407704656,0.00536885196421906,0.10057015285119025,0.016051364365971106,0,0.03550127335927799,
13,237,0.12699228791773778,0.08591012403390594,0.16807445180156963,0.027309644670050762,0.008221906412606509,0.04639738292749501,0.013705583756345178,4.893896814886153e-4,0.02692177783120174,
13,239,0.0659217877094972,0,0.13499253503210334,0.025,0,0.05717914116112583,0.036458333333333336,0,0.10901769690934546,
13,241,0.1337652987760979,0.09352111898016983,0.17400947857202598,0.017663817663817662,0.0061172956039413,0.029210339723694023,0.007122507122507123,0,0.01436456724991333,
13,243,0.16367265469061876,0.08804152548266754,0.23930378389857,0.01722113502935421,0,0.04603566363187951,0.009784735812133072,0,0.028960190969043488,
13,245,0.17215764495494876,0.15629135411969441,0.1880239357902031,0.01593948399297582,0.011823014171213533,0.020055953814738108,0.004457652303120356,0.0025496735440876774,0.006365631062153035,
13,247,0.13652912621359223,0.11377052694016307,0.1592877254870214,0.03504813477737666,0.021311385438644345,0.04878488411610897,0.015944645006016847,0.006919309255761027,0.024969980756272665,
13,249,0.16722408026755853,0.08138839550017052,0.25305976503494654,0.006329113924050633,0,0.03100856204014291,0.012658227848101266,0,0.03965010881187449,
13,251,0.05976008724100327,0.032697599832790955,0.08682257464921558,0.017566137566137566,0.0029458371775081676,0.032186437954766965,0.021164021164021163,0.0069944881492112095,0.03533355417883112,
13,253,0.1361111111111111,0.07821257332937684,0.19400964889284536,0.02298221614227086,0,0.04618664811143307,0.004103967168262654,0,0.012869601107499372,
13,255,0.14467751421289943,0.12140599367021541,0.16794903475558343,0.014445922828359627,0.006608906672317585,0.02228293898440167,0.006462649686371412,0.002491513520281859,0.010433785852460964,
13,257,0.09388971684053651,0.06426781590045488,0.12351161778061814,0.012726382770435633,0.002856648977626601,0.022596116563244666,0.00881057268722467,7.182952579576005e-4,0.01690285011649174,
13,259,0.04833836858006042,0,0.09988157996109652,0.0022988505747126436,0,0.03077058662850272,0.0022988505747126436,0,0.019415282335721002,
13,261,0.15784313725490196,0.11662292765763348,0.19906334685217042,0.03101503759398496,0.015546215588071913,0.04648385959989801,0.005639097744360902,1.5206200366917142e-4,0.011126133485052633,
13,263,0.11788617886178862,0.06862605069927699,0.16714630702430025,0.011417322834645669,0,0.030363953932898473,0.01968503937007874,0,0.043191749149152595,
13,265,0.1130298273155416,0.02040226323320818,0.20565739139787503,0.012403100775193798,0,0.0536415234001564,0.006201550387596899,0,0.04274483458493068,
13,267,0.08849557522123894,0.05614252362525802,0.12084862681721986,0.030993377483443708,0.014426925939803457,0.04755982902708396,0.0033112582781456954,0,0.010795470237337918,
13,269,0.1468162322665787,0.09359392158881177,0.20003854294434562,0.01737704918032787,0,0.03882579068583501,0.00819672131147541,0,0.022269290846015206,
13,271,0.09330985915492958,0.038950474031883314,0.14766924427797584,0.0423728813559322,0.012075340018836422,0.07267042269302798,0.006440677966101695,0.0021891114524612287,0.010692244479742161,
13,273,0.13291925465838508,0.07369192485499218,0.19214658446177799,0.03727272727272727,0.006435977714529341,0.06810947683092519,0.004242424242424243,8.256938818217412e-4,0.0076591546030267445,
13,275,0.12384679899357003,0.09885524051704458,0.14883835747009547,0.013208585580627407,0.005931527969529184,0.02048564319172563,0.011832691249312053,0.0042284519073479965,0.01943693059127611,
13,277,0.1049147442326981,0.07911014749991735,0.13071934096547885,0.0136986301369863,0.003772390500554227,0.023624869773418374,0.01989562948467058,0.007439979668094605,0.03235127930124655,
13,279,0.14846753246753247,0.10686828485104695,0.190066780084018,0.028190671450538187,0.011302572802971922,0.04507877009810445,0.019477191184008202,0.0019161050803403606,0.037038277287676044,
13,281,0.15985198889916744,0.1088419203738439,0.210862057424491,0.0192131747483989,0.005100903183309122,0.03332544631348868,0.011893870082342177,0,0.02689375500321102,
13,283,0.11707317073170732,0.054559987337086266,0.1795863541263284,0.010021786492374727,0,0.029103496608237647,0.013071895424836602,0,0.0330696645903077,
13,285,0.15413834466213513,0.12745627701068662,0.18082041231358364,0.0293140512018761,0.019423036711462546,0.03920506569228965,0.007621653312487786,0.0026740710645558373,0.012569235560419733,
13,287,0.11276252019386107,0.06465227770185408,0.16087276268586806,0.00641025641025641,0,0.019746374527495638,0,0,0.010801412915015454,
13,289,0.09946524064171124,0.029577978623565856,0.16935250265985663,0.020689655172413793,0,0.04744722127545718,0.010344827586206896,0,0.025424501397462943,
13,291,0.10610328638497653,0.07179855131025989,0.14040802145969317,0.04358736059479554,0.01720635215757786,0.06996836903201321,0.0027881040892193307,0,0.0067557381888923886,
13,293,0.15800498753117206,0.11238440275732797,0.20362557230501616,0.002881844380403458,0,0.008570195416766915,0.008165225744476465,8.071651824473527e-4,0.015523286306505577,
13,295,0.08504854368932038,0.06684437998304152,0.10325270739559925,0.01437607820586544,0.007204504347765838,0.021547652063965042,0.014184397163120567,0.00542923273221764,0.022939561594023494,
13,297,0.11481700118063755,0.09531344165788772,0.13432056070338738,0.022307014969181096,0.01271540689941066,0.03189862303895153,0.0033754035808629293,4.920726938397999e-4,0.006258734467886058,
13,299,0.12767676767676767,0.09651728091285935,0.15883625444067598,0.02195217561740494,0.00957875227861262,0.03432559895619726,0.007448059584476676,0,0.016571010109497478,
13,301,0.07395498392282958,0.026890679205973343,0.12101928863968581,0.014910025706940874,0,0.033871931617593276,0.02262210796915167,0,0.05983963176550025,
13,303,0.13049546406140963,0.09021373713560545,0.17077719098721383,0.025499655410062026,0.010803840082786136,0.04019547073733792,0.01722949689869056,0.00481365238448093,0.029645341412900192,
13,305,0.10645921735030646,0.07398446999563604,0.13893396470497688,0.02417480241748024,0.008193392418862445,0.040156212416098035,0.01301720130172013,0,0.027249272598033447,
13,307,0.1493975903614458,0.009739382467679913,0.28905579825521166,0,0,0.03812765957446808,0.004571428571428572,0,0.02366615727950283,
13,309,0.12797427652733118,0.054714052488427894,0.20123450056623446,0.042633228840125395,0,0.08827976576931437,0,0,0.021128782629998885,
13,311,0.08960468521229868,0.057002547276103495,0.12220682314849388,0.02803286611889802,0.014361235121338127,0.04170449711645791,0.004833252779120348,0,0.0101989846342452,
13,313,0.08308730493462674,0.06581615215876052,0.10035845771049295,0.04414024305070541,0.031539600869303595,0.05674088523210722,0.006984215672579969,0.002064179541920944,0.011904251803238994,
13,315,0.07204968944099378,0.034077314216777246,0.11002206466521032,0.0096,0,0.026903044445518172,0.004,0,0.015631945990684994,
13,317,0.10908624229979466,0.05361575089776457,0.16455673370182475,0.004962779156327543,0,0.015290341336723964,0.004962779156327543,0,0.015374636691101664,
13,319,0.1290625,0.08446734056752403,0.17365765943247596,0.025339366515837104,0.004096349098264767,0.04658238393340944,0.005731523378582202,0,0.013802493227821695,
13,321,0.1049645390070922,0.07233035028538862,0.13759872772879578,0.014439518682710576,0.0030308494596363294,0.025848187905784824,0.010766307789740342,0.0020282477755411803,0.019504367803939503,
15,000,0.17534338428656743,0.16964175390657532,0.18104501466655953,0.08548165445696985,0.08187876345312807,0.08908454546081164,0.019218648288403715,0.01730562067077443,0.021131675906033,
15,001,0.15564641195544904,0.140431017481149,0.17086180642974907,0.07672140195943149,0.06689709683760288,0.0865457070812601,0.038153718780184906,0.031024328174620766,0.045283109385749046,
15,003,0.17941243452516512,0.17255750603922687,0.18626736301110336,0.08561582259514534,0.08107346589509228,0.09015817929519841,0.01609229847168115,0.014071894290662182,0.018112702652700118,
15,005,0,0,1,0,0,0.9531914893617022,0,0,0.6740081658969644,
15,007,0.1676522506619594,0.1449492750092356,0.1903552263146832,0.07789382071366406,0.06144479220631743,0.09434284922101069,0.018059181897302,0.010459429195748621,0.02565893459885538,
15,009,0.1796500920810313,0.16342673170531086,0.19587345245675175,0.09957975516170291,0.08669588491412093,0.11246362540928488,0.013703636031427005,0.008689321602775647,0.01871795046007836,
16,000,0.10311481780408334,0.09960130539277057,0.10662833021539611,0.02931921667345352,0.02710695989507632,0.03153147345183072,0.010942879354384925,0.009783272864827561,0.012102485843942289,
16,001,0.10225978223434976,0.09469043131482875,0.10982913315387076,0.017992026856903064,0.014617445173521693,0.021366608540284434,0.009415652538816618,0.007311292786857206,0.011520012290776031,
16,003,0.10919881305637982,0.05828954524334436,0.1601080808694153,0.011869436201780416,0,0.03268370719989544,0.008902077151335312,0,0.022922345123654625,
16,005,0.10646211064621107,0.09045615316314656,0.12246806812927558,0.017428527748050756,0.010514417053072198,0.024342638443029314,0.009937318452835959,0.004565476265298275,0.015309160640373642,
16,007,0.05830775975449364,0.02417334726604624,0.09244217224294105,0.017204301075268817,0,0.034831740273815325,0.010752688172043012,0,0.027790465454640298,
16,009,0.11889035667107001,0.07067536394321168,0.16710534939892835,0.04287581699346405,0.018767984138403318,0.06698364984852478,0.027450980392156862,0.014017734393632462,0.04088422639068126,
16,011,0.08135702746365105,0.06106050640233186,0.10165354852497023,0.03552,0.02422947377249837,0.046810526227501634,0.00224,0,0.004567533748955965,
16,013,0.06997304582210243,0.041502033877218646,0.0984440577669862,0.041935483870967745,0.014920682062014693,0.0689502856799208,0.01021505376344086,0,0.026206428721085126,
16,015,0.07499261883672867,0.039488458360341185,0.11049677931311616,0.030633284241531663,0.010416948163363953,0.050849620319699376,0.005891016200294551,0,0.014565335394959012,
16,017,0.12418129421011265,0.09778710912833449,0.1505754792918908,0.031201248049921998,0.019936515951558778,0.04246598014828522,0.014300572022880915,0.007062852297272222,0.021538291748489608,
16,019,0.09338244029939409,0.07857711591766318,0.108187764681125,0.03018867924528302,0.020053610751494234,0.040323747739071804,0.012028301886792454,0.005251035554496567,0.01880556821908834,
16,021,0.11471861471861472,0.07082810867556441,0.15860912076166503,0.031422505307855626,0.0050548164902834945,0.057790194125427755,0.028662420382165606,0.0023956404272984823,0.05492920033703273,
16,023,0.09598432908912831,0.04297791522500227,0.14899074295325435,0.007804878048780488,0,0.03371829417925823,0.00975609756097561,0,0.030267828441194577,
16,025,0.09230769230769231,0,0.2662534618653092,0.05846153846153846,0,0.1426384508872454,0,0,0.06740081658969643,
16,027,0.09261838440111421,0.08252558446102273,0.10271118434120569,0.03994732221246708,0.03362979710835021,0.04626484731658395,0.008403361344537815,0.005761701300505806,0.011045021388569824,
16,029,0.07298690995636652,0.02394329134025234,0.1220305285724807,0.013465346534653465,0,0.02996449663245352,0.019405940594059406,4.4947190030956985e-4,0.03836240928780924,
16,031,0.08793103448275862,0.06065886646197713,0.1152032025035401,0.05256723716381418,0.029098345229986042,0.07603612909764232,0.007946210268948655,0,0.016189837114034395,
16,033,0.046153846153846156,0,0.2191718479099353,0.015384615384615385,0,0.12004177875246032,0.015384615384615385,0,0.10276317241139704,
16,035,0.09638205499276412,0.06677964632220744,0.12598446366332078,0.01680911680911681,0.003821104152230796,0.029797129466002825,0.017094017094017096,0.004964695158273741,0.029223339029760452,
16,037,0.11074197120708748,0.03482119389361074,0.18666274852056422,0.010497237569060774,0,0.032083976860555155,0,0,0.012102356569973119,
16,039,0.07801418439716312,0.05419235657279942,0.10183601222152683,0.03336431226765799,0.01772297770352486,0.04900564683179112,0.011617100371747211,0.0029042268833379854,0.020329973860156437,
16,041,0.11339092872570194,0.07082509129044154,0.15595676616096235,0.039400428265524624,0.014320332143420562,0.06448052438762869,0.010706638115631691,0,0.026354434715779633,
16,043,0.05213160333642261,0.028171200585595454,0.07609200608724977,0.05324074074074074,0.02404914149126592,0.08243233999021557,0.00787037037037037,0,0.01803210683280459,
16,045,0.06577086280056577,0.037500932134937395,0.09404079346619414,0.06810284920083391,0.02717632360071244,0.10902937480095538,0.019457956914523976,0.0030699526606461844,0.03584596116840177,
16,047,0.09242282507015903,0.05547804859341352,0.12936760154690455,0.0332409972299169,0.01427405610722984,0.052207938352603955,0.021052631578947368,0.0015275627767227726,0.04057770038117196,
16,049,0.09214133414559854,0.06603093107006495,0.11825173722113212,0.028766086298258896,0.01564522109461762,0.04188695150190017,0.018168054504163512,0.008512381982906403,0.027823727025420623,
16,051,0.0814503415659485,0.05056228425134171,0.1123383988805553,0.04935064935064935,0.02950368788767472,0.069197610813624,0.014025974025974027,0.0026838019353233235,0.025368146116624732,
16,053,0.07769423558897243,0.04565074433719178,0.10973772684075307,0.06736711990111248,0.042756841693028,0.09197739810919696,0.004944375772558714,0,0.011246871389636003,
16,055,0.12085183234253895,0.10725608166378471,0.1344475830212932,0.016119402985074627,0.011601244620714574,0.02063756134943468,0.014328358208955224,0.008737523308543532,0.019919193109366917,
16,057,0.13406940063091483,0.10680987574533812,0.16132892551649153,0.016635279347143754,0.007909169170733091,0.025361389523554417,0.01726302573760201,0.00649165875223595,0.028034392722968066,
16,059,0.15632530120481927,0.09913372911315833,0.21351687329648023,0.023423423423423424,0.0036701003468396463,0.043176746500007204,0.015015015015015015,0,0.03299488806314157,
16,061,0.09284332688588008,0.05651763938657054,0.12916901438518963,0.01853035143769968,0,0.03799677997281317,0.008945686900958467,0,0.018863866912910525,
16,063,0.06913445835601524,0.029458184186096338,0.10881073252593415,0.04336043360433604,0.014634043126140046,0.07208682408253204,0.005420054200542005,0,0.019041574293048355,
16,065,0.13634455545294266,0.09856327269210734,0.17412583821377797,0.12729549248747912,0.06800002447818213,0.18659096049677612,0.007429048414023373,0.0019568498759184524,0.012901246952128293,
16,067,0.09414141414141414,0.061979337364550954,0.1263034909182773,0.04749163879598662,0.017035705820338778,0.07794757177163446,0.012040133779264214,0,0.026110833818467523,
16,069,0.1597864768683274,0.12428088894706876,0.19529206478958602,0.018102189781021898,0.007627256651417742,0.028577122910626054,0.017226277372262774,0.006055036550021866,0.02839751819450368,
16,071,0.08169014084507042,0.03389249048395256,0.12948779120618828,0.043478260869565216,0.013166331487802361,0.07379019025132807,0,0,0.011905035538940947,
16,073,0.06618357487922705,0.03814805969030469,0.09421909006814941,0.07218934911242604,0.04550638675676329,0.0988723114680888,0.0035502958579881655,0,0.0119341458545453,
16,075,0.08172043010752689,0.049683642552469195,0.11375721766258458,0.05401069518716577,0.029646177674042883,0.07837521270028866,0.0106951871657754,4.2615632258388367e-4,0.020964218008966917,
16,077,0.09360902255639098,0.028982328732257714,0.15823571638052425,0.048314606741573035,0.005737407715125063,0.090891805768021,0,0,0.011359688189274682,
16,079,0.10571955719557195,0.07905684700509816,0.13238226738604575,0.021715328467153284,0.0043956787927467815,0.03903497814155979,0.011861313868613138,0.0026666187794204786,0.021056008957805798,
16,081,0.10801393728222997,0.06169673084902792,0.154331143715432,0.04287369640787949,0.014474456389151503,0.07127293642660748,0.0032444959443800694,0,0.010976834471303726,
16,083,0.11002710027100271,0.08974167801832517,0.13031252252368025,0.02817745803357314,0.019052788350185756,0.03730212771696052,0.01079136690647482,0.005833301377952141,0.0157494324349975,
16,085,0.1271276595744681,0.06452107721075051,0.18973424193818567,0.002628120893561104,0,0.01484917803157033,0.02102496714848883,0,0.04613749892587588,
16,087,0.12675714978187105,0.08135733379688861,0.1721569657668535,0.018094089264173704,0,0.03788875499765209,0.0033775633293124246,0,0.007726193197661031,
17,000,0.13436800880551655,0.13267650625550814,0.13605951135552496,0.023651776298311854,0.02297883063911841,0.024324721957505298,0.00914111367826178,0.00874534394527742,0.009536883411246139,
17,001,0.08559807727860973,0.07105841975482291,0.10013773480239654,0.019279738086576938,0.011878784336825352,0.026680691836328523,0.014186977082575483,0.008625852657088692,0.019748101508062273,
17,003,0.13442431326709525,0.07581048168450946,0.19303814484968104,0.002318840579710145,0,0.02483795733592944,0.011014492753623189,0,0.02417796839316866,
17,005,0.09297015168814222,0.06278815107791862,0.12315215229836583,0.023954983922829583,0.006449481626859592,0.041460486218799573,0.02009646302250804,0.0076226874334661965,0.03257023861154988,
17,007,0.11176157530601384,0.08468616773168794,0.13883698288033974,0.023653088042049936,0.011184926810357754,0.03612124927374212,0.017871222076215505,0.005116875002795148,0.030625569149635865,
17,009,0.04388103364212579,0.0019399802520311468,0.08582208703222044,0.018401937046004842,0,0.03711299000849441,0.001937046004842615,0,0.01303515416940928,
17,011,0.08480232136380124,0.06887762368682031,0.10072701904078217,0.015467625899280576,0.009156775874837575,0.021778475923723575,0.006834532374100719,0.0026996053848480864,0.010969459363353352,
17,013,0.0649458784346378,0.022327121486429853,0.10756463538284575,0.01991701244813278,0,0.04553904529044244,0.0033195020746887966,0,0.016582884195520856,
17,015,0.07376523412443874,0.05232202599323626,0.0952084422556412,0.012351543942992874,0.001534646836243549,0.0231684410497422,0.001266825019794141,2.522876360304745e-4,0.0022813624035578073,
17,017,0.06825938566552901,0.04268026855819167,0.09383850277286636,0.017982017982017984,0.005072145925051294,0.030891890038984675,0.005794205794205794,0,0.011860578199775151,
17,019,0.16748924322956213,0.1533521824209525,0.18162630403817176,0.009701085308918935,0.006494892937557383,0.012907277680280488,0.007518341114412175,0.004578950284033106,0.010457731944791243,
17,021,0.08424683786891529,0.06379254337376725,0.10470113236406334,0.0054916512059369205,0.002108365518117324,0.008874936893756517,0.0032653061224489797,0,0.006824182713581122,
17,023,0.10023346303501945,0.07063959804211631,0.1298273280279226,0.010861132660977503,0,0.021755468758250657,0.002948021722265322,0,0.0074484258578573215,
17,025,0.05341959334565619,0.025551794864401737,0.08128739182691065,0.019178082191780823,0.004505863592969256,0.03385030079059239,0.033789954337899546,0.009855085086506385,0.057724823589292706,
17,027,0.07682672233820459,0.05807959054476594,0.09557385413164324,0.026215936529837874,0.013492024392482514,0.03893984866719323,0.010693342531907554,0.005174844126731033,0.016211840937084075,
17,029,0.11326378539493294,0.09081182498688661,0.13571574580297927,0.019376992886926663,0.007173032946432258,0.03158095282742107,0.013735589894530291,0.006874039056887329,0.020597140732173252,
17,031,0.17070930984601257,0.1675759201406702,0.17384269955135495,0.03180157289776164,0.03052608546466105,0.03307706033086223,0.008970356926799757,0.008308650531952746,0.009632063321646768,
17,033,0.07589952477936185,0.05179610383459138,0.10000294572413232,0.011229946524064172,0,0.022775856543822838,0.014037433155080214,0.00390961316400178,0.02416525314615865,
17,035,0.058027079303675046,0.029503198045539077,0.08655096056181101,0.012801932367149759,0.0028185095804618473,0.022785355153837672,0.001932367149758454,0,0.006616860512788565,
17,037,0.1416033534189154,0.12223671104613498,0.1609699957916958,0.020797138477261112,0.013531189197266247,0.028063087757255977,0.0061318344404701075,0.0023338939686619294,0.009929774912278286,
17,039,0.09581749049429658,0.07043999900279191,0.12119498198580125,0.002106847253574116,0,0.008028977712848068,0.006019563581640331,5.1640430280838236e-5,0.011987486732999823,
17,041,0.07236842105263158,0.05073032571686079,0.09400651638840238,0.03455497382198953,0.01742083105968476,0.0516891165842943,0.004581151832460733,3.260069717543664e-4,0.008836296693167099,
17,043,0.11831663094479522,0.11290525229365948,0.12372800959593096,0.02453636024880328,0.02205857107969874,0.02701414941790782,0.0073379768968383635,0.00575681599316672,0.008919137800510006,
17,045,0.05900537634408602,0.03757181704821741,0.08043893563995463,0.015657894736842107,9.352719608926377e-4,0.030380517512791576,0.0010526315789473684,0,0.0027482136352541264,
17,047,0.048355899419729204,0.014537002528995445,0.08217479631046296,0.012952380952380953,0,0.026389342673027914,0.0015238095238095239,0,0.009450548872815816,
17,049,0.06206649982123704,0.04780234946234151,0.07633065018013258,0.0325531914893617,0.019693259262402497,0.045413123716320905,0.0035460992907801418,8.259143982658336e-4,0.0062662841832944495,
17,051,0.07271514342895263,0.05266219978544073,0.09276808707246453,0.025911458333333335,0.015189961850228813,0.03663295481643786,0.017578125,0,0.03533255957333527,
17,053,0.10133570792520036,0.07006571746381121,0.1326056983865895,0.006854130052724078,1.5951315776574753e-4,0.013548746947682409,0.01054481546572935,7.88270390672155e-4,0.020301360540786545,
17,055,0.11577287066246057,0.09363934953905109,0.13790639178587005,0.017707362534948742,0.00977453334170497,0.025640191728192513,0.015532774153463809,0.009009093915658748,0.022056454391268868,
17,057,0.069108049311095,0.05433339863195813,0.08388269999023187,0.008599068434252956,0.003935283842581125,0.013262853025924788,0.008599068434252956,0.0027971240844625322,0.01440101278404338,
17,059,0.052403846153846155,0.022540543193352223,0.08226714911434009,0.01577726218097448,0.0014275274171781632,0.030126996944770792,0.0064965197215777265,0,0.01594055723387918,
17,061,0.06711560044893378,0.04143160698293759,0.09279959391492996,0.007700770077007701,0,0.018876955168624403,0.0088008800880088,0.002320630118882335,0.015281130057135266,
17,063,0.10445045488074747,0.08162474171444115,0.1272761680470538,0.011239263803680982,0.005735518991026465,0.0167430086163355,0.014233128834355829,0.005006931588713955,0.023459326079997702,
17,065,0.047619047619047616,0.019473903698791914,0.07576419153930332,0.005504587155963303,0,0.015350225468953862,0.012232415902140673,0.0011521792705081295,0.023312652533773216,
17,067,0.06644250168123739,0.047797007598830155,0.08508799576364462,0.007190412782956059,0.00240413284660984,0.011976692719302278,0.007323568575233023,0.001517962677719989,0.013129174472746056,
17,069,0.03972602739726028,0.0032653030476943734,0.07618675174682618,0.012162162162162163,0,0.03051680410689453,0.016891891891891893,0,0.039885536211748646,
17,071,0.04457435147972232,0.024270017207267423,0.06487868575217723,0.010564663023679418,0,0.027636359355427513,0.02185792349726776,0.0010945972342551978,0.042621249760280325,
17,073,0.0681544633901705,0.05305702995937379,0.08325189682096723,0.010899182561307902,0.005157161317363586,0.016641203805252216,0.011146891255883081,0.005657306138873271,0.01663647637289289,
17,075,0.09736842105263158,0.07820444976064658,0.11653239234461657,0.00980829246544806,0.003163252868791641,0.01645333206210448,0.007579135086937138,0.003081130218054207,0.01207713995582007,
17,077,0.16766733377807427,0.14326573199125164,0.1920689355648969,0.017505943375837475,0.010487966637465011,0.024523920114209938,0.012535119948130538,0.006719513517113893,0.018350726379147184,
17,079,0.0776566757493188,0.042969418921184756,0.11234393257745284,0.013207547169811321,0,0.028491091731000586,0.021293800539083557,0.006225142291798455,0.03636245878636866,
17,081,0.09945130315500686,0.08339371207972494,0.11550889423028878,0.014208389715832206,0.008318703622114742,0.02009807580954967,0.02638700947225981,0.015777784144884517,0.036996234799635104,
17,083,0.06416831032215647,0.04004540476393516,0.08829121588037779,0.0010342598577892696,0,0.0063589581212124425,0.002456367162249515,0,0.00645964429020218,
17,085,0.08986520219670495,0.06912150164383166,0.11060890274957824,0.00784119106699752,0.002343321281529453,0.013339060852465586,0.002977667493796526,0,0.006823372742101293,
17,087,0.0773603559070687,0.04750125746964034,0.10721945434449706,0.011936662606577345,0.0035763755744067094,0.02029694963874798,0.013398294762484775,0.005592459757231529,0.02120412976773802,
17,089,0.11542708850974547,0.10674632177272708,0.12410785524676385,0.03277204914436156,0.028589142715153965,0.036954955573569155,0.010969723562966213,0.008264866962425753,0.013674580163506672,
17,091,0.13449268109595897,0.11830402444996768,0.15068133774195025,0.017861542251786156,0.011871843476943231,0.02385124102662908,0.008992362650899236,0.005324495956873513,0.012660229344924959,
17,093,0.09070008046901942,0.07246291856084379,0.10893724237719506,0.016636280765724702,0.008277961431746785,0.02499460009970262,0.007064721969006381,0.002354539851375714,0.011774904086637047,
17,095,0.13095528951869045,0.11018054253868508,0.15173003649869582,0.012056908608632746,0.00587464288524579,0.018239174332019704,0.008922112370388232,0.003648166532436937,0.014196058208339527,
17,097,0.12225593432089951,0.11565130647488513,0.12886056216691388,0.024215545830962144,0.02119681618345367,0.02723427547847062,0.006240310838124767,0.004989929842973239,0.007490691833276296,
17,099,0.10635204652203087,0.09357893024346028,0.11912516280060145,0.016286284068247284,0.011052642077105749,0.021519926059388822,0.006425880788832263,0.00398152283895495,0.008870238738709575,
17,101,0.057703081232493,0.03981375323439082,0.07559240923059518,0.00903225806451613,0.001104587196151129,0.016959928932881133,0.004423963133640553,8.876178408044116e-4,0.007960308426476694,
17,103,0.0978348623853211,0.07327439947021348,0.12239532530042872,0.0028529626920263352,0,0.006710192417048159,0.0296269202633504,0.011986288358442176,0.04726755216825863,
17,105,0.07777777777777778,0.05914875826908017,0.09640679728647539,0.015683600409137403,0.005442442373074159,0.025924758445200646,0.015001704739174906,0.006240204613076559,0.023763204865273252,
17,107,0.0780532598714417,0.057550294213425064,0.09855622552945834,0.016126126126126124,0.005028893493667022,0.027223358758585225,0.004054054054054054,8.332713137344521e-4,0.007274836794373657,
17,109,0.16532862814292015,0.12943808033595186,0.20121917594988845,0.008103448275862069,0,0.01707868140760506,0.02327586206896552,0.00525102436681615,0.04130069977111489,
17,111,0.09814589136490251,0.08910693183403313,0.10718485089577189,0.013207465465725545,0.009837619662461668,0.016577311268989422,0.004070497553371151,0.002385663185310993,0.0057553319214313095,
17,113,0.10943975441289332,0.098289047246515,0.12059046157927164,0.009344429843772813,0.0031850211673163566,0.01550383852022927,0.011169513797634692,0.007372436309169143,0.01496659128610024,
17,115,0.10191689486843672,0.08865045629293225,0.11518333344394119,0.013376383763837638,0.00816870106863955,0.018584066459035726,0.010262915129151291,0.006650916828074871,0.013874913430227712,
17,117,0.08380403458213256,0.06683050717327191,0.10077756199099322,0.006148590947907771,0.0017036255399314332,0.01059355635588411,0.007685738684884714,0.003850888703736255,0.011520588666033173,
17,119,0.10280026048934784,0.09347805608196992,0.11212246489672577,0.011981820685855942,0.00847539222911449,0.015488249142597395,0.010650507276316393,0.007593734426696872,0.013707280125935915,
17,121,0.08712146422628951,0.07047552878145155,0.10376739967112747,0.012471283229405973,0.007495206118854253,0.017447360339957693,0.02034788316376764,0.011547093100530606,0.029148673227004672,
17,123,0.0754601226993865,0.05186104559862098,0.09905919980015201,0.016918429003021148,0.005910477603193446,0.027926380402848852,0.00785498489425982,0,0.015998393256167254,
17,125,0.07574171029668413,0.05458986078976825,0.09689355980360001,0.01623488773747841,0.005310222973128135,0.027159552501828686,0.009499136442141624,0.0040258860438000645,0.014972386840483184,
17,127,0.06424581005586592,0.035765561053324874,0.09272605905840697,0.0221606648199446,0.002996971868356558,0.041324357771532635,0.0025854108956602033,0,0.007469181668677502,
17,129,0.06124876114965312,0.03741549980940309,0.08508202248990315,0.00471976401179941,0,0.011680869515154051,0.0019665683382497543,0,0.00843011856825476,
17,131,0.08300581669548814,0.060072632910541365,0.1059390004804349,0.004351204351204351,0,0.011537529504921509,0.013986013986013986,0.0025190159287651233,0.02545301204326285,
17,133,0.058277654046028214,0.040469388736488664,0.07608591935556777,0.0028750460744563213,0,0.007654063218395643,0.007371913011426466,0.0010493208160841086,0.013694505206768823,
17,135,0.07327898550724637,0.05230431023671474,0.09425366077777801,0.014209591474245116,0.0034298810409822394,0.02498930190750799,0.011545293072824156,0.004306581925770895,0.01878400421987742,
17,137,0.08716780561883068,0.06609145809990052,0.10824415313776084,0.005189921022940956,0,0.010861803238277484,0.013162843174125612,0.005623855360381052,0.020701830987870172,
17,139,0.06341463414634146,0.041055585432013555,0.08577368286066937,0.033304721030042915,0.01631630308602101,0.050293138974064816,0.01630901287553648,0.006323111902428702,0.026294913848644262,
17,141,0.08510431829209122,0.06638983479200744,0.10381880179217501,0.01682287911559721,0.010066390371527255,0.023579367859667168,0.003604902667627974,0,0.008370311432420782,
17,143,0.1301964977944125,0.1165798238886365,0.1438131717001885,0.017012366681934177,0.012498959366901978,0.021525773996966376,0.015769155270562062,0.010854699933291018,0.02068361060783311,
17,145,0.07935523868567886,0.05141688310046789,0.10729359427088983,0.009821976672805401,0.002338252876619383,0.01730570046899142,0.0055248618784530384,0,0.011345969854413003,
17,147,0.078125,0.05174578885952179,0.10450421114047821,0.0011790714812085483,0,0.0063853261039187575,0.011790714812085483,0.0034679812138466957,0.02011344841032427,
17,149,0.0993766696349065,0.07267200819209871,0.1260813310777143,0.011159546643417612,6.76609888665896e-4,0.021642483398169328,0.004184829991281604,0.0011002598956871487,0.007269400086876059,
17,151,0.06324110671936758,0.0167835059261597,0.10969870751257546,0.005925925925925926,0,0.021022974075034288,0.005925925925925926,0,0.018174406867056098,
17,153,0.1002710027100271,0.051792026631502994,0.14874997878855123,0.010079575596816976,0,0.031023207115369017,0.010079575596816976,0.0011660229110163865,0.018993128282617566,
17,155,0.06353240152477764,0.0351845510587097,0.09188025199084558,0.01,0,0.025012394925806473,0.0016666666666666668,0,0.013601772601865665,
17,157,0.06265685850281263,0.04427091107017799,0.08104280593544727,0.0068669527896995704,0.0017709492126837274,0.011962956366715414,0.01587982832618026,0.005551744833977631,0.026207911818382886,
17,159,0.07456828885400314,0.05060377478229465,0.09853280292571164,0.01202775636083269,0.001338468557971706,0.022717044163693675,0.010023130300693909,0.0035158400687222043,0.016530420532665614,
17,161,0.10834857808082488,0.09758170616038903,0.11911545000126073,0.01589773006637712,0.010769966563229299,0.021025493569524944,0.014914365320003278,0.0096511878466920345,0.02017754279331452,
17,163,0.12105156928045212,0.10836272401282446,0.13374041454807978,0.013902681231380337,0.009463789475324277,0.018341572987436397,0.009930486593843098,0.006608047170814717,0.01325292601687148,
17,165,0.1154382470119522,0.0840221572979423,0.1468543367259621,0.01426463354648303,0.006335789338060664,0.022193477754905395,0.017707820954254796,0.007664583959290301,0.02775105794921929,
17,167,0.11178045515394913,0.10041892864676824,0.12314198166113002,0.016901743736237578,0.012200790101324379,0.021602697371150777,0.0050586204844373026,0.0033686416746409476,0.0067485992942336575,
17,169,0.06025878003696858,0.025704093070358904,0.09481346700357826,0.013944954128440367,2.3510893823949948e-4,0.027654799318641232,0.02018348623853211,0.003014606608710002,0.03735236586835422,
17,171,0.05,0.01991661337017752,0.08008338662982248,0.009230769230769232,0,0.02525224288545793,0.0071794871794871795,0,0.014605776828312392,
17,173,0.08355452971725331,0.056148890243499755,0.11096016919100687,0.02454337899543379,0.008281181358435086,0.04080557663243249,0.008561643835616438,3.0828606149088146e-4,0.016815001609741996,
17,175,0.08546637744034707,0.051623976896947255,0.1193087779837469,0.0017204301075268817,0,0.01914426339063061,0.01935483870967742,5.2297454658988e-4,0.03818670287276496,
17,177,0.11119853134015212,0.08969931467413145,0.1326977480061728,0.011378329454357383,0.0052975625496748495,0.017459096359039916,0.011895526247737265,0.005466047306928733,0.018325005188545795,
17,179,0.08873398643556896,0.07718729870860619,0.10028067416253172,0.012948299953423382,0.008081417795851583,0.01781518211099518,0.01136469492314858,0.008242861577640027,0.014486528268657133,
17,181,0.09118086696562033,0.06531904206769738,0.11704269186354328,0.011086474501108648,0.0024190612281260408,0.019753887774091254,0.0022172949002217295,0,0.00788829457138927,
17,183,0.0980857191258682,0.08279088693177358,0.11338055131996283,0.01320849356294934,0.008120731874097406,0.01829625525180127,0.008694198294599565,0.004561740007950362,0.01282665658124877,
17,185,0.08464608275572359,0.05331576888000726,0.11597639663143992,0.014435146443514645,0.0024780654098006255,0.026392227477228664,0.01882845188284519,0.0012541255730771916,0.036402778192613186,
17,187,0.06863905325443787,0.04313328076667517,0.09414482574220057,0.015947329919531822,0.004122038527850985,0.027772621311212657,0.020482809070958303,0.005925432679513436,0.03504018546240317,
17,189,0.07206421217937532,0.05029182907698196,0.09383659528176869,0.016536118363794605,0.005380681259062629,0.02769155546852658,0.001392515230635335,0,0.005381669819954859,
17,191,0.09271523178807947,0.06880839175079297,0.11662207182536598,0.015912408759124086,0.005857098339116995,0.025967719179131175,0.026277372262773723,0.011651014289981942,0.040903730235565504,
17,193,0.10133333333333333,0.06767026275758738,0.1349964039090793,0.007577092511013216,4.3031168005095745e-4,0.014723873341975474,0.006167400881057269,2.906422723319849e-4,0.012044159489782554,
17,195,0.0822527832351015,0.06614759656297035,0.09835796990723265,0.009497086121303691,0.0036410083281096005,0.015353163914497783,0.01618821497949493,0.007877841562200252,0.024498588396789606,
17,197,0.10475547206450388,0.09851031273937294,0.11100063138963481,0.019659925124966015,0.017236684193325545,0.022083166056606485,0.007048292305439943,0.005574450419966655,0.00852213419091323,
17,199,0.10525384751459402,0.08747058348484898,0.12303711154433905,0.007713884992987377,0.003908782574938315,0.011518987411036439,0.008415147265077139,0.0028839656434334225,0.013946328886720854,
17,201,0.12636759084318291,0.11660934028825996,0.13612584139810588,0.019268324436922276,0.01564379069352606,0.02289285818031849,0.0106322961419954,0.007868123297789662,0.013396468986201136,
17,203,0.0841526297696803,0.061738477681714546,0.10656678185764605,0.006383701188455009,0,0.012908982222780255,0.003395585738539898,2.479452578952176e-4,0.0065432262191845786,
18,000,0.10502712201084881,0.10299787698135462,0.10705636704034299,0.017090023157264014,0.016316955931657513,0.017863090382870515,0.009191304626365365,0.008644511825274873,0.009738097427455857,
18,001,0.07245190339746213,0.05212897952469461,0.09277482727022965,0.03603238866396761,0.020880347268015707,0.05118443005991951,0.10364372469635627,0.08449667362407325,0.1227907757686393,
18,003,0.09620043139206902,0.0885503376365452,0.10385052514759284,0.01833744855967078,0.014644486186054973,0.022030410933286587,0.007242798353909465,0.005444473834807812,0.009041122873011117,
18,005,0.10457213469261661,0.08854151077226928,0.12060275861296395,0.014797864225781845,0.008946359839230774,0.020649368612332915,0.009000762776506483,0.005044109433604765,0.012957416119408201,
18,007,0.0748159057437408,0.042774608985021,0.10685720250246059,0.021897810218978103,0.009729413437738046,0.03406620700021816,0.0023357664233576644,0,0.006224212335964298,
18,009,0.11630321910695743,0.07484386924676789,0.15776256896714697,0.008032128514056224,0,0.018064325552731166,8.032128514056225e-4,0,0.006050330034708497,
18,011,0.08459666853827438,0.06665154135047449,0.10254179572607428,0.00741839762611276,0.002417019157857873,0.012419776094367646,0.004080118694362018,2.5315801677755143e-5,0.008134921587046281,
18,013,0.08630451415455241,0.05903620687311091,0.11357282143599391,0.03571428571428571,0.017064443742853604,0.05436412768571782,0.013677811550151976,0.0019016007420377973,0.025454022358266153,
18,015,0.052371916508538896,0.036379025872337004,0.06836480714474079,0.013057124921531701,0.004545835972590687,0.021568413870472716,0.007532956685499058,0,0.015641405862839474,
18,017,0.08193832599118943,0.05911870533632748,0.10475794664605137,0.01837007348029392,0.009126149130304288,0.02761399783028355,0.012024048096192385,0.005383722631674064,0.018664373560710705,
18,019,0.08114382188456262,0.0688283029006971,0.09345934086842815,0.01881074302434946,0.011879870198234206,0.025741615850464715,0.010972933430870519,0.006587500243185123,0.015358366618555915,
18,021,0.05521591460456089,0.03678875862009139,0.07364307058903038,0.023416506717850286,0.0092871401060846525,0.03754587332961592,0.003838771593090211,0.001249910340333733,0.006427632845846689,
18,023,0.0637657584383896,0.04477856735170466,0.08275294952507453,0.015266558966074314,0.006177457087940605,0.024355660844208024,0.005169628432956382,0,0.01126258693938591,
18,025,0.09658559401309635,0.061772282921069385,0.1313989051051233,0.016147635524798153,0.003610361811216765,0.02868490923837954,0.02422145328719723,0.008901571848378864,0.0395413347260156,
18,027,0.07065972222222222,0.05275935578720719,0.08856008865723725,0.04437742352434296,0.025942518232448742,0.06281232881623718,0.01938819474364498,0.010249859832269533,0.02852652965502043,
18,029,0.07336887534907337,0.05438849909491643,0.0923492516032303,0.006527742907356264,0.001913870260254952,0.011141615554457578,0.0017574692442882249,0,0.003881849559538886,
18,031,0.0699980556095664,0.04783083628148374,0.09216527493764906,0.004368932038834952,0,0.009749597730752664,0.0024271844660194173,0,0.005156196921565326,
18,033,0.06899615042937518,0.053665739449758686,0.08432656140899168,0.017073888725345893,0.00868374140312987,0.025464036047561915,0.0029437739181630853,3.4020008257083225e-4,0.005547347753755339,
18,035,0.13670494699646643,0.12075097645996724,0.15265891753296562,0.01505632582322357,0.009547429103138041,0.0205652225433091,0.009532062391681109,0.005670454827494394,0.013393669955867823,
18,037,0.08282652765710977,0.060131944180598765,0.10552111113362077,0.011757958130197877,0.0030604324759908232,0.020455483784404933,0.0031545741324921135,0,0.006525355816173095,
18,039,0.10410588486444175,0.0907371812820119,0.1174745884468716,0.0245993031358885,0.018568398404017628,0.030630207867759374,0.007177700348432056,0.0036112227251666566,0.010744177971697456,
18,041,0.10422094841063054,0.0768953606412348,0.13154653618002626,0.012926577042399173,0.003941788212722822,0.021911365872075525,0.010341261633919338,5.983178081491874e-4,0.02008420545968949,
18,043,0.07974497302599313,0.06618227663459404,0.09330766941739223,0.0056615981882885795,0.002004338467395604,0.009318857909181555,0.007440957618893562,0.003786388088120931,0.011095527149666193,
18,045,0.07174556213017752,0.05089223737120196,0.09259888688915308,0.01466275659824047,0.004453989528121625,0.024871523668359315,0.010263929618768328,0,0.021640383797906185,
18,047,0.06961598922075006,0.049217710464835446,0.09001426797666467,0.01894150417827298,0.005999704989531325,0.031883303367014636,0.005571030640668524,0,0.012328575707879739,
18,049,0.11763185108583248,0.08691370637155049,0.14834999580011446,0.021808851828094934,0.008164571345384557,0.03545313231080531,0.004490057729313663,0,0.009889651546875853,
18,051,0.07411719053162592,0.05389047338318306,0.09434390768006878,0.02889060092449923,0.018129949773002616,0.039651252075995846,0.0037750385208012325,3.6044367502339287e-4,0.007189633366579072,
18,053,0.11238971998465669,0.09310760308178995,0.13167183688752343,0.021092278719397364,0.011802213669428154,0.030382343769366573,0.010734463276836158,0.003452451088878806,0.01801647546479351,
18,055,0.09340222575516693,0.0715220023135413,0.11528244919679256,0.034005535784895215,0.01806459698534921,0.04994647458444122,0.017398181099248716,0.007175327321445603,0.02762103487705183,
18,057,0.07170805408127688,0.06306858996494386,0.08034751819760991,0.009055876685934489,0.006071028836328606,0.012040724535540372,0.007822736030828517,0.004864166371810775,0.010781305689846258,
18,059,0.061247394580727914,0.04780758544902325,0.07468720371243258,0.007128082736674622,6.013055592552817e-4,0.013654859914093962,0.009228321400159108,0.003421983751659731,0.015034659048658486,
18,061,0.0513262142611092,0.034370504675766606,0.06828192384645179,0.018311291963377416,0.007776415098457246,0.02884616882829759,0.007460155985079688,0.00225739274700655,0.012662919223152828,
18,063,0.0710501713929573,0.05885024744028412,0.08325009534563048,0.015682012266128406,0.007767857250054192,0.02359616728220262,0.006909401443987268,0.0032456408402044396,0.010573162047770096,
18,065,0.07680566911965113,0.06217316202834245,0.09143817621095982,0.016981132075471698,0.006266741157299615,0.02769552299364378,0.009164420485175202,0.0038208679970206305,0.014507972973329772,
18,067,0.08922899220329195,0.07360611446371242,0.10485186994287148,0.008582463166928908,0.0039254685837560735,0.013239457750101744,0.011300243169789729,0.005839643894689695,0.016760842444889762,
18,069,0.07610146862483311,0.059602262969097375,0.09260067428056884,0.014177382129904385,0.006180013290548965,0.022174750969259804,0.01582591493570722,0.007153548899194152,0.024498280972220288,
18,071,0.07665403672398717,0.05594803287469981,0.09736004057327453,0.01934566145092461,0.008679858832932031,0.03001146406891719,0.006543385490753912,0.0025177860098897498,0.010568984971618074,
18,073,0.05608974358974359,0.03480060670861297,0.07737888047087421,0.00796495420151334,9.833564560086227e-4,0.014946551947018058,0.014735165272799682,0.003068792649609015,0.026401537895990347,
18,075,0.08348909657320873,0.05736428348992429,0.10961390965649317,0.016069221260815822,0.005370602098114437,0.02676784042351721,0.032756489493201486,0.018369027541762763,0.04714395144464021,
18,077,0.08358092259577796,0.06159073317300815,0.10557111201854777,0.027540729247478666,0.013727116550870203,0.04135434194408713,0.012024825446082235,0.0039273435549227725,0.0201223073372417,
18,079,0.08628211342704799,0.05703646399687452,0.11552776285722145,0.03154875717017208,0.015191612718604482,0.04790590162173968,0.005258126195028681,0,0.010568914177776983,
18,081,0.10197780188600518,0.08483829695603329,0.11911730681597707,0.01244296972210701,0.008442983946520903,0.016442955497693118,0.004562422231439237,0.0016678871644317497,0.007456957298446724,
18,083,0.07786467188031282,0.05441468619802135,0.10131465756260429,0.011308129809300769,0.003666105268248586,0.018950154350352952,0.014386082301773169,0.002767184515847943,0.026004980087698394,
18,085,0.08388960205391528,0.06585813817382755,0.10192106593400302,0.015802075019952115,0.009269008763304325,0.022335141276599906,0.004788507581803671,7.985372900041034e-4,0.008778477873603238,
18,087,0.0641554321966693,0.04471498172273673,0.08359588267060188,0.03599683544303797,0.024343075828076953,0.04765059505799899,0.006645569620253164,0,0.01363409148421454,
18,089,0.1251231002635011,0.1160776792905154,0.1341685212364868,0.021003804659404806,0.017759214934904594,0.02424839438390502,0.009876478865898786,0.0076725304483378585,0.012080427283459714,
18,091,0.10224089635854341,0.08884233801465734,0.11563945470242949,0.016768821556609227,0.010841021468388135,0.02269662164483032,0.010986469295709494,0.006142970119380311,0.015829968472038675,
18,093,0.07763193142244844,0.060081836986817225,0.09518202585807965,0.022781456953642386,0.014193287902735104,0.031369626004549664,0.010860927152317882,0.005194649479172,0.016527204825463764,
18,095,0.11069639524604656,0.09621818239171318,0.12517460810037995,0.014578103881058119,0.009999962934104378,0.01915624482801186,0.009364742228229387,0.005281108917002838,0.013448375539455937,
18,097,0.14712912444790854,0.1405228194080919,0.1537354294877252,0.020746623900619852,0.018438328231756538,0.023054919569483166,0.009533264602186668,0.007763987857735806,0.01130254134663753,
18,099,0.07878245299910475,0.06194786238065103,0.09561704361755846,0.01744014188590009,0.01000687640652776,0.024873407365272417,0.008276677505172924,0.0030351411112285315,0.013518213899117316,
18,101,0.08097686375321336,0.04440582764695626,0.11754789985947046,0.03278688524590164,0.009482720542665305,0.05609104994913798,0.01639344262295082,0.003790149293709787,0.028996735952191856,
18,103,0.08424312814556717,0.06134374138920902,0.10714251490192532,0.0072685539403213465,0.0016952589218797243,0.012841848958762968,0.020657995409334353,0.009814065162168583,0.031501925656500125,
18,105,0.18451004801707274,0.16587416933644344,0.20314592669770204,0.014443574349604107,0.01022964886712435,0.01865749983208386,0.007917863047072132,0.004075088768769949,0.011760637325374315,
18,107,0.09034165571616294,0.0701862307185579,0.11049708071376799,0.012009087958455048,0.005219095462999781,0.018799080453910315,0.018500486854917234,0.00871750312666542,0.02828347058316905,
18,109,0.08972932888394512,0.07242701049452506,0.10703164727336519,0.010316875460574797,0.005635151638893403,0.01499859928225619,0.007000736919675755,0.00166278617579497,0.01233868766355654,
18,111,0.11098880939277196,0.0719999456435383,0.1499776731420056,0.005850091407678245,0,0.013217516283620282,0.0014625228519195613,0,0.00475832602390013,
18,113,0.062446290461185903,0.04594688170230096,0.07894569922007084,0.025720746184284906,0.015905462593975912,0.0355360297745939,0.005370265686828717,0.0018778161002704127,0.008862715273387022,
18,115,0.06,0.021728390717386442,0.09827160928261355,0.029411764705882353,0.007209259816690516,0.05161426959507419,0.011764705882352941,0,0.03484056991316346,
18,117,0.07569974554707379,0.051161249738214815,0.10023824135593276,0.026289308176100628,0.01355117239680766,0.03902744395539359,0.013207547169811321,0.004907671508361626,0.021507422831261017,
18,119,0.08569704284852142,0.06024687620931277,0.11114720948773008,0.017601890135853514,0.007240439666270833,0.027963340605436197,0.02303603071470762,0.009928922825641931,0.03614313860377331,
18,121,0.08305531167690958,0.04806387854743596,0.11804674480638319,0.02794759825327511,0.013868237722763051,0.04202695878378717,0.008733624454148471,0,0.01993493427400128,
18,123,0.07949568679495687,0.05196739642025139,0.10702397716966236,0.03216875411997363,0.00958176594223575,0.054755742297711504,0.00988793671720501,0.0013775060073532176,0.018398367427056805,
18,125,0.0558,0.029609592534880665,0.08199040746511935,0.01371769383697813,0.0022873747200696706,0.025148012953886592,0.009940357852882704,0,0.022015550821798638,
18,127,0.09625270058854206,0.08509796821239382,0.1074074329646903,0.012362940613731695,0.005937555589859461,0.01878832563760393,0.0055927588490691,0.0018880031183277674,0.009297514579810434,
18,129,0.0961824491819534,0.06671333688241488,0.12565156148149192,0.0044204322200392925,0,0.009001760073039156,0.0073673870333988214,0,0.014879640782091075,
18,131,0.07573839662447257,0.048480892938674164,0.10299590031027098,0.010218978102189781,0,0.02178620391850538,0.005005213764337852,0,0.013581667562163297,
18,133,0.04894950239587173,0.033309207324622,0.06458979746712146,0.02280955829109341,0.009408713695334737,0.03621040288685208,0.003620564808110065,0,0.007528862233604727,
18,135,0.07299850820487319,0.053611262152400946,0.09238575425734544,0.02198233562315996,0.010171218538225776,0.03379345270809414,0.005888125613346418,2.13975517342542e-4,0.011562275709350294,
18,137,0.09201451905626135,0.0687233706175295,0.11530566749499319,0.024291497975708502,0.011586348677610653,0.03699664727380635,0.009896536212325686,6.404638880532325e-4,0.01915260853659814,
18,139,0.11844457687723481,0.08275620404609976,0.15413294970836985,0.009672619047619048,0.0020472586117326287,0.017297979483505466,0.020833333333333332,0.006426948843584584,0.03523971782308208,
18,141,0.1139246453067744,0.10381407392253619,0.12403521669101261,0.016749639417484762,0.0132877920047256,0.020211486830243923,0.007490810961708463,0.005384691365453853,0.009596930557963073,
18,143,0.0896696381751442,0.056402804828838644,0.12293647152144976,0.03197524497163486,0.011347720378622778,0.05260276956464695,0.019597730789066528,5.28982380571915e-4,0.03866647919756114,
18,145,0.10109213105572669,0.0795879169492166,0.12259634516223678,0.0199611865816468,0.010104440101565273,0.029817933061728325,0.0049902966454117,5.51769945049782e-4,0.009428823345773617,
18,147,0.059678456591639874,0.04122134012983661,0.07813557305344314,0.00826972010178117,0,0.016617246204834818,0.006870229007633588,2.0743901552384373e-4,0.01353301899974333,
18,149,0.08880994671403197,0.06355119501174268,0.11406869841632127,0.013765182186234818,0.0057426983575746895,0.021787666014894947,0.002313475997686524,0,0.006531456097774524,
18,151,0.08412235979606701,0.06113450264853271,0.10711021694360132,0.009786154403769481,0.0023445891092620736,0.01722771969827689,0.0061616527727437476,0.001945242181139199,0.010378063364348296,
18,153,0.0934739617666447,0.06416403836708873,0.12278388516620067,0.026459143968871595,0.006572182845852571,0.04634610509189062,0.009079118028534372,8.207566183603843e-4,0.017337479438708357,
18,155,0.07030625832223701,0.04212370759078288,0.09848880905369115,0.022457067371202115,0.0018426192401187168,0.04307151550228551,0.01453104359313078,0.001396317182692586,0.02766577000356897,
18,157,0.15549918974142182,0.13854141197860434,0.1724569675042393,0.014115240368223661,0.009181125515388532,0.01904935522105879,0.00634162973065121,0.004060164993380603,0.008623094467921817,
18,159,0.04717607973421927,0.02696209671544012,0.06739006275299841,0.017017828200972446,0.0028695251769061125,0.03116613122503878,0.008103727714748784,3.162404143035461e-4,0.015891215015194023,
18,161,0.07426597582037997,0.03753215535043539,0.11099979629032455,0.0027491408934707906,0,0.013581369821013704,0.01683848797250859,0,0.0373989385672165,
18,163,0.12243957057235065,0.11011010710835606,0.13476903403634524,0.011580248519940148,0.008540444814341205,0.01462005222553909,0.00956346366534383,0.006600090592549078,0.012526836738138581,
18,165,0.06677140612725845,0.04370635133169561,0.08983646092282127,0.035357417371252885,0.013685827943776374,0.057029006798729395,0.013066871637202153,0.001259364780033993,0.02487437849437031,
18,167,0.12964991664682068,0.1140177972964346,0.14528203599720677,0.028066892761080577,0.019527070990434936,0.03660671453172622,0.01029119401239621,0.006035162758348296,0.014547225266444126,
18,169,0.06585662211421628,0.046223774767887624,0.08548946946054493,0.011547714514835605,0.003874869444666933,0.01922055958500428,0.008821170809943865,0.0019064843430907953,0.015735857276796935,
18,171,0.06904906117504543,0.032523436244860385,0.10557468610523048,0.02084592145015106,0.00421941779855927,0.03747242510174285,0.004229607250755287,0,0.009625857376087586,
18,173,0.07555337744016989,0.06003554801286953,0.09107120686747025,0.009779951100244499,0.004170307659725369,0.015389594540763628,0.004074979625101874,5.378669797780908e-4,0.0076120922704256576,
18,175,0.08218793828892006,0.060823369790016325,0.1035525067878238,0.015533088235294118,0.0064592919716459744,0.02460688449894226,0.021139705882352942,0.009152600414984126,0.03312681134972176,
18,177,0.1127833519137867,0.09197277929886112,0.1335939245287123,0.012334315169366715,0.007123673833854264,0.017544956504879167,0.015832106038291605,0.010301382122039055,0.021362829954544152,
18,179,0.06766034327009937,0.047541814383282865,0.08777887215691588,0.005737337516808606,0,0.01320438939784491,0.004034065441506051,0,0.008093058131933058,
18,181,0.09308755760368663,0.06611129162252602,0.12006382358484724,0.010141987829614604,0.004282576093273821,0.016001399565955386,0.011663286004056795,4.7158737974178563e-4,0.022854984628371804,
18,183,0.0684402332361516,0.048836575829268904,0.0880438906430343,0.009692585895117541,0.001081547468202283,0.0183036243220328,0.0054249547920434,2.7071656360523264e-5,0.010822837927726276,
19,000,0.09678050843144241,0.09440457346391437,0.09915644339897045,0.015544824592679864,0.014487218802460143,0.016602430382899585,0.009758630846264747,0.00905300339716326,0.010464258295366234,
19,001,0.0828125,0.05405382152810542,0.11157117847189457,0.005891472868217054,0,0.015551595680164789,0.009302325581395349,0.001006712434656604,0.017597938728134095,
19,003,0.07844429795649308,0.04173161368489576,0.1151569822280904,0.005245901639344262,0,0.016510170476317396,0.012459016393442624,0,0.027183969904465484,
19,005,0.08523206751054853,0.06033064143621416,0.11013349358488289,0.005527638190954774,0,0.012158333403447208,0.009045226130653266,0.00222801720654801,0.015862435054758522,
19,007,0.10661241098677518,0.06980707558135837,0.14341774639219199,0.009940357852882704,8.323583523722755e-4,0.019048357353393133,0.02385685884691849,0.011179082467060685,0.03653463522677629,
19,009,0.08156737305077968,0.04068703073196975,0.12244771536958962,0.004733727810650888,0,0.016340957708977796,0.015384615384615385,0,0.03145172340650475,
19,011,0.06703187250996016,0.04692346136669805,0.08714028365322228,0.006920415224913495,0.002652684134143043,0.011188146315683947,0.003855659911023233,0,0.00928477274574966,
19,013,0.13427927081375682,0.11992275681714597,0.14863578481036765,0.02132613149562302,0.015484685229505187,0.027167577761740853,0.006146395976904451,0.0030096733569108117,0.00928311859689809,
19,015,0.07087198515769945,0.04995149669619889,0.09179247361920001,0.006424965580541533,0,0.012872753762925366,0.011473152822395595,0.005360631478763179,0.01758567416602801,
19,017,0.0610275038920602,0.04420858828772917,0.07784641949639123,0.008776458440887971,0.0024825185940321372,0.015070398287743805,0.008776458440887971,0.003821218773038533,0.013731698108737408,
19,019,0.08268506900878293,0.06020049765907953,0.10516964035848633,0.012967581047381545,0.0049991871479618255,0.020935974946801265,0.02680798004987531,0.013329414880271714,0.04028654521947891,
19,021,0.06245006657789614,0.038433640343217196,0.08646649281257508,0.045755968169761276,0.026399627452190457,0.06511230888733209,0.001856763925729443,0,0.00476153317473111,
19,023,0.07799827437446075,0.05770097145261084,0.09829557729631065,0.009417808219178082,9.758524062774658e-4,0.017859764032078698,0.010273972602739725,0.005081418469928831,0.01546652673555062,
19,025,0.059764089121887284,0.03959477348701263,0.07993340475676194,0.015324675324675324,0.004648534322513916,0.026000816326836734,0.0036363636363636364,0,0.008139472191778557,
19,027,0.08505214368482039,0.06072810090055243,0.10937618646908835,0.004945370902817711,2.287381050993147e-4,0.009662003700536107,0.012650948821161587,0.005250289600616887,0.020051608041706286,
19,029,0.10070052539404553,0.06964437009913796,0.1317566806889531,0.009185441941074523,0,0.01935153434332701,0.011265164644714038,0.0033061873126224803,0.019224141976805595,
19,031,0.07290969899665552,0.05056622311115305,0.09525317488215798,0.007190412782956059,3.990327976204043e-4,0.013981792768291713,0.01651131824234354,0.005342887007118895,0.02767974947756819,
19,033,0.08091286307053942,0.06503052506749654,0.0967952010735823,0.012339331619537276,0.004087429579543228,0.020591233659531326,0.010796915167095116,0.0040075653801702246,0.017586264954020006,
19,035,0.08223748773307164,0.047127339104135864,0.11734763636200743,0.001554907677356657,0,0.008673804425302642,0.010495626822157435,0,0.02370882305493846,
19,037,0.07237512742099898,0.048093958451705665,0.0966562963902923,0.009146341463414634,0,0.02057450791483019,0.00894308943089431,0,0.01792310218732687,
19,039,0.11697127937336814,0.056885615721683006,0.17705694302505326,0.061855670103092786,0.019304933943866863,0.1044064062623187,0.007731958762886598,0,0.017207750222961306,
19,041,0.0819327731092437,0.05075758618944855,0.11310796002903885,0.002768166089965398,0,0.007804592611914094,0.008304498269896194,9.013095196586012e-4,0.01570768702013379,
19,043,0.10337698139214335,0.07832422764385241,0.1284297351404343,0.008098833218943034,0.0015973648131991933,0.014600301624686875,0.033630748112560054,0.02108811596685636,0.046173380258263744,
19,045,0.09059784040031604,0.07397055082410736,0.10722512997652472,0.012203389830508475,0.005000319899619553,0.019406459761397397,0.009908735332464147,0.00411271127955047,0.015704759385377822,
19,047,0.04804655029093932,0.012558352740504847,0.0835347478413738,0.02011263073209976,0,0.04752110698552463,0.02011263073209976,0.007588740296738698,0.03263652116746082,
19,049,0.06523681858802502,0.052505427559457696,0.07796820961659234,0.017138504506791927,0.009594076595338317,0.024682932418245537,0.003935508442300368,0.001318236660404295,0.006552780224196441,
19,051,0.06918438590923516,0.03777777810707848,0.10059099371139184,0.07097791798107256,0.03597755115472308,0.10597828480742204,0.02050473186119874,0.0027019765471556385,0.038307487175241836,
19,053,0.10439921208141825,0.06940261210479334,0.13939581205804316,0.017973856209150325,0.004405526429406071,0.03154218598889458,0.03104575163398693,0.016132673773961072,0.04595882949401278,
19,055,0.08527572484366117,0.057679800359862865,0.11287164932745947,0.01272984441301273,0.0012573549327633774,0.024202333893262082,0.028995756718528994,0.01546134411256603,0.04253016932449196,
19,057,0.136443661971831,0.10838166100415102,0.16450566293951097,0.010434782608695653,0.0026165118097128456,0.01825305340767846,0.0037681159420289855,5.850314502929134e-4,0.006951200433765058,
19,059,0.0859460113787677,0.06512516873209637,0.10676685402543903,0.0014492753623188406,0,0.004783428225211721,0.015096618357487922,0.0012168183540719416,0.0289764183609039,
19,061,0.10895578788260486,0.09387208510829115,0.12403949065691858,0.012629736151056645,0.008615601079984561,0.01664387122212873,0.018006752532199573,0.010976882108045696,0.02503662295635345,
19,063,0.06459948320413436,0.039514658582451165,0.08968430782581756,0.00902061855670103,0,0.01909096688564902,0.03865979381443299,0.00159182877955074,0.07572775884931524,
19,065,0.10711656441717791,0.08092180817178432,0.1333113206625715,0.005832320777642771,9.528126401816212e-4,0.01071182891510392,0.013973268529769137,0.005985530608571817,0.021961006450966457,
19,067,0.07704160246533127,0.049762787676501684,0.10432041725416086,0.008333333333333333,0,0.01928746023427416,0.014393939393939395,0,0.030922432080012732,
19,069,0.036619718309859155,0.016519406032961575,0.05672003058675673,0.005853658536585366,0,0.015094677373950042,0.020731707317073172,0.008680532938118917,0.03278288169602743,
19,071,0.07121771217712178,0.041751597035055106,0.10068382731918846,0.01206581352833638,0.0013689910780265331,0.022762635978646226,0.016087751371115174,0.004268666569199464,0.027906836173030886,
19,073,0.10284521012790394,0.07079243078909023,0.13489798946671766,0.02059973924380704,0.006521754119728102,0.03467772436788598,0.01564537157757497,0.002217584822641165,0.029073158332508772,
19,075,0.05832176155524697,0.0386310569316136,0.07801246617888034,0.007707509881422925,5.530882542072093e-5,0.01535971093742513,0.003952569169960474,0,0.008719098357053564,
19,077,0.1015625,0.07116142411847122,0.1319635758815288,0.015265486725663717,0.005894347964092219,0.024636625487235213,0.004424778761061947,0,0.010202935359165121,
19,079,0.0655603023332238,0.04040296004150372,0.09071764462494387,0.005318291700241741,0,0.013600292243217687,0.011281224818694601,2.551933846926622e-4,0.022307256252696542,
19,081,0.07348734873487349,0.04664704234387482,0.10032765512587216,0.010698689956331877,0.0010395560370903643,0.02035782387557339,0.003056768558951965,0,0.007035309439448401,
19,083,0.08929351784413693,0.0658323813307107,0.11275465435756316,0.01422475106685633,0.006849730348263404,0.021599771785449258,0.016358463726884778,0.005149232407330503,0.027567695046439054,
19,085,0.07478849407783418,0.05502640392013852,0.09455058423552984,0.01827326068734283,0.008704152372126172,0.027842369002559493,0.009220452640402346,0.002291015236637322,0.01614989004416737,
19,087,0.07180500658761528,0.05026211180985186,0.09334790136537871,0.005759162303664921,0,0.011703581328087263,0.02225130890052356,0.007528667735609706,0.03697395006543741,
19,089,0.06996681415929204,0.039463919842450526,0.10046970847613355,0.009353507565337002,0,0.02032829005078591,0.017881705639614855,0.004354275203123091,0.03140913607610662,
19,091,0.06313010081613057,0.03742686430592751,0.08883333732633364,0.017556346381969158,0.00770463747380732,0.027408055290130996,0.0045077105575326215,0,0.010074699654382282,
19,093,0.053177257525083614,0.02953675712243098,0.07681775792773625,0.007960199004975124,0,0.017001404956989638,0.011276948590381426,0,0.026152100819316983,
19,095,0.07361419068736141,0.0512703123986366,0.09595806897608622,0.009558823529411765,0.0013288780275800185,0.01778876903124351,0,0,0.003964753917040967,
19,097,0.08,0.059685049526377286,0.10031495047362271,0.011590628853267572,0.0034922371481665195,0.019689020558368624,0.009864364981504316,0.002063563580083908,0.017665166382924723,
19,099,0.06909590924716398,0.051786224144383525,0.08640559434994444,0.011961722488038277,0.0047529098916427905,0.019170535084433764,0.00683526999316473,0.0014095355324126738,0.012261004453916785,
19,101,0.1275836431226766,0.08679629535876715,0.16837099088658602,0.020512820512820513,9.032018731080713e-4,0.040122439152532954,0.005860805860805861,0,0.013852802840969299,
19,103,0.1574696506730531,0.1418507079955938,0.1730885933505124,0.019457787185540993,0.013665737199822605,0.02524983717125938,0.008222746885939916,0.004265687916272266,0.012179805855607566,
19,105,0.09010712035286704,0.06255407127001711,0.11766016943571697,0.00620347394540943,0,0.013082767742121835,0.00620347394540943,6.710992863649028e-4,0.011735848604453956,
19,107,0.09997531473710194,0.07465902169299898,0.1252916077812049,0.012729498164014688,0.002742289603992096,0.022716706724037278,0.006119951040391677,9.297856416189323e-4,0.011310116439164422,
19,109,0.08637507866582757,0.056232009271716635,0.1165181480599385,0.005763239875389408,0.001899759793943196,0.00962671995683562,0.01557632398753894,0.005348108582393197,0.025804539392684685,
19,111,0.09850640113798008,0.07841064223301498,0.11860216004294517,0.004212004212004212,3.4992509696103215e-5,0.00838901591431232,0.009126009126009126,0.002516254325730773,0.015735763926287477,
19,113,0.08880453378956372,0.07936846539274503,0.09824060218638242,0.011719164280411497,0.00825114919684617,0.015187179363976823,0.007423904974016332,0.005022726259140057,0.009825083688892608,
19,115,0.06593137254901961,0.04535368783935026,0.08650905725868896,0.02408759124087591,0.009449012925128375,0.038726169556623447,0.015815085158150853,0.003614123817353581,0.028016046498948125,
19,117,0.10540915395284327,0.06984068013417874,0.1409776277715078,0.0077348066298342545,0,0.017113257626376267,0.029005524861878452,0.010335849978282744,0.047675199745474156,
19,119,0.06596667427527962,0.042837776631271446,0.0890955719192878,0.011337868480725623,0,0.024605856923892826,0.006575963718820862,0,0.015656278477246356,
19,121,0.08329469942821821,0.04755733664420431,0.11903206221223211,0.006795366795366796,0,0.01478168865061004,0.006177606177606178,0,0.01304518717886264,
19,123,0.08427601809954752,0.05965298534592614,0.1088990508531689,0.009014084507042254,0.002301717388277464,0.015726451625807044,0.01171830985915493,0,0.023963723576022757,
19,125,0.0850983358547655,0.06463475678909213,0.10556191492043888,0.015026296018031555,0.008021883223785352,0.02203070881227776,0.015777610818933134,0.007958617581620323,0.023596604056245946,
19,127,0.08263591433278418,0.062399881103782244,0.10287194756178611,0.04316546762589928,0.027076401724747616,0.05925453352705095,0.007848266841072597,0.0017866675756937431,0.01390986610645145,
19,129,0.08237547892720307,0.05157819085744923,0.1131727669969569,0.012357414448669201,0.0026230535631632645,0.02209177533417514,0.008365019011406844,6.665469746393688e-4,0.016063491048174318,
19,131,0.07289088863892014,0.047098880814855706,0.09868289646298457,0.008213096559378468,0,0.017078937327313328,0.01553829078801332,0.006074672583984543,0.025001908992042098,
19,133,0.06630122683372487,0.03770459643839629,0.094897857229053445,0.0036363636363636364,0,0.012492171579959164,0.007792207792207792,1.5335956758131056e-4,0.015431056016834274,
19,135,0.07454242928452579,0.03506587111170279,0.11401898745734879,0.019801980198019802,0,0.041579088730855016,0.0049504950495049506,0,0.013013489154668753,
19,137,0.08821548821548822,0.05412531943837827,0.12230565699259817,0.005339265850945495,0,0.013445684369384512,0.010901001112347052,9.486377423640474e-5,0.0217071384504577,
19,139,0.08658753709198813,0.06488831151855588,0.10828676266542038,0.020790629575402637,0.01146665105801831,0.030114608092786963,0.012591508052708639,0.005160476358261175,0.020022539747156103,
19,141,0.0803886925795053,0.05493525103258619,0.10584213412642442,0.02526315789473684,0.00809698761478091,0.042429328174692776,0.012280701754385965,0.001845593707782714,0.022715809800989216,
19,143,0.07992351816443595,0.04365755938947127,0.11618947693940063,0.009505703422053232,0,0.023876960650225088,0.009125475285171103,0,0.020445441593437336,
19,145,0.09762100082034454,0.06768599017892858,0.1275560114617605,0.007334963325183374,4.5291648408793406e-4,0.014217010166278814,0.021189894050529748,0.008306228002268804,0.034073560098790694,
19,147,0.058726220016542596,0.034409013541707896,0.0830434264913773,0.018982118294360386,0.004460668906095524,0.033503567682625246,0.010729023383768913,0.0028190643528314165,0.01863898241470641,
19,149,0.05108267716535433,0.036060260136438614,0.06610509419427005,0.010768477728830151,0.0031768454255796186,0.018360110032080684,0.00930004894762604,0.0017319877261761946,0.016868110169075884,
19,151,0.07243066884176183,0.04542192168331674,0.09943941600020692,0.010696920583468396,0,0.02318185759279818,0.002593192868719611,0,0.005322524256121482,
19,153,0.10370163926119233,0.09668128851832218,0.11072199000406248,0.02316408310931337,0.019349075244768015,0.026979090973858724,0.007587367786347762,0.005279725207672381,0.009895010365023143,
19,155,0.09770052012044894,0.08410165289489041,0.11129938734600747,0.015877287405812703,0.010568238985398045,0.02118633582622736,0.010764262648008612,0.0063362432926774865,0.015192282003339738,
19,157,0.11695906432748537,0.08883270115863219,0.14508542749633854,0.007087628865979381,0,0.014577624816227479,0.020618556701030927,0.005925101305656445,0.03531201209640541,
19,159,0.05866376969038566,0.02936444256773257,0.08796309681303875,0.016260162601626018,0.0010003422831656415,0.0315199829200864,0.013008130081300813,0.001985888664703646,0.02403037149789798,
19,161,0.0562874251497006,0.03481332568796611,0.0777615246114351,0.02470308788598575,0.010539752047985965,0.038866423723985535,0.010688836104513063,0.0012886139402491555,0.020089058268776973,
19,163,0.09905862216516902,0.08822143639641593,0.1098958079339221,0.012108910198082173,0.007904993695730883,0.016312826700433464,0.007699307062364387,0.005338037273622136,0.010060576851106638,
19,165,0.08646998982706001,0.05194309500226349,0.12099688465185654,0.0028368794326241137,0,0.010934264333264287,0.0060790273556231,0,0.012371123055004544,
19,167,0.0710804224207961,0.05008455582073909,0.0920762890208531,0.014446227929373997,0.0066271245154632796,0.022265331343284712,0.009550561797752809,0.0031338101691799503,0.015967313426325666,
19,169,0.15981444665341285,0.13926074270373484,0.18036815060309086,0.006118198385837021,0.0032431818274668584,0.008993214944207184,0.007029419422025514,0.003415496971192607,0.010643341872858422,
19,171,0.08651092690278825,0.06542162355871359,0.10760023024686291,0.035794183445190156,0.021254590037799243,0.05033377685258107,0.0035794183445190158,2.27890625516793e-4,0.006930946063521239,
19,173,0.06335403726708075,0.03680483231442301,0.08990324221973849,0.007377049180327869,0,0.022535694452740333,0.011885245901639344,4.5307689906602666e-4,0.02331741490421266,
19,175,0.07511165245635404,0.04764245508251871,0.10258084983018936,0.013654618473895583,4.588912768173359e-6,0.027304648035022992,0.009036144578313253,0,0.019558885017220452,
19,177,0.07158273381294963,0.040256089168679544,0.10290937845721973,0.015140845070422536,3.663244834054471e-4,0.029915365657439623,0.02464788732394366,0.00839644294365956,0.04089933170422776,
19,179,0.14199288256227757,0.1119910581847771,0.17199470693977806,0.022190912293060937,0.012882788410164438,0.03149903617595744,0.012680521310320535,0.001986721001588353,0.023374321619052715,
19,181,0.06312863280262826,0.05070240887387398,0.07555485673138254,0.018588294398392362,0.010755836604022687,0.026420752192762038,0.006279829188646069,0.002828574634318811,0.009731083742973327,
19,183,0.06429780033840947,0.04803781524797675,0.08055778542884219,0.0066143497757847535,7.970449069122677e-4,0.01243165464465724,0.005605381165919282,0.0014258509773904674,0.009784911354448096,
19,185,0.08907363420427554,0.056334374015306825,0.12181289439324425,0.025296442687747035,0.00739767124571971,0.04319521412977436,0.0031620553359683794,0,0.00823239085897605,
19,187,0.0970029004189494,0.0760832395596009,0.11792256127829791,0.01540436456996149,0.007137056940838583,0.023671672199084396,0.008985879332477536,0.0019774665091054537,0.015994292155849618,
19,189,0.05959821428571429,0.03660473884219584,0.08259168972923274,0.010864745011086474,4.978634361107476e-4,0.021231626586062202,0.005543237250554324,0,0.012727176471493146,
19,191,0.08367221195317313,0.06365598966146618,0.10368843424488008,0.010218978102189781,2.3667434468486147e-4,0.0202012818596947,0.0017031630170316302,0,0.005398417255389454,
19,193,0.10634721525338685,0.09021206257645542,0.12248236793031828,0.02258064516129032,0.016444491277399696,0.028716799045180947,0.01240694789081886,0.006563638078263303,0.018250257703374417,
19,195,0.054803149606299215,0.030872299282766618,0.07873399992983181,0.017241379310344827,0.002662691792500428,0.03182006682818923,0.018808777429467086,0.0075352446817328195,0.030082310177201352,
19,197,0.05918944392082941,0.0352418064803151,0.0831370813613437,0.004465116279069767,0,0.010481494945637767,0.012093023255813953,0.0011224652073745078,0.0230635813042534,
20,000,0.10195748874740959,0.09916180935576169,0.1047531681390575,0.020176122092744865,0.018826782891203906,0.021525461294285824,0.010129414478924985,0.009281458442687648,0.010977370515162321,
20,001,0.06523517382413088,0.040657247915714415,0.08981309973254735,0.014859437751004016,0.0013098014385728388,0.028409074063435194,0.023092369477911646,0.006378942531992525,0.03980579642383077,
20,003,0.10139860139860139,0.04992629767371227,0.15287090512349052,0.012322274881516588,0,0.028593416256493073,0.017061611374407582,0,0.038349127140546294,
20,005,0.08995633187772925,0.05799169707890157,0.12192096667655694,0.010273972602739725,0,0.020921615409696562,0.0013698630136986301,3.5169229487855584e-4,0.0023880337325187045,
20,007,0.07474518686296716,0.03920399648615483,0.11028637723977949,0.05028248587570622,0.018776167418548678,0.08178880433286376,0.010734463276836158,0,0.025610195990639906,
20,009,0.07477386934673366,0.05217655577812233,0.097371182915345,0.005867727498756838,0,0.014445072228440806,0.011437095972153158,0.0030692392946375102,0.019804952649668806,
20,011,0.08368915456874466,0.05277090230726912,0.11460740683022021,0.029787234042553193,0.012852441846864356,0.04672202623824203,0.01957446808510638,0.0032771112198741945,0.03587182495033857,
20,013,0.0843604491920022,0.05941350769498573,0.10930739068901865,0.0049113233287858115,0,0.014313201636707159,0.006548431105047749,0,0.013896502173530459,
20,015,0.08149959250203749,0.06372906047320591,0.09927012453086907,0.012722132471728594,0.007015883390078552,0.018428381553378635,0.0070678513731825526,0.002957958555495005,0.0111777441908701,
20,017,0.046009389671361506,0.005022746063467309,0.0869960332792557,0.011267605633802818,0,0.035452786625238805,0.009389671361502348,0,0.028426187410008713,
20,019,0.06840891621829362,0.02996796048709223,0.10684987194949501,0.040754716981132075,0.016527929568158517,0.06498150439410563,0.010566037735849057,0,0.02585613054784535,
20,021,0.10721510451786918,0.07676094158281499,0.13766926745292338,0.023888520238885203,0.010596517172854461,0.03718052330491595,0.017252820172528202,0.006078638431546482,0.02842700191350992,
20,023,0.06610169491525424,0.020252044170755212,0.11195134565975326,0.014937759336099586,0,0.037748402729872975,0.008298755186721992,0,0.02748333314404342,
20,025,0.049937578027465665,0,0.11409028712451881,0.018633540372670808,0,0.05448089497971125,0.03602484472049689,0.00310495798425945,0.06894473145673433,
20,027,0.08665171060011218,0.04928801667274849,0.12401540452747586,0.02661064425770308,0.007482745254803337,0.045738543260602824,0.02100840336134454,0,0.042937894947276345,
20,029,0.08027397260273973,0.040067361263776975,0.1204805839417025,0.006258503401360544,0,0.017448319343778926,0.012244897959183673,0,0.0262007947596727,
20,031,0.05494194279241008,0.033977187342453814,0.07590669824236634,0.011001410437235543,0,0.0226014671760807,0.011283497884344146,0.0012052865347468161,0.021361709233941477,
20,033,0.06424242424242424,0.014009819895828148,0.11447502858902034,0.03636363636363636,0,0.08148433741166755,0.0048484848484848485,0,0.021739664057327433,
20,035,0.10129057489245209,0.07904889586106295,0.12353225392384123,0.019098548510313215,0.007271435522503223,0.03092566149812321,0.012223071046600458,0.005094543039262817,0.0193515990539381,
20,037,0.11971875998721636,0.0948287481819042,0.1446087717925285,0.04555520404935147,0.026258454289051835,0.0648519538096511,0.0060107560898449855,0.002270344382747386,0.009751167796942585,
20,039,0.028244274809160305,0,0.06520301416563863,0,0,0.019783219590525893,0.011320754716981131,0,0.031827979039098744,
20,041,0.07097186700767263,0.04960711907712517,0.0923366149382201,0.0022770398481973433,0,0.005865201464409671,0.013915243516761544,0.004745093168356036,0.023085393865167052,
20,043,0.0987108655616943,0.060478605089471164,0.13694312603391742,0.018281535648994516,5.089490431144893e-4,0.036054122254874546,0.0014625228519195613,0,0.008553995803115994,
20,045,0.16176620205514294,0.14188563037846813,0.18164677373181776,0.019252091523031954,0.011822033417098195,0.02668214962896571,0.01320431408124181,0.005099444447019569,0.02130918371546405,
20,047,0.07207207207207207,0.02688146142727215,0.11726268271687199,0,0,0.021398176291793313,0.00816326530612245,0,0.023985566374160234,
20,049,0.08284600389863547,0.029454700524669003,0.13623730727260194,0.013592233009708738,0,0.039093018508215255,0.009708737864077669,0,0.028520998166805707,
20,051,0.12426532325776658,0.09369823056927343,0.15483241594625974,0.02048494983277592,0.00828125938986521,0.03268864027568663,0.014214046822742474,4.021021208289021e-4,0.028025991524656048,
20,053,0.05818022747156605,0.026422938706264422,0.08993751623686769,0.010412147505422993,0,0.023393203405043868,0.008676789587852495,0,0.018898851246330776,
20,055,0.10069713400464755,0.07607805952439964,0.12531620848489547,0.06643625192012288,0.04475078558004951,0.08812171826019626,0.009600614439324117,0.0032148903803190607,0.015986338498329172,
20,057,0.0517464424320828,0.030537161343814546,0.07295572352035104,0.04411134903640257,0.027521510038235417,0.060701188034569725,0.013704496788008565,0.004028123883952746,0.023380869692064384,
20,059,0.09265873015873016,0.06767838984903399,0.11763907046842634,0.011782032400589101,0.005291959909977674,0.018272104891200527,0.01521845851742759,0.003018727896969848,0.02741818913788533,
20,061,0.13106060606060607,0.10058619962876397,0.16153501249244817,0.021095484826054774,0.007639187815428487,0.03455178183668106,0.0051813471502590676,2.193317390346951e-4,0.010143362561483439,
20,063,0.08919382504288165,0.03324459287968072,0.14514305720608256,0.003389830508474576,0,0.02560239312930523,0.012711864406779662,0,0.03573721688152215,
20,065,0.07525083612040134,0.030934141641319836,0.11956753059948286,0,0,0.021843971631205675,0.008333333333333333,0,0.024486615109717856,
20,067,0.024793388429752067,0,0.05666086159369754,0.07396694214876033,0,0.16008168672527684,0,0,0.011140630841272139,
20,069,0.03022915650901999,0.00199605797971757,0.058462255038322405,0.040875912408759124,0.004319492355716548,0.0774323324618017,0.0038929440389294406,0,0.0170110816857663,
20,071,0.043243243243243246,0,0.11990266597493536,0,0,0.04723020893233659,0.007207207207207207,0,0.03231566140663977,
20,073,0.07584597432905485,0.040619903942024256,0.11107204471608545,0.009671179883945842,0,0.024931098180327578,0.009284332688588007,0,0.02218393460207524,
20,075,0.017391304347826087,0,0.07210968663951835,0.06293706293706294,0.0036835361811283565,0.12219058969299754,0,0,0.02592339099603709,
20,077,0.07037037037037037,0.03667936997847151,0.10406137076226923,0.02700228832951945,0.0031066145816792123,0.050897962077359686,0.0018306636155606408,0,0.013071924479237614,
20,079,0.08328912466843501,0.059469832077815504,0.10710841725905451,0.021517553793884484,0.007830148375906327,0.03520495921186264,0.00604001510003775,0.0015768844705100907,0.01050314572956541,
20,081,0.057462686567164176,0.015684952599010808,0.09924042053531754,0.023616236162361623,0,0.047845685909851346,0.01107011070110701,0,0.0311337402607846,
20,083,0.08073654390934844,0.02664384644132229,0.1348292413773746,0.011267605633802818,0,0.0388599408092857,0,0,0.026105950087558484,
20,085,0.0937017001545595,0.06758823388049007,0.11981516642862894,0.02027027027027027,0.008405754277438242,0.0321347862631023,0.016409266409266408,0.001574502091170658,0.031244030727362156,
20,087,0.0664819944598338,0.042444061032221925,0.09051992788744567,0.007382091592617908,0,0.0158958279608426,5.468215994531784e-4,0,0.003519134715484608,
20,089,0.08564631245043616,0.04073883786345392,0.1305537870374184,0.0109375,0,0.031799203106260374,0.015625,0,0.036008611756426154,
20,091,0.0923318010865023,0.08638723631727677,0.09827636585572783,0.012127368464695884,0.009950402232322606,0.014304334697069161,0.00903851735146565,0.007017150097140932,0.011059884605790367,
20,093,0.047407407407407405,0,0.09856919083540593,0.011111111111111112,0,0.038146772676933255,0.011111111111111112,0,0.03280801797855285,
20,095,0.06578523057078361,0.037429237995735075,0.09414122314583215,0.011916264090177134,0.0012517158249043848,0.022580812355449884,0.01610305958132045,0.0019619517256465047,0.030244167436994394,
20,097,0.05621621621621622,0.01062748942287775,0.10180494300955469,0.01945945945945946,0,0.04877192318467728,0.008648648648648649,0,0.023036966393560596,
20,099,0.06921119592875317,0.04823161963180304,0.09019077222570332,0.015587680703959774,0.006819795168788299,0.024355566239131248,0.01257071024512885,0.005007526412203814,0.020133894078053886,
20,101,0.042748091603053436,0,0.11875835070529978,0,0,0.039123531279771355,0.014925373134328358,0,0.053905783534373544,
20,103,0.10503869303525365,0.08389609485070149,0.1261812912198058,0.016424294268605647,0.007603255695622211,0.025245332841589085,0.009580838323353293,0.004872335940554222,0.014289340706152363,
20,105,0.11890999174236168,0.051200325363064764,0.1866196581216586,0,0,0.021398176291793313,0.006530612244897959,0,0.022358564538220667,
20,107,0.10565110565110565,0.07030917491320587,0.14099303638900543,0.0231990231990232,0.006272215275260999,0.0401258311227854,0.015873015873015872,0.0030385053155285204,0.028707526430503224,
20,109,0.06053067993366501,0.009903291474361309,0.11115806839296871,0.012396694214876033,0,0.04030583221302858,0.01652892561983471,0,0.03897869580182869,
20,111,0.10750382848392037,0.08082223889520342,0.13418541807263734,0.0332703213610586,0.016168478491759775,0.050372164230357425,0.0026465028355387526,5.367844406469085e-4,0.004756221230430596,
20,113,0.0951545530492899,0.06863603648232415,0.12167306961625564,0.016392092257001646,0.004506678652663656,0.028277505861339636,0.0056836902800658975,0,0.013218963786635902,
20,115,0.055849889624724064,0.036726108687332705,0.07497367056211543,0.009617486338797814,2.4496227215915593e-4,0.01899001040543647,0.00546448087431694,9.156225708954338e-4,0.010013339177738445,
20,117,0.07741617357001973,0.04706007976721337,0.1077722673728261,0.021568627450980392,0.0037750806409490058,0.03936217426101178,0.0196078431372549,0.0024930426104102267,0.03672264366409958,
20,119,0.06140350877192982,0.022924063473422282,0.09988295407043736,0.01375,0,0.03117919128697779,0.0125,0,0.03351003231014068,
20,121,0.10785060975609756,0.07416982490637641,0.1415313946058187,0.013217522658610271,0.004309868968115879,0.022125176349104665,0.013595166163141994,0.004013598789058487,0.023176733537225498,
20,123,0.08486140724946695,0.047825009591922873,0.12189780490701102,0,0,0.01559413479528347,0.0032719836400817996,0,0.012255119235725703,
20,125,0.11799761620977355,0.09439142589799525,0.14160380652155183,0.02050473186119874,0.011631995180444988,0.02937746854195249,0.027996845425867507,0.014645040517494266,0.04134865033424075,
20,127,0.07900677200902935,0.03953285740564551,0.11848068661241319,0.00611353711790393,0,0.020108287891354444,0.015283842794759825,0.0011617949645028776,0.02940589062501677,
20,129,0.03296703296703297,0,0.08399244117059376,0,0,0.027885921231326393,0,0,0.01971832400230481,
20,131,0.06530509329299042,0.033755567084548674,0.09685461950143216,0.00451693851944793,0,0.011273671891643047,0.010037641154328732,0.0026444200700191855,0.017430862238638278,
20,133,0.10706742485783916,0.07068765166962712,0.1434471980460512,0.029814665592264304,0.0125542967576165,0.047075034426912105,0.016116035455278,0.003840176520360372,0.028391894390195627,
20,135,0.038392857142857145,0.004726720451826913,0.07205899383388738,0.013973799126637555,0,0.029085893014936894,0.0069868995633187774,0,0.018839051253313224,
20,137,0.1196808510638298,0.053266630448717406,0.18609507167894218,0.010106382978723405,0,0.03132154662667723,0.002127659574468085,0,0.012284750621149323,
20,139,0.07126913265306123,0.052111064454752186,0.09042720085137027,0.02054140127388535,0.008996054708004998,0.0320867478397657,0.007961783439490446,0.00232557486502655,0.013597992013954341,
20,141,0.05572949279899812,0.02570538224686718,0.08575360335112907,0.011838006230529595,0,0.03403736254928535,0.008722741433021807,0,0.02045071392871384,
20,143,0.0986869970351546,0.057854839393164915,0.1395191546771443,0.008,0,0.022536514545379832,0.016842105263157894,0.0013615287109278642,0.03232268181538792,
20,145,0.08025477707006369,0.02213753049172676,0.13837202364840062,0,0,0.015919690845289387,0.012526096033402923,0,0.02742528551048258,
20,147,0.07227813357731015,0.04103748486650342,0.1035187822881169,0.026940639269406392,7.989433962583697e-4,0.053082335142554414,0.013242009132420091,0,0.026997631065214606,
20,149,0.0708775852431526,0.04355818763208155,0.09819698285422365,0.03865267807840972,0.01838950143971376,0.05891585471710568,0.009387078961899503,0.0021991834392543,0.016574974484544706,
20,151,0.07306064880112835,0.03880033009758054,0.10732096750467615,0.006424581005586592,0,0.014299628418503062,0.009776536312849162,0,0.020117482985766946,
20,153,0.09437229437229437,0.03982625268939383,0.14891833605519492,0.0240343347639485,0,0.05265848644607071,0.008583690987124463,0,0.026786845313207755,
20,155,0.08890226771021473,0.07273735995910263,0.10506717546132682,0.016100178890876567,0.008245608248099171,0.023954749533653962,0.019479228781554364,0.009428891527782578,0.029529566035326152,
20,157,0.061306532663316586,0.03266439291309994,0.08994867241353323,0.0019704433497536944,0,0.013883451740025993,0.009852216748768473,0,0.02193792208016252,
20,159,0.04926372155287818,0.02755537605568673,0.07097206705006963,0.0031872509960159364,0,0.012385144221832962,0.01699867197875166,0.006828449081590393,0.027168894875912925,
20,161,0.182368520620507,0.15506481723557664,0.2096722240054374,0.026900803287875957,0.013966944817410539,0.039834661758341376,0.0013076779376050812,2.0223610828477693e-4,0.002413119766925385,
20,163,0.0462046204620462,0.019587357901803153,0.07282188302228926,0.008470588235294117,0,0.01883055471665912,0.011294117647058824,0.002065172725902049,0.0205230625682156,
20,165,0.08189331329827197,0.03959883319064741,0.12418779340589653,0.005947955390334572,0,0.021462648968377105,0.01486988847583643,0,0.03276980605030777,
20,167,0.08517241379310345,0.03640360666639162,0.13394122091981528,0.011352253756260434,0,0.026191215327589442,0.001335559265442404,0,0.00813285822740809,
20,169,0.10508859609268514,0.08338596019509628,0.126791231990274,0.00648479427549195,0.001935450990384508,0.011034137560599393,0.013864042933810376,0.0052881061912119515,0.022439979676408803,
20,171,0.06509433962264151,0,0.13054204178960938,0.018648018648018648,0,0.047505850928241986,0,0,0.01256891684656344,
20,173,0.10785662472798219,0.1010636263834935,0.11464962307247087,0.02429809615527076,0.020710590765916383,0.027885601544625136,0.006765933279008322,0.005055062979263952,0.008476803578752691,
20,175,0.0872035222269564,0.05472319072577393,0.11968385372813888,0.02036775106082037,0.0049996925922931,0.03573580952934764,0.012022630834512023,0,0.02611542010241663,
20,177,0.11480978260869565,0.10365264289641475,0.12596692232097656,0.020969151152631225,0.015456847074627349,0.026481455230635102,0.013777807648363465,0.009320524851113284,0.018235090445613646,
20,179,0.08682634730538923,0.03370471060543672,0.13994798400534172,0,0,0.025953233621234466,0.01485148514851485,0,0.04280629521580605,
20,181,0.14273318872017354,0.06672266866279596,0.21874370877755112,0.008639308855291577,0,0.031595826379051284,0.008639308855291577,0,0.02611163669886548,
20,183,0.04113110539845758,0.011238620900639186,0.07102358989627597,0.005128205128205128,0,0.021182827291509384,0.002564102564102564,0,0.012951474332719586,
20,185,0.05790784557907846,0.024212758745172334,0.09160293241298459,0.014285714285714285,0,0.02956100488402772,0.006211180124223602,0,0.016266938458589928,
20,187,0,0,0.04904854686299186,0.0044943820224719105,0,0.030309102206537236,0,0,0.02082609501367025,
20,189,0.1111764705882353,0.04951756974304655,0.17283537143342403,0.011661807580174927,0,0.03756935326855911,0.0023323615160349854,0,0.01710129139629203,
20,191,0.08361391694725027,0.0612396209268042,0.10598821296769635,0.01649025069637883,0.0076321889558788915,0.02534831243687877,0.0072423398328690805,0.002010115972512508,0.012474563693225653,
20,193,0.07064516129032258,0.020413967219560084,0.12087635536108508,0.0025559105431309905,0,0.011449258355543012,0.0012779552715654952,0,0.007925501247931581,
20,195,0.0416988416988417,0,0.08696243830674519,0,0,0.020009745005684587,0.015267175572519083,0,0.04260798181529507,
20,197,0.04609375,0.024266279926747212,0.0679212200732528,0.019455252918287938,0.0037456038095743244,0.03516490202700155,0.011284046692607004,0.002491078228612149,0.02007701515660186,
20,199,0.04245283018867924,0,0.10676122886749104,0.015037593984962405,0,0.06076193924476746,0,0,0.027872518138596276,
20,201,0.054677488252883384,0.026614996169578027,0.08273998033618873,0.022601279317697228,0.0050462921824346585,0.0401562664529598,0.01023454157782516,0,0.021370228423440763,
20,203,0.048863636363636366,0,0.10206235753105442,0.03977272727272727,0,0.08755753064574207,0.004545454545454545,0,0.02218716942770329,
20,205,0.11768115942028985,0.08188270621970903,0.15347961262087068,0.01833810888252149,0.0055642295090212925,0.031111988256021683,0.022922636103151862,0.010553904565389148,0.035291367640914575,
20,207,0.06910907577019151,0.02906293469284609,0.10915521684753693,0.0032921810699588477,0,0.025909586876476758,0.019753086419753086,0.004990281839606963,0.03451589099989921,
20,209,0.1314956695536309,0.11786708542580389,0.1451242536814579,0.04389686684073107,0.036103251090828174,0.05169048259063396,0.014768276762402088,0.010964457605728162,0.018572095919076013,
21,000,0.10813108294778681,0.10563347309323011,0.11062869280234351,0.019560793623876548,0.018435725528545086,0.02068586171920801,0.009883556610706008,0.00920412563385532,0.010562987587556697,
21,001,0.08312267657992566,0.05149184005848914,0.11475351310136217,0.022777369581190303,0.006906099275945075,0.038648639886435535,0.029390154298310066,0.00921198042325683,0.049568328173363305,
21,003,0.11801162040025823,0.084311479236542,0.15171176156397445,0.026871401151631478,0.011363366403693509,0.04237943589956945,0.01727447216890595,0.006752513173876835,0.027796431163935067,
21,005,0.07209175314036045,0.04481749012052434,0.09936601616019657,0.010239651416122004,0.0030220778756423787,0.017457224956601628,0.005991285403050109,0,0.012896798961331737,
21,007,0.07847151142954623,0.044220185217961006,0.11272283764113145,0.02702702702702703,0.005900357140376088,0.04815369691367797,0.016554054054054055,0,0.03873064880968623,
21,009,0.12810344827586206,0.10162168517858405,0.15458521137314007,0.027288231949971573,0.01535410517000352,0.03922235872993963,0.015349630471859011,0.008164381065644079,0.022534879878073944,
21,011,0.08420392812369411,0.05375008715868755,0.11465776908870066,0.023735810113519093,0.00836975581482216,0.039101864412216025,0.018575851393188854,0.0025075669018577267,0.03464413588451998,
21,013,0.11447440836543754,0.07996022894144192,0.14898858778943316,0.016922263352723427,0.004656532781455317,0.02918799392399154,0.020624008461131677,0.003782843249082131,0.037465173673181223,
21,015,0.06823934393034323,0.056501212980824826,0.07997747487986163,0.019239689422204297,0.012335402269878254,0.02614397657453034,0.004134314812947464,0.0015214069273379194,0.006747222698557008,
21,017,0.1398996235884567,0.10337458170379418,0.17642466547311922,0.0365778053316801,0.01772368947605951,0.055431921187300684,0.0049597024178549285,0,0.013493509410456891,
21,019,0.10718201754385964,0.08636321142829251,0.12800082365942678,0.009927164823307256,0.0010705490143651398,0.01878378063224937,0.007013757755597518,5.477869089524469e-4,0.013479728602242589,
21,021,0.1429805615550756,0.10902073835746634,0.17694038475268486,0.0038626609442060085,0,0.008832377470849863,0.011158798283261802,0.0030118644481187673,0.019305732118404837,
21,023,0.08196721311475409,0.046745528599634614,0.11718889762987357,0.01878980891719745,0.002338427663014203,0.0352411901713807,0.0044585987261146496,0,0.013850309033331131,
21,025,0.08720821661998132,0.056016972894167225,0.11839946034579542,0.037070524412296565,0.013121370658390294,0.06101967816620284,0.0189873417721519,0.007123725754510767,0.03085095778979303,
21,027,0.07142857142857142,0.04895202068545843,0.09390512217168442,0.022413793103448276,0.008072807499624945,0.036754778707271604,0.027851458885941646,0.012280701781329357,0.04342221599055393,
21,029,0.08568189180434078,0.0701781974826116,0.10118558612606997,0.02413904087544255,0.013980351362921098,0.034297730387964,0.007402639201802382,0.0023517921419804137,0.01245348626162435,
21,031,0.07599544937428897,0.04576513087642618,0.10622576787215175,0.028888888888888888,0.00930157175663535,0.04847620602114243,0.0077777777777777776,0,0.016948538239054373,
21,033,0.1,0.057084339166173254,0.14291566083382676,0.037037037037037035,0.011729032427951255,0.06234504164612281,0.001949317738791423,0,0.00742966143702986,
21,035,0.1328,0.10516082468264598,0.16043917531735402,0.015130023640661938,0.007157819366358372,0.023102227914965502,0.008780817291455589,0.002556228359418658,0.015005406223492519,
21,037,0.13329841560822311,0.11523237789708138,0.15136445331936485,0.011503166602042135,0.007754105245848093,0.015252227958236178,0.005169962517771746,0.0012410305593942832,0.009098894476149208,
21,039,0.07566137566137567,0.0342464578538219,0.11707629346892942,0.031496062992125984,0.010706356198444466,0.0522857697858075,0.007349081364829396,0,0.02139747747390639,
21,041,0.09559748427672957,0.049664739228641806,0.14153022932481732,0.03341584158415842,0.007008383720418093,0.05982329944789874,0.023514851485148515,0,0.048462343960039664,
21,043,0.09041689225771521,0.0629477486235656,0.11788603589186482,0.0081799591002045,0.0020380103636157285,0.014321907836793272,0.009202453987730062,0.00261985811108358,0.015785049864376545,
21,045,0.08508845829823083,0.0541146121418293,0.11606230445463236,0.03399668325041459,0.014835577100816622,0.05315778940001256,0.015754560530679935,0.001435941294244722,0.030073179767115148,
21,047,0.1426458832933653,0.1163370155461901,0.16895475104054053,0.02109375,0.012422205449491979,0.029765294550508026,0.008203125,0.003796267872076613,0.012609982127923388,
21,049,0.11270983213429256,0.08732858325372844,0.13809108101485668,0.01964769647696477,0.0040292906233275125,0.035266102330602025,0.007452574525745257,0.0015316026819266844,0.013373546369563831,
21,051,0.12133044107013738,0.08571778524819018,0.15694309689208458,0.02109704641350211,0.00658079474613949,0.035613298080864726,0.009845288326300985,0.0014648982300603346,0.018225678422541636,
21,053,0.09944751381215469,0.05889371409109578,0.1400013135332136,0.017711171662125342,1.1302572783737641e-4,0.03530931759641331,0.005449591280653951,0,0.01304684164597114,
21,055,0.08827785817655572,0.04998444359342589,0.12657127275968555,0.022603719599427755,0.005720528291373664,0.03948691090748185,0.010014306151645207,0,0.0227663018238412,
21,057,0.10569105691056911,0.04160791149091439,0.16977420233022383,0.025396825396825397,0,0.05274503575123286,0.015873015873015872,0,0.03857619763096902,
21,059,0.10350106663320366,0.08908825331967193,0.11791387994673538,0.03131139489194499,0.021710416947751984,0.040912372836137995,0.005525540275049116,0.001463825118649711,0.009587255431448522,
21,061,0.04017003188097768,0.017569720983939566,0.0627703427780158,0.013235294117647059,0,0.029363895980150934,0.01134453781512605,0,0.025885635901426413,
21,063,0.07272727272727272,0.02658439353145308,0.11887015192309236,0.026048565121412803,0.0020842598531436857,0.05001287038968192,0.0017660044150110375,0,0.012711357402815492,
21,065,0.11462450592885376,0.0778508558231586,0.15139815603454893,0.012020905923344948,0.0012054917751842583,0.022836320071505635,0.03571428571428571,0.016104069183210275,0.055324502245361146,
21,067,0.1398653424097013,0.12948573923924217,0.15024494558016044,0.020498879541530436,0.01627040555618115,0.02472735352687972,0.006943168876969987,0.0051241585184695635,0.008762179235470409,
21,069,0.07597173144876325,0.04510140218647478,0.10684206071105172,0.030461270670147953,0.011056592870462126,0.049865948469833776,0.017406440382941687,0.004960008554028252,0.029852872211855123,
21,071,0.1285356247762263,0.0991592304032181,0.1579120191492345,0.011134453781512605,0.004588636534142344,0.017680271028882866,0.00980392156862745,0.0018366093630487156,0.017771233774206186,
21,073,0.10358654488750278,0.08242623886780268,0.12474685090720289,0.017956107293283084,0.008658418210178782,0.027253796376387387,0.01729106628242075,0.003698423799592924,0.030883708765248576,
21,075,0.11991434689507495,0.06241794138166381,0.17741075240848608,0.046218487394957986,0,0.10515473027563807,0,0,0.012035860105302937,
21,077,0.08042635658914729,0.046161771879837554,0.11469094129845703,0.03987138263665595,0.017280947921898944,0.06246181735141295,0.01414790996784566,0.001903430827687744,0.026392389108003574,
21,079,0.08415300546448087,0.05492336942578418,0.11338264150317756,0.01926040061633282,0.006274789525878573,0.032246011706787064,0.01386748844375963,0.0014121725383346804,0.026322804349184582,
21,081,0.08013544018058691,0.052797687294583354,0.10747319306659046,0.009841443411700382,8.012168561602907e-4,0.018881669967240472,0.002186987424822307,0,0.007427400110615629,
21,083,0.11107155571377715,0.08327918231679377,0.13886392911076054,0.027263194687172317,0.015172600138573035,0.0393537892357716,0.01118490038448095,0.003811313898798279,0.01855848687016362,
21,085,0.10321199143468951,0.07249958308123793,0.13392439978814108,0.020607934054611025,0.009897168286279207,0.031318699822942844,0.009788768675940238,8.119983115871098e-4,0.018765539040293364,
21,087,0.0919674039580908,0.06005669691617562,0.12387811100000598,0.020454545454545454,0.002722594265302254,0.038186496643788655,0.004545454545454545,0,0.010504750434926881,
21,089,0.08991150442477876,0.06935841242469634,0.11046459642486117,0.011395027624309393,0.0026249276781099874,0.020165127570508798,0.008632596685082873,0.0031818177926510992,0.014083375577514648,
21,091,0.09530791788856305,0.058403913486477964,0.13221192229064813,0.009812409812409812,0,0.022117592596476977,0.008658008658008658,0,0.021724323662303948,
21,093,0.0872563005230623,0.07269771525544858,0.10181488579067602,0.017354596622889306,0.011903177250592471,0.02280601599518614,0.025093808630393996,0.01635434817040485,0.033833269090383145,
21,095,0.09392156862745098,0.07053666283328094,0.11730647442162101,0.025238095238095237,0.011537142450687458,0.03893904802550301,0.01,0.0020525563183255817,0.01794744368167442,
21,097,0.11095505617977527,0.07550321852461264,0.1464068938349379,0.01646090534979424,0.005042518547954653,0.027879292151633827,0.012345679012345678,0.001598653971184175,0.023092704053507183,
21,099,0.10681658468025299,0.07858893807811257,0.1350442312823934,0.03194444444444444,0.016887204101612936,0.04700168478727595,0.02013888888888889,0.007531700163650734,0.032746077614127046,
21,101,0.12794239822763778,0.09792860864311148,0.15795618781216408,0.010609789444900191,0.004376267310851595,0.016843311578948788,0.008203445447087777,0.0018811270519491193,0.014525763842226435,
21,103,0.13154362416107382,0.0900048474857654,0.17308240083638224,0.034912718204488775,0.01897025953291745,0.0508551768760601,0.00831255195344971,0.0014532250629461533,0.015171878843953265,
21,105,0.030510585305105854,0,0.06335253611396535,0.015432098765432098,0,0.04161835429870685,0.006172839506172839,0,0.023313679956000904,
21,107,0.08657134847210542,0.06511939874098935,0.10802329820322149,0.02725538293813028,0.013938569557337915,0.04057219631892264,0.004905968928863451,0.0018993616975025323,0.00791257616022437,
21,109,0.0947680157946693,0.052463963957175785,0.13707206763216281,0.02308438409311348,0.004119431977276291,0.04204933620895067,0.015518913676042677,0,0.031535042905243726,
21,111,0.12519353440267542,0.11884457815649331,0.1315424906488575,0.01810763729714862,0.01518934004706797,0.021025934547229272,0.011078512270407384,0.009108616474875705,0.013048408065939064,
21,113,0.1178477690288714,0.09087346117700779,0.144822076880735,0.016623376623376623,0.0084897365862888,0.024757016660464447,0.005402597402597403,5.420176091332808e-4,0.010263177196061525,
21,115,0.10996354799513973,0.07456343975123372,0.14536365623904574,0.015231400117164616,0.0044505381240064375,0.026012262110322794,0.012302284710017574,8.199441291361839e-4,0.023784625290898965,
21,117,0.09914311485267589,0.088420538683292,0.10986569102205979,0.020191522529878998,0.015283691396942786,0.02509935366281521,0.009130725261673224,0.006262607745685328,0.01199884277766112,
21,119,0.10927456382001836,0.07422642903539053,0.1443226986046462,0.055525606469002696,0.03320391954653974,0.07784729339146565,0.009883198562443846,0.0015703679949783996,0.018196029129909294,
21,121,0.12758620689655173,0.09466084374498268,0.16051157004812078,0.01914514692787177,0.007875298368786896,0.030414995486956645,0.008459483526268923,7.780971104860007e-4,0.016140869942051845,
21,123,0.1333904109589041,0.09131493788875972,0.1754658840290485,0.004191114836546521,0,0.012848600593388746,0.003185247275775356,0,0.009456606572615038,
21,125,0.090989010989011,0.07114605963600029,0.1108319623420217,0.022625400213447174,0.013832760078512939,0.03141804034838141,0.005549626467449306,0.0014461785669872794,0.009653074367911333,
21,127,0.0989010989010989,0.06243178768882481,0.13537041011337297,0.013111888111888112,0,0.02666364744564447,0.020104895104895104,0.005399648345775497,0.03481014186401471,
21,129,0.06111111111111111,0.025831630627399675,0.09639059159482255,0.03984819734345351,0.006455866676110776,0.07324052801079625,0.03225806451612903,0.004200000815825885,0.060316128216432174,
21,131,0.08207934336525308,0.0342754505758046,0.12988323615470154,0.02972972972972973,0,0.0598860653932079,0.01891891891891892,0,0.03833629045355319,
21,133,0.08383961117861483,0.06066783483299454,0.10701138752423511,0.0255496137849079,0.006998543014473127,0.044100684555342676,0.0053475935828877,2.758102455276742e-4,0.010419376920247726,
21,135,0.08369565217391305,0.04606834310389785,0.12132296124392825,0.015772870662460567,0,0.03274613019185229,0.005257623554153523,0,0.012729430393944415,
21,137,0.09431995831162064,0.0635567180080943,0.12508319861514697,0.020123839009287926,0.008462978770616556,0.03178469924795929,0.006707946336429308,0.001391722945960819,0.012024169726897797,
21,139,0.09611510791366906,0.05701764352054599,0.13521257230679212,0.011032531824611032,0,0.026490021378525568,0.002263083451202263,0,0.005158563914680994,
21,141,0.08040949278734295,0.05799547876488748,0.10282350680979843,0.017880184331797236,0.005191811978227653,0.03056855668536682,0.010599078341013824,0.002051419342138691,0.019146737339888958,
21,143,0.08504034761018,0.05240766166923979,0.11767303355112022,0.009287925696594427,0,0.02509235455533577,0.01238390092879257,0.0019896184221367113,0.022778183435448428,
21,145,0.10579628587507034,0.08711535553037862,0.12447721621976206,0.027037037037037037,0.01742675325889297,0.0366473208151811,0.010185185185185186,0.004900629069244717,0.015469741301125654,
21,147,0.09619047619047619,0.059098531977846966,0.1332824204031054,0.014337568058076225,0,0.029434227178852405,0.012704174228675136,0,0.026222036581329232,
21,149,0.059190031152647975,0.02964117431263892,0.08873888799265703,0.015235457063711912,0.0028228904884511664,0.027648023638972657,0.00221606648199446,4.949357510775944e-6,0.004427183606478144,
21,151,0.11079904507793849,0.09395056646553698,0.12764752369034,0.014522821576763486,0.009262948207535425,0.019782694945991545,0.007330567081604426,0.0033576234254231443,0.011303510737785707,
21,153,0.1346711259754738,0.08909851128457166,0.1802437406663759,0.03732162458836443,0.011203829711626857,0.06343941946510201,0.0043907793633369925,0,0.013023230055567877,
21,155,0.10418604651162791,0.07367132455074574,0.13470076847251009,0.020948616600790514,0.0063569541192431515,0.03554027908233788,0.011198945981554678,8.088268422302876e-4,0.021589065120879068,
21,157,0.0827037773359841,0.058087478582215184,0.107320076089753,0.007692307692307693,7.186659347085999e-4,0.014665949449906786,0.012307692307692308,0.002644422925435444,0.02197096168994917,
21,159,0.11521739130434783,0.06353798746591086,0.1668967951427848,0.019973368841544607,0,0.04819689672323609,0.005326231691078562,0,0.018516368026274942,
21,161,0.11860816944024205,0.08069822648623731,0.1565181123942468,0.009410007468259896,0,0.019649019653503998,0.002987303958177745,0,0.007185602623167587,
21,163,0.0800381133873273,0.056578639109576445,0.10349758766507816,0.013737565135007106,0.0056621670376597825,0.021812963232354432,0.010421601136901942,7.845673319448344e-4,0.020058634941859048,
21,165,0.06451612903225806,0.021034371806160482,0.10799788625835564,0.04424778761061947,0.00834136272158325,0.08015421249965568,0.008849557522123894,0,0.02520371839929954,
21,167,0.07096774193548387,0.047012906804479254,0.09492257706648849,0.013766519823788546,0.0036075194689538705,0.02392552017862322,0.00881057268722467,0.0012954151623100693,0.01632573021213927,
21,169,0.07420924574209246,0.03596019549184018,0.11245829599234475,0.02980769230769231,0.0037483255900939254,0.0558670590252907,0.011778846153846154,8.775263618056341e-4,0.022680165945886673,
21,171,0.1019036954087346,0.06429062245519528,0.13951676836227395,0.026182618261826184,0.006505121919494504,0.04586011460415786,0.0033003300330033004,0,0.010531195269540746,
21,173,0.1030186871106852,0.07021698888258338,0.13582038533878701,0.013078000934142924,0.004075434180505348,0.0220805676877805,0.007473143390938813,2.2264514988510047e-4,0.014723641631992527,
21,175,0.09398907103825137,0.059848032158174,0.12813010991832874,0.02015005359056806,0.00400608725342344,0.03629401992771268,0.0053590568060021436,0,0.013174405422000005,
21,177,0.09260999572832124,0.0661595875387072,0.11906040391793528,0.006331785563528915,4.7156396382527516e-4,0.012192007163232554,0.03208104685521317,0.016167607206521467,0.04799448650390488,
21,179,0.09142857142857143,0.06976066640869967,0.11309647644844319,0.012950419940395556,0.006084149014967118,0.019816690865823994,0.00812787862367922,0.001474880276967256,0.014780876970391182,
21,181,0.09514563106796116,0.046751946350833205,0.1435393157850891,0.0076481835564053535,0,0.022465406776921482,0.011472275334608031,0,0.02716175443155825,
21,183,0.08540478905359179,0.05912581346928751,0.11168376463789607,0.01825221238938053,0.005002896204806869,0.03150152857395419,0.0055309734513274336,5.604878196019724e-4,0.010501459083052896,
21,185,0.05820800869722776,0.04561702373393957,0.07079899366051595,0.010845006778129237,0.003831333078386558,0.017858680477871917,0.0033890646181653863,3.552193268625062e-4,0.006422909909468266,
21,187,0.08445532435740515,0.04856625425213742,0.12034439446267287,0.01785283474065139,0.0044866160311828,0.03121905345011998,0.0048250904704463205,0,0.013395034299791359,
21,189,0.07443609022556391,0.0187012870059248,0.13017089344520302,0.007220216606498195,0,0.029251521271534985,0.005776173285198556,0,0.017704624359216537,
21,191,0.16231884057971013,0.1103147067288561,0.21432297443056417,0.03795066413662239,0.01509790363430507,0.06080342463893971,0.0018975332068311196,0,0.007232658803462471,
21,193,0.07396637891867333,0.0490334641026668,0.09889929373467987,0.013297872340425532,0.002065521812767297,0.02453022286808377,0.012411347517730497,0.004099644588448002,0.020723050447012992,
21,195,0.12386706948640483,0.09948404651644184,0.1482500924563678,0.01564781973711663,0.008724565965950547,0.02257107350828271,0.0035468391404131026,5.252564704692469e-4,0.006568421810356958,
21,197,0.12683461117196057,0.07910452280929237,0.17456469953462878,0.03111587982832618,2.9433831455915466e-4,0.06193742134209321,0.023605150214592276,0,0.04754878767598271,
21,199,0.12058005562177194,0.09754506224641081,0.1436150489971331,0.010073901205756516,0.0044235332855678475,0.015724269125945184,0.015947102294826914,0.008369858288604275,0.023524346301049555,
21,201,0.12368421052631579,0.04132421501984175,0.20604420603278983,0.08176100628930817,0,0.17314832718328887,0,0,0.025434270411206206,
21,203,0.08173076923076923,0.05626766603815437,0.1071938724233841,0.014576802507836991,0,0.03012334951433008,0.014106583072100314,0.003894801368812418,0.02431836477538821,
21,205,0.10985915492957747,0.07370482899125158,0.14601348086790336,0.013966480446927373,9.868926045200656e-4,0.02694606828933468,0.004469273743016759,0,0.010995131461475469,
21,207,0.08860578299456055,0.05935045153084115,0.11786111445827996,0.012134189864382585,0.0024577366293090323,0.021810643099456135,0.006423982869379015,0,0.013190284148612001,
21,209,0.06573361324935853,0.050982980653291744,0.08048424584542531,0.01388567461235825,0.007412063413885885,0.020359285810830616,0.006942837306179125,0.0018919709807583302,0.01199370363159992,
21,211,0.08119781169018139,0.05761860712910166,0.10477701625126112,0.022455940875497443,0.012472476622285776,0.03243940512870911,0.003695281409891984,3.330908414695315e-4,0.0070574719783144365,
21,213,0.1345060893098782,0.09299762426830249,0.1760145543514539,0.017264276228419653,0.0031994212527176793,0.031329131204121625,0.00597609561752988,0,0.015480996927622382,
21,215,0.061855670103092786,0.03524678392631679,0.08846455627986878,0.015184381778741865,0.003352558801939652,0.027016204755544077,0.0034707158351409977,0,0.009958170193720342,
21,217,0.06431535269709543,0.04073182124791917,0.08789888414627169,0.0045708481462671405,0,0.011448358231563274,0.004062976130015236,0,0.009963090978523905,
21,219,0.07815028901734104,0.03999262616688153,0.11630795186780055,0.048044692737430165,0.023222741365871772,0.07286664410898856,0.01452513966480447,0.002715746616737307,0.02633453271287163,
21,221,0.11014744145706852,0.06927763260860231,0.15101725030553473,0.029896907216494847,0.009587853113598992,0.0502059613193907,0.028350515463917526,0.010665398423644286,0.046035632504190765,
21,223,0.09411764705882353,0.04651235008335676,0.1417229440342903,0.035114503816793895,0,0.07041684060139144,0.012213740458015267,0,0.02868484639707746,
21,225,0.08873379860418744,0.056433785863480586,0.1210338113448943,0.004935834155972359,0,0.014232731476468998,0.006910167818361303,0,0.01524660111547347,
21,227,0.1281262098335269,0.11042603769990995,0.14582638196714387,0.03378056903606433,0.024466814196706006,0.043094323875422655,0.008659244457131982,0.004424957300221793,0.012893531614042171,
21,229,0.08593238822246456,0.05331968282547831,0.11854509361945081,0.008629989212513484,0,0.01855484163759732,0.019417475728155338,0,0.040563811411906625,
21,231,0.11189710610932475,0.07996208136213048,0.14383213085651902,0.008233058898036731,5.819542989422312e-5,0.016407922366179238,0.006966434452184927,0,0.013937328081954341,
21,233,0.0737064413938754,0.04498307372933834,0.10242980905841247,0.017634854771784232,0.004528477693723358,0.030741231849845105,0.01016597510373444,0.001191505431015762,0.019140444776453117,
21,235,0.11731886865555986,0.08589273111286155,0.14874500619825817,0.0378585086042065,0.020995223752576307,0.0547217934558367,0.014149139579349905,0.0018169999673854943,0.026481279191314315,
21,237,0.06407689227072487,0.01941773746738093,0.10873604707406881,0.055489021956087826,0.01678442972816166,0.094193614184014,0.041916167664670656,0.001726278608900303,0.08210605672044101,
21,239,0.07057692307692308,0.04760683059125289,0.09354701556259326,0.02096236303001429,0.00573198214941314,0.036192743910615444,0.0028585040495474035,0,0.006196861927932716,
22,000,0.1370274702865622,0.1341293887646405,0.1399255518084839,0.022914406618836265,0.021669794975815337,0.024159018261857193,0.00941501700877772,0.008603271614501404,0.010226762403054035,
22,001,0.09805779251539555,0.07628200462061753,0.11983358041017357,0.024777933613838243,0.012873459567356403,0.036682407660320084,0.011921458625525946,0.0023557035425347816,0.02148721370851711,
22,003,0.0853917662682603,0.0505111974637336,0.12027233507278699,0.04191224623444663,0.020107145776774558,0.0637173466921187,0.005239030779305829,0,0.011124768432200102,
22,005,0.08645741878841089,0.06840843156078896,0.10450640601603281,0.020960034752389226,0.014422077675981946,0.027497991828796507,0.003583840139009557,0.0012784564772967233,0.00588922380072239,
22,007,0.07319778188539741,0.043252982213663936,0.10314258155713088,0.022102747909199524,0.00889996622692182,0.03530552959147723,0.005376344086021506,0,0.012184949125375079,
22,009,0.13799435028248588,0.10377838889465651,0.17221031167031525,0.01986301369863014,0.009978125534843809,0.02974790186241647,0.014041095890410958,0.00292814510510314,0.02515404667571878,
22,011,0.05888059701492537,0.04213918206046152,0.07562201196938922,0.027972027972027972,0.017286540616906182,0.03865751532714976,0.012881854987118146,0.006126600800445641,0.019637109173790652,
22,013,0.09555345316934721,0.061932739538249855,0.12917416680044458,0.05023255813953489,0.029116500846368434,0.07134861543270134,0.008186046511627907,2.7262184827030883e-4,0.016099471174985506,
22,015,0.13421767286400668,0.11308648883624754,0.15534885689176584,0.019630010277492293,0.011479213158955255,0.027780807396029332,0.004316546762589928,0.0017353771270258362,0.00689771639815402,
22,017,0.1727799750772065,0.1592105584636677,0.1863493916907453,0.02164593807885684,0.01604563431852285,0.027246241839190832,0.01704154538237629,0.010285338954818802,0.023797751809933775,
22,019,0.11694242223692919,0.10239602605811371,0.13148881841574467,0.022965324312016134,0.01748838375243522,0.028442264871597046,0.005464836380196474,0.0031416685102619913,0.007788004250130957,
22,021,0.11976744186046512,0.057567989307846706,0.18196689441308353,0.06221590909090909,0.017925630460101684,0.1065061877217165,0.004261363636363636,0,0.01509457054089379,
22,023,0.029099307159353348,0,0.06781755580231175,0.10854503464203233,0.030029498654464817,0.18706057062959985,0.006928406466512702,0,0.02287859815252089,
22,025,0.08193979933110368,0.04167874826026403,0.12220085040194334,0.01749174917491749,0,0.035809531088518635,0.0594059405940594,0.0184313640449388,0.10038051714318,
22,027,0.10348258706467661,0.06189029058195657,0.14507488354739667,0.014624505928853756,0.0017300677304134798,0.027518944127294033,0.014822134387351778,0,0.0323064280748497,
22,029,0.154095701540957,0.10907097779967939,0.19912042528223461,0.03396825396825397,0.010366236324344393,0.05757027161216354,0.006190476190476191,0,0.01599295479965148,
22,031,0.08369077306733166,0.05890268048305371,0.10847886565160962,0.018563751831949193,0.0030761596318446827,0.034051344032053704,0.015144113336590131,0.0047044373682376475,0.025583789304942615,
22,033,0.15856747364080814,0.1462703928715807,0.1708645544100356,0.025432993843144024,0.0204918586795596,0.030374129006728447,0.009206513608377927,0.006043661023869698,0.012369366192886156,
22,035,0.1956989247311828,0.11801893033026847,0.2733789191320971,0.010084033613445379,0,0.03107988569873576,0.052521008403361345,0,0.11264320874044956,
22,037,0.06651162790697675,0.03912381020645738,0.09389944560749611,0.018594104308390022,0.007123943557999082,0.030064265058780962,0.01436130007558579,0,0.029332103641935288,
22,039,0.16700251889168766,0.1295349957397104,0.20447004204366492,0.030502885408079144,0.015119226062996833,0.04588654475316145,0.018136850783182192,0.004115279806060676,0.03215842176030371,
22,041,0.1257510729613734,0.08304295683199817,0.1684591890907486,0.009439124487004104,0,0.02067299576045501,0.004651162790697674,0.0010583754471188596,0.008243950134276489,
22,043,0.04996249062265566,0.025146013659939064,0.07477896758537225,0.015625,0.001466192507738006,0.029783807492261994,0.0028273809523809523,0,0.005858268212322943,
22,045,0.11676147136897991,0.09313976787185933,0.14038317486610047,0.049341495084399924,0.033411965989675795,0.06527102417912406,0.015581524763494713,0.007172411614496622,0.023990637912492806,
22,047,0.10721649484536082,0.0769713380814214,0.13746165160930024,0.02617753623188406,0.014333492591579084,0.03802157987218903,0.0017210144927536232,0,0.005441621801664762,
22,049,0.09440758293838862,0.06640447030146485,0.1224106955753124,0.019230769230769232,0.005160243232968173,0.03330129522857029,0.00641025641025641,2.464116637256545e-4,0.012574101156787166,
22,051,0.15308442960361554,0.1425658793323493,0.1636029798748818,0.02545908665171856,0.021468431313644266,0.029449741989792853,0.006641500865665711,0.004575380781503201,0.00870762094982822,
22,053,0.08968804159445408,0.06174542979865495,0.1176306533902532,0.01875,0.006053447157373049,0.03144655284262695,0.008561643835616438,4.421616227218046e-4,0.01668112604851107,
22,055,0.12049266247379455,0.10679886957866033,0.13418645536892876,0.02477097087875531,0.018557719990174366,0.030984221767336256,0.006346281795383592,0.0021817105348777557,0.010510853055889429,
22,057,0.10307928103664483,0.08688505146240438,0.11927351061088529,0.02267173499864241,0.014451791710644998,0.030891678286639822,0.0070594623947868584,0.0033212655112613374,0.01079765927831238,
22,059,0.06628621597892889,0.0312313789285062,0.10134105302935159,0.020364415862808145,0.002666649510073286,0.038062182215543,0.00857449088960343,0,0.01806187856799358,
22,061,0.18082738944365193,0.14517895668245492,0.21647582220484893,0.014685508451094486,0.005098044929192228,0.024272971972996743,0.014962593516209476,0.005314945364166953,0.024610241668252,
22,063,0.07704050478322817,0.06177571364248771,0.09230529592396863,0.02531645569620253,0.01683456963032362,0.03379834176208144,0.009142053445850914,0.0044909535651722525,0.013793153326529577,
22,065,0.11841652323580035,0.07713985078653673,0.15969319568506396,0.06634304207119741,0.030124193775158528,0.1025618903672363,0.02750809061488673,0.006291190232636631,0.04872499099713683,
22,067,0.15377875136911281,0.11624828556542888,0.19130921717279675,0.03007915567282322,0.012316196433756824,0.04784211491188962,0.017308707124010555,0.005165073414385619,0.02945234083363549,
22,069,0.16285930408472013,0.13712779488767501,0.18859081328176525,0.02163721601153985,0.011079603407826728,0.03219482861525297,0.010818608005769925,0.005009797831831895,0.016627418179707955,
22,071,0.23483307207417536,0.22438980226693322,0.2452763418814175,0.01349007515899017,0.010859983951316442,0.0161201663666639,0.011177490846020427,0.008388706105643505,0.01396627558639735,
22,073,0.16676680113294995,0.15063686447869296,0.18289673778720694,0.019800318818692843,0.01357903263830753,0.026021604999078157,0.00721537041698129,0.003943176615452117,0.010487564218510464,
22,075,0.119375,0.07748523242711287,0.1612647675728871,0.03488372093023256,0.009643637331505098,0.06012380452896002,0.014075887392900856,0,0.028679941891025393,
22,077,0.12455696202531645,0.08311784337586965,0.16599608067476324,0.013772090188909202,0.004973045537023735,0.02257113484079467,4.875076173065204e-4,0,0.004645774728275506,
22,079,0.12103505843071787,0.10473939291003467,0.13733072395140106,0.02049644659594191,0.01478458232170677,0.026208310870177047,0.01514059120403749,0.009435512155809546,0.020845670252265434,
22,081,0.07665745856353591,0.03255906664293612,0.1207558504841357,0.008517887563884156,0,0.024167578407571298,0,0,0.011482251548500246,
22,083,0.11134903640256959,0.07893696130803106,0.14376111149710813,0.045236463331048665,0.017671016573101647,0.07280191008899568,0.017135023989033583,0,0.03749940724124758,
22,085,0.11653150343106675,0.08776761538088923,0.14529539148124426,0.011390887290167866,0.005491754909080834,0.0172900196712549,0.01618705035971223,0.003633079696737677,0.02874102102268678,
22,087,0.1497695852534562,0.12358231378448065,0.17595685672243178,0.041640178003814365,0.02746717860187952,0.05581317740574921,0.006357279084551812,0.002094377687653917,0.010620180481449706,
22,089,0.11854268624252311,0.09181840512853529,0.14526696735651093,0.02232383001613771,0.012522616623639297,0.03212504340863612,0.007799892415277031,4.544195456217511e-4,0.015145365284932311,
22,091,0.06345177664974619,0.02109600540428079,0.10580754789521159,0.01972534332084894,0,0.041007924261785095,0.01373283395755306,0,0.03468754076295376,
22,093,0.05016767270288397,0.026649707973497982,0.07368563743226995,0.008,0,0.02162429133481314,0.006,0,0.014945615294444502,
22,095,0.10182421227197347,0.07339087738447916,0.13025754715946777,0.0242284963887065,0.008796143046727283,0.03966084973068572,0.010505581089954037,0.003012304096446594,0.01799885808346148,
22,097,0.1319793574163476,0.11131269049780938,0.1526460243348858,0.03755260602136614,0.024929014578380572,0.05017619746435171,0.008255098737455488,0.004320936950155784,0.012189260524755191,
22,099,0.09386924446705673,0.07221533459849071,0.11552315433562275,0.02666666666666667,0.015775877937905046,0.03755745539542829,0.011823899371069183,0.002229074675296169,0.0214187240668422,
22,101,0.14729321242099477,0.12000208680633304,0.1745843380356565,0.01878690284487386,0.0088683421858811,0.02870546350386662,0.012345679012345678,0.006059927790365041,0.018631430234326316,
22,103,0.11692461308037944,0.10574289627302515,0.12810632988773374,0.013931429700622468,0.00983693857283223,0.018025920828412707,0.008348977373777294,0.0050473977414752826,0.011650557006079306,
22,105,0.13199665831244778,0.10874864682534414,0.15524466979955143,0.02332511302918208,0.014839075352886583,0.031811150705477576,0.006165228113440197,0.0022029446280748865,0.010127511598805507,
22,107,0.11329113924050632,0.0592923376937447,0.16728994078726794,0.01128526645768025,0,0.03297375670189197,0.0025078369905956114,0,0.0132008214486871,
22,109,0.10090619642419789,0.08298009034322698,0.1188323025051688,0.025274063365859537,0.018771059372270155,0.03177706735944892,0.014456089627755691,0.006830055582311814,0.022082123673199568,
22,111,0.13403726708074534,0.0962459955876706,0.17182853857382008,0.028151774785801713,0.00936590227505266,0.04693764729655077,0.0035495716034271724,3.3065081708600307e-4,0.006768492389768342,
22,113,0.08920965451964032,0.06789775878999553,0.1105215502492851,0.027413038470398526,0.017558993504900672,0.03726708343589638,0.00598940336328035,0.0013380337194644869,0.010640773007096213,
22,115,0.09239664642960393,0.07548321272274955,0.10931008013645832,0.013540197461212976,0.008774567254797205,0.018305827667628748,0.010719322990126939,0.005766365219915583,0.015672280760338296,
22,117,0.0969553650605971,0.07291560302012318,0.12099512710107102,0.026806526806526808,0.013647318734762052,0.03996573487829157,0.015442890442890442,0.004895091982583645,0.025990688903197237,
22,119,0.16051912568306012,0.13324352798565814,0.1877947233804621,0.022635135135135136,0.006719615249263591,0.038550655021006686,0.007094594594594595,0.002382413696968168,0.011806775492221023,
22,121,0.08627648839556004,0.05472612025383437,0.11782685653728571,0.025297619047619048,0.008160381512631279,0.04243485658260682,0.008333333333333333,0,0.01789051235684542,
22,123,0.0746987951807229,0.04177177593574248,0.1076258144257033,0.018494055482166448,0,0.04061908801395926,0.002642007926023778,0,0.010325874853691538,
22,125,0.114900314795383,0.033131598362829334,0.19666903122793666,0.0010471204188481676,0,0.013191287490553918,0.002617801047120419,0,0.011100451754256332,
22,127,0.07180570221752904,0.039936759224063256,0.10367464521099481,0.007991803278688524,0,0.018105591986521542,0.004918032786885246,0,0.015215636812584695,
23,000,0.10983182518877209,0.1057979979953064,0.11386565238223778,0.01298757260802868,0.0116302441362897,0.014344901079767661,0.011419066825240878,0.010013065529619142,0.012825068120862614,
23,001,0.11039174805223308,0.09573996302723586,0.1250435330772303,0.016475722858701584,0.011196817152409949,0.021754628564993217,0.014075286415711947,0.006080648777884312,0.02206992405353958,
23,003,0.09932490912238186,0.08513494302565242,0.1135148752191113,0.01693175987685993,0.011237620468216674,0.022625899285503185,0.011971951428082777,0.009141109622884376,0.014802793233281179,
23,005,0.11748946062014894,0.10815940702752556,0.1268195142127723,0.010843702461286422,0.00815538577721562,0.013532019145357226,0.01080469633732496,0.007876826358367716,0.013732566316282205,
23,007,0.0746611909650924,0.05811397955550854,0.09120840237467626,0.017515274949083504,0.009750117808622833,0.025280432089544176,0.020366598778004074,0.009119837575410135,0.03161335998059801,
23,009,0.10904635491117011,0.09304118469908929,0.12505152512325093,0.013584752635847526,0.007169602496605545,0.019999902775089506,0.010340632603406326,0.00645657706051087,0.01422468814630178,
23,011,0.10038977089076909,0.08846437781245862,0.11231516396907955,0.012628624883068288,0.008214727242989397,0.01704252252314718,0.007577174929840973,0.0043484871711482985,0.010805862688533648,
23,013,0.12225705329153605,0.10000111610704793,0.14451299047602417,0.007817772778402699,0.004004711514049644,0.011630834042755753,0.006749156355455568,0.0027563817274013722,0.010741930983509763,
23,015,0.08824650571791613,0.07149120861758343,0.10500180281824883,0.008201892744479496,0.0021806983746858292,0.014223087114273163,0.006624605678233439,0.002819179943263019,0.010430031413203858,
23,017,0.11482939632545931,0.0978683880455532,0.13179040460536542,0.013802027172740997,0.007132246632197826,0.020471807713284166,0.01337071382359284,0.008846098850285575,0.017895328796900107,
23,019,0.10843757469524341,0.09691478750648724,0.11996036188399958,0.015859307529245505,0.011177261133042191,0.02054135392544882,0.010284996466985946,0.007061458530208934,0.013508534403762958,
23,021,0.10732538330494037,0.07788111597764513,0.13676965063223562,0.022860875244937948,0.011697447872524424,0.03402430261735147,0.012410189418680601,0.006129002276868875,0.01869137656049233,
23,023,0.11376492771841609,0.08833388654981872,0.13919596888701347,0.006475716064757161,0.0015670605027079277,0.011384371626806394,0.011519302615193025,0.005522268369986032,0.01751633686040002,
23,025,0.10408256880733945,0.08378424245441504,0.12438089516026385,0.013137032842582106,0.008041624711314189,0.018232440973850024,0.013363533408833523,0.007411817671990154,0.019315249145676894,
23,027,0.11030444964871194,0.0891910800108113,0.13141781928661259,0.011584129742253113,0.005640750651865678,0.01752750883264055,0.017665797856936,0.011975594767081658,0.02335600094679034,
23,029,0.11508379888268157,0.0995741274529342,0.13059347031242893,0.013176297386823703,0.008191082620171285,0.018161512153476122,0.019138755980861243,0.012400908656702285,0.0258766033050202,
23,031,0.11389624288852589,0.10276096462074875,0.125031521156303,0.012639114143504278,0.008231479523237033,0.017046748763771522,0.011240982047983893,0.0066001376504085845,0.015881826445559202,
24,000,0.13493156214610985,0.13240890697656021,0.1374542173156595,0.024017255324885415,0.02299679638201109,0.02503771426775974,0.007141547586950661,0.006531010098566735,0.007752085075334586,
24,001,0.10170559881349647,0.08572080679411123,0.11769039083288171,0.008375819373634377,0.0038490774791164473,0.012902561268152306,0.007465404224326293,0.002747145413612764,0.012183663035039823,
24,003,0.10617194076028846,0.09823972215870723,0.1141041593618697,0.01763604790149072,0.01476422458440477,0.02050787121857667,0.006607879840328364,0.00464973532400167,0.008566024356655058,
24,005,0.14016284736144094,0.1331695068910586,0.14715618783182327,0.01842609780590974,0.015546247069865774,0.021305948541953706,0.007623018167432519,0.005875983337385628,0.00937005299747941,
24,009,0.08472517461281506,0.06786569051454777,0.10158465871108235,0.008412197686645636,0.0037547737373970517,0.01306962163589422,0.007811326423313805,0.003614912479872774,0.012007740366754838,
24,011,0.12683746325073497,0.10111178133227731,0.15256314516919264,0.033291718684977115,0.02204671064819916,0.04453672672175507,0.010403662089055347,0.0033285238752659915,0.017478800302844703,
24,013,0.0884083320082684,0.07759775710511302,0.0992189069114238,0.007422615287428933,0.004289305636090509,0.010555924938767357,0.007659507264687303,0.004614843014896358,0.010704171514478247,
24,015,0.11558641975308642,0.10086188556429726,0.13031095394187558,0.021733604473817995,0.014056578788562729,0.02941063015907326,0.004168784951703101,0.0014031378589906673,0.0069344320444155345,
24,017,0.1180632512147302,0.10361586728991963,0.13251063513954078,0.018410607212228695,0.01230082743134647,0.02452038699311092,0.007685161726205557,0.004263128955516127,0.011107194496894988,
24,019,0.1321483771251932,0.1086909631466387,0.1556057911037477,0.006432084752175558,9.79883800812425e-4,0.01188428570353869,0.012485811577752554,0.003691911647893639,0.021279711507611467,
24,021,0.09961281239000352,0.0902700413696757,0.10895558341033135,0.012663930323355692,0.009026369414260486,0.016301491232450897,0.006306937631394534,0.004322880195347829,0.008290995067441239,
24,023,0.07944872314552087,0.06133828169526802,0.09755916459577373,0.0078714859437751,0.0010079256103606004,0.014735046277189601,0.011244979919678716,0.0043149845836859034,0.01817497525567153,
24,025,0.10085373958386586,0.09101304404065921,0.1106944351270725,0.015229710584901841,0.011441686889708116,0.019017734280095566,0.009512244484922081,0.00643454947071246,0.012589939499131703,
24,027,0.11309774816564055,0.10277317609043553,0.12342232024084558,0.016354944225446616,0.013163729562027634,0.0195461588888656,0.006835527971148201,0.0036413972380425447,0.010029658704253857,
24,029,0.12615200478755237,0.09631102828782366,0.15599298128728106,0.0046567164179104475,0,0.01215606514473911,0.0029850746268656717,0,0.0072088875712205715,
24,031,0.13864094442844802,0.13276391180960204,0.144517977047294,0.035168771169394084,0.03229533184691778,0.038042210491870385,0.007137573484563375,0.005593019666159974,0.008682127302966776,
24,033,0.15747284823161606,0.1508017593157684,0.16414393714746373,0.04557915878670596,0.04196931079021003,0.049189006783201886,0.00612804386389292,0.004667458444088503,0.007588629283697338,
24,035,0.11654827676927125,0.09547222606443412,0.13762432747410838,0.008268733850129198,0.0035568305081666255,0.012980637192091771,0.003359173126614987,0,0.006859765454976683,
24,037,0.11113843127612491,0.09194736308959951,0.1303294994626503,0.016500849308420287,0.0092135034940828,0.023788195122757774,0.006430478039310847,0.0027863261175499732,0.01007462996107172,
24,039,0.1567534076827757,0.11741791733922671,0.1960888980263247,0.025014961101137045,0.0030816910425808253,0.046948231159693266,0.010771992818671455,0.0013752605896724182,0.02016872504767049,
24,041,0.14460587326120555,0.1201008029535075,0.1691109435689036,0.01684081130915796,0.008151181342803597,0.025530441275512322,0.013521819299323909,0.004895747346433341,0.022147891252214474,
24,043,0.10960548885077187,0.09654132784850211,0.12266964985304163,0.017950889077053344,0.011500274733245424,0.024401503420861264,0.009229466553767994,0.005358134314830289,0.013100798792705698,
24,045,0.1328109201213347,0.11223094326756261,0.15339089697510677,0.021156735102653982,0.013958156680410918,0.028355313524897046,0.006134201301952929,0.0028969769004120005,0.009371425703493858,
24,047,0.13805119380511938,0.11521694052427006,0.1608854470859687,0.01577488808356427,0.006019481122341694,0.02553029504478685,0.004689831592411,0.001060732491695362,0.008318930693126638,
24,510,0.19970989867175035,0.19024455364044698,0.2091752437030537,0.019233102778788983,0.016235976809029686,0.02223022874854828,0.0072806698216235895,0.0055889850481243624,0.008972354595122817,
25,000,0.15492354604587977,0.1525290867053191,0.15731800538644045,0.021670962551920015,0.020621603320755844,0.022720321783084186,0.00902774357486971,0.008477370412758874,0.009578116736980547,
25,001,0.1547817310118597,0.14416877422654503,0.1653946877971744,0.013153946183855156,0.008887676233646644,0.01742021613406367,0.00855256576973092,0.006189673805508776,0.010915457733953063,
25,003,0.14772931251121882,0.1324283241418976,0.16303030088054005,0.0076676176890156916,0.004624191872988202,0.01071104350504318,0.006330242510699001,0.003823788702257709,0.008836696319140294,
25,005,0.14646602626244823,0.13854584477431406,0.1543862077505824,0.01820673453406421,0.01544873475175618,0.020964734316372243,0.01072391890716088,0.008311846879842252,0.013135990934479508,
25,007,0.18518518518518517,0.13295336559427695,0.2374170047760934,0.005652173913043478,0,0.017726346617393744,0.005797101449275362,0,0.016846677854367244,
25,009,0.17266116672644863,0.1651265748023616,0.18019575865053566,0.027510804360446364,0.02378072873171454,0.031240879989178186,0.010530219957427594,0.008444241782225553,0.012616198132629635,
25,011,0.14589714654199581,0.1295469226462231,0.16224737043776852,0.014887145829998399,0.00944042000742578,0.020333871652571018,0.004802305106451097,0.0021885467613072173,0.007416063451594976,
25,013,0.15961272475795296,0.15059958459075756,0.16862586492514836,0.01799541934780238,0.014407683027750699,0.02158315566785406,0.009597556985494601,0.007401656955994294,0.011793457014994908,
25,015,0.13796227658347748,0.12410952520583306,0.1518150279611219,0.010095253602540096,0.006727586184716879,0.013462921020363314,0.008385573556948628,0.00517830915832416,0.011592837955573096,
25,017,0.1425502236616376,0.13791784169042137,0.14718260563285385,0.020578778135048232,0.018558721069309697,0.022598835200786767,0.008995276090667302,0.007799650864314906,0.010190901317019697,
25,019,0.1488673139158576,0.09546958772320652,0.2022650401085087,0.0203862660944206,0,0.04364698306153802,0.00536480686695279,0,0.016009218245448348,
25,021,0.1455810590999458,0.13828203325017258,0.152880084949719,0.019580444635531432,0.016911831384472876,0.022249057886589988,0.008115225452786586,0.006540348436820266,0.009690102468752905,
25,023,0.13990529487731382,0.13068416372555589,0.14912642602907175,0.014577625857692211,0.011638516753879821,0.0175167349615046,0.006409128609847437,0.004413846722949399,0.008404410496745476,
25,025,0.2064482996581663,0.19845941235377562,0.21443718696255698,0.04005574607350339,0.036446383888953576,0.0436651082580532,0.011274486775966552,0.009227805504075308,0.013321168047857795,
25,027,0.13773443590174708,0.1311777699628977,0.14429110184059646,0.019087551465245822,0.016418881344873473,0.02175622158561817,0.007644102688302253,0.0058388604040867055,0.009449344972517799,
26,000,0.11745697145247493,0.11584890316711102,0.11906503973783883,0.01612394322636001,0.015507274910129536,0.016740611542590482,0.007990262530071048,0.007592642757337711,0.008387882302804383,
26,001,0.09789473684210526,0.07840344174208919,0.11738603194212133,0.009316770186335404,0.0019463154076402632,0.016687224965030546,0.008074534161490683,0.0016074870995071763,0.01454158122347419,
26,003,0.08668730650154799,0.05564201643566834,0.11773259656742764,0.016793893129770993,8.58202502062793e-4,0.0327295837574792,0.02900763358778626,0.01029008191595734,0.04772518525961518,
26,005,0.0670365756992413,0.05701397536426561,0.077059176034217,0.02341999103541013,0.016919312293875357,0.029920669776944905,0.004034065441506051,0.001491191429551432,0.0065769394534606705,
26,007,0.08076769292283087,0.06474623747934313,0.0967891483663186,0.009355345911949685,0.0028092819942671403,0.01590140982963223,0.00550314465408805,0.001624187413632475,0.009382101894543625,
26,009,0.0876001885902876,0.07285165193032168,0.10234872525025353,0.01722532588454376,0.010282284747245431,0.02416836702184209,0.006983240223463687,0.0032339348526858654,0.010732545594241508,
26,011,0.08487261146496815,0.06924575984925331,0.10049946308068299,0.006766325727773407,0.0021661257755506277,0.011366525679996187,0.01730920535011802,0.00871837351673329,0.02590003718350275,
26,013,0.0705511811023622,0.04766630838281459,0.09343605382190982,0.010493827160493827,0,0.0220118550390902,0.016666666666666666,0.006091639243648701,0.02724169408968463,
26,015,0.08646523178807947,0.06939087875626969,0.10353958481988924,0.017088737904056003,0.009056660896745611,0.025120814911366397,0.004941321803582459,0.0011560649829177342,0.008726578624247184,
26,017,0.099831328010795,0.08695084838881606,0.11271180763277394,0.008555555555555556,0.00504727237308069,0.012063838738030422,0.010777777777777778,0.005848379037974363,0.015707176517581193,
26,019,0.09478873239436619,0.07722397010799772,0.11235349468073466,0.015331010452961672,0.00733281195659893,0.023329208949324415,0.00975609756097561,0.0037772738443516956,0.015734921277599526,
26,021,0.13331735761642305,0.12023314962415012,0.14640156560869597,0.014958274287513777,0.011044442160719606,0.01887210641430795,0.013068808061722564,0.008276969197579798,0.01786064692586533,
26,023,0.08666867288594643,0.07056863074256939,0.10276871502932347,0.023255813953488372,0.015906852727144212,0.03060477517983253,0.027429934406678593,0.017715563574039635,0.037144305239317554,
26,025,0.11121682047378936,0.09862698731900764,0.12380665362857109,0.012629594721960414,0.008737141536708348,0.01652204790721248,0.007728557964184732,0.003411419220744374,0.012045696707625089,
26,027,0.08946855192588982,0.07409452683094214,0.10484257702083749,0.019971126082771896,0.011722604913785701,0.02821964725175809,0.0040904716073147255,0.0017574872367032064,0.006423455977926245,
26,029,0.08197938144329897,0.06606781507726701,0.09789094780933093,0.01259198691741619,0.007071477012292652,0.018112496822539726,0.011447260834014717,0.002268913425577116,0.02062560824245232,
26,031,0.0994789199431549,0.08073413858352499,0.11822370130278481,0.01727699530516432,0.009226701621636104,0.025327288988692537,0.005633802816901409,0.0021269840104960556,0.009140621623306762,
26,033,0.10728476821192053,0.08866034606633737,0.1259091903575037,0.017824663514005093,0.010813647567535329,0.02483567946047486,0.016369588941433248,0.008040181667962078,0.024698996214904418,
26,035,0.10733983877810777,0.08654154854111899,0.12813812901509652,0.016338500209467952,0.010196185201075045,0.02248081521786086,0.013405948889819858,0.006246922248818377,0.020564975530821338,
26,037,0.08120838070488874,0.06884395692651969,0.09357280448325779,0.008209916291049581,0.0053744255288710845,0.011045407053228078,0.003380553766902769,0.0010827122983039878,0.00567839523550155,
26,039,0.10664365832614323,0.08486612563066151,0.12842119102162494,0.012853470437017995,0.004284418260055076,0.021422522613980914,0.017823479005998285,0,0.04048175717124648,
26,041,0.09335875436924054,0.07687287595528174,0.10984463278319935,0.011356466876971609,0.004809682409243995,0.017903251344699223,0.0056782334384858045,0.0024901103762611752,0.008866356500710434,
26,043,0.06254927726675427,0.04233627638563176,0.08276227814787679,0.014705882352941176,0.006756631403953479,0.02265513330192887,0.006487889273356401,0.0018240258444364617,0.01115175270227634,
26,045,0.08838299296953465,0.07633449754811526,0.10043148839095405,0.011333333333333334,0.007208480957153819,0.01545818570951285,0.0044444444444444444,0.0023344537800807272,0.006554435108808161,
26,047,0.08945353289244692,0.07193307049758924,0.10697399528730461,0.013351686166551961,0.0066735137133064285,0.020029858619797496,0.008947006194081212,0.0022788592078064893,0.015615153180355935,
26,049,0.1287711552612215,0.12022972582005578,0.1373125847023872,0.01321811393472239,0.010718114232057204,0.015718113637387576,0.010267373238588461,0.007080962705112237,0.013453783772064685,
26,051,0.10418994413407821,0.08869579180968742,0.119684096458469,0.024769797421731122,0.015718910379804434,0.03382068446365781,0.017955801104972375,0.012577368190521116,0.02333423401942363,
26,053,0.09502196193265007,0.06856901433911117,0.12147490952618897,0.003172314347512617,8.530456981894639e-4,0.00549158299683577,0.008651766402307137,0.0019265005951056065,0.015377032209508668,
26,055,0.1090526869005387,0.09240920461947516,0.12569616918160223,0.01711174487943998,0.010458106409539033,0.02376538334934093,0.006740990407052113,0.003110419986997703,0.010371560827106524,
26,057,0.08860759493670886,0.07171359321053469,0.10550159666288303,0.014892893573614417,0.007359876793193345,0.02242591035403549,0.005440326419585175,0.0012750836873781906,0.00960556915179216,
26,059,0.08221524407650585,0.07055143324562346,0.09387905490738824,0.027264981539335417,0.019106633831081004,0.03542332924758983,0.020164725930133486,0.012816273906165326,0.027513177954101645,
26,061,0.12201077199281866,0.09886899350896322,0.1451525504766741,0.01763668430335097,0.011173506559573793,0.024099862047128145,0.012698412698412698,0.006806258009983012,0.018590567386842387,
26,063,0.0821349147516679,0.07067635560588277,0.09359347389745303,0.009107601909658465,0.005161226554894747,0.013053977264422183,0.0058758721997796545,0.0022738416907338178,0.009477902708825491,
26,065,0.14675181678044483,0.13566475413469628,0.15783887942619337,0.01599654128837008,0.012030825757417825,0.019962256819322337,0.004971897968006917,0.003221694023678989,0.006722101912334845,
26,067,0.0724482988659106,0.057321252016128324,0.08757534571569288,0.015110915879639798,0.009128697925792087,0.021093133833487508,0.004612343509773776,9.683809694801333e-4,0.008256306050067419,
26,069,0.1023276240667545,0.08360636061203638,0.12104888752147261,0.006055363321799308,0.002185995650352119,0.009924730993246497,0.009083044982698962,0.004230251154862775,0.013935838810535148,
26,071,0.11226692836113837,0.0839104043268419,0.14062345239543486,0.008285163776493257,0.0010773929504176542,0.01549293460256886,0.0038535645472061657,0,0.00937055020464553,
26,073,0.16989690721649484,0.14846416357183678,0.1913296508611529,0.012663316582914573,0.008379149584000784,0.016947483581828363,0.008442211055276382,0.003967038597416949,0.012917383513135816,
26,075,0.1086373608515479,0.09685999804421608,0.12041472365887973,0.0117628101836932,0.007635112277770207,0.015890508089616194,0.012004511762810184,0.007310125398018761,0.016698898127601607,
26,077,0.1209353481254782,0.10910156877562625,0.13276912747533015,0.0122879153079068,0.008924719006691704,0.015651111609121898,0.005624084314003497,0.00383267382511465,0.0074154948028923445,
26,079,0.09802317655078391,0.075120297666387,0.12092605543518081,0.017627118644067796,0.009924466733603015,0.025329770554532578,0.010169491525423728,4.1198702486294064e-4,0.019926996025984516,
26,081,0.10270853307766059,0.09635098471379823,0.10906608144152295,0.01877757771226182,0.01596119068798419,0.021593964736539448,0.008587427531213518,0.006773486210089979,0.010401368852337056,
26,083,0.08761904761904762,0.03917899151312493,0.13605910372497032,0.013145539906103286,0,0.03893127510778352,0.003755868544600939,0,0.02115755806705319,
26,085,0.12379888268156425,0.09670087548247427,0.15089688988065422,0.00967032967032967,0.002601719402667348,0.01673893993799199,0.011868131868131869,0.006170284169237058,0.017565979567026678,
26,087,0.09280331018176445,0.0794864493319291,0.1061201710315998,0.015332943925233645,0.0101998270424573,0.02046606080800999,0.003796728971962617,0.001729982106837748,0.005863475837087486,
26,089,0.09208805579773321,0.07257685020979988,0.11159926138566655,0.010275824770146024,0.005980427848330217,0.014571221691961832,0.0027041644131963224,0,0.0055317768944980715,
26,091,0.10849365266326397,0.09513218196600037,0.12185512336052756,0.01423948220064725,0.009926664786728153,0.018552299614566347,0.007119741100323625,0.003302264166090462,0.010937218034556788,
26,093,0.07783290867641142,0.06965695845631573,0.08600885889650711,0.007616247995724212,0.005384727718189746,0.009847768273258678,0.005946018172100481,0.003181481705859656,0.008710554638341306,
26,095,0.11457825450999512,0.0641488206370261,0.16500768838296415,0.005811138014527845,0,0.01954076336843936,0.014527845036319613,0,0.03914358449335629,
26,097,0.10455868089233754,0.07707937219413069,0.13203798959054439,0.010526315789473684,0.0029491706567217465,0.01810346092222562,0.024880382775119617,0.00909479280417735,0.04066597274606189,
26,099,0.11723449750534569,0.11156049263702777,0.1229085023736636,0.019223712067748765,0.016959234268983936,0.021488189866513595,0.005885673959068454,0.004434877574027281,0.007336470344109627,
26,101,0.08778742973939703,0.0734419010876971,0.10213295839109696,0.016120906801007556,0.00799759536267528,0.02424421823933983,0.0055415617128463475,0.001674103930475358,0.009409019495217337,
26,103,0.11583793738489871,0.09939114161975494,0.13228473315004247,0.005851161089778753,0.0028662387603320197,0.008836083419225486,0.004388370817334065,0.0019539322768941654,0.006822809357773964,
26,105,0.07754934210526315,0.06369720362582931,0.09140148058469699,0.01708011386742578,0.00879781653031164,0.02536241120453992,0.0027653517690117936,7.294613572861575e-4,0.004801242180737429,
26,107,0.11776872453776245,0.09886765726449168,0.13666979181103323,0.02173238124805961,0.014181983273495489,0.02928277922262373,0.015833592052157716,0.00993713974363197,0.021730044360683463,
26,109,0.07835783071464775,0.060201100452725295,0.0965145609765702,0.006318956870611836,0.0015272269898972436,0.011110686751326428,0.009528585757271816,0.0037270152904746046,0.015330156224069027,
26,111,0.09300956585724798,0.07690479969035842,0.10911433202413755,0.012669287898645697,0.006807315759545654,0.01853126003774574,0.004659967962720256,0.0013859698670633043,0.007933966058377208,
26,113,0.08229166666666667,0.061649499086375,0.10293383424695833,0.029234737747205503,0.01932914861717521,0.039140326877235794,0.013757523645743766,0.0066054482069306825,0.02090959908455685,
26,115,0.09240362811791383,0.08196697432631748,0.10284028190951018,0.008997429305912597,0.005889983594110507,0.012104875017714687,0.006748071979434447,0.004072280371909258,0.009423863586959636,
26,117,0.09115731989077924,0.0774509812762604,0.10486365850529808,0.017719407963310403,0.011579730291811557,0.02385908563480925,0.014175526370648322,0.007123004057724385,0.02122804868357226,
26,119,0.14620390455531454,0.10900457598549704,0.18340323312513204,0.009615384615384616,2.174647466877608e-6,0.019228594583302352,0.010683760683760684,0.0013129419449046716,0.020054579422616695,
26,121,0.10174506828528072,0.09131378126317653,0.11217635530738491,0.01914558150011262,0.014578637330109091,0.023712525670116148,0.0074329904647496055,0.004532669937726905,0.010333310991772305,
26,123,0.09054593874833555,0.07731964883933717,0.10377222865733393,0.029141506957206617,0.020400158588538025,0.03788285532587521,0.00840115515883434,0.004499482091115542,0.012302828226553139,
26,125,0.11174765788232123,0.10738230489637123,0.11611301086827124,0.01185303757908377,0.01041575851181652,0.013290316646351021,0.005983687781080875,0.004788092283494458,0.007179283278667292,
26,127,0.09776876267748479,0.08282025166891281,0.11271727368605676,0.03925515853044791,0.02768546526708489,0.05082485179381094,0.0055359838953195776,0.002560972963149415,0.00851099482748974,
26,129,0.10709893795416434,0.08956706395858739,0.12463081194974128,0.018481848184818482,0.007875966215307922,0.029087730154329042,0.00935093509350935,0.0038295936368888577,0.014872276550129845,
26,131,0.08412530799014431,0.05895225666339071,0.10929835931689791,0.010104529616724738,0,0.022249031261972675,0.015331010452961672,0.007463842203758026,0.02319817870216532,
26,133,0.08954545454545454,0.07362190916859443,0.10546899992231465,0.017464788732394366,0.011342128283862225,0.023587449180926506,0.005633802816901409,0.0017431665683538804,0.009524439065448937,
26,135,0.10332749562171628,0.07534909325860581,0.13130589798482675,0.012857142857142857,0.002027569454785298,0.023686716259500418,0.007142857142857143,0,0.015108053004778101,
26,137,0.10061176470588236,0.07420710327295256,0.12701642613881214,0.009196470041802136,0.0020669091316118365,0.016326030951992435,0.013469577333952624,0.0027624063003153943,0.024176748367589852,
26,139,0.0814061484164577,0.0727432987048039,0.0900689981281115,0.016934293097083795,0.012851552618804288,0.021017033575363303,0.005398671096345515,0.003346397152399028,0.007450945040292001,
26,141,0.08079470198675497,0.0638139966475356,0.09777540732597433,0.01783960720130933,0.00950922263395391,0.026169991768664753,0.0057283142389525366,0.0015602252597074432,0.00989640321819763,
26,143,0.1000445434298441,0.08027509492769558,0.11981399193199263,0.017605633802816902,0.010006957349996438,0.025204310255637366,0.0065140845070422535,0.0013551394443598614,0.011673029569724646,
26,145,0.11836095523946236,0.10724598339556364,0.1294759270833611,0.011025641025641025,0.006804276075297202,0.015247005975984848,0.004551282051282051,0.002857140520167923,0.006245423582396179,
26,147,0.10321693283411018,0.09370793452136324,0.11272593114685713,0.011895741779057433,0.00862528879137263,0.015166194766742235,0.006137293529322625,0.003537621327075777,0.008736965731569473,
26,149,0.09412521440823328,0.080130487913968207,0.10811994090249835,0.015119250425894378,0.010289105891853223,0.019949394959935533,0.005536626916524702,0.0024165000191402296,0.008656753813909174,
26,151,0.08774495466510676,0.07448888661340804,0.10100102271680549,0.019369760046256145,0.013742367290228125,0.024997152802284164,0.013009540329575022,0.008753948152310174,0.01726513250683987,
26,153,0.08042895442359249,0.05465897528125012,0.10619893356593486,0.0021136063408190224,0,0.010345799859326444,0.0036988110964332895,8.894694908792643e-4,0.006508152701987315,
26,155,0.09969286359530262,0.08285167928635177,0.11653404790425347,0.012175470008952551,0.007532405875721557,0.016818534142183546,0.005013428827215756,0.0014250701163940594,0.008601787538037453,
26,157,0.08260971602910115,0.07061929771064471,0.0946001343475576,0.01742565055762082,0.011823207621479984,0.023028093493761653,0.011152416356877323,0.007040874882720967,0.015263957831033678,
26,159,0.10781624957147755,0.0908976439704256,0.1247348551725295,0.022458628841607566,0.016369909439473074,0.028547348243742058,0.008611955420466059,0.003772844788028966,0.013451066052903152,
26,161,0.1547992900054615,0.14499105061573217,0.16460752939519083,0.01442453179113009,0.011705629847855184,0.017143433734404995,0.00732994855586564,0.005336906348874883,0.009322990762856398,
26,163,0.1593696573255036,0.15491645733297643,0.16382285731803076,0.022245301106818115,0.020513284664420147,0.023977317549216084,0.010879353920343957,0.00992538425986788,0.011833323580820034,
26,165,0.09195844555598306,0.07425401339234242,0.10966287771962371,0.02924420812761109,0.01931968996498054,0.03916872629024164,0.010634257500949488,0.004740567331271595,0.01652794767062738,
27,000,0.10590558127796056,0.104052897624061,0.10775826493186011,0.022753615158734555,0.02184311621749141,0.0236641140999777,0.007993794670064823,0.007472516526923172,0.008515072813206475,
27,001,0.12392273402674592,0.10650674354592271,0.14133872450756912,0.011037527593818985,0.005025962751668989,0.01704909243596898,0.022810890360559236,0.014501254428439535,0.031120526292678936,
27,003,0.09144928619478288,0.08451504322934061,0.09838352916022514,0.021876627725277178,0.018377721319760967,0.025375534130793388,0.004799464245851626,0.0028454248918715268,0.006753503599831725,
27,005,0.09714285714285714,0.08160622212182041,0.11267949216389388,0.026529890343119915,0.018332517308540346,0.034727263377699484,0.005659709939865582,0.003740119500505844,0.00757930037922532,
27,007,0.1176569980287243,0.09673034088958667,0.13858365516786192,0.026580861779518745,0.018058672388442613,0.03510305117059488,0.011471740346950195,0.005298909123852033,0.017644571570048357,
27,009,0.09214175654853621,0.07526340883568312,0.10902010426138929,0.03157572041692213,0.017072572006114554,0.046078868827729706,0.009809932556713672,0.002808714865438596,0.016811150247988748,
27,011,0.08929384965831436,0.05949016941561786,0.11909752990101086,0.005357142857142857,0,0.018252431563870193,0.013392857142857142,2.7371441101737073e-4,0.026511999874696913,
27,013,0.13084216397099832,0.11280982898938284,0.14887449895261382,0.02748063445223165,0.01741269517647619,0.0375485737279871,0.006270748801180376,0.002694516446478328,0.009846981155882424,
27,015,0.07668202764976959,0.06016293308935136,0.09320112221018781,0.013180778032036614,0.004283901707134654,0.02207765435693857,0.005034324942791762,0.0010945937766317663,0.008974056108951758,
27,017,0.08663997087732071,0.06759771472981059,0.10568222702483084,0.013048205871692642,0.008297200878506793,0.01779921086487849,0.009786154403769481,0.005183457217745982,0.014388851589792981,
27,019,0.07404560594414553,0.061276965054578886,0.08681424683371217,0.00928871357679094,0.004921717667028429,0.013655709486553452,0.007252831149001145,0.004046786895649671,0.01045887540235262,
27,021,0.10464646464646464,0.0932102734479707,0.11608265584495858,0.021634615384615384,0.016802609983080294,0.026466620786150474,0.00921474358974359,0.0060106817696362735,0.012418805409850906,
27,023,0.10717054263565891,0.08201683138257343,0.1323242538887444,0.01690682036503362,0.006870329015896844,0.026943311714170397,0.0026897214217098944,0,0.006358620982011542,
27,025,0.08233872916163325,0.06743080260718184,0.09724665571608465,0.010999521759923482,0.006310840415874311,0.01568820310397265,0.008369201339072214,0.003112293174871595,0.013626109503272834,
27,027,0.14342079305582955,0.12140640308741549,0.16543518302424362,0.020384163073304585,0.010636920659764444,0.030131405486844724,0.004116032928263426,0.0014137193572348584,0.006818346499291993,
27,029,0.09920508744038156,0.07843711792288306,0.11997305695788006,0.04350547730829421,0.02614984957742471,0.06086110503916371,0.03129890453834116,0.015827498213697347,0.04677031086298497,
27,031,0.08778625954198473,0.05249316125748877,0.12307935782648069,0.03333333333333333,0.012452811197645491,0.054213855469021174,0.028089887640449437,0.0073850175332765555,0.04879475774762232,
27,033,0.06681222707423581,0.04773853421690408,0.08588591993156755,0.027085590465872156,0.013282053710769433,0.04088912722097488,0.011700975081256771,0.0014001740313274117,0.022001776131186132,
27,035,0.10232056125202374,0.08905435497348715,0.11558676753056032,0.011194029850746268,0.007456627414210618,0.014931432287281918,0.00550817341862118,0.0014366856769416634,0.009579661160300696,
27,037,0.0936024936915541,0.08657414966962909,0.10063083771347911,0.017650010330273604,0.014683036811950757,0.020616983848596452,0.005696408016292317,0.0036290126473287254,0.007763803385255909,
27,039,0.06918641896220372,0.0500980195027408,0.08827481842166664,0.01840255591054313,0.005801547380045088,0.031003564441041173,0.0038338658146964857,4.923418058664091e-4,0.007175389823526562,
27,041,0.0858806404657933,0.07024428072356864,0.10151700020801796,0.012463768115942029,0.005316080019447585,0.01961145621243647,0.013043478260869565,0.006345022439334426,0.019741934082404704,
27,043,0.07691015952980688,0.05873307441281003,0.09508724464680374,0.008825978351373855,0.0014899274142631232,0.01616202928848459,0.006661115736885929,0.002406190647400397,0.01091604082637146,
27,045,0.08016627078384798,0.06632644560002784,0.09400609596766812,0.015957446808510637,0.010260565157221662,0.021654328459799612,0.030141843971631204,0.02344013890010222,0.03684354904316019,
27,047,0.07995273729814888,0.060475277901346755,0.099430196694951,0.018076027928626844,0.009676923778048296,0.02647513207920539,0.0069821567106283944,8.741737065372157e-4,0.013090139714719572,
27,049,0.09529715762273902,0.07640893034134848,0.11418538490412956,0.007537560478736949,0.0038150580856818137,0.011260062871792084,0.0035650623885918,5.526700123537633e-4,0.0065774547648298366,
27,051,0.09659540775930324,0.07083565125452172,0.12235516426408476,0.013385826771653543,0,0.02694076798626968,0.005511811023622047,0,0.013497777001661309,
27,053,0.12560607795976025,0.12075705318805902,0.1304551027314615,0.027739447668374193,0.025413751524456147,0.03006514381229224,0.007239665047350812,0.006009721908439261,0.008469608186262363,
27,055,0.06843100189035917,0.05114039444642427,0.08572160933429407,0.0067247820672478205,0.0013904275179220374,0.012059136616573603,0.01805728518057285,0.005805537636791315,0.03030903272435439,
27,057,0.0987286679647234,0.07803679774751979,0.11942053818192702,0.022209567198177675,0.013958422970853986,0.030460711425501365,0.011389521640091117,0.005033728373891516,0.017745314906290718,
27,059,0.10093639005489183,0.08174085467016509,0.12013192543961856,0.012524084778420038,0.0071880507816334425,0.017860118775206633,0.004816955684007707,0.0017569286412070714,0.007876982726808342,
27,061,0.11894590846047157,0.10060029283080282,0.1372915240901403,0.017660044150110375,0.010698264329634923,0.024621823970585828,0.016004415011037526,0.009953354376523813,0.02205547564555124,
27,063,0.07323232323232323,0.05076309638509907,0.09570155007954739,0.019134396355353075,0.006216983393429831,0.03205180931727632,0.0031890660592255125,0,0.007564755954005028,
27,065,0.0839258114374034,0.06680962060863807,0.10104200226616872,0.02361963190184049,0.012517127490978735,0.03472213631270225,0.015184049079754602,0.007044079853517059,0.023324018305992143,
27,067,0.10662756598240469,0.08822911370802433,0.12502601825678505,0.026853473438412143,0.01540914889783788,0.03829779797898641,0.0035026269702276708,0.0010364945345317299,0.005968759405923611,
27,069,0.06096131301289566,0.03358282935330913,0.0883397966724822,0.01627906976744186,0.003057950351186582,0.029500189183697137,0.004651162790697674,0,0.01121775807483662,
27,071,0.07316209034543844,0.046421318483556934,0.09990286220731995,0.0031551270815074494,0,0.009016517509789284,0.013146362839614373,0.003451375747478086,0.02284134993175066,
27,073,0.08877005347593583,0.06037325512439232,0.11716685182747935,0.004225352112676056,0,0.015148413663838844,0.008802816901408451,7.85654643880411e-5,0.01752706833842886,
27,075,0.10986815821014782,0.0787919230470128,0.14094439337328285,0.006951340615690168,0,0.01416438747766027,0.016881827209533268,0.008970378547322626,0.02479327587174391,
27,077,0.1014760147601476,0.0482698882396154,0.1546821412806798,0,0,0.013157551233520427,0,0,0.009303793701031716,
27,079,0.07250996015936255,0.056904672068800205,0.0881152482499249,0.011022927689594356,0.005412656405001312,0.0166331989741874,0.007054673721340388,0.003938858668193026,0.01017048877448775,
27,081,0.09626556016597511,0.07081982490748755,0.12171129542446267,0.004928131416837783,0,0.016031166854569876,0.0016427104722792608,0,0.009975294991030182,
27,083,0.10061099796334012,0.07740106719549682,0.12382092873118343,0.024181360201511334,0.009587118904196366,0.038775601498826306,0.012594458438287154,0.0039031934513619904,0.021285723425212316,
27,085,0.08140326975476839,0.06377655439698673,0.09902998511255004,0.012411467116357504,0.005556076630311015,0.019266857602403993,0.004721753794266442,0.0016302122750631925,0.007813295313469693,
27,087,0.12179487179487179,0.09311689118044807,0.15047285240929553,0.05053191489361702,0.03419208070701664,0.0668717490802174,0.01276595744680851,0.002376635549643305,0.023155279343973715,
27,089,0.06422263848006422,0.045964932309443166,0.08248034465068528,0.011748998664886516,0.003929143416137088,0.019568853913635942,0.012016021361815754,0.005464228440966805,0.018567814282664703,
27,091,0.0838343732274532,0.05899395476993482,0.10867479168497157,0.012288613303269448,0.0036241663852858187,0.020953060221253077,0.010710259301014656,7.195251755214363e-5,0.021348566084477168,
27,093,0.0855064353665361,0.07049418177155542,0.10051868896151678,0.013259052924791086,0.008362127316584743,0.018155978532997427,0.005013927576601671,0.0016312933694339047,0.008396561783769439,
27,095,0.10959427207637232,0.08917752273892807,0.13001102141381657,0.020862968231389285,0.013765702629939407,0.027960233832839163,0.00474158368895211,0.001205486243906464,0.008277681133997756,
27,097,0.09047443913203383,0.0760797828313144,0.10486909543275326,0.01129737609329446,0.007457611781254372,0.015137140405334547,0.009839650145772596,0.006385589030041252,0.01329371126150394,
27,099,0.08305519897304237,0.06873409882341042,0.09737629912267431,0.027978281699137655,0.01702290935501123,0.03893365404326408,0.008942829766847652,0.003764053752504308,0.014121605781190996,
27,101,0.05582455140985474,0.03939912939229205,0.07224997342741743,0.013597733711048159,0.0035814889498671162,0.0236139784722292,0.00821529745042493,0.0020606354298562746,0.014369959470993586,
27,103,0.09306853582554517,0.0717319636067268,0.11440510804436353,0.006813782423538521,8.637587103440553e-4,0.012763806136732987,0.008130081300813009,7.646297616624442e-4,0.015495532839963574,
27,105,0.1036112934996717,0.07541216536032033,0.13181042163902307,0.033029908972691806,0.017332433425376863,0.048727384520006745,0.007152145643693108,3.2230137607013043e-4,0.013981989911316085,
27,107,0.09292543021032505,0.06379312889467796,0.12205773152597214,0.018421052631578946,0.006625612858686573,0.03021649240447132,0.0037593984962406013,0,0.011383751019384283,
27,109,0.09567736525120073,0.08440703238008325,0.1069476981223182,0.020918599363346977,0.013736760843014138,0.028100437883679816,0.008337122934667273,0.0045449890802407335,0.012129256789093813,
27,111,0.08607338333671194,0.07499864678404264,0.09714811988938124,0.016659975913287835,0.011448418396355658,0.02187153343022001,0.008430349257326376,0.0051601928780342,0.011700505636618551,
27,113,0.09110204081632653,0.06172282382197923,0.12048125781067383,0.01056910569105691,0,0.02143961709963007,0.004878048780487805,8.27734909067488e-5,0.009673324070068861,
27,115,0.09776586237712243,0.08439112375158038,0.11114060100266447,0.018892794376098417,0.013533848008543,0.024251740743653834,0.01757469244288225,0.012149212273091637,0.023000172612672863,
27,117,0.07203281209946168,0.05081993382580863,0.09324569037311473,0.0037831021437578815,0,0.011912449955820786,0.013871374527112233,0.00294170635354425,0.024801042700680218,
27,119,0.09274422375354682,0.07530750839857825,0.1101809391085154,0.021251002405773857,0.011194300570159958,0.031307704241387756,0.0056134723336006415,0.001884315004340964,0.009342629662860319,
27,121,0.0979381443298969,0.07557327144762707,0.12030301721216674,0.006741573033707865,0,0.01443101546644588,0.007150153217568948,0.0012687320788988448,0.013031574356239053,
27,123,0.13386834147476157,0.1269983563136203,0.14073832663590283,0.04237913075540397,0.03818323742731192,0.04657502408349602,0.008111720514356824,0.0061928011008941875,0.010030639927819461,
27,125,0.06441717791411043,0.0391206961211054,0.08971365970711546,0.023170731707317073,0.008706347213278004,0.03763511620135614,0.011585365853658536,0,0.02491442498831105,
27,127,0.08369384359400998,0.06293491954635716,0.10445276764166281,0.012181069958847737,0.006514625773078979,0.017847514144616494,0.00823045267489712,0.002850282501639498,0.013610622848154742,
27,129,0.08177929854576561,0.06703171105954076,0.09652688603199047,0.009872340425531916,0.0023856259791562593,0.017359054871907573,0.00748936170212766,0.002591322599162404,0.012387400805092916,
27,131,0.10404875925119722,0.08585844524729089,0.12223907325510355,0.02364066193853428,0.014007183065109658,0.0332741408119589,0.006447453255963894,0,0.013780760042165868,
27,133,0.07779204107830552,0.05407499533502151,0.10150908682158953,0.016560509554140127,0.002899069412771141,0.030221949695509114,0.012738853503184714,0.004733678683894224,0.020744028322475204,
27,135,0.10822060353798127,0.08581055308460481,0.13063065399135773,0.01011139674378749,0.0036667866398249743,0.016556006847750007,0.011996572407883462,5.0964061713648645e-5,0.023942180754053275,
27,137,0.112473473237444,0.10268821763770031,0.12225872883718769,0.013181685622630505,0.010238468007802301,0.01612490323745871,0.012656751239428405,0.009613466169045884,0.015700036309810927,
27,139,0.07960576194086429,0.0683209751442478,0.09089054873748077,0.023295293784777894,0.016742600126152304,0.029847987443403484,0.007922286145430538,0.00351049331873891,0.012334078972122166,
27,141,0.08948598130841122,0.07231920711087934,0.1066527555059431,0.015270506108202443,0.00877115309041256,0.021769859125992327,0.013089005235602094,0.006391903846771725,0.019786106624432462,
27,143,0.08974358974358974,0.06892469828653447,0.11056248120064502,0.02023809523809524,0.008144794305933798,0.03233139617025668,0.008503401360544218,0.0018914333749286642,0.015115369346159773,
27,145,0.11845936278179851,0.10524202640865409,0.13167669915494296,0.03239134027433482,0.02525083317889454,0.03953184736977511,0.0039662865642042635,0.002126100798690427,0.0058064723297181,
27,147,0.09191546460919155,0.07392408799698455,0.10990684122139854,0.0156562291805463,0.006774291234947055,0.024538167126145545,0.017321785476349102,0.007131859015401877,0.027511711937296325,
27,149,0.08496042216358839,0.05248324033836484,0.11743760398881194,0.018421052631578946,0.004645331380996624,0.032196773882161266,0.005,5.136686189068755e-4,0.009486331381093125,
27,151,0.11761846901579587,0.08846631583199024,0.1467706221996015,0.01660649819494585,0.005081436675337243,0.028131559714554454,0.0033694344163658243,0,0.00766858918366844,
27,153,0.08696548171045852,0.07076792275312127,0.10316304066779577,0.037378392217101895,0.024969328370738654,0.04978745606346514,0.02816180235535074,0.020718600768918072,0.03560500394178341,
27,155,0.06797477224947442,0.033288468457205136,0.1026610760417437,0.00975609756097561,0,0.0277088950352102,0.006968641114982578,0,0.02078140898756499,
27,157,0.10652883569096844,0.08483822705879046,0.12821944432314641,0.017876489707475622,0.007987459125866915,0.027765520289084328,0.017876489707475622,0.0065810039445696,0.029171975470381646,
27,159,0.07680140597539543,0.05717108233416942,0.09643172961662144,0.05754141238012206,0.03129465999515324,0.08378816476509088,0.005928509154315606,0.0019371365897524317,0.00991988171887878,
27,161,0.09777478084962914,0.06972046081420613,0.12582910088505214,0.01667778519012675,0.003606392520780167,0.029749177859473334,0.00867244829886591,0,0.02067995553583344,
27,163,0.09275692826334837,0.08267258031756691,0.10284127620912983,0.011811218186310847,0.008375500237883814,0.01524693613473788,0.005683222139856684,0.003772864788843348,0.0075935794908700205,
27,165,0.07751756440281031,0.05047339391581172,0.1045617348898089,0.02883720930232558,0.010499489111589724,0.047174929493061436,0.0069767441860465115,0,0.01463650478655493,
27,167,0.06349206349206349,0.03169103676395801,0.09529309022016896,0.01651031894934334,0,0.03310080417807132,0.01275797373358349,0,0.027607792933990863,
27,169,0.11427148194271482,0.09358575138386328,0.13495721250156634,0.01855058125154588,0.011304187892384271,0.025796974610707492,0.023002720751916894,0.013452520370349288,0.0325529211334845,
27,171,0.07771717958706661,0.06604726306457145,0.08938709610956178,0.014847161572052401,0.010828956003171773,0.01886536714093303,0.005822416302765648,0.0026626628041507548,0.008982169801380542,
27,173,0.07817258883248732,0.05943941829714569,0.09690575936782894,0.022613065326633167,0.009337206945695065,0.03588892370757127,0.004773869346733669,0.0014294600697199178,0.00811827862374742,
28,000,0.12225911197052063,0.11898143258153007,0.12553679135951118,0.022140073309729145,0.02059860545116706,0.02368154116829123,0.008931836221427488,0.007980311262666897,0.009883361180188078,
28,001,0.13011722272317403,0.0989180072317334,0.16131643821461464,0.014199655765920827,0.0026286427663960305,0.025770668765445624,0.005593803786574871,5.746393901565946e-4,0.010612968182993147,
28,003,0.09487179487179487,0.07106625346056243,0.1186773362830273,0.02075134168157424,0.010396197880013747,0.031106485483134737,0.007155635062611807,0.0017424579243127125,0.012568812200910901,
28,005,0.0822262118491921,0.04294646561128956,0.12150595808709463,0.006855184233076264,0,0.01881691348974032,0.005141388174807198,0,0.013684762212360941,
28,007,0.14274193548387096,0.09759321319022783,0.18789065777751407,0.029318541996830427,0.01429066382856445,0.044346420165096406,0.010301109350237718,0.0017348118909408065,0.01886740680953463,
28,009,0.09830056647784072,0.04468422633378169,0.15191690662189974,0.014586709886547812,0,0.030084865513297768,0,0,0.010923957307892454,
28,011,0.13821851689337428,0.11143196705867597,0.16500506672807258,0.03502776591200342,0.017262563374837663,0.05279296844916918,0.0055531824006834684,0.0015749190722009728,0.009531445729165963,
28,013,0.07949865711727842,0.05232517319717895,0.1066721410373779,0.028191489361702127,0.008464482373214219,0.047918496350190035,0.0026595744680851063,0,0.009694037584557563,
28,015,0.03965087281795511,0.005428739781562261,0.07387300585434796,0.020817843866171002,9.928911574215889e-4,0.04064279657492041,0.009665427509293681,0,0.023199531360812847,
28,017,0.13834586466165413,0.09490643055458105,0.18178529876872723,0.019807834441980785,0.006450174743781383,0.03316549414018019,0.005173688100517369,0,0.013678011246235664,
28,019,0.0698140200286123,0.039306528297403234,0.10032151175982136,0.012464589235127478,0,0.032121685972326494,0.0113314447592068,0,0.025164335381223663,
28,021,0.10680412371134021,0.04915678066302858,0.16445146675965183,0.007619047619047619,0,0.028707876016051116,0.007238095238095238,0,0.02038464105179684,
28,023,0.11877076411960133,0.07744175354148317,0.1600997746977195,0.017007358953393295,0.003151587760225739,0.03086313014656085,0.028454619787408014,0.008625364060245742,0.048283875514570286,
28,025,0.129979035639413,0.09057748521413797,0.169380586064688,0.005804749340369393,0,0.013668856667184339,0.002638522427440633,0,0.0057490380643674364,
28,027,0.139863608183509,0.10404797327729261,0.17567924308972538,0.02981514609421586,0.014887582626173554,0.04474270956225817,0.010137149672033392,0.002410569884821777,0.01786372945924501,
28,029,0.08640674394099052,0.05712496019200318,0.11568852768997785,0.023373983739837397,0.009998119585037985,0.03674984789463681,0.022357723577235773,0.008846570249302185,0.035868876905169364,
28,031,0.12536443148688048,0.08047862553195956,0.1702502374418014,0.004744787922358016,0,0.012444601039506679,0.02516175413371675,0.0034387819913889693,0.046884726276044536,
28,033,0.1083861459100958,0.09475902498283956,0.12201326683735203,0.021359081266915367,0.015754781954970355,0.02696338057886038,0.0065832784726793945,0.003268647846219903,0.009897909099138886,
28,035,0.13763553690101435,0.1132193613646008,0.16205171243742791,0.022146507666098807,0.011097233442156495,0.03319578189004112,0.009710391822827938,0.003954516771287239,0.015466266874368638,
28,037,0.08635578583765112,0.03919947196770187,0.13351209970760036,0.01647058823529412,0,0.03600268087296905,0.0013445378151260505,0,0.012120532291033157,
28,039,0.12224108658743633,0.08568354184292931,0.15879863133194336,0.030066815144766147,0.007305807691609427,0.05282782259792287,0.014476614699331848,0.003476209103719109,0.025477020294944586,
28,041,0.09851551956815115,0.03744359643299254,0.15958744270330977,0.016624040920716114,0,0.036478304446011856,0.0076726342710997444,0,0.019998796882622703,
28,043,0.12873703477730322,0.08763275526393492,0.1698413142906715,0.02074688796680498,0.0038197295790889686,0.037674046354520985,0.00889152341434499,2.1952120973689655e-4,0.017563525618953087,
28,045,0.10039318479685452,0.07550361151130847,0.12528275808240058,0.025019344854268766,0.013193077334973708,0.036845612373563826,0.003868970853752902,0,0.00929179789172669,
28,047,0.14208449987274116,0.1283589689060834,0.15581003083939893,0.023132560169597208,0.017194594518942955,0.02907052582025146,0.007232822047636862,0.004946217071832935,0.00951942702344079,
28,049,0.1536969420356002,0.13890234134148238,0.168491542729718,0.026399508846347043,0.020153038169464975,0.03264597952322911,0.00747893062454652,0.004802879504566292,0.01015498174452675,
28,051,0.20522052205220523,0.15534282649940329,0.25509821760500717,0.01810344827586207,0.003236730021605471,0.032970166530118666,0.014655172413793103,0.0025423991505519033,0.026767945677034305,
28,053,0.1794871794871795,0.11751481413549249,0.2414595448388665,0.024749163879598662,5.892527118080623e-4,0.04890907504738926,0.0026755852842809363,0,0.008379456178019667,
28,055,0.041666666666666664,0,0.202992377612121,0.05128205128205128,0,0.16620362440643405,0,0,0.060487912324086554,
28,057,0.05688487584650113,0.032946006290442836,0.08082374540255942,0.0072423398328690805,0,0.015470521255576668,0.008356545961002786,0,0.02111956317421118,
28,059,0.12766154415848918,0.1111634489659756,0.14415963935100276,0.02437923250564334,0.016208908855892712,0.03254955615539397,0.0046049661399548535,0.00174120070555276,0.007468731574356947,
28,061,0.07645650438946529,0.03938081082557231,0.11353219795335827,0.016136539953452288,0.0015746674115097222,0.03069841249539485,0.011636927851047323,0.001163133054877849,0.022110722647216797,
28,063,0.0725050916496945,0.015180883445850939,0.12982929985353805,0.021739130434782608,0,0.052945228601114294,0.003952569169960474,0,0.02800501507062319,
28,065,0.12342857142857143,0.07670277427917652,0.17015436857796634,0.02132435465768799,0.003937251926477727,0.03871145738889825,0.030303030303030304,0.004514755849790789,0.05609130475626982,
28,067,0.11896768778850189,0.09135969934959622,0.14657567622740755,0.01578622816032888,0.008308814950941705,0.023263641369716058,0.015621788283658787,0.00476904744965773,0.026474529117659844,
28,069,0.10613598673300166,0.040942735306556774,0.17132923815944656,0.04292527821939587,0.012206940290974744,0.07364361614781699,0.009538950715421303,0,0.025454663804007384,
28,071,0.1644100580270793,0.13403397509131115,0.19478614096284746,0.014705882352941176,0.002832318819658737,0.026579445886223615,0.005614973262032086,0.0010323826227477163,0.010197563901316455,
28,073,0.10422650800164136,0.08107400911277174,0.127379006890511,0.01787507531632858,0.009654667403924315,0.02609548322873284,0.007029524000803374,0.001641438328859865,0.012417609672746884,
28,075,0.16537560799855883,0.1394749068904563,0.19127630910666135,0.01834215167548501,0.01072338765359094,0.02596091569737908,0.013051146384479718,0.004051648527253364,0.022050644241706073,
28,077,0.09325842696629214,0.056197828222244804,0.13031902571033946,0.01899441340782123,7.343573489905289e-4,0.03725446946665193,0.049162011173184354,0.009754570068684215,0.0885694522776845,
28,079,0.07702888583218707,0.05181564193017353,0.10224212973420062,0.031207598371777476,0.014871083390474334,0.04754411335308062,0.013432835820895522,0.003840592948351656,0.023025078693439387,
28,081,0.1079733163913596,0.0871982937805249,0.1287483390021943,0.03734375,0.026739698175112278,0.047947801824887726,0.00921875,0.002576140606914033,0.015861359393085965,
28,083,0.16718498659517425,0.1271191285812638,0.2072508446090847,0.020714655618850338,0.00802632129303517,0.033402989944665507,0.018643190056965304,0.005893736457115387,0.031392643656815225,
28,085,0.12257040856802856,0.08593602898416786,0.15920478815188926,0.042081101759755164,0.018492721795686954,0.06566948172382338,0.008033664881407804,3.769046243935663e-4,0.015690425138422042,
28,087,0.13937043795620438,0.11452358891524629,0.16421728699716248,0.011699779249448124,0.005459548077872409,0.01794001042102384,0.0026490066225165563,4.1827066280625963e-4,0.004879742582226853,
28,089,0.10021556886227545,0.08376056152384302,0.11667057620070788,0.016002844950213372,0.008881555869299337,0.023124134031127407,0.00995732574679943,0.002623571242658871,0.01729108025093999,
28,091,0.14042553191489363,0.10076581720454397,0.18008524662524328,0.015384615384615385,0.006338487267650421,0.02443074350158035,0.013186813186813187,8.565788494980468e-4,0.025517047524128325,
28,093,0.1270718232044199,0.09545526023664197,0.15868838617219783,0.028057835091832746,0.014609605613909499,0.041506064569755995,0.005470887065259867,4.104212044551813e-4,0.010531352926064552,
28,095,0.0889745566692367,0.06820478795636728,0.10974432538210613,0.016331096196868008,0.005456546409488649,0.027205645984247365,0.008575689783743476,0.0026095101021283767,0.014541869465358574,
28,097,0.19731543624161074,0.13214699769206262,0.26248387479115887,0.02741514360313316,0.0042208069784072065,0.05060948022785912,0.007832898172323759,0,0.01757575137024584,
28,099,0.09509357612544259,0.06422135568864057,0.1259657965622446,0.07058823529411765,0.04525902263650275,0.09591744795173254,0.009313725490196078,0.0010891702602539004,0.017538280720138258,
28,101,0.06910785619174434,0.04197486521951598,0.09624084716397269,0.012199870214146659,0.0019526197897212702,0.022447120638572047,0.004542504866969501,0,0.009816921311859409,
28,103,0.14542936288088643,0.07868292411781176,0.2121758016439611,0.006495263870094722,0,0.02147254901645227,0.018944519621109608,0,0.04348159724006921,
28,105,0.20843989769820973,0.16641483404609936,0.2504649613503201,0.013418379399952753,0.0039393087785176886,0.022897450021387815,0.004252303330970942,0,0.00927111440157915,
28,107,0.09975247524752476,0.06970367180424979,0.12980127869079974,0.03026634382566586,0.01577286287732995,0.04475982477400177,0.009281678773204197,5.033955529059522e-4,0.01805996199350244,
28,109,0.10863843024647045,0.08149563564458094,0.13578122484835994,0.019820670127418595,0.008409610070624187,0.031231730184213005,0.010382255781028787,6.044239756212485e-4,0.020160087586436323,
28,111,0.06303660189787619,0.03240254561059379,0.09367065818515859,0.03452914798206278,0.008635897956216589,0.060422398007908974,0.007847533632286996,0,0.020155546007375652,
28,113,0.15706051873198848,0.12132150209682913,0.19279953536714783,0.026449643947100712,0.013401362583599393,0.03949792531060203,0.011190233977619531,0.003372194089935037,0.019008273865304025,
28,115,0.07014467338886453,0.04661078218366317,0.09367856459406589,0.03344797936371453,0.015594089036571567,0.051301869690857496,0.010318142734307825,0.0019818879120997376,0.018654397556515913,
28,117,0.06085526315789474,0.038204098327963495,0.08350642798782598,0.014954276492738032,0.002456860556295487,0.027451692429180576,0.002151694459386767,0,0.00763749562707388,
28,119,0.12840466926070038,0.07998048480432304,0.1768288537170777,0.02598870056497175,0.0065879207350808995,0.0453894803948626,0.007156308851224105,0,0.0216046576309599,
28,121,0.08784421377712961,0.07235727734045631,0.10333115021380292,0.010596812478806375,0.006437355444404055,0.014756269513208697,0.006612410986775178,0.002226761593660597,0.010998060379889759,
28,123,0.1042223409941208,0.06952853305325346,0.13891614893498813,0.018050541516245487,0.006867039830444651,0.029234043202046325,0.006188757091284167,2.0195998846981537e-4,0.01217555419409852,
28,125,0.07773584905660377,0.02776253124117379,0.12770916687203376,0.03563636363636364,0,0.07157325667795189,0.002909090909090909,0,0.015522681470151067,
28,127,0.0864461045891142,0.05930356486938222,0.11358864430884617,0.018353434714210803,0.0043719339460899925,0.032334935482331614,0.02045097011012061,0.005722281374553283,0.03517965884568794,
28,129,0.06558627264061011,0.032703237879966866,0.09846930740125334,0.022935779816513763,0.0068350618021836215,0.039036497830843904,0.014678899082568808,0.002331136698099385,0.02702666146703823,
28,131,0.1170807453416149,0.07722713236713863,0.15693435831609118,0.04681504221028396,0.014071575299462284,0.079558509121105625,0.013046815042210284,0,0.030686357643992416,
28,133,0.12768361581920903,0.09828520306057266,0.1570820285778454,0.023355869698832205,0.011691280723993013,0.0350204586736714,0.013521819299323909,0.002000203687733057,0.02504343491091476,
28,135,0.08407494145199063,0.048514917831061204,0.11963496507292004,0.005348837209302326,0,0.01508960817608353,0.002325581395348837,0,0.010200855989737474,
28,137,0.09805825242718447,0.06870122509672714,0.12741527975764178,0.049070986183897096,0.02819036269866948,0.06995160966912471,0.01715102429728442,0.0061157798796979725,0.028186268714870868,
28,139,0.09286775631500743,0.055799331838630464,0.12993618079138441,0.03584672435105068,0.012181548422377564,0.05951190027972379,0.005562422744128554,7.63111143119985e-4,0.010361734345137123,
28,141,0.13656174334140436,0.09941279281370033,0.1737106938691084,0.019137625516834022,0.002657837834132041,0.035617413199536,0.017129356172474897,0,0.036987378609674645,
28,143,0.23654390934844194,0.15851242934561866,0.3145753893512652,0.04728789986091794,0.002768182285056854,0.09180761743677904,0.005563282336578581,0,0.017780004303402656,
28,145,0.08852621167161226,0.056589218492435374,0.12046320485078915,0.027383863080684596,0.01223057262188299,0.0425371535394862,0.0018581907090464548,0,0.005826366332045951,
28,147,0.1324298160696999,0.07822406150029239,0.1866355706391074,0.02835538752362949,3.0423860293022145e-4,0.05640653644432876,0.005671077504725898,0,0.015708213970731272,
28,149,0.1321095395726753,0.10424555856035808,0.1599735205849925,0.0077265973254086184,0.0015805790744739603,0.013872615576343277,0.015453194650817237,0.0054548785890865484,0.025451510712547927,
28,151,0.19632810186556116,0.16404014570427602,0.22861605802684629,0.02689415847310584,0.015846820459144657,0.037941496487067024,0.010121457489878543,0.0038394706261704057,0.01640344435358668,
28,153,0.11252711496746204,0.06974955563771165,0.15530467429721243,0.019433198380566803,7.963509383474045e-4,0.0380700458227862,0.02496626180836707,0.005870395558019454,0.04406212805871469,
28,155,0.0777639751552795,0.044710410209602085,0.1108175401009569,0.008118081180811807,0,0.01881962948127877,0.004674046740467405,0,0.011483260152253243,
28,157,0.080370942812983,0.02859950486919001,0.13214238075677598,0.004594180704441042,0,0.01918602104030341,0,0,0.010321717701331766,
28,159,0.11634546752319772,0.08200220235412438,0.15068873269227107,0.016830294530154277,0.0029920657573759227,0.030668523302932633,0.008415147265077139,0,0.016938296957481294,
28,161,0.09326633165829146,0.0568059878393774,0.1297266754772055,0.00881488736532811,0,0.020924825759967264,0.009794319294809012,0,0.020847427185470564,
28,163,0.1605155243116579,0.12233643691080931,0.19869461171250646,0.04088586030664395,0.020196669416141434,0.061575051197146465,0.008517887563884156,0,0.017218386912690183,
29,000,0.10946850353164062,0.10733068601736974,0.11160632104591149,0.017766161919192947,0.016916166830752696,0.018616157007633197,0.008823080756205953,0.008294247007321315,0.00935191450509059,
29,001,0.11246200607902736,0.08366355399270442,0.1412604581653503,0.013987591652566272,0.004048002825180086,0.02392718047995246,0.00676818950930626,0.0015461762975784582,0.011990202721034062,
29,003,0.07056245434623813,0.03969352041520102,0.10143138827727524,0.0034959941733430444,0,0.008276411794128325,0.012381646030589949,0,0.025848393744275673,
29,005,0.07066381156316917,0.04193817859857885,0.0993894445277595,0.016170212765957447,0,0.035095773854148846,0.005957446808510639,0,0.013212799035729656,
29,007,0.07268597387847814,0.05066946733259915,0.09470248042435712,0.022296544035674472,0.011019369502693119,0.033573718568655826,0.014492753623188406,0.0045374639716589706,0.02444804327471784,
29,009,0.09511278195488722,0.07332203327919337,0.11690353063058107,0.04770778978755125,0.029559505077400343,0.06585607449770214,0.016399552739470743,0.0066774529760582485,0.026121652502883237,
29,011,0.11599099099099099,0.06715343630151953,0.16482854568046246,0.006033519553072626,0,0.012674377151532964,0.008938547486033519,0,0.018612077627380062,
29,013,0.09634270233660684,0.06875894733234647,0.12392645734086721,0.04047217537942664,0.016347044891325026,0.06459730586752827,0.013490725126475547,0.0034266443879094853,0.02355480586504161,
29,015,0.11846819024088943,0.08547400508824332,0.15146237539353555,0.01841620626151013,0.006202679940220349,0.030629732582799912,0.022713321055862493,0.01203531283248658,0.03339132927923841,
29,017,0.07777777777777778,0.044543037791129336,0.11101251776442622,0.01926121372031662,0.005153730250937478,0.03336869718969576,0.009234828496042216,0,0.019859543915594774,
29,019,0.14918144611186904,0.13491962326597487,0.1634432689577632,0.018378887841658812,0.013258083168969157,0.02349969251434847,0.007674700417395988,0.00404835779834911,0.011301043036442866,
29,021,0.12797700105916174,0.10868686680705153,0.14726713531127195,0.02247864528697737,0.015519718822176114,0.029437571751778628,0.010490034467256106,0.005321249781483999,0.015658819153028213,
29,023,0.10371758825367072,0.081216513690107,0.12621866281723446,0.023970497848801474,0.013922002255546717,0.03401899344205623,0.009526736324523662,0.001766096625001718,0.017287376024045606,
29,025,0.08128654970760234,0.05573187689871205,0.10684122251649263,0.01264367816091954,0.0024356265655721635,0.02285172975626692,0.008333333333333333,0,0.018628148632789308,
29,027,0.07187894073139975,0.052377963742860134,0.09137991771993936,0.004693366708385482,6.364441886359002e-4,0.008750289228135064,0.01095118898623279,0.004333269783769725,0.017569108188695857,
29,029,0.10454686050108258,0.08415144946468257,0.1249422715374826,0.017581085177326462,0.009064804406493338,0.026097365948159586,0.007274931797514398,0.0024965578265930656,0.012053305768435732,
29,031,0.11722257857601026,0.09687742142350436,0.13756773572851616,0.013774540848638378,0.008287950591031306,0.01926113110624545,0.003958201393286891,0.0012483987473325786,0.006668004039241202,
29,033,0.05971049457177322,0.03481294631174705,0.0846080428317994,0.00237741456166419,0,0.014415609866627372,0.004160475482912333,0,0.00881274140341711,
29,035,0.10619469026548672,0.051828073893956834,0.16056130663701662,0.002077922077922078,0,0.02056296090853903,0.012987012987012988,0,0.02961321135651965,
29,037,0.07821770190095653,0.0656567782767616,0.09077862552515147,0.013726670680313064,0.008331795868449616,0.01912154549217651,0.007947019867549669,0.002264277686847652,0.013629762048251686,
29,039,0.09971777986829727,0.060126291288952964,0.13930926844764158,0.021004566210045664,0.0012863289785307944,0.04072280344156053,0.0018264840182648401,0,0.007828784726270297,
29,041,0.06953125,0.039716122644842616,0.09934637735515739,0.010424710424710425,0.0014979347118422338,0.019351486137578616,0.013513513513513514,3.759821505363529e-4,0.026651044876490677,
29,043,0.08647751282825233,0.07154643186951697,0.1014085937869877,0.026788386710565697,0.01575107805111646,0.037825695370014935,0.009577970667464832,0.004189072333946333,0.01496686900098333,
29,045,0.06225339763261727,0.026909495635954232,0.09759729962928032,0.03,0,0.06044146127047867,0.010434782608695653,0,0.027645835477419053,
29,047,0.0944225522885723,0.08367822663212422,0.10516687794502037,0.019899497487437186,0.01499569651872094,0.024803298456153432,0.00628140703517588,0.0036514738770613096,0.00891134019329045,
29,049,0.08485623003194888,0.05649749502361414,0.11321496504028361,0.018023617153511497,0.004289927077242194,0.031757307229780804,0.02113113735239279,0.002323231901901604,0.039939042802883976,
29,051,0.06976354184135503,0.05558326624714601,0.08394381743556405,0.011276948590381426,0.0049287238550115,0.01762517332575135,0.0041459369817578775,8.714633597024239e-4,0.0074204106038133315,
29,053,0.0962840627580512,0.06872239807023474,0.12384572744586765,0.014693877551020407,0.005967877016148324,0.023419878085892493,0.009795918367346938,0.0027230892086121394,0.016868747526081737,
29,055,0.10207877461706784,0.07463345536225935,0.12952409387187633,0.014001077005923533,0.005372734567719277,0.022629419444127788,0.010231556273559504,8.913537489660377e-4,0.01957175879815297,
29,057,0.08571428571428572,0.05427137432702631,0.11715719710154512,0.023178807947019868,0.007591715069175376,0.03876590082486436,0.004635761589403974,0,0.01124409202402625,
29,059,0.09344773790951638,0.05392381216484453,0.13297166365418822,0.0174110522331567,0.004007424740703834,0.030814679725609563,0.021196063588190765,0.0013663139625201375,0.041025813213861395,
29,061,0.09663445518160613,0.06721432301084881,0.12605458735236344,0.03615257048092869,0.02068508563701071,0.05162005532484666,0.0026533996683250414,0,0.010253754581683996,
29,063,0.045231607629427795,0.019867498175197073,0.07059571708365851,0.006191117092866756,0,0.01536867644461316,0.014535666218034994,0,0.03531731253098551,
29,065,0.08275261324041812,0.054297177640783977,0.11120804884005225,0.03690987124463519,0.015210948599918374,0.05860879388935201,0.015450643776824034,0.005078145419541666,0.0258231421341064,
29,067,0.12249443207126949,0.07285717805988665,0.17213168608265234,0.016251354279523293,0,0.03479702724560054,0.015167930660888408,0.0016341875741595398,0.028701673747617278,
29,069,0.10445859872611465,0.08009017747806339,0.1288270199741659,0.02784014369106421,0.010254187891978312,0.04542609949015011,0.00898069151324652,0.0017379603994667724,0.01622342262702627,
29,071,0.087501521236461,0.0721614150723834,0.10284162740053861,0.008552156106962177,0.00436336705320973,0.012740945160714624,0.010238496747771622,0.005538183774764033,0.014938809720779211,
29,073,0.07071729957805907,0.047293912954577556,0.09414068620154059,0.02747068676716918,0.014202637584963353,0.04073873594937501,0.018425460636515914,0.00519457464929469,0.03165634662373714,
29,075,0.08509719222462203,0.045772795815911524,0.12442158863333254,0.021321961620469083,0.003013519448309885,0.03963040379262828,0.029850746268656716,0.01579798931194894,0.04390350322536449,
29,077,0.1336888064603377,0.12346039330115384,0.14391721961952159,0.023491724506139882,0.018432112748843522,0.02855133626343624,0.009953474181984593,0.0062604822569562475,0.013646466107012938,
29,079,0.09317269076305221,0.059660081039252695,0.12668530048685173,0.01445466491458607,0.0025874838136265427,0.0263218460155456,0.01576872536136662,0.003448658016807448,0.028088792705925795,
29,081,0.09881956155143339,0.05276654808433403,0.14487257501853273,0.012603648424543947,0,0.031752934166133354,0.01990049751243781,0,0.04040089585875767,
29,083,0.07544910179640718,0.05366091348822488,0.09723729010458948,0.027056277056277056,0.01323928885364515,0.04087326525890896,0.016233766233766232,0.006351301810515509,0.026116230657016955,
29,085,0.1974025974025974,0.12472068851371587,0.27008450629147895,0.0094151212553495,0,0.02158177005917397,0.014265335235378032,0,0.030912103174908598,
29,087,0.0535405872193437,0.025538570114806494,0.0815426043238809,0.006876790830945559,0,0.021644997811143346,0.008595988538681949,0,0.021180628998479136,
29,089,0.08842105263157894,0.054143205714608414,0.12269889954854947,0.014328358208955224,7.620700774635912e-4,0.027894646340446857,0.008955223880597015,0,0.019120043927387725,
29,091,0.11282051282051282,0.08854239213310872,0.13709863350791693,0.0184645286686103,0.009130676513219489,0.02779838082400111,0.03206997084548105,0.01629292265087007,0.04784701904009203,
29,093,0.1096433289299868,0.07589237548372141,0.14339428237625218,0.01780104712041885,0.007435415924036109,0.02816667831680159,0.006544502617801047,1.5143525520472812e-4,0.012937569980397367,
29,095,0.13476681827438736,0.12734725633497876,0.14218638021379595,0.01992238466428022,0.017599236273978882,0.022245533054581556,0.0062226088120169954,0.004883685345775298,0.007561532278258693,
29,097,0.11163585853189444,0.09734232492608647,0.1259293921377024,0.02190395956192081,0.012459622758117416,0.0313482963657242,0.009898904802021904,0.005531364625918074,0.014266444978125733,
29,099,0.07899492800093279,0.06937623026146984,0.08861362574039573,0.011740211670811405,0.008460178405561947,0.015020244936060863,0.006130356833034527,0.0035688668359531175,0.008691846830115936,
29,101,0.08982473222979552,0.07350849438853843,0.10614097007105261,0.01668687848653893,0.008586604971244922,0.024787152001832936,0.013339801115692457,0.0037893400189438365,0.02289026221244108,
29,103,0.10530973451327434,0.048071804726100044,0.16254766430044865,0.006926406926406926,0,0.02651894144071158,0.003463203463203463,0,0.018338498944211495,
29,105,0.07276565798733287,0.04943114867948712,0.09610016729517862,0.016382014639247124,0.005777470306475359,0.02698655897201889,0.017079121645172533,0.0071450404555694815,0.027013202834775582,
29,107,0.07208627125673994,0.05310663500379184,0.09106590750968804,0.004849979449239622,0,0.010182388031235445,0.007809288943690916,0.0016954744185733337,0.013923103468808498,
29,109,0.09401591144932549,0.07124657172546844,0.11678525117318253,0.030758714969241284,0.01716627920708655,0.04435115073139602,0.009569377990430622,0.00372095402085419,0.015417801960007053,
29,111,0.09265467845169156,0.05954206908797143,0.1257672878154117,0.02012012012012012,0.009036765074006858,0.031203475166233383,0.0024024024024024023,0,0.011003814319954284,
29,113,0.10356731875719218,0.07994460545652657,0.12719003205785778,0.015892531876138434,0.008348438441066176,0.023436625311210692,0.005692167577413479,0.001446890025585114,0.009937445129241843,
29,115,0.08276595744680851,0.057871214938272415,0.10766069995534461,0.012146596858638744,0.0038214991381999193,0.02047169457907757,0.012565445026178011,0.0017524009394981124,0.02337848911285791,
29,117,0.07624309392265194,0.04739546322388257,0.1050907246214213,0.007136322049405307,3.65128629286093e-4,0.01390751546952452,0.01463860933211345,0.003551706917789695,0.025725511746437203,
29,119,0.07680288461538462,0.05371785442279087,0.09988791480797837,0.06547619047619048,0.04370302401337769,0.08724935693900326,0.009523809523809525,0.0016165837999897285,0.01743103524762932,
29,121,0.07851596203623813,0.054031017730424125,0.10300090634205214,0.017094017094017096,0.00485984663852395,0.02932818754951024,0.017948717948717947,0.0060935966100422526,0.029803839287393642,
29,123,0.08378672470076169,0.04770461571578044,0.11986883368574294,0.01790722761596548,0.004076857614761082,0.03173759761716988,0.011866235167206042,0.0014856059907019815,0.0222468643437101,
29,125,0.12566322256352974,0.08320161877745756,0.1681248263496019,0.01638888888888889,0,0.033992209734609015,0.0011111111111111111,0,0.008193945067259166,
29,127,0.09241131567130668,0.06878888159277095,0.11603374974984242,0.010978308986277113,0.0033922289858675713,0.018564388986686654,0.003098716246126605,0,0.008860624999370466,
29,129,0.059870550161812294,0.01714990073844956,0.10259119958517503,0.015139442231075698,0,0.040657816234976385,0.015139442231075698,0,0.031236046914395216,
29,131,0.07427135678391959,0.05166684653478318,0.096875867033056,0.022145328719723183,0.004954377141237067,0.0393362802982093,0.010380622837370242,0,0.020800383370679264,
29,133,0.10986596352450011,0.06833533879478287,0.15139658825421734,0.009544468546637744,5.343213870596317e-4,0.018554615706215857,8.676789587852494e-4,0,0.006195778482744516,
29,135,0.06582189369940161,0.043227104675461064,0.08841668272334216,0.038488576449912125,0.022894048821886767,0.05408310407793748,0.012302284710017574,0.0024657157212351274,0.02213885369880002,
29,137,0.11114413075780089,0.07054827291029661,0.15173998860530516,0.018686131386861315,0.006621546694960328,0.030750716078762303,0.009927007299270074,8.728853934211744e-4,0.018981129205118973,
29,139,0.07982456140350877,0.05534995438314565,0.1042991684238719,0.023466092572658772,0.005948174249186127,0.04098401089613142,0.008611410118406888,0,0.018032819110947878,
29,141,0.11378413524057217,0.08622447107343674,0.1413437994077076,0.03580562659846547,0.01813854181724266,0.05347271137968829,0.02877237851662404,0.015440787888699002,0.04210396914454908,
29,143,0.09269027882441598,0.06431817614801294,0.12106238150081902,0.013293943870014771,0.0049987413071966354,0.021589146432832905,0.005022156573116691,4.605442539776534e-4,0.009583768892255729,
29,145,0.07852564102564102,0.06227738392079811,0.09477389813048394,0.027512505684402,0.016757919151115644,0.038267092217688356,0.015461573442473852,0.008685066594258831,0.022238080290688873,
29,147,0.11083894672382119,0.0826340022988691,0.13904389114877327,0.007869249394673124,0.002454313628192659,0.01328418516115359,0.012106537530266344,0.0048745540332026495,0.01933852102733004,
29,149,0.0964179104477612,0.06047171449166382,0.1323641064038586,0.03190546528803545,0.003978373647390489,0.05983255692868041,0.002363367799113737,6.109821013342916e-4,0.004115753496893183,
29,151,0.061568247821878024,0.03834972712340134,0.08478676852035472,0.01896551724137931,0.004252698202177128,0.03367833628058149,0.01053639846743295,0.0012331194588070023,0.0198396774760589,
29,153,0.09166666666666666,0.05105016727493721,0.1322831660583961,0.02188782489740082,0.004221358584694312,0.039554291210107326,0.047879616963064295,0.017794825518558946,0.07796440840756964,
29,155,0.14991896272285252,0.11714550721697481,0.18269241822873022,0.026294820717131476,0.006828108370242596,0.04576153306402035,0.010358565737051793,0.002451744384877672,0.018265387089225912,
29,157,0.0698478561549101,0.04467148289939161,0.0950242294104286,0.015688949522510234,0.005891595155293488,0.02548630388972698,0.011596180081855388,0.003021022665983185,0.020171337497727593,
29,159,0.0783001808318264,0.060962096492974044,0.09563826517067875,0.01766996106618748,0.01023404150153568,0.02510588063083928,0.020664869721473494,0.010683622735957415,0.030646116706989572,
29,161,0.12960319725949188,0.10326956985646482,0.15593682466251893,0.016074450084602367,0.008961415303348935,0.023187484865855798,0.01692047377326565,0.00703547015509313,0.026805477391438175,
29,163,0.07474844274077623,0.046578614369251176,0.10291827111230128,0.022204599524187154,0.009242547600325973,0.035166651448048335,0.013481363996827915,0.0030386276116208966,0.023924100382034935,
29,165,0.10182890855457227,0.08598234566698741,0.11767547144215713,0.02135899542307241,0.01370418783913926,0.02901380300700556,0.009153855181316747,0.0051654127364326,0.013142297626200894,
29,167,0.1053085886922745,0.07823396371925001,0.13238321366529898,0.0241423125794155,0.011878923688481546,0.03640570147034945,0.018636171113934775,0.008972823202016682,0.028299519025852867,
29,169,0.11386297844966227,0.08455914441690629,0.14316681248241825,0.03257745129351645,0.013071131890093804,0.05208377069693909,0.011817310763334398,0.00428383942036712,0.019350782106301676,
29,171,0.07870894677236694,0.03738860721177822,0.12002928633295565,0.025423728813559324,0,0.057092352819382325,0.005649717514124294,0,0.019103080689183677,
29,173,0.10592686002522068,0.06722508582998513,0.14462863422045624,0.00821917808219178,0,0.019342900631191054,0.0112079701120797,0,0.02487621629018088,
29,175,0.0867148415786548,0.06261630775283256,0.11081337540447705,0.012527472527472527,0.00450535069328333,0.020549594361661726,0.0032967032967032967,0,0.006674083708487378,
29,177,0.07446438911407065,0.05199170267533221,0.09693707555280909,0.020968660968660967,0.007897744867507807,0.03403957706981413,0.005698005698005698,0,0.011646457580135943,
29,179,0.058387799564270156,0.026851918934825796,0.08992368019371452,0.01471861471861472,0,0.030290152152506612,0.023376623376623377,0,0.048623816345745745,
29,181,0.09264516129032258,0.058295929402214855,0.1269943931784303,0.011181702668360865,0,0.0227661212894184,0.01397712833545108,0.002188131890335912,0.02576612478056625,
29,183,0.07247308372167764,0.06567447370530095,0.07927169373805433,0.009112418467834761,0.006874079754819071,0.011350757180850452,0.005979025450824914,0.0032461374765411096,0.008711913425108717,
29,185,0.07916241062308478,0.05175528957046653,0.10656953167570303,0.02654867256637168,0.0074830613317145404,0.04561428380102882,0.020227560050568902,0.006286433913609196,0.03416868618752861,
29,186,0.06771204561653599,0.039200941004873896,0.09622315022819808,0.012640449438202247,6.552453688131316e-4,0.024625653507591362,0.0011235955056179776,0,0.0038215038843415093,
29,187,0.09716941275876637,0.07725262812334399,0.11708619739418874,0.01835245046923879,0.007463425726655109,0.029241475211822472,0.011470281543274244,0.004972860842980174,0.017967702243568313,
29,189,0.11918238609273953,0.11343367760263082,0.12493109458284823,0.012534936901837893,0.01057251879481285,0.014497355008862935,0.006485256929908408,0.005033266362338353,0.007937247497478463,
29,195,0.07208252740167634,0.04977940563009832,0.09438564917325436,0.0076824583866837385,3.4342517436036345e-4,0.015021491599007113,0.006402048655569782,0.0025025031904501722,0.010301594120689391,
29,197,0.049323786793953855,0.014534296730668417,0.0841132768572393,0.030039525691699605,4.991403035371281e-4,0.05957991107986208,0.02292490118577075,0,0.048776132755687554,
29,199,0.08118811881188119,0.03253519373253649,0.1298410438912259,0.018360655737704918,0,0.041149613270765675,0.002622950819672131,0,0.014340797381033674,
29,201,0.11271870794078062,0.08701342238473338,0.13842399349682785,0.02434036939313984,0.012309396366829492,0.03637134241945019,0.0032981530343007917,1.5838125837505136e-5,0.006580467942764078,
29,203,0.0854014598540146,0.04127561644305962,0.12952730326496958,0.07223230490018148,0.019862320596534117,0.12460228920382885,0.010526315789473684,0,0.025801829178430213,
29,205,0.06980728051391863,0.02930848997696947,0.11030607105086779,0.005084745762711864,0,0.018208660104443372,0.003389830508474576,0,0.014193047480336663,
29,207,0.06794130724766563,0.04928041589385054,0.08660219860148072,0.016826503923278117,0.00825910866669967,0.025393899179856565,0.008718395815170008,0.0019505833430367193,0.015486208287303297,
29,209,0.10206522605852802,0.07717837504574968,0.12695207707130637,0.021532416502946954,0.011349527909986215,0.03171530509590769,0.010216110019646365,0.0031305459203152383,0.01730167411897749,
29,211,0.08571428571428572,0.043933375474984146,0.12749519595358727,0.021608040201005024,0.0021595536473901222,0.041056526754619925,0.01256281407035176,0,0.031136569813007622,
29,213,0.11314499182815783,0.08579399689037463,0.14049598676594105,0.027089604075017364,0.01603064892553993,0.038148559224494796,0.0062514470942347765,0.001543802710276214,0.01095909147819334,
29,215,0.10155382907880134,0.07618531939310277,0.1269223387644999,0.020353508302088912,0.008489190410687115,0.03221782619349071,0.012319228709159078,0.004571849961847078,0.02006660745647108,
29,217,0.07499028623235332,0.04953950462595315,0.10044106783875349,0.017363344051446947,0.008410449661543508,0.026316238441350386,0.029581993569131833,0.017170751743660694,0.04199323539460297,
29,219,0.08541746825702193,0.06083249459824547,0.11000244191579839,0.03168771526980482,0.013374419576414262,0.05000101096319538,0.0026789131266743206,2.1611444785436286e-4,0.005141711805494278,
29,221,0.08388195232690125,0.05796318568017593,0.10980071897362657,0.02159468438538206,0.010897562354879422,0.032291806415884694,0.016611295681063124,0.004088767239660448,0.0291338241224658,
29,223,0.10509626274065685,0.07046321671959221,0.1397293087617215,0.057683741648106905,0.025297346492123785,0.09007013680409003,0.005345211581291759,0,0.013670654462417733,
29,225,0.054194506310319225,0.035692680645866136,0.07269633197477232,0.02945679912504557,0.01741017221500011,0.04150342603509103,0.028800583302952973,0.016648472215685543,0.0409526943902204,
29,227,0.03780964797913951,0,0.09359188534282295,0.005161290322580645,0,0.03725949229810058,0.04387096774193548,0,0.09823954352512901,
29,229,0.1008166295471418,0.07298975993097309,0.1286434991633105,0.01391941391941392,0.00387262400907778,0.02396620382975006,0.027106227106227107,0.008200390091410319,0.046012064121043895,
29,510,0.17375435571361855,0.1633196338347802,0.1841890775924569,0.018733398574024885,0.014303438492929928,0.023163358655119842,0.008527890395638194,0.005668369329116926,0.011387411462159462,
30,000,0.1159573620923063,0.11136039220152438,0.12055433198308821,0.017751146052735322,0.01610598597636901,0.019396306129101634,0.012277125125305521,0.010721295017950242,0.0138329552326608,
30,001,0.14557425018288223,0.09821872680202798,0.19292977356373647,0.014372716199756394,0,0.029615869896101946,0.010962241169305725,0,0.022769083882848703,
30,003,0.07722772277227723,0.0381230318431699,0.11633241370138456,0.08977900552486189,0.05768653819932778,0.12187147285039598,0.031767955801104975,0.015865914113616302,0.04766999748859364,
30,005,0.1059135039717564,0.0672989392490454,0.1445280686944674,0.052422907488986786,0.026788130218545658,0.07805768475942791,0.022026431718061675,0.010105599138696318,0.03394726429742703,
30,007,0.12486772486772486,0.07271095713004012,0.1770244926054096,0.0062717770034843206,0,0.018547576682721233,0.0013937282229965157,0,0.007675691013595814,
30,009,0.13388037141006262,0.09782351819488366,0.16993722462524158,0.007311827956989247,0.0021660078121148417,0.012457648101863653,0.005161290322580645,4.913831359013637e-4,0.009831197509259926,
30,011,0.12166666666666667,0.05063838644560362,0.19269494688772973,0.02,0,0.053253512517685175,0,0,0.030892040936944205,
30,013,0.1063331870703525,0.09082813841966318,0.12183823572104181,0.014172089660159074,0.008815973872055858,0.01952820544826229,0.005350686912509038,0.0019298315268519981,0.008771542298166079,
30,015,0.0675990675990676,0.034252289454555544,0.10094584574357965,0.010068649885583524,4.296575509122984e-5,0.02009433401607582,0.006407322654462242,0,0.016989674168944428,
30,017,0.11385237613751265,0.07762420101098039,0.1500805512640449,0.027827827827827827,0.014173056280794624,0.041482599374861026,0.011011011011011011,0.0021460473131958042,0.019875974708826218,
30,019,0.0951048951048951,0.02629864849328696,0.16391114171650323,0.011188811188811189,0,0.03977811016098144,0,0,0.02592339099603709,
30,021,0.08077845907757931,0.03628991149069192,0.12526700666446672,0.002122015915119363,0,0.009073723260922973,0.02493368700265252,0.0017428357457705684,0.04812453825953447,
30,023,0.1491533286940385,0.09023164511580237,0.20807501227227462,0.0034602076124567475,0,0.013178947994657218,0.006920415224913495,0,0.016057962604019586,
30,025,0.06434782608695652,0.005085118416155096,0.12361053375775795,0.012875536480686695,0,0.045818229573387256,0.008583690987124463,0,0.028424143457542638,
30,027,0.10363101079489696,0.07014719138647749,0.13711483020331644,0.022950819672131147,0.004536973281688381,0.04136466606257391,0.005593056894889103,0,0.01479363963086958,
30,029,0.13448894202032277,0.1177230788188922,0.15125480522175333,0.023128928952674654,0.016291967642983386,0.029965890262365923,0.01589372553670976,0.009938261688329002,0.02184918938509052,
30,031,0.13731468825570392,0.12054031446266131,0.15408906204874653,0.017336814621409923,0.012046362550069281,0.022627266692750565,0.004386422976501305,0.0020655368323993107,0.0067073091206033,
30,033,0.07142857142857142,0,0.18195524249029488,0.04390243902439024,0,0.11561564295391252,0,0,0.045207864785772,
30,035,0.0975609756097561,0.060728172765817365,0.13439377845369482,0.07305389221556886,0.04260126297831651,0.10350652145282122,0.031137724550898204,0.010103996694726912,0.052171452407069496,
30,037,0.08955223880597014,0,0.19851098922453653,0.022535211267605635,0,0.09628836767225266,0.011267605633802818,0,0.0482966054003818,
30,039,0.07790262172284644,0.02381450848236595,0.13199073496332692,0.021561338289962824,0,0.051166378916456624,0.026022304832713755,0,0.05482376667686514,
30,041,0.09445350734094617,0.06825904126969348,0.12064797341219885,0.013665594855305467,0.0053370249359511925,0.021994164774659743,0.008842443729903537,9.870969245142532e-4,0.01669779053529282,
30,043,0.07076591154261057,0.04458043380961674,0.0969513892756044,0.03076923076923077,0.01627865161795544,0.0452598099205061,0.01047008547008547,0.0028066980987696668,0.018133472841401273,
30,045,0.1187214611872146,0.043699657324975216,0.193743265049454,0,0,0.02912529550827423,0.021111111111111112,0,0.04490407150898612,
30,047,0.12480553154710458,0.10295954318312969,0.14665151991107947,0.023651452282157676,0.015494029472219211,0.03180887509209614,0.015767634854771784,0.008145448878786767,0.023389820830756802,
30,049,0.10255135851557323,0.08570627557071728,0.11939644146042919,0.009907529722589167,0.005395093927686771,0.014419965517491563,0.012054161162483487,0.007147891373947825,0.01696043095101915,
30,051,0.13649425287356323,0.05260454203856446,0.220383963708562,0.016783216783216783,0,0.04284908615387546,0.13286713286713286,0.056669513493233584,0.20906475224103216,
30,053,0.13641552511415525,0.09865506239989055,0.17417598782841995,0.017454954954954954,0.0076890474832841844,0.027220862426625723,0.01126126126126126,0.004114687381726257,0.018407835140796264,
30,055,0.041237113402061855,0,0.09418460888633584,0.010256410256410256,0,0.04031687053603458,0.005128205128205128,0,0.028882201188692294,
30,057,0.09759547383309759,0.06185005730431108,0.1333408903618841,0.016853932584269662,0.004885720102798367,0.028822145065740958,0.0022471910112359553,0,0.0076529022427546615,
30,059,0.1125748502994012,0.0031175213419512154,0.2220321792568512,0.004790419161676647,0,0.032307589184554814,0,0,0.022197873727145535,
30,061,0.09975550122249388,0.0592432976215825,0.14026770482340525,0.01875,0.002809815698358857,0.03469018430164114,0.009134615384615385,0,0.021634052722357987,
30,063,0.13043912175648703,0.11442803127980763,0.14645021223316643,0.016850034691247892,0.011065503188000633,0.02263456619449515,0.013975617008623252,0.008706821452162245,0.01924441256508426,
30,065,0.08869075551384327,0.047206271482133424,0.1301752395455531,0.03044496487119438,2.892336686017849e-4,0.06060069607378697,0.001873536299765808,0,0.00811156499122443,
30,067,0.12047440699126093,0.093641321496117,0.14730749248640485,0.01601489757914339,0.0030532291976181417,0.028976565960668638,0.016139044072004966,0.00344707353332749,0.028831014610682444,
30,069,0.08421052631578947,0,0.28929221451819104,0.021052631578947368,0,0.14180067007689068,0,0,0.09755381348508696,
30,071,0.05097365406643757,0.015697528142721698,0.08624977999015344,0.018857142857142857,0,0.03783060522192333,0.002285714285714286,0,0.010815390327086314,
30,073,0.08033629145259225,0.046679480394916546,0.11399310251026795,0.02923433874709977,0.008129171200962917,0.05033950629323662,0.02088167053364269,0.00830450688018581,0.03345883418709957,
30,075,0.05170068027210884,0,0.10451783631320329,0.010738255033557046,0,0.04067144529473488,0,0,0.024879496056599358,
30,077,0.08043956043956044,0.035258512739213474,0.12562060813990739,0.021304347826086957,0.006195014476739575,0.03641368117543434,0.0034782608695652175,0.0023427194037607666,0.004613802335369668,
30,079,0.18503118503118504,0.058457707043394536,0.31160466301897555,0,0,0.054046940118447025,0.008247422680412371,0,0.03535035172937847,
30,081,0.10682492581602374,0.08654013846172874,0.12710971317031872,0.012204828867073494,0.006211859803836537,0.01819779793031045,0.013531440700451048,0.006384605013230444,0.020678276387671654,
30,083,0.13054187192118227,0.08348866261156376,0.17759508123080078,0.012803532008830023,0,0.026104951328058158,0.008830022075055188,0,0.018112391700600215,
30,085,0.09495652173913044,0.059601181846366535,0.13031186163189434,0.03442622950819672,0.01593409752924803,0.05291836148714542,0.009836065573770493,0,0.020231844006576398,
30,087,0.12917369308600338,0.08362333927587481,0.17472404689613194,0.040722495894909685,0.0188933631102787,0.06255162867954067,0.054187192118226604,0.03090548684354054,0.07746889739291267,
30,089,0.14584877687175685,0.11002476135148889,0.1816727923920248,0.017511520737327188,0.004824153069239404,0.030198888405414973,0.020276497695852536,0.006100082800376905,0.03445291259132817,
30,091,0.08170391061452514,0.03633027006123244,0.12707755116781785,0.0125,0,0.030099769255300297,0.005555555555555556,0,0.01614176672425237,
30,093,0.12425474254742547,0.09437946298135412,0.1541300221134968,0.006962864721485411,0.0016829233127214826,0.012242806130249341,0.010610079575596816,0.004630855044409508,0.016589304106784126,
30,095,0.07983978638184246,0.056191475921691166,0.10348809684199375,0.022105263157894735,0.007290436998480825,0.03692008931730865,0.02368421052631579,0.008666912899058606,0.038701508153572976,
30,097,0.08391608391608392,0.04393527189835889,0.12389689593380895,0.01314878892733564,0,0.034691252983909786,0.006920415224913495,0,0.020952563138095553,
30,099,0.10526315789473684,0.06412052638099935,0.14640578940847432,0.017849898580121704,0,0.0364008321946834,0.012170385395537525,0,0.02450871238344661,
30,101,0.0923335198656967,0.026885097965868146,0.15778194176552524,0.021727019498607242,0,0.045174566976486266,0.03899721448467967,0.008260195777162548,0.06973423319219679,
30,103,0.08615384615384615,0,0.2075746765142987,0.029850746268656716,0,0.11581063548445238,0,0,0.05532902854378067,
30,105,0.06618962432915922,0.03313579568131527,0.09924345297700315,0.013051146384479718,0.0014499359285063945,0.02465235684045304,0.0014109347442680777,0,0.00772844503083927,
30,107,0.12375,0.03531294139648533,0.21218705860351467,0.004571428571428572,0,0.030653930333381665,0.021714285714285714,0.002724163297750371,0.04070440813082106,
30,109,0.10629067245119306,0,0.21259687916594047,0.03225806451612903,0,0.09115037229556473,0,0,0.03986069798315381,
30,111,0.10669920141969831,0.0935342564470901,0.11986414639230653,0.01634877384196185,0.011771710894305266,0.020925836789618436,0.01369762132704912,0.009106428306089834,0.018288814348008407,
31,000,0.10377585769072997,0.10052909022696034,0.1070226251544996,0.019301115433164172,0.017871644419072494,0.02073058644725585,0.01208815270872511,0.011116379066010094,0.013059926351440125,
31,001,0.10337972166998012,0.08127341841306503,0.12548602492689523,0.020841525756979944,0.007752635677719642,0.03393041583624025,0.018088871411718443,0.01071947020703631,0.025458272616400577,
31,003,0.06831339251254342,0.04048756204567079,0.09613922297941606,0.014971209213051824,0.002054978779213741,0.027887439646889906,0.009596928982725527,0,0.02088764224698366,
31,005,0.1111111111111111,0,0.2877123080593797,0.044444444444444446,0,0.14061974640284908,0.022222222222222223,0,0.11572333810658024,
31,007,0.016260162601626018,0,0.16936864323830506,0.016,0,0.10066095489887482,0.016,0,0.08332468076236035,
31,009,0.145,0,0.33527048959918415,0.02,0,0.12381011323894972,0,0,0.08425102073712055,
31,011,0.08014407924358397,0.04471247138137142,0.11557568710579652,0.0035714285714285713,0,0.015272362075414485,0.011160714285714286,0,0.023759749259395432,
31,013,0.08830022075055188,0.04978827434445457,0.1268121671566492,0.02622950819672131,0.007154261531435894,0.04530475486200673,0.013114754098360656,0,0.02765582449691629,
31,015,0.12170639899623588,0.05505489798868732,0.18835790000378444,0,0,0.029602220166512486,0.017391304347826087,0,0.03886873001705627,
31,017,0.12716763005780346,0.06503056426518888,0.18930469585041804,0,0,0.019612993608265475,0.037037037037037035,0.005242758615913487,0.06883131545816058,
31,019,0.1161106801137833,0.09651039598214613,0.13571096424542045,0.01350729086722947,0.0069522090044325845,0.020062372730026357,0.00920951650038373,0.004086176248728104,0.014332856752039356,
31,021,0.08436363636363636,0.058423252643747633,0.11030402008352509,0.0064516129032258064,0,0.01737659807436392,0.016129032258064516,0.004785865554193212,0.02747219896193582,
31,023,0.0795355587808418,0.04704589752291923,0.11202522003876436,0.011396011396011397,0,0.02538043479975336,0.024216524216524215,0.008144471245701324,0.0402885771873471,
31,025,0.07284382284382285,0.05311520286223764,0.09257244282540805,0.014506769825918761,0.005748243448904651,0.02326529620293287,0.008220502901353965,0.0035584461437433894,0.012882559658964541,
31,027,0.06156156156156156,0.038230522383498694,0.08489260073962443,0.00834575260804769,0,0.01723826682869907,0.01609538002980626,0.005440002109315346,0.026750757950297174,
31,029,0.08943089430894309,0.035127171181640875,0.1437346174362453,0.005405405405405406,0,0.017060339846432744,0.02702702702702703,0,0.055440708505466035,
31,031,0.07177033492822966,0.025967639717504994,0.11757303013895434,0.030805687203791468,0.002993574474033152,0.058617799933549784,0.013744075829383886,0,0.032344326857180944,
31,033,0.10023364485981308,0.06767393883740297,0.1327933508822232,0.01948955916473318,0.004647176211746139,0.03433194211772022,0.012761020881670533,4.4048411554289436e-4,0.025081557647798174,
31,035,0.05770012190166599,0.03289091123766821,0.08250933256566377,0.010101010101010102,0,0.027171025971305385,0.01575757575757576,0.003700306524807689,0.027814844990343826,
31,037,0.0289732770745429,0.010266307558472642,0.04768024659061315,0.06915629322268327,0.0044269095835863664,0.13388567686178016,0.003872752420470263,0,0.009019255799191987,
31,039,0.04471879286694101,0.02389017222379789,0.06554741351008414,0.010242587601078167,0,0.022976852681917327,0.007816711590296496,0,0.015998112935262866,
31,041,0.0901458241272647,0.06396955135123451,0.11632209690329488,0.010341034103410342,0.002937993320446153,0.01774407488637453,0.011001100110011002,4.4638271828080153e-4,0.021555817501741202,
31,043,0.1045733407696598,0.07071971392553784,0.13842696761378176,0.07924791086350975,0.04173134564547146,0.11676447608154805,0.020891364902506964,0.004284467215265767,0.03749826258974816,
31,045,0.12180407928756104,0.05657702383437163,0.18703113474075045,0.0011477761836441894,0,0.010134705108732489,0.005738880918220947,0,0.013046059556325764,
31,047,0.11169724770642202,0.08242539285693036,0.14096910255591366,0.05448354143019296,0.03448937083340074,0.07447771202698518,0.010102156640181612,0.0013374975782143635,0.018866815702148862,
31,049,0.06153846153846154,0.014091210125558203,0.10898571295136489,0.009302325581395349,0,0.030119873503487878,0.009302325581395349,9.0061673451961e-4,0.017704034428271086,
31,051,0.05618486633439058,0.026735052318997043,0.08563468034978411,0.019864559819413093,0.0011490689337426835,0.0385800507050835,0.008577878103837472,0.001938346385105651,0.015217409822569293,
31,053,0.09047127622979016,0.07044452128544364,0.11049803117413669,0.01094017094017094,0.004552485900906708,0.01732785597943517,0.02017094017094017,0.009060628309551299,0.03128125203232904,
31,055,0.12334743811799785,0.11657577419428257,0.13011910204171315,0.02240031105542835,0.01946505577102678,0.025335566339829918,0.011124551777768178,0.009424742874072828,0.012824360681463528,
31,057,0.062340966921119595,0.008314064669001121,0.11636786917323808,0,0,0.030164287638028545,0.005063291139240506,0,0.022644047646914703,
31,059,0.04325913481730365,0.019149158448680682,0.06736911118592662,0.0016771488469601676,0,0.014742535849408739,0.025157232704402517,0.008560746801170104,0.04175371860763493,
31,061,0.09156626506024096,0.04941899823356751,0.1337135318869144,0.019123505976095617,0,0.039453585772007416,0.0031872509960159364,0,0.014257350157869858,
31,063,0.10490196078431373,0.05472183653224707,0.15508208503638038,0.03768115942028986,0.0018201698933953403,0.07354214894718437,0.018357487922705314,0,0.03907600699088344,
31,065,0.10151515151515152,0.06646998655465915,0.13656031647564387,0.012468827930174564,0,0.027263324321794312,0.029925187032418952,0.00888082152995754,0.050969552534880364,
31,067,0.10465631929046564,0.08138876584659736,0.12792387273433392,0.01190606226105953,0.0034109778023330723,0.02040114671978599,0.011469142545057346,0.003083035613226315,0.019855249476888378,
31,069,0.07107843137254902,0.014209129226423742,0.12794773351867428,0.004819277108433735,0,0.03352655570697894,0.004819277108433735,0,0.025116048791648513,
31,071,0.0907911802853437,0.015249857341036219,0.1663325032296512,0,0,0.030748112560054903,0.005161290322580645,0,0.030369963143762235,
31,073,0.08579088471849866,0.020879948013057925,0.1507018214239394,0.013333333333333334,0,0.05184777434146305,0.005333333333333333,0,0.023846370155324908,
31,075,0.11956521739130435,0,0.28055986287725565,0.04285714285714286,0,0.1166547322554147,0.014285714285714285,0,0.07441082904717833,
31,077,0.09378531073446328,0.041167149096428095,0.14640347237249846,0.019889502762430938,0,0.04182610026737227,0.020994475138121547,0,0.04236443077375662,
31,079,0.09187234042553191,0.07357830216330533,0.1101663786877585,0.019771071800208116,0.011518237241967403,0.028023906358448827,0.02372528616024974,0.012272212133592189,0.03517836018690729,
31,081,0.06265734265734266,0.033181427567999695,0.09213325774668563,0.011188811188811189,0,0.027165070976637746,0.006993006993006993,0,0.01401700260367624,
31,083,0.08032786885245902,0.0438085297934493,0.11684720791146874,0.040983606557377046,0,0.09256274397650319,0.00819672131147541,0,0.02199350882887109,
31,085,0.06933333333333333,0,0.17113668107859664,0.010666666666666666,0,0.07584745280763983,0,0,0.044933877726464296,
31,087,0.07222222222222222,0.032635158950591096,0.11180928549385333,0.021621621621621623,0,0.044894718138505554,0.012612612612612612,0,0.029551041987081424,
31,089,0.08673726676752395,0.05723431081458185,0.11624022272046605,0.006007509386733416,0,0.01336768627540122,0.003504380475594493,0,0.009621428851274268,
31,091,0.027586206896551724,0,0.1572951215373147,0.013793103448275862,0,0.10523656095338389,0.013793103448275862,0,0.07180421454465011,
31,093,0.09598393574297188,0.05574115221495111,0.13622671927099267,0.01925343811394892,0,0.04260299675870827,0.0137524557956778,0,0.02902497438045812,
31,095,0.0977491961414791,0.055868112946450096,0.13963027933650812,0.003205128205128205,0,0.01485651482981621,0.001282051282051282,0,0.0073199529408898125,
31,097,0.05782710280373832,0.02383260326406582,0.09182160234341082,0.0069767441860465115,0,0.019323310286799827,0.005813953488372093,0,0.020023578886434072,
31,099,0.04632050803137841,0.013990431479248812,0.07865058458350802,0.03165735567970205,0,0.06582715878149376,0.0148975791433892,7.905545697153397e-4,0.02900460371706306,
31,101,0.08674698795180723,0.05068488518167348,0.12280909072194097,0.01164021164021164,0,0.02453033024545957,0.013227513227513227,0,0.029276058867691516,
31,103,0.13707165109034267,0,0.27450637035159287,0.012307692307692308,0,0.07672694162237455,0,0,0.05184678199207418,
31,105,0.09453072248480757,0.04921827868616984,0.13984316628344529,0.005333333333333333,0,0.02131333777324204,0.023333333333333334,0.0027012707603428707,0.0439653959063238,
31,107,0.057231726283048213,0.033981610893093074,0.08048184167300335,0.016819571865443424,0.0073680951709026755,0.026271048559984172,0.009174311926605505,0.0018101997921249535,0.016538424061086056,
31,109,0.11876530731252187,0.10957592501293224,0.1279546896121115,0.02125202125202125,0.016993476508225518,0.025510565995816983,0.009625009625009624,0.0071670030618190385,0.012083016188200211,
31,111,0.12308762169680111,0.09281031456461158,0.15336492882899064,0.011045909561615464,0.003474945892430698,0.01861687323080023,0.022091819123230928,0.0076286791271354265,0.03655495911932643,
31,113,0.1540983606557377,0.03430875777488908,0.27388796353658634,0.02622950819672131,0,0.10422976804049008,0,0,0.055246570975161016,
31,115,0.17777777777777778,0.009789195823966507,0.3457663597315891,0.014814814814814815,0,0.09322335623643879,0.014814814814814815,0,0.09433314236973686,
31,117,0.041025641025641026,0,0.22930355698350413,0.041025641025641026,0,0.14932749961687505,0,0,0.08641130332012363,
31,119,0.08542199488491048,0.06380086582668816,0.1070431239431328,0.023571428571428573,0.01412489345746175,0.0330179636853954,0.018214285714285714,0.010682446421039275,0.025746125007532154,
31,121,0.11178343949044586,0.07007857784734284,0.1534883011335489,0.023307086614173227,0.00502032796639169,0.04159384526195477,0.026771653543307086,0.007634665510458001,0.04590864157615617,
31,123,0.09055770292655992,0.05055896087927538,0.13055644497384444,0.004407713498622589,0,0.016929851789762286,0.013223140495867768,0,0.033475010247710796,
31,125,0.05637065637065637,0.019997608369019107,0.09274370437229364,0.0030651340996168583,0,0.019113342058279522,0.014559386973180077,0,0.03585370159383779,
31,127,0.08654185800070646,0.04706850608599968,0.12601520991541323,0.010526315789473684,0,0.023727544079838868,0.005263157894736842,0,0.013288777403059542,
31,129,0.041474654377880185,0.013861853381308634,0.06908745537445174,0.002285714285714286,0,0.017448326115273485,0.002285714285714286,0,0.009227615640211673,
31,131,0.10209178894786138,0.07449297827343071,0.12969059962229204,0.028081123244929798,0.013445349808483435,0.04271689668137616,0.01638065522620905,0.008548439340508394,0.024212871111909704,
31,133,0.05965909090909091,0.014699740245865983,0.10461844157231584,0.0308411214953271,0.0012045197374161778,0.060477723253238025,0.003738317757009346,0,0.017328372993433958,
31,135,0.08979947689625109,0.04037798283398833,0.13922097095851385,0.012121212121212121,0,0.032856275283248144,0.003463203463203463,0,0.018049183155007288,
31,137,0.12407407407407407,0.0774256873311964,0.17072246081695175,0.024704336399474378,0.008971827231009106,0.04043684556793965,0.002102496714848883,0,0.005072251096690737,
31,139,0.06928571428571428,0.04022579007982159,0.09834563849160698,0.006608695652173913,0,0.020451556907897902,0.006608695652173913,0.001980795065400793,0.011236596238947034,
31,141,0.06908267270668177,0.05012395216729132,0.08804139324607221,0.013167795334838224,0.0026466965897677264,0.02368889407990872,0.01805869074492099,0.006078462220838797,0.030038919269003185,
31,143,0.040755467196819085,0.01059652211034873,0.07091441228328944,0.006930693069306931,0,0.021312895575828637,0.009405940594059406,0.002834172484304341,0.015977708703814472,
31,145,0.11854460093896714,0.06907055375423135,0.16801864812370293,9.269988412514484e-4,0,0.008623791469214244,0.006952491309385863,0,0.01667189284825637,
31,147,0.07092990784697012,0.038483629128084555,0.10337618656585568,0.0041841004184100415,0,0.013990580879763598,0.009762900976290097,0,0.021120874451630575,
31,149,0.03214285714285714,0,0.09637953562866688,0,0,0.04144310823311748,0.01391304347826087,0,0.036170257774648794,
31,151,0.06338989662570704,0.03501899147374457,0.09176080177766952,0.018500486854917234,0,0.039018791920734486,0.001557935735150925,0,0.004379831203746109,
31,153,0.0826271186440678,0.07279114844921676,0.09246308883891884,0.012651110486364914,0.009279400935963574,0.016022820036766253,0.007450098397526005,0.005169875893340869,0.00973032090171114,
31,155,0.07585812356979404,0.05471403847190164,0.09700220866768644,0.008987485779294653,0.003701837536101425,0.014273134022487881,9.101251422070534e-4,0,0.0023251497760869394,
31,157,0.11611390284757118,0.09064338024990702,0.14158442544523536,0.018187830687830687,0.008947775035041631,0.027427886340619743,0.027116402116402115,0.013210306143563624,0.041022498089240605,
31,159,0.07324159021406727,0.04964696159206809,0.09683621883606645,0.012775665399239544,0.0034406849843048194,0.022110645814174268,0.01749049429657795,0.006374669370879956,0.02860631922227594,
31,161,0.10023980815347722,0.05254228523465995,0.14793733107229448,0.016666666666666666,0,0.03733905638271989,0.016666666666666666,0,0.03472950869213147,
31,163,0.0766847405112316,0.03476064276466577,0.11860883825779743,0.0030651340996168583,0,0.022836724697314747,0.034482758620689655,0.011271397383134346,0.05769411985824496,
31,165,0.07333333333333333,0,0.15867575921169766,0.03111111111111111,0,0.08769075706493208,0,0,0.03744489810538691,
31,167,0.07942238267148015,0.038334190487225354,0.12051057485573494,0.012527964205816556,0.001759503675896553,0.023296424735736558,0.020134228187919462,0.0015329935060216203,0.0387354628698173,
31,169,0.07111111111111111,0.0391277249854376,0.10309449723678463,0.02141119221411192,0.003979372351910003,0.03884301207631384,0.009245742092457421,0.0010169658619768283,0.017474518322938015,
31,171,0.07213114754098361,0,0.1849598041813892,0,0,0.0781304499476805,0.013114754098360656,0,0.052892664628071365,
31,173,0.06968463886063073,0.0406996680232382,0.09866960969802326,0.09022556390977443,0.06440681913786367,0.1160443086816852,0.010025062656641603,0,0.02103535466629394,
31,175,0.07204610951008646,0.03156753515448532,0.11252468386568759,0.018857142857142857,9.670656735046232e-4,0.03674722004078109,0.011428571428571429,0,0.02425780606554258,
31,177,0.06810079901659497,0.047422663635321036,0.0887789343978689,0.0036429872495446266,0,0.008895181695042626,0.01153612629022465,0.004343391259232106,0.018728861321217195,
31,179,0.13821792807300054,0.0794517211412891,0.19698413500471199,0.006702412868632708,0,0.01746030503165598,0.0160857908847185,0,0.03305319613181361,
31,181,0.03940217391304348,0.010746654400718578,0.06805769342536838,0.012162162162162163,0,0.031162772648850534,0.013513513513513514,9.689815985335914e-4,0.026058045428493437,
31,183,0.07624633431085044,0,0.18548466807202688,0.034782608695652174,0,0.07578684119968389,0.011594202898550725,0,0.048754283792674706,
31,185,0.0872495446265938,0.05727731040863218,0.11722177884455542,0.027728085867620753,0.005277201281152236,0.05017897045408927,0.023255813953488372,0.009392554818194666,0.03711907308878208,
32,000,0.15937690122597617,0.15555579636388633,0.163198006088066,0.04250345888439162,0.04059184035414055,0.0444150774146427,0.010548523206751054,0.009574750474783102,0.011522295938719007,
32,001,0.10953878406708595,0.07370713249194741,0.1453704356422245,0.03178738926524231,0.015827167868491157,0.04774761066199347,0.009379885356956748,0.0027003073414617815,0.016059463372451715,
32,003,0.17218961791572537,0.16758139283272264,0.1767978429987281,0.04519651835432773,0.042808713017602695,0.04758432369105277,0.009839433421635941,0.008708935456913142,0.01096993138635874,
32,005,0.1363855421686747,0.11373849978883727,0.15903258454851216,0.023333333333333334,0.01280523311956865,0.033861433547098016,0.009761904761904762,0.004004732600573406,0.015519076923236117,
32,007,0.09610596026490066,0.07320651229669085,0.11900540823311047,0.023384130320546506,0.01346007139741854,0.03330818924367447,0.006305832895428271,9.622095216209013e-4,0.011649456269235641,
32,009,0.24742268041237114,0,0.5331813273021655,0.020618556701030927,0,0.09450213253533553,0.008247422680412371,0,0.04331833833729754,
32,011,0.0875,0,0.20947182851888724,0.043859649122807015,0,0.13935319765797638,0.017543859649122806,0,0.05728635529544946,
32,013,0.0937637564196625,0.06053176956670567,0.12699574327261934,0.04223335719398712,0.02324452264444538,0.06122219174352886,0.002863278453829635,0,0.008697119528999469,
32,015,0.11804008908685969,0.0458316622642662,0.1902485159094532,0.03503325942350333,0.0046377443120702334,0.06542877453493642,0,0,0.014197511255035836,
32,017,0.06461538461538462,0.013598645386787338,0.11563212384398189,0.03343465045592705,0,0.08280180757184293,0.0060790273556231,0,0.022579255589805874,
32,019,0.12285652268287389,0.09856927269235043,0.14714377267339734,0.024688707599828254,0.016981025601124133,0.032396389598532374,0.0072992700729927005,0.003538981169725887,0.011059558976259515,
32,021,0.09428879310344827,0.02225563123809561,0.16632195496880092,0.010106382978723405,0,0.027771131895158382,0.002127659574468085,0,0.011086435072573722,
32,023,0.11317685335812223,0.08879230360961798,0.13756140310662648,0.022659647516594186,0.011975389655200015,0.033343905377988356,0.012130922407873656,0.005094781234992904,0.019167063580754408,
32,027,0.053763440860215055,7.671096865184204e-4,0.10675977203391168,0.013262599469496022,0,0.036441895028625285,0.010079575596816976,0,0.024723102971505706,
32,029,0.1242603550295858,0.04724804680511746,0.20127266325405413,0.005917159763313609,0,0.02600572374787701,0.005917159763313609,0,0.02142571969601964,
32,031,0.13714840470193115,0.12889506615386961,0.1454017432499927,0.04157571977964868,0.03678289352193054,0.04636854603736683,0.014317638499116516,0.01154768415514331,0.01708759284308972,
32,033,0.07142857142857142,0.028231485105526317,0.11462565775161654,0.018722139673105497,0,0.039436489081866755,0.007429420505200594,0,0.020595896310378867,
32,510,0.12353959324967546,0.1016135116709821,0.14546567482836884,0.04067651466495397,0.029070337351710454,0.05228269197819749,0.016698779704560053,0.00997910548200294,0.023418453927117167,
33,000,0.11683823393520486,0.11233456758469974,0.12134190028570997,0.014299734918319987,0.012831565213416694,0.01576790462322328,0.008732102400410922,0.0074615400034021145,0.010002664797419729,
33,001,0.12265064909901181,0.10188381567862304,0.1434174825194006,0.013484877672895397,0.004753068317976592,0.0222166870278142,0.010787902138316317,0.0037068612972250515,0.01786894297940758,
33,003,0.1398283460913941,0.11506735968039507,0.16458933250239316,0.014784014784014783,0.007603851372014453,0.021964178196015115,0.014322014322014322,0.007041471616576143,0.0216025570274525,
33,005,0.11924164310660236,0.10190878788765627,0.13657449832554844,0.014684045537040093,0.010281153972186183,0.019086937101894002,0.0028048176868503546,9.405519431128107e-4,0.004669083430587899,
33,007,0.10140636565507032,0.08322070332400383,0.1195920279861368,0.009177679882525698,0.003975791340936228,0.014379568424115167,0.006240822320117474,0.0016393772477031072,0.010842267392531841,
33,009,0.1273094688221709,0.1100251932299359,0.1445937444144059,0.008265640587145504,0.004647491710098425,0.011883789464192582,0.014821148639019524,0.00881585551924322,0.020826441758795826,
33,011,0.11944805096772246,0.11129454123136037,0.12760156070408454,0.017042892783071327,0.01396800302368888,0.020117782542453774,0.0072139228711413025,0.004827900633812776,0.009599945108469829,
33,013,0.10090893788924424,0.08940946014255334,0.11240841563593514,0.017042606516290727,0.012146067491791021,0.021939145540790433,0.007518796992481203,0.0047421084397252,0.010295485545237206,
33,015,0.10936747471504255,0.09978194206989358,0.11895300736019151,0.012513449966126012,0.009804020320053465,0.015222879612198559,0.009205754592914358,0.006140924603993667,0.01227058458183505,
33,017,0.12326869806094183,0.10701565474004009,0.1395217413818436,0.01314885683446178,0.007281320581382872,0.019016393087540686,0.010793837699931311,0.005347594811667644,0.01624008058819498,
33,019,0.13283533614810003,0.10565258650411215,0.16001808579208793,0.01063227430009437,0.004996103657550833,0.016268444942637905,0.007549543881723813,0.0024737511659664296,0.012625336597481196,
34,000,0.1662905092167152,0.1640406501193923,0.1685403683140381,0.0356818763524676,0.03463567261731483,0.036728080087620366,0.00871250901645066,0.008192775236532685,0.009232242796368636,
34,001,0.17976941689993833,0.1660568897825804,0.19348194401729626,0.028225806451612902,0.022668332006661226,0.03378328089656458,0.012003000750187547,0.008349496619927772,0.01565650488044732,
34,003,0.17069799585349,0.16304874794783783,0.17834724375914215,0.03213669854209124,0.02897323578877886,0.035300161295403615,0.008522281919366102,0.006965182073256741,0.010079381765475463,
34,005,0.12654606403883945,0.11844138489513131,0.13465074318254758,0.01424436101000258,0.011644116357345118,0.01684460566266004,0.0048149952709867876,0.003088121373109305,0.00654186916886427,
34,007,0.1653206287737892,0.15573422955473218,0.17490702799284621,0.026615682624336494,0.02254798455340607,0.030683380695266917,0.00784885914819753,0.005860355651276631,0.00983736264511843,
34,009,0.15343171702974936,0.13502619360480106,0.17183724045469767,0.01074523396880416,0.005927780053711189,0.015562687883897131,0.009820912767186597,0.004995340553187085,0.01464648498118611,
34,011,0.1888996138996139,0.16662766328105583,0.21117156451817198,0.031948274222687076,0.02423610760993644,0.03966044083543771,0.0077018161072549204,0.0033690020885872836,0.012034630125922558,
34,013,0.22600543610943832,0.21738214298549313,0.23462872923338352,0.05451524253850579,0.04966760829867955,0.059362876778332026,0.010449287403336102,0.008585247015204382,0.012313327791467822,
34,015,0.13085009140767825,0.12038603841802772,0.14131414439732878,0.009909541342788309,0.007295371543466808,0.01252371114210981,0.006545752079639984,0.0042134181691630326,0.008878085990116935,
34,017,0.197754341780786,0.18928308352995513,0.20622560003161686,0.07727844719104997,0.0718130297138298,0.08274386466827013,0.01310096361034976,0.010882677488958797,0.015319249731740724,
34,019,0.11436385737439222,0.10217524589480305,0.1265524688539814,0.00754906894816306,0.0039752890209865605,0.011122848875339559,0.0034222445898339205,0.0012904391266240814,0.00555405005304376,
34,021,0.1598549410698096,0.14729040501018678,0.17241947712943242,0.027015406664278038,0.02214110815421623,0.031889705174339845,0.009781440343962737,0.006569960774809555,0.01299291991311592,
34,023,0.1488653656415659,0.1419502246368036,0.15578050664632823,0.04738959813223387,0.04366247406422863,0.051116722200239106,0.007086914046329873,0.005112380617497147,0.009061447475162599,
34,025,0.15245751500966725,0.144575158635536,0.16033987138379852,0.015315478709469399,0.012882793549628556,0.01774816386931024,0.008141386050823207,0.005944903001610792,0.010337869100035622,
34,027,0.1334095015410777,0.12494958989793611,0.14186941318421928,0.016771709606814168,0.013812389432810684,0.01973102978081765,0.008913267055193692,0.005690327679211851,0.012136206431175533,
34,029,0.15623394669249233,0.1475895213487213,0.16487837203626335,0.021882112208464703,0.018672990646198675,0.02509123377073073,0.0062013237842691,0.004475942402573731,0.007926705165964469,
34,031,0.2123820417500715,0.20155166901350668,0.2232124144866363,0.07220247164381242,0.06579504550883337,0.07860989777879147,0.01153998081372383,0.009198779677719175,0.013881181949728484,
34,033,0.15295078619563,0.1315695394657111,0.17433203292554889,0.010911295211153768,0.005872050360331246,0.01595054006197629,0.008486562942008486,0.001933354564850896,0.015039771319166076,
34,035,0.13262243285939967,0.1224467655875699,0.14279810013122946,0.023478226786344217,0.019215173008037403,0.02774128056465103,0.007329596676204288,0.005039985715744506,0.00961920763666407,
34,037,0.12153956063582783,0.10910509008614996,0.1339740311855057,0.010559006211180125,0.007101033847476439,0.01401697857488381,0.003815439219165927,0.0019762670529282957,0.005654611385403558,
34,039,0.1710921148851401,0.1614121395692112,0.180772090201069,0.050576264406610165,0.0450722217056936,0.056080307107526726,0.010825270631765794,0.008573771838850362,0.013076769424681226,
34,041,0.13823730357549532,0.12168233170017158,0.15479227545081906,0.010344827586206896,0.006213857173872475,0.014475797998541318,0.005070993914807302,0.0014957600188026709,0.008646227810811934,
35,000,0.12986370974806954,0.12542659070673717,0.13430082878940192,0.033216460601587006,0.03111110569977028,0.035321815503403735,0.015267269483914622,0.013904882196107107,0.016629656771722137,
35,001,0.1561800592015017,0.1470967271935542,0.16526339120944916,0.025560753481918923,0.02211003249115419,0.02901147447268366,0.008466888418506199,0.006488063009194271,0.010445713827818127,
35,003,0.043478260869565216,0,0.09632721805190733,0,0,0.019241443108233117,0.040372670807453416,0.0054949349237046335,0.0752504066912022,
35,005,0.12622843415592924,0.10311563985665935,0.14934122845519912,0.024054982817869417,0.016453437764111144,0.03165652787162769,0.022336769759450172,0.01142813805425803,0.03324540146464232,
35,006,0.09169764560099132,0.05974880109685547,0.12364649010512717,0.06953846153846154,0.04367298551044343,0.09540393756647964,0.032615384615384616,0.018504655363914435,0.046726113866854796,
35,007,0.08865119651921682,0.056471725678216816,0.12083066736021683,0.018018018018018018,0.00480960309626503,0.031226432939771006,0.00990990990990991,6.777745875691694e-4,0.01914204523225065,
35,009,0.15106151333696244,0.12193891592534765,0.1801841107485772,0.03398974912328028,0.021322647232139568,0.04665685101442099,0.008632317237658484,0.0038906191391094363,0.01337401533620753,
35,011,0.048209366391184574,0,0.13102072129365488,0,0,0.041863139735480163,0.02027027027027027,0,0.06248742082292319,
35,013,0.14583852479441814,0.1284766652939565,0.1632003842948798,0.04086861046724411,0.0304872835248401,0.05124993740964812,0.013297547883371966,0.008661601774486043,0.01793349399225789,
35,015,0.06853582554517133,0.05065716704161828,0.08641448404872439,0.03897819863466197,0.023775132824937647,0.054181264444386285,0.0070469059678484915,0.001837315165264402,0.012256496770432581,
35,017,0.0957542908762421,0.0730378797948661,0.1184707019576181,0.011514614703277236,0.004759180177725112,0.01827004922882936,0.029229406554472984,0.011612501471947305,0.046846311636998664,
35,019,0.069713400464756,0.017662904353678704,0.12176389657583331,0.026254826254826256,0,0.05339124267510985,0.006177606177606178,3.708653414220015e-4,0.011984347013790354,
35,021,0.07468879668049792,0,0.2633573060592146,0.0326530612244898,0,0.15983267323609862,0.0163265306122449,0,0.08392754063268272,
35,023,0.06489292667099286,0.02266412444711633,0.1071217288948694,0.028938906752411574,0.003636370168841184,0.054241443335981965,0.00964630225080386,0,0.031224256872759582,
35,025,0.11418335089567966,0.0911910172885978,0.13717568450276152,0.04019688269073011,0.026396346894065954,0.05399741848739426,0.012715340442986054,0.00555655703454417,0.01987412385142794,
35,027,0.133032694475761,0.09033445489026715,0.17573093406125484,0.024916943521594685,0.004750895882127928,0.045082991161061445,0.017718715393133997,0,0.035569691062720066,
35,028,0.03712871287128713,0.01725705139473985,0.05700037434783441,0.0098159509202454,0.0010953896966801706,0.018536512143810628,0.007361963190184049,0,0.017294440005228274,
35,029,0.11041902604756512,0.07293801248621484,0.1479000396089154,0.0223463687150838,0.009781864657045123,0.03491087277312248,0.009497206703910615,0.0018173570278156156,0.017177056380005613,
35,031,0.08265720081135902,0.06229738858940749,0.10301701303331055,0.12622519722687067,0.10915355348219244,0.1432968409715489,0.10805641883815444,0.09605869111691218,0.1200541465593967,
35,033,0.021245774987928536,0,0.05653678456123602,0,0,0.014822355695815942,0.08373205741626795,0.005740283918104883,0.16172383091443102,
35,035,0.09333904476333262,0.07400861249424733,0.1126694770324179,0.03671842215694503,0.020239183583014374,0.05319766073087568,0.013428451531682753,0.0021433459800364353,0.02471355708332907,
35,037,0.1529790660225443,0.09723115740029567,0.20872697464479292,0.0021304926764314247,0,0.01270588834733867,0.009054593874833556,0,0.020705634023309414,
35,039,0.08946788990825688,0.06484468940244095,0.11409109041407281,0.016980461811722913,0.009486334222977238,0.024474589400468587,0.02522202486678508,0.014319011961286973,0.03612503777228319,
35,041,0.10580551523947751,0.05723522926872446,0.15437580121023056,0.031609195402298854,0.00839917744839425,0.05481921335620346,0.0027298850574712643,0,0.006850558365485351,
35,043,0.07970947871655787,0.06817314372180087,0.09124581371131486,0.025223092332908394,0.019951286974895246,0.030494897690921542,0.016208340921507924,0.01248782541612917,0.019928856426886677,
35,045,0.12528188423953895,0.1077456369311833,0.1428181315478946,0.06540803897685749,0.054832439988819204,0.07598363796489577,0.027161997563946407,0.02114334480689376,0.03318065032099905,
35,047,0.13304347826086957,0.0990902995563668,0.16699665696537233,0.03625377643504532,0.015592120357212216,0.05691543251287842,0.031937850668968495,0.011643069207001158,0.05223263213093583,
35,049,0.15227781926811054,0.13768799060457923,0.16686764793164185,0.03020702865983939,0.023754095517678153,0.036659961802000623,0.005083621896411994,0.003076860029369032,0.007090383763454956,
35,051,0.0958509412216673,0.05012865796603543,0.14157322447729917,0.005487228003784295,0,0.014278633199639418,0.00946073793755913,0,0.01924105644325114,
35,053,0.07411167512690356,0.03959541257529938,0.10862793767850773,0.05348133198789102,0.026138217617002184,0.08082444635877986,0.022199798183652877,0.007804293348324625,0.03659530301898113,
35,055,0.14294205052005943,0.10370032523547192,0.18218377580464695,0.014852566436112121,0.0036074064339446307,0.026097726438279612,0.019293775027302514,0.00703247671988102,0.03155507333472401,
35,057,0.07952898550724638,0.04929108604171152,0.10976688497278124,0.03125,0.012017921382819406,0.0504820786171806,0.019642857142857142,0.002843617383724146,0.03644209690199014,
35,059,0.06615059817030261,0.01908461805324376,0.11321657828736145,0.040273037542662114,0.006377490507677844,0.07416858457764638,0.023890784982935155,0,0.05038977822084112,
35,061,0.11845676618844514,0.09623178455787557,0.1406817478190147,0.029311001141987057,0.016809024395590323,0.04181297788838379,0.010468214693566806,0.003791662004092345,0.017144767383041267,
36,000,0.18558853169068132,0.1838364989330211,0.18734056444834155,0.051795477035054785,0.050905573757182056,0.052685380312927514,0.009014369733809804,0.008579555673809811,0.009449183793809797,
36,001,0.13692137150720537,0.12655732129887817,0.14728542171553258,0.014564024966899944,0.010949981775092581,0.018178068158707306,0.00828447134480802,0.004997703747640003,0.011571238941976038,
36,003,0.10439494280553883,0.08727273567308812,0.12151714993798955,0.016057091882247992,0.010781360249328964,0.02133282351516702,0.013975617008623252,0.009684201993509611,0.018267032023736893,
36,005,0.2994672235124217,0.2907099870619286,0.30822445996291487,0.12498453515041351,0.11908586409547452,0.1308832062053525,0.014351380416266166,0.012510075199128156,0.016192685633404175,
36,007,0.13772155069831526,0.1259340401681793,0.14950906122845123,0.0189328743545611,0.014481625509178562,0.02338412319994364,0.005593803786574871,0.0036593726430866782,0.007528234930063063,
36,009,0.10384862091084028,0.09230693877208487,0.11539030304959569,0.01857732613528104,0.01345237841455584,0.02370227385600624,0.020641473483645603,0.015821626720753327,0.02546132024653788,
36,011,0.11963589076723016,0.10175948992083098,0.13751229161362935,0.012293756065998059,0.00633118256716999,0.01825632956482613,0.014234875444839857,0.006448058459149251,0.02202169243053046,
36,013,0.13232926020649804,0.12048600510527951,0.14417251530771658,0.015260743376088381,0.010925029825370185,0.019596456926806578,0.0160097369160191,0.01162609964052546,0.020393374191512742,
36,015,0.13254765022552015,0.11247041839980534,0.15262488205123495,0.011500862564692352,0.006241414530929253,0.016760310598455452,0.005175388154111558,0.0010580904908157425,0.009292685817407373,
36,017,0.09032586558044807,0.07476662385083016,0.10588510731006598,0.017349761126477244,0.010663858033792366,0.02403566421916212,0.009554940910233845,0.005193234200294057,0.013916647620173632,
36,019,0.11073041582308052,0.09531805604513811,0.12614277560102294,0.011791730474732006,0.00532534090622966,0.01825812004323435,0.007197549770290965,0.002156138904272047,0.012238960636309883,
36,021,0.1472233320015981,0.1267840592425246,0.1676626047606716,0.011264822134387351,0.006932213591613734,0.015597430677160969,0.004940711462450593,0.0012076341885444682,0.008673788736356717,
36,023,0.13112510265535177,0.110335409152134,0.15191479615856954,0.01431271941668917,0.007916179507348874,0.020709259326029468,0.0070213340534701595,0.002254930289516243,0.011787737817424076,
36,025,0.13523706896551724,0.11394439379124317,0.15652974413979132,0.010649627263045794,0.005854573165835803,0.015444681360255785,0.006389776357827476,0.00261576410042068,0.010163788615234272,
36,027,0.15300119781731067,0.14355344923165528,0.16244894640296606,0.016890409756953585,0.013579227469146572,0.0202015920447606,0.004825831359129596,0.0030321355207417614,0.00661952719751743,
36,029,0.13436483099978805,0.12852708472225,0.1402025772773261,0.0135163389046723,0.011786873925789358,0.015245803883555242,0.009494643889360341,0.008087310664085006,0.010901977114635676,
36,031,0.1040868454661558,0.08410425652392578,0.12406943440838583,0.011428571428571429,0.0055518549181832536,0.017305287938959604,0.006666666666666667,0.003282893790854147,0.010050439542479188,
36,033,0.10838881491344873,0.08793728629227741,0.12884034353462007,0.01241087932400317,0.007375449318190022,0.017446309329816317,0.008978082915236335,0.004365254594784924,0.013590911235687744,
36,035,0.11654545454545455,0.0972969941906527,0.1357939149002564,0.006333408731056322,0.002851469193277202,0.009815348268835442,0.004750056548292241,0.0012802539654930374,0.008219859131091446,
36,037,0.10262342491220822,0.083932879689245,0.12131397013517144,0.014745033790702437,0.007451410948609815,0.02203865663279506,0.010034814663116936,0.004563449519361498,0.015506179806872373,
36,039,0.12468336616943428,0.103288209180211,0.14607852315865755,0.017034347947500698,0.008751120412878814,0.02531757548212258,0.008656799776598716,0.0032017717994384815,0.01411182775375895,
36,041,0.08382180539273154,0.03858918106824917,0.12905442971721393,0.006956521739130435,0,0.026531341501462632,0.011594202898550725,4.862526552431301e-4,0.02270215314185832,
36,043,0.08258381030253475,0.06801139264720557,0.09715622795786394,0.009527670788566795,0.00560153478743172,0.013453806789701872,0.015203729981755523,0.007067773835401544,0.0233396861281095,
36,045,0.11892247043363995,0.10307437892927118,0.1347705619380087,0.018004338394793925,0.011910926426114195,0.024097750363473655,0.009761388286334056,0.0063454562220768024,0.01317732035059131,
36,047,0.24847747273257212,0.24351066119629158,0.2534442842688526,0.10257977564118623,0.09953294770835597,0.10562660357401649,0.008397172217184142,0.007296483474769904,0.009497860959598379,
36,049,0.09692089057318806,0.07910331803417253,0.11473846311220359,0.01218369259606373,0.004802302965287944,0.019565082226839517,0.006091846298031865,0.003148281469941584,0.009035411126122148,
36,051,0.10092320604280319,0.08670776077607281,0.11513865130953357,0.007685916078105526,0.003985083944301332,0.01138674821190972,0.009555463232239303,0.004505434293901396,0.01460549217057721,
36,053,0.11830759975937437,0.0998146813991107,0.13680051811963803,0.008723235527359239,0.004984360646911294,0.012462110407807184,0.006344171292624901,0.003137106214612667,0.009551236370637135,
36,055,0.13899911639489115,0.13233750294665378,0.14566072984312853,0.014107554213996346,0.012229617443175786,0.015985490984816907,0.008737786956867106,0.007255981231080892,0.010219592682653319,
36,057,0.13246268656716417,0.11282141936239162,0.15210395377193672,0.01638477801268499,0.009084663945158042,0.02368489208021194,0.011363636363636364,0.005874112426128474,0.016853160301144254,
36,059,0.17123112930240814,0.1651124568623707,0.17734980174244558,0.02888273193042637,0.0263612073880139,0.031404256472838836,0.007058513094531302,0.005671313753786944,0.008445712435275659,
36,061,0.20642062221281213,0.19968963477738044,0.2131516096482438,0.05445896971265855,0.05085238408069562,0.05806555534462149,0.010801190784364484,0.0094699144230973,0.012132467145631667,
36,063,0.11568496207050424,0.10561999688862063,0.12574992725238787,0.011101340954055837,0.007897463710906483,0.014305218197205191,0.012859969224005277,0.008535710221525616,0.017184228226484938,
36,065,0.11258855585831062,0.10297511421883315,0.1222019974977881,0.02108774006132659,0.016422166533594417,0.025753313589058763,0.0078003120124804995,0.005175322746450388,0.010425301278510612,
36,067,0.13383858319517908,0.12622581707124414,0.14145134931911402,0.015872604196384574,0.013278314405277944,0.018466893987491205,0.009440568508960759,0.007272044289981853,0.011609092727939665,
36,069,0.10063365911287724,0.08859187538074656,0.11267544284500791,0.012107051826677994,0.007596455605456889,0.0166176480478991,0.008071367884451997,0.004834255708384125,0.01130848006051987,
36,071,0.1903565670578531,0.1778077204783221,0.20290541363738407,0.03814562675743673,0.0324641943773625,0.04382705913751097,0.0059937842237679445,0.003810642119827424,0.008176926327708466,
36,073,0.1517348203221809,0.12502106363787707,0.17844857700648475,0.011111111111111112,0.005627085326022003,0.01659513689620022,0.010493827160493827,0.0038244175091894147,0.017163236811798238,
36,075,0.12317753001715266,0.10851928116940544,0.13783577886489987,0.02181972248702468,0.016457697182765494,0.027181747791283867,0.011333545175299227,0.0072406681245789336,0.015426422226019521,
36,077,0.11058237026965782,0.09414419452766558,0.12702054601165005,0.012329074198610178,0.007768930444689127,0.01688921795253123,0.012777404169468728,0.008053451895433782,0.017501356443503674,
36,079,0.15388384493442858,0.1349010799664297,0.17286660990242747,0.017332760349520127,0.010711179529873362,0.023954341169166893,0.004727116458960034,0.001184211829866836,0.008270021088053232,
36,081,0.22309483160018626,0.2173298905505409,0.22885977264983162,0.09824204882109541,0.09470154101072317,0.10178255663146765,0.008165413902015034,0.0072238283780932,0.009106999425936867,
36,083,0.11356875905728014,0.10312084081123839,0.1240166773033219,0.013769102738689665,0.009563286668003046,0.017974918809376284,0.008624602814344077,0.005125615852028878,0.012123589776659276,
36,085,0.19332535169111045,0.18208414598216174,0.20456655740005916,0.05252941176470588,0.046696981895115106,0.058361841634296655,0.007617647058823529,0.005404522112479624,0.009830772005167434,
36,087,0.21108426606183128,0.1969019338338573,0.22526659828980528,0.06975043868200428,0.06149537834160693,0.07800549902240164,0.006775199844024176,0.004038136867863102,0.00951226282018525,
36,089,0.12695588593711918,0.11030981562792228,0.14360195624631608,0.022342995169082124,0.01597649871828126,0.02870949161988299,0.019444444444444445,0.01347779527525686,0.02541109361363203,
36,091,0.10040837161817254,0.08984931212723711,0.11096743110910796,0.01249872980388172,0.008839682802459406,0.016157776805304034,0.007417945330759069,0.004142524564196849,0.01069336609732129,
36,093,0.13968379446640317,0.12474576708081708,0.15462182185198925,0.01625889158133354,0.01087781135602776,0.021639971806639322,0.005940748847025717,0.0038284732580338853,0.008053024436017549,
36,095,0.0930709307093071,0.07713535360053272,0.10900650781808147,0.018722018722018723,0.01166643267378969,0.025777604770247757,0.008954008954008955,0.005046337524691112,0.012861680383326798,
36,097,0.09809004092769441,0.07609551467048503,0.12008456718490379,0.016118200134318333,0.0035791209286225537,0.028657279340014115,0.005910006715916722,9.448097949337191e-4,0.010875203636899726,
36,099,0.12269031781226904,0.0985691307843797,0.14681150484015837,0.008370044052863436,0.004368985651525162,0.01237110245420171,0.015418502202643172,0.005598639169620874,0.025238365235665472,
36,101,0.09796076406814662,0.08797960666264114,0.1079419214736521,0.01136218562492021,0.00742209479465132,0.015302276455189098,0.01327716073024384,0.009493996543786742,0.01706032491670094,
36,103,0.16831360625475078,0.1624312597980288,0.17419595271147276,0.025250398973927175,0.023074529555836838,0.027426268392017512,0.006207348952877018,0.004876719942841923,0.007537977962912113,
36,105,0.14409075516423975,0.12460648972870961,0.1635750205997699,0.0287673524000669,0.01997822082181728,0.03755648397831652,0.007860846295367119,0.0025614862702568603,0.013160206320477378,
36,107,0.08709036742800397,0.0700000279454299,0.10418070691057804,0.005366814377154111,0.00145116444239709,0.009282464311911133,0.007139340226489414,0.0012075754741024992,0.013071104978876329,
36,109,0.19025438910784664,0.17035545542106054,0.21015332279463275,0.008607653832732348,0.004631835189828996,0.0125834724756357,0.006374316622077469,0.002517491120169766,0.010231142123985171,
36,111,0.17233847671387303,0.156331536599116,0.18834541682863007,0.016605549020964505,0.011712412212900605,0.021498685829028405,0.00788763578495814,0.00427138949448802,0.01150388207542826,
36,113,0.11158392434988179,0.09765442668630714,0.12551342201345644,0.010073875083948958,0.005309970486744721,0.014837779681153195,0.006715916722632639,0.0019621365182922847,0.011469696926972993,
36,115,0.11136505298150841,0.09027384719576206,0.13245625876725475,0.013822983288632143,0.007766078331190442,0.019879888246073844,0.016505054672993603,0.0031118944953482785,0.029898214850638927,
36,117,0.10300429184549356,0.08769356884794108,0.11831501484304605,0.014700039729837107,0.0081089875583325,0.021291091901341715,0.015494636471990465,0.007764336890326479,0.02322493605365445,
36,119,0.1888855230909041,0.1811230628240467,0.19664798335776149,0.04374014249197803,0.03957711696038462,0.04790316802357144,0.008443465491923641,0.006814774561473948,0.010072156422373335,
36,121,0.06489028213166144,0.05043074380392004,0.07934982045940284,0.010526315789473684,0.005465619657884554,0.015587011921062814,0.004953560371517028,5.421925762821309e-4,0.009364928166751926,
36,123,0.11347031963470319,0.0878122987904971,0.1391283404789093,0.021396396396396396,0.0120445902954055,0.030748202497387293,0.003265765765765766,0,0.009181361749356527,
37,000,0.11919863517630619,0.11742859363653363,0.12096867671607875,0.02233005215298534,0.02156152611431117,0.02309857819165951,0.007125057548541738,0.006589674039239267,0.007660441057844209,
37,001,0.10911415250413596,0.09725203085648945,0.12097627415178247,0.017069912423927563,0.012993076186200932,0.021146748661654193,0.008386522190886151,0.004942383138491591,0.01183066124328071,
37,003,0.0652971386647102,0.04382776982835901,0.08676650750106138,0.028706395348837208,0.012629098294574294,0.04478369240310012,0.007994186046511628,0,0.01650146556735894,
37,005,0.11466942148760331,0.07353181472235984,0.15580702825284679,0.03221884498480243,0.013649104004467203,0.05078858596513766,0.008915906788247214,4.259357739821411e-4,0.017405877802512286,
37,007,0.14993804213135067,0.10943274655761329,0.19044333770508806,0.018027828191167574,0.007486755160250288,0.028568901222084858,0.009679370840895343,8.917656264416547e-4,0.01846697605534903,
37,009,0.07047700902449505,0.0473729116814982,0.0935811063674919,0.011416490486257928,0.0030925181628039464,0.01974046280971191,0.007103594080338266,0.002155502077397296,0.012051686083279237,
37,011,0.07365967365967366,0.04895625179998908,0.09836309551935823,0.022993827160493828,0.005484370279504151,0.040503284041483505,0.0038580246913580245,0,0.011517713268047697,
37,013,0.12344625233395572,0.09752806942473277,0.14936443524317866,0.014760147601476014,0.004587759811270985,0.024932535391681044,0.002635740643120717,1.2951751764186123e-4,0.005141963768599572,
37,015,0.1824127906976744,0.12938680701774563,0.2354387743776032,0.018611309949892626,0,0.03898104881570359,0.0035790980672870437,0,0.010538530124812182,
37,017,0.1726027397260274,0.1358738841745973,0.2093315952774575,0.014053579270970576,0.002103268956886086,0.026003889585055066,0.005709266578831796,0,0.012993253953990147,
37,019,0.1271716585082552,0.11337600201205489,0.14096731500445553,0.014610522859722565,0.009304071978438924,0.019916973741006205,0.004350324222276943,0.0018189775344504442,0.006881670910103443,
37,021,0.11502347417840375,0.1037079780365207,0.12633897032028682,0.021618732996502136,0.016548197660951083,0.02668926833205319,0.010639331519626895,0.00642173310099437,0.014856929938259421,
37,023,0.0860283482788545,0.07073844846301264,0.10131824809469636,0.01974712317090496,0.013124566184762487,0.02636968015704743,0.009092200596675664,0.004454519347140446,0.013729881846210882,
37,025,0.09454139876656607,0.0815255960773265,0.10755720145580565,0.029981789802289282,0.02226581678520423,0.037697762819374335,0.005463059313215401,0.002789902290107018,0.008136216336323783,
37,027,0.07835116425424796,0.06333446932473637,0.09336785918375955,0.020859277708592777,0.013448488113471567,0.028270067303713987,0.008250311332503113,0.002753612988437069,0.013747009676569158,
37,029,0.09560723514211886,0.046693217427070055,0.14452125285716766,0.012919896640826873,0,0.032008251958179586,0,0,0.009143521630385175,
37,031,0.10551758626437739,0.09194622678012088,0.1190889457486339,0.009370376458984054,0.005757328018578863,0.012983424899389244,0.00821962847279303,0.003288399621435561,0.0131508573241505,
37,033,0.08353221957040573,0.057073534704654115,0.10999090443615733,0.011169900058788948,0.0021107959171047155,0.02022900420047318,0.005291005291005291,0,0.012622669790740823,
37,035,0.08403162055335968,0.07198110662007821,0.09608213448664114,0.02475170701427685,0.01844931182133649,0.031054102207217205,0.005819366852886406,0.003196434846224725,0.008442298859548086,
37,037,0.11261697321716682,0.08989176044478298,0.13534218598955067,0.018149694828140057,0.010866391420183169,0.025432998236096946,0.006103437198843559,0.0018081737877319133,0.010398700609955205,
37,039,0.08699090549624358,0.06395513921383582,0.11002667177865134,0.008228840125391849,0,0.016634048236412603,0.010579937304075235,0,0.021743576657324265,
37,041,0.11788617886178862,0.07446637491696939,0.16130598280660785,0.004827031375703942,0,0.013986460049750304,0.0056315366049879325,0,0.01763484107089685,
37,043,0.13709016393442622,0.082181595666879,0.19199873220197344,0.014314928425357873,0,0.03529174815409078,0.032719836400818,0,0.07160246431272232,
37,045,0.10854341736694678,0.08855732185346618,0.12852951288042738,0.033912211130862846,0.022441273395094705,0.04538314886663099,0.006700396554081773,0.002184239946524948,0.011216553161638597,
37,047,0.13659863945578232,0.10994408203840833,0.16325319687315631,0.019807140995569454,0.01055634461486978,0.029057937376269126,0.005212405525149857,0,0.01162821038979998,
37,049,0.12873249907074713,0.11169182081795612,0.14577317732353814,0.019997561273015486,0.012544281666040488,0.027450840879990484,0.007681990001219364,0.0026786422623164005,0.012685337740122326,
37,051,0.16088391563355336,0.15199715582831463,0.1697706754387921,0.02796954514971005,0.02365399784096866,0.03228509245845144,0.00501005956842479,0.003607861879606652,0.006412257257242928,
37,053,0.11367753623188406,0.08284502271441123,0.1445100497493569,0.010351035103510351,0.0019808029586018162,0.018721267248418886,0.00486048604860486,0,0.009833361598471289,
37,055,0.11483103879849813,0.09205302919568148,0.13760904840131477,0.02736318407960199,0.013421434421122688,0.04130493373808129,6.218905472636816e-4,0,0.003150859995483762,
37,057,0.09460369732804431,0.08226364186005598,0.10694375279603265,0.017507571840141834,0.012202476714375585,0.022812666965908085,0.0067961882248651845,0.002832011386051031,0.010760365063679337,
37,059,0.09506286415210058,0.06960697239262445,0.12051875591157671,0.018214936247723135,0.010162070689095823,0.026267801806350445,0.005768063145112325,0,0.012822004314095754,
37,061,0.10543289506325974,0.08220805734616968,0.1286577327803498,0.03942828979793001,0.027384742360249882,0.05147183723561014,0.0046821094135041895,7.462566270206869e-4,0.008617962199987693,
37,063,0.12279389769667963,0.1125875520660221,0.13300024332733715,0.026389606554956816,0.021405084532220935,0.0313741285776927,0.006126817745626338,0.003462502934122819,0.008791132557129856,
37,065,0.15626666666666666,0.12734898539826056,0.18518434793507277,0.022739018087855296,0.013016737105525285,0.03246129907018531,0.010594315245478035,0.0014287561179919962,0.019759874372964073,
37,067,0.13409113438852724,0.12420351116316547,0.143978757613889,0.02077141644077207,0.01736599359791907,0.024176839283625066,0.005160194650380483,0.0032522270709448384,0.007068162229816127,
37,069,0.09040576412590065,0.07193180188002483,0.10887972637177647,0.023607176581680833,0.013593979337805956,0.03362037382555571,0.005476864966949953,0.0012912067669548308,0.009662523166945075,
37,071,0.12677240374376506,0.11430911601251978,0.13923569147501033,0.018910699474702794,0.014634465813800922,0.023186933135604666,0.007354160906828864,0.004524691683451763,0.010183630130205965,
37,073,0.10714285714285714,0.0661690393048592,0.14811667498085507,0.008202653799758746,0,0.02277401921074712,0.0024125452352231603,0,0.009666339146883703,
37,075,0.059450726978998385,0.014674144288599242,0.10422730966939753,0.009119496855345912,0,0.022871871482241766,0.02358490566037736,7.953375147779357e-4,0.046374473805976785,
37,077,0.12061639038057437,0.09787830870226058,0.14335447205888815,0.01441525226691467,0.006275192511815431,0.022555312022013912,0.0053475935828877,6.170147934980623e-4,0.010078172372277337,
37,079,0.12518628912071536,0.09142765063172659,0.15894492760970413,0.04047093451066961,0.01908692033350829,0.06185494868783093,0.012509197939661517,0.002443284637970635,0.0225751112413524,
37,081,0.12927085321626264,0.120824719031831,0.1377169874006943,0.026923528720779983,0.023130252156280576,0.03071680528527939,0.010031716198754845,0.006528362826806985,0.013535069570702706,
37,083,0.15855079807448696,0.1328364248076922,0.18426517134128173,0.02159880834160874,0.010980401052204181,0.0322172156310133,0.016881827209533268,0.004797895845479188,0.028965758573587345,
37,085,0.11651619755708975,0.10328765733512563,0.12974473777905388,0.019114267808648423,0.0139967555841734,0.024231780033123446,0.0074159181115521205,0.004274906768145249,0.010556929454958992,
37,087,0.11217457886676876,0.08863282584013457,0.13571633189340296,0.01265105740181269,0.005956766262204409,0.01934534854142097,0.006797583081570997,5.798915027287552e-4,0.013015274660413238,
37,089,0.10526853175413518,0.09124910737974345,0.11928795612852691,0.014445903626628953,0.008972919215203294,0.01991888803805461,0.005758157389635317,0.0024317129264077673,0.009084601852862867,
37,091,0.15081768625075712,0.12199362394898285,0.1796417485525314,0.013046080191502095,0.0047831933719198645,0.021308967011084326,0.008378216636744464,0.0020146542212317224,0.014741779052257206,
37,093,0.14795207578712732,0.12591848746453083,0.16998566410972382,0.022997835497835496,0.014430951565197145,0.03156471943047385,0.0035173160173160175,1.8941639592307252e-4,0.0068452156387089624,
37,095,0.22151898734177214,0.10680422125500968,0.33623375342853457,0,0,0.016680851063829785,0,0,0.011795142903196876,
37,097,0.09062391077030324,0.08026870982320645,0.10097911171740002,0.021370772529220556,0.014747957610483482,0.02799358744795763,0.007123590843073518,0.004116152197082524,0.010131029489064513,
37,099,0.13589009730967372,0.10654067765753192,0.16523951696181552,0.029602480969833662,0.01763244979794421,0.04157251214172311,0.00986749365661122,2.2964159078105173e-4,0.01950534572244139,
37,101,0.09568647410612037,0.0816594356581631,0.10971351255407764,0.028846759463374692,0.020895074379335916,0.03679844454741347,0.00359009888517982,0.0014827275202512827,0.005697470250108357,
37,103,0.08935611038107753,0.05348493539333522,0.12522728536881983,0.014154652686762779,0,0.0284492399845444,0.010484927916120577,0,0.021084032054760928,
37,105,0.12066428421273911,0.09785949539229219,0.14346907303318604,0.03284823284823285,0.018746724678028202,0.0469497410184375,0.008108108108108109,0.0020966786111069925,0.014119537605109225,
37,107,0.1356615177971793,0.10842158212507746,0.16290145346928114,0.03264945951908228,0.02116187218704986,0.044137046851114706,0.02183984116479153,0.011757005102458126,0.03192267722712493,
37,109,0.09283857926653191,0.07539862352307572,0.1102785350099881,0.024061873388713836,0.015094957453391199,0.033028789324036474,0.003150959610426812,8.464572812271398e-4,0.005455461939626484,
37,111,0.0625,0.045218933006759124,0.07978106699324088,0.023920813857574923,0.014195111031214219,0.03364651668393563,0.009898267803134452,0.00282548057199455,0.016971055034274353,
37,113,0.10969239698200813,0.08235209304304332,0.13703270092097294,0.012942191544434857,0.006630843749161497,0.019253539339708216,0.004026459591601955,2.902974002686998e-4,0.0077626217829352105,
37,115,0.09993943064809206,0.06622813898202111,0.13365072231416303,0.02427471876850207,0.007950030216715816,0.04059940732028833,0.004736530491415038,4.4949675284053445e-4,0.009023564229989543,
37,117,0.12543478260869564,0.09286084707556991,0.15800871814182138,0.01929260450160772,0.0049770714686219585,0.03360813753459348,0.002572347266881029,0,0.00731721772546726,
37,119,0.13202775950831197,0.12620535071153355,0.1378501683050904,0.024519408399296887,0.021743435515496356,0.027295381283097418,0.006404155983743296,0.004815075042713271,0.007993236924773321,
37,121,0.06624605678233439,0.04072113649785353,0.09177097706681525,0.011574074074074073,5.940724938153022e-4,0.022554075654332845,0.010030864197530864,2.7249940834462444e-5,0.020034478454227265,
37,123,0.06784376672017121,0.045472654733824225,0.0902148787065182,0.02367175170962651,0.008289900164339245,0.03905360325491378,0.007364544976328248,6.894925765839948e-4,0.0140395973760725,
37,125,0.10004834421078077,0.08573543394830871,0.11436125447325282,0.011728099569171853,0.007254609026107589,0.016201590112236118,0.012326471996170417,0.007513223576089389,0.017139720416251447,
37,127,0.11425898703728452,0.09502890477578253,0.1334890692987865,0.030691890461701284,0.013389084102424311,0.04799469682097826,0.006350046302420955,0.0020653183666331327,0.010634774238208779,
37,129,0.1590851334180432,0.14539565739283766,0.17277460944324874,0.008802200550137534,0.005845053638461947,0.011759347461813122,0.011152788197049263,0.007066380164456083,0.015239196229642442,
37,131,0.13374066530889342,0.10305424777783327,0.16442708283995355,0.016744809109176157,0.00509958673133535,0.028390031487016965,0.018754186202277295,0.005004138619013337,0.03250423378554125,
37,133,0.1306906649525034,0.1117862677830808,0.14959506212192597,0.01675820306999014,0.009686488968769448,0.023829917171210836,0.0040839318405858326,0.0014317662777231315,0.006736097403448533,
37,135,0.1472361351425189,0.13248318764427827,0.16198908264075954,0.022958494643017916,0.016755384324662677,0.029161604961373155,0.0044116323039524626,0.002275039707409856,0.006548224900495069,
37,137,0.12941176470588237,0.09473900158598644,0.1640845278257783,0.003703703703703704,0,0.01148510148928139,0.003703703703703704,0,0.009371287173404321,
37,139,0.12680209698558323,0.10194328728897661,0.15166090668218984,0.005188067444876783,0,0.011140356686492714,0.010051880674448769,0.002383455534207388,0.017720305814690147,
37,141,0.10930030421555845,0.09083487944097801,0.12776572899013888,0.023860705073086845,0.014418959724870103,0.03330245042130359,0.010103181427343079,0.003371691383347482,0.016834671471338675,
37,143,0.12263300270513977,0.08564720495814165,0.1596188004521379,0.01436265709156194,0,0.03157467565967509,7.18132854578097e-4,0,0.0057891009230840755,
37,145,0.13410440762738357,0.1045773854310658,0.16363142982370132,0.0161090458488228,0.006158707480508585,0.026059384217137015,0.004646840148698885,0,0.010063841426846926,
37,147,0.15590184741221266,0.13909939752558875,0.17270429729883657,0.02064998960570993,0.014931360575378357,0.026368618636041504,0.00893908946018987,0.005003381179092655,0.012874797741287084,
37,149,0.1011116367076632,0.07630952775386587,0.12591374566146052,0.01990632318501171,0.005738785979838642,0.03407386039018478,0.008782201405152224,0,0.018652228356318738,
37,151,0.09692251991310645,0.08508631919745806,0.10875872062875484,0.02307898738706503,0.0152259713911615,0.030932003382968563,0.014759817514983451,0.006662734580600377,0.022856900449366526,
37,153,0.1549725442342892,0.12427575587308413,0.18566933259549426,0.037639265281541705,0.022451784752777357,0.05282674581030605,0.007527853056308341,0.001186167951033587,0.013869538161583095,
37,155,0.1249075215782984,0.11340244715640584,0.13641259600019096,0.04199011997177135,0.03552619610209281,0.04845404384144989,0.007292401787814632,0.004657066529253509,0.009927737046375755,
37,157,0.10918179426466719,0.09227051145827295,0.12609307707106143,0.015887367605269955,0.009571985087243707,0.022202750123296203,0.01136657194523379,0.004587242251524574,0.018145901638943005,
37,159,0.12035382416011436,0.10360774974331999,0.13709989857690874,0.02719886965736489,0.018297971111142623,0.03609976820358715,0.006711409395973154,0.0038555440861846126,0.009567274705761696,
37,161,0.1026702786377709,0.08214457041888396,0.12319598685665784,0.03120837297811608,0.01906521824428074,0.043351527711951415,0.014272121788772598,0.004974236561838595,0.0235700070157066,
37,163,0.12151106833493744,0.09906504051638797,0.1439570961534869,0.04136480486094882,0.02692745635590106,0.055802153365996573,0.004907688712315962,0.0012897771561374044,0.00852560026849452,
37,165,0.14811715481171547,0.12473990377138794,0.171494405852043,0.053169734151329244,0.03975740196465792,0.06658206633800057,0.0035991820040899795,0,0.007307238138254268,
37,167,0.10169929016992901,0.08454722080387518,0.11885135953598285,0.02818086225026288,0.018659460291398918,0.03770226420912684,0.014300736067297582,0.004714349861682655,0.02388712227291251,
37,169,0.07877984084880636,0.05670169589828025,0.10085798579933247,0.025533035009212952,0.0078070769876895825,0.043258993030736326,0.006317451961042379,6.81118443003976e-4,0.011953785479080783,
37,171,0.09560323601829054,0.08013241971637408,0.111074052320207,0.02190410486374612,0.01382407264834007,0.029984137079152172,0.003276992066229734,0.001272445644787918,0.00528153848767155,
37,173,0.11150758251561106,0.07232119207302726,0.15069397295819487,0.047493403693931395,0.01975198935820798,0.07523481802965482,0.007739665787159191,0,0.020688690187331438,
37,175,0.10292562566090942,0.07652599931053145,0.1293252520112874,0.025774991292232673,0.013821204884661166,0.03772877769980418,0.01637060257749913,0.0028925856024970605,0.029848619552501197,
37,177,0.11119402985074626,0.04590983576964473,0.1764782239318478,0.014814814814814815,0,0.04424601330747803,0.002962962962962963,0,0.015593481858022385,
37,179,0.07696177062374246,0.06780272386935346,0.08612081737813146,0.02391927245546281,0.01846857840004689,0.029369966510878733,0.004484863585399277,0.0018397288624315252,0.007129998308367029,
37,181,0.1461877756773787,0.11673276605463975,0.17564278530011765,0.01953488372093023,0.00913662152306418,0.029933145918796283,0.008310077519379845,0.0011414380166699508,0.01547871702208974,
37,183,0.11203455501059359,0.10652994529376272,0.11753916472742446,0.019268516475220387,0.01685090712371851,0.021686125826722264,0.004390294893088189,0.003305601128817663,0.005474988657358714,
37,185,0.11244178310046574,0.08424973379932252,0.14063383240160895,0.019258295380611582,0.007894670360659887,0.030621920400563277,0.008458035133376708,0.0022203652761853907,0.014695704990568026,
37,187,0.16084656084656085,0.10766162115285768,0.214031500540264,8.171603677221655e-4,0,0.010589802681504798,0.024514811031664963,0,0.04992241227893318,
37,189,0.21170520231213874,0.17654932457853165,0.24686108004574583,0.012455767869780608,0.004671268126336169,0.020240267613225046,0.004482189195564991,5.497884396481354e-4,0.008414589951481848,
37,191,0.12419493344783168,0.10781154834554021,0.14057831855012315,0.030031948881789138,0.020335687634377833,0.03972821012920044,0.013631522896698615,0.00900401993095087,0.01825902586244636,
37,193,0.08670627552914965,0.0696641511381695,0.10374839992012981,0.014862385321100917,0.00688738963619724,0.022837381006004596,0.008073394495412844,0.0032187067637953455,0.012928082227030343,
37,195,0.1388310648518815,0.11801809272973064,0.1596440369740324,0.02570853337463218,0.016625533104528054,0.034791533644736305,0.009292240978782717,0.00428478591724971,0.014299696040315724,
37,197,0.06928016221696519,0.05020880992830505,0.08835151450562533,0.02861952861952862,0.013105765542390025,0.044133291696667215,0.007744107744107744,0.002143978691193426,0.013344236797022062,
37,199,0.1,0.07136427138276538,0.12863572861723463,0.019720101781170483,0.009427340316750514,0.03001286324559045,0.002544529262086514,0,0.007045187252389658,
38,000,0.09477072616530438,0.0897511985431211,0.09979025378748767,0.022919010123734533,0.019707492204457285,0.02613052804301178,0.007764654418197725,0.006301301178349102,0.009228007658046348,
38,001,0.08980827447023208,0.024527075918497607,0.15508947302196657,0,0,0.02394953490858548,0.010050251256281407,0,0.03574696444389148,
38,003,0.09740527182866557,0.06103047902976138,0.13378006462756975,0.003885480572597137,0,0.011806275585936601,0.003067484662576687,0,0.010095025202751772,
38,005,0.08635097493036212,0.04457233876269509,0.12812961109802914,0.10160427807486631,0.06745267543912749,0.13575588071060513,0.0042780748663101605,0,0.01153954402190617,
38,007,0.060897435897435896,0,0.17519287849656073,0,0,0.07446808510638298,0.046875,0,0.1135981573546691,
38,009,0.065,0.03387170388708813,0.09612829611291188,0.012237093690248566,1.6185789349388267e-4,0.02431232948700325,0.0015296367112810707,0,0.008424044497095731,
38,011,0.06070826306913996,0.024586078167132014,0.09683044797114791,0.015966386554621848,0,0.04220010515047158,0,0,0.014159835418003452,
38,013,0.04148936170212766,0,0.08802456155868017,0.014736842105263158,0,0.04385702883746216,0.004210526315789474,0,0.0188328498705778,
38,015,0.08470944157317534,0.06858553377874713,0.10083334936760355,0.01592077222013288,0.00809795716571627,0.02374358727454949,0.006769462203836028,0.0024434973008478364,0.011095427106824221,
38,017,0.1034919028340081,0.09100684063788671,0.11597696503012948,0.0220740833909817,0.016141316830145004,0.028006849951818395,0.0052826866234828,0.0027512782203496385,0.007814095026615961,
38,019,0.06241699867197875,0.018924188231558357,0.10590980911239914,0,0,0.015677491601343786,0.002631578947368421,0,0.013715123381702546,
38,021,0.08652333508127949,0.04010699306773459,0.1329396770948244,0.012010443864229765,0,0.029428946787456403,0,0,0.013198593326964056,
38,023,0.05948372615039282,0.01077026116457866,0.10819719113620697,0.022099447513812154,0,0.06539120517365063,0.016574585635359115,0,0.04834864286417661,
38,025,0.06908115358819585,0.031123348098293452,0.10703895907809824,0.01939799331103679,0,0.041168202740054956,0.04280936454849498,0.021259432607428037,0.06435929648956193,
38,027,0.08476190476190476,0.0344378571361768,0.1350859523876327,0.013953488372093023,0,0.03861061943873875,0,0,0.01567460850923173,
38,029,0.07094133697135062,0.03842619268415036,0.10345648125855088,0.005369127516778523,0,0.018958629868229413,0.013422818791946308,0,0.029169343864024776,
38,031,0.06416382252559727,0.01886087231557193,0.10946677273562261,0,0,0.015993145794659432,0.010067114093959731,0,0.025828460922250055,
38,033,0.05067064083457526,0,0.11332378046879824,0,0,0.03530338849487785,0.037037037037037035,0,0.0763492267068219,
38,035,0.13292602377807133,0.1149821006693357,0.15086994688680697,0.02244997559785261,0.014177957192756028,0.030721994002949195,0.009760858955588092,0.004472587972979992,0.015049129938196192,
38,037,0.08529411764705883,0.041029994298382964,0.12955824099573468,0.013207547169811321,0,0.03760131949420249,0.007547169811320755,0,0.021927160659976415,
38,039,0.06805708013172337,0.01843845135615132,0.11767570890729542,0,0,0.025761932144910866,0,0,0.01821643691613417,
38,041,0.09324452901998097,0.0439500713804549,0.14253898665950704,0.007582938388625593,0,0.027166590302184226,0.009478672985781991,0,0.028892999804651567,
38,043,0.06757990867579909,0.01784130893932919,0.11731850841226898,0.007207207207207207,0,0.03280572054575313,0.0036036036036036037,0,0.014806716878047197,
38,045,0.055324211778703156,0.025530665282265268,0.08511775827514104,0.014705882352941176,0,0.03133850866308999,0.014705882352941176,0.0023424290249119267,0.027069335680970426,
38,047,0.08655126498002663,0.025865472121561324,0.14723705783849195,0.012987012987012988,0,0.04647397128888829,0.005194805194805195,0,0.0260066316418896,
38,049,0.08260105448154657,0.0493230863693716,0.11587902259372154,0.003463203463203463,0,0.015167329665879109,0.008225108225108226,0,0.016548905959417368,
38,051,0.060657118786857624,0.020938380151828806,0.10037585742188644,0.008368200836820083,0,0.030566793231518313,0.0066945606694560665,0,0.023842837241994562,
38,053,0.07842761265580057,0.04744558744118087,0.10940963787042028,0.08878504672897196,0.0439501580353881,0.13361993542255582,0.011214953271028037,0,0.024657404267778543,
38,055,0.05455419370343667,0.0346184184096035,0.07448996899726984,0.017724550898203593,0.007023763009357947,0.02842533878704924,0.005748502994011976,7.705177116472117e-4,0.01072648827637674,
38,057,0.06372688477951635,0.03466684597118941,0.0927869235878433,0.020933521923620933,0.004835790179378827,0.03703125366786304,0.008486562942008486,0,0.023508678764311817,
38,059,0.07887109077040427,0.05241423057616376,0.10532795096464478,0.006755218216318785,5.7432875315455156e-5,0.013453003557322115,0.004933586337760911,0,0.010287073470081499,
38,061,0.050289017341040465,0.027411368629501186,0.07316666605257974,0.05056497175141243,0.025515525134179033,0.07561441836864582,0.01807909604519774,0,0.04034066487927736,
38,063,0.05555555555555555,0.0256666682468153,0.08544444286429581,0.013899613899613899,0,0.029180089791046686,0.003088803088803089,0,0.01609865541892375,
38,065,0.09248554913294797,0.025743389487623114,0.15922770877827283,0.017142857142857144,0,0.0539529482140208,0,0,0.024071720210605874,
38,067,0.08282416836388323,0.05281325638801617,0.11283508033975029,0.002702702702702703,0,0.012176632184585747,0.006418918918918919,0,0.013804731023453188,
38,069,0.12326283987915408,0.06280982210776755,0.1837158576505406,0.004733727810650888,0,0.017438884245245232,0,0,0.009970534998475803,
38,071,0.08044579533941236,0.0503162692603365,0.11057532141848822,0.00891089108910891,0,0.02191592013675795,7.920792079207921e-4,0,0.004823593889043453,
38,073,0.06768558951965066,0.032313569045717375,0.10305760999358395,0.005970149253731343,0,0.018650476528879002,0.005970149253731343,0,0.012084771283770262,
38,075,0.06658878504672897,0.017820405389041415,0.11535716470441651,0.01627906976744186,0,0.04227759864115892,0,0,0.019593260636539662,
38,077,0.10365944734876774,0.06912433214672586,0.1381945625508096,0.01327433628318584,0.0047034600019494836,0.0218452125644222,0.029498525073746312,0.013521601234708757,0.045475448912783864,
38,079,0.07472222222222222,0.04637066468290098,0.10307377976154346,0.08174386920980926,0.04559516044237117,0.11789257797724736,0.013623978201634877,0.0027245104383787754,0.024523445964890977,
38,081,0.04664723032069971,0.024460474273595812,0.0688339863678036,0.004624277456647399,0,0.018397259521390454,0.011560693641618497,0,0.02478110183802889,
38,083,0.059282371294851796,0,0.12339337841500503,0,0,0.036945406564407056,0.023255813953488372,0,0.06283731975037249,
38,085,0.09801980198019802,0.051112451145892475,0.14492715281450358,0.10909090909090909,0.06563193576035471,0.15254988242146345,0.028708133971291867,0,0.05780523857422243,
38,087,0.023121387283236993,0,0.12777854869273295,0,0,0.06808510638297871,0.011428571428571429,0,0.057201695304649844,
38,089,0.10292983808789515,0.07734682147100848,0.1285128547047818,0.029545454545454545,0.015993574987656876,0.04309733410325221,0.012878787878787878,0,0.026297324228481203,
38,091,0.057777777777777775,0,0.12689876147330018,0.05454545454545454,0.0015265045564070504,0.10756440453450203,0,0,0.023566719087306447,
38,093,0.14254021075984472,0.10381042627595652,0.1812699952437329,0.006256860592755214,0,0.012619288936317481,0.028430296377607026,0.009788248634002978,0.04707234412121107,
38,095,0.09789473684210526,0.040450882126674984,0.15533859155753554,0,0,0.024694080035277257,0.008290155440414507,0,0.023193837098147804,
38,097,0.06770186335403727,0.04188035810978753,0.09352336859828701,0.005479452054794521,0,0.013307703848787768,0.0024353120243531205,0,0.010658145568093687,
38,099,0.07166928780049427,0.047711363013510213,0.09562721258747832,0.012094064949608062,0.0020830193937360526,0.02210511050548007,0.0033594624860022394,0,0.009031537857596968,
38,101,0.11004631278945494,0.0896880525675597,0.13040457301135017,0.02522045855379189,0.013064013703840933,0.03737690340374285,0.0031746031746031746,0,0.0066007264802358636,
38,103,0.03863381858902576,0.013107846483317791,0.06415979069473372,0.01888888888888889,0,0.0395903896698344,0.005555555555555556,0,0.01640528590369017,
38,105,0.0707350009645682,0.04507009614999888,0.09639990577913751,0.06217948717948718,0.025331627717238257,0.0990273466417361,0.0028205128205128207,0,0.007289703908672824,
39,000,0.11153646797482414,0.11006813844729256,0.11300479750235572,0.01407793444286457,0.013507670558837084,0.014648198326892056,0.010311290952330245,0.009866978215258821,0.010755603689401668,
39,001,0.10262891809908999,0.07404558114736248,0.1312122550508175,0.01316953316953317,0.004394778319929056,0.02194428801913728,0.015233415233415233,0.007244221516664224,0.023222608950166243,
39,003,0.0926980198019802,0.0799760868626546,0.10541995274130579,0.015588560206210874,0.010368867128221321,0.020808253284200426,0.010924266601202897,0.0073253517779197225,0.014523181424486071,
39,005,0.0866617538688283,0.0684221390922725,0.10490136864538409,0.019287109375,0.010853431411042629,0.027720787338957373,0.027099609375,0.016334662945993547,0.03786455580400645,
39,007,0.1200104973100643,0.10424526065307613,0.13577573396705248,0.01634241245136187,0.011187161760864879,0.021497663141858858,0.018287937743190662,0.013064620821004872,0.02351125466537645,
39,009,0.17935894521482154,0.1558051396395432,0.20291275079009988,0.013507528786536759,0.007182450418369699,0.019832607154703818,0.010850310008857396,0.004592138075687698,0.017108481942027094,
39,011,0.059664089576113036,0.04595878383622755,0.07336939531599852,0.015111346765641569,0.00712037351091741,0.023102320020365726,0.01007423117709438,0.003917245549910158,0.016231216804278602,
39,013,0.07002528690916164,0.05589516497836524,0.08415540883995803,0.006737247353224254,0.003439507112462005,0.010034987593986503,0.007507218479307026,0.0037026014348768253,0.011311835523737226,
39,015,0.0883054892601432,0.06574088139852172,0.11087009712176468,0.01768867924528302,0.00747303376467991,0.027904324725886127,0.005306603773584905,6.857512947044371e-4,0.009927456252465373,
39,017,0.10292356463543502,0.0936180430683409,0.11222908620252914,0.014944477116269415,0.011685607143957027,0.018203347088581803,0.007506832255163109,0.005607307185748586,0.009406357324577633,
39,019,0.06160035762181493,0.04267389964804074,0.08052681559558911,0.015852047556142668,0.004962660488735058,0.026741434623550275,0.005724350506384853,0,0.011783412638697992,
39,021,0.07479045776918117,0.05364763885032901,0.09593327668803332,0.011531069827033953,0.0046497104346598745,0.01841242921940803,0.006726457399103139,0.0018240488514611646,0.011628865946745115,
39,023,0.09998178838098706,0.08791334280387701,0.11205023395809711,0.014342413855313008,0.01018521708492567,0.018499610625700345,0.007757532022370558,0.005253097685222131,0.010261966359518985,
39,025,0.09428675843586308,0.0831488393694877,0.10542467750223845,0.015415306492564382,0.01094150199017033,0.019889110994958433,0.009370088260186192,0.00572566964827234,0.013014506872100044,
39,027,0.10152221186703946,0.08206968210484628,0.12097474162923263,0.012812690665039659,0.005843948066706559,0.01978143326337276,0.002745576571079927,0,0.006092336086760743,
39,029,0.08984902418068,0.07488094379833599,0.10481710456302401,0.012242424242424242,0.004684708109366781,0.019800140375481702,0.008848484848484849,0.004652402235109994,0.013044567461859703,
39,031,0.10407394727832935,0.07939450100782681,0.1287533935488319,0.01282225237449118,0.005398077099501054,0.020246427649481306,0.01051560379918589,0.004110031755627581,0.016921175842744197,
39,033,0.07977684797768479,0.06475274395038495,0.09480095200498463,0.01403412217941662,0.006915530147780954,0.021152714211052286,0.01100715465052284,0.005009421404942971,0.01700488789610271,
39,035,0.14464519943098894,0.13977863830888812,0.14951176055308976,0.011612541182433656,0.00998773015514423,0.013237352209723082,0.012128452988668043,0.010583029925773103,0.013673876051562983,
39,037,0.07122163206180589,0.05593485068766337,0.0865084134359484,0.01093935790725327,0.005860675286012609,0.01601804052849393,0.01093935790725327,0.006367147322286966,0.015511568492219572,
39,039,0.07486033519553073,0.05743718126283235,0.09228348912822912,0.013433813892529489,0.004695415889281197,0.022172211895777783,0.010812581913499346,0.0035173505693382187,0.018107813257660473,
39,041,0.07514080901177675,0.06612814348938019,0.08415347453417331,0.008539927346886751,0.005375075936744536,0.011704778757028966,0.0061181569052322984,0.003340486225520183,0.008895827584944414,
39,043,0.11273985530040893,0.09596957086086061,0.12951013973995726,0.008098427036287183,0.003023294212814563,0.013173559859759803,0.004516430462544775,5.106960877412922e-4,0.008522164837348259,
39,045,0.09358380511236919,0.08237664287104303,0.10479096735369535,0.0140485312899106,0.008671021059885393,0.019426041519935808,0.007577692635163899,0.0040825585913347485,0.01107282667899305,
39,047,0.11303191489361702,0.0851437558284997,0.14092007395873435,0.012908777969018933,0.005315394231047372,0.020502161706990492,0.004647160068846815,3.112517040354621e-4,0.008983068433658169,
39,049,0.13104105722590353,0.12596321932719579,0.13611889512461128,0.02322236870004517,0.020848846244475455,0.025595891155614888,0.00914513289021231,0.0076897033042617096,0.01060056247616291,
39,051,0.07159904534606205,0.05414997543810966,0.08904811525401445,0.01007705986959099,0.004798387330451451,0.015355732408730529,0.008298755186721992,0.001571203104852626,0.015026307268591357,
39,053,0.09641255605381166,0.07029587976734629,0.12252923234027703,0.019902697921273773,0.006341250308425993,0.03346414553412155,0.019460415745245468,0.007827612695504308,0.031093218794986627,
39,055,0.08285714285714285,0.06914026377147026,0.09657402194281545,0.01710079275198188,0.011449832734986223,0.022751752768977535,0.016704416761041903,0.01161551302798838,0.021793320494095426,
39,057,0.09137476459510357,0.08078654800064258,0.10196298118956457,0.010021688729339616,0.006826585531472398,0.013216791927206834,0.00815197068282103,0.0044475081796178885,0.011856433186024171,
39,059,0.10394489668127739,0.07908784194032667,0.1288019514222281,0.016084132384781936,0.006982970829842443,0.02518529393972143,0.015156201670275286,0.00646807935084737,0.023844323989703202,
39,061,0.14044583199603186,0.1339672240106195,0.14692443998144422,0.015524118339120204,0.01328922815469476,0.017759008523545648,0.011004619931705357,0.00889480731964906,0.013114432543761654,
39,063,0.08389694041867955,0.06822829971290126,0.09956558112445785,0.007816238634550965,0.0035784806696699265,0.012053996599432005,0.005742542670282342,0.0017689625269219546,0.009716122813642728,
39,065,0.08572691117984976,0.06123305603770585,0.11022076632199368,0.019673539518900343,0.0065374610275790255,0.03280961801022166,0.03006872852233677,0.015320467641334812,0.044816989403338725,
39,067,0.12173913043478261,0.08081147279411424,0.16266678807545099,0.02413793103448276,0.00777881336567917,0.04049704870328635,0.016379310344827588,0.0068888343906761546,0.02586978629897902,
39,069,0.07557354925775979,0.054699684613543825,0.09644741390197575,0.004293381037567084,0,0.009074027998361465,0.007602862254025045,0.0016934999813102833,0.013512224526739808,
39,071,0.08098271155595996,0.06172962254023363,0.1002358005716863,0.022468544038346316,0.011966284087380817,0.03297080398931181,0.011683642899940084,0.004849943690329931,0.018517342109550236,
39,073,0.07996406109613657,0.058283602507006205,0.10164451968526694,0.024379432624113476,0.012147347547292547,0.036611517700934404,0.009308510638297872,0.0015444382974264155,0.01707258297916933,
39,075,0.0699619771863118,0.049588572250791815,0.09033538212183177,0.040555764175741645,0.027161011550291055,0.053950516801192235,0.03567405182125422,0.02388176074545221,0.047466342897056236,
39,077,0.09063047285464099,0.07268810948835626,0.10857283622092571,0.011864039835462222,0.006124557381141231,0.017603522289783215,0.0034639532366313053,0,0.0075272284130600475,
39,079,0.11452853095912587,0.08435315871644294,0.1447039032018088,0.037334403853873946,0.019110428015121358,0.05555837969262653,0.009152950622240065,0.001788901661787576,0.016516999582692555,
39,081,0.10910461828463713,0.09203744779195487,0.1261717887773194,0.007043558850787767,0.0027276916256725077,0.011359426075903026,0.004263206672845227,0.00201002573063156,0.006516387615058894,
39,083,0.08904855214456782,0.07215241130576597,0.10594469298336967,0.017304780445598095,0.00887503554949779,0.0257345253416984,0.020116807268007787,0.011335633460247517,0.028897981075768055,
39,085,0.08839190628328009,0.0793287601241518,0.09745505244240837,0.01077271583186509,0.007969637999793534,0.013575793663936644,0.005889755852001007,0.004402665475194899,0.007376846228807115,
39,087,0.12153325817361894,0.09911427983069707,0.14395223651654082,0.0111333778668448,0.0056283358286711065,0.016638419905018496,0.0055666889334224,0.0010804404687012117,0.010052937398143589,
39,089,0.09738023952095809,0.08536730731113502,0.10939317173078116,0.016284949434860203,0.010870296118068671,0.021699602751651736,0.011600237953599048,0.007655634572121862,0.015544841335076234,
39,091,0.0701271186440678,0.05413230132987441,0.08612193595826119,0.0215962441314554,0.008158347890445538,0.03503414037246526,0.010432968179447054,0.0020496571176856423,0.018816279241208465,
39,093,0.11963552048163364,0.11076335066366204,0.12850769029960524,0.011886595454180388,0.008537749606435906,0.01523544130192487,0.006625973817364067,0.004680822111545954,0.00857112552318218,
39,095,0.1271830985915493,0.11802222458273573,0.13634397260036288,0.012542382225652618,0.010049166494580937,0.015035597956724298,0.010585219284946384,0.008226941600928819,0.01294349696896395,
39,097,0.06787598944591029,0.053002361961408326,0.08274961693041226,0.008843760235833607,0.002771729324100269,0.014915791147566946,0.011136586963642319,0.003908007272338476,0.018365166654946162,
39,099,0.10991412958626073,0.10043131321997259,0.11939694595254888,0.009113716655573192,0.0063936257244631995,0.011833807586683185,0.010700936971993242,0.007892034832236897,0.013509839111749588,
39,101,0.11157282360274257,0.09300308012746714,0.130142567078018,0.013577453198930261,0.007387138486708262,0.01976776791115226,0.011108825344579305,0.0051091902150410444,0.017108460474117567,
39,103,0.08111888111888112,0.07144815594349824,0.090789606294264,0.00721270545807615,0.004752770541232109,0.00967264037492019,0.012552881614536375,0.008571070967538957,0.01653469226153379,
39,105,0.09269141531322506,0.062351549824917064,0.12303128080153306,0.003848330503678551,0,0.011016301922276435,0.00622524052065648,0.0015486847655341663,0.010901796275778794,
39,107,0.058398744113029824,0.04001741069456147,0.07678007753149818,0.013420724094881398,0.006749919942206999,0.020091528247555796,0.0149812734082397,0.0069767926586945354,0.022985754157784866,
39,109,0.08935059037238874,0.07388523972386801,0.10481594102090946,0.010962627406568516,0.005774566440917701,0.01615068837221933,0.008946772366930917,0.003889500394920994,0.01400404433894084,
39,111,0.08348359177785791,0.05986719255015917,0.10709999100555666,0.0168609865470852,0.005920912293995986,0.027801060800174415,0.030493273542600896,0.01504688054099442,0.04593966654420737,
39,113,0.12064027706857891,0.11356933222658785,0.12771122191056997,0.014952205559940366,0.012341143137457948,0.017563267982422782,0.0069937735683592035,0.005476366981681165,0.008511180155037242,
39,115,0.1010752688172043,0.06473175623856608,0.13741878139584252,0.023872679045092837,0.0030954006496780317,0.04464995744050764,0.01308576480990274,0.002143114999022153,0.024028414620783325,
39,117,0.07099236641221374,0.04911001500233743,0.09287471782209004,0.025340393343419063,0.011762906595092987,0.03891788009174514,0.0226928895612708,0.011000719948428338,0.03438505917411326,
39,119,0.11573263280793929,0.09981604757006804,0.13164921804581053,0.018063583815028903,0.01059800814532379,0.025529159484734016,0.014884393063583815,0.009063984016681004,0.020704802110486625,
39,121,0.06801346801346801,0.0385866827873799,0.09744025323955613,0.010561056105610561,0,0.025182877507579644,0.034103410341034104,0.0046002411953317696,0.06360657948673644,
39,123,0.07853549468977082,0.062421657588457455,0.09464933179108419,0.006112809113642679,0.0012003540417091039,0.011025264185576254,0.011114198388441235,0.0029048628797185335,0.019323533897163937,
39,125,0.054959607998940535,0.03736738096617384,0.07255183503170723,0.01238471673254282,0.0027437657876803433,0.022025667677405297,0.013175230566534914,0.005805357623987527,0.0205451035090823,
39,127,0.09146110056925996,0.06875955510564238,0.11416264603287754,0.017576664173522813,0.009553955491914966,0.02559937285513066,0.008975317875841436,0.002355214342010344,0.015595421409672527,
39,129,0.11217641418983701,0.09133695565790105,0.13301587272177295,0.017793594306049824,0.009699655940700432,0.025887532671399215,0.009489916963226572,0.003067073154722433,0.015912760771730712,
39,131,0.13365853658536586,0.09911321602323367,0.16820385714749805,0.020009528346831826,0.010197292471048783,0.029821764222614868,0.01095759885659838,0.0026513977555452893,0.01926379995765147,
39,133,0.12212403471061221,0.10747699364857843,0.136771075772646,0.011872935996225822,0.00739063515040195,0.016355236842049693,0.01116527755936468,0.006726063729507132,0.015604491389222229,
39,135,0.0737419945105215,0.05864615595702599,0.08883783306401702,0.00957542908762421,0.0027733934948142953,0.016377464680434124,0.006925624811803674,0.0014699383027104778,0.01238131132089687,
39,137,0.05116634799235182,0.03668384680437682,0.06564884918032682,0.018953752843062926,0.009127423867637936,0.028780081818487915,0.0075815011372251705,0.0028534219568706106,0.01230958031757973,
39,139,0.103525575708172,0.09068913362483799,0.11636201779150601,0.013568193256165073,0.008945104683243128,0.018191281829087018,0.009360845495722194,0.005995423401682796,0.012726267589761591,
39,141,0.12260928961748634,0.10172045113351624,0.14349812810145643,0.00845594452900389,0.0037698060849287937,0.013142082973078985,0.007272112294943345,0.0034893596473590913,0.011054864942527599,
39,143,0.10050611556305357,0.08145371948276832,0.11955851164333882,0.010399334442595673,0.004817653057297774,0.015981015827893574,0.015806988352745424,0.009070506731893458,0.02254346997359739,
39,145,0.11340018231540565,0.09579436329181046,0.13100600133900084,0.01890831252229754,0.010314039888984716,0.02750258515561036,0.008919015340706386,0.004147550491171458,0.013690480190241314,
39,147,0.08103727714748785,0.0646179087976057,0.09745664549736999,0.011866727521679598,0.005690599872211823,0.01804285517114737,0.013464171611136467,0.004247634590496768,0.022680708631776167,
39,149,0.061263214963404714,0.047223120339206864,0.07530330958760256,0.023655913978494623,0.013815027852530323,0.03349680010445892,0.005376344086021506,7.9271322734827e-4,0.009959974944694742,
39,151,0.0946219035202086,0.08741281815791342,0.10183098888250379,0.009729135690736312,0.007442006491570424,0.0120162648899022,0.010828107828560347,0.007773962262820543,0.013882253394300152,
39,153,0.11536673382186897,0.10744018677691466,0.12329328086682328,0.009381765696415684,0.007412721533167098,0.01135080985966427,0.011328099372362063,0.008890828622373469,0.013765370122350656,
39,155,0.1066068759342302,0.09582817510035531,0.11738557676810508,0.013052681091251177,0.00918182212794024,0.016923540054562116,0.014698965192850423,0.010766301029698765,0.01863162935600208,
39,157,0.09580438268305719,0.07925927763522442,0.11234948773088996,0.01585704831237591,0.008601153177536187,0.02311294344721563,0.013765718067504963,0.008745061694238037,0.01878637444077189,
39,159,0.06782299310651546,0.05246940567801199,0.08317658053501893,0.007286376683594612,0.002165864564521539,0.012406888802667685,0.0052991830426142635,0.0016357224492812876,0.008962643635947239,
39,161,0.08178374655647383,0.06205634750441484,0.10151114560853282,0.006000857265323617,0.0011790433492281033,0.010822671181419132,0.007286755250750107,0.0022178143190533283,0.012355696182446887,
39,163,0.07796072207895259,0.04867093585283851,0.10725050830506667,0.019588638589618023,0,0.040025418344028244,0.011557296767874634,0,0.026204665301456456,
39,165,0.07544286603656121,0.06456031998812642,0.086325412084996,0.011776638305065645,0.007679078540579573,0.015874198069551718,0.004845889446103567,0.003042129736759917,0.006649649155447217,
39,167,0.08813281410125026,0.07206903763628002,0.1041965905662205,0.013200649878147848,0.006112007328265126,0.02028929242803057,0.008935824532900082,0.004116801999951849,0.013754847065848314,
39,169,0.08146797355824026,0.06911959937580645,0.09381634774067407,0.017871281529238774,0.013527214630837468,0.02221534842764008,0.028051125438298834,0.021112204401257186,0.034990046475340486,
39,171,0.07748452264581297,0.05712865221675662,0.09784039307486933,0.006111833550065019,0.0018319078520002054,0.010391759248129833,0.0091027308192457735,0.0022551148539543125,0.015950346784537234,
39,173,0.1115706363380017,0.09873589849154209,0.1244053741844613,0.0090198995722521845,0.005262807476657142,0.012776991667847227,0.01004277478147666,0.005587860337940232,0.014497689225013089,
39,175,0.06035834266517357,0.0397244837084092,0.08099220162193795,0.00824053452115813,6.309826501057318e-4,0.015850086392210527,4.4543429844097997e-4,0,0.0035229598689435937,
40,000,0.10868216744037137,0.10622662986664465,0.1111377050140981,0.02650537528485398,0.02551646647485173,0.027494284094856228,0.01175207360561105,0.011026778151278328,0.01247736905994377,
40,001,0.10142749812171299,0.07709729040699875,0.12575770583642723,0.034306569343065696,0.02344334472039243,0.04516979396573896,0.021167883211678833,0.013699936058199169,0.028635830365158495,
40,003,0.05082872928176796,0.020014455227066172,0.08164300333646975,0.023497267759562842,0.005127643264059213,0.04186689225506647,0.002185792349726776,0,0.011664799258000347,
40,005,0.07916230366492147,0.057465182872439714,0.10085942445740323,0.031958762886597936,0.018676838643661115,0.04524068712953476,0.030927835051546393,0.01629347357308159,0.0455621965300112,
40,007,0.0687245195107746,0.03229115378780664,0.10515788523374256,0.010434782608695653,0,0.026870322138638224,0.002318840579710145,0,0.013455489457873622,
40,009,0.10111097241293222,0.059401177954591815,0.14282076687127263,0.02794759825327511,0.005181210300352738,0.05071398620619748,0.013100436681222707,0,0.031490151426067384,
40,011,0.08621700879765395,0.05950320714123804,0.11293081045406987,0.014577259475218658,0.002674145928226441,0.026480373022210874,0.0055393586005830905,0,0.011250354373140758,
40,013,0.09655561829474874,0.08066043424387166,0.11245080234562581,0.029542920847268672,0.01979355527620599,0.03929228641833135,0.017001114827201784,0.01094593398420356,0.023056295670200008,
40,015,0.06852990497484629,0.053300027022817,0.08375978292687558,0.027472527472527472,0.019081995646832467,0.03586305929822248,0.013186813186813187,0.007806182687182012,0.018567443686444363,
40,017,0.08155096935584741,0.06971825808185145,0.09338368062984337,0.029040852575488454,0.02054528251818947,0.03753642263278744,0.006571936056838366,0.003684157969470903,0.009459714144205829,
40,019,0.09699105448631065,0.08105010776978402,0.11293200120283728,0.019743863393810034,0.013804689779545947,0.02568303700807412,0.013073639274279616,0.007712071440220087,0.018435207108339145,
40,021,0.10981507823613086,0.09257402654144765,0.12705612993081405,0.027785495971103084,0.01929472765677629,0.03627626428542988,0.013059183106418449,0.007954423737696264,0.018163942475140634,
40,023,0.09964912280701754,0.07726387397155991,0.12203437164247517,0.024978466838931956,0.01372860429918696,0.036228329378676954,0.012919896640826873,0.007125048762906831,0.018714744518746915,
40,025,0.03648648648648649,0,0.08841087740514687,0,0,0.03177304964539007,0.005333333333333333,0,0.021520287678392924,
40,027,0.11108640547872103,0.0999963408917524,0.12217647006568967,0.022776951997901546,0.01763170723941377,0.027922196756389323,0.008044067500218589,0.004338018644503573,0.011750116355933605,
40,029,0.07212003872216845,0.04383062872653173,0.10040944871780516,0.04028776978417266,0.01754454369158375,0.06303099587676156,0.0038369304556354917,0,0.011957581441751557,
40,031,0.12313134771197079,0.10835069952200589,0.13791199590193567,0.02622102183209543,0.018862112235882772,0.03357993142830809,0.008890389376547379,0.005199407441250282,0.012581371311844475,
40,033,0.07935710698141638,0.0408003950746321,0.11791381888820066,0.005940594059405941,0,0.017387424615061847,0.006930693069306931,0,0.01985990717156137,
40,035,0.11222879684418145,0.08306038161121715,0.14139721207714576,0.024927536231884057,0.006497589652440853,0.04335748281132726,0.04251207729468599,0.017609510886741515,0.06741464370263048,
40,037,0.07528361539892132,0.06492659216473602,0.08564063863310663,0.03525114155251142,0.026931222029306843,0.043571061075716,0.01497716894977169,0.009392516636430377,0.020561821263113,
40,039,0.1271867612293144,0.09289372683134275,0.16147979562728607,0.02149532710280374,0.007702523619704525,0.03528813058590295,0.011121495327102804,0.0016484659304575131,0.020594524723748092,
40,041,0.10507025045815516,0.08970581676361791,0.1204346841526924,0.03219013237063779,0.023586710893536793,0.04079355384773878,0.026173285198555957,0.01807954346187135,0.034267026935240565,
40,043,0.04516129032258064,0.014595312234654587,0.0757272684105067,0.018412698412698412,0,0.03910182817866019,0.025396825396825397,0.006543762155602938,0.04424988863804785,
40,045,0.05579710144927536,0.01768039084519784,0.09391381205335289,0.01276595744680851,0,0.027518767303483904,0.005673758865248227,0,0.014765643174778815,
40,047,0.09576091564222128,0.07409593394847781,0.11742589733596474,0.02771362586605081,0.014850475496461629,0.04057677623563999,0.019105605710686542,0.009401191070297561,0.02881002035107552,
40,049,0.08337595907928388,0.06638802738022209,0.10036389077834568,0.02170620898536093,0.013022352951331542,0.030390065019390317,0.013629480060575468,0.006999402284173846,0.02025955783697709,
40,051,0.07589972697939935,0.06101163422320467,0.09078781973559404,0.03026574803149606,0.02319518438782453,0.03733631167516759,0.014025590551181102,0.005471697397506603,0.022579483704855602,
40,053,0.04911323328785812,0.017986186255113966,0.08024028032060226,0.021052631578947368,0.004552265728675477,0.03755299742921926,0.023026315789473683,0.003421280562585796,0.04263135101636157,
40,055,0.08622448979591837,0.03823563657013448,0.13421334302170226,0.02666666666666667,0.001775700958137217,0.051557632375196116,0.009382716049382716,0,0.02466625966762143,
40,057,0.0918918918918919,0.030331662329154047,0.15345212145462975,0.008376963350785341,0,0.03085343823726472,0.004188481675392671,0,0.02367264522825866,
40,059,0.03468208092485549,0,0.07149020884188473,0.037037037037037035,0,0.07770004265788631,0.012345679012345678,0,0.03165774869340972,
40,061,0.0888382687927107,0.06865938716484218,0.10901715042057922,0.02765486725663717,0.017216485434258605,0.038093249079015734,0.030973451327433628,0.01382596123427594,0.04812094142059131,
40,063,0.046981627296587926,0.027999696711129573,0.06596355788204628,0.020512820512820513,0.008773291991616623,0.0322523490340244,0.020512820512820513,0.009277037753223307,0.03174860327241772,
40,065,0.06666666666666667,0.04968738773305048,0.08364594560028285,0.010167768174885612,0.0034117208286339323,0.01692381552113729,0.007625826131164209,0.0023891073496816045,0.012862544912646814,
40,067,0.07376237623762376,0.042255263039929845,0.10526948943531766,0.013942307692307693,0.0010202005660966303,0.026864414818518756,0.009615384615384616,0,0.01993376218942256,
40,069,0.07802929427430093,0.05087958251684674,0.10517900603175512,0.061696658097686374,0.04015284542583142,0.08324047076954133,0.019280205655526992,0.009325192757057163,0.02923521855399682,
40,071,0.08918753817959682,0.07294956867554782,0.10542550768364582,0.020444978953698137,0.0130303684908516,0.027859589416544674,0.016235718580877932,0.009956887212438988,0.022514549949316877,
40,073,0.08169273229070838,0.04370802680196314,0.11967743777945361,0.019746376811594205,0.006119255076725614,0.03337349854646279,0.004528985507246377,0,0.013826052800675174,
40,075,0.06945736434108526,0.04084358820689214,0.09807114047527839,0.023975720789074353,0.004579229001206508,0.043372212576942196,0.014871016691957511,0,0.031205322539477408,
40,077,0.08685258964143426,0.059667693754147044,0.11403748552872148,0.02961038961038961,0.016344747557603356,0.04287603166317587,0.0049350649350649355,0,0.010688765732773496,
40,079,0.09516452074391989,0.08240577086473737,0.1079232706231024,0.02467059153350154,0.018363176801380453,0.030978006265622627,0.00784973366975049,0.004792327267853734,0.010907140071647246,
40,081,0.07559808612440191,0.061584855929429784,0.08961131631937405,0.024256651017214397,0.017210602612028045,0.03130269942240075,0.013693270735524257,0.007267432916409127,0.020119108554639387,
40,083,0.07210049664037393,0.05495027573838615,0.08925071754236172,0.020791221484262202,0.012721292508497295,0.02886115046002711,0.00837424198671672,0.002498758252319739,0.014249725721113701,
40,085,0.08176795580110498,0.059800109294766424,0.10373580230744353,0.043147896879240165,0.025913209474425276,0.06038258428405505,0.006512890094979647,0,0.01449616851374181,
40,087,0.07764782326185835,0.05971071385745009,0.09558493266626661,0.027193266429265135,0.016852219909145892,0.03753431294938438,0.005827128520556815,0.0021364815511781703,0.00951777548993546,
40,089,0.07918367346938776,0.06461371363095703,0.0937536333078185,0.03905903240124279,0.028023444060989625,0.050094620741495954,0.017310252996005325,0.0103943753269122,0.02422613066509845,
40,091,0.09846368715083799,0.07183745960182675,0.12508991469984923,0.02847457627118644,0.01685604585892376,0.04009310668344912,0.010033898305084745,9.691733146480579e-4,0.019098623295521432,
40,093,0.058187599364069954,0.0338120241108808,0.08256317461725911,0.024960505529225907,0.00973351701488036,0.040187494043571456,0.006003159557661927,0,0.014221158069607071,
40,095,0.09408602150537634,0.06940972764976061,0.11876231536099208,0.030864197530864196,0.018735781825636136,0.042992613236092256,0.01146384479717813,0.0014297161270649741,0.021497973467291286,
40,097,0.08900134952766532,0.07350400683125796,0.10449869222407268,0.03176704169424222,0.022010934211790054,0.04152314917669439,0.013567174056915949,0.007987354178369783,0.019146993935462115,
40,099,0.06753246753246753,0.042085435244973324,0.09297949981996173,0.045454545454545456,0.02670124980549634,0.06420784110359457,0.03458498023715415,0.012922345085854714,0.05624761538845359,
40,101,0.10671181039633539,0.09058436124888887,0.1228392595437819,0.0369140625,0.028878907345042313,0.044949217654957685,0.0130859375,0.0068229109424002106,0.01934896405759979,
40,103,0.06152019002375297,0.033101497249181544,0.08993888279832439,0.02702702702702703,0.010306491614370163,0.04374756243968389,0.02444183313748531,0.004663249002311746,0.04422041727265888,
40,105,0.07575757575757576,0.04755621627868581,0.10395893523646571,0.025405405405405406,0.01206090808169703,0.038749902729113786,0.016216216216216217,0.00567733880124986,0.026755093631182572,
40,107,0.10758988015978695,0.07776374407037397,0.1374160162491999,0.03617571059431524,0.020423148763764484,0.051928272424866,0.02454780361757106,0.01077052151795302,0.0383250857171891,
40,109,0.13707448762799315,0.1302576367697603,0.143891338486226,0.026837622953395555,0.02424742116303564,0.029427824743755472,0.010983312906571133,0.009159209598489112,0.012807416214653153,
40,111,0.10662782228696285,0.08826992421722243,0.12498572035670327,0.032892384697890596,0.023796913722637897,0.041987855673143296,0.02538434036467644,0.014155932411306643,0.036612748318046236,
40,113,0.08273381294964029,0.06645363297205747,0.0990139929272231,0.026646884272997034,0.019696640003829386,0.033597128542164685,0.009792284866468843,0.0061450492419384065,0.01343952049099928,
40,115,0.09826086956521739,0.08694981828562813,0.10957192084480664,0.02901023890784983,0.022887151258684332,0.03513332655701533,0.01749146757679181,0.01368989820394131,0.021293036949642307,
40,117,0.0636518771331058,0.04768516066430818,0.07961859360190342,0.03271812080536913,0.021766376847787018,0.04366986476295124,0.010906040268456376,0.004463790035084654,0.017348290501828095,
40,119,0.21232986389111289,0.18173147431877582,0.24292825346344996,0.01570105197048202,0.008147042357262428,0.023255061583701615,0.008635578583765112,0.00391508329402008,0.013356073873510146,
40,121,0.10271374379924132,0.08532398587979659,0.12010350171868606,0.018098247629991383,0.011075566781406632,0.025120928478576134,0.01407641482332663,0.008647153142115806,0.019505676504537453,
40,123,0.08088737201365187,0.06552350887562122,0.09625123515168252,0.016216216216216217,0.009604331595457172,0.022828100836975264,0.0037162162162162164,6.428468810492929e-4,0.0067895855513831396,
40,125,0.09792944785276074,0.08673964372947301,0.10911925197604846,0.02195306585919758,0.016199018057197454,0.027707113661197703,0.01097653292959879,0.007224703356085068,0.01472836250311251,
40,127,0.09939246658566221,0.07454685897455465,0.12423807419676977,0.022458628841607566,0.008926753080126198,0.03599050460308893,0.024822695035460994,0.014303900477183041,0.03534148959373895,
40,129,0.05829285218598196,0.024697586411966593,0.09188811795999732,0.013013698630136987,0,0.03305482440195095,0.009589041095890411,0,0.021707241965472628,
40,131,0.07476367802921799,0.06554893320521409,0.08397842285322189,0.02792022792022792,0.022289343002185345,0.033551112838270496,0.005982905982905983,0.003493484618151194,0.008472327347660773,
40,133,0.10450992182802164,0.08682136558124368,0.12219847807479961,0.02870533099004101,0.019960559972043705,0.03745010200803831,0.022847100175746926,0.015349420040555393,0.030344780310938457,
40,135,0.09158432708688245,0.07569655038783561,0.1074721037859293,0.03375668449197861,0.024488617156519957,0.04302475182743727,0.012366310160427808,0.007064676913669731,0.017667943407185888,
40,137,0.09578313253012048,0.08062363254642552,0.11094263251381545,0.014679976512037582,0.009310714690187696,0.020049238333887467,0.01644157369348209,0.010401903942193886,0.02248124344477029,
40,139,0.1278443113772455,0.08357038410149148,0.17211823865299952,0.043699927166788055,0.014173344397515351,0.07322650993606075,0.013109978150036417,4.5272779304340177e-4,0.025767228507029432,
40,141,0.11522157996146436,0.06699038372063695,0.16345277620229176,0.023121387283236993,0.002736801676824923,0.04350597288964907,0.036608863198458574,0.014173556356564872,0.05904417004035228,
40,143,0.11760404841161418,0.11257235042080478,0.12263574640242357,0.028490890860591384,0.026057394281653202,0.030924387439529567,0.010726650144724644,0.009128917729305287,0.012324382560144002,
40,145,0.07676091684791701,0.0656545487028235,0.08786728499301052,0.03058002326740901,0.024992569606825096,0.03616747692799292,0.005484460694698354,0.0031592960045742744,0.007809625384822435,
40,147,0.09347879990081825,0.07830024500987699,0.10865735479175952,0.012251899044351875,0.007570354528011839,0.01693344356069191,0.022298456260720412,0.015405315907977248,0.029191596613463575,
40,149,0.086450334406737675,0.05889456264176774,0.11400610617170762,0.019530284301606922,0.0075372249444323105,0.03152334365878153,0.007416563658838072,0,0.015089350861463319,
40,151,0.08562149394744611,0.05243275651769351,0.11881023137719872,0.0029455081001472753,0,0.013139091198133085,0.023564064801178203,0.004869580623316258,0.04225854897904015,
40,153,0.07314930991217064,0.04181906286650754,0.10447955695783373,0.016864459712679577,0.0023815640307315675,0.03134735539462759,0.008119925046845722,0,0.017681804515051948,
41,000,0.14666678696669494,0.14390160066765062,0.14943197326573926,0.03249940504521656,0.030985020076661558,0.03401379001377157,0.014906592099000476,0.013945972086671594,0.015867212111329358,
41,001,0.1185131195335277,0.08742875618368698,0.1495974828833684,0.012134189864382585,0.002548990575881184,0.021719389152883985,0.01998572448251249,0.005001383419728186,0.034970065545296795,
41,003,0.19659044784196997,0.1760653972751518,0.21711549840878813,0.01677453440760798,0.011714743146152003,0.021834325669063955,0.015321621978602562,0.01050154368461935,0.020141700272585775,
41,005,0.14513052993590744,0.13566638737987247,0.15459467249194242,0.022828213808739943,0.018916533851828628,0.02673989376565126,0.011926577010280461,0.009297383601578193,0.01455577041898273,
41,007,0.14755060134936931,0.1205537373874516,0.17454746531128704,0.017686285879965208,0.008647933648838953,0.026724638111091464,0.017396346767178893,0.00700404952583957,0.027788644008518215,
41,009,0.09454186218819462,0.07680559984429695,0.11227812453209228,0.021145807720678634,0.010374350393560343,0.031917265047796926,0.012294074256208508,0.005377804636190688,0.01921034387622633,
41,011,0.12144281312307413,0.10127757331635051,0.14160805292979775,0.027604630454140695,0.01736038808994406,0.037848872818337334,0.019056099732858416,0.011256583699243221,0.026855615766473613,
41,013,0.10166177908113393,0.07077618333126882,0.13254737483099904,0.02089407191448008,0.008953311969008528,0.03283483185995163,0.012633624878522837,0.0032669614587605977,0.022000288298285077,
41,015,0.1194861198454766,0.0880172678125378,0.1509549718784154,0.03856502242152467,0.01800312948982877,0.059126915353220566,0.01569506726457399,0.003569307760613755,0.02782082676853423,
41,017,0.14044350580781415,0.12448547839027665,0.15640153322535164,0.027491408934707903,0.020469808639699445,0.03451300922971636,0.02141629847815415,0.01423697147521027,0.02859562548109803,
41,019,0.11441697659155546,0.09873183214516634,0.13010212103794458,0.02086937716262976,0.015120751268190034,0.026618003057069482,0.018814878892733564,0.01268159408164718,0.02494816370381995,
41,021,0.12733644859813084,0.037148144602019,0.2175247525942427,0.004651162790697674,0,0.03878192132674879,0.040697674418604654,0.006862724591884271,0.07453262424532503,
41,023,0.13403298350824588,0.08631603558479853,0.18174993143169324,0.017507418397626113,0.0035823462157960773,0.03143249057945615,0.011869436201780416,0.0033673909603966646,0.02037148144316417,
41,025,0.08431372549019608,0.045212716166401545,0.12341473481399062,0.0532258064516129,0.024500385624586372,0.08195122727863943,0.01129032258064516,0,0.02433261658113353,
41,027,0.1145418326693227,0.08034450593590581,0.1487391594027396,0.03650442477876106,0.01730982572043243,0.055699023837089696,0.024889380530973452,0.007431820910087733,0.04234694015185917,
41,029,0.14265576543557937,0.13079931726761165,0.15451221360354708,0.03465924895688456,0.027361287796954268,0.04195721011681485,0.012461752433936022,0.007968262114875401,0.016955242752996643,
41,031,0.1265763111373011,0.0948659002075802,0.15828672206702202,0.047729918509895226,0.031198441627518708,0.06426139539227174,0.027357392316647265,0.009714138913366699,0.04500064571992783,
41,033,0.17020977051949882,0.14683121321517234,0.1935883278238253,0.04722452361226181,0.03480537810794067,0.05964366911658295,0.021541010770505385,0.012166834636059085,0.030915186904951684,
41,035,0.1533442088091354,0.13155505359834052,0.1751333640199303,0.021287919105907396,0.014281563750716406,0.028294274461098386,0.013837147418839808,0.008818994488162302,0.018855300349517313,
41,037,0.13373493975903614,0.08333425743892492,0.18413562207914735,0.04011887072808321,0.011129958183845223,0.0691077832723212,0.020802377414561663,5.432483082872842e-4,0.04106150652083604,
41,039,0.16769809876228148,0.15797177738383308,0.17742442014072987,0.027676207287857774,0.023419819535224463,0.031932595040491084,0.016328331862312445,0.013222291437765819,0.01943437228685907,
41,041,0.12713771377137714,0.10763270162729359,0.14664272591546068,0.018679119412941963,0.01091853229208296,0.026439706533800966,0.01200800533689126,0.0073174053058521595,0.01669860536793036,
41,043,0.13745461879790238,0.11972363941309708,0.1551855981827077,0.03563920312343578,0.02783941405228214,0.04343899219458941,0.016818500350385426,0.012264734285279895,0.021372266415490955,
41,045,0.1504352278545827,0.12037076918668799,0.1804996865224774,0.06532663316582915,0.04720704328393455,0.08344622304772376,0.012060301507537688,0.0061241025127464505,0.017996500502328927,
41,047,0.14433495522754222,0.1326844252145297,0.15598548524055475,0.052770127976672604,0.044879481709857436,0.06066077424348777,0.014863113559047465,0.011074726073094076,0.018651501045000855,
41,049,0.07564442303059504,0.04160121726301461,0.10968762879817548,0.08333333333333333,0.04691655295152716,0.1197501137151395,0.0035714285714285713,0,0.011059846945157017,
41,051,0.16628076747238485,0.15917024051587758,0.17339129442889212,0.035020531787867314,0.03161649630278308,0.03842456727295155,0.012945219442583802,0.011003419893768115,0.014887018991399489,
41,053,0.15288805853962323,0.12996625000966106,0.1758098670695854,0.028708876474239604,0.01943550912210611,0.037982243826373094,0.018156424581005588,0.010800665897295794,0.025512183264715382,
41,055,0.10182767624020887,0.028002847181155463,0.1756525052992623,0.015584415584415584,0,0.036908631038296946,0.01038961038961039,0,0.035887058052223066,
41,057,0.13257740950719582,0.10513936082805761,0.16001545818633403,0.04079861111111111,0.023078477608841862,0.05851874461338036,0.010850694444444444,0.001238867357092801,0.020462521531796087,
41,059,0.0945273631840796,0.0766989019617896,0.1123558244063696,0.041028446389496716,0.027750109152561993,0.05430678362643144,0.01349380014587892,0.007368893260391545,0.019618707031366298,
41,061,0.11096345514950166,0.08581314610258574,0.13611376419641757,0.03130841121495327,0.016091159754547373,0.04652566267535917,0.02336448598130841,0.012202481586534147,0.03452649037608267,
41,063,0.0540625,0.03098954303520084,0.07713545696479916,0.0363914373088685,0.011478634853356238,0.061304239764380763,0.0030581039755351682,0,0.011876850755948914,
41,065,0.11390203845039126,0.088586371707713,0.13921770519306953,0.034699714013346046,0.018213928205017892,0.051185499821674196,0.01811248808388942,0.009519488333202712,0.026705487834576127,
41,067,0.13432541853594485,0.126568416532556,0.1420824205393337,0.03235268555536242,0.028088146770068857,0.036617224340655986,0.013840604901790371,0.01154780130520551,0.016133408498375232,
41,069,0.0896,0.012536500629769243,0.16666349937023076,0.0064,0,0.05134373362855085,0.0304,0,0.06699419274731686,
41,071,0.14409676571128058,0.12567119099775595,0.1625223404248052,0.037399009642950225,0.025984704285074378,0.04881331500082607,0.01641907740422205,0.008690743787990068,0.024147411020454028,
42,000,0.12143157788075186,0.11987246868472677,0.12299068707677695,0.014888158306417841,0.014368764452255857,0.015407552160579825,0.010001492185281277,0.009636459282512935,0.01036652508804962,
42,001,0.0870935215528107,0.07596451854983578,0.0982225245557856,0.010498687664041995,0.0068607617131950255,0.014136613614888964,0.006124234470691163,0.0027552224964303334,0.009493246444951992,
42,003,0.11445407987805445,0.10980318750602135,0.11910497225008755,0.008641307833991588,0.007596944810678185,0.009685670857304993,0.009970034913449468,0.008671743042460826,0.01126832678443811,
42,005,0.07453754080522307,0.06407769615077691,0.08499738545966923,0.007563479200432199,0.005097064114617002,0.010029894286247397,0.02106969205834684,0.014283923607113891,0.027855460509579787,
42,007,0.0888951205832866,0.08019112834842776,0.09759911281814543,0.007569444444444445,0.00435263178873976,0.010786257100149129,0.012013888888888888,0.008589045595796218,0.015438732181981558,
42,009,0.09153153153153153,0.07660023124617049,0.10646283181689256,0.007664793050587634,0.004940066406735061,0.010389519694440207,0.009197751660705161,0.005293751457078477,0.013101751864331846,
42,011,0.11763228924737933,0.10921294345923308,0.12605163503552558,0.014611447184737086,0.012061701799472068,0.017161192570002103,0.009927097874980612,0.007427261794336136,0.012426933955625087,
42,013,0.09600319744204636,0.08411661199559015,0.10788978288850257,0.006227142433527726,0.003849325905523245,0.008604958961532206,0.011663536621528121,0.006783200707204368,0.016543872535851874,
42,015,0.0819277108433735,0.07092466331878615,0.09293075836796084,0.0180623973727422,0.012274953524129464,0.023849841221354934,0.007799671592775041,0.004257867374563539,0.011341475810986542,
42,017,0.11871009851714362,0.11251786855124547,0.12490232848304177,0.012660279133834343,0.010276416622006748,0.015044141645661938,0.006725140275892803,0.005092787278277732,0.008357493273507873,
42,019,0.09748527269272186,0.08785778875161258,0.10711275663383114,0.005537028880639275,0.0034715777391207707,0.00760248002215778,0.009689800541118732,0.006141381561491355,0.013238219520746108,
42,021,0.09302537055560607,0.08293294572121662,0.10311779538999552,0.007472092185812028,0.0047291298824542975,0.010215054489169758,0.016564638098667626,0.011338452826781868,0.021790823370553384,
42,023,0.08610478359908884,0.0510583975088905,0.12115116968928719,0.01085972850678733,0,0.023502577107028175,0.013122171945701358,0.0035928389688227712,0.022651504922579946,
42,025,0.11193181818181819,0.0908657625885467,0.13299787377508968,0.012003000750187547,0.005173475900518114,0.01883252559985698,0.012940735183795949,0.00626600225282658,0.01961546811476532,
42,027,0.15811106252732837,0.14365593569478127,0.17256618935987547,0.023676760744616967,0.01705391844781225,0.030299603041421683,0.007463326756455349,0.004485130307487147,0.01044152320542355,
42,029,0.10746844319775596,0.10052544246328768,0.11441144393222424,0.011240155517894528,0.008897158095210536,0.013583152940578519,0.006903598843584887,0.0049746123712617885,0.008832585315907986,
42,031,0.09928547124872406,0.08148289325170603,0.11708804924574208,0.009453072248480757,0.0058856037903571076,0.013020540706604406,0.018568534773801486,0.013069830728686442,0.02406723881891653,
42,033,0.09506997455470738,0.08155766451462455,0.1085822845947902,0.00960932577189666,0.005603437492666859,0.013615214051126461,0.011657214870825458,0.007784750162828565,0.01552967957882235,
42,035,0.10398379473328832,0.08181153303252181,0.12615605643405484,0.012436974789915966,0.007449521859109092,0.017424427720722842,0.003630252100840336,6.210929297683332e-4,0.0066394112719123394,
42,037,0.1055027711797308,0.0885498788592799,0.1224556635001817,0.005370942812982999,0.002202778250132195,0.008539107375833802,0.009080370942812983,0.004753667302334184,0.013407074583291781,
42,039,0.086969743043941,0.07599305135310176,0.09794643473478025,0.01039469719795119,0.007502600403501958,0.01328679399240042,0.026062066887616753,0.02077485456709004,0.03134927920814347,
42,041,0.10064721792890263,0.09119172432932338,0.11010271152848189,0.008457065974724905,0.005967081653234002,0.010947050296215807,0.011388208159146606,0.007872182855043819,0.014904233463249393,
42,043,0.11734495705839196,0.10640384320175723,0.1282860709150267,0.01475764386582418,0.010981401742923827,0.018533885988724533,0.011492303125397566,0.008588369282330373,0.01439623696846476,
42,045,0.14629642615057384,0.13853171043510454,0.15406114186604314,0.016146593462598745,0.013386931011220337,0.018906255913977155,0.007482567702179906,0.005920947062802223,0.00904418834155759,
42,047,0.06486689163854518,0.049630767104467996,0.08010301617262237,0.004449388209121246,9.273548864890471e-4,0.007971421531753444,0.0017797552836484984,0,0.003598767292324989,
42,049,0.1251154627748014,0.11506434011656305,0.13516658543303975,0.012514272664992008,0.009329964824481455,0.01569858050550256,0.010367663850194109,0.007778238528449766,0.012957089171938451,
42,051,0.10037112636852849,0.08936319539333598,0.111379057343721,0.012014198598343497,0.007928392269287226,0.01610000492739977,0.012287248566487666,0.007500988946471793,0.01707350818650354,
42,053,0.09721463681048607,0.05198781472716765,0.1424414588938045,0.00975609756097561,0,0.029964326605785394,0.013550135501355014,0.002988970754285383,0.024111300248424644,
42,055,0.0919415987738969,0.07920798033961818,0.10467521720817563,0.01558130243707551,0.011218218727028495,0.019944386147122524,0.010387534958050339,0.006673010062511711,0.014102059853588967,
42,057,0.07745664739884393,0.05960834000387907,0.0953049547938088,0.012081632653061225,0.004918047645677557,0.019245217660444895,0.008816326530612244,0.0021795274068454338,0.015453125654379056,
42,059,0.07793427230046948,0.05967721658102564,0.09619132801991331,0.01003224650662845,0.0028727202429674956,0.017191772770289403,0.004299534217126478,9.406671849362907e-4,0.007658401249316665,
42,061,0.08359923420548819,0.06905663680647586,0.09814183160450052,0.013950538998097653,0.009057114362906345,0.01884396363328896,0.007292327203551046,0.003802885053093711,0.010781769354008382,
42,063,0.09653659301049992,0.08093866015377439,0.11213452586722546,0.009137370295803004,0.005406382464997505,0.012868358126608503,0.015641938980950905,0.01186263588393616,0.01942124207796565,
42,065,0.07958612975391499,0.06740631156729429,0.09176594794053569,0.020532741398446172,0.01346734588471538,0.027598136912176965,0.025804661487236404,0.018882959715072437,0.03272636325940037,
42,067,0.0701313535122787,0.05235516196535964,0.08790754505919776,0.04406779661016949,0.025963109320140076,0.0621724839001989,0.012994350282485875,0.004593199453470408,0.02139550111150134,
42,069,0.12208433873376996,0.11167067094247492,0.132498006525065,0.01274247681893168,0.008896069858929628,0.016588883778933732,0.007679617725695432,0.005229219077981916,0.010130016373408948,
42,071,0.1136582546715469,0.10621459624461985,0.12110191309847396,0.02014450452174745,0.01735741103168291,0.022931598011811993,0.010239724388726733,0.00810091179405302,0.012378536983400447,
42,073,0.09633889746107449,0.08293356659229814,0.10974422832985084,0.010435508557117017,0.006506658479774237,0.014364358634459798,0.016975093919577015,0.012284411356092128,0.0216657764830619,
42,075,0.10460021905805038,0.09210594955679749,0.11709448855930327,0.020458042907576718,0.015076762485753027,0.025839323329400407,0.010772155336290395,0.006757388758730763,0.014786921913850028,
42,077,0.1372069966716238,0.12713642138050568,0.14727757196274194,0.0230374226223973,0.018720283805413577,0.02735456143938102,0.007280528981429375,0.0054296722998955094,0.00913138566296324,
42,079,0.12731587811973663,0.11839294828858457,0.1362388079508887,0.012480205112736596,0.009793523183147176,0.015166887042326015,0.012253977829726264,0.009130731909166197,0.015377223750286332,
42,081,0.1084143109540636,0.0951893441676865,0.12163927774044071,0.0118148999015425,0.007356950559361532,0.01627284924372347,0.01279947489333771,0.006939707722725262,0.018659242063950157,
42,083,0.08040712468193384,0.06521293857213549,0.09560131079173219,0.005021971123666039,0.0012236336299783763,0.008820308617353702,0.011613308223477715,0.005647524504168861,0.01757909194278657,
42,085,0.09242692648361382,0.0812451245020243,0.10360872846520335,0.008280671170189585,0.00558179110696823,0.010979551233410939,0.017977772935280016,0.013145955186945252,0.02280959068361478,
42,087,0.0846778559826746,0.06843563566157122,0.10092007630377799,0.022837184309511014,0.014549884977952118,0.03112448364106991,0.02337452982267598,0.01432944518263368,0.03241961446271828,
42,089,0.13588582172463892,0.11886231625908932,0.15290932719018854,0.0192844455721898,0.01385428831374463,0.02471460283063497,0.006428148524063267,0.003238469030026476,0.009617828018100058,
42,091,0.11528864259143028,0.10971697784606717,0.12086030733679339,0.015226886677990778,0.012958744461127625,0.01749502889485393,0.008311089541373454,0.006755975097920682,0.009866203984826225,
42,093,0.11127320954907162,0.08184016773041121,0.14070625136773202,0.02017026850032744,0.0028065610131589487,0.03753397598749593,0.022920759659463,0.011465902519514263,0.034375616799411736,
42,095,0.11820578266873091,0.10832256646131846,0.12808899887614336,0.013955226980105494,0.010293011169235443,0.017617442790975546,0.009178884412509865,0.0065184924308407475,0.011839276394178982,
42,097,0.09746328437917223,0.08521218106554818,0.10971438769279629,0.01072137657180675,0.006329267545304415,0.015113485598309086,0.005294506949040371,0.0023686550303642913,0.00822035886771645,
42,099,0.08208124652198108,0.06924233154706833,0.09492016149689383,0.019097702740105176,0.011948700905622379,0.026246704574587974,0.00498200941046222,0.002271492167373044,0.007692526653551395,
42,101,0.197621788091831,0.1909079057949679,0.2043356703886941,0.029751338886107443,0.027012782284811097,0.03248989548740379,0.010726260373522674,0.009164298249753604,0.012288222497291744,
42,103,0.1582855930405262,0.12878637137975468,0.1877848147012977,0.01030277544154752,0.005457389621024893,0.015148161262070145,0.0021026072329688814,5.656917583050491e-6,0.004199557548354712,
42,105,0.08888888888888889,0.07089193948506461,0.10688583829271317,0.02259287338893101,0.01168671816498348,0.03349902861287854,0.01819560272934041,0.009648875363640848,0.02674233009503997,
42,107,0.09089941458222459,0.08141278797605095,0.10038604118839822,0.010002632271650434,0.00610431947829428,0.013900945065006588,0.010529086601737299,0.006906570104916806,0.014151603098557793,
42,109,0.07023155552465057,0.05552638780071969,0.08493672324858147,0.012474012474012475,0.007729646663586725,0.017218378284438222,0.016285516285516284,0.01003931618126623,0.022531716389766338,
42,111,0.0794092093831451,0.06754422219270155,0.09127419657358864,0.01018822310481782,0.005538830209952321,0.01483761599968332,0.011051631842514247,0.00782214706113268,0.014281116623895813,
42,113,0.08041237113402062,0.05306266851469729,0.10776207375334396,0.011788617886178862,0,0.024719328425986054,0.00975609756097561,0,0.020100481020576755,
42,115,0.10448242502418574,0.08999974999350133,0.11896510005487015,0.010805626598465474,0.007037340807695617,0.01457391238923533,0.008951406649616368,0.004624465127657941,0.013278348171574795,
42,117,0.09878714372346876,0.08452510314309135,0.11304918430384618,0.01236056677720832,0.007361378297083539,0.0173597552573331,0.010250226107928851,0.005611064433318935,0.014889387782538767,
42,119,0.09598293636686811,0.07044185080353112,0.1215240219302051,0.010515172900494002,0.003965446379704403,0.0170648994212836,0.012350035285815103,0.002462650900229532,0.022237419671400672,
42,121,0.08534278959810875,0.07091859684042322,0.09976698235579427,0.00914419695193435,0.005819497974347446,0.012468895929521252,0.009378663540445486,0.006221285281564008,0.012536041799326963,
42,123,0.06882995319812793,0.05611708076312312,0.08154282563313274,0.008328192473781616,0.0052010751346195355,0.011455309812943697,0.014497223935842072,0.009620016414801019,0.019374431456883126,
42,125,0.08741868029739777,0.07952859932612684,0.0953087612686687,0.009288990825688074,0.006368356925696217,0.012209624725679932,0.011238532110091744,0.007674471241018534,0.014802592979164954,
42,127,0.11357835630423685,0.09286734106697117,0.13428937154150253,0.016713091922005572,0.009607796759051025,0.02381838708496012,0.006583945302608255,0.0030513478183128015,0.010116542786903708,
42,129,0.0864360386505293,0.07992867182653289,0.09294340547452572,0.0051881097660456165,0.003666022404927878,0.006710197127163356,0.008712108852416224,0.006433939074751843,0.010990278630080605,
42,131,0.09882903981264637,0.08106163175954367,0.11659644786574908,0.006024096385542169,0.0019693555822766625,0.010078837188807675,0.005097312326227989,0.0016496576688858101,0.008544966983570167,
42,133,0.10180893159977389,0.09406205528381423,0.10955580791573355,0.014422134475902433,0.011761858715153815,0.017082410236651052,0.009409392590103335,0.006981937018851748,0.011836848161354923,
44,000,0.14401485339280917,0.13760828167352177,0.15042142511209658,0.02000138818194438,0.017343402668578964,0.0226593736953098,0.007912637082967008,0.0065810186482361446,0.009244255517697872,
44,001,0.13639926835641494,0.11325260889887157,0.15954592781395832,0.003389830508474576,0,0.007147245856560153,0.0015645371577574967,0,0.0033991097559431366,
44,003,0.1282819137822968,0.11403098506322833,0.14253284250136528,0.014265927977839335,0.00959229862334325,0.01893955733233542,0.008725761772853186,0.0057738265988754554,0.011677696946830917,
44,005,0.1396726862302483,0.12152422342288405,0.15782114903761257,0.007824507475199105,0.0032726428578153536,0.012376372092582858,0.007824507475199105,0.004336448541214903,0.011312566409183308,
44,007,0.15407301131834847,0.14502361883992132,0.16312240379677562,0.027342440909180515,0.023020856024896168,0.03166402579346486,0.00835846787706744,0.0066013786069313626,0.010115557147203516,
44,009,0.12280184693977797,0.10795553474108396,0.13764815913847198,0.006319883325230919,0.0025937374111891414,0.010046029239272697,0.007000486144871172,0.0031245243813727494,0.010876447908369594,
45,000,0.12053920275380343,0.11799294626715152,0.12308545924045534,0.019865700155949947,0.018742647964450805,0.02098875234744909,0.007614608382742198,0.006933732861060522,0.008295483904423874,
45,001,0.09957537154989385,0.06652893663805376,0.13262180646173394,0.02079002079002079,0.008498035066551593,0.03308200651348999,0.010395010395010396,2.99558334948628e-4,0.02049046245507216,
45,003,0.11028751123090745,0.0971910161584105,0.1233840063034044,0.01597820484500405,0.010684057745693285,0.021272351944314812,0.0056696855901627275,0.0035434792839455654,0.00779589189637989,
45,005,0.12341772151898735,0.06622953977176421,0.18060590326621048,0.031055900621118012,0.0014265367187662296,0.0606852645234698,0.013664596273291925,0,0.02881729604383064,
45,007,0.09841550407171265,0.08794393620205301,0.10888707194137229,0.02303860523038605,0.017163463071487875,0.028913747389284226,0.009402241594022417,0.005888783237768773,0.01291569995027606,
45,009,0.1260523321956769,0.07622072264257972,0.1758839417487741,0.011713665943600867,0,0.02370341557041341,0.00737527114967462,0,0.016596936395205042,
45,011,0.14007444168734492,0.10088905113990745,0.1792598322347824,0.03405275779376499,0.01710279985328658,0.05100271573424339,0.005995203836930456,1.3434122201467797e-4,0.011856066451846232,
45,013,0.12041989836854775,0.10769457691854255,0.13314521981855296,0.017210799448203376,0.011544926593270641,0.02287667230313611,0.005649346383761414,0.0032597701594028897,0.008038922608119937,
45,015,0.10774881931082736,0.09713660665818852,0.1183610319634662,0.018284268629254828,0.013464380455549409,0.023104156802960248,0.004829806807727691,0.0020936513640617328,0.00756596225139365,
45,017,0.12403763900769889,0.08021436433369047,0.1678609136817073,0.024873949579831932,0.007796825560277654,0.04195107359938621,0.0031932773109243696,0,0.009803245817393443,
45,019,0.15748101566207878,0.1453163820169376,0.16964564930721995,0.012776856136674525,0.009838223408127776,0.015715488865221276,0.005849995634331616,0.004005664701816602,0.00769432656684663,
45,021,0.09727626459143969,0.0779952491882421,0.11655727999463728,0.020666979802724285,0.011820025748431625,0.029513933857016943,0.005166744950681071,0,0.010399907629880066,
45,023,0.09693637077769049,0.07163101088399594,0.12224173067138504,0.025989138867339022,0.012579621773295965,0.039398655961382076,0.001474010861132661,0,0.003957445685486224,
45,025,0.10374554102259215,0.07835758918677573,0.12913349285840856,0.029798422436459245,0.01680803821020052,0.04278880666271797,0.023663453111305872,0.011302701184085051,0.03602420503852669,
45,027,0.1054065934065934,0.08175543840562768,0.12905774840755913,0.028155755241762944,0.016731280691893627,0.03958022979163226,0.009841677364142062,0.003047392919150566,0.016635961809133556,
45,029,0.09408689970597844,0.06754850398100029,0.1206252954309566,0.030022357074417118,0.017764853064246588,0.042279861084587644,0.0063877355477483235,0,0.014081698570320381,
45,031,0.11426834211593027,0.09381424993692167,0.13472243429493888,0.018984812150279775,0.010384096432776475,0.027585527867783073,0.013189448441247002,0.006388628627232622,0.01999026825526138,
45,033,0.12583044124938028,0.09181222209023866,0.15984866040852191,0.05797795879252515,0.0314510019583505,0.0845049156266998,0.011978917105893628,0,0.025788052415553868,
45,035,0.12208121827411167,0.10440600419627594,0.1397564323519474,0.027122049221496736,0.017314106501609756,0.036929991941383716,0.003934371337686255,0.0018789937429033823,0.0059897489324691276,
45,037,0.0864184008762322,0.06237829654966394,0.11045850520280047,0.01701222753854333,0.005725962089246047,0.02829849298784061,0.014779372674109515,0.00186313916948197,0.02769560617873706,
45,039,0.12085747392815759,0.08572777039245603,0.15598717746385915,0.031836270608300174,0.010217925824871535,0.05345461539172881,0.019897669130187607,0,0.04275747286248115,
45,041,0.12432485515074143,0.10895379739690585,0.13969591290457703,0.026701119724375538,0.020053065179154193,0.03334917426959688,0.007751937984496124,0.004218211599649295,0.011285664369342953,
45,043,0.10692682926829268,0.08862452667719324,0.1252291318593921,0.013638109873223205,0.00466638119143379,0.02260983855501262,0.007107184018440261,9.385336661265464e-4,0.013275834370753976,
45,045,0.10709823144944253,0.09929389568917771,0.11490256720970735,0.023817447111956262,0.020208213693224727,0.027426680530687798,0.010173520323270738,0.007552175550090665,0.012794865096450812,
45,047,0.11847725162488394,0.09565625488420071,0.14129824836556718,0.0144356005788712,0.0063935142423942725,0.022477686915348127,0.010130246020260492,0.004188231839113671,0.016072260201407312,
45,049,0.11224051539012168,0.08145140321001645,0.1430296275702269,0.014820042342978124,0.004643872324742844,0.024996212361213403,0.011997177134791814,7.877553725262852e-4,0.023206598897057343,
45,051,0.13255325959384004,0.12133682000433844,0.14376969918334165,0.011482951153562524,0.008653739543874887,0.01431216276325016,0.0037223022088000842,0.002363802305880432,0.0050808021117197365,
45,053,0.1271186440677966,0.0844179413526472,0.16981934678294602,0.04027130139889784,0.01947394705562579,0.061068655742169894,0.015684612123781264,0.001037143771197905,0.030332080476364622,
45,055,0.1287802924093731,0.10417420530201894,0.15338637951672726,0.013074484944532488,0.0060427530951339134,0.020106216793931063,0.0071315372424722665,0.0026128835912837666,0.011650190893660766,
45,057,0.09554224883566201,0.0778361233714188,0.11324837429990521,0.018867924528301886,0.010477285517821922,0.027258563538781852,0.012402691647974667,0.005576067383355854,0.01922931591259348,
45,059,0.121,0.10013441860308694,0.14186558139691305,0.020966802562609202,0.01280791465345056,0.029125690471767843,0.009318578916715201,0.004371925556315004,0.0142652322771154,
45,061,0.12305168170631665,0.08534120741372492,0.1607621559989084,0.05877616747181964,0.02837835637125845,0.08917397857238084,0.013687600644122383,0.004608997251347278,0.02276620403689749,
45,063,0.09537214757944125,0.08713353635784778,0.10361075880103472,0.020139035180113757,0.015671441071499852,0.02460662928872766,0.011796924373288392,0.008425306031916099,0.015168542714660685,
45,065,0.0987012987012987,0.056739535758672584,0.14066306164392484,0.01394169835234474,0.001069224448234993,0.026814172256454487,0.005069708491761723,0,0.014074301173249665,
45,067,0.10459662288930581,0.07507791207432234,0.13411533370428927,0.053753887161261664,0.02793412025321293,0.0795736540693104,0.003553976010661928,0,0.0071973753027607815,
45,069,0.13445835601524225,0.09913177218830432,0.16978493984218018,0.02577918647649234,0.012293179894430219,0.039265193058554464,0.012678288431061807,0.001851084646013251,0.02350549221611036,
45,071,0.118821165438714,0.09274388201923997,0.14489844885818803,0.018236272878535773,0.008715651679097188,0.02775689407797436,0.018302828618968387,0.004574590499248099,0.03203106673868868,
45,073,0.10821521109586953,0.08880548244938827,0.12762493974235078,0.010679903730445247,0.0057078875343295225,0.01565191992656097,0.00947653429602888,0.0038823203357432855,0.015070748256314475,
45,075,0.1420221169036335,0.12068001838591352,0.1633642154213535,0.02126357656417317,0.01426139697440447,0.02826575615394187,0.008413645403090102,0.004220575935961696,0.012606714870218508,
45,077,0.14057154357013485,0.12057473640459303,0.16056835073567666,0.013806118394914581,0.009230639399642557,0.018381597390186605,0.01092570520460866,0.006492096648463724,0.015359313760753598,
45,079,0.16815406294034757,0.1564344107008549,0.17987371517984024,0.01901981871255185,0.01489977624118155,0.023139861183922153,0.005346443386080811,0.0032245853947781016,0.00746830137738352,
45,081,0.09523809523809523,0.06533169803448333,0.12514449244170714,0.04684317718940937,0.025274060999837915,0.06841229337898083,0.006788866259334691,0,0.014028734753159912,
45,083,0.10746341068973882,0.09740216089645211,0.11752466048302553,0.022688304956337974,0.01841779575550436,0.026958814157171586,0.004107021811076997,0.0026878819857002806,0.0055261616364537134,
45,085,0.11997510889856876,0.10005168916207077,0.13989852863506674,0.016742026151778076,0.010313069343101498,0.023170982960454653,0.0039105462544299155,8.871113670342176e-4,0.006933981141825613,
45,087,0.08648409893992932,0.06389162772646212,0.10907657015339653,0.021934369602763387,0.009348547028800117,0.03452019217672665,0.008635578583765112,0.0031623815938397045,0.01410877557369052,
45,089,0.15756013745704467,0.12272452751804733,0.192395747396042,0.032916666666666664,0.017133411696195453,0.04869992163713788,0.015416666666666667,0.003120614965602635,0.027712718367730697,
45,091,0.09499282041780537,0.08528423010852737,0.10470141072708336,0.017337063706829334,0.013085664564030656,0.021588462849628013,0.006971517681053066,0.004424907469433624,0.009518127892672508,
46,000,0.08749910143052261,0.08316964902849722,0.09182855383254801,0.021427757844979783,0.01920922805420288,0.023646287635756685,0.01164644911441426,0.010265206479063739,0.013027691749764782,
46,003,0.06350710900473934,0.02168492329174647,0.10532929471773221,0.0037914691943127963,0,0.023480621375382284,0.007582938388625593,0,0.020740706195234843,
46,005,0.06531713900134953,0.04142500977017438,0.08920926823252467,0.04566823371390195,0.02210572341098047,0.06923074401682343,0.019476158495634655,0.002421471584350802,0.036530845406918505,
46,007,0.10425531914893617,0.0365448443141706,0.17196579398370174,0.07881773399014778,0.02414377651579372,0.13349169146450185,0.007881773399014778,0,0.023105733730931013,
46,009,0.06485355648535565,0.03452307131211417,0.09518404165859713,0.006625258799171843,0,0.0184299936133247,0.020703933747412008,0.0070401565876227635,0.034367710907201254,
46,011,0.1042921686746988,0.07707865484003289,0.1315056825093647,0.0074822297044519264,0.0017612691984832743,0.013203190210420579,0.005237560793116348,0,0.010800763630367732,
46,013,0.09487904492617028,0.0715288002285476,0.11822928962379295,0.00866853757405675,0.0014424403014205705,0.01589463484669293,0.01777362020579981,0.005875344739780996,0.029671895671818625,
46,015,0.06680476437079233,0.026092001956146298,0.10751752678543836,0.0020408163265306124,0,0.017880794464797425,0.012244897959183673,0.0019216735540309015,0.022568122364336446,
46,017,0.15021459227467812,0.05028810330969556,0.25014108123966067,0.11224489795918367,0.04095668738315146,0.18353310853521587,0.0163265306122449,0.0056347367474259,0.0270183244770639,
46,019,0.10960591133004927,0.06036243569546608,0.15884938696463247,0.031630170316301706,0.006583801718080734,0.05667653891452268,0.006082725060827251,0,0.016970240134024393,
46,021,0.043731778425655975,0,0.09586766702851279,0.011594202898550725,0,0.04451960350046187,0.042028985507246375,0.005673431578968109,0.07838453943552465,
46,023,0.096875,0.057669420265428956,0.13608057973457105,0.047217537942664416,0.026743988498837194,0.06769108738649164,0.011804384485666104,0.003841979736155408,0.0197667892351768,
46,025,0.11020710059171597,0.06407022652902127,0.1563439746544107,0.016176470588235296,0,0.03382845889389659,0.021323529411764706,0.0037536100138929884,0.038893448809636424,
46,027,0.15928705440900562,0.10961851530061525,0.20895559351739598,0.03970452446906741,0.010219323128826324,0.06918972580930849,0.008310249307479225,0,0.02090936386699934,
46,029,0.09475856376392901,0.06674079482268659,0.12277633270517142,0.02096177558569667,0.01015953853129484,0.031764012640098496,0.030004110152075627,0.011683413364214284,0.04832480693993697,
46,031,0.09186602870813397,0.05152735567349431,0.13220470174277363,0.08411214953271028,0.04635800367251831,0.12186629539290225,0.003738317757009346,0,0.019485201532796443,
46,033,0.12688507540301613,0.0772033272741455,0.17656682353188677,0.024352331606217616,0.002306127081786031,0.046398536130649204,0.01683937823834197,0.0031699335038329647,0.030508822972850975,
46,035,0.08676841725754116,0.05235691830565191,0.1211799162094304,0.0035502958579881655,0,0.009004206922144337,0.019408284023668638,0.003723186521535665,0.03509338152580161,
46,037,0.07203751065643649,0.03703609368158254,0.10703892763129044,0.005957446808510639,0,0.019464278735417284,0.005957446808510639,0,0.013888324814055525,
46,039,0.04355108877721943,0.01800976924228656,0.0690924083121523,0.006685236768802228,0,0.018196360369801955,0.010584958217270195,2.9449639603666006e-4,0.02087542003850373,
46,041,0.07190332326283988,0.03312510589133776,0.11068154063434199,0.08895522388059701,0.05283131282774806,0.12507913493344597,0.014925373134328358,3.412240067569988e-4,0.029509522261899717,
46,043,0.07230046948356808,0.026176978337171024,0.11842396062996513,0.04093023255813953,0.005214977551347283,0.07664548756493178,0.026976744186046512,0.006356691504566709,0.04759679686752631,
46,045,0.09770491803278689,0.04012349994830238,0.15528633611727138,0.0025974025974025974,0,0.017357675273730618,0.0025974025974025974,0,0.013537912448532662,
46,047,0.1470771144278607,0.09526350701467345,0.19889072184104795,0,0,0.011100832562442185,0.031055900621118012,0.007598501481704552,0.05451329976053147,
46,049,0.09379128137384413,0.025245263962597173,0.16233729878509107,0.01045751633986928,0,0.042393270273739236,0,0,0.022026410650227597,
46,051,0.05956320317670417,0.024796478135846428,0.0943299282175619,0.019801980198019802,3.2439865416344915e-5,0.03957152053062326,0.05115511551155116,0.010546416754228662,0.09176381426887364,
46,053,0.07598978288633461,0.045003746073465634,0.10697581969920358,0.01818181818181818,0.001598229274854944,0.03476540708878142,0.0219435736677116,0.004363449713652184,0.03952369762177101,
46,055,0.05,0,0.12192431620064109,0,0,0.03356308061132754,0.005633802816901409,0,0.023140271014458157,
46,057,0.06741573033707865,0.03394928550455084,0.10088217516960646,0.025116279069767444,0.011359786240116257,0.03887277189941863,0.01627906976744186,0.0047798762696694575,0.027778263265214265,
46,059,0.07581227436823104,0.03701165327283658,0.1146128954636255,0.005776173285198556,0,0.01832008814318327,0.005776173285198556,0,0.015379424897989057,
46,061,0.08900999091734786,0.04400375932768274,0.13401622250701298,0.0036199095022624436,0,0.022573294659558662,0.0036199095022624436,0,0.014454845132443876,
46,063,0.05384615384615385,0,0.13227126288341157,0.03653846153846154,0,0.08768534557660432,0,0,0.03240423874504636,
46,065,0.07920110192837465,0.04593348429922177,0.11246871955752753,0.022853279242731575,0,0.046218343038724075,0.001352265043948614,0,0.0047775382487882465,
46,067,0.058055650979045005,0.03363857855491133,0.08247272340317868,0.008191126279863481,0,0.02212843651372544,0.009897610921501706,0.0031356141035223713,0.01665960773948104,
46,069,0.07037037037037037,0,0.14363415786324663,0,0,0.044129235618597315,0.007407407407407408,0,0.038598062953774895,
46,071,0.13525179856115108,0.04310210048933179,0.22740149663297038,0.10068027210884353,0.04779635468806724,0.1535641895296198,0.02040816326530612,0,0.052191473779564526,
46,073,0.06775700934579439,0.010209090737118232,0.12530492795447054,0.04534883720930233,0,0.10396710480157863,0,0,0.019593260636539662,
46,075,0.02631578947368421,0,0.12749877151743927,0.05,0,0.12406532209061913,0,0,0.04434264249322133,
46,077,0.08161209068010075,0.04781100524217024,0.11541317611803126,0.018453865336658354,1.6020173800499263e-4,0.03674752893531172,0.014463840399002495,0,0.0324940825619482,
46,079,0.10766182298546896,0.059586433354177515,0.1557372126167604,0.0074725274725274725,0,0.017099060224141243,0.004395604395604396,0,0.010526276609015412,
46,081,0.10517012814847547,0.07409004536670538,0.13625021093024556,0.011764705882352941,0.004309224945992697,0.019220186818713184,0.01141352063213345,0.0011601257162454325,0.021666915548021467,
46,083,0.06697819314641744,0.05106435431544293,0.08289203197739195,0.011286242459622495,0.004019997147955907,0.01855248777128908,0.0013621327106440942,0,0.0027384145081120635,
46,085,0.10370994940978077,0.05108962153575196,0.1563302772838096,0.06058091286307054,0.03533234134351984,0.08582948438262124,0.015767634854771784,0,0.03265971994286114,
46,087,0.06542480690595184,0.03215614551985643,0.09869346829204725,0.008558558558558558,0,0.021918360063512797,0.02252252252252252,0.001998339435766515,0.04304670560927853,
46,089,0.057579318448883664,0.0010638721995354788,0.11409476469823185,0,0,0.027390560039129368,0.009195402298850575,0,0.02215708271969171,
46,091,0.02650602409638554,0.0011112203470833165,0.051900827845687766,0.013772455089820359,0,0.03252966646490432,0.01437125748502994,2.1067884518106636e-4,0.028531836124878814,
46,093,0.06244424620874219,0.042168377905534696,0.08272011451194969,0.008756567425569177,0,0.017696483578373116,0.005253940455341506,5.324958022575824e-4,0.00997538510842543,
46,095,0.0603448275862069,0,0.13433964349452615,0.12096774193548387,0.055833655204028554,0.1861018286669392,0.012903225806451613,0,0.034772141818832654,
46,097,0.07787810383747178,0.019633960583029728,0.13612224709191384,0.02197802197802198,0,0.05370915937664876,0.031868131868131866,0.0013165522235375308,0.0624197115127262,
46,099,0.08775355927932468,0.0787283825395291,0.09677873601912027,0.020779871064655443,0.015417714247683059,0.026142027881627825,0.006884897039494273,0.004276120263303025,0.009493673815685522,
46,101,0.0804140127388535,0.04814171636401267,0.11268630911369433,0.0373015873015873,0.014289857125378561,0.060313317477796044,0.009523809523809525,8.51040449843533e-4,0.018196578597775515,
46,102,0.14457831325301204,0.08067280466235226,0.2084838218436718,0.28677839851024206,0.20300214607719985,0.37055465094328427,0.1154562383612663,0.06827218013289667,0.1626402965896359,
46,103,0.10073239436619719,0.08756616704255406,0.11389862168984032,0.017399063127370065,0.01188856619942383,0.022909560055316303,0.009926388579076512,0.005481838264892661,0.014370938893260363,
46,105,0.07636068237205523,0.029712542663696315,0.12300882208041415,0.026720647773279354,0,0.05527661892389621,0.008097165991902834,0,0.027950246436673182,
46,107,0.06280193236714976,0.018757255117477188,0.10684660961682232,0.003864734299516908,0,0.026886695549964257,0.003864734299516908,0,0.020142313530354346,
46,109,0.06721991701244813,0.04542291017565104,0.08901692384924523,0.04781420765027322,0.02878497581100063,0.06684343948954581,0.01092896174863388,0.0014737239770679332,0.020384199520199826,
46,111,0.08404255319148936,0.02965944040204542,0.1384256659809333,0.00425531914893617,0,0.02635360267270818,0.00851063829787234,0,0.029406743930597688,
46,115,0.07475149105367793,0.042558576237282854,0.106944405870073,0.005544554455445544,0,0.018855114569110053,0.013861386138613862,0.005021257352283566,0.022701514924944155,
46,117,0.04758064516129032,0.0027607130912657707,0.09240057723131487,0.016129032258064516,0,0.04375660989761306,0.008064516129032258,0,0.026179697082034617,
46,119,0.06153846153846154,4.1842436732031363e-4,0.12265849870960277,0.006666666666666667,0,0.04128112572248155,0.016666666666666666,0,0.05077222662842745,
46,121,0.09123595505617978,0.05087409469639329,0.13159781541596627,0.14137214137214138,0.09594573269262019,0.18679855005166257,0.029106029106029108,0.009030840408403903,0.04918121780365431,
46,123,0.09836065573770492,0.0521655488911054,0.14455576258430444,0.003669724770642202,0,0.016249821954585134,0.02522935779816514,0.001318636130762784,0.04914007946556749,
46,125,0.07363770250368189,0.049157925381161816,0.09811747962620196,0.005232558139534884,0,0.014394814869543106,0.014534883720930232,0.005944985903181401,0.023124781538679064,
46,127,0.09043478260869565,0.060859203382318566,0.12001036183507274,0.010480976310122039,0.0039191416395293515,0.017042810980714727,0.014357501794687724,0,0.03068521669014912,
46,129,0.06592939174819226,0.024775294766726477,0.10708348872965805,0.029411764705882353,0,0.05963572802411188,0.004201680672268907,0,0.015549584131961527,
46,135,0.06452947259565667,0.04134051203895013,0.0877184331523632,0.015832482124616958,0.005899704493691513,0.0257652597555424,0.01174668028600613,9.17568256862537e-4,0.022575792315149723,
46,137,0.08923076923076922,0.027891006386863308,0.15057053207467513,0.07153284671532846,0.026839488425692344,0.11622620500496458,0.014598540145985401,0,0.043109636125024664,
47,000,0.1142332851352135,0.11214028718277103,0.11632628308765597,0.018954280881548182,0.01805359767586051,0.019854964087235853,0.008284091265037487,0.007678567807325756,0.008889614722749219,
47,001,0.10310880829015544,0.08387254016955079,0.12234507641076009,0.01691446842525979,0.009315065697390951,0.02451387115312863,0.0041566746602717825,0.0013214008619465574,0.006991948458597007,
47,003,0.11805173362685746,0.08924015362998358,0.14686331362373134,0.032214401732539255,0.016841286901091566,0.047587516563986944,0.0032485110990795887,0,0.006949556113254128,
47,005,0.07534246575342465,0.04776448355111122,0.10292044795573808,0.010393466963622866,0.0011242808997686607,0.01966265302747707,0.008166295471417966,0,0.01775146433886583,
47,007,0.1010570824524313,0.06472778999551962,0.13738637490934297,0.024742268041237112,0.006966973420669546,0.042517562661804675,0.020618556701030927,0.0029911329392277065,0.038245980462834145,
47,009,0.08467703913248467,0.07296670041077782,0.09638737785419152,0.020297446450285285,0.013379389415165834,0.027215503485404736,0.008698905621550837,0.0050385030876071765,0.012359308155494497,
47,011,0.11151870873074102,0.0926556672522445,0.13038175020923753,0.01753749395258829,0.01206658562359085,0.02300840228158573,0.008829221093372037,0.0043977032039972195,0.013260738982746855,
47,013,0.0960820895522388,0.07325223042198475,0.11891194868249286,0.023069824669332512,0.008291471774609507,0.03784817756405552,0.009227929867733005,0.003429758651586113,0.015026101083879896,
47,015,0.08739946380697051,0.052442955113444885,0.12235597250049615,0.016291161178509532,0.0013569381831031787,0.031225384173915884,0.018197573656845753,7.591960586981923e-4,0.03563595125499332,
47,017,0.08468301712170291,0.059520279281859614,0.10984575496154621,0.008514492753623188,0.0014758929031007065,0.01555309260414567,0.009057971014492754,8.384295738252615e-4,0.017277512455160245,
47,019,0.08398727465535524,0.0663183180795004,0.10165623123121009,0.011904761904761904,0.006101721159604444,0.017707802649919363,0.0029239766081871343,0,0.00588671175699035,
47,021,0.059351940968880336,0.042383118034956535,0.07632076390280414,0.018459579885423297,0.007709038376886936,0.02921012139395966,0.004455760661998727,0,0.00990517430475361,
47,023,0.07013422818791946,0.03409149769025454,0.10617695868558438,0.005733005733005733,0,0.014660532700612648,0.007207207207207207,0,0.016666136974311973,
47,025,0.0968356843309188,0.07304214428729076,0.12062922437454683,0.011869436201780416,0.004349522618891526,0.019389349784669305,0.01669139465875371,0.007963401278724793,0.025419388038782624,
47,027,0.09042196918955124,0.0402775754584494,0.14056636292065308,0.007907742998352554,0,0.025885188935412543,0.013179571663920923,0,0.03526344491777708,
47,029,0.11274509803921569,0.08504622992597413,0.14044396615245724,0.023031969749054658,0.00878463523253898,0.037279304265570336,0.01065658301821932,0.003600159333655612,0.017713006702783026,
47,031,0.09517426273458444,0.07670261071208624,0.11364591475708265,0.016527104451300133,0.009767796321373413,0.023286412581226854,0.019391802556192154,0.010408719715415394,0.028374885396968915,
47,033,0.10506844247132816,0.06864459284034519,0.14149229210231112,0.022920517560073937,0.010074343964071168,0.0357666911560767,0.0166358595194085,0.0030250862776167193,0.030246632761200286,
47,035,0.07764794572182435,0.061500167104841505,0.09379572433880719,0.012068325287783142,0.005561617461222516,0.01857503311434377,0.01318232454511697,0.0059219340612848845,0.020442715028949055,
47,037,0.15061653933789038,0.14294086371665268,0.15829221495912807,0.02705962037235888,0.02350883633595442,0.03061040440876334,0.008573835759007484,0.006410450825738004,0.010737220692276964,
47,039,0.09710982658959537,0.05638122599799853,0.1378384271811922,0.020618556701030927,0.005636615739720114,0.03560049766234174,0.013745704467353952,0.004300925985429697,0.023190482949278206,
47,041,0.12324588163514338,0.07890079688733138,0.1675909663829554,0.02332535885167464,0.0063399829226365376,0.040310734780712745,0.005263157894736842,0,0.012641468073667724,
47,043,0.0695998011434253,0.052798559683831875,0.08640104260301873,0.020659124446630595,0.012108578114052594,0.029209670779208594,0.0076242006886374815,0.002902365095763788,0.012346036281511175,
47,045,0.10961272475795297,0.08045408398864917,0.13877136552725677,0.009836065573770493,0.0030256906915668317,0.016646440455974153,0.009562841530054645,0,0.01937644880105976,
47,047,0.0843076923076923,0.06433821499127615,0.10427716962410846,0.018885166006701187,0.010914236535173682,0.02685609547822869,0.0027413950654888823,0,0.005631566539820864,
47,049,0.07898259705488621,0.048923556513129275,0.10904163759664315,0.014464168310322156,0.0018279997832154234,0.02710033683742889,0.005259697567389875,0,0.013827167412365464,
47,051,0.10039549741405537,0.07917067067287756,0.12162032415523319,0.014889815366289458,0.006871751526345811,0.022907879206233106,0.007742703990470518,0.0016706418393830549,0.013814766141557982,
47,053,0.09205451272820776,0.07199534558974574,0.11211367986666979,0.015037593984962405,0.007382305020349333,0.02269288294957548,0.011779448621553884,0.0035454451640153373,0.02001345207909243,
47,055,0.08581752484191509,0.06170208607866842,0.10993296360516175,0.009574000878348704,0.0035107085544619637,0.015637293202235444,0.00878348704435661,0.002206280215670848,0.015360693873042373,
47,057,0.1122615803814714,0.08223443250664716,0.14228872825629563,0.01321257325519446,0.005649962396291401,0.020775184114097518,0.007991475759190196,0,0.01649880248964298,
47,059,0.07606712878511492,0.0596646097002719,0.09246964786995793,0.01692169216921692,0.009529642427477981,0.02431374191095586,0.0027002700270027003,3.343857766275175e-4,0.005066154277377883,
47,061,0.08426851662925934,0.05863072069135226,0.10990631256716643,0.014098690835850957,0.0021905650577748997,0.026006816613927015,0.021148036253776436,0.0018119869748300169,0.040484085532722855,
47,063,0.09414654113794516,0.07178488947282213,0.11650819280306818,0.02360174533915113,0.012064954400301281,0.03513853627800098,0.003768345894486315,0,0.008266766351899166,
47,065,0.11218253429308706,0.10347209087644772,0.12089297770972639,0.014977500167909195,0.011858093504619218,0.01809690683119917,0.009604405937269125,0.0072627118020584525,0.011946100072479798,
47,067,0.10611510791366907,0.05965849057261779,0.15257172525472035,0.030035335689045935,0.007515013075788959,0.05255565830230291,0.010247349823321554,0,0.02246837763049568,
47,069,0.126752664049355,0.09473926929382326,0.15876605880488676,0.01220865704772475,0.0052651358271054854,0.019152178268344016,0.010543840177580466,0.002319849831307501,0.018767830523853432,
47,071,0.10523854069223573,0.07300474102387068,0.1374723403606008,0.01595598349381018,0.0042876045998894614,0.0276243623877309,0.007336084364970197,3.414985211567488e-4,0.014330670208783645,
47,073,0.08226854965254428,0.06259838213785704,0.10193871716723152,0.014044327408382708,0.00844575028994635,0.019642904526819067,0.009216589861751152,6.881791166574985e-4,0.017745000606844807,
47,075,0.14652631578947367,0.1063472441677166,0.18670538741123074,0.013194444444444444,0.00355702490226624,0.02283186398662265,0.02361111111111111,0.006986416939388413,0.04023580528283381,
47,077,0.08741721854304636,0.062256397023777346,0.11257804006231538,0.03400093153237075,0.013751325260535265,0.05425053780420623,0.011644154634373545,0.0036630024600344743,0.019625306808712616,
47,079,0.09217660728117738,0.06946552215108481,0.11488769241126995,0.00982108869432813,0.0021596359986746083,0.017482541389981652,0.011039208222306814,0.002538755151391422,0.019539661293222203,
47,081,0.059530623926731537,0.03656233164368331,0.08249891620977975,0.01864406779661017,0.003003698390937809,0.03428443720228253,0.010056497175141243,0.0022772002971468887,0.017835794053135595,
47,083,0.10327022375215146,0.06411974104882501,0.1424207064554779,0.009256198347107438,0,0.021465017453898533,0.003305785123966942,0,0.014170346813257385,
47,085,0.07261815453863465,0.04458893785167084,0.10064737122559847,0.011913626209977662,0,0.025549483358885162,0.002829486224869695,0,0.009677449209076774,
47,087,0.09027149321266968,0.05250649687941885,0.1280364895459205,0.02188183807439825,0.004585176024768385,0.03917850012402811,0.012035010940919038,2.7098625217978137e-4,0.023799035629658294,
47,089,0.07854387656702025,0.06246460353080562,0.09462314960323487,0.015613740091280326,0.00725010091226465,0.023977379270296,0.00360317079029546,8.852937107426003e-4,0.00632104786984832,
47,091,0.08908685968819599,0.05711596577360492,0.12105775360278706,0.03709090909090909,0.012756288238488494,0.061425529943329685,0.007272727272727273,0,0.01650756212924794,
47,093,0.10960581507438188,0.10253650595762813,0.11667512419113564,0.012728392527201806,0.010299810008722777,0.015156975045680835,0.008442824881954424,0.006064242334542121,0.010821407429366728,
47,095,0.10211640211640212,0.049615541513014845,0.1546172627197894,0.04119106699751861,0,0.08816814687842901,0.04466501240694789,0,0.09259330534733465,
47,097,0.11728738187882157,0.09012151233369543,0.14445325142394772,0.020712328767123287,0.010339360136324945,0.03108529739792163,0.004383561643835616,5.993411561080147e-4,0.008167782131563217,
47,099,0.08821695760598504,0.06830533803115285,0.10812857718081723,0.018198362147406732,0.010269209730065416,0.026127514564748048,0.02881407340006066,0.016286409076461207,0.041341737723660114,
47,101,0.10327706057596822,0.04904974688309188,0.15750437426884456,0.019704433497536946,0,0.04577434267346796,0.002955665024630542,0,0.010619589455037066,
47,103,0.09244604316546763,0.06911161525337486,0.1157804710775604,0.02202027263194687,0.009886610933491424,0.034153934330402314,0.017126878713736457,0.005793444238444656,0.02846031318902826,
47,105,0.07950727883538634,0.06037465539755227,0.09863990227322042,0.017522792973093174,0.00897240352359596,0.026073182422590387,0.009784300644874361,0.003048163202766817,0.016520438086981906,
47,107,0.08220157255182273,0.06460106288544151,0.09980208221820394,0.02943947244465379,0.01842155619532316,0.04045738869398442,0.0068299576071596795,0.001031309620907984,0.012628605593411375,
47,109,0.06301946344029458,0.043178963036921134,0.08285996384366802,0.00867320598864223,0.0029505256574979414,0.01439588631978652,0.0036138358286009293,5.408788082396213e-4,0.006686792848962238,
47,111,0.11971046770601336,0.07550398160655392,0.1639169538054728,0.023458810692853247,0.008711420857543898,0.03820620052816259,0.006546644844517185,0,0.013176712577950604,
47,113,0.1483067341377968,0.1292702783709363,0.1673431899046573,0.019780500255232262,0.013116610126860676,0.026444390383603848,0.0059979581419091375,0.0013233756109351479,0.010672540672883127,
47,115,0.08910034602076125,0.06639839051568222,0.11180230152584028,0.02094017094017094,0.010512868327245791,0.03136747355309609,0.0037606837606837607,8.411970851661009e-5,0.007437247812850911,
47,117,0.09255813953488372,0.06649173138097453,0.11862454768879291,0.020737327188940093,0.008656131397995138,0.03281852297988505,0.0069124423963133645,3.6360938006701864e-4,0.01346127541255971,
47,119,0.09235098490662573,0.07534861717210274,0.10935335264114872,0.01376610255114928,0.007375277897437055,0.020156927204861504,0.003915130083354383,8.065184104082742e-4,0.007023741756300491,
47,121,0.08495049504950496,0.054299299378971655,0.11560169072003826,0.028846153846153848,0.005789005768965204,0.05190330192334249,0.007692307692307693,0,0.017834067732594737,
47,123,0.08874632451216252,0.06661130290998761,0.11088134611433743,0.02450592885375494,0.014631330741352089,0.034380526966157794,0.007378129117259552,0.0022430364407652224,0.01251322179375388,
47,125,0.11377962682803833,0.09963162508487285,0.12792762857120382,0.02646784715750233,0.020198232951598442,0.03273746136340622,0.005032618825722274,0.002184283867093588,0.00788095378435096,
47,127,0.1062992125984252,0.05160549273010004,0.16099293246675037,0.01953125,0,0.04434346191151556,0.0015625,0,0.011780347775096988,
47,129,0.07512402551381998,0.048865563921367504,0.10138248710627246,0.018886539816772376,0.004840076330353009,0.032933003303191745,0.0204369274136716,0.0062300070254268786,0.034643847801916323,
47,131,0.07773707773707773,0.059349505587615564,0.0961246498865399,0.014752791068580542,0.006256938580871164,0.02324864355628992,0.012360446570972886,0.005519495085771992,0.01920139805617378,
47,133,0.10209059233449477,0.07153939002543912,0.13264179464355041,0.011904761904761904,0.0023811540201452257,0.021428369789378583,0.007369614512471655,0.0017443908756424953,0.012994838149300816,
47,135,0.06551126516464471,0.02497062408494083,0.1060519062443486,0,0,0.015322029016812469,0.013197969543147208,0,0.028798330898631187,
47,137,0.08978622327790974,0.03646523299939792,0.14310721355642156,0.0045351473922902496,0,0.024303249051188493,0.009070294784580499,0,0.026015183586771365,
47,139,0.08247126436781609,0.05138124645035194,0.11356128228528023,0.023943661971830985,0.005466629903470702,0.04242069404019127,0.028873239436619718,0.012090250667899927,0.04565622820533951,
47,141,0.12803839603653816,0.10767483941118164,0.14840195266189468,0.01756529708263327,0.01070719093924569,0.024423403226020848,0.0032075759890025967,2.7691351363240413e-4,0.006138238464372789,
47,143,0.07276341948310139,0.050017024793170224,0.09550981417303256,0.012553942722636328,0.0016428429431305236,0.023465042502142132,0.0051000392310710085,0,0.01082658556899807,
47,145,0.08907254361799816,0.07116746242435447,0.10697762481164184,0.01503074470507857,0.007646553015184407,0.022414936394972735,0.0056934639034388525,0.001065001304105936,0.010321926502771769,
47,147,0.096039970392302,0.0789622316310094,0.11311770915359459,0.015650893021542996,0.008984671035583494,0.022317115007502497,0.0033143067575032224,0.0010496885716793024,0.005578924943327143,
47,149,0.10598065445564932,0.09529272637654458,0.11666858253475405,0.026161129703697657,0.020974858914961703,0.03134740049243361,0.008529915925230593,0.005533074639334416,0.01152675721112677,
47,151,0.09660023446658851,0.06623059158611685,0.12696987734706017,4.6430644225188626e-4,0,0.00664323796324041,0.006964596633778294,0,0.014896706605828937,
47,153,0.10975609756097561,0.07031054832915797,0.14920164679279324,0.01350210970464135,0.0015380218264294618,0.02546619758285324,0.012658227848101266,6.055365585732973e-4,0.024710919137629232,
47,155,0.10645033636723387,0.08790240448434918,0.12499826825011857,0.02631234454771567,0.018633750655901393,0.033990938439529945,0.006938080900641445,0.003210981221025123,0.010665180580257767,
47,157,0.17064890416845724,0.16269563982570784,0.17860216851120664,0.019575788061703556,0.016928016836181316,0.022223559287225796,0.008760898725687458,0.006832269835636452,0.010689527615738464,
47,159,0.1201061712010617,0.08624343559247222,0.1539689068096512,0.023452768729641693,0.00799497695178819,0.038910560507495195,0.013029315960912053,0.0013502640490620776,0.024708367872762028,
47,161,0.06926320016061031,0.043400146801377576,0.09512625351984305,0.030707876370887337,0.00876001514211806,0.05265573759965661,0,0,0.0070559179879542645,
47,163,0.09367031648417579,0.08196146890764623,0.10537916406070534,0.011542730299667037,0.007937228310189615,0.01514823228914446,0.007917129115797263,0.004311376436031482,0.011522881795563043,
47,165,0.10206831503065418,0.08973428098911458,0.11440234907219378,0.019801980198019802,0.014388284837865636,0.02521567555817397,0.004348407813754348,0.002280145049776263,0.006416670577732433,
47,167,0.0918943328065026,0.07351970122362592,0.11026896438937928,0.01336910350994858,0.006648120456109213,0.020090086563787947,0.011625307399955287,0.004739238998357474,0.0185113758015531,
47,169,0.14788732394366197,0.07696264453931523,0.2188120033480087,0,0,0.014096493856757566,0.005633802816901409,0,0.019908763994796772,
47,171,0.09615384615384616,0.05552219990015539,0.13678549240753693,0.006531678641410843,5.347873542283967e-4,0.012528569928593289,0.007184846505551927,0,0.015621371184284525,
47,173,0.07760591795561533,0.052439246103257425,0.10277258980797324,0.02304635761589404,0.005617607573714309,0.04047510765807377,0.013245033112582781,0,0.029773304676702042,
47,175,0.041999160016799666,0.009899913346234392,0.07409840668736495,0.04106776180698152,0.01129607907413142,0.07083944453983161,0.04722792607802875,0.007427984071173115,0.08702786808488439,
47,177,0.07952730756946662,0.059892426143562376,0.09916218899537085,0.04645323289391086,0.029424748158815683,0.06348171762900603,0.016635279347143754,0.0062242896171464356,0.027046269077141073,
47,179,0.111100950987564,0.09580901590334531,0.1263928860717827,0.018438568087785573,0.011498750498523131,0.025378385677048015,0.008904479222881814,0.005251474933587819,0.012557483512175808,
47,181,0.07724867724867725,0.049662179619327396,0.1048351748780271,0.025239338555265448,0.004253656063005054,0.04622502104752584,0.022628372497824196,0.0069859021356092,0.03827084286003919,
47,183,0.08267405063291139,0.061036664832699136,0.10431143643312364,0.011043412033511044,0.001505304098861177,0.020581519968160912,0.006473724295506474,9.208104365042236e-4,0.012026638154508724,
47,185,0.09900990099009901,0.06927560305388857,0.12874419892630945,0.018665422305179653,0.007722548565703268,0.02960829604465604,0.004666355576294913,0,0.010134698060726473,
47,187,0.09283517484907165,0.08045966503186157,0.10521068466628174,0.010596101541251133,0.006417968981148092,0.014774234101354172,0.005553037171350862,0.0027510120305508185,0.008355062312150906,
47,189,0.08870154861174746,0.07682673722270075,0.10057636000079417,0.013173435086762969,0.008616392711394942,0.017730477462130995,0.005451076587626056,0.002154567766708014,0.008747585408544098,
48,000,0.13440689191737049,0.13305885606984394,0.13575492776489703,0.04774103943976272,0.046921809554770745,0.04856026932475469,0.009996134618235165,0.009678205718511846,0.010314063517958483,
48,001,0.1040939193257074,0.0694151353797201,0.1387727032716947,0.05118343195266272,0.024019490033738915,0.07834737387158652,0.01863905325443787,0,0.04031804656279016,
48,003,0.1092436974789916,0.059262290645165125,0.15922510431281806,0.056018168054504165,0.02819327083526924,0.0838430652737391,0,0,0.0058675956910030965,
48,005,0.11207311207311207,0.09313607781259065,0.1310101463336335,0.0397340509735634,0.02967807651787534,0.04979002542925147,0.013297451321829983,0.0073522564356891485,0.019242646207970816,
48,007,0.12060120601206012,0.08533338271682359,0.15586902930729665,0.05127081507449606,0.024084737142653318,0.0784568930063388,0.029360210341805432,0.004198976034085127,0.05452144464952574,
48,009,0.09820359281437126,0.06069664090065517,0.13571054472808736,0.017830609212481426,0.00500348972266227,0.03065772870230058,0.02050520059435364,0.005740133977104246,0.035270267211603035,
48,011,0.06013986013986014,0,0.1502040128893425,0.005517241379310344,0,0.05745730568796069,0.005517241379310344,0,0.03021531163327825,
48,013,0.07262924199175388,0.04926371785904238,0.09599476612446539,0.08103015075376885,0.056267004945347615,0.10579329656219008,0.013190954773869347,0.004027954796203468,0.022353954751535225,
48,015,0.10548702679710761,0.07366821076213267,0.13730584283208255,0.056651279899286616,0.03184678841139252,0.08145577138718071,0.00839278220730172,0.001697856803915398,0.015087707610688044,
48,017,0.022811671087533156,0,0.06824689659534773,0.05426356589147287,0,0.1128703219090241,0.007751937984496124,0,0.027358509285578377,
48,019,0.0982713710632252,0.06946351168182238,0.12707923044462802,0.03927315357561548,0.016586825926115798,0.06195948122511516,0.002813599062133646,0,0.006702896920814274,
48,021,0.10482148306377785,0.08201725002544565,0.12762571610211004,0.041040288634996994,0.02811144889602582,0.05396912837396817,0.023301262778111845,0.013299414092793917,0.03330311146342978,
48,023,0.09830508474576272,0.03061231272124862,0.1659978567702768,0.03728813559322034,0,0.08056821114854534,0.013559322033898305,0,0.030177696997895617,
48,025,0.1481042654028436,0.10574743694872824,0.19046109385695897,0.037361354349095155,0.01688548337801385,0.05783722532017646,0.0070052539404553416,0,0.014109419704693035,
48,027,0.13604387291981845,0.12500940214255113,0.14707834369708578,0.040484776385739246,0.03367806251816287,0.047291490253315624,0.007992862188185434,0.00533121760780751,0.010654506768563358,
48,029,0.14577464298880796,0.14062545684859074,0.1509238291290252,0.04550621815591958,0.04240892952964368,0.04860350678219547,0.008560236673423547,0.007387178128542886,0.009733295218304207,
48,031,0.09665350239035543,0.055607947069605736,0.13769905771110513,0.01964839710444674,0.003802776379967423,0.035494017828926056,0.005170630816959669,0,0.014095297939175817,
48,033,0.018604651162790697,0,0.2688909831767168,0.08837209302325581,0,0.2482917917162893,0.018604651162790697,0,0.1285366637651725,
48,035,0.0606353591160221,0.04113110599919691,0.0801396122328473,0.030240549828178694,0.015717035855174227,0.04476406380118316,0.02268041237113402,0.007049974744970128,0.03831084999729791,
48,037,0.12180629827688651,0.10495047875598353,0.1386621177977895,0.03653762505437146,0.02713413331496317,0.045941116793779754,0.013629114107583008,0.0081323783888346,0.019125849826331413,
48,039,0.09933433711070608,0.08890553714407497,0.10976313707733719,0.03052685341610026,0.024534460326432323,0.036519246505768196,0.008054060425097239,0.004991511172947469,0.011116609677247008,
48,041,0.21435361216730037,0.19931427111326896,0.22939295322133177,0.03163750144860355,0.025491747821397903,0.037783255075809194,0.0090972302700197,0.005651668026292377,0.012542792513747025,
48,043,0.12219959266802444,0.06439875976378705,0.1800004255722618,0.01310483870967742,0,0.027248165314100396,0.015120967741935484,0,0.030250284879872802,
48,045,0.18545454545454546,0.05187398634766327,0.31903510456142764,0.006896551724137931,0,0.0602975734756856,0.006896551724137931,0,0.050461709717408355,
48,047,0.09811320754716982,0.028843021652556325,0.16738339344178332,0.016981132075471698,0,0.042604094870218344,0.035849056603773584,0,0.08605917984241121,
48,049,0.10428909152313408,0.08066968367591146,0.1279084993703567,0.0337228714524207,0.01986171338987796,0.04758402951496344,0.012687813021702838,0.006199945411857451,0.019175680631548224,
48,051,0.07018716577540107,0.04344100422021599,0.09693332733058616,0.02900461437046803,0.012156263329870402,0.045852965411065656,0.025708635464733027,0.006251870697812328,0.045165400231653725,
48,053,0.09945652173913043,0.07506929395851096,0.1238437495197499,0.03569511540526033,0.02254314324143597,0.04884708756908469,0.011540526033279656,0.0039382047883759945,0.019142847278183318,
48,055,0.10550763105507631,0.0783328053237923,0.13268245678636031,0.079217765992708,0.055156887073599954,0.10327864491181604,0.015909844216108717,0.006671038068241196,0.02514865036397624,
48,057,0.04547158026233604,0.0183961629100155,0.07254699761465658,0.029210689869484153,0.011053056402969767,0.04736832333599854,0.05966438781852082,0.019683038693235733,0.09964573694380591,
48,059,0.05218216318785579,0.028740573273960342,0.07562375310175123,0.018975332068311195,0.008714105299234814,0.029236558837387575,0.0056925996204933585,0,0.013880764402212226,
48,061,0.12499518211601465,0.11513568112049052,0.13485468311153878,0.09974347366832655,0.0901851004659082,0.10930184687074489,0.01199637845178814,0.008768694978794712,0.015224061924781568,
48,063,0.11757990867579908,0.0679149967594401,0.16724482059215806,0.0515185601799775,0.024261801493250152,0.07877531886670486,0.013498312710911136,0,0.027682297573783304,
48,065,0.0420353982300885,0,0.08643761888396143,0.024336283185840708,0,0.05163757355898098,0,0,0.01565726934052683,
48,067,0.09219858156028368,0.06832400556114283,0.11607315755942453,0.028967909800520383,0.015225636409862306,0.04271018319117846,0.014744145706851692,0.0044523266943263095,0.025035964719377073,
48,069,0.07780126849894292,0.0334936344734243,0.12210890252446155,0.03773584905660377,0.011415298177282564,0.06405639993592498,0,0,0.014836657739870284,
48,071,0.09586405899326707,0.061182969424379174,0.13054514856215496,0.03016830739917434,0.010171826179303456,0.05016478861904523,0.013337567481740234,0.0013650122145094125,0.025310122748971056,
48,073,0.09954751131221719,0.0751610953804969,0.12393392724393748,0.04620918649695628,0.03274989696784099,0.059668476026071574,0.018262313226342003,0.007565825945488621,0.028958800507195383,
48,075,0.1331521739130435,0.05099747216226501,0.21530687566382195,0.0021164021164021165,0,0.029586739046772025,0.005291005291005291,0,0.021542237311204464,
48,077,0.08259303721488595,0.04849675175564899,0.11668932267412291,0.02140309155766944,0.0032984980554867753,0.03950768505985211,0.014268727705112961,9.649495870871303e-4,0.02757250582313879,
48,079,0.06243386243386243,0,0.1296049119348225,0.04479166666666667,0.007822288736035285,0.08176104459729805,0.026041666666666668,0,0.06431047517869874,
48,081,0.0673076923076923,0.011373671088806783,0.12324171352657783,0.009427609427609427,0,0.032725901817522454,0,0,0.017020408229721326,
48,083,0.05354330708661417,0.018813142773079265,0.08827347140014907,0.009034267912772585,0,0.023038991799997754,0.007476635514018692,0,0.01520620333657937,
48,085,0.12117059544358505,0.11465018012965421,0.12769101075751588,0.02941291457613866,0.026342634084172045,0.03248319506810528,0.008027627549358181,0.00608954483195935,0.009965710266757013,
48,087,0.054133858267716536,0,0.11980954890285235,0.052941176470588235,0.006032005674154559,0.09985034726702191,0.043137254901960784,0.0013527983527681087,0.08492171145115346,
48,089,0.051626591230551626,0.028338016775452078,0.07491516568565118,0.04949152542372881,0.02275932438319747,0.07622372646426015,0.015593220338983051,0.004051013960250345,0.02713542671771576,
48,091,0.11722828666350261,0.10121365847112668,0.13324291485587855,0.01884137284027832,0.013515239064287869,0.024167506616268774,0.0096943163161598,0.0065694127304493635,0.012819219901870234,
48,093,0.07523629489603025,0.04311335998976229,0.1073592298022982,0.026029962546816478,0.005910405359994514,0.04614951973363844,0.017790262172284643,0.0031903909985726234,0.03239013334599666,
48,095,0.05493133583021224,0,0.1392593134914872,0.01717791411042945,0,0.05556183663844125,0.0098159509202454,0,0.03340994268587938,
48,097,0.08462492250464972,0.06352443583454889,0.10572540917475054,0.03735720901512812,0.023559138403459714,0.05115527962679653,0.01018832973139858,0.0042029724363682255,0.016173687026428935,
48,099,0.09440769693325315,0.07581440275390083,0.11300099111260548,0.03080898429735639,0.02078856153391829,0.04082940706079449,0.005963029218843173,0.002314319922338501,0.009611738515347844,
48,101,0.05652173913043478,0,0.14730344695274292,0.02753623188405797,0,0.08337796130666167,0,0,0.03663087858135677,
48,103,0.04491017964071856,0,0.09734337796004461,0.03592814371257485,0,0.09437005349310666,0.020958083832335328,0,0.051410881937261815,
48,105,0.05426356589147287,0,0.13542684627057788,0,0,0.027709054923305294,0,0,0.019593260636539662,
48,107,0.06836734693877551,0.025952846071454184,0.11078184780609684,0.05513784461152882,0.021687630502710803,0.08858805872034684,0.017543859649122806,0,0.03678161076539023,
48,109,0.022764227642276424,0,0.11406591144068715,0,0,0.05673758865248227,0,0,0.040119533684343116,
48,111,0.03427331887201735,0,0.08454099904015999,0.039828693790149895,0,0.0842757985248372,0.01284796573875803,0,0.04670901897858966,
48,113,0.15834234119666815,0.1537686711147107,0.1629160112786256,0.06059832044913129,0.057859836563956935,0.06333680433430565,0.008840838837137778,0.007920313344069443,0.009761364330206112,
48,115,0.15061425061425063,0.10323685713101943,0.19799164409748182,0.023941958887545346,0.008486524997827176,0.039397392777263514,0.007255139056831923,0,0.017443336182477114,
48,117,0.08099062918340026,0.048732445563996314,0.11324881280280422,0.050664451827242524,0.02676809806021278,0.07456080559427226,0.0106312292358804,0,0.02548115482066967,
48,119,0.08674698795180723,0.035913887876609554,0.1375800880270049,0.020427553444180523,0,0.04504351913278738,0.007125890736342043,0,0.022411847728003104,
48,121,0.11999517425464855,0.11353934802141123,0.12645100048788588,0.02597868492249742,0.02291951459271884,0.029037855252276,0.008370577420367408,0.006720359252175534,0.010020795588559282,
48,123,0.11068408916218293,0.07645049862685178,0.14491767969751407,0.02733485193621868,0.0100631128331675,0.04460659103926986,0.00683371298405467,0,0.015581131506923194,
48,125,0.0703125,0,0.16324264728152077,0.0125,0,0.06116485778422756,0.021875,0,0.05639699908331733,
48,127,0.21715721464465182,0.10240770124256841,0.3319067280467352,0.07473309608540925,0.01553365615962806,0.13393253601119043,0.0014234875444839859,0,0.01315027863209077,
48,129,0.1205733558178752,0.043476175405355755,0.19767053623039466,0.02,0,0.04476304890592325,0.025,0,0.05389259338685397,
48,131,0.0748663101604278,0.030108707663905485,0.11962391265695012,0.05363321799307959,0.017813338203368716,0.08945309778279045,0.00865051903114187,0,0.025820579634682955,
48,133,0.08914450035945364,0.05784123450180074,0.12044776621710654,0.027522935779816515,0.008597571528011532,0.046448300031621495,0.011291460832745237,0.001310491057711598,0.021272430607778878,
48,135,0.12177059665067744,0.10153761370164313,0.14200357959971174,0.065430572723527,0.05026363966891201,0.08059750577814198,0.014009064688916358,0.007792154241985243,0.020225975135847472,
48,137,0.09404990403071017,0,0.238387753191222,0,0,0.06808510638297872,0.02857142857142857,0,0.09433849308941594,
48,139,0.10159240545092635,0.08706277780615618,0.11612203309569652,0.03402603334094542,0.02772133441057946,0.040330732271311384,0.011189769353733729,0.007193173072699392,0.015186365634768065,
48,141,0.14482182337273472,0.13696783189511352,0.15267581485035592,0.0525668193314649,0.047146881881221854,0.05798675678170794,0.009040262492309796,0.006905663197268803,0.011174861787350788,
48,143,0.16545166402535658,0.12782751303836604,0.20307581501234712,0.031240237425804437,0.016336268816408376,0.0461442060352005,0.011246485473289597,0.0044970885518669955,0.017995882394712198,
48,145,0.09916434540389972,0.06548126068627769,0.13284743012152175,0.06909090909090909,0.05008907904009187,0.08809273914172631,0.01090909090909091,0.0011915464509612596,0.02062663536722056,
48,147,0.1004,0.07816907914331084,0.12263092085668917,0.03031496062992126,0.01881513934669479,0.04181478191314773,0.011417322834645669,0.004135304273970565,0.018699341395320774,
48,149,0.09256198347107437,0.06752502889558396,0.1175989380465648,0.02040816326530612,0.009475562385457761,0.03134076414515448,0.00644468313641246,0.001796273111347748,0.011093093161477172,
48,151,0.06572769953051644,0.02288237303084801,0.10857302603018487,0.006600660066006601,0,0.030186555679714736,0.009240924092409241,0,0.020330059901995275,
48,153,0.09013333333333333,0.026534401434902738,0.15373226523176392,0.010309278350515464,0,0.0330688779207464,0.020103092783505156,0,0.05167989371355959,
48,155,0.14130434782608695,0.009439277116603778,0.2731694185355701,0,0,0.07770582793709528,0.008695652173913044,0,0.04759815132920473,
48,157,0.1186817290635795,0.10936783521638617,0.12799562291077285,0.034945490217854036,0.030345596870873754,0.03954538356483432,0.005127066096581339,0.003496148345479104,0.006757983847683574,
48,159,0.04608050847457627,0.01776908294029003,0.07439193400886251,0.02486772486772487,0.003793863364150253,0.045941586371299484,0.009259259259259259,0,0.020439471295550037,
48,161,0.10450038138825324,0.07126151422304708,0.1377392485534594,0.03134328358208955,0.013267872498915676,0.04941869466526343,0.006716417910447761,0,0.014206442502788167,
48,163,0.11612903225806452,0.061851181106877755,0.17040688340925128,0.054140127388535034,0,0.11233607434415223,0.013800424628450107,0,0.029131505757056395,
48,165,0.08465991316931983,0.04342524617923557,0.12589458015940408,0.06367583212735166,0.026826300605367635,0.10052536364933568,0.024602026049204053,0.0014777555321407211,0.04772629656626738,
48,167,0.14752806036262622,0.1348098735503285,0.16024624717492394,0.03053040103492885,0.025734417828887364,0.035326384240970336,0.009092589170208833,0.004982031033054688,0.013203147307362977,
48,169,0.047875523638539794,0,0.10469622837353068,0.011940298507462687,0,0.04330764221930006,0.041791044776119404,0,0.0874605972636907,
48,171,0.09647919524462735,0.06935867987613271,0.12359971061312199,0.0412324422292705,0.021312483519955253,0.061152400938585746,0.026733121884911646,0.01482177906754009,0.0386444647022832,
48,173,0.00963855421686747,0,0.14037485550081485,0.10843373493975904,0,0.2484317516245706,0,0,0.06090435234008715,
48,175,0.0724202626641651,0.02945231794757354,0.11538820738075665,0.006985294117647059,0,0.02632794502662146,0.007352941176470588,0,0.01850955187236128,
48,177,0.09372846312887664,0.06286639249000814,0.12459053376774515,0.059379217273954114,0.03708550556905599,0.08167292897885224,0.020917678812415654,0.00599414903326757,0.03584120859156374,
48,179,0.1181646763042112,0.07788126710434914,0.15844808550407324,0.03054862842892768,0.010608568416176588,0.05048868844167877,0.009351620947630923,0.001811069710229746,0.0168921721850321,
48,181,0.11373615698465125,0.09920188935064653,0.12827042461865598,0.03004703849476817,0.0220577304587741,0.03803634653076224,0.007103772679274263,0.004100738692404536,0.01010680666614399,
48,183,0.12159845725305335,0.10460276460134124,0.13859414990476546,0.03095086151882578,0.02325129927429562,0.03865042376335594,0.011167836630504148,0.00624533586130134,0.016090337399706955,
48,185,0.09984464008285862,0.06287669026565712,0.13681258990006012,0.05015353121801433,0.027951718885884796,0.07235534355014386,0.022006141248720572,0.0012368165353102943,0.042775465962130846,
48,187,0.0817384036773924,0.069223064721102,0.09425374263368279,0.04027123129082941,0.031006107232936748,0.04953635534872207,0.010832713139832962,0.005965903414881269,0.015699522864784654,
48,189,0.11377245508982035,0.08108412953972009,0.14646078063992063,0.03910868576625739,0.020408933553916857,0.057808437978597915,0.013642564802182811,0.003922166944960198,0.023362962659405424,
48,191,0.03781882145998241,0,0.08798682940632355,0.06812227074235808,0.020817174691020963,0.1154273667936952,0.0069868995633187774,0.0032814628716262345,0.010692336255011321,
48,193,0.09453376205787781,0.04475920553407681,0.1443083185816788,0.03514376996805112,0.012696726932756402,0.05759081300334583,0.03035143769968051,0.006674076749341926,0.0540287986500191,
48,195,0.07666098807495741,0.012743133906049017,0.1405788422438658,0.027762039660056657,0,0.055602280468113614,0.0022662889518413596,0,0.017008876824330645,
48,197,0.04765564950038432,0.002941393734854879,0.09236990526591377,0.012260536398467433,0,0.03965678898519263,0.007662835249042145,0,0.026382276331377755,
48,199,0.09536295217285749,0.07201354195024047,0.11871236239547452,0.026385224274406333,0.01709091967597723,0.03567952887283544,0.008875029983209402,0.0024764565542941697,0.015273603412124635,
48,201,0.15706867571136993,0.15323944887021435,0.1608979025525255,0.06357452765824224,0.06123518520532222,0.06591387011116227,0.00938628798596487,0.008613925750315592,0.010158650221614149,
48,203,0.11435572799673269,0.08738789989621526,0.1413235560972501,0.03320664132826565,0.02098827642330957,0.04542500623322174,0.009001800360072015,0.0036734830435852716,0.014330117676558757,
48,205,0.06521739130434782,0,0.1363955887540729,0.027692307692307693,0,0.06822155362874896,0,0,0.021775648436671163,
48,207,0.07670182166826463,0.02887854393530378,0.12452509940122547,0.011483253588516746,0,0.032891381000388166,0.007177033492822967,0,0.022220111565197237,
48,209,0.16953973943221254,0.1516429986849452,0.18743648017947986,0.03946042762789656,0.031002571503972134,0.047918283751820986,0.0045897234971454155,0.0022505326615780757,0.006928914332712755,
48,211,0.0894854586129754,0.027417084792427555,0.15155383243352324,0.04460966542750929,0.0021489095776134406,0.08707042127740514,0.002973977695167286,0,0.017635572821811767,
48,213,0.10859872611464969,0.09037052972586973,0.12682692250342964,0.03377638780297107,0.025035959663165665,0.042516815942776474,0.02799061767005473,0.018410622274968737,0.03757061306514072,
48,215,0.14163741767559254,0.13248983493628877,0.15078500041489631,0.12013592233009708,0.11228843581797998,0.12798340884221418,0.014252427184466019,0.011158058341222903,0.017346796027709135,
48,217,0.07671957671957672,0.060371785460169,0.09306736797898443,0.03174010455563853,0.022381779810432954,0.04109842930084411,0.03136669156086632,0.018992773404337686,0.043740609717394956,
48,219,0.09323116219667944,0.06903830181967212,0.11742402257368677,0.03409090909090909,0.018573257092561177,0.049608561089257,0.013888888888888888,0.006137482154852483,0.02164029562292529,
48,221,0.12700997353958884,0.10255318751580765,0.15146675956337002,0.03315140489185365,0.019471881985358555,0.04683092779834874,0.013947847180109158,0.007144915604284215,0.0207507787559341,
48,223,0.11432759252473433,0.08975582093312848,0.13889936411634018,0.03447024673439768,0.022665164946960224,0.046275328521835135,0.009433962264150943,0.0036080538845081308,0.015259870643793756,
48,225,0.10150068212824011,0.07188038770080794,0.13112097655567226,0.023978566644340255,0.00925571026761571,0.0387014230210648,0.02344273275284662,0.011612047822147059,0.03527341768354618,
48,227,0.09232067510548524,0.0656303404183638,0.11901100979260668,0.030807660283097418,0.01645830000723086,0.04515702055896398,0.019567027477102414,0.01017778815399291,0.02895626680021192,
48,229,0.05869074492099323,0,0.1291300019822384,0.05393258426966292,0,0.12925093770639345,0.07191011235955057,0,0.14994176215969957,
48,231,0.11232384636639955,0.0957558221081032,0.12889187062469593,0.05237964989059081,0.03899247387549995,0.06576682590568167,0.011214442013129104,0.006455968397155463,0.015972915629102743,
48,233,0.07235338918507235,0.0481513444238459,0.0965554339462988,0.005961251862891207,0,0.015882296418519418,0.009687034277198211,8.822062133234422e-4,0.01849186234107298,
48,235,0.04878048780487805,0,0.14034138234691523,0.046511627906976744,0,0.1253275260937849,0.015503875968992248,0,0.0587403493152191,
48,237,0.09897260273972602,0.05470656952152286,0.14323863595792918,0.04006677796327212,0.012806459519742176,0.06732709640680207,0.015025041736227046,0,0.030497875440314105,
48,239,0.09496124031007752,0.05956913310891519,0.13035334751123984,0.04202483285577841,0.017126100132575477,0.06692356557898135,0,0,0.007403146043758444,
48,241,0.07895142636854278,0.051017695338656285,0.10688515739842928,0.04223744292237443,0.023411696878141094,0.061063188966607757,0.012557077625570776,0.002017995371860119,0.02309615987928143,
48,243,0.1123152709359606,0.011037610879018805,0.21359293099290239,0.0639269406392694,0,0.14769206560011777,0.0091324200913242,0,0.03543725039354635,
48,245,0.13224956063268892,0.11903010800685254,0.1454690132585253,0.0322442191104673,0.025070503180786175,0.03941793504014843,0.009013359085787865,0.005918199232731838,0.012108518938843892,
48,247,0.12350299401197605,0.042817135114749716,0.20418885290920238,0.1335820895522388,0.038871263990038624,0.22829291511443897,0.0029850746268656717,0,0.019514019970040014,
48,249,0.12114014251781473,0.08530469025848032,0.15697559477714912,0.05884630274874177,0.028148574025565434,0.08954403147191811,0.04413472706155633,0.023306931857961517,0.06496252226515115,
48,251,0.0975471085120208,0.08366459852770652,0.11142961849633506,0.04920138052813228,0.038519926591200425,0.05988283446506413,0.008186852877437997,0.004427639080146062,0.011946066674729932,
48,253,0.10922946655376799,0.06730130215207453,0.15115763095546145,0.01098901098901099,5.719858856794227e-6,0.021972302119165184,0.030431107354184278,0.011583240110114721,0.04927897459825384,
48,255,0.10232558139534884,0.05445330080420005,0.15019786198649762,0.0768348623853211,0.04160304614246839,0.11206667862817381,0.011467889908256881,0,0.02423974908682276,
48,257,0.11958806221101304,0.1018062886182115,0.13736983580381457,0.04749478079331942,0.03612808395760339,0.058861477629035444,0.0037578288100208767,0.0014653355327921653,0.006050322087249588,
48,259,0.11923307369682444,0.088880976065273,0.14958517132837587,0.026841634357291977,0.00889175597543099,0.04479151273915297,0.010140172979421413,0.001238253779625791,0.019042092179217034,
48,261,0,0,1,0,0,0.8936170212765957,0,0,0.6318826555284042,
48,263,0.11428571428571428,0,0.32629254813207115,0,0,0.1458966565349544,0,0,0.10316451518831089,
48,265,0.1082004555808656,0.08534485586699417,0.13105605529473704,0.029284903518728717,0.013498124962402946,0.04507168207505449,0.020204313280363224,0.01183187804830807,0.028576748512418378,
48,267,0.06767371601208459,0.026339304342251943,0.10900812768191724,0.022740524781341108,0,0.05144817021974977,0,0,0.014737787884044413,
48,269,0.12307692307692308,0,0.8914953887905839,0,0,0.44680851063829785,0,0,0.3159413277642021,
48,271,0,0,0.051146880418627874,0,0,0.032348127467026096,0.00904977375565611,0,0.033450233124157853,
48,273,0.1990521327014218,0.14475344641483123,0.25335081898801237,0.08308854385228703,0.05260921082745691,0.11356787687711715,0.03483004616030214,0.017654231293486058,0.052005861027118225,
48,275,0.056910569105691054,7.491367387849959e-4,0.1130720014725971,0.0096,0,0.033570915016278284,0.0064,0,0.01966767119636115,
48,277,0.13590519415027735,0.11269789058439374,0.15911249771616096,0.021123260437375745,0.01261985296060936,0.02962666791414213,0.013667992047713717,0.006414708665893029,0.020921275429534404,
48,279,0.06776315789473684,0.03865023945693631,0.09687607633253738,0.05183585313174946,0.028992649207245074,0.07467905705625384,0.017278617710583154,0.004729900442410721,0.029827334978755587,
48,281,0.10651787978696424,0.07618585705756636,0.13684990251636212,0.023944549464398234,0.010973712361719574,0.036915386567076894,0.013232514177693762,8.447868587356001e-5,0.02638054966951396,
48,283,0.08333333333333333,0.010365620285602312,0.15630104638106435,0.07100591715976332,0.013743315249542039,0.1282685190699846,0.005917159763313609,0,0.024502454692107607,
48,285,0.07974637239361053,0.05566233159866438,0.10383041318855668,0.03534430225472273,0.021447187170431647,0.04924141733901381,0.005484460694698354,4.5501985152312466e-4,0.010513901537873585,
48,287,0.12996332323393398,0.08053387757581199,0.17939276889205596,0.04592240696753761,0.009943639958859232,0.08190117397621599,0.00855106888361045,0,0.017235037680864748,
48,289,0.06416326530612244,0.038734813541151145,0.08959171707109374,0.03752931978107897,0.017928106516344883,0.05713053304581306,0.0053166536356528534,0,0.011327547411124654,
48,291,0.1092436974789916,0.08596265663098789,0.13252473832699532,0.06725449515905947,0.05042336551830155,0.08408562479981739,0.010892116182572614,0.005258621314280953,0.016525611050864274,
48,293,0.1036944270507201,0.07349494018902321,0.133893913912417,0.04758999389871873,0.02469164225465969,0.07048834554277777,0.004270896888346553,0,0.008907030620018307,
48,295,0.07627906976744186,0.0169043767416361,0.13565376279324765,0.07400881057268723,0.028044083194185658,0.11997353795118879,0.016740088105726872,0,0.038231318888232696,
48,297,0.0822615869934482,0.04360288665829333,0.12092028732860306,0.044524669073405534,0.0141481915941391,0.07490114655267197,0.009626955475330927,0,0.022348575679935083,
48,299,0.10078740157480315,0.07544225856537738,0.1261325445842289,0.03225806451612903,0.017441432573967727,0.047074696458290335,0.01768990634755463,0.0027555123972149605,0.0326243002978943,
48,301,0,0,1,0.25,0,1,0,0,0.6318826555284042,
48,303,0.16977173548170527,0.15686636285089503,0.1826771081125155,0.029543493446193038,0.024679730657639624,0.034407256234746456,0.010888770185314542,0.008025969810541506,0.013751570560087578,
48,305,0.10814814814814815,0.06476160686897112,0.15153468942732518,0.013138686131386862,0.004294245393387748,0.021983126869385975,0.0340632603406326,0.008689349464122458,0.059437171217142745,
48,307,0.09073783359497645,0.04089963194412916,0.14057603524582374,0.012558869701726845,0,0.03634929623622438,0.026687598116169546,0,0.057457173589973196,
48,309,0.15472933097269168,0.14031726594769114,0.1691413959976922,0.03005737748065484,0.02437496944245733,0.035739785518852346,0.007580144233299994,0.005269685149222797,0.009890603317377192,
48,311,0.1683673469387755,0,0.4315260142886681,0.06,0,0.18703623590589089,0.02,0,0.13061385785706345,
48,313,0.0929471032745592,0.05029218784752494,0.13560201870159344,0.03553921568627451,0.015241317672539244,0.05583711370000977,0.028186274509803922,0.008424172327041485,0.04794837669256636,
48,315,0.07609511889862328,0.04224641368606085,0.1099438241111857,0.031133250311332503,0.012637571266836123,0.04962892935582888,0.0186799501867995,2.6295052933162505e-4,0.037096949844267375,
48,317,0.060724233983286906,0.0056732999303982234,0.11577516803617559,0.09162303664921466,0.035542931207339125,0.1477031420910902,0.0020942408376963353,0,0.015252633052993713,
48,319,0.07242524916943521,0.010532185215343721,0.1343183131235267,0.009868421052631578,0,0.038111544737245026,0,0,0.016628490934958006,
48,321,0.14726151614073268,0.10858979459093306,0.18593323769053233,0.036589698046181174,0.01921326308059397,0.05396613301176838,0.007460035523978685,0,0.016360440356713954,
48,323,0.13890489913544668,0.10343415212804817,0.17437564614284518,0.10698324022346369,0.07851171062750191,0.13545476981942547,0.012290502793296089,0.0025323639070180953,0.022048641679574082,
48,325,0.08027923211169284,0.05707951609643547,0.10347894812695022,0.03700491471523562,0.021661305736361935,0.052348523694109306,0.017346053772766695,0,0.03634290776973814,
48,327,0.14689265536723164,0.04551628345071965,0.24826902728374364,0,0,0.039496884918302576,0.06629834254143646,0.015133440561055117,0.1174632445218178,
48,329,0.12177606177606178,0.10286246597676929,0.14068965757535426,0.050103424500114915,0.03180126150017028,0.06840558750005955,0.011798054087183023,0.006375067716872681,0.017221040457493366,
48,331,0.10081267359325172,0.0666286466215984,0.13499670056490504,0.0459805427547363,0.024556502758535367,0.06740458275093723,0.009114183307731696,0.0031376668725989947,0.015090699742864398,
48,333,0.06732348111658457,0.03039856725469501,0.10424839497847413,0.015258855585831062,0,0.03256331686767941,0.004359673024523161,0,0.0159147710562332,
48,335,0.05975103734439834,8.388123126722505e-4,0.11866326237612443,0.06016597510373444,0.013064299919931736,0.10726765028753715,0.006224066390041493,0,0.02020946731222075,
48,337,0.09386973180076628,0.06122079341834991,0.12651867018318266,0.013915243516761544,0.002128226116706284,0.025702260916816804,0.018342820999367487,0.00624400475795649,0.030441637240778485,
48,339,0.10697810481784019,0.09772007952031452,0.11623613011536586,0.036952890076845976,0.03118181461153494,0.04272396554215701,0.010357500835282325,0.006865553914647339,0.01384944775591731,
48,341,0.1037789865445176,0.06440419697958097,0.14315377610945423,0.06509298998569385,0.03876577170162475,0.09142020826976295,0.015736766809728183,0,0.035005670577721075,
48,343,0.08068865380626426,0.04722928852462111,0.11414801908790742,0.0235655737704918,0.009790988715331165,0.03734015882565244,0.010245901639344262,0.0013239491696864572,0.019167854109002066,
48,345,0.04782608695652174,0,0.1682430138060495,0.008695652173913044,0,0.07720863380681535,0.008695652173913044,0,0.047862469400275186,
48,347,0.15502138928498677,0.1317833717100706,0.17825940685990294,0.0504117292629042,0.03511263662083729,0.06571082190497111,0.016067483430407713,0.007017234219812063,0.025117732641003365,
48,349,0.12264945270839181,0.09806901643638102,0.1472298889804026,0.06229235880398671,0.045804481362679964,0.07878023624529346,0.015780730897009966,0.00791070875418114,0.023650753039838792,
48,351,0.06109324758842444,0.030291505296806673,0.0918949898800422,0.05956112852664577,0.03265265992558833,0.0864695971277032,0.05851619644723093,0.0211601198890077,0.09587227300545417,
48,353,0.10857142857142857,0.07138081909922993,0.1457620380436272,0.06172839506172839,0.03087798763001654,0.09257880249344025,0.01216931216931217,0,0.02729290980354998,
48,355,0.1441335986577705,0.13287662703738967,0.15539057027815134,0.0370043037196434,0.03105332579606168,0.042955281643225124,0.01195050722410083,0.008868904958341894,0.015032109489859767,
48,357,0.08928086838534599,0.041541819221130025,0.13701991754956194,0.08005427408412483,0.03915247151418552,0.12095607665406413,0.001085481682496608,0,0.008750394309277617,
48,359,0.09584664536741214,0,0.19932654168878586,0.022222222222222223,0,0.06922724157593471,0.006349206349206349,0,0.03689242017866088,
48,361,0.0905861456483126,0.07231381336275279,0.10885847793387242,0.02509992006394884,0.016355951754057543,0.03384388837384014,0.018225419664268584,0.011415162672649599,0.02503567665588757,
48,363,0.1327939076630176,0.10686401153516957,0.15872380379086565,0.02913533834586466,0.017439980675855407,0.04083069601587391,0.0037593984962406013,9.63069323498161e-4,0.006555727668983042,
48,365,0.08092269326683292,0.05282683096962977,0.10901855556403607,0.03287841191066997,0.017019120804458672,0.048737703016881274,0.009801488833746898,0,0.020077268228315247,
48,367,0.0983858570330515,0.08268755205891948,0.11408416200718352,0.021379703534777653,0.014914980903486485,0.02784442616606882,0.01387305207145572,0.00829223886703304,0.0194538652758784,
48,369,0.04858044164037855,0.01989783397195418,0.07726304930880293,0.0483619344773791,0.021320909084432255,0.07540295987032594,0.014040561622464899,0,0.035564970197963924,
48,371,0.09193054136874361,0.043697427381065045,0.14016365535642217,0.023668639053254437,0,0.048508247495011605,0.0029585798816568047,0,0.010601632123859825,
48,373,0.10897797854319594,0.08756833165298333,0.13038762543340854,0.059717998341166714,0.040077325593761454,0.07935867108857197,0.007464749792645839,0.002737183189266126,0.012192316396025553,
48,375,0.15866937896374297,0.14215730527674653,0.17518145265073942,0.04588441330998249,0.03591985827654044,0.05584896834342454,0.012025685931115002,0.006093369469704631,0.017958002392525374,
48,377,0.16173120728929385,0.047739242144022684,0.275723172434565,0.08791208791208792,0.025855609312152535,0.1499685665120233,0,0,0.015554034597622257,
48,379,0.06716582250605593,0.041453983154719605,0.09287766185739227,0.028662420382165606,0.010708119279905993,0.04661672148442522,0.03927813163481953,0.013206666584049797,0.06534959668558926,
48,381,0.10201083463410156,0.08741390171889185,0.11660776754931126,0.024734018368645996,0.017226999102425065,0.03224103763486693,0.006820041829589888,0.0034870819976098835,0.010153001661569893,
48,383,0.11467889908256881,0.036095304818902066,0.19326249334623558,0.04128440366972477,0,0.10558828515860554,0,0,0.023188354331317582,
48,385,0.09634888438133875,0.009311413665260157,0.18338635509741735,0.04040404040404041,0,0.08986631401977993,0.00404040404040404,0,0.022715613413060172,
48,387,0.12119205298013246,0.07666708505555005,0.16571702090471485,0.01909871244635193,0.001549817908607646,0.03664760698409622,0.015021459227467811,0.002415014292763626,0.027627904162171996,
48,389,0.10820895522388059,0.05064465954872519,0.165773250899036,0.07266099635479951,0.018942439870191265,0.12637955283940777,0.003402187120291616,0,0.009304305945132246,
48,391,0.1420171867933062,0.08207601462889899,0.20195835895771339,0.024608501118568233,3.845576213801598e-4,0.04883244461575631,0.020134228187919462,6.768472712634782e-4,0.039591609104575445,
48,393,0.012658227848101266,0,0.1824644635116553,0.03125,0,0.14095123969988838,0.0125,0,0.07574608968007919,
48,395,0.09773462783171522,0.06001706469077233,0.1354521909726581,0.04120443740095087,0.021647282463631543,0.06076159233827021,0.010301109350237718,6.643796977875756e-4,0.019937839002687863,
48,397,0.08354329664500729,0.0681051655509933,0.09898142773902127,0.019271383315733897,0.01046801841251848,0.028074748218949314,0.005675818373812038,0.001732200921674712,0.009619435825949364,
48,399,0.0662057963307631,0.03323738394635585,0.09917420871517034,0.006349206349206349,0,0.01958291012392916,0.03835978835978836,0.017736549450965776,0.05898302726861094,
48,401,0.08281161070005691,0.06420919457088185,0.10141402682923197,0.02804946599213041,0.018517507107050836,0.03758142487720999,0.014052838673412029,0.007175834116889416,0.02092984322993464,
48,403,0.11502824858757062,0.07317139691373811,0.15688510026140312,0.009843400447427294,0,0.02036487881914645,0.005592841163310962,0,0.013311094180233855,
48,405,0.10915141430948419,0.05308004152947909,0.1652227870894893,0.027868852459016394,0.0029109865078283705,0.05282671841020442,0.03770491803278689,0.010516550550261482,0.06489328551531229,
48,407,0.11345381526104417,0.07671168120470154,0.1501959493173868,0.07590660705414803,0.048410254704667546,0.10340295940362852,0.019374068554396422,0.002528790326789966,0.03621934678200288,
48,409,0.11153846153846154,0.09116347922229504,0.13191344385462805,0.06040969899665552,0.043601666328236643,0.0772177316650744,0.021321070234113712,0.008166121580238599,0.034476018887988825,
48,411,0.07386934673366834,0.025045698653318557,0.12269299481401812,0.026799007444168736,0.00528590570624159,0.048312109182095886,0.02729528535980149,0.00329603286597251,0.05129453785363047,
48,413,0.04858757062146893,0,0.11865862961667328,0.016666666666666666,0,0.06433571980575664,0,0,0.028083673579040187,
48,415,0.05399644760213144,0.021102452384195135,0.08689044282006775,0.026163301141352062,0.005130824538896694,0.04719577774380743,0.014047410008779631,0,0.03143372754582172,
48,417,0.05405405405405406,0,0.11558206763275992,0.04830188679245283,0,0.09879978635600128,0.0030188679245283017,0,0.016976921585330325,
48,419,0.09536723163841808,0.06156901086759746,0.1291654524092387,0.06451612903225806,0.039371613068716005,0.08966064499580012,0.017241379310344827,0.001978606785484626,0.032504151835205025,
48,421,0.11166875784190715,0.013982102355309889,0.2093554133285044,0.02981366459627329,0,0.08814942263666502,0.009937888198757764,0,0.033033692317476146,
48,423,0.11918459229614807,0.10618032531126537,0.13218885928103077,0.03198622132004675,0.02504331861879041,0.03892912402130309,0.009780402288245064,0.006170277068439176,0.013390527508050951,
48,425,0.10756608933454877,0.04627858991407713,0.1688535887550204,0.053811659192825115,0.005539689920316913,0.10208362846533331,0,0,0.010578603500625,
48,427,0.11617687448503158,0.08911615036247478,0.1432375986075884,0.10222699221894285,0.07851006109990699,0.1259439233379787,0.015025489669975852,0.006850673600276106,0.023200305739675596,
48,429,0.11276405831597738,0.05357881541140713,0.17194930122054763,0.022026431718061675,0,0.04615759667933019,0.007342143906020558,0,0.020431784391576783,
48,431,0.05897435897435897,0,0.21286375712967082,0,0,0.09165302782324058,0,0,0.06480847749009273,
48,433,0.05454545454545454,0,0.18468721998641957,0.008888888888888889,0,0.08258186808065625,0,0,0.056167347158080375,
48,435,0.0761904761904762,0,0.15420312263411523,0.10186915887850467,0.007267276412148221,0.19647104134486112,0.03271028037383177,0,0.07791961458702146,
48,437,0.11839323467230443,0.060607365721362445,0.17617910362324643,0.029166666666666667,0,0.06101732167640332,0.00625,0,0.024425006006118848,
48,439,0.13688966232723135,0.131925165769912,0.1418541588845507,0.04137250486774309,0.038693099456556204,0.044051910278929976,0.007298303243837503,0.006162496295453391,0.008434110192221615,
48,441,0.11576677915260593,0.10190535305500426,0.1296282052502076,0.024958248283540544,0.018534312366753663,0.03138218420032743,0.006123585080719985,0.0036216307633011543,0.008625539398138817,
48,443,0.12643678160919541,0,0.30158441860041607,0.009195402298850575,0,0.08035396401144615,0.034482758620689655,0,0.12820559007329546,
48,445,0.13872135102533173,0.08103138049825118,0.19641132155241228,0.02877697841726619,0,0.059483473372652695,0.026378896882494004,0,0.05593575826876199,
48,447,0.06973058637083994,0,0.15600499191841533,0.006299212598425197,0,0.06258431035784692,0.031496062992125984,0,0.0671179282995558,
48,449,0.10235849056603774,0.07746670179680869,0.12725027933526678,0.09675925925925925,0.07064573237134417,0.12287278614717434,0.01712962962962963,0.006676279192274889,0.02758298006698437,
48,451,0.10400890868596882,0.08787985689650957,0.12013796047542807,0.03212321232123212,0.02293808643600425,0.041308338206459995,0.012321232123212322,0.007892462413387095,0.01675000183303755,
48,453,0.15100109141545293,0.14493636568389007,0.15706581714701578,0.0411347122335582,0.037400500349511374,0.04486892411760502,0.008158183271078404,0.006585891436710749,0.009730475105446059,
48,455,0.05998286203941731,0.03335173515027627,0.08661398892855834,0.03952901597981497,0.011600612374936259,0.06745741958469369,0.020185029436501262,0.0057715124576310055,0.03459854641537152,
48,457,0.08689024390243902,0.05741343658207552,0.11636705122280253,0.027900146842878122,0.012141778536782912,0.04365851514897333,0.009544787077826725,0.0020444602629157054,0.017045113892737745,
48,459,0.10328479512360311,0.08048857824115466,0.12608101200605157,0.02404809619238477,0.012098009126743846,0.035998183258025694,0.011356045424181697,0.003442851427512588,0.019269239420850806,
48,461,0.07732342007434945,0.011954070156193958,0.14269276999250494,0.040293040293040296,0,0.0820026526073749,0,0,0.01851670785431221,
48,463,0.09848024316109423,0.05309482004297302,0.14386566627921543,0.04691211401425178,0.012625749328836124,0.08119847869966743,0.013064133016627079,0.001096280682384142,0.025031985350870013,
48,465,0.10371279533599263,0.07556466325908578,0.13186092741289948,0.11234604986482427,0.07764578555049692,0.14704631417915162,0.015319915890657855,0.0028789013587230787,0.02776093042259263,
48,467,0.09778681120144535,0.07800660056216263,0.11756702184072806,0.032474804031354984,0.022156154021924584,0.042793454040785384,0.015677491601343786,0.008790164263494202,0.02256481893919337,
48,469,0.11225540679711637,0.09356293084001271,0.13094788275422004,0.029476141835692398,0.020763512992652007,0.03818877067873279,0.014300306435137897,0.008581461633538685,0.020019151236737108,
48,471,0.17468354430379746,0.14188830890486764,0.20747877970272727,0.029483529890199266,0.016848630592563658,0.04211842918783487,0.014843432289548597,0.0044339185235805195,0.025252946055516673,
48,473,0.10383944153577661,0.07446807412055542,0.1332108089509978,0.03965129358830146,0.01913225203645324,0.06017033514014968,0.007311586051743532,0.001339466987684868,0.013283705115802198,
48,475,0.06839622641509434,0.03384692253587054,0.10294553029431813,0.03048065650644783,0.00991388022713477,0.05104743278576089,0.01406799531066823,0,0.028365812636468573,
48,477,0.1107242339832869,0.08021310658767207,0.14123536137890175,0.02037292817679558,0.005778108326437638,0.03496774802715352,0.014848066298342542,0.00478738143199579,0.024908751164689293,
48,479,0.14515601491463334,0.1305343539789839,0.15977767585028277,0.09409345073590848,0.08266918084909895,0.10551772062271801,0.017031942926923324,0.012528764275343218,0.02153512157850343,
48,481,0.10409317803660566,0.07570926597903425,0.13247709009417705,0.057755775577557754,0.03711433709652605,0.07839721405858946,0.018151815181518153,0.007096127118726292,0.029207503244310012,
48,483,0.07105263157894737,0.02094763254959018,0.12115763060830456,0.041361256544502616,0.0044048084499173495,0.07831770463908788,0.0020942408376963353,0,0.012419258021366605,
48,485,0.11395981582251988,0.1009615276139532,0.12695810403108654,0.020471144943935808,0.014175407369967793,0.026766882517903823,0.012858759386894352,0.008003931066277076,0.01771358770751163,
48,487,0.112707182320442,0.06750137870852765,0.15791298593235634,0.022486486486486486,0.0041953676687826735,0.0407776053041903,0.04,0.010561797866558448,0.06943820213344155,
48,489,0.09772296015180265,0.06037775767719255,0.13506816262641275,0.11265004616805172,0.06933273137707958,0.15596736095902386,0.03970452446906741,0.012236142064209869,0.06717290687392495,
48,491,0.1075706808575871,0.1000635633569234,0.1150777983582508,0.030012396424610167,0.025653467331232763,0.03437132551798757,0.008807985907222548,0.006411169485687803,0.011204802328757292,
48,493,0.09183376925312409,0.06943552303762329,0.11423201546862488,0.048140674545978666,0.03447547807227166,0.061805871019685675,0.00807149034303834,0.0018058563014764686,0.01433712438460021,
48,495,0.014919806042521447,0,0.04635963808909919,0.040968342644320296,0,0.09479706859728412,0.01303538175046555,0,0.03873652729838992,
48,497,0.07342143906020558,0.05970894854496024,0.08713392957545092,0.0473421926910299,0.034753077424352206,0.05993130795770759,0.010382059800664452,0.004804212618535615,0.01595990698279329,
48,499,0.10974770642201835,0.08707633251478049,0.1324190803292562,0.016830294530154277,0.00818848992754556,0.025472099132762993,0.03225806451612903,0.020092703188083774,0.04442342584417429,
48,501,0.1037344398340249,0.030123428612374534,0.17734545105567529,0.0847457627118644,0.022496058630627383,0.14699546679310144,0,0,0.013327845088358053,
48,503,0.09249329758713137,0.06329173976452346,0.12169485540973929,0.01255783212161269,0.0013314955020629939,0.023784168741162386,0.021810971579643092,0.007673116353744626,0.03594882680554156,
48,505,0.11337868480725624,0.05633011918456355,0.17042725042994894,0.13209606986899564,0.0854301638102535,0.17876197592773777,0.027292576419213975,0,0.0641553240623233,
48,507,0.06983655274888559,0.01844661210815745,0.12122649338961372,0.04817518248175182,0.011985494839347813,0.08436487012415583,0.0011678832116788322,0,0.009414731463178382,
49,000,0.10303668597507461,0.1002638160968242,0.10580955585332502,0.0316610526711955,0.029893811226735463,0.03342829411565553,0.007983477917239043,0.0071770073752928,0.008789948459185286,
49,001,0.07816593886462882,0.028704749408930398,0.12762712832032724,0.013100436681222707,0,0.03352119853478046,0,0,0.012508885174943665,
49,003,0.09252259654889071,0.0721670506976847,0.11287814240009672,0.02021018593371059,0.012170837958243799,0.02824953390917738,0.007814605227701428,0.0014806284751394429,0.014148581980263412,
49,005,0.11616161616161616,0.10155985132854412,0.1307633809946882,0.0387104506232023,0.03056864988938441,0.046852251357020196,0.009348034515819751,0.00508233122072178,0.013613737810917723,
49,007,0.1342155009451796,0.10343878891113502,0.16499221297922417,0.018625,0.00614763689328726,0.031102363106712737,0.036875,0.018531877538149156,0.055218122461850844,
49,009,0.1574468085106383,0,0.3172838400924701,0.01702127659574468,0,0.1386256718169061,0.01702127659574468,0,0.0929463243954733,
49,011,0.07870204374327716,0.07072324572911047,0.08668084175744385,0.018367437920734697,0.014531539490353396,0.022203336351115998,0.005260576880210423,0.003203437665377175,0.007317716095043671,
49,013,0.09664848012470771,0.07519093923740636,0.11810602101200907,0.04721362229102167,0.034372886506090675,0.06005435807595266,0.008513931888544891,0.0026849117247348874,0.014342952052354894,
49,015,0.055085980763625766,0.026966488189866706,0.08320547333738483,0.03309143686502177,0.01479025373360457,0.051392619996438973,0.023222060957910014,0.0023365747487878383,0.04410754716703219,
49,017,0.09423274974253347,0.04694864005926761,0.14151685942579934,0.01282051282051282,0,0.03518902066692298,0.0071794871794871795,0,0.01988099990711015,
49,019,0.13040462427745664,0.06796486143328057,0.1928443871216327,0.05974625144175317,0.02201897510925597,0.09747352777425036,0,0,0.006607923195068279,
49,021,0.09790019089173711,0.07714908070660426,0.11865130107686997,0.020973379940844313,0.011111403685927643,0.03083535619576098,0.012906695348211886,0.005180160177799585,0.020633230518624188,
49,023,0.07848101265822785,0.04194231695069334,0.11501970836576236,0.04700973574408901,0.02039688224450588,0.07362258924367214,0.0027816411682892906,0,0.011013705551157186,
49,025,0.09692058346839547,0.04867435722223371,0.14516680971455723,0.012093023255813953,0,0.027592429883219194,0.023255813953488372,0,0.05959037903260754,
49,027,0.08170731707317073,0.04383085003739318,0.1195837841089483,0.02155688622754491,0.0016365086243104975,0.04147726383077932,0.019161676646706587,0.004011218076665435,0.03431213521674774,
49,029,0.052949640287769786,0.019146254164718678,0.08675302641082089,0.014265335235378032,0,0.03185899899054567,0.005706134094151213,0,0.018943275260400162,
49,031,0.152014652014652,0.03072052983371837,0.27330877419558564,0.03333333333333333,0,0.0849907672839174,0.007017543859649123,0,0.0324273818617382,
49,033,0.07621550591327202,1.5185200377865193e-4,0.15227915982276538,0.0196078431372549,0,0.06038203734148818,0,0,0.026431692780273117,
49,035,0.11022862232779097,0.10509585144028198,0.11536139321529996,0.03154473538970994,0.028514927473799256,0.03457454330562063,0.00665971668608573,0.005262312836460456,0.008057120535711004,
49,037,0.10556844547563805,0.06641843437563984,0.14471845657563626,0.1122334455667789,0.08085745857461295,0.14360943255894487,0.09427609427609428,0.065860383447544385,0.12269180510464417,
49,039,0.08904428904428904,0.06634567620260129,0.1117429018859768,0.0371445153801509,0.023539998915973394,0.050749031844328406,0.014509576320371444,0.004184030093132757,0.024835122547610132,
49,041,0.08166325835037491,0.05371889307942919,0.10960762362132064,0.04259634888438134,0.02063082045606259,0.06456187731270008,0.011494252873563218,0.001049853514478078,0.02193865223264836,
49,043,0.12892500923531586,0.10433248769608808,0.15351753077454364,0.016111314536799707,0.006713512045452501,0.025509117028146913,0.005858659831563529,0.0015847110549030577,0.010132608608224,
49,045,0.059904697072838665,0.04603236129983594,0.07377703284584139,0.03774011299435028,0.025239666454017054,0.05024055953468351,0.006553672316384181,0.002147473289357598,0.010959871343410765,
49,047,0.08021295474711623,0.05554586552074376,0.10488004397348871,0.048505846686877435,0.032325663494395106,0.06468602987935976,0.0038977912516240795,8.533590480677366e-4,0.006942223455180422,
49,049,0.10540365984930032,0.09899353001595515,0.11181378968264549,0.03908211786076828,0.035542749806785366,0.0426214859147512,0.006731848052572527,0.004804629503466469,0.008659066601678585,
49,051,0.11519154557463672,0.08436007839996935,0.14602301274930407,0.025778167470407717,0.01348771577879667,0.038068619162018764,0.002104340201665936,0,0.004955012767616244,
49,053,0.11791115311909263,0.1041453891780415,0.13167691706014376,0.035229929851909585,0.027394760125620927,0.04306509957819824,0.006780982073265784,0.004593302831427789,0.00896866131510378,
49,055,0.05333333333333334,0.007809282056930225,0.09885738460973645,0.018095238095238095,0,0.05169473076007727,0.0038095238095238095,0,0.01815661349027585,
49,057,0.09753909972532093,0.0875450331642267,0.10753316628641517,0.02728080897877542,0.022228522966717873,0.032333094990832964,0.012890321146794089,0.010079085435268904,0.015701556858319275,
50,000,0.1338794705503091,0.12782694510871698,0.13993199599190123,0.015910629654705483,0.013831457373511116,0.01798980193589985,0.0112089069435041,0.009520550609242014,0.012897263277766188,
50,001,0.11778242677824267,0.10024330117411047,0.13532155238237487,0.01422129725979882,0.007381559924885333,0.021061034594712306,0.011099549080818592,0.003316802119906987,0.018882296041730195,
50,003,0.1519693272917393,0.1228404683847868,0.18109818619869178,0.013044970820460007,0.006071523679137572,0.020018417961782442,0.021283899759697907,0.009154246827337332,0.03341355269205848,
50,005,0.12122400941545704,0.10074641803034443,0.14170160080056965,0.010452418096723868,0.005409787664112631,0.015495048529335104,0.013260530421216849,0.006026702080392057,0.020494358762041642,
50,007,0.149523878752635,0.1349281513271,0.16411960617817,0.015002885170225043,0.010313503862841508,0.019692266477608578,0.008439122908251587,0.0050789080550240045,0.01179933776147917,
50,009,0.1224952741020794,0.08826363334985732,0.15672691485430149,0.03151969981238274,0.012443004956209251,0.050596394668556234,0.010881801125703566,0.0025557581136524624,0.01920784413775467,
50,011,0.12731578947368422,0.10499488448149104,0.14963669446587738,0.009877826878086821,0.004457025388855666,0.015298628367317976,0.020015596568754873,0.0072312364502702935,0.03279995668723945,
50,013,0.15477386934673368,0.11105515270755778,0.19849258598590958,0.002644628099173554,0,0.01224266375506812,0.003305785123966942,0,0.01056513400140012,
50,015,0.1456179775280899,0.11281168577705784,0.17842426927912192,0.012527964205816556,0.00447021359561583,0.02058571481601728,0.008948545861297539,0.0018049580901384624,0.016092133632456616,
50,017,0.11215543795908696,0.0926081216002297,0.1317027543179442,0.017336485421591805,0.009550985990811887,0.025121984852371722,0.01182033096926714,0.006925851518547227,0.016714810419987052,
50,019,0.12824094281972936,0.1080917905110697,0.14839009512838902,0.014310494362532523,0.008709897231278452,0.019911091493786594,0.008673026886383347,0.0038565432373787335,0.013489510535387961,
50,021,0.1327757865392274,0.11519645707287686,0.15035511600557794,0.03493191237418591,0.024710266229903917,0.0451535585184679,0.0057233076771265046,0.0031187168002277895,0.00832789855402522,
50,023,0.11142284569138276,0.0955060046705133,0.12733968671225224,0.009735744089012517,0.005901465017372498,0.013570023160652537,0.00397377309755613,2.699845683286554e-4,0.007677561626783604,
50,025,0.14773139745916516,0.12298987500192586,0.17247291991640445,0.010835913312693499,0.005902221644322102,0.015769604981064896,0.019865841073271415,0.010156059479493041,0.02957562266704979,
50,027,0.11890999174236168,0.10200546265713185,0.13581452082759152,0.021194212349704505,0.013735865833799214,0.028652558865609797,0.014469125738740575,0.008564948828460957,0.020373302649020195,
51,000,0.12111096767054572,0.11910392912832947,0.12311800621276196,0.02009559924310933,0.01933407873719827,0.02085711974902039,0.007348526874938256,0.006843032780907945,0.007854020968968567,
51,001,0.10212765957446808,0.07868253553657195,0.1255727836123642,0.01929824561403509,0.009013411885994119,0.02958307934207606,0.013333333333333334,0.004119377168372447,0.022547289498294223,
51,003,0.11764705882352941,0.10212701395423832,0.1331671036928205,0.009311832841244606,0.004978115115716746,0.013645550566772465,0.006132182602770838,0.0035435697001115225,0.008720795505430154,
51,005,0.07390946502057613,0.051826229986800074,0.09599270005435219,0.004595879556259905,0,0.01313726429069472,0.011093502377179081,0.002319758328216036,0.019867246426142127,
51,007,0.09665071770334928,0.050574294661828986,0.14272714074486959,0.05608365019011407,0.01506624705764744,0.0971010533225807,0,0,0.0067272678155115275,
51,009,0.0832,0.06107765616640042,0.10532234383359956,0.02140309155766944,0.008362391360079822,0.03444379175525906,0.004359889021006738,0,0.010956808562537699,
51,011,0.06920684292379471,0.04456059565134348,0.09385309019624594,0.008416220351951033,0,0.018334433318732298,0.00306044376434583,0,0.008222613939287787,
51,013,0.13129142857142856,0.12091727697096914,0.14166558017188796,0.03300716959011588,0.02793635259049112,0.038077986589740646,0.007304865401091221,0.003946276512913212,0.01066345428926923,
51,015,0.07098506460815573,0.0553523397813295,0.08661778943498197,0.0136416569622359,0.005813888005321326,0.021469425919150475,0.014473465313591748,0.006620269269199461,0.022326661357984036,
51,017,0.12073490813648294,0.03549632869662345,0.20597348757634243,0,0,0.016261797062601217,0.007874015748031496,0,0.027148081400192325,
51,019,0.07521288125096764,0.06200535292686899,0.08842040957506629,0.016302676099661642,0.009745470247793953,0.022859881951529333,0.004767763764995386,0.0013221091321560783,0.008213418397834694,
51,021,0.0602247191011236,0.018939222131225168,0.10151021607102204,0.02237136465324385,0,0.05159278766188938,0.0017897091722595079,0,0.015380301745963658,
51,023,0.08067644092777906,0.05755755041924912,0.10379533143630901,0.004878048780487805,5.617350163504746e-4,0.009194362544625134,0.0038714672861014324,0,0.007831726415555185,
51,025,0.09147540983606557,0.060934947200034464,0.12201587247209668,0.0202757502027575,0.005738849169000552,0.03481265123651445,0.0040551500405515,0,0.00995172564814006,
51,027,0.10302197802197802,0.07169674214833704,0.134347213895619,0.004669779853235491,0,0.013664993722330605,0.008005336891260841,0,0.01609626246281027,
51,029,0.11587982832618025,0.08115814828083945,0.15060150837152106,0.016101694915254237,0.0034677360755259456,0.028735653754982528,0.006610169491525424,0,0.014925122021828274,
51,031,0.06757369614512472,0.05104104872234401,0.08410634356790543,0.015171798304328426,0.005979770523643077,0.024363826085013772,0.0049085229808121375,7.90952713252603e-4,0.009026093248371673,
51,033,0.08840515326521546,0.06128106454249928,0.11552924198793164,0.019762845849802372,0.009773562676609067,0.029752129022995677,0.005270092226613966,0,0.0129642401845221,
51,035,0.08220551378446116,0.05975791173592407,0.10465311583299824,0.012273476112026359,1.9280264694737127e-4,0.024354149577105348,0.002059308072487644,0,0.0070255556032875685,
51,036,0.10762800417972831,0.07232913531634844,0.1429268730431082,0.008605851979345954,0,0.022068395070301026,0.0068846815834767644,0,0.015600745969827839,
51,037,0.11758118701007839,0.07386143542566583,0.16130093859449096,0.022026431718061675,0.003500134701075467,0.04055272873504788,0.018722466960352423,0.003833164235697486,0.033611769685007356,
51,041,0.0980465815176559,0.0897649334174556,0.1063282296178562,0.014760147601476014,0.010997281888106978,0.01852301331484505,0.009355548100935555,0.006534874976369197,0.012176221225501913,
51,043,0.1025,0.06514627109291603,0.13985372890708397,0.020302760463045414,0.0038520878383507783,0.03675343308774005,0.006233303650934996,0,0.014782835740387803,
51,045,0.06333333333333334,0,0.13159573479411857,0.03867403314917127,0,0.08233416807036789,0.0055248618784530384,0,0.017599026574654182,
51,047,0.11933701657458563,0.09214704599849725,0.14652698715067403,0.019791094007696537,0.010722112668981652,0.02886007534641142,0.00577240241891149,8.926785844064885e-4,0.01065212625341649,
51,049,0.10605686032138442,0.062136961616345854,0.149976759026423,0.02096177558569667,0,0.043558542071881354,0,0,0.007895286776844836,
51,051,0.09692451071761417,0.0649571256912807,0.12889189574394763,0.0018034265103697023,0,0.010256764743117775,0.0034265103697024347,0,0.00822561941227135,
51,053,0.09476260401370533,0.06535297993493694,0.12417222809247372,0.016778523489932886,0.0013695909630776874,0.03218745601678809,0.003835091083413231,0,0.010015858618537028,
51,057,0.1686602870813397,0.11479023412852454,0.22253034003415487,0.01643192488262911,0,0.033246180933436,0.018779342723004695,0,0.03758350168585924,
51,059,0.11810223446587083,0.11288263649891281,0.12332183243282885,0.030778030644160206,0.02801902489136861,0.0335370363969518,0.0058051089827063735,0.004670005361469137,0.00694021260394361,
51,061,0.09913344887348353,0.08130565521785178,0.11696124252911529,0.012264513648596693,0.006128032433376572,0.018400994863816814,0.010957324106113034,0.004174252620575809,0.01774039559165026,
51,063,0.0962566844919786,0.04475493952432122,0.147758429459636,0.013523666416228399,0,0.03176393742965389,0.002253944402704733,0,0.008237000000065404,
51,065,0.0768468021814576,0.050258241904608716,0.10343536245830649,0.011770475723393821,0,0.02601768609659893,0.005394801373222168,0,0.011425723055681052,
51,067,0.0927289461573861,0.07117244792167575,0.11428544439309644,0.017711171662125342,0.010858205009371558,0.024564138314879125,6.357856494096276e-4,0,0.0017923844546729375,
51,069,0.07926461723930078,0.06445019707720137,0.0940790374014002,0.013836290442820934,0.0072959803495829725,0.020376600536058893,0.010436857015058894,0.0015511328277741186,0.019322581202343668,
51,071,0.07564385577630611,0.05076690427689072,0.1005208072757215,0.010802919708029197,0.002633767107054562,0.018972072309003832,0.0051094890510948905,0,0.011340216904157874,
51,073,0.07766463000678886,0.05532195199496621,0.10000730801861152,0.006058566139347021,3.8838640977314e-4,0.011728745868920903,0.0013463480309660047,0,0.0034157026225667925,
51,075,0.06694129763130793,0.044367874992208796,0.08951472027040708,0.017364657814096015,0,0.0355022981002002,0.008171603677221655,0,0.016561282197694538,
51,077,0.07031634158334699,0.0456528248798367,0.09497985828685727,0.012845528455284553,0.00105847699162139,0.024632579918947718,0.005691056910569106,0,0.011540377910617895,
51,079,0.07849604221635884,0.045861709841346264,0.1111303745913714,0.021409921671018278,0.00510462118396101,0.037715222158075545,0.003785900783289817,0,0.010347129983202847,
51,081,0.1346938775510204,0.07871478785234513,0.19067296724969568,0.021739130434782608,0,0.04613879634446965,0,0,0.01098926357440703,
51,083,0.11271218408147869,0.08579294633395881,0.13963142182899857,0.015162721893491124,0.00454834647337838,0.025777097313603867,0.005547337278106509,0.0017863130843906098,0.009308361471822407,
51,085,0.08164503214848963,0.06866816132959108,0.09462190296738818,0.007732270146188233,0.0037317506422065265,0.011732789650169939,0.00845717047239338,0.0030035663036087935,0.013910774641177966,
51,087,0.12356257046223225,0.1123738808671301,0.1347512600573344,0.013908050262873336,0.010403169878351876,0.017412930647394798,0.008911592527685596,0.006890280199481307,0.010932904855889885,
51,089,0.09595,0.0754606191567918,0.11643938084320819,0.014698677119059285,0.0071550909882147715,0.022242263249903797,0.008819206271435572,0.0032049086448758856,0.014433503897995258,
51,091,0.019782393669634024,0,0.0689423235521798,0.003940886699507389,0,0.03285903057750447,0.0187192118226601,0,0.04647273420073978,
51,093,0.10221634138273239,0.07967211294268993,0.12476056982277485,0.004935834155972359,0,0.011757256165928664,0.0019743336623889436,0,0.005104634984783744,
51,095,0.10378750614854894,0.08743388541963458,0.1201411268774633,0.009449332029977192,0.004532547525084516,0.014366116534869869,0.0060280221570544155,0.003295997154586817,0.008760047159522014,
51,097,0.1711229946524064,0.10419189135543346,0.23805409794937937,0.008849557522123894,0,0.02530448405915859,0.0035398230088495575,0,0.013747077496750314,
51,099,0.08156943727413526,0.05552411392411022,0.10761476062416031,0.01746276322547509,0.00522138356901322,0.029704142881936957,0.007190549563430919,0,0.014928942446872335,
51,101,0.08148148148148149,0.05162116537052956,0.11134179759243341,0.0034807831762146482,0,0.010243552531065597,0.00435097897026831,0,0.009478162601836225,
51,103,0.0974909021260295,0.0690830173363587,0.12589878691570028,0.013358778625954198,0,0.029596579442525243,0.0064885496183206106,0,0.016775243619349553,
51,105,0.12754158964879853,0.0953338433188233,0.15974933597877375,0.016816816816816817,0.0019824494686655984,0.03165118416496804,0.0078078078078078076,0,0.016609883855691152,
51,107,0.08758753310837777,0.08007907887618762,0.09509598734056793,0.020389750992421508,0.0167601383634916,0.024019363621351417,0.006134969325153374,0.004329265321541046,0.007940673328765703,
51,109,0.08715122287289011,0.06461788038782841,0.1096845653579518,0.014002732240437158,0.005708320308549238,0.02229714417232508,0.004098360655737705,1.8528387960017965e-4,0.00801143743187523,
51,111,0.061233480176211455,0.03252232611463876,0.08994463423778415,0.03285870755750274,0,0.06786981437925554,0.0076670317634173054,4.6279623758096935e-4,0.014871267289253642,
51,113,0.09735349716446125,0.05547828342346919,0.1392287109054533,0.0307981220657277,0.010654471332155718,0.05094177279929968,0.003755868544600939,0,0.012696157509613885,
51,115,0.048179871520342615,0.004950031934824614,0.09140971110586062,0.0066844919786096255,0,0.022446893042668628,0.009358288770053475,0,0.027874664121872453,
51,117,0.1132254243979471,0.08803611135326907,0.1384147374426251,0.012965093977752206,0.0035034364300512173,0.022426751525453197,0.02263137706175681,0.009506130232569637,0.03575662389094398,
51,119,0.0934777990227321,0.056487804083746894,0.1304677939617173,0.029692470837751856,0.009846689172089612,0.0495382525034141,0.016967126193001062,4.5894493660549734e-4,0.03347530744939663,
51,121,0.1711218938391413,0.15020020293511413,0.1920435847431685,0.017193566278424846,0.0092810840560062155,0.025106048500843477,0.009012756516916251,0.003497356837590832,0.014528156196241671,
51,125,0.1264855687606112,0.08243085526533506,0.17054028225588735,0.00734094616639478,0,0.017695911840960882,0.011419249592169658,0,0.026097592148161416,
51,127,0.07888363510552417,0.046999216784807,0.11076805342624133,4.610951008645533e-4,0,0.00644790893928288,0.004034582132564841,0,0.012081831127328004,
51,131,0.08931297709923663,0.06087354388655568,0.11775241031191759,0.019457436856875586,0,0.03947833664391654,0.006361085126286249,0,0.014428706292633521,
51,133,0.12941176470588237,0.0884945561096739,0.17032897330209085,0.02106280193236715,0,0.0434493509122139,0.007729468599033816,0,0.018319316806763918,
51,135,0.12142591904938731,0.07315451792545177,0.16969732017332284,0.013665743305632503,0,0.027558989120955245,0.0025854108956602033,0,0.005948928582292935,
51,137,0.10432033719704953,0.07748210879923086,0.13115856559486821,0.023060796645702306,0.009072800998065875,0.03704879229333874,0.003843466107617051,0,0.00920496459293825,
51,139,0.10560414642047296,0.06914334398321526,0.14206494885773066,0.006844919786096256,0.0014174675510620627,0.01227237202113045,0.01229946524064171,0,0.026540427415192244,
51,141,0.08125819134993446,0.04966035746832409,0.11285602523154484,0.010282776349614395,0.0017120174126902844,0.018853535286538506,0.016709511568123392,0,0.034930790781059845,
51,143,0.10359801488833748,0.08495919033492566,0.12223683944174929,0.017153359199509905,0.008274786513015683,0.026031931886004125,0.007964059628343885,0.0015459929172035123,0.014382126339484257,
51,145,0.049499545040946315,0.027319046112451388,0.07168004396944125,0.002708803611738149,0,0.009471671403798274,0,0,0.00426009675961964,
51,147,0.1231933929800413,0.0834654561471821,0.1629213298129005,0.007417397167902899,0,0.017691012848506306,0.02899527983816588,0.005253453915263866,0.052737105761067896,
51,149,0.10503540519276161,0.07873911022043249,0.13133170016509071,0.01366120218579235,0.003237278194842208,0.02408512617674249,0,0,0.003683104731677401,
51,153,0.11306814433669767,0.104354698095888,0.12178159057750733,0.03236903318808767,0.02802703251323677,0.036711033862938565,0.006880057661435639,0.004921822856036711,0.008838292466834567,
51,155,0.11357243319268635,0.08798044466541066,0.13916442171996204,0.006157039086821169,0,0.012602754491855033,0.014527845036319613,1.2255777864187377e-4,0.028933132293997355,
51,157,0.0900355871886121,0.04549681076925415,0.13457436360797004,0.012389380530973451,0,0.030872281885747085,0.02654867256637168,0,0.06527497882404185,
51,159,0.0749732238486255,0.03490080820027589,0.1150456394969751,0.010229276895943563,0,0.0302792646755252,0.0014109347442680777,0,0.011085933319882852,
51,161,0.07488078360613482,0.0614075412889894,0.08835402592328023,0.007278763887115311,0.0027533531252469873,0.011804174648983635,0.004852509258076874,0.0017388007958258358,0.007966217720327911,
51,163,0.07788296041308089,0.05315905748625066,0.10260686333991112,0.0064034151547491995,0,0.015102116450811349,0.0080042689434365,0,0.01889714610969799,
51,165,0.06958187041174593,0.05667015309555678,0.0824935877279351,0.01597595697564062,0.01083935985240246,0.02111255409887878,0.010439734261309713,0.004963733695815307,0.01591573482680412,
51,167,0.09785783836416748,0.06709415182585662,0.12862152490247833,0.005747126436781609,0,0.012371074207404995,3.831417624521073e-4,0,0.0032725813892963084,
51,169,0.09089848308051342,0.06868181386871952,0.11311515229230731,0.0168552036199095,0.0063601045270222055,0.027350302712796797,0.024886877828054297,0.012581241045809176,0.03719251461029942,
51,171,0.11143847487001733,0.09052422662053264,0.13235272311950202,0.009122006841505131,0.004182637235792596,0.014061376447217666,0.011972633979475485,0.0038258559664233263,0.020119411992527644,
51,173,0.09963695038321904,0.07603541271419247,0.12323848805224562,0.013438735177865613,0.005900608067914282,0.020976862287816943,0.013438735177865613,0.00577976852065383,0.021097701835077396,
51,175,0.09557522123893805,0.06637609642941972,0.12477434604845639,0.013742690058479532,0.001597751593057757,0.025887628523901307,0.016812865497076022,0.0017297360964710611,0.03189599489768098,
51,177,0.10589552998676306,0.0930927739456916,0.11869828602783453,0.01941354903943377,0.013096702830768418,0.025730395248099124,0.002224469160768453,6.395098801112702e-4,0.0038094284414256357,
51,179,0.07981642222887358,0.0675481465703359,0.09208469788741126,0.023452250819835038,0.01627679678108334,0.030627704858586735,0.002981218324555302,8.548680588710712e-4,0.005107568590239532,
51,181,0.09668004377964247,0.056011502973690716,0.13734858458559424,0.021493624772313296,0,0.048420387122496085,0,0,0.011663164983645105,
51,183,0.11080711354309165,0.07023170481630148,0.15138252226988183,0.01756756756756757,0,0.03626633015383897,0.005405405405405406,0,0.017459669466058342,
51,185,0.08837959974176889,0.06524222927482601,0.11151697020871176,0.006645569620253164,0.0020441224110087234,0.011247016829497605,0.007594936708860759,0.0012597283314528295,0.013930145086268688,
51,187,0.11598537720172815,0.08897772804163796,0.14299302636181832,0.03413193304890056,0.017868835416059634,0.05039503068174149,0.013784049885132918,0.0050856970870429025,0.022482402683222935,
51,191,0.07697594501718213,0.06237221356844095,0.09157967646592331,0.011810129457188281,0.00634045700641511,0.017279801907961453,0.004088121735180559,0.0010390384144119604,0.007137205055949157,
51,193,0.15249837767683322,0.11039386401784294,0.19460289133582348,0.0280970625798212,0.009792018369834253,0.04640210678980815,0.013409961685823755,1.1029837664958304e-4,0.026709624994997926,
51,195,0.10877447425670776,0.08315513314806898,0.13439381536534653,0.0066192170818505335,0.001889089307879564,0.011349344855821503,0.007473309608540925,0.0025043434531387505,0.012442275763943099,
51,197,0.09844771241830065,0.06843501811051572,0.12846040672608558,0.008450704225352112,0.001259834939370868,0.015641573511333356,0.0016096579476861167,0,0.005068180310075809,
51,199,0.09710623422023694,0.07970470171881304,0.11450776672166084,0.00811437403400309,0.0029175534916894104,0.01331119457631677,0.01178516228748068,0.006199532734161159,0.0173707918408002,
51,510,0.13961605584642234,0.12385882950333499,0.1553732821895097,0.04190056134723336,0.03361909322856861,0.050182029465898115,0.005747126436781609,0.0030417532744006965,0.008452499599162522,
51,520,0.12002791346824843,0.08158391833390893,0.15847190860258792,0.01780821917808219,0.0032761430029570188,0.032340295353207364,0.011643835616438357,0,0.024976949967440154,
51,530,0.13229571984435798,0.05360571479547417,0.2109857248932418,0.009416195856873822,0,0.032306649298352814,0,0,0.012058526508514428,
51,540,0.20063525674960297,0.17478352057570745,0.2264869929234985,0.015889287544848796,0.00810764478305262,0.023670930306644973,0.013070220399794977,0.0035756189761725343,0.02256482182341742,
51,550,0.1245649892283047,0.1122787320606069,0.1368512463960025,0.014446754952391375,0.01013839480063358,0.01875511510414917,0.006840319579730765,0.004116667365037727,0.009563971794423804,
51,570,0.12141427618412275,0.08767970468139255,0.15514884768685294,0.011826544021024968,1.7492538889025966e-4,0.023478162653159676,0.011695137976346913,0.002089132226098484,0.02130114372659534,
51,580,0.09533468559837728,0.044477683988571194,0.14619168720818337,0,0,0.01807448931923387,0,0,0.012780593964114096,
51,590,0.16440723737510127,0.13729983258249312,0.19151464216770941,0.018928285790455877,0.00741055289488843,0.030446018686023327,0.006398293788323114,0.001826571791509017,0.01097001578513721,
51,595,0.18262806236080179,0.09885749410049398,0.2663986306211096,0,0,0.020167748661327773,0.017817371937639197,0,0.040739463305316664,
51,600,0.1570796460176991,0.12085967966411167,0.19329961237128657,0.044906900328587074,0.02617931287468362,0.06363448778249053,0,0,0.004613966086370238,
51,610,0.1019163763066202,0.06392789105106843,0.13990486156217197,0.03205574912891986,0.013597910662176107,0.050513587595663614,0.005226480836236934,0,0.014787145003336987,
51,620,0.17692307692307693,0.11239212183949436,0.2414540320066595,0.035522388059701496,0,0.07712901889006957,0.022388059701492536,0.0025156722030470167,0.04226044719993806,
51,630,0.1829901521933751,0.14514654173890756,0.22083376264784266,0.03547671840354767,0.014870343102872514,0.05608309370422283,0.013747228381374724,0.0025486765926354734,0.024945780170113972,
51,640,0.11793893129770992,0.05949316793530693,0.17638469466011292,0.014885496183206106,0,0.035092960980630444,0,0,0.012219613694696874,
51,650,0.1763338615953513,0.15667677725374918,0.19599094593695343,0.01931442491734818,0.013326067052764786,0.025302782781931574,0.002523055507221159,3.00660721241026e-4,0.004745450293201291,
51,660,0.18961424332344215,0.1594827224569723,0.219745764189912,0.03267211201866978,0.01990360754310845,0.045440616494231104,0.013418903150525088,0.005665043213373267,0.02117276308767691,
51,670,0.18615384615384614,0.14856439667301952,0.22374329563467277,0.028877005347593583,0.007135985249585933,0.050618025445601234,0.008556149732620321,0,0.019842257275722204,
51,678,0.12244897959183673,0.03474166162565279,0.21015629755802068,0,0,0.022752058163156206,0.022613065326633167,0,0.06359400353103728,
51,680,0.14713610089332632,0.12370512359015562,0.17056707819649702,0.018851608439986164,0.011527670814730006,0.026175546065242323,0.002940159114493255,8.741928033301578e-4,0.005006125425656352,
51,683,0.13521330441070137,0.10443760166968759,0.16598900715171516,0.046242774566473986,0.028972976052859194,0.06351257308008879,0.007947976878612716,0.0021238102767867795,0.013772143480438653,
51,685,0.15495668912415783,0.1010262507937392,0.20888712745457647,0.09099616858237548,0.028325556826117745,0.15366678033863324,0.0028735632183908046,0,0.009814923003061957,
51,690,0.21499548328816623,0.14776668638793533,0.2822242801883971,0.007104795737122558,0,0.016651189078093202,0.006039076376554174,0,0.013939694282818774,
51,700,0.1608485499462943,0.14537021100324915,0.17632688888933945,0.024050884516000796,0.01841320481220282,0.02968856421979877,0.01908169350029815,0.012797821082873077,0.025365565917723223,
51,710,0.1790300731509076,0.1664129248709088,0.1916472214309064,0.020203635588250973,0.015678227672056642,0.024729043504445304,0.006396929473852551,0.00392871502435704,0.008865143923348062,
51,720,0.13012820512820514,0.036603244502627336,0.22365316575378294,0.015723270440251572,0,0.05204690114809442,0.015723270440251572,0,0.040150615676185705,
51,730,0.22734565748168817,0.18843970281512318,0.26625161214825316,0.01972118327099626,0.008719988675294995,0.030722377866697525,0.011900714042842571,0.0029688661417900455,0.020832561943895097,
51,735,0.09750812567713976,0.06156194730804474,0.1334543040462348,0.0021482277121374865,0,0.012772665464735508,0.004296455424274973,0,0.014743136481009285,
51,740,0.20653179955044296,0.18314855764502333,0.22991504145586258,0.01822381930184805,0.009647548660706395,0.026800089942989703,0.0077002053388090345,0.0034855673886886674,0.011914843288929403,
51,750,0.20232333010648595,0.1423076489056313,0.2623390113073406,0.008966148215919487,0,0.019376910590977584,0.010064043915827997,0,0.025992207217012682,
51,760,0.19744998236153807,0.1836789420895386,0.21122102263353754,0.01956521739130435,0.01584699963387781,0.02328343514873089,0.008201581027667984,0.005444337697348528,0.010958824357987439,
51,770,0.15465712581991653,0.13410192536180113,0.17521232627803193,0.02324494802009111,0.01693141786313183,0.02955847817705039,0.005957247985048476,0.0025524823811778887,0.009362013588919062,
51,775,0.11308316430020283,0.08216810769883556,0.1439982209015701,0.02140368342458935,0.008643343602012249,0.03416402324716645,0.011946241911398706,0.0020494618836450797,0.021843021939152333,
51,790,0.13120728929384967,0.10240234732015864,0.16001223126754072,0.0149118843199277,0.005017905123713737,0.02480586351614166,0.01852688657930411,0.007261449604516581,0.029792323554091643,
51,800,0.12906815020862308,0.11142614276097738,0.14671015765626877,0.01855726872246696,0.01127163738914792,0.025842900055786,0.006607929515418502,0.00260022238685824,0.010615636643978764,
51,810,0.13947249519936744,0.13008522563370176,0.14885976476503313,0.012743481541514126,0.009263140059978935,0.016223823023049318,0.0059246010675460415,0.004221364984283455,0.007627837150808628,
51,820,0.17691074291822556,0.13443195766405908,0.21938952817239205,0.016967126193001062,0.002562610632287141,0.031371641753714985,0,0,0.004467180314799605,
51,830,0.15949895615866388,0.1064535105566431,0.21254440176068468,0.004713114754098361,0,0.013656802221278316,0.009221311475409836,0,0.02335815061631518,
51,840,0.1455113890129522,0.10696666374073643,0.184056114285168,0.030762371823450735,0.012544945880623718,0.048979797766277755,0.008916629514043692,0,0.018122581576053877,
53,000,0.13260174063931893,0.13046411906612482,0.13473936221251304,0.034533627365092794,0.03338003991662387,0.03568721481356172,0.011907279299962742,0.011274598010326323,0.01253996058959916,
53,001,0.09576338928856915,0.06036840321330233,0.13115837536383596,0.1134020618556701,0.07122416024040316,0.15557996347093705,0.025376685170499604,0.005583900014903293,0.04516947032609592,
53,003,0.10333863275039745,0.07179136795955078,0.13488589754124414,0.017894736842105262,0.008553215266463783,0.02723625841774674,0.007894736842105263,2.0947899787566483e-4,0.015579994686334862,
53,005,0.092101740294511375,0.08042561383185902,0.10377786675716373,0.030260892597007018,0.024464689935885277,0.03605709525812876,0.012316249503377036,0.008575560678562796,0.016056938328191276,
53,007,0.10320873304664241,0.08573852185664758,0.12067894423663723,0.031398980766069375,0.020804140184721445,0.041993821347417304,0.00838402104224889,0.003701896733357417,0.013066145351140365,
53,009,0.12323262390236642,0.10380077750361417,0.14266447030111867,0.0183123351889833,0.01279453777794181,0.02383013260002479,0.011719894520949311,0.0037626612139768575,0.019677127827921765,
53,011,0.12014511310285958,0.11237312031456581,0.12791710589115335,0.03192756730998332,0.027695997157481958,0.03615913746248468,0.011966219257141345,0.009998383047689925,0.013934055466592765,
53,013,0.09994416527079844,0.04653363799823029,0.1533546925433666,0.016066481994459834,0,0.039644516041946964,0.013296398891966758,0,0.029967435856244715,
53,015,0.12659114796216278,0.11180273366896118,0.14137956225536438,0.034171203521371485,0.025831109009241557,0.04251129803350141,0.014595158114212903,0.008287035267889032,0.020903280960536775,
53,017,0.09164507772020726,0.06820674690705483,0.11508340853335969,0.04006462035541195,0.028093562854846755,0.05203567785597715,0.0077544426494345715,7.733698859227027e-4,0.01473551541294644,
53,019,0.098,0.06521373898090708,0.1307862610190929,0.022479338842975205,0.009277716957078788,0.03568096072887162,0.04132231404958678,0.020169415817404363,0.062475212281769194,
53,021,0.09985734664764621,0.07952561466171451,0.12018907863357792,0.07425044091710759,0.05625353550602587,0.0922473463281893,0.007054673721340388,0.002637996623940188,0.011471350818740587,
53,023,0.095,0.020871639698453306,0.1691283603015467,0.04356435643564356,0,0.08897233305004656,0,0,0.02168838157589242,
53,025,0.09367505995203837,0.07502207044432148,0.11232804945975526,0.06312193672954107,0.04918187390768682,0.07706199955139531,0.012327342937769197,0.004536903540723542,0.020117782334814854,
53,027,0.10827916524119056,0.0919884809799543,0.12456984950242683,0.03165199729180772,0.021351101079380805,0.04195289350423463,0.00964793500338524,0.005452078322396388,0.013843791684374092,
53,029,0.14440022740193292,0.12807379633282634,0.1607266584710395,0.01887323943661972,0.012052952508583343,0.025693526364656098,0.012535211267605633,0.004573515761012737,0.020496906774198527,
53,031,0.13025344882900225,0.10521112810716257,0.15529576955084193,0.013871374527112233,0.008054106148750479,0.019688642905473987,0.01544766708701135,0.006246510516315154,0.024648823657707545,
53,033,0.14184217343614788,0.13801989523259853,0.14566445163969724,0.037996442096761875,0.035961950786539354,0.040030933406984395,0.013538585788031913,0.01225420932896508,0.014822962247098746,
53,035,0.1221588207322872,0.11237470181743073,0.13194293964714368,0.022870885598415543,0.018804736336988058,0.02693703485984303,0.007026313307554466,0.005166014833027438,0.008886611782081492,
53,037,0.18048268625393493,0.1532142863541949,0.20775108615367496,0.02025974025974026,0.01017089103267961,0.030348589486800907,0.018441558441558443,0.0075600618918109305,0.029323054991305955,
53,039,0.10855643044619423,0.07657635236616213,0.14053650852622634,0.02234927234927235,0.008920821756238416,0.035777722942306286,0.016112266112266113,0.0033182018316269477,0.02890633039290528,
53,041,0.11418519110826802,0.09695336241025859,0.13141701980627746,0.030466518565534752,0.021851320115027915,0.03908171701604159,0.009838146620120596,0.004365154224601711,0.01531113901563948,
53,043,0.07654541397009595,0.05289403461769075,0.10019679332250116,0.023178807947019868,0.00804024329301235,0.03831737260102738,0.017439293598233995,0.004874882546318304,0.030003704650149687,
53,045,0.12433392539964476,0.1031030205726702,0.1455648302266193,0.04335033346410357,0.030019161465667174,0.05668150546253997,0.009023146331894862,0.002106908875638809,0.015939383788150914,
53,047,0.11348148148148147,0.0918544270927439,0.13510853587021907,0.03851808291678918,0.026721937549920693,0.05031422828365767,0.016406939135548367,0.007783675329472188,0.025030202941624544,
53,049,0.10618216139688533,0.0794356894703318,0.13292863332343885,0.03086997193638915,0.015853265562882256,0.04588667830989604,0.01777362020579981,0.007594266673320513,0.02795297373827911,
53,051,0.09087688219663419,0.06535737865497925,0.11639638573828913,0.04010462074978204,0.018902734002325013,0.06130650749723907,0.025283347863993024,0.010438359955473767,0.04012833577251228,
53,053,0.13608025056139936,0.13010376783136146,0.14205673329143725,0.03190602279210615,0.028876354475191275,0.034935691109021026,0.00945038547624969,0.007877954663638543,0.011022816288860836,
53,055,0.16214622641509435,0.14290431046596028,0.18138814236422843,0.033506643558636626,0.025850528128693782,0.04116275898857947,0.02830733679953784,0.02034998170647176,0.03626469189260392,
53,057,0.12776119402985076,0.11519699020286561,0.1403253978568359,0.04515494343334973,0.03606633840935596,0.05424354845734349,0.010427939006394491,0.0059842667757962105,0.014871611236992772,
53,059,0.12378947368421053,0.08676280172724593,0.16081614564117513,0.034303534303534305,0.016355937744349177,0.05225113086271943,0.017671517671517672,0.00681084679727322,0.028532188545762123,
53,061,0.1313665460617868,0.1246798028712896,0.138053289252284,0.03432527751141738,0.030657051382888868,0.03799350363994589,0.007589916949731021,0.006310710593965993,0.008869123305496048,
53,063,0.12776372106221476,0.12015830067872295,0.13536914144570658,0.02091090036295516,0.017502969714389208,0.02431883101152111,0.014026460601803067,0.01078876252329564,0.017264158680310494,
53,065,0.10363686081487558,0.08454380921473581,0.12272991241501535,0.035733622089875475,0.025611137852728637,0.04585610632702231,0.026529507309149974,0.016938203169466932,0.036120811448833015,
53,067,0.1428197179408811,0.13195544628845898,0.15368398959330323,0.021003500583430573,0.01658597324410865,0.025421027922752495,0.01097713816500281,0.0076573334920235474,0.014296942837982071,
53,069,0.17829457364341086,0.11193924533531174,0.24464990195150998,0.019948849104859334,0,0.04653972753959726,0.03836317135549872,0.0015488415866361654,0.07517750112436128,
53,071,0.12893289328932894,0.1042653265010609,0.15360046007759698,0.023063533507397736,0.014212948718946692,0.03191411829584878,0.01784160139251523,0.010356454806612882,0.02532674797841758,
53,073,0.16345514950166112,0.148588626261103,0.17832167274221924,0.03751233958538993,0.02901868878520332,0.04600599038557654,0.01420423384885379,0.009185869430100843,0.019222598267606736,
53,075,0.24783612233121755,0.21444237070399158,0.2812298739584435,0.013915947676036738,0.007381808657753956,0.02045008669431952,0.008349568605622042,0.0036981850537907562,0.013000952157453328,
53,077,0.12588610586011342,0.11255246485521997,0.13921974686500688,0.0766713417484806,0.06758820407279872,0.08575447942416248,0.010635811126694717,0.006476377961973913,0.014795244291415523,
54,000,0.09744540585084466,0.09397981201121708,0.10091099969047224,0.012422490363666834,0.011036662328218809,0.01380831839911486,0.007478632478632479,0.0065768776133625275,0.00838038734390243,
54,001,0.09755671902268762,0.05207051503905522,0.14304292300632002,0.0017271157167530224,0,0.009759994970226678,0.004317789291882556,0,0.012079309190210316,
54,003,0.09785425520887323,0.08221509572925825,0.1134934146884882,0.019266433134143827,0.011221664577824838,0.02731120169046282,0.00164846486709252,3.089897215316738e-4,0.0029879400126533663,
54,005,0.08859315589353613,0.05982230563488472,0.11736400615218753,0.003003754693366708,0,0.009153112226718283,0.009386733416770964,1.8940357984329088e-4,0.018584063253698636,
54,007,0.06740823136818687,0.031416264062735434,0.10340019867363831,0.005038335158817087,0,0.01438941793192381,0.01095290251916758,4.4012605322359295e-4,0.021465678985111564,
54,009,0.04376321353065539,0.025168320427615316,0.06235810663369547,0.008754559666492965,0,0.017747968328078526,0.020323084940072955,0.00541328785670301,0.0352328820234429,
54,011,0.1511211357303967,0.13027829502614977,0.17196397643464365,0.012096255308197143,0.0042401481681849824,0.019952362448209304,0.003603139879037447,0.0015736342250414264,0.0056326455330334676,
54,013,0.03282275711159737,4.768570378274606e-6,0.06564074565281647,0.012422360248447204,0,0.036649714902849864,0.014078674948240166,0,0.0325788639537736,
54,015,0.10215053763440861,0.04226875243318953,0.16203232283562768,0.027923211169284468,0,0.06534005969812413,0.02268760907504363,1.9193309232670708e-4,0.04518328505776055,
54,017,0.0299017513882956,0,0.0629261703861445,0.023454157782515993,0,0.057421104501733544,0.0017057569296375266,0,0.01329093697602772,
54,019,0.10428937259923175,0.08197081451290658,0.12660793068555692,0.010037641154328732,0.0032523086615234217,0.016822973647134042,0.01191969887076537,0.005157806400868409,0.018681591340662333,
54,021,0.044976076555023926,0.007410619973190459,0.08254153313685739,0.003755868544600939,0,0.020089890307650394,0.02112676056338028,0,0.04860828675310977,
54,023,0.07057387057387057,0.03690292540520845,0.10424481574253269,0.006009615384615385,0,0.019511989755280377,0,0,0.00810105968626159,
54,025,0.09619811649808162,0.07234809194356673,0.12004814105259651,0.007062818336162988,0.0013803560554305943,0.012745280616895383,0.0050933786078098476,4.337056701143307e-4,0.009753051545505365,
54,027,0.07537688442211055,0.045925127331604004,0.10482864151261709,0.016119032858028518,0.004274908442961165,0.02796315727309587,0.018598884066955982,0.0064384491609364575,0.030759318972975506,
54,029,0.08107059736229635,0.05371655160294635,0.10842464312164636,0.006931074316519061,0,0.014123885179764605,0.012321909896033885,0.005937192582599812,0.018706627209467957,
54,031,0.08470136220747468,0.04932737099671991,0.12007535341822945,0.013763066202090592,0,0.030349680255473296,0.010452961672473868,0,0.02104152494733441,
54,033,0.07489728037566035,0.06052789554978284,0.08926666520153785,0.02298184627269216,0.013329749181690477,0.032633943363693844,0.00869061413673233,0.0037047271128546593,0.01367650116061,
54,035,0.0843978102189781,0.05081873610005269,0.11797688433790351,0.02197309417040359,0.007126406056833408,0.03681978228397377,0.0026905829596412557,0,0.007858873534765902,
54,037,0.09838293883290368,0.0821035773235673,0.11466230034224006,0.017233348858872847,0.01052906634815757,0.023937631369588125,3.726129482999534e-4,0,0.0023141516533560307,
54,039,0.10414661480651329,0.09239711677895288,0.1158961128340737,0.01145631067961165,0.0071629815906591645,0.01574963976856414,0.00627831715210356,0.003208526157960986,0.009348108146246134,
54,041,0.09495548961424333,0.06403415162721411,0.12587682760127256,0.014473684210526316,0.0036093359621541983,0.025338032458898433,0.010964912280701754,0.0025448437133355813,0.019384980848067924,
54,043,0.07560815253122946,0.04561224676141881,0.10560405830104011,0.010160771704180064,0,0.02204311493374199,0.01157556270096463,0,0.02421640042139046,
54,045,0.08812709030100334,0.05923269240260996,0.11702148819939671,0.01204040404040404,0.0035630282936872596,0.02051777978712082,0.014141414141414142,0.0047231661625173945,0.02355966212031089,
54,047,0.10928512736236648,0.06682440770965767,0.1517458470150753,0.008403361344537815,0,0.018578281946118165,0.0038197097020626434,0,0.00909574596403152,
54,049,0.09335672001754002,0.07585405944723056,0.11085938058784947,0.014944769330734242,0.009775301347863577,0.020114237313604906,0.008663634394628547,0.0026929709048202086,0.014634297884436886,
54,051,0.09332206255283178,0.06823894078014871,0.11840518432551485,0.004479469099958523,0,0.010818255158399766,0.01493156366652841,1.2449923576196738e-4,0.029738628097294856,
54,053,0.04936386768447837,0.03027782758873021,0.06844990778022653,0.009387351778656126,4.790828182451648e-4,0.018295620739067087,0.006422924901185771,0,0.013269532490980503,
54,055,0.07906783187682064,0.062097426487283586,0.09603823726635768,0.019820187985288108,0.008421293123020921,0.031219082847555292,0.0036779730281977932,8.026326466969306e-4,0.006553313409698656,
54,057,0.07284069097888676,0.04549277623215453,0.100188605725619,0.007122507122507123,0,0.016705386177117202,0,0,0.0038405023697832734,
54,059,0.1096476025418833,0.07399802070498622,0.14529718437878036,0.014843320505772403,0.0044130181409930865,0.02527362287055172,0.016492578339747113,6.64836877440754e-4,0.03232031980205347,
54,061,0.1626651349798966,0.1442717629325789,0.1810585070272143,0.010971609546431399,0.00554440376380424,0.016398815329058555,0.004637484447460694,0.0016407621041261344,0.007634206790795254,
54,063,0.051762114537444934,0.021405524064574653,0.08211870501031521,0.003046789989118607,0,0.011542669538914889,0.004352557127312296,0,0.010624253223959441,
54,065,0.07093006694203105,0.04496733728827094,0.09689279659579117,0.027639971651311126,0.004447118591362875,0.050832824711259376,0.009922041105598866,7.066203410563774e-4,0.019137461870141356,
54,067,0.08633474576271187,0.0545200660617647,0.11814942546365903,0.004665629860031105,0,0.010905137478031304,0.004665629860031105,0,0.009938804298534061,
54,069,0.11278631487387648,0.08967396954366805,0.13589866020408492,0.005433228481555619,5.581869325325802e-4,0.010308270030578659,0.007720903631684301,0.0026287649905947516,0.012813042272773849,
54,071,0.07510729613733906,0.03435468619837749,0.11585990607630063,0.008050847457627118,0,0.026850536842984836,0.00423728813559322,0,0.01574570398802847,
54,073,0.036450662739322535,0.00541273404749314,0.06748859143115193,0.021937842778793418,0,0.04733245406616893,0.003656307129798903,0,0.015056601576069223,
54,075,0.09430727023319616,0.04715345951238408,0.14146108095400822,0.0047457627118644066,0,0.017815956688484968,0.03220338983050847,0.0015953252639835415,0.06281145439703341,
54,077,0.08076769292283087,0.05958292364311237,0.10195246220254936,0.01702970297029703,0.006129333713858922,0.027930072226735138,0.006336633663366337,0.001733154182197244,0.01094011314453543,
54,079,0.07853285328532854,0.0611892194364233,0.09587648713423377,0.011607142857142858,0.0048011885228802665,0.01841309719140545,0.009151785714285715,6.016539644052542e-5,0.018243406032130906,
54,081,0.14280786478095894,0.11637088419741673,0.16924484536450116,0.012246980779044054,0.004390171244329336,0.020103790313758772,0.006123490389522027,0.001165037913985441,0.011081942865058612,
54,083,0.09420432220039293,0.06981576909760065,0.11859287530318521,0.006563706563706564,0,0.013640818116090744,9.652509652509653e-4,0,0.004282417918102073,
54,085,0.06685323383084577,0.03269019676051826,0.10101627090117327,0.013210445468509985,0,0.028043670996086997,0.02304147465437788,0.004197895680154915,0.041885053628600843,
54,087,0.09267840593141798,0.06039870027540556,0.12495811158743039,0.0062271062271062275,0,0.015003936397143912,0.01098901098901099,0,0.02203591814992348,
54,089,0.06287487073422958,0.030432308958253884,0.09531743251020527,0.02965235173824131,0.008176033957749386,0.05112866951873323,0.03578732106339468,0.011001298623464512,0.060573343503324856,
54,091,0.07089947089947089,0.04299353987733885,0.09880540192160293,0.007462686567164179,0,0.02134929334385679,0.005970149253731343,0,0.01637533260855077,
54,093,0.05555555555555555,0.026821172821518826,0.08428993828959228,0.015520282186948854,0.0016668867537445366,0.029373677620153173,0.006701940035273368,0,0.01364343275385978,
54,095,0.04470256951777543,0.01942628474043422,0.06997885429511665,0.0013559322033898306,0,0.014108654466257869,0.006440677966101695,0,0.012898837560475315,
54,097,0.10165157165689931,0.0654170756422422,0.13788606767155642,0.0057682223387519665,0,0.013806594878434681,0.0025170424750917673,0,0.0065029215731231774,
54,099,0.08470020675396278,0.06130243066437841,0.10809798284354716,0.012032085561497326,0.0045247982575550546,0.019539372865439598,0.008689839572192513,0.0011643894485080242,0.016215289695877003,
54,101,0.12190152801358234,0.07581489592641427,0.1679881601007504,0.009634551495016611,0,0.028656059943089625,0.026245847176079733,0.0021902388309925844,0.05030145552116688,
54,103,0.0676056338028169,0.04194538642582296,0.09326588117981083,0.019453924914675767,0.002881692826034156,0.03602615700331738,0.013651877133105802,0,0.027765386155567142,
54,105,0.06962616822429907,0.021052924740936153,0.11819941170766199,0.0069767441860465115,0,0.03173041954008286,0.027906976744186046,0.003382160731589038,0.05243179275678306,
54,107,0.07557142857142857,0.06309977671666969,0.08804308042618744,0.007596005064003376,0.004178935468615706,0.011013074659391046,0.007455338303558869,0.003012460165598814,0.011898216441518924,
54,109,0.09530112508272667,0.05998257753883992,0.13061967262661342,0.01488673139158576,0.0036140551252683718,0.02615940765790315,0.01488673139158576,0,0.037695513236718256,
55,000,0.10678234128596341,0.10502826448179889,0.10853641809012793,0.016114269693958745,0.015434719544437724,0.016793819843479767,0.00940840819793114,0.008800059767080105,0.010016756628782176,
55,001,0.11813186813186813,0.10195870084992198,0.13430503541381428,0.014168937329700272,0.008866260976409086,0.019471613682991457,0.009264305177111716,0.0036147722004464585,0.014913838153776974,
55,003,0.10154298310066127,0.07769890606253406,0.12538706013878848,0.026296566837107377,0.011943599989846414,0.04064953368436834,0.013878743608473338,0.0022158106657297148,0.02554167655121696,
55,005,0.09790575916230367,0.08340526353872614,0.11240625478588119,0.020526178692367805,0.011565549282501385,0.029486808102234224,0.005470174524615785,0.0030545089592834145,0.007885840089948156,
55,007,0.08609625668449197,0.07327828833451311,0.09891422503447084,0.02382528127068167,0.01626007057262867,0.03139049196873467,0.020516214427531435,0.012532844942805037,0.028499583912257834,
55,009,0.09132546842470507,0.08247124609516861,0.10017969075424153,0.021357532425867364,0.017316239682914555,0.025398825168820173,0.008982996470965673,0.004215170194705032,0.013750822747226313,
55,011,0.0926489000178859,0.0730887998945734,0.11220900014119839,0.006767586821015138,0.0017993641140208669,0.011735809528009409,0.0089047195013357075,0.0040724995129055325,0.013736939489765882,
55,013,0.09804772234273319,0.08375051899995725,0.11234492568550913,0.01917024320457797,0.01108849157710284,0.027251994832053098,0.006294706723891273,0.0016171699821243696,0.010972243465658177,
55,015,0.07791575359142927,0.06122157630646588,0.09460993087639266,0.010622887493964268,0.005790514910620935,0.015455260077307601,0.005794302269435055,0.0023955560024395204,0.00919304853643059,
55,017,0.09900611620795106,0.08275214191352404,0.11526009050237809,0.011016144349477683,0.007220454451816018,0.014811834247139348,0.006077872744539411,0.00281493744771789,0.009340808041360931,
55,019,0.08438247011952191,0.07411823369863463,0.09464670654040919,0.0391304347826087,0.03158323405023194,0.04667763551498546,0.032015810276679844,0.02442660927380933,0.03960501127955036,
55,021,0.08882822343553129,0.07545996012087891,0.10219648675018367,0.018903199002908183,0.010129611912736773,0.027676786093079594,0.022850020772746157,0.014812212565784298,0.030887828979708015,
55,023,0.08133230054221534,0.06334465914987786,0.09931994193455282,0.012223071046600458,0.006749336623941111,0.017696805469259804,0.0213903743315508,0.012507377727685802,0.0302733709354158,
55,025,0.12735849056603774,0.11980042543465703,0.13491655569741845,0.015220099667774087,0.012619396218835028,0.017820803116713146,0.006270764119601329,0.004470578816296899,0.008070949422905758,
55,027,0.0969293901231074,0.08406829175499655,0.10979048849121825,0.012213954794328232,0.00817055163378336,0.016257357954873104,0.011090832514390005,0.006271171774360159,0.01591049325441985,
55,029,0.11070381231671554,0.08994315301385528,0.1314644716195758,0.007080924855491329,0.0026621458316178574,0.011499703879364801,0.008309248554913294,0.0016161630114543638,0.015002334098372224,
55,031,0.10005324813631523,0.08407261040939093,0.11603388586323954,0.011895321173671689,0.0053043032072465305,0.018486339140096848,0.012424002114723763,0.0046708764966421,0.020177127732805427,
55,033,0.1118386436714411,0.09471469617876103,0.12896259116412118,0.013329469718922052,0.009332047747033452,0.017326891690810652,0.010141987829614604,0.005559334603447755,0.014724641055781452,
55,035,0.08986366330764671,0.07620061385294663,0.10352671276234679,0.016360640301318268,0.010937088289858815,0.02178419231277772,0.012947269303201506,0.0052736472677401,0.020620891338662913,
55,037,0.10762548262548262,0.04964924534499578,0.16560171990596945,0.011538461538461539,0,0.024140349194881255,0.011538461538461539,0.004883526206351003,0.018193396870572073,
55,039,0.07083531086853347,0.061232252089205214,0.08043836964786172,0.013098890724569271,0.008607130740456208,0.017590650708682334,0.006726457399103139,0.004323359598765834,0.009129555199440444,
55,041,0.09455040871934604,0.07132417177161035,0.11777664566708174,0.017181208053691274,0.006724193588778633,0.027638222518603914,0.0037583892617449664,0,0.009203111320728262,
55,043,0.09195696721311475,0.07572450966897877,0.10818942475725073,0.017367228794361943,0.011333742038710959,0.023400715550012927,0.012584948401711553,0.008663956682597302,0.016505940120825804,
55,045,0.07780661907852045,0.06242100378038526,0.09319223437665564,0.01827508816928503,0.011485424896571617,0.02506475144199844,0.012504007694773967,0.005227744964982716,0.01978027042456522,
55,047,0.08641819330385345,0.06856363664516515,0.10427274996254174,0.016697819314641746,0.008533430032766097,0.024862208596517395,0.019937694704049845,0.012380914505327462,0.02749447490277223,
55,049,0.08441896821261073,0.06746996554910434,0.10136797087611712,0.006533945890760592,0.0021625461437407576,0.010905345637780426,0.005104645227156712,0.0014776562332155145,0.00873163422109791,
55,051,0.09140518417462483,0.06730261523668706,0.1155077531125626,0.006122448979591836,0,0.015562635165907425,0.006462585034013605,0,0.013358681463055766,
55,053,0.11737207833228049,0.0954629896863956,0.13928116697816537,0.02127659574468085,0.014299500958456291,0.028253690530905408,0.014392991239048811,0.009498084148521244,0.019287898329576378,
55,055,0.08455718736092568,0.06917497013799065,0.09993940458386072,0.013636363636363636,0.008329194951418508,0.018943532321308763,0.006744868035190616,0.0033544243474541166,0.010135311722927115,
55,057,0.0960989533777355,0.07913370808702835,0.11306419866844264,0.013584905660377358,0.008351585746803461,0.018818225573951256,0.0047169811320754715,0.0018036609296063883,0.007630301334544554,
55,059,0.1306282525077306,0.11723296919790334,0.14402353581755786,0.020912975039352372,0.015320973449494632,0.026504976629210114,0.00854508657521925,0.004800920984955274,0.012289252165483225,
55,061,0.06312576312576312,0.046980272909869156,0.07927125334165709,0.005215281989084293,7.327583449602834e-4,0.009697805633208302,0.009702850212249849,0.001841844027157943,0.017563856397341752,
55,063,0.12110239388453027,0.10491483931747397,0.13728994845158657,0.009665205261060184,0.005519866230371024,0.013810544291749343,0.010661618174571542,0.004124112888704765,0.01719912346043832,
55,065,0.08525345622119816,0.07078079784437127,0.09972611459802505,0.015037593984962405,0.008115998279517426,0.021959189690407385,0.009774436090225564,0.004006594677536111,0.015542277502915017,
55,067,0.07712733856366928,0.05129847356859765,0.10295620355874091,0.012196566015393723,0.0029510714507799355,0.021442060580007513,0.0076968620485494375,0,0.016261840656340995,
55,069,0.07623392783077561,0.060328082638656785,0.09213977302289443,0.00899795501022495,0.004827275745815524,0.013168634274634376,0.013905930470347648,0.004808111292214199,0.0230037496484811,
55,071,0.07571801566579635,0.06414595982867181,0.08729007150292088,0.010040160642570281,0.00487433415153906,0.015205987133601502,0.01104417670682731,0.006387851232052126,0.015700502181602495,
55,073,0.0779983972932063,0.06838361307908382,0.08761318150732879,0.014871204744622467,0.011113668936164408,0.018628740553080527,0.007435602372311233,0.004400999542414072,0.010470205202208396,
55,075,0.0731094731094731,0.05830625310981742,0.08791269310912879,0.011793214862681745,0.00561065755976151,0.01797577216560198,0.004846526655896607,0.002350428382978838,0.007342624928814377,
55,077,0.08457564575645757,0.06999379098279221,0.09915750053012293,0.015080527086383601,0.00917425200918663,0.02098680216358057,0.013909224011713031,0.004807996243757436,0.023010451779668626,
55,078,0.053696498054474705,0.013404188091943062,0.09398880801700635,0.14942528735632185,0.07344195270010895,0.22540862201253475,0.01532567049808429,0,0.031219899363008813,
55,079,0.1635243214894454,0.1573923192793259,0.1696563236995649,0.024945728268828116,0.022306889117785996,0.027584567419870237,0.012665544836799445,0.010582770977197526,0.014748318696401364,
55,081,0.08802915615363051,0.07118292339852797,0.10487538890873305,0.02773763201778766,0.018162368892241702,0.037312895143333615,0.02501389660922735,0.018451261042939607,0.03157653217551509,
55,083,0.06827309236947791,0.05574100091216855,0.08080518382678728,0.016217870257037945,0.010471589735437,0.02196415077863889,0.0033659730722154224,0.001098083333366052,0.005633862811064793,
55,085,0.09157959434542103,0.0769208771072863,0.10623831158355575,0.005482790130977765,0.00277264725066782,0.00819293301128771,0.0039597928723728295,0.0011286017969774653,0.006790983947768194,
55,087,0.06653543307086614,0.060116245100818276,0.072954621040914,0.015721834431469763,0.011891027185587814,0.019552641677351712,0.005218866201317764,0.0028725887182923684,0.007565143684343158,
55,089,0.09539782637863947,0.08213531975385106,0.10866033300342788,0.00720384204909285,0.0036016792210895156,0.010806004877096185,0.004135538954108858,7.565392620618814e-4,0.007514538646155835,
55,091,0.06164383561643835,0.04156882819673714,0.08171884303613956,0.01103896103896104,0.0019152744596159857,0.020162647618306093,0.00974025974025974,0.002009044261984964,0.017471475218534517,
55,093,0.09787503964478275,0.07857503926321571,0.11717504002634979,0.01065909807631662,0.0043440617743910745,0.016974134378242165,0.003784295175023652,0.0013202875434141538,0.00624830280663315,
55,095,0.09246258503401361,0.08153910252760059,0.10338606754042663,0.015646074993256,0.010841240493586873,0.020450909492925128,0.004801726463447531,0.0024735904071450984,0.007129862519749964,
55,097,0.08629267455824327,0.0731220973256048,0.09946325179088174,0.013135448652337086,0.007670479034300758,0.018600418270373415,0.006141248720573183,0.0025615967369232015,0.009720900704223163,
55,099,0.09650455927051672,0.07592140458032864,0.1170877139607048,0.02262443438914027,0.013668025498102065,0.031580843280178475,0.02262443438914027,0.01388151790323284,0.0313673508750477,
55,101,0.11559363212070839,0.10397765312791206,0.1272096111135047,0.014285714285714285,0.010945148031279727,0.017626280540148843,0.006826801517067004,0.0037246796675343414,0.009928923366599667,
55,103,0.08981026001405482,0.06882624683744473,0.1107942731906649,0.019457956914523976,0.012199500275210648,0.026716413553837304,0.03266157053509382,0.021428735051114832,0.0438944060190728,
55,105,0.09520194351655026,0.08345050683184035,0.10695338020126016,0.013771824202287779,0.01020599034759,0.017337658056985557,0.008353401565322095,0.004349573610860921,0.01235722951978327,
55,107,0.10325203252032521,0.08272668050783345,0.12377738453281696,0.019224555735056544,0.011763883728036217,0.02668522774207687,0.014539579967689823,0.00870292448598151,0.020376235449398136,
55,109,0.08273834523309534,0.06898412031155288,0.0964925701546378,0.007360088876544924,0.004310823558547698,0.01040935419454215,0.00180530481877517,3.071716686892437e-4,0.0033034379688610966,
55,111,0.09571139333701455,0.08128710226745335,0.11013568440657574,0.016474464579901153,0.010758358451834584,0.02219057070796772,0.018121911037891267,0.010400075586149886,0.025843746489632648,
55,113,0.09511440940012368,0.07731914102859672,0.11290967777165065,0.021193666260657735,0.008209800491349412,0.034177532029966054,0.014616321559074299,0.007106536161658995,0.022126106956489602,
55,115,0.07536319612590799,0.06191411986438639,0.08881227238742957,0.016811768237766436,0.012059623929154804,0.02156391254637807,0.003302311618132693,0.0016353062487574237,0.004969316987507962,
55,117,0.07474332648870637,0.06467828487178,0.08480836810563273,0.018150300805547057,0.011910833499204944,0.02438976811188917,0.008667278474558988,0.004109336226606472,0.013225220722511505,
55,119,0.09144350097975179,0.07211796085654149,0.1107690411029621,0.018697614442295292,0.01200531101410451,0.025389917870486074,0.018697614442295292,0.012878895524839704,0.02451633335975088,
55,121,0.07848718991459944,0.06582004045369955,0.09115433937549933,0.0137429264349232,0.007181109809709317,0.020304743060137083,0.014147130153597413,0.00917770802964837,0.019116552277546457,
55,123,0.09021097046413502,0.07466109078039204,0.105760850147878,0.023269391159299418,0.01780923102221563,0.028729551296383205,0.05129274395329441,0.041478872082642636,0.061106615823946185,
55,125,0.0981042654028436,0.0799597241128356,0.1162488066928516,0.009859154929577466,0.004343853599557326,0.015374456259597605,0.006572769953051643,0.002928194093410313,0.010217345812692973,
55,127,0.11181970750419563,0.09822118598461503,0.12541822902377625,0.017662399241346608,0.012233103751624848,0.02309169473106837,0.007705073494547179,0.004034912359707614,0.011375234629386744,
55,129,0.07755960729312764,0.06430793365343164,0.09081128093282363,0.014206896551724139,0.007935594745321387,0.020478198358126892,0.011724137931034483,0.005627140333848274,0.01782113552822069,
55,131,0.06878306878306878,0.05879409747934066,0.07877204008679689,0.005152807391613362,0.0027755470153051996,0.007530067767921525,0.0039090262970859985,0.001488581262894402,0.006329471331277595,
55,133,0.09979997575463692,0.09235588303965576,0.10724406846961808,0.009593628382659064,0.007123099918761451,0.012064156846556677,0.00603372854255287,0.0042948912673402015,0.007772565817765539,
55,135,0.09230421004979629,0.07801773309779089,0.10659068700180169,0.009841198836949228,0.005888531614006323,0.013793866059892131,0.008051889957503914,0.003811322187579594,0.012292457727428235,
55,137,0.10957128614157527,0.09231232379902882,0.12683024848412172,0.01624015748031496,0.01056729935967254,0.02191301560095738,0.008858267716535433,0.003721897077589233,0.013994638355481634,
55,139,0.08681898066783832,0.07773126816259797,0.09590669317307866,0.012579053443602752,0.008975304492703302,0.0161828023945022,0.006810758218083258,0.004090500670929835,0.009531015765236682,
55,141,0.08358397973721704,0.07026688101027036,0.09690107846416372,0.013642778736082798,0.008735970072870504,0.018549587399295093,0.015681354869060686,0.009399306362329145,0.021963403375792227,
56,000,0.1009992015020394,0.09475175244708738,0.10724665055699144,0.018107663727018428,0.015436390715556622,0.020778936738480233,0.009438192650167624,0.007468181847901873,0.011408203452433376,
56,001,0.1949705060540205,0.1611028102673985,0.2288382018406425,0.005463474524248005,0,0.011669322679755227,0.009821976672805401,0.003772844156283494,0.01587110918932731,
56,003,0.07866507747318235,0.05425809275099354,0.10307206219537117,0.022300469483568074,0.0089571693681489,0.03564376959898725,0.004694835680751174,0,0.010429401064058923,
56,005,0.08718687014108839,0.06351251565523067,0.11086122462694611,0.009423186750428327,0.0017565563987465291,0.017089817102110126,0.008566533409480296,0,0.01825055663524114,
56,007,0.07463456577815993,0.04719414488497245,0.1020749866713474,0.01454234388366125,0.0035225859082571014,0.0255621018590654,0.018819503849443968,0,0.03985614092315265,
56,009,0.05828166519043401,0.027661700857349703,0.08890162952351832,0.015915119363395226,3.4939080374470945e-4,0.03148084792304574,0.007957559681697613,0,0.019491576973426496,
56,011,0.13608172199927035,0.08358518555208677,0.18857825844645393,0.014156079854809437,0,0.028577392774321766,0.008711433756805808,0,0.021666561558089797,
56,013,0.08631651693158258,0.07075908958182414,0.10187394428134103,0.034895655148819704,0.024731510755292903,0.045059799542346506,0.016421484775915155,0.00962693968727887,0.02321602986455144,
56,015,0.08630952380952381,0.0471383474062019,0.12548070021284571,0.008678500986193294,0,0.017956832071442594,0.010650887573964497,5.111677207526727e-4,0.02079060742717632,
56,017,0.0746987951807229,0.025855039193601992,0.1235425511678438,0.003800475059382423,0,0.014815142688019624,0.007125890736342043,0,0.019224304760241846,
56,019,0.09771197846567968,0.0519533621835417,0.14347059474781765,0.018891687657430732,0,0.040444817622673324,0.00982367758186398,0,0.02182828790957821,
56,021,0.11083019326607511,0.09472251213370791,0.1269378743984423,0.008936118826228715,0.004853474774372967,0.013018762878084464,0.01098901098901099,0.0070946837583763835,0.014883338219645596,
56,023,0.05138705416116248,0.03061161363578393,0.07216249468654104,0.04783748361730013,0.02203540138610232,0.07363956584849793,0.003800786369593709,0,0.008761502216166126,
56,025,0.09090909090909091,0.07402396419241745,0.10779421762576437,0.01459188326493388,0.008532287723189407,0.020651478806678353,0.009727922176622586,0.0039310719555088365,0.015524772397736336,
56,027,0.16791744840525327,0.07195324285330154,0.263881653957205,0,0,0.028952077947902166,0.007476635514018692,0.001030964772432869,0.013922306255604516,
56,029,0.08916218293620293,0.06575690275837315,0.1125674631140327,0.010344827586206896,0.0015127288755485968,0.019176926296865196,0.008045977011494253,0.0014656732929017062,0.014626280730086798,
56,031,0.09921671018276762,0.04770317464191805,0.1507302457236172,0.003626943005181347,0,0.014014337036812966,0.009067357512953367,0,0.025460274265817068,
56,033,0.13643410852713178,0.10079853043578986,0.17206968661847372,0.017986988136241867,0.004645310793226996,0.03132866547925674,0.014925373134328358,0,0.02998000209275168,
56,035,0.07153284671532846,0.028457624089805046,0.11460806934085188,0.02158273381294964,2.9473916825177235e-4,0.042870728457647514,0,0,0.008728163299385151,
56,037,0.08771384136858476,0.06621959745132744,0.10920808528584208,0.023262932353841446,0.012799565545483881,0.03372629916219901,0.005509641873278237,0,0.011274673018196566,
56,039,0.12415232133541992,0.08666698891776622,0.16163765375307362,0.05961638154484189,0.03073151622731343,0.08850124686237035,0.008812856402280975,0,0.019952097965522178,
56,041,0.05557029177718833,0.029223929985068342,0.08191665356930831,0.03691496374423204,0.018047425909093865,0.05578250157937022,0.0032959789057350032,0,0.01009129029065679,
56,043,0.0695266272189349,0.03565847921653016,0.10339477522133965,0.021669106881405564,0.001905126901340714,0.04143308686147042,0,0,0.0088815131670171,
56,045,0.08209255533199195,0.039012803106375914,0.12517230755760797,0.02462121212121212,0,0.04937518645497528,0.00946969696969697,0,0.020096170405840615,
