statecode,countycode,v137_flag_CT,v137_numerator,v137_denominator,v137_rawvalue,v137_cilow,v137_cihigh
00,000,,,109447738,0.363,0.36061702127659573,0.36538297872340425
01,000,,,1796123,0.35800000000000004,0.3525399098102654,0.3634600901897347
01,001,,,22790,0.41700000000000004,0.37012129054967086,0.4638787094503292
01,003,,,89348,0.395,0.367337937918738,0.42266206208126206
01,005,,,7049,0.397,0.3296940325463897,0.46430596745361036
01,007,,,6740,0.539,0.4581716941324076,0.6198283058675924
01,009,,,21514,0.628,0.5763657393156959,0.6796342606843041
01,011,,,2676,0.42,0.2994533050694915,0.5405466949305084
01,013,,,6030,0.373,0.3117569831957278,0.4342430168042722
01,015,,,41650,0.327,0.2984290887972859,0.3555709112027141
01,017,,,11967,0.33899999999999997,0.2873657393156959,0.390634260684304
01,019,,,8438,0.48200000000000004,0.42191537580809485,0.5420846241919053
01,021,,,15421,0.496,0.4411009074147691,0.550899092585231
01,023,,,3648,0.5309999999999999,0.4400869412775849,0.6219130587224149
01,025,,,7269,0.37200000000000005,0.3042525393492382,0.4397474606507619
01,027,,,4074,0.429,0.3343159455478558,0.5236840544521442
01,029,,,5129,0.586,0.49421664258179043,0.6777833574182095
01,031,,,19352,0.30200000000000005,0.27308336078414264,0.33091663921585746
01,033,,,20703,0.251,0.21575526937727887,0.2862447306227211
01,035,,,2778,0.413,0.3200027478416238,0.5059972521583761
01,037,,,3128,0.425,0.33121987129668307,0.5187801287033169
01,039,,,12465,0.29700000000000004,0.25755468340400756,0.3364453165959925
01,041,,,4233,0.503,0.42117668562129307,0.5848233143787069
01,043,,,33098,0.36200000000000004,0.327160394682385,0.3968396053176151
01,045,,,15731,0.317,0.27714294441336373,0.3568570555866363
01,047,,,11029,0.314,0.2660879030331296,0.3619120969668704
01,049,,,24731,0.3,0.2646748018510246,0.3353251981489754
01,051,,,34121,0.5,0.461464942501592,0.538535057498408
01,053,,,10899,0.354,0.2950242854840156,0.41297571451598436
01,055,,,36942,0.316,0.2821524735389302,0.3498475264610698
01,057,,,5424,0.42400000000000004,0.3426552140793955,0.5053447859206046
01,059,,,11640,0.34600000000000003,0.2922111500377396,0.39978884996226044
01,061,,,9625,0.425,0.36813212122793393,0.48186787877206605
01,063,,,1941,0.46,0.33973627892205105,0.580263721077949
01,065,,,4475,0.49,0.38011134488349707,0.5998886551165029
01,067,,,6412,0.419,0.3482191134080313,0.48978088659196867
01,069,,,39963,0.25,0.23531033258866968,0.2646896674113303
01,071,,,17629,0.3940000000000001,0.3532622137937188,0.43473778620628134
01,073,,,237051,0.32,0.3068936170212766,0.3331063829787234
01,075,,,4171,0.39599999999999996,0.3281269259027181,0.46387307409728185
01,077,,,34948,0.32,0.28845364559519454,0.35154635440480547
01,079,,,12882,0.527,0.47129229746864565,0.5827077025313544
01,081,,,66504,0.26599999999999996,0.24543170459380004,0.2865682954061999
01,083,,,42141,0.426,0.39103836416754095,0.460961635832459
01,085,,,2719,0.602,0.49808054098933946,0.7059194590106606
01,087,,,5107,0.43700000000000006,0.35846105567064585,0.5155389443293542
01,089,,,152148,0.28,0.26414826504348077,0.2958517349565193
01,091,,,6007,0.379,0.30104162408804147,0.45695837591195854
01,093,,,9290,0.314,0.26173719646085813,0.36626280353914187
01,095,,,33618,0.35100000000000003,0.3241716385551034,0.3778283614448967
01,097,,,146233,0.357,0.3407939925853365,0.3732060074146635
01,099,,,5872,0.348,0.27866801315279444,0.4173319868472055
01,101,,,78167,0.23099999999999998,0.211973440687881,0.250026559312119
01,103,,,44163,0.38,0.3510588239624042,0.40894117603759583
01,105,,,1728,0.401,0.21674242053374018,0.5852575794662599
01,107,,,5817,0.599,0.5036361806799345,0.6943638193200654
01,109,,,12151,0.22,0.18064476188786513,0.2593552381121349
01,111,,,7139,0.436,0.36665777587155046,0.5053422241284495
01,113,,,18513,0.361,0.31350453787371463,0.40849546212628535
01,115,,,33675,0.5539999999999999,0.5114720074610984,0.5965279925389014
01,117,,,87736,0.52,0.496621290537457,0.543378709462543
01,119,,,3042,0.407,0.3102763055671715,0.5037236944328285
01,121,,,26656,0.37200000000000005,0.3341151347509473,0.4098848652490528
01,123,,,14301,0.35,0.3022660155342737,0.3977339844657263
01,125,,,87297,0.2859999999999999,0.2661696648783569,0.3058303351216429
01,127,,,21889,0.475,0.42840987112438467,0.5215901288756153
01,129,,,4838,0.533,0.43199008829096214,0.6340099117090379
01,131,,,2734,0.445,0.3336483227953123,0.5563516772046877
01,133,,,7524,0.44,0.3842795569990608,0.4957204430009392
02,000,,,229760,0.18100000000000002,0.17240804802442625,0.1895919519755738
02,013,,,601,0.015,0,0.10081205314738101
02,016,,,1628,0.004,0,0.029775855926721283
02,020,,,104338,0.147,0.1347328662149942,0.1592671337850058
02,050,,,1451,0.006999999999999999,0,0.045846938794317525
02,060,,,264,0.045,0,0.1654701218102706
02,063,,,2295,0.026000000000000002,1.4166112349362978e-4,0.05185833887650637
02,066,,,706,0.273,0.16490886262428314,0.38109113737571687
02,068,,,367,0.199,0.09820816893419834,0.29979183106580165
02,070,,,617,0.008,0,0.07604019795532571
02,090,,,34452,0.157,0.13229275072794996,0.18170724927205004
02,100,,,577,0.073,0,0.146622088129653
02,105,,,343,0.204,0.043502358324957496,0.3644976416750425
02,110,,,10474,0.07200000000000001,0.04400633842679316,0.09999366157320685
02,122,,,16074,0.21100000000000002,0.1820343079257864,0.23996569207421364
02,130,,,4866,0.067,0.04615744854608489,0.08784255145391512
02,150,,,4427,0.026000000000000002,0,0.05269574391776283
02,158,,,111,0,0,0.47659574468085103
02,164,,,239,0.025,0,0.23653215030140515
02,170,,,34542,0.43599999999999994,0.4095714874740881,0.4624285125259118
02,180,,,1039,0,0,0.057191489361702125
02,185,,,1417,0.051,0,0.11252055455590065
02,188,,,370,0,0,0.15489361702127658
02,195,,,873,0,0,0.06672340425531914
02,198,,,1345,0.11399999999999999,0.06650453787371463,0.16149546212628535
02,220,,,2765,0.028999999999999998,0.006330368828411381,0.05166963117158861
02,230,,,282,0.004,0,0.17990515572796467
02,240,,,1841,0.12899999999999998,0.0750135657433434,0.18298643425665656
02,275,,,465,0.033,0,0.12962089840271868
02,282,,,108,0,0,0.48851063829787233
02,290,,,883,0.08199999999999999,0.010779227957685655,0.15322077204231432
04,000,,,2259212,0.36,0.35623217980916105,0.3637678201908389
04,001,,,15125,0.44799999999999995,0.41273513528216466,0.48326486471783525
04,003,,,34131,0.26599999999999996,0.23728041002472927,0.29471958997527065
04,005,,,44800,0.15899999999999997,0.14035024154936343,0.17764975845063652
04,007,,,12815,0.235,0.1903231207439085,0.27967687925609147
04,009,,,11514,0.251,0.2065141845384983,0.2954858154615017
04,011,,,3484,0.267,0.17043054064635582,0.3635694593536442
04,012,,,3977,0.133,0.07834712198246266,0.18765287801753736
04,013,,,1448090,0.377,0.3715399098102654,0.3824600901897346
04,015,,,58039,0.18899999999999997,0.16971405984788585,0.2082859401521141
04,017,,,26742,0.35900000000000004,0.32490174769403263,0.39309825230596745
04,019,,,327541,0.335,0.3250312847902323,0.34496871520976774
04,021,,,128921,0.541,0.5164946814283538,0.5655053185716463
04,023,,,14079,0.249,0.2082099746790244,0.2897900253209756
04,025,,,67795,0.28300000000000003,0.2595909482671116,0.30640905173288846
04,027,,,62159,0.22999999999999995,0.2072054663339637,0.2527945336660362
05,000,,,1046829,0.283,0.27753990981026533,0.2884600901897346
05,001,,,5850,0.217,0.16752807610410658,0.2664719238958934
05,003,,,5620,0.272,0.2208630311022555,0.32313696889774457
05,005,,,10950,0.166,0.1259475219752166,0.2060524780247834
05,007,,,113449,0.243,0.22895254759866193,0.2570474524013381
05,009,,,12395,0.226,0.1820923641161471,0.2699076358838529
05,011,,,3392,0.295,0.22377922795768565,0.3662207720423143
05,013,,,1548,0.34600000000000003,0.23670073808346087,0.4552992619165392
05,015,,,8288,0.28200000000000003,0.23229903819496192,0.33170096180503816
05,017,,,2968,0.21600000000000003,0.1582035541450592,0.27379644585494084
05,019,,,7194,0.26899999999999996,0.22071894565940978,0.3172810543405901
05,021,,,4792,0.369,0.30761805745924165,0.43038194254075834
05,023,,,7366,0.373,0.31938297872340426,0.42661702127659573
05,025,,,2338,0.456,0.3577544949290988,0.5542455050709013
05,027,,,7732,0.282,0.2171212434175769,0.34687875658242306
05,029,,,6690,0.431,0.3616270730920392,0.5003729269079609
05,031,,,41823,0.179,0.15920549207134416,0.19879450792865583
05,033,,,20584,0.285,0.25170218883834045,0.3182978111616595
05,035,,,14884,0.33599999999999997,0.2947944458687543,0.3772055541312456
05,037,,,5366,0.331,0.26984977569872726,0.3921502243012728
05,039,,,1994,0.449,0.32038535982352967,0.5776146401764704
05,041,,,3122,0.25799999999999995,0.19767956397485614,0.31832043602514376
05,043,,,5458,0.245,0.18327211102711807,0.30672788897288195
05,045,,,49535,0.387,0.35699906444796625,0.41700093555203377
05,047,,,5758,0.396,0.3334496454544022,0.45855035454559784
05,049,,,3154,0.47,0.36293156996657017,0.5770684300334298
05,051,,,32542,0.23399999999999999,0.20672556187376434,0.26127443812623563
05,053,,,6400,0.52,0.4406607641177155,0.5993392358822845
05,055,,,16527,0.293,0.2508071426494024,0.33519285735059756
05,057,,,6241,0.285,0.2214476953384428,0.3485523046615572
05,059,,,10691,0.46399999999999997,0.4018823674661041,0.5261176325338958
05,061,,,4068,0.302,0.22670013469598316,0.3772998653040168
05,063,,,13279,0.184,0.14885611287616396,0.21914388712383603
05,065,,,3696,0.45399999999999996,0.3476099406611669,0.560390059338833
05,067,,,4718,0.259,0.20203235294286065,0.31596764705713937
05,069,,,20484,0.275,0.24322943272108472,0.30677056727891533
05,071,,,8429,0.179,0.13769121676135557,0.22030878323864442
05,073,,,1817,0.524,0.4109842349459734,0.6370157650540267
05,075,,,5359,0.43,0.36560443654937763,0.49439556345062236
05,077,,,1582,0.31,0.20630619298434585,0.41369380701565417
05,079,,,3234,0.3,0.2240898770700423,0.3759101229299577
05,081,,,4277,0.48700000000000004,0.39224100762203573,0.5817589923779644
05,083,,,7154,0.38799999999999996,0.32900021867439677,0.44699978132560314
05,085,,,28845,0.486,0.4432888039821125,0.5287111960178874
05,087,,,5867,0.539,0.4496859701628112,0.6283140298371889
05,089,,,4497,0.36700000000000005,0.28920568959976994,0.44479431040023015
05,091,,,13302,0.23099999999999998,0.19066496130768498,0.27133503869231496
05,093,,,13252,0.262,0.21778627158912126,0.30621372841087874
05,095,,,2036,0.465,0.3550467690683707,0.5749532309316293
05,097,,,2526,0.455,0.3633017525627166,0.5466982474372835
05,099,,,2922,0.415,0.3165379835997253,0.5134620164002747
05,101,,,2026,0.616,0.47912385113996603,0.752876148860034
05,103,,,6912,0.213,0.1683231207439085,0.25767687925609145
05,105,,,3437,0.5900000000000001,0.49448743028642217,0.685512569713578
05,107,,,3653,0.244,0.169305874974909,0.318694125025091
05,109,,,3188,0.433,0.3505458369786746,0.5154541630213254
05,111,,,7022,0.395,0.3365441184651898,0.45345588153481026
05,113,,,5889,0.201,0.15246965685756117,0.24953034314243885
05,115,,,21784,0.209,0.18052863931321203,0.23747136068678795
05,117,,,2978,0.436,0.3451728667722264,0.5268271332277736
05,119,,,141416,0.207,0.1925049063107787,0.22149509368922127
05,121,,,6013,0.309,0.25330504085266947,0.3646949591473305
05,123,,,6057,0.263,0.20432595352121471,0.32167404647878534
05,125,,,47506,0.425,0.39552418105941417,0.4544758189405858
05,127,,,3030,0.36200000000000004,0.25741329263632406,0.466586707363676
05,129,,,2551,0.43799999999999994,0.3447512077468172,0.5312487922531827
05,131,,,45481,0.18600000000000003,0.16660395843868975,0.2053960415613103
05,133,,,4834,0.316,0.25240303454258545,0.37959696545741456
05,135,,,4664,0.385,0.29921276595744684,0.4707872340425532
05,137,,,2848,0.35100000000000003,0.25092198606690325,0.4510780139330968
05,139,,,13397,0.226,0.18266187766593617,0.26933812233406385
05,141,,,4201,0.41700000000000004,0.32425497015289734,0.5097450298471028
05,143,,,96109,0.24,0.22401449275659724,0.25598550724340274
05,145,,,26803,0.3,0.26471501267583797,0.335284987324162
05,147,,,2031,0.336,0.2346323313116103,0.4373676686883897
05,149,,,7004,0.28,0.22000996008427665,0.3399900399157234
06,000,,,12076803,0.41,0.4076170212765957,0.41238297872340424
06,001,,,440471,0.46599999999999997,0.455819910431111,0.47618008956888896
06,003,,,498,0.6359999999999999,0.3938285048841886,0.8781714951158113
06,005,,,11744,0.49700000000000005,0.4354448412108076,0.5585551587891925
06,007,,,65040,0.23799999999999996,0.22028723723723748,0.25571276276276245
06,009,,,13152,0.525,0.4594464252429941,0.590553574757006
06,011,,,7524,0.358,0.2644775719677734,0.4515224280322266
06,013,,,329327,0.513,0.5002227000743242,0.5257772999256758
06,015,,,6421,0.15100000000000002,0.10344479513044233,0.19855520486955772
06,017,,,57098,0.387,0.3611966204606036,0.41280337953939644
06,019,,,307213,0.263,0.25354284637747126,0.27245715362252876
06,021,,,9099,0.33699999999999997,0.2831715751581034,0.39082842484189656
06,023,,,38257,0.18400000000000002,0.1621921639959044,0.20580783600409566
06,025,,,48101,0.242,0.21630689181788343,0.26769310818211656
06,027,,,5399,0.171,0.1255044488019549,0.21649555119804512
06,029,,,279407,0.262,0.2520312847902323,0.27196871520976773
06,031,,,44530,0.327,0.2964597312933331,0.35754026870666694
06,033,,,17163,0.46399999999999997,0.40404546765762456,0.5239545323423753
06,035,,,6994,0.145,0.10557268263679315,0.18442731736320683
06,037,,,3036426,0.486,0.48170402401221313,0.49029597598778685
06,039,,,43183,0.424,0.3909589881303713,0.4570410118696287
06,041,,,63611,0.39899999999999997,0.37562129053745696,0.42237870946254297
06,043,,,4590,0.413,0.3178597423361771,0.5081402576638229
06,045,,,25930,0.257,0.2243479737047445,0.2896520262952555
06,047,,,84446,0.365,0.3456772896712191,0.3843227103287809
06,049,,,2059,0.271,0.1863036259282823,0.3556963740717177
06,051,,,4716,0.18299999999999997,0.10966772570280588,0.2563322742971941
06,053,,,132218,0.335,0.3187939925853365,0.3512060074146635
06,055,,,46234,0.35100000000000003,0.3269921545945074,0.37500784540549265
06,057,,,27187,0.30700000000000005,0.27441325606187533,0.33958674393812477
06,059,,,1057284,0.39399999999999996,0.38769523091831415,0.4003047690816858
06,061,,,130074,0.38,0.3626926173064957,0.3973073826935043
06,063,,,5025,0.29200000000000004,0.19828801721487677,0.3857119827851233
06,065,,,797104,0.48700000000000004,0.47965516629433486,0.49434483370566523
06,067,,,483360,0.382,0.3723202946668167,0.3916797053331833
06,069,,,23321,0.517,0.4775007349175301,0.5564992650824699
06,071,,,711594,0.45,0.44157489792628796,0.45842510207371207
06,073,,,1077507,0.366,0.35992457249444265,0.37207542750555733
06,075,,,133460,0.465,0.44752933649526705,0.482470663504733
06,077,,,248632,0.40700000000000003,0.3934149311052018,0.42058506889479824
06,079,,,89313,0.24600000000000002,0.22828723723723754,0.2637127627627625
06,081,,,217918,0.37799999999999995,0.3646255650855739,0.391374434914426
06,083,,,130630,0.215,0.20115614463483306,0.22884385536516694
06,085,,,581048,0.369,0.3616551662943348,0.3763448337056652
06,087,,,78208,0.36200000000000004,0.3416398208622221,0.382360179137778
06,089,,,57546,0.166,0.1481276595744681,0.1838723404255319
06,091,,,751,0.32799999999999996,0.16354425192840155,0.49245574807159836
06,093,,,11719,0.268,0.22816075762345417,0.30783924237654586
06,095,,,151978,0.433,0.4162342585606311,0.44976574143936887
06,097,,,164536,0.32,0.3061561446348331,0.3338438553651669
06,099,,,179963,0.37,0.35560317926550433,0.38439682073449566
06,101,,,31593,0.371,0.33759577178480565,0.40440422821519434
06,103,,,19192,0.326,0.2888530379993739,0.36314696200062613
06,105,,,3531,0.321,0.21131824298205223,0.43068175701794775
06,107,,,145635,0.289,0.2737880821542764,0.30421191784572355
06,109,,,15033,0.322,0.27905676628541937,0.36494323371458065
06,111,,,282114,0.322,0.31050969271030626,0.33349030728969375
06,113,,,63230,0.315,0.29017809930348976,0.33982190069651025
06,115,,,27466,0.5,0.4561085333805082,0.5438914666194917
08,000,,,2001174,0.35600000000000004,0.3517040240122132,0.3602959759877869
08,001,,,196434,0.48100000000000004,0.4637336787704977,0.4982663212295024
08,003,,,5758,0.11600000000000002,0.07561220126068154,0.15638779873931852
08,005,,,231768,0.4040000000000001,0.39214483053660204,0.4158551694633981
08,007,,,3693,0.18700000000000003,0.12667956397485622,0.24732043602514384
08,009,,,1218,0.132,0.08042075719033412,0.1835792428096659
08,011,,,1415,0.293,0.1990157300082348,0.38698426999176516
08,013,,,92212,0.294,0.27706575441278924,0.3109342455872107
08,014,,,24744,0.403,0.3739608840004502,0.43203911599954986
08,015,,,5474,0.22,0.15272567864207542,0.2872743213579246
08,017,,,723,0.20799999999999996,0.10225909506291979,0.3137409049370801
08,019,,,3249,0.5579999999999999,0.43687175927276506,0.6791282407272349
08,021,,,2201,0.365,0.2830899808026686,0.44691001919733137
08,023,,,837,0.336,0.21172474657133944,0.4602752534286606
08,025,,,1011,0.451,0.29861042038692687,0.6033895796130732
08,027,,,1174,0.45599999999999996,0.31299149246389274,0.5990085075361071
08,029,,,8827,0.325,0.26894932125659676,0.38105067874340326
08,031,,,235611,0.364,0.35226519070424295,0.37573480929575703
08,033,,,931,0.25,0.11134626472061343,0.38865373527938657
08,035,,,127287,0.415,0.3976107852535685,0.43238921474643144
08,037,,,19695,0.262,0.21429576560538785,0.30970423439461214
08,039,,,9590,0.741,0.668956755605231,0.8130432443947689
08,041,,,262025,0.29300000000000004,0.2816965394274833,0.3043034605725168
08,043,,,12664,0.261,0.21279251122757198,0.30920748877242804
08,045,,,23812,0.44,0.3980602514561408,0.4819397485438592
08,047,,,2232,0.5790000000000001,0.4109619780463617,0.7470380219536384
08,049,,,5811,0.348,0.2742911899250718,0.42170881007492816
08,051,,,5404,0.313,0.23211024442045566,0.3938897555795443
08,053,,,196,0.046,0,0.4518836098603663
08,055,,,1529,0.259,0.16706209901819713,0.3509379009818029
08,057,,,317,0.038000000000000006,0,0.081190462203487
08,059,,,205111,0.40299999999999997,0.3886031792655043,0.41739682073449563
08,061,,,530,0.24900000000000003,0.15978934751908486,0.3382106524809152
08,063,,,2563,0.161,0.10212065109498494,0.21987934890501507
08,065,,,2899,0.38400000000000006,0.2722410924452278,0.4957589075547723
08,067,,,19117,0.264,0.23343649791705035,0.2945635020829497
08,069,,,128322,0.29100000000000004,0.27461972943079616,0.3073802705692039
08,071,,,3842,0.19699999999999998,0.14971423188735622,0.24428576811264374
08,073,,,1704,0.282,0.19547949318983854,0.3685205068101614
08,075,,,6991,0.15200000000000002,0.11689653139111708,0.18710346860888297
08,077,,,53140,0.109,0.09392871923664432,0.12407128076335568
08,079,,,227,0.158,0,0.41265837900111013
08,081,,,4973,0.218,0.16048672088304328,0.2755132791169567
08,083,,,8337,0.20800000000000002,0.1607893483257489,0.2552106516742511
08,085,,,14828,0.196,0.1632394588615923,0.2287605411384077
08,087,,,10054,0.26,0.2159793455614032,0.3040206544385968
08,089,,,5822,0.226,0.17575925770343623,0.2762407422965638
08,091,,,1396,0.435,0.31970223955905275,0.5502977604409472
08,093,,,5245,0.653,0.5509136253659617,0.7550863746340384
08,095,,,1730,0.195,0.1240088280726035,0.2659911719273965
08,097,,,4485,0.29700000000000004,0.20375120774681732,0.39024879225318276
08,099,,,4395,0.11900000000000001,0.08066810022297265,0.15733189977702738
08,101,,,56301,0.23600000000000002,0.216567396593685,0.255432603406315
08,103,,,2308,0.179,0.09095869112280636,0.26704130887719363
08,105,,,3660,0.221,0.15544642524299407,0.28655357475700594
08,107,,,9507,0.24599999999999997,0.20300720685321494,0.288992793146785
08,109,,,1735,0.266,0.1696513047681306,0.3623486952318694
08,111,,,221,0.122,0,0.44402190568509353
08,113,,,1941,0.249,0.1602760344933309,0.3377239655066691
08,115,,,886,0.231,0.1533243968741812,0.3086756031258188
08,117,,,10408,0.206,0.153425742873065,0.25857425712693494
08,119,,,7866,0.557,0.4733153648928885,0.6406846351071116
08,121,,,1596,0.28800000000000003,0.2276913326679787,0.34830866733202137
08,123,,,127611,0.424,0.40661078525356853,0.44138921474643145
08,125,,,3581,0.223,0.15641503724014633,0.2895849627598537
09,000,,,1247615,0.347,0.3415399098102654,0.35246009018973457
09,001,U,,,,,
09,003,U,,,,,
09,005,U,,,,,
09,007,U,,,,,
09,009,U,,,,,
09,011,U,,,,,
09,013,U,,,,,
09,015,U,,,,,
09,110,A,,342172,0.29700000000000004,0.2870312847902323,0.30696871520976776
09,120,A,,102595,0.413,0.39263982086222204,0.4333601791377779
09,130,A,,66198,0.38599999999999995,0.36367745396317164,0.40832254603682827
09,140,A,,166648,0.415,0.3987939925853365,0.4312060074146635
09,150,A,,38837,0.441,0.4114520247239283,0.47054797527607173
09,160,A,,40983,0.396,0.37089376126979773,0.4211062387302023
09,170,A,,196215,0.28900000000000003,0.27573213598644764,0.30226786401355243
09,180,A,,103651,0.309,0.29288183067076073,0.32511816932923926
09,190,A,,190316,0.384,0.3688816948454219,0.39911830515457813
10,000,,,345304,0.344,0.33321060494179366,0.3547893950582063
10,001,,,66476,0.34900000000000003,0.3231966204606036,0.37480337953939646
10,003,,,197235,0.324,0.3101561446348331,0.3378438553651669
10,005,,,81593,0.39,0.36936279888854107,0.41063720111145896
11,000,,,102181,0.472,0.44990116443626554,0.4940988355637344
11,001,,,102181,0.472,0.44990116443626554,0.4940988355637344
12,000,,,7266487,0.42800000000000005,0.4248476154591571,0.431152384540843
12,001,,,91545,0.243,0.22427427480535966,0.2617257251946403
12,003,,,9228,0.511,0.43384703863289564,0.5881529613671044
12,005,,,68384,0.32099999999999995,0.296903618908409,0.3450963810915909
12,007,,,7444,0.49700000000000005,0.40906356466673344,0.5849364353332667
12,009,,,210550,0.349,0.3349525475986619,0.36304745240133807
12,011,,,690405,0.45599999999999996,0.4474080480244262,0.46459195197557374
12,013,,,3717,0.47,0.3553814482563899,0.5846185517436101
12,015,,,51470,0.359,0.32959651446646077,0.3884034855335392
12,017,,,38936,0.375,0.34291816710643275,0.40708183289356725
12,019,,,78358,0.564,0.5302574924903679,0.597742507509632
12,021,,,113751,0.34900000000000003,0.32458173434494736,0.3734182656550527
12,023,,,22387,0.325,0.28737835784615196,0.36262164215384807
12,027,,,9145,0.38,0.30785829547401244,0.45214170452598756
12,029,,,3889,0.259,0.18227141542842312,0.3357285845715769
12,031,,,356690,0.34600000000000003,0.3351450153099558,0.3568549846900443
12,033,,,104372,0.28900000000000003,0.272276649883689,0.3057233501163111
12,035,,,33553,0.413,0.37082396931302297,0.455176030686977
12,037,,,3253,0.20800000000000002,0.1358189490273861,0.2801810509726139
12,039,,,12645,0.552,0.492640387438592,0.611359612561408
12,041,,,6091,0.539,0.45604803486539836,0.6219519651346017
12,043,,,2882,0.391,0.28499092089413003,0.49700907910587
12,045,,,3572,0.381,0.2860016035016555,0.4759983964983445
12,047,,,2807,0.5,0.39823397360334367,0.6017660263966563
12,049,,,6812,0.36900000000000005,0.2942203962610435,0.4437796037389566
12,051,,,12511,0.413,0.336660950224688,0.48933904977531195
12,053,,,61041,0.4640000000000001,0.43454827245611655,0.4934517275438836
12,055,,,26920,0.26,0.224136368135133,0.295863631864867
12,057,,,504647,0.465,0.4524468806348989,0.47755311936510114
12,059,,,6318,0.597,0.4880715428262457,0.7059284571737542
12,061,,,47391,0.267,0.24172469377886385,0.2922753062211362
12,063,,,14050,0.47,0.4197451312467261,0.5202548687532739
12,065,,,4924,0.5990000000000001,0.5173329862690339,0.6806670137309663
12,067,,,2175,0.57,0.4169365073735369,0.723063492626463
12,069,,,124954,0.508,0.4822516971072647,0.5337483028927353
12,071,,,248138,0.4650000000000001,0.44988169484542195,0.4801183051545782
12,073,,,107652,0.228,0.2126487334319871,0.24335126656801292
12,075,,,13974,0.511,0.44949098451473557,0.5725090154852644
12,077,,,2037,0.563,0.4487287779996386,0.6772712220003613
12,079,,,4565,0.392,0.3030443266828864,0.48095567331711364
12,081,,,130763,0.42100000000000004,0.401861847007751,0.44013815299224907
12,083,,,114144,0.39,0.3676139473027419,0.41238605269725814
12,085,,,48297,0.431,0.39874164949965407,0.4632583505003459
12,086,,,931441,0.514,0.505574897926288,0.5224251020737121
12,087,,,27101,0.204,0.17920671245501382,0.22879328754498615
12,089,,,34686,0.502,0.4569749428446508,0.5470250571553492
12,091,,,81871,0.37400000000000005,0.3483068918178835,0.3996931081821166
12,093,,,11624,0.38299999999999995,0.32510538601341654,0.44089461398658336
12,095,,,509803,0.442,0.4284149311052018,0.4555850688947982
12,097,,,147006,0.609,0.5807790519229654,0.6372209480770346
12,099,,,488349,0.39099999999999996,0.38132029466681666,0.40067970533318326
12,101,,,183238,0.518,0.5006107852535685,0.5353892147464315
12,103,,,310865,0.33899999999999997,0.32807981962053073,0.3499201803794692
12,105,,,259063,0.449,0.4351561446348331,0.4628438553651669
12,107,,,20257,0.47100000000000003,0.41709251255758617,0.5249074874424139
12,109,,,91372,0.433,0.4053636103716758,0.4606363896283242
12,111,,,117527,0.466,0.44044540014864847,0.4915545998513516
12,113,,,68259,0.514,0.4833205949524813,0.5446794050475187
12,115,,,132745,0.341,0.32156739659368505,0.360432603406315
12,117,,,169031,0.418,0.39946477543783343,0.43653522456216654
12,119,,,22445,0.433,0.38288657500810497,0.483113424991895
12,121,,,13621,0.41,0.3482951137814002,0.47170488621859974
12,123,,,5320,0.231,0.15817280168200656,0.30382719831799343
12,125,,,3704,0.573,0.46571963175588443,0.6802803682441154
12,127,,,184098,0.38599999999999995,0.368529336495267,0.40347066350473293
12,129,,,13116,0.5910000000000001,0.5250039646169304,0.6569960353830697
12,131,,,25817,0.41800000000000004,0.3737060724874595,0.46229392751254056
12,133,,,7741,0.665,0.5794862515322643,0.7505137484677358
13,000,,,3650427,0.425,0.42184761545915705,0.4281523845408429
13,001,,,6067,0.319,0.25125253934923814,0.3867474606507619
13,003,,,3088,0.391,0.2880757309440276,0.4939242690559724
13,005,,,3625,0.381,0.2827255991916884,0.47927440080831163
13,007,,,759,0.375,0.21444487428631256,0.5355551257136875
13,009,,,13083,0.33299999999999996,0.27836011137730265,0.38763988862269727
13,011,,,7389,0.505,0.42802204109855885,0.5819779589014411
13,013,,,34852,0.5710000000000001,0.5321165337516375,0.6098834662483626
13,015,,,41539,0.455,0.42034424612570453,0.4896557538742955
13,017,,,5851,0.17800000000000002,0.12174706285018547,0.23425293714981457
13,019,,,5916,0.331,0.2659791689889391,0.39602083101106095
13,021,,,47484,0.24,0.21478092367325666,0.26521907632674335
13,023,,,4327,0.499,0.4041436768255551,0.5938563231744449
13,025,,,6358,0.525,0.41922553610909735,0.6307744638909027
13,027,,,5206,0.4159999999999999,0.32510255805322574,0.5068974419467741
13,029,,,19326,0.6349999999999999,0.5700993655695153,0.6999006344304844
13,031,,,27710,0.32299999999999995,0.28896425600013614,0.35703574399986376
13,033,,,8274,0.48900000000000005,0.4164755781755014,0.5615244218244987
13,035,,,8980,0.455,0.3802678723649586,0.5297321276350414
13,037,,,1069,0.392,0.24860981191541856,0.5353901880845815
13,039,,,19859,0.41200000000000003,0.3604896121707163,0.4635103878292838
13,043,,,3820,0.308,0.2300234158953578,0.3859765841046422
13,045,,,42748,0.41800000000000004,0.38442620608502553,0.45157379391497454
13,047,,,25410,0.354,0.31748906412857464,0.3905109358714253
13,049,,,4647,0.4590000000000001,0.3616326441159487,0.5563673558840514
13,051,,,105073,0.29900000000000004,0.27967728967121913,0.31832271032878096
13,053,,,3423,0.07400000000000001,0.04585461015246843,0.10214538984753159
13,055,,,7976,0.41100000000000003,0.34356759667893305,0.478432403321067
13,057,,,99881,0.5479999999999999,0.5219229820599701,0.5740770179400297
13,059,,,44923,0.198,0.1756774539631717,0.22032254603682833
13,061,,,905,0.385,0.2589834526232132,0.5110165473767868
13,063,,,98469,0.5319999999999999,0.5028632732512468,0.561136726748753
13,065,,,1993,0.40299999999999997,0.2589085849240259,0.547091415075974
13,067,,,264689,0.502,0.4852342585606311,0.5187657414393688
13,069,,,14019,0.13899999999999998,0.10422157050713701,0.17377842949286296
13,071,,,15532,0.269,0.2273319287998911,0.310668071200109
13,073,,,61055,0.364,0.33325126287525186,0.3947487371247481
13,075,,,6028,0.345,0.27628504103007756,0.4137149589699224
13,077,,,56858,0.47700000000000004,0.4459297587496725,0.5080702412503275
13,079,,,4363,0.589,0.47254448563241674,0.7054555143675831
13,081,,,6349,0.231,0.1640747733175249,0.2979252266824751
13,083,,,5530,0.426,0.3485898613818107,0.5034101386181893
13,085,,,10809,0.546,0.4805331076938124,0.6114668923061877
13,087,,,8875,0.252,0.19533218474610464,0.30866781525389536
13,089,,,231665,0.495,0.4779821280000681,0.5120178719999319
13,091,,,5916,0.377,0.3038130629817508,0.4501869370182492
13,093,,,3097,0.426,0.31949657881831095,0.532503421181689
13,095,,,24147,0.175,0.14796080339561818,0.2020391966043818
13,097,,,52185,0.57,0.5340968053742177,0.6059031946257822
13,099,,,3438,0.21599999999999997,0.1539052258413156,0.27809477415868433
13,101,,,1396,0.5820000000000001,0.439802845376007,0.7241971546239931
13,103,,,27281,0.573,0.5299412163413962,0.6160587836586037
13,105,,,7207,0.354,0.28648343764047635,0.4215165623595236
13,107,,,7164,0.34,0.2740147210403386,0.40598527895966147
13,109,,,3204,0.382,0.29440324498383685,0.46959675501616316
13,111,,,7505,0.28900000000000003,0.22483633421286553,0.35316366578713454
13,113,,,40187,0.537,0.499378357846152,0.574621642153848
13,115,,,34034,0.278,0.2485965144664608,0.30740348553353924
13,117,,,79819,0.475,0.45037908966154844,0.4996209103384515
13,119,,,7651,0.375,0.3120198965073583,0.4379801034926417
13,121,,,320995,0.395,0.3828491449888853,0.40715085501111475
13,123,,,10386,0.38799999999999996,0.3301667215682851,0.44583327843171483
13,125,,,976,0.62,0.4516201668224058,0.7883798331775942
13,127,,,28793,0.20600000000000002,0.1796521854106431,0.23234781458935694
13,129,,,22498,0.349,0.3063220552102106,0.39167794478978935
13,131,,,8976,0.384,0.3122430539748801,0.4557569460251199
13,133,,,5935,0.4,0.32346593499965137,0.47653406500034867
13,135,,,316584,0.548,0.5336031792655044,0.5623968207344957
13,137,,,15778,0.37799999999999995,0.3298072378168181,0.4261927621831818
13,139,,,73814,0.375,0.35236170212765955,0.39763829787234045
13,141,,,1737,0.506,0.31771828894934817,0.6942817110506518
13,143,,,11148,0.505,0.4328484568507787,0.5771515431492213
13,145,,,12472,0.40299999999999997,0.34974162503135686,0.4562583749686431
13,147,,,9380,0.33,0.27181187531606915,0.3881881246839309
13,149,,,3958,0.614,0.5248530239386763,0.7031469760613237
13,151,,,89410,0.53,0.5004520247239282,0.5595479752760718
13,153,,,61451,0.27999999999999997,0.2551780993034897,0.3048219006965102
13,155,,,3291,0.3,0.20256705478154238,0.3974329452184576
13,157,,,31515,0.519,0.48076080144641076,0.5572391985535893
13,159,,,5525,0.6630000000000001,0.566887345411158,0.7591126545888423
13,161,,,4613,0.24100000000000002,0.1766706077229947,0.30532939227700534
13,163,,,5108,0.4489999999999999,0.36762903996408697,0.5303709600359128
13,165,,,2228,0.452,0.3076034833995719,0.5963965166004281
13,167,,,2502,0.452,0.35335072482281865,0.5506492751771814
13,169,,,10581,0.465,0.4010912828436921,0.5289087171563079
13,171,,,7199,0.489,0.40793493048359597,0.570065069516404
13,173,,,3096,0.45299999999999996,0.33184246232210635,0.5741575376778936
13,175,,,17805,0.252,0.21376080144641074,0.29023919855358926
13,177,,,13316,0.23600000000000002,0.1888796461164268,0.2831203538835732
13,179,,,24350,0.344,0.3055386938754101,0.38246130612458984
13,181,,,2680,0.46599999999999997,0.3628208737390598,0.5691791262609401
13,183,,,5816,0.379,0.2953408151347787,0.4626591848652213
13,185,,,43444,0.161,0.13992040134626743,0.18207959865373258
13,187,,,11605,0.41,0.34652592734429244,0.4734740726557075
13,189,,,7663,0.281,0.22615265020909803,0.33584734979090203
13,191,,,3339,0.6469999999999999,0.5351585549649693,0.7588414450350305
13,193,,,2918,0.358,0.26962071940454885,0.4463792805954511
13,195,,,11573,0.4660000000000001,0.4064612873255879,0.5255387126744122
13,197,,,2516,0.5870000000000001,0.4609778199693999,0.71302218003060025
13,199,,,7045,0.6190000000000001,0.5408143264574228,0.6971856735425774
13,201,,,2062,0.354,0.2570124732086597,0.45098752679134024
13,205,,,6521,0.418,0.3325859179396361,0.5034140820603639
13,207,,,11311,0.34700000000000003,0.28299139940088985,0.4110086005991102
13,209,,,2942,0.3509999999999999,0.28097528729572363,0.4210247127042762
13,211,,,7586,0.45,0.3818034953880652,0.5181965046119349
13,213,,,16134,0.4110000000000001,0.36098582364844006,0.4610141763515601
13,215,,,64740,0.18100000000000002,0.16002166501589568,0.20197833498410436
13,217,,,40853,0.5219999999999999,0.47817327009217125,0.5658267299078286
13,219,,,15901,0.22200000000000003,0.186136368135133,0.25786363186486705
13,221,,,5796,0.5359999999999999,0.4536061199405321,0.6183938800594677
13,223,,,66335,0.657,0.620411381198472,0.6935886188015281
13,225,,,9773,0.32899999999999996,0.27238231108519684,0.3856176889148031
13,227,,,11888,0.529,0.46325180757157464,0.5947481924284254
13,229,,,7846,0.34700000000000003,0.28023405611380203,0.41376594388619803
13,231,,,7497,0.51,0.4440577642797263,0.5759422357202737
13,233,,,15228,0.46299999999999997,0.4001665851138407,0.5258334148861592
13,235,,,2735,0.44,0.33446739876681664,0.5455326012331834
13,237,,,7524,0.41,0.3382628408071948,0.48173715919280513
13,239,,,466,0.31799999999999995,0.07239996520010922,0.5636000347998906
13,241,,,5251,0.23399999999999999,0.1846717648301647,0.28332823516983524
13,243,,,1746,0.361,0.20678150402829867,0.5152184959717013
13,245,,,70080,0.244,0.22133036882841137,0.2666696311715886
13,247,,,33495,0.5660000000000001,0.517207092219199,0.6147929077808011
13,249,,,1382,0.43700000000000006,0.3205383905593031,0.553461609440697
13,251,,,4663,0.42200000000000004,0.33333205468189053,0.5106679453181096
13,253,,,2834,0.35100000000000003,0.252408305026281,0.4495916949737191
13,255,,,22371,0.382,0.338286790027265,0.425713209972735
13,257,,,9411,0.249,0.2004111865434125,0.2975888134565875
13,259,,,1406,0.4639999999999999,0.2506967804564768,0.677303219543523
13,261,,,9377,0.24700000000000003,0.20227548233059944,0.2917245176694006
13,263,,,1607,0.6639999999999999,0.521473765648225,0.8065262343517748
13,265,,,491,0.465,0.3038491367559279,0.6261508632440722
13,267,,,6327,0.349,0.28214905806043317,0.4158509419395668
13,269,,,2188,0.48700000000000004,0.37696287716415044,0.5970371228358496
13,271,,,2979,0.375,0.2518550927742236,0.4981449072257764
13,273,,,2212,0.419,0.31437936345218287,0.5236206365478171
13,275,,,15962,0.218,0.18423646256778442,0.2517635374322156
13,277,,,14076,0.204,0.16033553177441331,0.24766446822558666
13,279,,,8471,0.287,0.22997008639562874,0.3440299136043712
13,281,,,3132,0.299,0.22979097864156373,0.36820902135843625
13,283,,,2026,0.545,0.3887421777422018,0.7012578222577983
13,285,,,24878,0.24900000000000003,0.21170048309872694,0.2862995169012731
13,287,,,2381,0.365,0.26681231191516885,0.46318768808483113
13,289,,,2229,0.46399999999999997,0.3390469024163679,0.588953097583632
13,291,,,7878,0.235,0.18629445649300835,0.2837055435069916
13,293,,,10030,0.371,0.30019905932444657,0.4418009406755534
13,295,,,23473,0.435,0.38644041290001574,0.48355958709998426
13,297,,,36476,0.5609999999999999,0.5192298427231636,0.6027701572768362
13,299,,,10976,0.19,0.14770632325273467,0.23229367674726534
13,301,,,1723,0.446,0.32380406682626056,0.5681959331737394
13,303,,,5701,0.271,0.20833626788348397,0.33366373211651607
13,305,,,8764,0.353,0.2889913994008898,0.41700860059911016
13,307,,,921,0.5009999999999999,0.33982711469107185,0.6621728853089279
13,309,,,2179,0.40700000000000003,0.2143505025133806,0.5996494974866194
13,311,,,9956,0.45799999999999996,0.39251142632467806,0.5234885736753219
13,313,,,39413,0.236,0.20752863931321203,0.26447136068678795
13,315,,,2050,0.43900000000000006,0.34082677148200746,0.5371732285179927
13,317,,,3026,0.529,0.42837027610631656,0.6296297238936834
13,319,,,2789,0.45199999999999996,0.3653319450843041,0.5386680549156958
13,321,,,6907,0.48300000000000004,0.4189803108602092,0.5470196891397909
15,000,,,453819,0.40099999999999997,0.391847996555731,0.41015200344426894
15,001,,,58954,0.37799999999999995,0.35096080339561814,0.40503919660438176
15,003,,,314929,0.425,0.41407981962053075,0.4359201803794692
15,005,,,29,0,0,1
15,007,,,25040,0.336,0.3053437404895727,0.36665625951042735
15,009,,,54867,0.314,0.28906397502039244,0.33893602497960756
16,000,,,658968,0.256,0.24992457249444264,0.26207542750555735
16,001,,,181940,0.22699999999999998,0.21514483053660197,0.238855169463398
16,003,,,1230,0.172,0.09666243763965231,0.24733756236034765
16,005,,,30917,0.13,0.11469504203393091,0.1453049579660691
16,007,,,2126,0.358,0.2675644661351343,0.4484355338648657
16,009,,,3279,0.311,0.22580226179739693,0.39619773820260307
16,011,,,17038,0.28300000000000003,0.24483512454593065,0.3211648754540694
16,013,,,9341,0.22400000000000003,0.16728210270782415,0.2807178972921759
16,015,,,2292,0.657,0.5529781337191353,0.7610218662808648
16,017,,,15068,0.365,0.32275670287365077,0.4072432971263492
16,019,,,42987,0.145,0.12806575441278922,0.16193424558721076
16,021,,,3488,0.16899999999999998,0.11578162381654772,0.22221837618345225
16,023,,,731,0.28600000000000003,0.17010047903979553,0.40189952096020454
16,025,,,292,0.674,0.398500450434535,0.949499549565465
16,027,,,86136,0.407,0.3868148901408201,0.42718510985917985
16,029,,,2622,0.196,0.13512900192605032,0.2568709980739497
16,031,,,8879,0.16699999999999998,0.13421779899731634,0.19978220100268362
16,033,,,204,0.37799999999999995,0.08310217067268078,0.6728978293273191
16,035,,,2636,0.254,0.1925256147223142,0.3154743852776858
16,037,,,1061,0.21299999999999997,0.0915674164796551,0.33443258352034483
16,039,,,11266,0.24600000000000002,0.20280953779651303,0.289190462203487
16,041,,,5172,0.365,0.29532078936476996,0.43467921063523
16,043,,,4385,0.27699999999999997,0.20968348715385274,0.34431651284614717
16,045,,,6533,0.513,0.43335715760375915,0.5926428423962409
16,047,,,5441,0.27799999999999997,0.21086298409609144,0.3451370159039085
16,049,,,4606,0.245,0.1846795639748562,0.3053204360251438
16,051,,,11727,0.27099999999999996,0.22853882288734015,0.3134611771126598
16,053,,,9298,0.254,0.20869206012159291,0.2993079398784071
16,055,,,61943,0.28400000000000003,0.2618690673451835,0.30613093265481656
16,057,,,13057,0.244,0.21355284208535677,0.2744471579146432
16,059,,,2419,0.105,0.04985579216487289,0.16014420783512712
16,061,,,992,0.35400000000000004,0.2970323529428607,0.4109676470571394
16,063,,,2084,0.537,0.4575802847368726,0.6164197152631274
16,065,,,16183,0.20600000000000002,0.161770220135185,0.25022977986481504
16,067,,,8373,0.13099999999999998,0.09462540845708381,0.16737459154291615
16,069,,,15553,0.114,0.0933284321684626,0.13467156783153741
16,071,,,1637,0.31799999999999995,0.2126491601515784,0.4233508398484215
16,073,,,4066,0.45199999999999996,0.36306028715189737,0.5409397128481025
16,075,,,9529,0.25199999999999995,0.20073825588081945,0.30326174411918044
16,077,,,2416,0.156,0.07901282052490163,0.23298717947509837
16,079,,,4373,0.295,0.2324042697831858,0.3575957302168142
16,081,,,4650,0.547,0.4546384375598404,0.6393615624401596
16,083,,,34970,0.17800000000000002,0.15450015651690008,0.20149984348309996
16,085,,,3199,0.2,0.1055110622976355,0.2944889377023645
16,087,,,2829,0.245,0.17876776526446905,0.31123223473553097
17,000,,,4051863,0.40299999999999997,0.4006170212765957,0.40538297872340423
17,001,,,25475,0.163,0.14389897246073707,0.18210102753926294
17,003,,,1495,0.475,0.36947412508705246,0.5805258749129475
17,005,,,5618,0.318,0.26094519880395567,0.37505480119604434
17,007,,,19866,0.37,0.3255141845384983,0.4144858154615017
17,009,,,1718,0.18599999999999997,0.12407693261528237,0.2479230673847176
17,011,,,12665,0.251,0.22750015651690006,0.2744998434830999
17,013,,,1394,0.633,0.5312060772140048,0.7347939227859952
17,015,,,5060,0.368,0.32004347826979174,0.41595652173020825
17,017,,,4409,0.294,0.24122361118895294,0.34677638881104705
17,019,,,63462,0.128,0.1147857437370441,0.14121425626295592
17,021,,,12351,0.34700000000000003,0.30413949268417545,0.3898605073158246
17,023,,,5914,0.38,0.3165147454411571,0.4434852545588429
17,025,,,4750,0.30800000000000005,0.24810469372398464,0.36789530627601547
17,027,,,13672,0.38799999999999996,0.34900715669662125,0.42699284330337867
17,029,,,16432,0.198,0.16563181482538117,0.23036818517461885
17,031,,,1392162,0.503,0.49692457249444266,0.5090754275055573
17,033,,,6899,0.185,0.14608004057959914,0.22391995942040085
17,035,,,4287,0.29600000000000004,0.24058613672875961,0.35141386327124047
17,037,,,37955,0.41600000000000004,0.3854597312933331,0.44654026870666697
17,039,,,5905,0.39899999999999997,0.3373872106778313,0.46061278932216865
17,041,,,7154,0.331,0.2831472002055618,0.37885279979443826
17,043,,,309059,0.3960000000000001,0.38700445258776256,0.4049955474122376
17,045,,,6330,0.2,0.15742196469908445,0.24257803530091557
17,047,,,2180,0.374,0.2980805268054346,0.4499194731945654
17,049,,,13750,0.172,0.14410794914892344,0.19989205085107653
17,051,,,7176,0.33299999999999996,0.2867002503509521,0.37929974964904783
17,053,,,4963,0.415,0.3537106396273826,0.4762893603726174
17,055,,,12148,0.40099999999999997,0.3642951650705547,0.43770483492944523
17,057,,,11190,0.37799999999999995,0.33471104174566985,0.42128895825433005
17,059,,,1727,0.29,0.21833213774110094,0.361667862258899
17,061,,,3886,0.43,0.369362672646811,0.490637327353189
17,063,,,21768,0.42899999999999994,0.38528679002726496,0.4727132099727349
17,065,,,3060,0.40299999999999997,0.31785226536516076,0.4881477346348392
17,067,,,6588,0.381,0.34031451998204354,0.42168548001795647
17,069,,,1014,0.523,0.38570443734199866,0.6602955626580014
17,071,,,2255,0.365,0.298340456091986,0.431659543908014
17,073,,,18325,0.327,0.2962743561846491,0.35772564381535094
17,075,,,9943,0.36700000000000005,0.3327356163704379,0.4012643836295622
17,077,,,15796,0.252,0.21635474821734088,0.2876452517826591
17,079,,,3806,0.40399999999999997,0.32793107887891976,0.4800689211210802
17,081,,,13212,0.229,0.20327927965711315,0.25472072034288684
17,083,,,7472,0.436,0.3769400945567618,0.4950599054432382
17,085,,,7936,0.253,0.22183850968021987,0.28416149031978016
17,087,,,3798,0.493,0.4090443756870334,0.5769556243129665
17,089,,,187539,0.426,0.4097939925853365,0.4422060074146635
17,091,,,38347,0.32799999999999996,0.3041107125803669,0.351889287419633
17,093,,,54535,0.524,0.4918077301777893,0.5561922698222108
17,095,,,16412,0.21899999999999997,0.19251782546446805,0.2454821745355319
17,097,,,237282,0.42200000000000004,0.4094468806348989,0.43455311936510116
17,099,,,41706,0.335,0.3122054663339638,0.35779453366603625
17,101,,,4466,0.258,0.19309936556951543,0.32290063443048456
17,103,,,12059,0.301,0.2626866225240188,0.33931337747598117
17,105,,,13140,0.27399999999999997,0.24158798517067295,0.306412014829327
17,107,,,9502,0.317,0.2761404264182551,0.3578595735817449
17,109,,,9711,0.191,0.15585611287616397,0.22614388712383604
17,111,,,119406,0.466,0.44861078525356857,0.4833892147464315
17,113,,,59288,0.168,0.15246487937483624,0.18353512062516378
17,115,,,34885,0.15,0.1324482656955585,0.16755173430444148
17,117,,,15978,0.4159999999999999,0.3746053891532658,0.45739461084673405
17,119,,,98668,0.38300000000000006,0.36412325844693044,0.4018767415530697
17,121,,,13387,0.259,0.23093037176996487,0.2870696282300351
17,123,,,4450,0.43400000000000005,0.3846429936202704,0.4833570063797297
17,125,,,4392,0.505,0.4407810445293732,0.5692189554706267
17,127,,,4913,0.27399999999999997,0.21854772156763186,0.3294522784323681
17,129,,,4585,0.461,0.39356759667893304,0.528432403321067
17,131,,,5746,0.45600000000000007,0.40003803917567893,0.5119619608243212
17,133,,,14936,0.491,0.4397798138480229,0.5422201861519771
17,135,,,9208,0.324,0.2824684339044992,0.3655315660955008
17,137,,,11747,0.21300000000000005,0.1740800405795992,0.2519199594204009
17,139,,,4816,0.324,0.2689717632876334,0.37902823671236663
17,141,,,19124,0.37200000000000005,0.3393697199784157,0.4046302800215844
17,143,,,61482,0.16099999999999998,0.14685184772608245,0.1751481522739175
17,145,,,6617,0.387,0.3302821027078241,0.4437178972921759
17,147,,,7157,0.37400000000000005,0.31997413559742477,0.42802586440257534
17,149,,,5496,0.312,0.2600505172779093,0.3639494827220907
17,151,,,1077,0.5539999999999999,0.4116332244597515,0.6963667755402484
17,153,,,1228,0.624,0.4859002663223825,0.7620997336776175
17,155,,,2269,0.426,0.3528227623969439,0.4991772376030561
17,157,,,9940,0.33299999999999996,0.2929652482332323,0.37303475176676765
17,159,,,5942,0.231,0.18447085299459867,0.2775291470054014
17,161,,,49546,0.163,0.1457748381168329,0.18022516188316712
17,163,,,88849,0.324,0.3038853444914147,0.34411465550858533
17,165,,,7668,0.32899999999999996,0.2734070930852647,0.38459290691473524
17,167,,,69335,0.15,0.13615614463483305,0.16384385536516693
17,169,,,2421,0.195,0.13272259375822718,0.25727740624177287
17,171,,,1710,0.309,0.23925969403463265,0.37874030596536734
17,173,,,8311,0.302,0.2612622137937187,0.34273778620628126
17,175,,,1963,0.449,0.3709142559014968,0.5270857440985033
17,177,,,15953,0.272,0.23777707359509262,0.30622292640490745
17,179,,,49274,0.235,0.21638834119783945,0.2536116588021605
17,181,,,5467,0.44599999999999995,0.3827948864891071,0.5092051135108928
17,183,,,23751,0.26,0.23238930669487823,0.2876106933051218
17,185,,,3811,0.26499999999999996,0.21521342062623544,0.3147865793737645
17,187,,,6098,0.21100000000000002,0.17010569664268477,0.2518943033573153
17,189,,,5546,0.39899999999999997,0.35248611095434823,0.4455138890456517
17,191,,,5728,0.3340000000000001,0.2847437663795198,0.38325623362048034
17,193,,,4402,0.35200000000000004,0.29191537580809485,0.4120846241919052
17,195,,,20610,0.214,0.19074305547717413,0.23725694452282586
17,197,,,258587,0.49099999999999994,0.4784468806348988,0.503553119365101
17,199,,,24339,0.28600000000000003,0.25520512820996066,0.3167948717900394
17,201,,,96594,0.23200000000000004,0.21862556508557404,0.24537443491442604
17,203,,,14439,0.363,0.32153685498242135,0.40446314501757863
18,000,,,2486433,0.326,0.3228476154591571,0.32915238454084295
18,001,,,11429,0.27199999999999996,0.23422772003777648,0.30977227996222345
18,003,,,146443,0.203,0.19214501530995576,0.21385498469004427
18,005,,,31133,0.236,0.21030689181788342,0.26169310818211655
18,007,,,3110,0.45899999999999996,0.3887122257523279,0.529287774247672
18,009,,,3912,0.39299999999999996,0.32424373356679176,0.46175626643320816
18,011,,,27945,0.36900000000000005,0.33444680851063835,0.40355319148936175
18,013,,,6028,0.588,0.49993450727153926,0.6760654927284606
18,015,,,8437,0.4040000000000001,0.3487272207433516,0.45927277925664856
18,017,,,14048,0.264,0.22752796764081779,0.30047203235918224
18,019,,,47602,0.27099999999999996,0.24629275072794993,0.29570724927205
18,021,,,9859,0.475,0.4137106396273826,0.5362893603726173
18,023,,,12990,0.314,0.2705637164476911,0.3574362835523089
18,025,,,3162,0.716,0.6066228341092674,0.8253771658907325
18,027,,,10132,0.247,0.20907768059919085,0.28492231940080914
18,029,,,19450,0.518,0.4684563880156451,0.5675436119843549
18,031,,,10280,0.29900000000000004,0.24691405924740062,0.35108594075259947
18,033,,,17628,0.267,0.23595261292065783,0.2980473870793422
18,035,,,39985,0.23700000000000002,0.21571931954103113,0.2582806804589689
18,037,,,18772,0.171,0.136018067134869,0.20598193286513103
18,039,,,71790,0.23199999999999998,0.2137348139545036,0.25026518604549636
18,041,,,8234,0.373,0.314519837724149,0.431480162275851
18,043,,,30034,0.278,0.2520594404426314,0.30394055955736865
18,045,,,6400,0.42999999999999994,0.37082002957119076,0.4891799704288091
18,047,,,8516,0.5710000000000001,0.4986715904848114,0.6433284095151888
18,049,,,6693,0.38,0.316336102092427,0.443663897907573
18,051,,,12855,0.278,0.24406869240466827,0.3119313075953318
18,053,,,21443,0.22899999999999998,0.19881037745864186,0.25918962254135813
18,055,,,10870,0.45899999999999996,0.4015608200494586,0.5164391799505413
18,057,,,133098,0.424,0.40427734170200375,0.44372265829799623
18,059,,,32911,0.45699999999999996,0.4200254146232237,0.49397458537677624
18,061,,,14740,0.537,0.48348899369865556,0.5905110063013445
18,063,,,71600,0.39699999999999996,0.3693893066948782,0.42461069330512174
18,065,,,16147,0.38299999999999995,0.34838523461299137,0.41761476538700854
18,067,,,28525,0.235,0.20873313126887824,0.2612668687311217
18,069,,,13855,0.33699999999999997,0.3004502020251078,0.37354979797489213
18,071,,,18319,0.298,0.2571230578420905,0.3388769421579095
18,073,,,11884,0.478,0.4277027756818934,0.5282972243181066
18,075,,,6549,0.28,0.2298582543361683,0.33014174566383175
18,077,,,12111,0.291,0.23269001523561184,0.3493099847643881
18,079,,,10215,0.42700000000000005,0.3667502106155618,0.4872497893844383
18,081,,,64048,0.413,0.38536361037167577,0.4406363896283242
18,083,,,14291,0.251,0.2140446172136525,0.28795538278634747
18,085,,,29450,0.221,0.19935552087283495,0.24264447912716505
18,087,,,8434,0.32099999999999995,0.26572722074335153,0.37627277925664837
18,089,,,177816,0.424,0.4090706810888525,0.4389293189111475
18,091,,,39716,0.319,0.29030513632287797,0.34769486367712205
18,093,,,17224,0.3990000000000001,0.3570095076401898,0.44099049235981036
18,095,,,45827,0.396,0.36846653955471,0.42353346044529006
18,097,,,350310,0.31699999999999995,0.3065447232831072,0.3274552767168927
18,099,,,16820,0.326,0.29005728616068477,0.36194271383931526
18,101,,,3710,0.51,0.4155711793310489,0.6044288206689511
18,103,,,12256,0.3,0.2572721880717318,0.3427278119282682
18,105,,,44910,0.185,0.16338834042033712,0.20661165957966288
18,107,,,14379,0.31999999999999995,0.27994752197521655,0.36005247802478335
18,109,,,26969,0.533,0.4995108816143366,0.5664891183856635
18,111,,,4750,0.49699999999999994,0.4135106816752449,0.580489318324755
18,113,,,17258,0.377,0.33494194445512865,0.41905805554487136
18,115,,,2182,0.5099999999999999,0.39543719808894684,0.624562801911053
18,117,,,7162,0.33799999999999997,0.2776442716640697,0.39835572833593025
18,119,,,7857,0.525,0.4552189935316261,0.594781006468374
18,121,,,4682,0.49,0.4232659582947519,0.5567340417052481
18,123,,,7062,0.341,0.2833634339696104,0.39863656603038966
18,125,,,4532,0.41200000000000003,0.3480024898628286,0.47599751013717145
18,127,,,67683,0.44400000000000006,0.418612607613849,0.4693873923861511
18,129,,,10103,0.34199999999999997,0.297738134690367,0.38626186530963297
18,131,,,4365,0.36,0.2920642062767394,0.42793579372326057
18,133,,,12385,0.45,0.3939873260154539,0.5060126739845461
18,135,,,8198,0.33299999999999996,0.2856692192468805,0.38033078075311944
18,137,,,11587,0.39899999999999997,0.34990254146510447,0.44809745853489547
18,139,,,6335,0.36599999999999994,0.31022862422517156,0.4217713757748283
18,141,,,95421,0.24,0.22565256816143897,0.254347431838561
18,143,,,8959,0.376,0.2979597206762964,0.4540402793237036
18,145,,,17401,0.369,0.3304097214689663,0.4075902785310337
18,147,,,8511,0.386,0.33076576074519504,0.441234239254805
18,149,,,7855,0.445,0.38590404944785656,0.5040959505521435
18,151,,,12910,0.271,0.2373417435769264,0.30465825642307365
18,153,,,7112,0.379,0.31933028889951154,0.43866971110048847
18,155,,,3579,0.57,0.4753759386186356,0.6646240613813643
18,157,,,65364,0.12500000000000003,0.11105397457446176,0.1389460254255383
18,159,,,5572,0.43700000000000006,0.3708213729096227,0.5031786270903774
18,161,,,2916,0.44199999999999995,0.3602634824149804,0.5237365175850195
18,163,,,69931,0.192,0.17506575441278924,0.20893424558721077
18,165,,,5442,0.419,0.3513049470778604,0.48669505292213955
18,167,,,36002,0.18400000000000002,0.16519861500146105,0.202801384998539
18,169,,,11485,0.28200000000000003,0.23512129054967085,0.3288787094503292
18,171,,,3106,0.435,0.35764489881402145,0.5123551011859786
18,173,,,25571,0.28,0.2500938543706969,0.30990614562930313
18,175,,,10068,0.48400000000000004,0.4199581395386303,0.5480418604613698
18,177,,,22478,0.21899999999999997,0.1933068918178834,0.24469310818211654
18,179,,,11987,0.335,0.2883489689691359,0.3816510310308641
18,181,,,9145,0.324,0.2791170527956216,0.3688829472043784
18,183,,,14183,0.344,0.3057608014464107,0.38223919855358923
19,000,,,1224151,0.214,0.2108476154591571,0.2171523845408429
19,001,,,2963,0.287,0.23514625156462207,0.33885374843537786
19,003,,,1261,0.23799999999999996,0.1672793097788855,0.3087206902211144
19,005,,,5114,0.29699999999999993,0.24195886554065854,0.3520411344593413
19,007,,,4041,0.273,0.21884290911213988,0.32715709088786016
19,009,,,2223,0.251,0.1946840060686466,0.3073159939313534
19,011,,,10185,0.4,0.35601160694678363,0.4439883930532164
19,013,,,51607,0.09399999999999999,0.08295058221813277,0.1050494177818672
19,015,,,11221,0.312,0.26890825898206777,0.3550917410179322
19,017,,,9504,0.28300000000000003,0.24867352441320326,0.31732647558679683
19,019,,,8215,0.322,0.2818236571572386,0.3621763428427614
19,021,,,7359,0.124,0.10071255455321797,0.14728744544678202
19,023,,,5674,0.40700000000000003,0.3636946475173775,0.45030535248262255
19,025,,,3367,0.31299999999999994,0.26592485996392545,0.36007514003607444
19,027,,,8590,0.12200000000000001,0.09661260761384893,0.1473873923861511
19,029,,,5216,0.11699999999999999,0.09328966107320394,0.14071033892679605
19,031,,,7229,0.444,0.39357592245566236,0.49442407754433765
19,033,,,16887,0.135,0.10989376126979775,0.16010623873020227
19,035,,,4588,0.16,0.1245344229913326,0.1954655770086674
19,037,,,4886,0.23600000000000002,0.19294121634139624,0.27905878365860376
19,039,,,3634,0.361,0.2876386927986144,0.43436130720138555
19,041,,,6594,0.17900000000000002,0.1362057889455402,0.22179421105445984
19,043,,,6275,0.27999999999999997,0.2449369964980646,0.31506300350193533
19,045,,,17525,0.285,0.25125749249036794,0.318742507509632
19,047,,,6106,0.16899999999999998,0.13434424612570453,0.20365575387429544
19,049,,,41370,0.22399999999999998,0.20252012006106557,0.2454798799389344
19,051,,,2634,0.396,0.31384769414020947,0.47815230585979057
19,053,,,2832,0.295,0.2370318690136572,0.3529681309863428
19,055,,,7537,0.217,0.1719749428446508,0.2620250571553492
19,057,,,15132,0.157,0.13266909872397703,0.18133090127602297
19,059,,,7174,0.179,0.13514088979229216,0.22285911020770782
19,061,,,39626,0.125,0.11120751347752654,0.13879248652247345
19,063,,,3885,0.22099999999999997,0.17098582364843998,0.27101417635156
19,065,,,7236,0.28800000000000003,0.24968662252401885,0.3263133774759812
19,067,,,5769,0.222,0.18376080144641072,0.2602391985535893
19,069,,,3594,0.204,0.15978627158912123,0.24821372841087874
19,071,,,2473,0.33399999999999996,0.277583261812928,0.39041673818707195
19,073,,,3147,0.30700000000000005,0.24451777074731018,0.3694822292526899
19,075,,,5019,0.34700000000000003,0.2988219689075438,0.39517803109245625
19,077,,,3939,0.444,0.391385254413366,0.496614745586634
19,079,,,6116,0.28300000000000003,0.23624258107491405,0.32975741892508603
19,081,,,4098,0.24799999999999997,0.19349017556705692,0.30250982443294305
19,083,,,6401,0.264,0.22423209025431476,0.3037679097456853
19,085,,,5952,0.491,0.43494932125659674,0.5470506787434033
19,087,,,7651,0.23600000000000002,0.19807768059919087,0.27392231940080913
19,089,,,3494,0.302,0.23862665325698354,0.36537334674301647
19,091,,,3601,0.209,0.16502774651549904,0.2529722534845009
19,093,,,2781,0.175,0.1374539033885545,0.21254609661144547
19,095,,,7011,0.35100000000000003,0.30372924562582415,0.3982707543741759
19,097,,,7300,0.369,0.32386472222157253,0.41413527777842746
19,099,,,13755,0.387,0.34608834281064654,0.4279116571893535
19,101,,,5019,0.149,0.09897163321650412,0.19902836678349586
19,103,,,55094,0.185,0.1673273567967082,0.20267264320329179
19,105,,,7419,0.39799999999999996,0.3449151707677895,0.45108482923221044
19,107,,,3544,0.431,0.3781698400198238,0.4838301599801762
19,109,,,5579,0.17799999999999996,0.14340574706835543,0.2125942529316445
19,111,,,11873,0.214,0.17938523461299144,0.24861476538700855
19,113,,,89769,0.166,0.152625565085574,0.179374434914426
19,115,,,4174,0.442,0.38260452421153934,0.5013954757884607
19,117,,,3183,0.239,0.18728332224698724,0.29071667775301274
19,119,,,4663,0.22699999999999998,0.18289879534868006,0.27110120465131987
19,121,,,6359,0.525,0.45737838613403303,0.592621613865967
19,123,,,8667,0.176,0.14725570499652638,0.2047442950034736
19,125,,,13156,0.289,0.2500800405795991,0.32791995942040086
19,127,,,15059,0.21100000000000002,0.18205882396240416,0.23994117603759588
19,129,,,5080,0.47,0.40385355835065595,0.536146441649344
19,131,,,3900,0.263,0.21022361118895297,0.3157763888110471
19,133,,,3292,0.258,0.213834460953207,0.302165539046793
19,135,,,2774,0.54,0.4271539425390829,0.6528460574609172
19,137,,,3587,0.28,0.21709884017245376,0.3429011598275463
19,139,,,16668,0.215,0.18379298519967266,0.24620701480032733
19,141,,,5500,0.252,0.20323619625267478,0.30076380374732525
19,143,,,2362,0.262,0.2063305363720404,0.3176694636279596
19,145,,,5020,0.19899999999999998,0.16074224323199446,0.2372577567680055
19,147,,,3539,0.21,0.1646920601215929,0.25530793987840705
19,149,,,10574,0.258,0.22199808867807086,0.29400191132192915
19,151,,,2556,0.265,0.2056284306225655,0.3243715693774345
19,153,,,191674,0.18299999999999997,0.17214501530995568,0.19385498469004425
19,155,,,35540,0.229,0.20719216399590437,0.2508078360040956
19,157,,,6202,0.256,0.20956247595256663,0.3024375240474334
19,159,,,1645,0.27099999999999996,0.20451105021404187,0.33748894978595806
19,161,,,4247,0.27899999999999997,0.23276161518858693,0.325238384811413
19,163,,,67755,0.16,0.14560317926550434,0.17439682073449567
19,165,,,4294,0.213,0.17170840369084453,0.25429159630915543
19,167,,,14212,0.09,0.06835552087283495,0.11164447912716505
19,169,,,36327,0.198,0.1765201200610656,0.21947987993893442
19,171,,,6234,0.31,0.26430207238285763,0.35569792761714236
19,173,,,2174,0.257,0.2117704611837562,0.3022295388162438
19,175,,,4268,0.162,0.12560589942294167,0.19839410057705834
19,177,,,2039,0.24400000000000002,0.1858851140168168,0.30211488598318326
19,179,,,12544,0.21599999999999997,0.18396244847038593,0.24803755152961401
19,181,,,21194,0.373,0.3381807746813899,0.4078192253186101
19,183,,,8819,0.299,0.2568744896314397,0.34112551036856026
19,185,,,2211,0.272,0.22559305713734362,0.3184069428626564
19,187,,,14499,0.18100000000000002,0.1475957717848057,0.21440422821519434
19,189,,,4048,0.18,0.1304420628420092,0.22955793715799078
19,191,,,7457,0.183,0.15034797370474448,0.2156520262952555
19,193,,,41162,0.115,0.10141493110520176,0.12858506889479823
19,195,,,2878,0.267,0.2210542173982598,0.3129457826017402
19,197,,,4527,0.19699999999999998,0.1508692000754922,0.24313079992450776
20,000,,,1096103,0.21899999999999997,0.21523217980916104,0.2227678201908389
20,001,,,4480,0.16899999999999998,0.1289652482332323,0.20903475176676767
20,003,,,2764,0.344,0.24845770799856598,0.43954229200143397
20,005,,,5523,0.32799999999999996,0.26592809263426875,0.39007190736573116
20,007,,,1884,0.19099999999999998,0.1400995521555551,0.24190044784444484
20,009,,,9558,0.105,0.07628041002472931,0.13371958997527067
20,011,,,4455,0.249,0.1870196441698862,0.3109803558301138
20,013,,,3284,0.15,0.12293456447959018,0.17706543552040982
20,015,,,26233,0.353,0.324528639313212,0.38147136068678794
20,017,,,884,0.278,0.2035057067394832,0.35249429326051684
20,019,,,1073,0.309,0.23047913345758786,0.38752086654241213
20,021,,,7497,0.22700000000000004,0.18361276929626152,0.27038723070373855
20,023,,,926,0.198,0.12242725706396845,0.27357274293603157
20,025,,,666,0.24900000000000003,0.16782117945309227,0.3301788205469078
20,027,,,2882,0.363,0.27506356466673343,0.45093643533326655
20,029,,,3547,0.17900000000000002,0.13817518573852505,0.219824814261475
20,031,,,3009,0.25299999999999995,0.19922434813632178,0.3067756518636781
20,033,,,718,0.154,0.09289622479339125,0.21510377520660873
20,035,,,11616,0.24,0.20657452903021659,0.2734254709697834
20,037,,,15271,0.166,0.13970612162808557,0.19229387837191445
20,039,,,897,0.258,0.14828588943513518,0.3677141105648648
20,041,,,7137,0.366,0.29761639900189124,0.43438360099810874
20,043,,,2848,0.28600000000000003,0.22811764792480832,0.34388235207519174
20,045,,,45002,0.306,0.27647605724134566,0.3355239427586543
20,047,,,945,0.27299999999999996,0.18575238299699764,0.3602476170030023
20,049,,,721,0.44,0.34055523996319503,0.539444760036805
20,051,,,12701,0.068,0.047991491171706105,0.0880085088282939
20,053,,,2102,0.23299999999999998,0.1859248599639255,0.2800751400360745
20,055,,,14571,0.098,0.07625735946616807,0.11974264053383193
20,057,,,13168,0.08,0.057677453963171685,0.10232254603682832
20,059,,,9842,0.375,0.3259459329526222,0.4240540670473778
20,061,,,12817,0.166,0.12894870378271883,0.20305129621728119
20,063,,,1070,0.207,0.15529704930170896,0.258702950698291
20,065,,,895,0.11899999999999998,0.05972415268300985,0.17827584731699012
20,067,,,2479,0.16699999999999998,0.08707246378298622,0.24692753621701374
20,069,,,2299,0.198,0.15040003728065798,0.24559996271934204
20,071,,,438,0.14400000000000002,0.08251406915262322,0.20548593084737682
20,073,,,2095,0.377,0.3034550838916924,0.4505449161083076
20,075,,,756,0.223,0.08313315521933029,0.3628668447806697
20,077,,,1739,0.185,0.1274003923357258,0.24259960766427419
20,079,,,13061,0.34299999999999997,0.2919741985574308,0.39402580144256916
20,081,,,1228,0.21100000000000002,0.13183093369691135,0.2901690663030887
20,083,,,599,0.33,0.2299787437711327,0.43002125622886733
20,085,,,4759,0.35700000000000004,0.2954794454440994,0.4185205545559007
20,087,,,7020,0.527,0.46772415268300993,0.5862758473169901
20,089,,,1062,0.217,0.15560649450490704,0.27839350549509295
20,091,,,233631,0.22,0.21092588736322598,0.22907411263677402
20,093,,,1187,0.304,0.1996851233945358,0.40831487660546417
20,095,,,2874,0.35100000000000003,0.27599292926041874,0.42600707073958133
20,097,,,908,0.18899999999999997,0.12363076284567391,0.254369237154326
20,099,,,6567,0.195,0.15213949268417545,0.23786050731582456
20,101,,,465,0.14400000000000002,0.058927325824601307,0.22907267417539873
20,103,,,28850,0.3940000000000001,0.35784070252307937,0.4301592974769208
20,105,,,1086,0.294,0.22022380999973512,0.36777619000026485
20,107,,,3252,0.5489999999999999,0.47337092254780694,0.624629077452193
20,109,,,1176,0.284,0.18847999884741345,0.3795200011525865
20,111,,,13084,0.132,0.1048037496260108,0.1591962503739892
20,113,,,12373,0.163,0.13493037176996486,0.19106962823003515
20,115,,,4208,0.315,0.27489439021006035,0.35510560978993966
20,117,,,3453,0.17800000000000002,0.14227518282418566,0.21372481717581437
20,119,,,1304,0.22300000000000003,0.1547930876803187,0.2912069123196814
20,121,,,13298,0.546,0.48640170689171164,0.6055982931082884
20,123,,,2147,0.129,0.07927048262707594,0.17872951737292408
20,125,,,10611,0.195,0.16178756798183336,0.22821243201816666
20,127,,,2146,0.32899999999999996,0.2657275395190044,0.3922724604809955
20,129,,,882,0.229,0.12381098949419392,0.33418901050580607
20,131,,,3977,0.13,0.0980956613198396,0.1619043386801604
20,133,,,5624,0.16399999999999998,0.12651066244838605,0.2014893375516139
20,135,,,1094,0.145,0.10217262798662807,0.1878273720133719
20,137,,,1466,0.07400000000000001,0.025851444609961804,0.12214855539003822
20,139,,,5818,0.483,0.42781718928451684,0.5381828107154831
20,141,,,1351,0.126,0.08501900096904208,0.16698099903095792
20,143,,,2266,0.283,0.2206998023919594,0.34530019760804054
20,145,,,2015,0.185,0.11148404428506115,0.25851595571493885
20,147,,,1716,0.161,0.1133106476005697,0.20868935239943032
20,149,,,9984,0.337,0.2816758758374759,0.39232412416252416
20,151,,,3373,0.1,0.06078931788822798,0.13921068211177204
20,153,,,953,0.10399999999999998,0.05259997199289839,0.15540002800710156
20,155,,,22944,0.185,0.16014951909748093,0.20985048090251907
20,157,,,1678,0.203,0.14556082004945864,0.2604391799505414
20,159,,,3414,0.264,0.2027338070295986,0.32526619297040144
20,161,,,27014,0.14200000000000002,0.11565218541064311,0.16834781458935694
20,163,,,1909,0.169,0.11687319149630929,0.22112680850369074
20,165,,,1120,0.384,0.2970294378646723,0.47097056213532773
20,167,,,2902,0.14400000000000002,0.08446128732558783,0.2035387126744122
20,169,,,20601,0.122,0.09775677793265862,0.1462432220673414
20,171,,,2322,0.136,0.05847990374312047,0.21352009625687957
20,173,,,199795,0.159,0.14992588736322598,0.16807411263677402
20,175,,,7909,0.10400000000000001,0.06392980355894412,0.1440701964410559
20,177,,,63708,0.128,0.11395254759866193,0.14204745240133806
20,179,,,824,0.179,0.11057489150125711,0.24742510849874289
20,181,,,2277,0.131,0.07606213230039863,0.18593786769960138
20,183,,,1338,0.14500000000000002,0.10146577656336486,0.18853422343663517
20,185,,,1443,0.31200000000000006,0.24577848332178268,0.37822151667821746
20,187,,,783,0.14,0.03998584074891359,0.24001415925108643
20,189,,,1859,0.18899999999999997,0.10318794685261896,0.274812053147381
20,191,,,8175,0.44500000000000006,0.3887723053630786,0.5012276946369215
20,193,,,3582,0.078,0.0444262060850255,0.11157379391497449
20,195,,,1094,0.21100000000000002,0.1335715242647424,0.28842847573525765
20,197,,,2403,0.469,0.40917584240038646,0.5288241575996135
20,199,,,520,0.21100000000000002,0.09995472560643297,0.32204527439356706
20,201,,,2111,0.21100000000000002,0.16919586942980705,0.25280413057019296
20,203,,,597,0.14600000000000002,0.050517161826352894,0.24148283817364713
20,205,,,3161,0.245,0.1885706814274027,0.3014293185725973
20,207,,,1004,0.302,0.20929324551660367,0.3947067544833963
20,209,,,57956,0.26299999999999996,0.2407411418134662,0.28525885818653374
21,000,,,1544436,0.308,0.3032340425531915,0.3127659574468085
21,001,,,5593,0.271,0.21494932125659677,0.32705067874340327
21,003,,,7401,0.43900000000000006,0.36327712482175356,0.5147228751782466
21,005,,,9124,0.516,0.4460462805776342,0.5859537194223658
21,007,,,2962,0.43,0.34673202623483024,0.5132679737651697
21,009,,,14124,0.307,0.2642888039821125,0.34971119601788747
21,011,,,4065,0.40299999999999997,0.3239026935723443,0.48209730642765564
21,013,,,5112,0.327,0.2669744735151183,0.3870255264848817
21,015,,,53737,0.326,0.299251130171148,0.352748869828852
21,017,,,6584,0.325,0.2708298039477889,0.37917019605221114
21,019,,,15290,0.254,0.21473504702196133,0.2932649529780387
21,021,,,9976,0.254,0.21277722306585758,0.29522277693414245
21,023,,,2942,0.601,0.4986636175434806,0.7033363824565193
21,025,,,2976,0.40299999999999997,0.3185974636670816,0.48740253633291836
21,027,,,6759,0.505,0.4340088280726035,0.5759911719273965
21,029,,,33374,0.514,0.476208932531038,0.551791067468962
21,031,,,3908,0.477,0.40204973129108706,0.551950268708913
21,033,,,4268,0.366,0.2718346426149075,0.4601653573850925
21,035,,,13606,0.195,0.1553035510663136,0.2346964489336864
21,037,,,34284,0.327,0.2970938543706969,0.3569061456293031
21,039,,,1761,0.457,0.3779206437158701,0.53607935628413
21,041,,,3563,0.325,0.22711641137716693,0.4228835886228331
21,043,,,7559,0.42599999999999993,0.3573677305413428,0.49463226945865707
21,045,,,4075,0.39899999999999997,0.3188861832727832,0.47911381672721676
21,047,,,22943,0.22099999999999997,0.1907868744402581,0.25121312555974185
21,049,,,12702,0.403,0.3516967315774377,0.45430326842256236
21,051,,,4724,0.37200000000000005,0.28775740478625045,0.45624259521374966
21,053,,,3308,0.29400000000000004,0.21107370996484282,0.37692629003515726
21,055,,,2339,0.327,0.2538130629817508,0.4001869370182492
21,057,,,1845,0.19699999999999998,0.11911449942615862,0.2748855005738413
21,059,,,39631,0.20299999999999996,0.178092457068499,0.22790754293150092
21,061,,,3477,0.579,0.47022804931105977,0.6877719506889401
21,063,,,1594,0.49099999999999994,0.3419971213223292,0.6400028786776707
21,065,,,3783,0.49200000000000005,0.39679261871876714,0.587207381281233
21,067,,,122358,0.206,0.192310829438037,0.21968917056196297
21,069,,,4689,0.44400000000000006,0.35956383045740536,0.5284361695425948
21,071,,,9184,0.335,0.27618095977505885,0.3938190402249412
21,073,,,17692,0.255,0.21905728616068476,0.29094271383931525
21,075,,,1538,0.257,0.14895484068741094,0.3650451593125891
21,077,,,3108,0.535,0.43682677148200744,0.6331732285179926
21,079,,,5573,0.547,0.47110858105527886,0.6228914189447212
21,081,,,9124,0.48,0.42305727862642406,0.5369427213735759
21,083,,,12362,0.251,0.21330296369807844,0.28869703630192156
21,085,,,8244,0.34700000000000003,0.2939686837140851,0.400031316285915
21,087,,,3715,0.358,0.27891166813485435,0.4370883318651456
21,089,,,10931,0.36099999999999993,0.3074094628056704,0.4145905371943295
21,091,,,3352,0.35600000000000004,0.2810307924989443,0.4309692075010558
21,093,,,39068,0.287,0.25915889357656663,0.3148411064234333
21,095,,,5787,0.318,0.2513511054320824,0.3846488945679176
21,097,,,6702,0.435,0.3631540806660294,0.5068459193339706
21,099,,,5793,0.382,0.31336773054134287,0.45063226945865714
21,101,,,15143,0.296,0.2540771797105313,0.3379228202894687
21,103,,,5200,0.503,0.4371439351570735,0.5688560648429265
21,105,,,1469,0.31200000000000006,0.20131968064783706,0.42268031935216305
21,107,,,15732,0.249,0.21256691269448694,0.28543308730551303
21,109,,,3579,0.603,0.47886762129773885,0.7271323787022611
21,111,,,276920,0.236,0.22603128479023227,0.2459687152097677
21,113,,,19149,0.38800000000000007,0.3413946381245088,0.4346053618754913
21,115,,,6367,0.23,0.17171436686948421,0.2882856331305158
21,117,,,65755,0.24799999999999997,0.23057001329901367,0.2654299867009863
21,119,,,3187,0.393,0.29494252477622523,0.4910574752237748
21,121,,,6992,0.289,0.22782656437722276,0.3501734356227772
21,123,,,5445,0.43300000000000005,0.36059312188618253,0.5054068781138176
21,125,,,19973,0.24799999999999997,0.20917133781868857,0.28682866218131137
21,127,,,4424,0.5,0.39721375470071296,0.602786245299287
21,129,,,1694,0.467,0.34453714913673916,0.5894628508632609
21,131,,,2554,0.565,0.41628322542399687,0.713716774576003
21,133,,,4759,0.4,0.32066971131096433,0.4793302886890357
21,135,,,3491,0.5109999999999999,0.42079237268750025,0.6012076273124995
21,137,,,7347,0.434,0.37472415268300985,0.49327584731699015
21,139,,,2934,0.474,0.37231072813381233,0.5756892718661876
21,141,,,9511,0.431,0.3614635538860227,0.5005364461139773
21,143,,,2760,0.371,0.28581892639182577,0.4561810736081742
21,145,,,24776,0.15600000000000003,0.13163994245075303,0.18036005754924703
21,147,,,3489,0.5319999999999999,0.42198223115653216,0.6420177688434676
21,149,,,3120,0.521,0.4220633264711956,0.6199366735288044
21,151,,,34880,0.39000000000000007,0.35932059495248136,0.4206794050475188
21,153,,,2273,0.45599999999999996,0.3436266972673495,0.5683733027326504
21,155,,,6992,0.257,0.20801833751909404,0.30598166248090597
21,157,,,10758,0.308,0.26467825949314555,0.35132174050685444
21,159,,,2425,0.456,0.3384222746310233,0.5735777253689767
21,161,,,5848,0.261,0.20200021867439685,0.31999978132560314
21,163,,,11534,0.48400000000000004,0.4222491168415663,0.5457508831584338
21,165,,,1691,0.493,0.3617251215671483,0.6242748784328517
21,167,,,8115,0.392,0.33054871236929817,0.45345128763070186
21,169,,,3267,0.366,0.2703463316732023,0.46165366832679766
21,171,,,3914,0.316,0.24141048198724985,0.39058951801275016
21,173,,,10160,0.37799999999999995,0.3234901755670569,0.432509824432943
21,175,,,3549,0.41600000000000004,0.33562964855946875,0.4963703514405313
21,177,,,10124,0.37599999999999995,0.32274162503135684,0.42925837496864305
21,179,,,18882,0.408,0.36717518573852503,0.4488248142614749
21,181,,,2611,0.5920000000000001,0.4568565304712441,0.7271434695287561
21,183,,,7984,0.504,0.43538841849040627,0.5726115815095937
21,185,,,23872,0.4750000000000001,0.44042627169367554,0.5095737283063246
21,187,,,3413,0.632,0.5165176941273273,0.7474823058726727
21,189,,,790,0.20199999999999999,0.0827498302400484,0.3212501697599516
21,191,,,4959,0.613,0.5148195414323958,0.7111804585676041
21,193,,,6940,0.263,0.20384402307326308,0.3221559769267369
21,195,,,15057,0.324,0.27626601553427377,0.37173398446572625
21,197,,,4114,0.436,0.35155542424806163,0.5204445757519384
21,199,,,20472,0.22400000000000003,0.19397541372647525,0.2540245862735248
21,201,,,681,0.528,0.34376553604341353,0.7122344639565865
21,203,,,4622,0.369,0.2960364757468841,0.4419635242531159
21,205,,,7961,0.264,0.20881718928451687,0.31918281071548316
21,207,,,5778,0.27899999999999997,0.22044705591343705,0.3375529440865629
21,209,,,22825,0.306,0.2743189274545844,0.3376810725454156
21,211,,,17776,0.45,0.4037769691271844,0.4962230308728156
21,213,,,7167,0.245,0.19155535984883723,0.2984446401511628
21,215,,,7608,0.655,0.5682010017727459,0.7417989982272541
21,217,,,8966,0.213,0.16202987320733547,0.2639701267926645
21,219,,,3769,0.3899999999999999,0.31805535048432076,0.46194464951567904
21,221,,,4227,0.412,0.3287320262348302,0.49526797376516973
21,223,,,2804,0.43800000000000006,0.32942399966058,0.5465760003394201
21,225,,,4561,0.293,0.2256202494575722,0.36037975054242777
21,227,,,51641,0.17300000000000001,0.15260498733951222,0.1933950126604878
21,229,,,4174,0.32299999999999995,0.2570792964389028,0.3889207035610971
21,231,,,5157,0.29300000000000004,0.2349829094348399,0.3510170905651602
21,233,,,4144,0.4799999999999999,0.4045494594771656,0.5554505405228343
21,235,,,9872,0.32,0.26589536151271553,0.3741046384872845
21,237,,,1305,0.5009999999999999,0.3222051206751346,0.6797948793248652
21,239,,,10395,0.361,0.30850681347970216,0.4134931865202978
22,000,,,1562517,0.341,0.3355399098102654,0.34646009018973467
22,001,,,18309,0.39,0.34444208338378346,0.43555791661621657
22,003,,,6345,0.412,0.33662475943656645,0.4873752405634335
22,005,,,52413,0.483,0.44426285023010653,0.5217371497698934
22,007,,,7308,0.48900000000000005,0.40561276769466637,0.5723872323053337
22,009,,,11522,0.446,0.3881053860134166,0.5038946139865834
22,011,,,12143,0.467,0.4106462058670991,0.523353794132901
22,013,,,3669,0.455,0.36796416914093777,0.5420358308590623
22,015,,,48476,0.28,0.25698851822794966,0.3030114817720504
22,017,,,74478,0.209,0.19185745327837156,0.22614254672162842
22,019,,,73742,0.204,0.18489897246073705,0.22310102753926292
22,021,,,2864,0.441,0.28799680602901234,0.5940031939709877
22,023,,,1979,0.3,0.179671371970739,0.42032862802926096
22,025,,,2065,0.523,0.39808667377957097,0.6479133262204291
22,027,,,3379,0.34,0.25605283085844444,0.4239471691415556
22,029,,,5076,0.213,0.15312840055502447,0.2728715994449755
22,031,,,8760,0.46,0.39989175299444696,0.5201082470055531
22,033,,,158631,0.30800000000000005,0.2911919741518875,0.3248080258481126
22,035,,,1601,0.105,0.03798997730418924,0.17201002269581075
22,037,,,5827,0.605,0.509822445593334,0.700177554406666
22,039,,,9160,0.37799999999999995,0.318080996272503,0.43791900372749687
22,041,,,5422,0.322,0.2485709939969946,0.39542900600300546
22,043,,,7288,0.325,0.26346790853737706,0.38653209146262296
22,045,,,22351,0.316,0.2747600074556128,0.3572399925443872
22,047,,,9816,0.326,0.26519900884751557,0.38680099115248445
22,049,,,4424,0.344,0.27560601976513144,0.4123939802348685
22,051,,,153008,0.332,0.31481609604885247,0.34918390395114757
22,053,,,11040,0.444,0.3749552732860235,0.5130447267139765
22,055,,,95549,0.251,0.23160395843868972,0.2703960415613103
22,057,,,33155,0.379,0.3453417435769264,0.41265825642307363
22,059,,,4521,0.37,0.2640646011147121,0.4759353988852879
22,061,,,14596,0.20800000000000002,0.16940972146896632,0.2465902785310337
22,063,,,56104,0.597,0.5596624417661458,0.6343375582338542
22,065,,,2449,0.203,0.13197883813733885,0.2740211618626612
22,067,,,7610,0.38699999999999996,0.32778405754653667,0.44621594245346324
22,069,,,12063,0.281,0.24836971997841567,0.3136302800215844
22,071,,,104124,0.264,0.24589092951914987,0.28210907048085015
22,073,,,53676,0.20900000000000002,0.18674114181346627,0.23125885818653377
22,075,,,8508,0.43199999999999994,0.36006521740468755,0.5039347825953123
22,077,,,7083,0.447,0.3655854351380456,0.5284145648619545
22,079,,,43152,0.214,0.19170927514262331,0.23629072485737668
22,081,,,2474,0.377,0.2743934631548753,0.4796065368451247
22,083,,,5891,0.36199999999999993,0.29720882868407983,0.42679117131592004
22,085,,,6026,0.446,0.39085579216487293,0.5011442078351271
22,087,,,14087,0.524,0.4666473900759754,0.5813526099240247
22,089,,,19846,0.408,0.36176161518858696,0.454238384811413
22,091,,,2798,0.58,0.45887761951325456,0.7011223804867454
22,093,,,7091,0.45599999999999996,0.38947903049160504,0.5225209695083949
22,095,,,13550,0.515,0.44685555777034786,0.5831444422296522
22,097,,,23446,0.40900000000000003,0.3700982828863995,0.44790171711360055
22,099,,,18404,0.409,0.3668071426494024,0.45119285735059755
22,101,,,15996,0.23499999999999996,0.2007356163704378,0.2692643836295621
22,103,,,97082,0.47200000000000003,0.4473214968101352,0.49667850318986484
22,105,,,46730,0.439,0.3983843663511778,0.4796156336488222
22,107,,,824,0.386,0.2684041648541937,0.5035958351458063
22,109,,,38091,0.29200000000000004,0.2615761643085529,0.32242383569144717
22,111,,,6731,0.44800000000000006,0.3697780201292331,0.526221979870767
22,113,,,19060,0.43799999999999994,0.389763071537028,0.4862369284629719
22,115,,,16399,0.26899999999999996,0.2385295377130856,0.2994704622869143
22,117,,,11326,0.40299999999999997,0.34278556501824475,0.4632144349817552
22,119,,,10775,0.361,0.3160064840444274,0.4059935159555726
22,121,,,10580,0.36400000000000005,0.28778192398840086,0.44021807601159924
22,123,,,2991,0.375,0.27518476099548583,0.47481523900451417
22,125,,,4652,0.568,0.45011478678479633,0.6858852132152036
22,127,,,3981,0.37200000000000005,0.2580086491570583,0.4859913508429418
23,000,,,481348,0.347,0.33918688175827844,0.3548131182417215
23,001,,,39908,0.373,0.34299906444796624,0.40300093555203376
23,003,,,22284,0.196,0.17546624415705556,0.21653375584294446
23,005,,,106512,0.31200000000000006,0.29610354920018994,0.32789645079981017
23,007,,,9822,0.38,0.32016397841264477,0.43983602158735524
23,009,,,18394,0.38199999999999995,0.344397230002922,0.4196027699970779
23,011,,,44294,0.353,0.3264108263436681,0.3795891736563319
23,013,,,13097,0.20700000000000002,0.1768103774586419,0.23718962254135814
23,015,,,12106,0.369,0.3286122012606815,0.40938779873931846
23,017,,,19598,0.441,0.405136368135133,0.476863631864867
23,019,,,55670,0.276,0.254355520872835,0.2976444791271651
23,021,,,5697,0.311,0.2653176079697819,0.3566823920302181
23,023,,,13063,0.39399999999999996,0.34127743719868486,0.44672256280131506
23,025,,,17240,0.42200000000000004,0.38304358159322466,0.4609564184067754
23,027,,,13356,0.38099999999999995,0.342391332009485,0.4196086679905149
23,029,,,9474,0.27399999999999997,0.24644077121921948,0.30155922878078045
23,031,,,80833,0.43300000000000005,0.4083790896615485,0.4576209103384516
24,000,,,2024501,0.48400000000000004,0.4785399098102654,0.4894600901897347
24,001,,,20650,0.21299999999999997,0.18609238177550516,0.23990761822449477
24,003,,,221445,0.455,0.4398816948454219,0.47011830515457814
24,005,,,292861,0.436,0.4232227000743242,0.4487772999256758
24,009,,,35102,0.6090000000000001,0.5707422432319945,0.6472577567680057
24,011,,,12938,0.5820000000000001,0.5293987471038268,0.6346012528961733
24,013,,,67334,0.573,0.5471416611234936,0.5988583388765063
24,015,,,36928,0.46199999999999997,0.4242277200377765,0.49977227996222345
24,017,,,61756,0.688,0.653221570507137,0.7227784294928629
24,019,,,11463,0.37799999999999995,0.32945503267668297,0.4265449673233169
24,021,,,102326,0.48100000000000004,0.46156739659368506,0.500432603406315
24,023,,,9864,0.293,0.25153685498242134,0.3344631450175786
24,025,,,101752,0.525,0.5016820935258781,0.5483179064741219
24,027,,,113876,0.44,0.4195702132091275,0.4604297867908725
24,029,,,6484,0.35900000000000004,0.29045051979881015,0.42754948020118994
24,031,,,291655,0.512,0.49922270007432423,0.5247772999256758
24,033,,,294219,0.6110000000000001,0.5954648793748364,0.6265351206251638
24,035,,,20339,0.514,0.47497076579434405,0.553029234205656
24,037,,,42647,0.39599999999999996,0.36443115264801956,0.42756884735198036
24,039,,,6640,0.403,0.3205372287244338,0.48546277127556625
24,041,,,12108,0.306,0.2683406419046966,0.3436593580953034
24,043,,,52506,0.385,0.3560588239624041,0.4139411760375959
24,045,,,40775,0.255,0.2296685887015685,0.28033141129843153
24,047,,,18597,0.289,0.2506495868677387,0.32735041313226126
24,510,,,150236,0.39899999999999997,0.38214979585257586,0.4158502041474241
25,000,,,2220613,0.43200000000000005,0.42723404255319153,0.4367659574468086
25,001,,,79236,0.293,0.2713883404203371,0.31461165957966286
25,003,,,44326,0.252,0.23035552087283495,0.27364447912716505
25,005,,,214027,0.41700000000000004,0.4031561446348331,0.43084385536516695
25,007,,,6678,0.10899999999999999,0.0568459641199404,0.16115403588005958
25,009,,,280866,0.418,0.40596654730748344,0.4300334526925165
25,011,,,24819,0.327,0.30368209352587805,0.350317906474122
25,013,,,159156,0.282,0.26889361702127657,0.2951063829787234
25,015,,,51675,0.36700000000000005,0.3418090856879895,0.3921909143120106
25,017,,,481891,0.474,0.464847996555731,0.48315200344426895
25,019,,,5494,0.13,0.05040173299337969,0.20959826700662032
25,021,,,220941,0.508,0.494839569851862,0.5211604301481381
25,023,,,191620,0.48300000000000004,0.46623425856063117,0.4997657414393689
25,025,,,151736,0.48700000000000004,0.4682742748053597,0.5057257251946404
25,027,,,308148,0.4439999999999999,0.43263391589801076,0.45536608410198903
26,000,,,3445716,0.32800000000000007,0.3256170212765958,0.33038297872340433
26,001,,,2775,0.39699999999999996,0.3425162256638531,0.45148377433614684
26,003,,,2083,0.291,0.23162843062256547,0.3503715693774345
26,005,,,45191,0.33,0.30770927514262336,0.35229072485737667
26,007,,,9234,0.138,0.11363994245075301,0.162360057549247
26,009,,,7675,0.405,0.35831854768710875,0.4516814523128913
26,011,,,4835,0.34700000000000003,0.3087422432319945,0.38525775676800555
26,013,,,2278,0.156,0.11870048309872691,0.1932995169012731
26,015,,,22680,0.48,0.43987669525672196,0.520123304743278
26,017,,,39060,0.273,0.25055062029448216,0.2954493797055179
26,019,,,6151,0.379,0.335809537796513,0.422190462203487
26,021,,,52325,0.223,0.20606575441278924,0.23993424558721077
26,023,,,15081,0.264,0.23646653955471,0.29153346044529005
26,025,,,46526,0.234,0.21727664988368897,0.2507233501163111
26,027,,,17996,0.3509999999999999,0.31891816710643267,0.3830818328935672
26,029,,,9111,0.251,0.22497747954469943,0.27702252045530057
26,031,,,8085,0.34700000000000003,0.30808004057959915,0.3859199594204009
26,033,,,11575,0.165,0.13905944044263138,0.19094055955736863
26,035,,,7585,0.42700000000000005,0.3751462515646221,0.478853748435378
26,037,,,29808,0.27699999999999997,0.2545822614373468,0.29941773856265314
26,039,,,3739,0.263,0.21125587906237983,0.31474412093762016
26,041,,,12123,0.15,0.1257567779326586,0.17424322206734139
26,043,,,9070,0.159,0.12363463674635207,0.19436536325364795
26,045,,,38561,0.26899999999999996,0.250695993111462,0.2873040068885379
26,047,,,12333,0.22300000000000003,0.19391203768165588,0.2520879623183442
26,049,,,134312,0.35300000000000004,0.33679399258533654,0.36920600741466353
26,051,,,7550,0.436,0.39722621934743463,0.47477378065256537
26,053,,,4879,0.16599999999999998,0.12921789164832953,0.20278210835167043
26,055,,,34113,0.204,0.18071255455321794,0.22728744544678203
26,057,,,13569,0.309,0.2796932367204283,0.3383067632795717
26,059,,,15209,0.35100000000000003,0.3235698549676428,0.3784301450323573
26,061,,,10672,0.11899999999999998,0.09712716285024667,0.1408728371497533
26,063,,,10683,0.23200000000000004,0.20977305417136285,0.2542269458286372
26,065,,,91636,0.188,0.1748936170212766,0.2011063829787234
26,067,,,24062,0.45699999999999996,0.42232377005072785,0.49167622994927207
26,069,,,7544,0.243,0.20693898837346353,0.27906101162653646
26,071,,,3337,0.226,0.18937260151742102,0.262627398482579
26,073,,,22619,0.22199999999999995,0.1990812445222639,0.244918755477736
26,075,,,54419,0.28600000000000003,0.26505552837128027,0.3069444716287198
26,077,,,99463,0.21500000000000002,0.20011830264211447,0.22988169735788558
26,079,,,6277,0.466,0.4152951626156009,0.5167048373843992
26,081,,,249423,0.212,0.20284799655573102,0.22115200344426897
26,083,,,532,0.22700000000000004,0.14862390586290675,0.3053760941370933
26,085,,,3532,0.531,0.4429667538829201,0.61903324611708
26,087,,,32159,0.537,0.504587985170673,0.569412014829327
26,089,,,7077,0.301,0.26160870577575634,0.34039129422424363
26,091,,,34430,0.42,0.3914788206212423,0.4485211793787577
26,093,,,74730,0.503,0.48212341986799206,0.5238765801320079
26,095,,,1479,0.145,0.09106618411282114,0.19893381588717884
26,097,,,2919,0.301,0.25057592245566235,0.35142407754433763
26,099,,,321836,0.40199999999999997,0.39107981962053073,0.4129201803794692
26,101,,,7579,0.276,0.24165285203819678,0.31034714796180324
26,103,,,24297,0.179,0.15690116443626556,0.20109883556373442
26,105,,,9034,0.19899999999999998,0.17222460674387918,0.22577539325612078
26,107,,,13261,0.327,0.2927356163704379,0.36126438362956215
26,109,,,7990,0.26300000000000007,0.23179298519967273,0.2942070148003274
26,111,,,29315,0.295,0.2690320914001832,0.3209679085998168
26,113,,,5264,0.308,0.27160589942294167,0.3443941005770583
26,115,,,57458,0.417,0.39186550437989737,0.4421344956201026
26,117,,,23484,0.495,0.4553035510663136,0.5346964489336864
26,119,,,2455,0.4,0.32711434505856013,0.4728856549414399
26,121,,,62010,0.24,0.2226926173064957,0.2573073826935043
26,123,,,16595,0.447,0.4136382978723404,0.4803617021276596
26,125,,,464268,0.402,0.3941868817582785,0.40981311824172156
26,127,,,8683,0.305,0.2726537519239191,0.3373462480760809
26,129,,,6135,0.33599999999999997,0.2960184741620637,0.3759815258379362
26,131,,,1425,0.309,0.2405645185597136,0.3774354814402864
26,133,,,7218,0.34199999999999997,0.30941325606187525,0.3745867439381247
26,135,,,1940,0.401,0.3227961711864146,0.4792038288135854
26,137,,,9343,0.23800000000000002,0.19816075762345417,0.27783924237654584
26,139,,,118262,0.24100000000000002,0.22811207203663939,0.2538879279633607
26,141,,,3604,0.3789999999999999,0.3266422101109654,0.4313577898890344
26,143,,,6080,0.317,0.2688809383679453,0.3651190616320547
26,145,,,62514,0.251,0.23475025159508067,0.26724974840491933
26,147,,,59272,0.42400000000000004,0.4018690673451835,0.44613093265481657
26,149,,,19553,0.27099999999999996,0.2457246937788638,0.2962753062211361
26,151,,,13041,0.397,0.36491816710643277,0.42908183289356727
26,153,,,2545,0.21,0.1632577645203298,0.2567422354796702
26,155,,,25165,0.451,0.41931892745458443,0.4826810725454156
26,157,,,18183,0.425,0.38854743496665584,0.46145256503334414
26,159,,,25413,0.33799999999999997,0.3103379379187379,0.365662062081262
26,161,,,108495,0.302,0.28731033258866967,0.3166896674113303
26,163,,,530628,0.348,0.3394080480244262,0.35659195197557375
26,165,,,10866,0.32799999999999996,0.2951313022744047,0.3608686977255952
27,000,,,2024933,0.288,0.28484761545915704,0.2911523845408429
27,001,,,4554,0.337,0.30232377005072797,0.3716762299492721
27,003,,,139332,0.38,0.3658518477260825,0.39414815227391753
27,005,,,12162,0.259,0.23696549888300453,0.2810345011169955
27,007,,,16306,0.182,0.15895769238456237,0.20504230761543762
27,009,,,17434,0.256,0.22997747954469944,0.2820225204553006
27,011,,,1607,0.21,0.16779032269364136,0.2522096773063586
27,013,,,27918,0.145,0.12870662803093763,0.16129337196906235
27,015,,,10397,0.165,0.14183479920569106,0.18816520079430896
27,017,,,12926,0.287,0.2577417177516048,0.31625828224839514
27,019,,,40595,0.358,0.33244540014864843,0.38355459985135154
27,021,,,9427,0.342,0.3188347992056911,0.365165200794309
27,023,,,4393,0.169,0.12859462988776438,0.20940537011223564
27,025,,,21789,0.529,0.49042811969577177,0.5675718803042283
27,027,,,25155,0.18,0.1626926173064957,0.19730738269350429
27,029,,,2638,0.37799999999999995,0.3377177904576548,0.4182822095423451
27,031,,,1800,0.155,0.09934328851139633,0.21065671148860365
27,033,,,3843,0.177,0.14332066104656407,0.2106793389534359
27,035,,,22896,0.253,0.23122473733149285,0.27477526266850716
27,037,,,160212,0.32800000000000007,0.31478574373704415,0.341214256262956
27,039,,,8282,0.327,0.2905085107003252,0.36349148929967484
27,041,,,15291,0.175,0.15381962181405645,0.19618037818594353
27,043,,,5068,0.29,0.25391930978448096,0.326080690215519
27,045,,,7871,0.44,0.41137944338851057,0.46862055661148944
27,047,,,11304,0.203,0.17437944338851058,0.23162055661148945
27,049,,,18576,0.32799999999999996,0.29741328218861135,0.35858671781138857
27,051,,,2071,0.3459999999999999,0.30227055485122784,0.389729445148772
27,053,,,411361,0.244,0.236278266401897,0.25172173359810296
27,055,,,7130,0.326,0.28881484059905,0.36318515940095003
27,057,,,7098,0.256,0.22742908879728593,0.2845709112027141
27,059,,,16368,0.49700000000000005,0.45934064190469664,0.5346593580953034
27,061,,,14453,0.292,0.26415889357656663,0.31984110642343333
27,063,,,3879,0.184,0.14893699649806463,0.21906300350193536
27,065,,,5791,0.457,0.41797076579434406,0.496029234205656
27,067,,,17138,0.14300000000000002,0.12404820152440715,0.16195179847559288
27,069,,,1423,0.27699999999999997,0.22937022208029043,0.32462977791970954
27,071,,,3743,0.159,0.10798811152331796,0.21001188847668206
27,073,,,2262,0.15899999999999997,0.1331691261751912,0.18483087382480876
27,075,,,3554,0.41200000000000003,0.3457142009736798,0.4782857990263203
27,077,,,1547,0.16400000000000003,0.0969582064500791,0.23104179354992097
27,079,,,12019,0.385,0.3530956613198396,0.4169043386801604
27,081,,,1876,0.36900000000000005,0.3221061512922278,0.4158938487077723
27,083,,,9076,0.14,0.1164398230582134,0.16356017694178662
27,085,,,14980,0.308,0.2732624142434748,0.3427375857565252
27,087,,,1442,0.24600000000000002,0.2160701287456806,0.27592987125431945
27,089,,,3167,0.375,0.3396145712904094,0.4103854287095906
27,091,,,7441,0.171,0.14290509519732386,0.19909490480267616
27,093,,,9361,0.33199999999999996,0.301136055513559,0.36286394448644094
27,095,,,10035,0.45799999999999996,0.4203594951514828,0.4956405048485171
27,097,,,12652,0.43599999999999994,0.4081588935765666,0.4638411064234333
27,099,,,14567,0.272,0.2411820867762918,0.30281791322370827
27,101,,,2946,0.311,0.2685555431782474,0.3534444568217526
27,103,,,12751,0.13099999999999998,0.10971931954103109,0.15228068045896886
27,105,,,7184,0.191,0.15261258694294158,0.22938741305705843
27,107,,,2214,0.33299999999999996,0.29371697339477726,0.37228302660522267
27,109,,,57343,0.126,0.11041925484010993,0.14158074515989005
27,111,,,20976,0.251,0.2331276595744681,0.26887234042553193
27,113,,,5537,0.084,0.061050294129394465,0.10694970587060554
27,115,,,9851,0.44299999999999995,0.4119983718063646,0.4740016281936353
27,117,,,3480,0.198,0.16470218883834048,0.23129781116165954
27,119,,,11785,0.22899999999999998,0.19841328218861137,0.2595867178113886
27,121,,,4122,0.281,0.2475108816143366,0.31448911838566346
27,123,,,171849,0.231,0.21969653942748324,0.24230346057251678
27,125,,,1450,0.308,0.25631078000191077,0.3596892199980892
27,127,,,5394,0.187,0.1656194878103005,0.2083805121896995
27,129,,,5485,0.27399999999999997,0.2445001093371984,0.30349989066280153
27,131,,,22504,0.33,0.30414166112349367,0.35585833887650636
27,133,,,3885,0.308,0.25930903244530457,0.3566909675546954
27,135,,,5613,0.183,0.15309385437069686,0.21290614562930313
27,137,,,71049,0.19699999999999998,0.18703128479023226,0.2069687152097677
27,139,,,59909,0.385,0.35819810956445486,0.41180189043554516
27,141,,,40767,0.48800000000000004,0.4569754839271351,0.519024516072865
27,143,,,5892,0.44400000000000006,0.40992257105616153,0.4780774289438386
27,145,,,62221,0.23800000000000002,0.22288169484542186,0.25311830515457817
27,147,,,14797,0.22899999999999998,0.19369490153865415,0.2643050984613458
27,149,,,3480,0.144,0.107372601517421,0.18062739848257897
27,151,,,3348,0.291,0.23818327767996236,0.34381672232003757
27,153,,,8095,0.324,0.2981966204606036,0.34980337953939644
27,155,,,991,0.198,0.13420244785593677,0.26179755214406325
27,157,,,8189,0.424,0.3884544554106437,0.45954554458935626
27,159,,,4884,0.27899999999999997,0.2281414053471008,0.32985859465289913
27,161,,,7422,0.28300000000000003,0.24020578894554018,0.3257942110544599
27,163,,,93759,0.347,0.3309259297118937,0.36307407028810623
27,165,,,3666,0.266,0.213062461535094,0.318937538464906
27,167,,,2291,0.234,0.189834460953207,0.27816553904679303
27,169,,,20860,0.203,0.18001938542061255,0.22598061457938748
27,171,,,59137,0.498,0.46910791844395744,0.5268920815560425
27,173,,,3597,0.291,0.2462754823305994,0.3357245176694006
28,000,,,1017486,0.34099999999999997,0.3355399098102654,0.34646009018973456
28,001,,,9045,0.177,0.12919172135006904,0.22480827864993094
28,003,,,11941,0.25,0.20672744218507433,0.29327255781492567
28,005,,,3068,0.45399999999999996,0.33140969829005085,0.5765903017099491
28,007,,,6048,0.366,0.29350494623575574,0.43849505376424425
28,009,,,2835,0.617,0.48616925949212875,0.7478307405078712
28,011,,,8784,0.22,0.17225114744966907,0.26774885255033093
28,013,,,4521,0.452,0.36598139946589936,0.5380186005341007
28,015,,,2985,0.407,0.2842245514196509,0.529775448580349
28,017,,,5272,0.35200000000000004,0.2859394628565762,0.4180605371434239
28,019,,,2534,0.491,0.3953611743559399,0.58663882564406
28,021,,,2012,0.5780000000000001,0.4285262467948351,0.727473753205165
28,023,,,4741,0.5409999999999999,0.45636231186638543,0.6256376881336144
28,025,,,6487,0.229,0.1760088538874691,0.28199114611253095
28,027,,,5870,0.256,0.19826499399005956,0.3137350060099404
28,029,,,8805,0.4709999999999999,0.40227471183663777,0.5397252881633621
28,031,,,6039,0.363,0.2770391827077486,0.4489608172922514
28,033,,,77706,0.398,0.3732640380520533,0.4227359619479467
28,035,,,28785,0.205,0.1765535813772959,0.23344641862270407
28,037,,,2347,0.45899999999999996,0.33323153913159387,0.5847684608684061
28,039,,,7584,0.519,0.43186635772495285,0.6061336422750472
28,041,,,2518,0.537,0.4221092829365192,0.6518907170634809
28,043,,,7783,0.21700000000000003,0.16738480350788118,0.26661519649211884
28,045,,,16016,0.5349999999999999,0.4616193439107133,0.6083806560892866
28,047,,,72432,0.29200000000000004,0.26996549888300453,0.31403450111699555
28,049,,,70282,0.27999999999999997,0.2589541017653464,0.30104589823465355
28,051,,,4305,0.595,0.4953342117241415,0.6946657882758585
28,053,,,2081,0.314,0.2175408595499141,0.4104591404500859
28,055,,,154,0.42099999999999993,0.1985039168507686,0.6434960831492312
28,057,,,9107,0.41,0.3363393561787124,0.48366064382128754
28,059,,,52311,0.355,0.3257659884171244,0.38423401158287557
28,061,,,5488,0.5219999999999999,0.4331081857530815,0.6108918142469183
28,063,,,2143,0.41700000000000004,0.2660377806521145,0.5679622193478856
28,065,,,3722,0.54,0.4378024352721357,0.6421975647278644
28,067,,,22558,0.3,0.25481756712135833,0.34518243287864164
28,069,,,2818,0.537,0.4127704486059561,0.661229551394044
28,071,,,20168,0.22799999999999998,0.18533869054305457,0.2706613094569454
28,073,,,24980,0.302,0.2667351352821647,0.3372648647178353
28,075,,,23623,0.24100000000000002,0.20519579424367082,0.27680420575632925
28,077,,,3376,0.46,0.36407215628589457,0.5559278437141055
28,079,,,6675,0.47100000000000003,0.3915177460009496,0.5504822539990505
28,081,,,32691,0.18400000000000002,0.16083479920569108,0.20716520079430897
28,083,,,7912,0.18600000000000003,0.1354213116808382,0.23657868831916185
28,085,,,11701,0.3,0.2413743644588951,0.3586256355411049
28,087,,,20760,0.2,0.17233793791873794,0.22766206208126208
28,089,,,43093,0.293,0.26225126287525186,0.3237487371247481
28,091,,,7956,0.369,0.2952719322343252,0.4427280677656748
28,093,,,12231,0.534,0.46317901091949276,0.6048209890805073
28,095,,,11398,0.344,0.28698253426516573,0.4010174657348342
28,097,,,3117,0.34,0.237941441817332,0.44205855818266804
28,099,,,9300,0.31799999999999995,0.25994621684727903,0.37605378315272087
28,101,,,6324,0.472,0.39422394046463105,0.5497760595353689
28,103,,,2996,0.4389999999999999,0.31513667194029427,0.5628633280597055
28,105,,,18311,0.25,0.21166810022297264,0.28833189977702733
28,107,,,10646,0.512,0.4385709939969946,0.5854290060030054
28,109,,,18069,0.4759999999999999,0.4250298732073354,0.5269701267926644
28,111,,,3422,0.46299999999999997,0.37261157206794127,0.5533884279320587
28,113,,,11893,0.29100000000000004,0.23682980394778888,0.3451701960522112
28,115,,,11955,0.37999999999999995,0.3239239990602548,0.4360760009397451
28,117,,,8912,0.354,0.2923872106778313,0.41561278932216866
28,119,,,1638,0.45799999999999996,0.3469994800154105,0.5690005199845894
28,121,,,62666,0.374,0.34585461015246843,0.40214538984753156
28,123,,,8917,0.384,0.3087378506338885,0.45926214936611154
28,125,,,1190,0.313,0.22286321947584664,0.40313678052415336
28,127,,,8163,0.42200000000000004,0.3545570710559358,0.48944292894406427
28,129,,,4581,0.465,0.3775167648473434,0.5524832351526566
28,131,,,5958,0.5529999999999999,0.45182859029278194,0.654171409707218
28,133,,,6978,0.239,0.18425628251668358,0.2937437174833164
28,135,,,3428,0.4599999999999999,0.3465329222748796,0.5734670777251202
28,137,,,10786,0.648,0.5682057875392187,0.7277942124607814
28,139,,,7910,0.34,0.28137436445889513,0.3986256355411049
28,141,,,7018,0.3340000000000001,0.2740099600842767,0.39399003991572346
28,143,,,3161,0.495,0.35593731608066037,0.6340626839193396
28,145,,,10521,0.322,0.2681583899956664,0.37584161000433364
28,147,,,4075,0.495,0.4029463616122343,0.5870536383877657
28,149,,,16310,0.23799999999999996,0.19750688739548422,0.2784931126045157
28,151,,,13806,0.18,0.14461457129040936,0.21538542870959063
28,153,,,6505,0.42100000000000004,0.3403915397929669,0.5016084602070332
28,155,,,3598,0.539,0.4327234234234252,0.6452765765765749
28,157,,,1830,0.7290000000000001,0.5094133270751366,0.9485866729248635
28,159,,,5576,0.38,0.3110890511070987,0.4489109488929013
28,161,,,4096,0.474,0.3713519640482867,0.5766480359517133
28,163,,,6139,0.424,0.33813006350495944,0.5098699364950405
29,000,,,2215039,0.311,0.30784761545915706,0.31415238454084293
29,001,,,8394,0.124,0.0942127659574468,0.15378723404255318
29,003,,,7387,0.23799999999999996,0.1910305282005143,0.2849694717994856
29,005,,,2073,0.235,0.18906966915003415,0.2809303308499658
29,007,,,8359,0.33,0.2784069972213526,0.38159300277864744
29,009,,,10740,0.284,0.23640003728065795,0.331599962719342
29,011,,,4067,0.349,0.2764951555606129,0.42150484443938707
29,013,,,5629,0.499,0.4396882388067571,0.5583117611932429
29,015,,,5206,0.485,0.4068234056740291,0.5631765943259709
29,017,,,3709,0.627,0.523333578118064,0.730666421881936
29,019,,,73052,0.153,0.1384072951493768,0.1675927048506232
29,021,,,30685,0.153,0.13431221957625414,0.17168778042374586
29,023,,,13450,0.191,0.15704777942419573,0.22495222057580427
29,025,,,3136,0.5489999999999999,0.48579488648910707,0.6122051135108928
29,027,,,15311,0.345,0.30144947466298566,0.3885505253370143
29,029,,,13135,0.255,0.2219375120072915,0.2880624879927085
29,031,,,33702,0.201,0.17922473733149286,0.22277526266850717
29,033,,,2893,0.359,0.30194519880395565,0.4160548011960443
29,035,,,1530,0.35700000000000004,0.23674218129112912,0.47725781870887096
29,037,,,42532,0.45799999999999996,0.4282127659574468,0.48778723404255314
29,039,,,4361,0.34600000000000003,0.26674132521740385,0.4252586747825962
29,041,,,2685,0.348,0.2915329570876531,0.40446704291234686
29,043,,,34772,0.38799999999999996,0.35386013907293246,0.42213986092706746
29,045,,,2021,0.368,0.2891993938066348,0.4468006061933652
29,047,,,99904,0.278,0.2622831758795046,0.29371682412049543
29,049,,,7568,0.505,0.4427567964553104,0.5672432035446896
29,051,,,29596,0.16200000000000003,0.13970927514262335,0.18429072485737671
29,053,,,5921,0.418,0.36718329300937774,0.4688167069906222
29,055,,,7564,0.384,0.3323519940044757,0.43564800599552433
29,057,,,2383,0.44799999999999995,0.36945201833739805,0.5265479816626019
29,059,,,4696,0.553,0.453426841252471,0.6525731587475291
29,061,,,2604,0.379,0.31197938534605846,0.44602061465394155
29,063,,,3160,0.479,0.3913951420510212,0.5666048579489787
29,065,,,4661,0.294,0.2316428604208295,0.3563571395791705
29,067,,,3341,0.35,0.2604399364692678,0.4395600635307322
29,069,,,8673,0.366,0.31937941010192444,0.41262058989807554
29,071,,,38788,0.424,0.3974108263436681,0.4505891736563319
29,073,,,5742,0.38,0.3302704826270759,0.4297295173729241
29,075,,,2250,0.35800000000000004,0.2951101259283224,0.42088987407167766
29,077,,,113871,0.168,0.1548936170212766,0.18110638297872342
29,079,,,3167,0.254,0.20203685534927807,0.30596314465072194
29,081,,,2670,0.271,0.22100001810774436,0.3209999818922557
29,083,,,7432,0.276,0.2355946298877644,0.3164053701122357
29,085,,,1949,0.40299999999999997,0.30487739674594516,0.5011226032540548
29,087,,,1594,0.36700000000000005,0.3080844955196373,0.4259155044803628
29,089,,,3356,0.425,0.3626542446545308,0.4873457553454692
29,091,,,12718,0.25799999999999995,0.2154887014725518,0.30051129852744807
29,093,,,2978,0.4109999999999999,0.34646129841861717,0.4755387015813827
29,095,,,260255,0.316,0.30414483053660196,0.32785516946339804
29,097,,,46330,0.185,0.16631221957625414,0.20368778042374586
29,099,,,92126,0.542,0.5168937612697978,0.5671062387302023
29,101,,,21633,0.327,0.2920993260898255,0.36190067391017455
29,103,,,1076,0.311,0.22021195069900176,0.4017880493009982
29,105,,,12588,0.267,0.2145473957714431,0.3194526042285569
29,107,,,12495,0.42699999999999994,0.375201036311493,0.4787989636885069
29,109,,,12894,0.379,0.33408543394900586,0.42391456605099415
29,111,,,3589,0.389,0.3101993938066348,0.4678006061933652
29,113,,,23962,0.5409999999999999,0.49316203598325337,0.5888379640167465
29,115,,,4407,0.267,0.2080724485908782,0.32592755140912183
29,117,,,5242,0.185,0.14169464751737745,0.22830535248262254
29,119,,,7014,0.44099999999999995,0.38527955699906075,0.49672044300093915
29,121,,,5119,0.29,0.24495918052764232,0.33504081947235764
29,123,,,3951,0.298,0.22471613943641022,0.37128386056358975
29,125,,,2778,0.569,0.4285507434612392,0.7094492565387607
29,127,,,9627,0.19899999999999998,0.16409932608982547,0.2339006739101745
29,129,,,1060,0.331,0.255370922547807,0.406629077452193
29,131,,,8669,0.48,0.4212775824936434,0.5387224175063565
29,133,,,3744,0.26299999999999996,0.1907796240171287,0.33522037598287124
29,135,,,4823,0.405,0.34400086457655055,0.4659991354234495
29,137,,,2836,0.376,0.31045725427994864,0.44154274572005137
29,139,,,3817,0.4640000000000001,0.40177960869853396,0.5262203913014661
29,141,,,5174,0.441,0.3669165678999362,0.5150834321000638
29,143,,,5429,0.28200000000000003,0.23705383734569532,0.32694616265430476
29,145,,,20699,0.272,0.2417164748289458,0.3022835251710543
29,147,,,7886,0.16699999999999998,0.13803430792578636,0.1959656920742136
29,149,,,2436,0.288,0.20549420092537973,0.3705057990746202
29,151,,,5285,0.38599999999999995,0.3297344458404608,0.4422655541595391
29,153,,,2212,0.49200000000000005,0.40243993646926784,0.5815600635307323
29,155,,,4416,0.254,0.1985477215676319,0.3094522784323681
29,157,,,7524,0.26899999999999996,0.22425961413153012,0.3137403858684698
29,159,,,14994,0.19400000000000003,0.16476598841712442,0.22323401158287565
29,161,,,13657,0.18,0.1482070984003798,0.2117929015996202
29,163,,,5454,0.28300000000000003,0.23436737994086476,0.3316326200591353
29,165,,,42968,0.33899999999999997,0.31305944044263134,0.3649405595573686
29,167,,,11060,0.451,0.3913659872042925,0.5106340127957075
29,169,,,17181,0.29000000000000004,0.2352173974277389,0.3447826025722612
29,171,,,1538,0.23399999999999999,0.1490692876865517,0.3189307123134483
29,173,,,3550,0.222,0.1689018009579233,0.2750981990420767
29,175,,,8472,0.278,0.23083447561183784,0.3251655243881622
29,177,,,8219,0.597,0.5306072020355505,0.6633927979644495
29,179,,,1670,0.381,0.29029799461979383,0.4717020053802062
29,181,,,2955,0.48800000000000004,0.40052487904623424,0.5754751209537659
29,183,,,163152,0.361,0.34685184772608246,0.3751481522739175
29,185,,,2939,0.375,0.30684514211232294,0.44315485788767706
29,186,,,7211,0.402,0.3388960417102587,0.4651039582897413
29,187,,,21290,0.306,0.26852960124098224,0.34347039875901775
29,189,,,349336,0.29,0.2818315604761179,0.29816843952388206
29,195,,,8287,0.203,0.16602541462322373,0.2399745853767763
29,197,,,1288,0.43699999999999994,0.354416807381689,0.5195831926183109
29,199,,,1630,0.245,0.1730652174046876,0.3169347825953124
29,201,,,14647,0.22400000000000003,0.1882950575501611,0.259704942449839
29,203,,,2041,0.336,0.253571667135322,0.41842833286467807
29,205,,,1981,0.27,0.21481718928451687,0.32518281071548316
29,207,,,10666,0.3760000000000001,0.33137081000772906,0.42062918999227117
29,209,,,9139,0.45,0.3992811654207492,0.5007188345792508
29,211,,,1920,0.21600000000000003,0.15712065109498496,0.2748793489050151
29,213,,,18350,0.26,0.22485611287616397,0.29514388712383605
29,215,,,6691,0.31800000000000006,0.2547051064530697,0.3812948935469304
29,217,,,6053,0.23800000000000002,0.192911926638648,0.283088073361352
29,219,,,14279,0.5409999999999999,0.4841945653872874,0.5978054346127124
29,221,,,7499,0.542,0.47967701936043977,0.6043229806395604
29,223,,,2921,0.504,0.4051781855127096,0.6028218144872903
29,225,,,13389,0.462,0.4132944564930084,0.5107055435069916
29,227,,,684,0.33799999999999997,0.2382132105440199,0.43778678945598004
29,229,,,5964,0.423,0.33999670849245517,0.5060032915075449
29,510,,,95453,0.23199999999999998,0.21760317926550432,0.24639682073449565
30,000,,,384757,0.18900000000000003,0.18215541471901855,0.1958445852809815
30,001,,,3331,0.20099999999999998,0.14212065109498495,0.259879348905015
30,003,,,3026,0.249,0.19175888677702113,0.30624111322297887
30,005,,,1597,0.191,0.1368953615127155,0.2451046384872845
30,007,,,2802,0.558,0.4008407917121607,0.7151592082878394
30,009,,,3204,0.39899999999999997,0.3073637003809251,0.49063629961907484
30,011,,,277,0.41100000000000003,0.28189510372670473,0.5401048962732953
30,013,,,31352,0.11699999999999999,0.10075025159508068,0.13324974840491932
30,015,,,1598,0.28800000000000003,0.21044328584015395,0.36555671415984614
30,017,,,4451,0.08800000000000001,0.0608037496260108,0.11519625037398921
30,019,,,615,0.171,0.08979495184359412,0.2522050481564059
30,021,,,3636,0.204,0.13618970353979548,0.2718102964602045
30,023,,,3393,0.294,0.21893617021276596,0.369063829787234
30,025,,,1021,0.154,0.08209482628949633,0.22590517371050367
30,027,,,3713,0.184,0.13359000149475975,0.23440999850524025
30,029,,,38250,0.24100000000000002,0.21313340972095815,0.26886659027904186
30,031,,,48218,0.15600000000000003,0.1372742748053597,0.17472572519464036
30,033,,,192,0.32299999999999995,0.21087331745752488,0.435126682542475
30,035,,,3102,0.22499999999999998,0.16327211102711806,0.28672788897288193
30,037,,,174,0.40700000000000003,0.22829645500406276,0.5857035449959374
30,039,,,1006,0.502,0.35881787517580427,0.6451821248241958
30,041,,,5060,0.07,0.04695769238456239,0.09304230761543762
30,043,,,4479,0.301,0.23820048498945967,0.3637995150105403
30,045,,,621,0.344,0.22909692710306262,0.4589030728969373
30,047,,,9224,0.273,0.23566244176614579,0.3103375582338542
30,049,,,24975,0.136,0.11256064527483542,0.1594393547251646
30,051,,,364,0.16399999999999998,0.08194279286868801,0.24605720713131196
30,053,,,4299,0.17200000000000004,0.1210438013745016,0.22295619862549848
30,055,,,536,0.244,0.14935343676074997,0.33864656323925
30,057,,,2556,0.324,0.2573511054320824,0.3906488945679176
30,059,,,736,0.3,0.18366035269291708,0.4163396473070829
30,061,,,1457,0.419,0.3194125849479026,0.5185874150520974
30,063,,,45913,0.145,0.12827664988368895,0.16172335011631103
30,065,,,1231,0.37,0.262329964346449,0.477670035653551
30,067,,,5647,0.39899999999999997,0.3253682710547318,0.4726317289452681
30,069,,,117,0.35900000000000004,0.01432784880955773,0.7036721511904424
30,071,,,1113,0.20299999999999996,0.12232112400298795,0.28367887599701197
30,073,,,1784,0.276,0.21489622479339127,0.3371037752066088
30,075,,,410,0.39,0.24640205012364658,0.5335979498763535
30,077,,,1823,0.225,0.154329512589373,0.295670487410627
30,079,,,267,0.295,0.10216636386045236,0.4878336361395476
30,081,,,14599,0.32799999999999996,0.2870363254251242,0.3689636745748757
30,083,,,4196,0.332,0.27052561472231423,0.3934743852776858
30,085,,,2895,0.258,0.20817066700790285,0.30782933299209714
30,087,,,2279,0.18,0.13106183167816512,0.22893816832183486
30,089,,,2789,0.344,0.2609796067530118,0.42702039324698815
30,091,,,1153,0.11199999999999999,0.07108834281064655,0.15291165718935343
30,093,,,12818,0.10200000000000001,0.07761082103264494,0.12638917896735508
30,095,,,2710,0.42700000000000005,0.35230587497490906,0.501694125025091
30,097,,,1296,0.272,0.19928985592051304,0.34471014407948697
30,099,,,1830,0.27799999999999997,0.21796264931989182,0.3380373506801081
30,101,,,1532,0.11200000000000002,0.06823810256835791,0.15576189743164212
30,103,,,250,0.14400000000000002,0,0.296342992965409
30,105,,,2443,0.179,0.13125114744966904,0.22674885255033095
30,107,,,432,0.24,0.09258237985014356,0.3874176201498564
30,109,,,387,0.259,0.14277022803363354,0.3752297719663665
30,111,,,65578,0.139,0.1250031692133966,0.15299683078660342
31,000,,,771030,0.19200000000000003,0.1882321798091611,0.19576782019083896
31,001,,,12927,0.143,0.1173622053549872,0.16863779464501277
31,003,,,2392,0.21,0.1745344229913326,0.2454655770086674
31,005,,,166,0.325,0.13519009771860102,0.514809902281399
31,007,,,295,0.506,0.3722450366460376,0.6397549633539624
31,009,,,131,0.31199999999999994,0.1599554995926537,0.4640445004073462
31,011,,,1860,0.205,0.14993307910941997,0.26006692089058003
31,013,,,4220,0.047,0.02220671245501384,0.07179328754498616
31,015,,,546,0.235,0.14549543334926732,0.3245045666507327
31,017,,,997,0.063,0.01285825433616828,0.11314174566383173
31,019,,,22278,0.145,0.12453549816830234,0.16546450183169764
31,021,,,2221,0.377,0.3144382984512167,0.4395617015487833
31,023,,,3386,0.36,0.29099640806877153,0.42900359193122845
31,025,,,11129,0.496,0.4493185476871087,0.5426814523128913
31,027,,,3399,0.24600000000000002,0.2055946298877644,0.28640537011223566
31,029,,,1325,0.15,0.07485111202141254,0.22514888797858745
31,031,,,1876,0.15899999999999997,0.10335604357320895,0.21464395642679102
31,033,,,3462,0.18600000000000003,0.1351553640669062,0.23684463593309385
31,035,,,2546,0.306,0.2596389667375639,0.35236103326243606
31,037,,,4087,0.174,0.11261805745924167,0.2353819425407583
31,039,,,3832,0.222,0.18133197032812526,0.26266802967187475
31,041,,,3965,0.20199999999999999,0.16765285203819674,0.23634714796180323
31,043,,,7833,0.08900000000000001,0.055383948303774924,0.1226160516962251
31,045,,,3047,0.19399999999999998,0.1333041706290041,0.2546958293709959
31,047,,,9831,0.184,0.14656750757214126,0.22143249242785873
31,049,,,698,0.381,0.2889386509585886,0.4730613490414114
31,051,,,2079,0.355,0.2929280926342688,0.4170719073657312
31,053,,,15215,0.24,0.20176080144641073,0.27823919855358925
31,055,,,217683,0.175,0.16683156047611788,0.1831684395238821
31,057,,,716,0.16099999999999998,0.0995487123692981,0.22245128763070185
31,059,,,2190,0.23099999999999998,0.1875473778036857,0.2744526221963143
31,061,,,1135,0.292,0.23725628251668354,0.3467437174833164
31,063,,,992,0.33799999999999997,0.2635438307405781,0.41245616925942186
31,065,,,1590,0.15499999999999997,0.11420997467902437,0.19579002532097556
31,067,,,8896,0.26899999999999996,0.2334744304302539,0.304525569569746
31,069,,,502,0.142,0.0738139046844109,0.21018609531558907
31,071,,,653,0.161,0.09077284480133473,0.23122715519866527
31,073,,,706,0.228,0.15531914893617021,0.3006808510638298
31,075,,,240,0.313,0.193791504247877,0.432208495752123
31,077,,,736,0.21899999999999997,0.1456677257028059,0.29233227429719405
31,079,,,24069,0.132,0.10766909872397704,0.15633090127602298
31,081,,,3674,0.249,0.19419148936170214,0.3038085106382979
31,083,,,992,0.214,0.16143924595717807,0.2665607540428219
31,085,,,326,0.34299999999999997,0.23362283410926746,0.4523771658907325
31,087,,,861,0.217,0.161,0.27299999999999996
31,089,,,3889,0.16200000000000003,0.12485303799937389,0.19914696200062618
31,091,,,259,0.196,0.03931575118966077,0.3526842488103392
31,093,,,2567,0.392,0.326327423689093,0.457672576310907
31,095,,,2472,0.20199999999999996,0.1530908492723688,0.25090915072763115
31,097,,,1556,0.363,0.2994812115425819,0.4265187884574181
31,099,,,2890,0.258,0.19063078495142793,0.3253692150485721
31,101,,,3126,0.11599999999999999,0.07140263118110968,0.1605973688188903
31,103,,,221,0.375,0.2266703413289617,0.5233296586710383
31,105,,,1237,0.209,0.13780913380491738,0.2801908661950826
31,107,,,3004,0.245,0.20537514075294935,0.2846248592470506
31,109,,,128956,0.155,0.14454472328310725,0.16545527671689275
31,111,,,14080,0.11900000000000002,0.09693330821409961,0.14106669178590042
31,113,,,276,0.366,0.24339232889401455,0.48860767110598546
31,115,,,246,0.33,0.20629723558120105,0.453702764418799
31,117,,,165,0.23,0.018266607675881175,0.44173339232411885
31,119,,,13996,0.09899999999999999,0.07964058933363345,0.11835941066636653
31,121,,,3224,0.265,0.21237176518212617,0.31762823481787383
31,123,,,1636,0.297,0.2265004695507002,0.3674995304492998
31,125,,,1288,0.27899999999999997,0.22059271022881155,0.3374072897711884
31,127,,,2796,0.175,0.10772567864207541,0.24227432135792457
31,129,,,1461,0.259,0.1966087201830793,0.3213912798169207
31,131,,,6725,0.33799999999999997,0.2921934708060638,0.38380652919393615
31,133,,,697,0.26099999999999995,0.18745508389169235,0.33454491610830756
31,135,,,1181,0.135,0.08219671875978815,0.18780328124021187
31,137,,,3794,0.191,0.150664961307685,0.231335038692315
31,139,,,2986,0.24,0.1837723053630785,0.29622769463692145
31,141,,,14163,0.147,0.1155889415199154,0.1784110584800846
31,143,,,2097,0.299,0.24607587193137373,0.3519241280686263
31,145,,,4494,0.075,0.0397351352821647,0.1102648647178353
31,147,,,3008,0.222,0.17516673768536686,0.2688332623146331
31,149,,,491,0.077,0.034941944455128666,0.11905805554487134
31,151,,,5840,0.28800000000000003,0.2348216526873363,0.3411783473126638
31,153,,,83166,0.21,0.19631082943803702,0.22368917056196297
31,155,,,9360,0.4709999999999999,0.42332553424129427,0.5186744657587056
31,157,,,14130,0.10400000000000001,0.08229003061991147,0.12570996938008855
31,159,,,7237,0.36,0.31085918829238846,0.4091408117076115
31,161,,,1502,0.301,0.2366595744680851,0.36534042553191487
31,163,,,1082,0.312,0.244810141100186,0.379189858899814
31,165,,,431,0.35700000000000004,0.18002873046754864,0.5339712695324514
31,167,,,2389,0.266,0.18973537290850262,0.3422646270914974
31,169,,,2008,0.158,0.11796524823323232,0.19803475176676769
31,171,,,221,0.204,0.022682094408233627,0.3853179055917664
31,173,,,2247,0.243,0.19609101692078068,0.2899089830792193
31,175,,,1703,0.18200000000000002,0.12612689796503596,0.2378731020349641
31,177,,,8214,0.36699999999999994,0.31813440797247,0.4158655920275299
31,179,,,3522,0.146,0.10650073491753007,0.18549926508246992
31,181,,,1374,0.321,0.25979176389903713,0.3822082361009629
31,183,,,325,0.256,0.15915895800271476,0.3528410419972853
31,185,,,5594,0.121,0.08744735493368475,0.15455264506631525
32,000,,,1043400,0.32899999999999996,0.3229245724944426,0.3350754275055573
32,001,,,8668,0.23399999999999999,0.18457113886337334,0.28342886113662663
32,003,,,764473,0.35100000000000003,0.34415541471901856,0.3578445852809815
32,005,,,15286,0.365,0.32238863550783536,0.4076113644921646
32,007,,,16580,0.21600000000000003,0.1806145712904094,0.2513854287095907
32,009,,,254,0.18899999999999997,0,0.4988880359731459
32,011,,,346,0.26799999999999996,0,0.537416269556042
32,013,,,5432,0.21100000000000002,0.1465603601831968,0.27543963981680325
32,015,,,1870,0.152,0.06153307580657191,0.24246692419342808
32,017,,,848,0.19899999999999998,0.04252881919981244,0.3554711808001875
32,019,,,20524,0.43599999999999994,0.38983843595074935,0.48216156404925054
32,021,,,1314,0.15899999999999997,0.07155734337132838,0.24644265662867157
32,023,,,12854,0.32,0.2729248599639255,0.3670751400360745
32,027,,,1674,0.325,0.1982141102569544,0.4517858897430456
32,029,,,1216,0.602,0.3917333517243077,0.8122666482756923
32,031,,,170964,0.247,0.2338936170212766,0.2601063829787234
32,033,,,2528,0.106,0.04023021893450343,0.17176978106549656
32,510,,,18569,0.268,0.229946881375762,0.306053118624238
33,000,,,529020,0.386,0.37757489792628796,0.39442510207371206
33,001,,,24948,0.36700000000000005,0.32766280233717987,0.4063371976628202
33,003,,,17945,0.36599999999999994,0.32635723121113225,0.4056427687888676
33,005,,,28719,0.30499999999999994,0.2761570964907671,0.3338429035092328
33,007,,,10186,0.278,0.24536971997841567,0.3106302800215844
33,009,,,30545,0.30300000000000005,0.2777246937788639,0.3282753062211362
33,011,,,166933,0.382,0.3668816948454219,0.39711830515457813
33,013,,,58441,0.396,0.37374114181346624,0.4182588581865338
33,015,,,123916,0.442,0.4217096673086834,0.4622903326913166
33,017,,,51133,0.366,0.34083727922151486,0.39116272077848513
33,019,,,16254,0.41700000000000004,0.3668582543361683,0.46714174566383176
34,000,,,2851331,0.425,0.42070402401221313,0.42929597598778685
34,001,,,92594,0.308,0.290529336495267,0.32547066350473297
34,003,,,287275,0.408,0.39596654730748343,0.4200334526925165
34,005,,,172944,0.436,0.4214072951493768,0.4505927048506232
34,007,,,171750,0.39799999999999996,0.38340729514937677,0.41259270485062316
34,009,,,31296,0.26,0.23277766208967796,0.2872223379103221
34,011,,,47763,0.354,0.3251570964907672,0.3828429035092328
34,013,,,211670,0.442,0.4255332894080686,0.4584667105919314
34,015,,,113971,0.449,0.429861847007751,0.46813815299224903
34,017,,,125480,0.514,0.49174114181346623,0.5362588581865337
34,019,,,45871,0.5429999999999999,0.511975483927135,0.5740245160728649
34,021,,,111079,0.319,0.29971405984788585,0.33828594015211416
34,023,,,264426,0.45299999999999996,0.43983956985186196,0.46616043014813796
34,025,,,209190,0.439,0.4244072951493768,0.4535927048506232
34,027,,,177782,0.43700000000000006,0.42270212765957454,0.45129787234042557
34,029,,,208095,0.425,0.41125907435528586,0.4387409256447141
34,031,,,158998,0.36700000000000005,0.3518816948454219,0.3821183051545782
34,033,,,23094,0.387,0.3537235130871889,0.4202764869128111
34,035,,,118824,0.455,0.43531336485225397,0.47468663514774606
34,037,,,58374,0.5790000000000001,0.5511588935765668,0.6068411064234334
34,039,,,176721,0.4059999999999999,0.39046487937483615,0.4215351206251637
34,041,,,44134,0.5359999999999999,0.5038739467782163,0.5681260532217836
35,000,,,674708,0.28900000000000003,0.2811868817582785,0.2968131182417216
35,001,,,228443,0.255,0.24454472328310725,0.26545527671689273
35,003,,,519,0.32699999999999996,0.07469949007884757,0.5793005099211523
35,005,,,21240,0.16899999999999998,0.1366537519239191,0.20134624807608087
35,006,,,5911,0.308,0.2259168459250731,0.3900831540749269
35,007,,,3102,0.14200000000000002,0.09565428004376611,0.18834571995623392
35,009,,,17344,0.127,0.0983298839460045,0.1556701160539955
35,011,,,634,0.063,0,0.15843078568995195
35,013,,,71678,0.254,0.22741082634366813,0.2805891736563319
35,015,,,21775,0.25,0.20610853338050825,0.2938914666194918
35,017,,,6966,0.184,0.13713643469784512,0.23086356530215488
35,019,,,1399,0.245,0.1400744945109738,0.3499255054890262
35,021,,,201,0.344,0.14425577242162227,0.5437442275783777
35,023,,,1460,0.253,0.1629971933438987,0.3430028066561013
35,025,,,22986,0.236,0.19968399844122647,0.2723160015587735
35,027,,,5806,0.252,0.18542569851037075,0.3185743014896293
35,028,,,7551,0.07100000000000001,0.03704777942419574,0.10495222057580428
35,029,,,6477,0.182,0.12661176163800086,0.23738823836199913
35,031,,,18844,0.39,0.3575660925543104,0.42243390744568965
35,033,,,1144,0.5760000000000001,0.34279962744051384,0.8092003725594863
35,035,,,22231,0.213,0.17991604982522424,0.24608395017477575
35,037,,,2838,0.08900000000000001,0.03793248240266967,0.14006751759733035
35,039,,,12179,0.49099999999999994,0.42792979617017024,0.5540702038298296
35,041,,,6988,0.217,0.15716397841264473,0.27683602158735526
35,043,,,48942,0.508,0.4755442147053162,0.5404557852946839
35,045,,,37943,0.32799999999999996,0.2998294015582099,0.35617059844179
35,047,,,7955,0.257,0.1996350149307404,0.31436498506925964
35,049,,,48767,0.305,0.2808154073342483,0.3291845926657517
35,051,,,2522,0.1,0.029904365916201478,0.17009563408379852
35,053,,,3109,0.152,0.067589054108316865,0.23641094589168313
35,055,,,9549,0.387,0.2953791938799992,0.4786208061200008
35,057,,,4773,0.677,0.549839557329443,0.8041604426705571
35,059,,,1064,0.16699999999999998,0.08733042434122285,0.24666957565877712
35,061,,,22368,0.509,0.46060147333408363,0.5573985266659164
36,000,,,4538595,0.39099999999999996,0.3886170212765957,0.3933829787234042
36,001,,,104942,0.21599999999999997,0.20102321095662368,0.23097678904337626
36,003,,,14181,0.32699999999999996,0.29900633842679314,0.3549936615732068
36,005,,,128459,0.565,0.5419576923845624,0.5880423076154375
36,007,,,61189,0.14800000000000002,0.13462556508557402,0.16137443491442602
36,009,,,23919,0.311,0.2895531914893617,0.3324468085106383
36,011,,,26889,0.32799999999999996,0.30208681834952833,0.3539131816504716
36,013,,,39576,0.20799999999999996,0.19188183067076067,0.22411816932923925
36,015,,,27483,0.18700000000000003,0.1674218319870494,0.20657816801295065
36,017,,,15962,0.31,0.2823636103716758,0.3376363896283242
36,019,,,27289,0.24,0.215639942450753,0.26436005754924696
36,021,,,18802,0.359,0.32525749249036795,0.392742507509632
36,023,,,16285,0.358,0.32500198230846516,0.3909980176915348
36,025,,,13316,0.326,0.2919017476940326,0.3600982523059674
36,027,,,100948,0.41,0.3915031110002008,0.42849688899979915
36,029,,,328191,0.22699999999999998,0.21883156047611788,0.23516843952388208
36,031,,,11763,0.326,0.28902541462322373,0.3629745853767763
36,033,,,14073,0.223,0.19410791844395744,0.25189208155604254
36,035,,,19691,0.3390000000000001,0.2996447618878652,0.37835523811213495
36,037,,,22464,0.33099999999999996,0.2998385096802198,0.3621614903197801
36,039,,,15643,0.45400000000000007,0.40654939429372633,0.5014506057062739
36,041,,,1575,0.3559999999999999,0.2823008206574673,0.42969917934253254
36,043,,,20830,0.353,0.3187563387089704,0.38724366129102955
36,045,,,42189,0.20299999999999996,0.184695993111462,0.2213040068885379
36,047,,,212734,0.635,0.6176107852535685,0.6523892147464315
36,049,,,8833,0.315,0.2792553191489362,0.3507446808510638
36,051,,,20734,0.39799999999999996,0.36699837180636463,0.4290016281936353
36,053,,,22788,0.38799999999999996,0.3611716385551033,0.4148283614448966
36,055,,,258321,0.17,0.1618315604761179,0.17816843952388212
36,057,,,17144,0.374,0.3379783778026155,0.41002162219738447
36,059,,,412126,0.479,0.468819910431111,0.489180089568889
36,061,,,48514,0.654,0.6109412163413963,0.6970587836586037
36,063,,,75307,0.31,0.2914647754378335,0.3285352245621665
36,065,,,74272,0.22400000000000003,0.20878808215427647,0.2392119178457236
36,067,,,159411,0.17099999999999999,0.16365516629433483,0.17834483370566515
36,069,,,40222,0.319,0.2973227510143623,0.3406772489856377
36,071,,,122481,0.4590000000000001,0.4399734406878811,0.47802655931211907
36,073,,,13106,0.42100000000000004,0.3779741989457449,0.46402580105425517
36,075,,,41006,0.386,0.36268209352587805,0.409317906474122
36,077,,,18586,0.317,0.2886786211853505,0.3453213788146495
36,079,,,34021,0.596,0.56001781035105,0.6319821896489499
36,081,,,342465,0.633,0.619156144634833,0.646843855365167
36,083,,,56173,0.298,0.27619216399590435,0.3198078360040956
36,085,,,114127,0.533,0.509110712580367,0.5568892874196331
36,087,,,94422,0.414,0.3929204013462674,0.4350795986537326
36,089,,,32810,0.272,0.24446653955471,0.29953346044529006
36,091,,,90263,0.363,0.3460657544127892,0.3799342455872108
36,093,,,53786,0.317,0.2947411418134662,0.3392588581865338
36,095,,,9850,0.47,0.42907099633660467,0.5109290036633952
36,097,,,5889,0.377,0.32452033742338154,0.42947966257661846
36,099,,,10728,0.28200000000000003,0.24711967040744476,0.3168803295925553
36,101,,,30776,0.284,0.26527427480535964,0.3027257251946403
36,103,,,552301,0.425,0.41657489792628793,0.43342510207371204
36,105,,,24723,0.3340000000000001,0.30108813915964877,0.3669118608403514
36,107,,,17419,0.34800000000000003,0.3118407025230793,0.38415929747692074
36,109,,,25562,0.18100000000000002,0.15409238177550522,0.20790761822449483
36,111,,,56712,0.37200000000000005,0.350355520872835,0.3936444791271651
36,113,,,24194,0.261,0.23282940155820997,0.28917059844179005
36,115,,,22099,0.414,0.37807704033301465,0.4499229596669853
36,117,,,33021,0.363,0.33744540014864843,0.38855459985135155
36,119,,,245662,0.43799999999999994,0.42415614463483303,0.45184385536516686
36,121,,,13361,0.395,0.3578530379993739,0.43214696200062613
36,123,,,6987,0.32,0.27353191489361706,0.36646808510638296
37,000,,,3636052,0.34600000000000003,0.3428476154591571,0.34915238454084296
37,001,,,65056,0.38,0.35563994245075303,0.404360057549247
37,003,,,13336,0.34299999999999997,0.2851789964869062,0.40082100351309374
37,005,,,3260,0.322,0.23735392566986915,0.4066460743301309
37,007,,,6541,0.507,0.41986635772495284,0.5941336422750472
37,009,,,8915,0.33,0.27176310068497056,0.38823689931502947
37,011,,,5032,0.293,0.2167539899299179,0.36924601007008206
37,013,,,15931,0.354,0.3107438488426555,0.3972561511573445
37,015,,,5222,0.376,0.28987419058416447,0.46212580941583553
37,017,,,8847,0.44299999999999995,0.3748763938638572,0.5111236061361427
37,019,,,45647,0.32899999999999996,0.3018821628128724,0.35611783718712753
37,021,,,90934,0.217,0.2011035492001899,0.23289645079981008
37,023,,,33390,0.26899999999999996,0.23979027924938928,0.29820972075061064
37,025,,,85191,0.43599999999999994,0.4073794433885105,0.4646205566114894
37,027,,,29357,0.338,0.2983214363787483,0.37767856362125174
37,029,,,4290,0.396,0.30089705370576914,0.4911029462942309
37,031,,,23902,0.28500000000000003,0.2561570964907672,0.3138429035092329
37,033,,,7115,0.525,0.44042103852429,0.6095789614757101
37,035,,,60504,0.26599999999999996,0.24616966487835695,0.28583033512164296
37,037,,,25327,0.452,0.4101110567425605,0.49388894325743954
37,039,,,9319,0.33199999999999996,0.28173100875979473,0.3822689912402052
37,041,,,4633,0.36200000000000004,0.26266236566491036,0.46133763433508973
37,043,,,3487,0.23700000000000002,0.1621919250611773,0.31180807493882273
37,045,,,36266,0.337,0.3065528420853568,0.3674471579146432
37,047,,,16092,0.452,0.39792160679123645,0.5060783932087636
37,049,,,35941,0.27599999999999997,0.24836361037167573,0.3036363896283242
37,051,,,118101,0.26099999999999995,0.24822270007432418,0.27377729992567573
37,053,,,12361,0.627,0.5670809962725031,0.6869190037274969
37,055,,,13859,0.254,0.21260538915326588,0.29539461084673413
37,057,,,61783,0.316,0.29419216399590437,0.33780783600409564
37,059,,,15792,0.403,0.3490530247089686,0.45694697529103145
37,061,,,16766,0.39799999999999996,0.35275477010303563,0.4432452298969643
37,063,,,108976,0.26300000000000007,0.24446477543783354,0.2815352245621666
37,065,,,15888,0.317,0.2672134206262355,0.3667865793737645
37,067,,,133500,0.23800000000000002,0.22241925484010994,0.2535807451598901
37,069,,,26688,0.5840000000000001,0.5377769691271845,0.6302230308728156
37,071,,,84450,0.439,0.4164874714223254,0.4615125285776746
37,073,,,3717,0.6459999999999999,0.5277000459390264,0.7642999540609734
37,075,,,2482,0.304,0.18970393372888084,0.41829606627111915
37,077,,,19735,0.5209999999999999,0.4713704989965583,0.5706295010034415
37,079,,,6770,0.36800000000000005,0.30319787405194215,0.43280212594805795
37,081,,,193461,0.237,0.22285184772608246,0.2511481522739175
37,083,,,13519,0.359,0.30791858458839755,0.4100814154116024
37,085,,,47393,0.525,0.4937929851996727,0.5562070148003274
37,087,,,21678,0.36400000000000005,0.3235946298877644,0.4044053701122357
37,089,,,40906,0.3,0.26780773017778925,0.33219226982221073
37,091,,,6133,0.369,0.3115484635515313,0.42645153644846867
37,093,,,17932,0.4759999999999999,0.42954719290984655,0.5224528070901533
37,095,,,1225,0.285,0.1658927732578745,0.40410722674212546
37,097,,,70489,0.345,0.3220812445222639,0.36791875547773606
37,099,,,15013,0.265,0.21649891844788655,0.3135010815521135
37,101,,,86895,0.545,0.5169809933228481,0.573019006677152
37,103,,,3281,0.442,0.3570024525691352,0.5269975474308648
37,105,,,24088,0.39099999999999996,0.3479412163413962,0.43405878365860373
37,107,,,18164,0.316,0.2689248599639255,0.3630751400360745
37,109,,,33226,0.494,0.45576080144641073,0.5322391985535893
37,111,,,15896,0.35100000000000003,0.3007451312467262,0.4012548687532739
37,113,,,13072,0.26299999999999996,0.21501388460962859,0.31098611539037135
37,115,,,7366,0.505,0.42725132479487443,0.5827486752051255
37,117,,,7024,0.418,0.34800570417084487,0.4879942958291551
37,119,,,362635,0.354,0.34403128479023226,0.3639687152097677
37,121,,,5107,0.35700000000000004,0.2725638304574053,0.4414361695425948
37,123,,,9107,0.406,0.34342695350569796,0.4685730464943021
37,125,,,34898,0.414,0.3793442461257045,0.44865575387429546
37,127,,,34810,0.30900000000000005,0.27676366134152147,0.34123633865847863
37,129,,,85900,0.20600000000000002,0.18785177472645198,0.22414822527354805
37,131,,,5411,0.402,0.3422114484888098,0.46178855151119025
37,133,,,70281,0.32,0.2959921545945074,0.3440078454054926
37,135,,,40220,0.313,0.28817809930348975,0.33782190069651025
37,137,,,3484,0.33399999999999996,0.26624206266771705,0.4017579373322829
37,139,,,13249,0.368,0.31531784279624203,0.42068215720375796
37,141,,,22517,0.5209999999999999,0.47482306157428666,0.5671769384257132
37,143,,,4460,0.475,0.3938299238728458,0.5561700761271542
37,145,,,13980,0.498,0.4289861220745382,0.5670138779254619
37,147,,,62229,0.239,0.21661394730274186,0.2613860526972581
37,149,,,6080,0.467,0.4015547962457762,0.5324452037542238
37,151,,,55424,0.345,0.3171588935765666,0.3728411064234333
37,153,,,14666,0.33699999999999997,0.28902867915765723,0.3849713208423427
37,155,,,36204,0.34199999999999997,0.3204870994728724,0.36351290052712754
37,157,,,31754,0.406,0.36989964192245045,0.4421003580775496
37,159,,,52076,0.35900000000000004,0.33196080339561823,0.38603919660438185
37,161,,,21249,0.35,0.3139783778026155,0.38602162219738445
37,163,,,19754,0.4,0.35755554317824745,0.4424444568217526
37,165,,,10048,0.29600000000000004,0.2575018005277193,0.33449819947228077
37,167,,,22402,0.41300000000000003,0.3741530612056825,0.4518469387943176
37,169,,,16393,0.535,0.4752114484888098,0.5947885515111903
37,171,,,24413,0.30400000000000005,0.2751079184439575,0.3328920815560426
37,173,,,4749,0.22700000000000004,0.15087511154740904,0.303124888452591
37,175,,,9719,0.31,0.2569151707677895,0.36308482923221047
37,177,,,783,0.40700000000000003,0.23391797070828169,0.5800820292917184
37,179,,,86998,0.488,0.46586906734518346,0.5101309326548165
37,181,,,13498,0.318,0.2656151027884717,0.3703848972115283
37,183,,,380153,0.365,0.35395058221813275,0.37604941778186723
37,185,,,5293,0.452,0.3780412310673229,0.5259587689326771
37,187,,,2843,0.434,0.3176969662728347,0.5503030337271653
37,189,,,18603,0.225,0.1848059933433086,0.2651940066566914
37,191,,,43405,0.257,0.23172469377886384,0.28227530622113617
37,193,,,22415,0.316,0.277299515784721,0.354700484215279
37,195,,,27107,0.308,0.27247443043025393,0.34352556956974606
37,197,,,14465,0.44,0.38481718928451686,0.49518281071548315
37,199,,,6106,0.396,0.3208983546789883,0.47110164532101173
38,000,,,317566,0.154,0.1473660679932238,0.1606339320067762
38,001,,,780,0.14800000000000002,0.08614574878847875,0.2098542512115213
38,003,,,4204,0.243,0.1802457133100624,0.3057542866899376
38,005,,,1514,0.209,0.15347097097251586,0.2645290290274841
38,007,,,386,0.518,0.3745306290899816,0.6614693709100185
38,009,,,2238,0.29,0.22600248986282856,0.3539975101371714
38,011,,,1023,0.19399999999999998,0.1320654706869316,0.25593452931306837
38,013,,,686,0.406,0.30858891298601676,0.5034110870139833
38,015,,,40737,0.099,0.08341925484010994,0.11458074515989007
38,017,,,86848,0.107,0.09383956985186198,0.12016043014813801
38,019,,,1262,0.22,0.14727033379797583,0.2927296662020242
38,021,,,1799,0.192,0.1312340425531915,0.2527659574468085
38,023,,,794,0.252,0.16834930026942863,0.3356506997305714
38,025,,,1233,0.35,0.274370922547807,0.42562907745219297
38,027,,,858,0.263,0.18613277425428076,0.33986722574571926
38,029,,,993,0.25,0.1864923875413413,0.3135076124586587
38,031,,,1442,0.162,0.09640312697225148,0.22759687302774853
38,033,,,654,0.27,0.18404744062767658,0.35595255937232345
38,035,,,31504,0.11,0.09388183067076072,0.12611816932923928
38,037,,,644,0.237,0.18119045514865526,0.2928095448513447
38,039,,,792,0.23799999999999996,0.14874957282698376,0.32725042717301617
38,041,,,831,0.29600000000000004,0.22457023760935968,0.3674297623906404
38,043,,,675,0.28500000000000003,0.18972554239187978,0.3802744576081203
38,045,,,1525,0.28200000000000003,0.22569661177533645,0.3383033882246636
38,047,,,544,0.21900000000000003,0.13530688319873935,0.3026931168012607
38,049,,,1739,0.535,0.45488618327278324,0.6151138167272169
38,051,,,771,0.158,0.08911995980965963,0.22688004019034036
38,053,,,5434,0.276,0.2097249103685354,0.34227508963146464
38,055,,,3415,0.37099999999999994,0.3201693266199452,0.4218306733800547
38,057,,,3098,0.20800000000000002,0.14721068450602987,0.26878931549397017
38,059,,,14323,0.153,0.11904777942419573,0.18695222057580427
38,061,,,3305,0.34,0.2636888502255378,0.41631114977446226
38,063,,,1010,0.27,0.211702189781055,0.328297810218945
38,065,,,628,0.406,0.2928273251918858,0.5191726748081142
38,067,,,2413,0.192,0.15415262596770038,0.22984737403229963
38,069,,,1534,0.115,0.058219562279416534,0.1717804377205835
38,071,,,4868,0.11800000000000001,0.07335490792634339,0.16264509207365663
38,073,,,2031,0.18700000000000003,0.13937022208029048,0.23462977791970957
38,075,,,967,0.42300000000000004,0.3254578372321554,0.5205421627678447
38,077,,,6610,0.27399999999999997,0.23027055485122788,0.31772944514877205
38,079,,,3219,0.187,0.12962264245457597,0.24437735754542403
38,081,,,1459,0.192,0.1498576427959858,0.23414235720401422
38,083,,,459,0.275,0.1892624257208224,0.36073757427917763
38,085,,,786,0.293,0.2168285035172955,0.3691714964827045
38,087,,,242,0.376,0.23077997835911884,0.5212200216408811
38,089,,,12949,0.155,0.11911658130225389,0.1908834186977461
38,091,,,566,0.217,0.15089649664901353,0.28310350335098644
38,093,,,8177,0.15099999999999997,0.11692257105616145,0.1850774289438385
38,095,,,832,0.195,0.12863928360203558,0.26136071639796443
38,097,,,3254,0.244,0.20468085106382977,0.2833191489361702
38,099,,,4136,0.187,0.15046962790900723,0.22353037209099277
38,101,,,28141,0.147,0.12362129053745699,0.170378709462543
38,103,,,1104,0.165,0.10609654491223292,0.2239034550877671
38,105,,,16130,0.18,0.13477046118375618,0.2252295388162438
39,000,,,4210848,0.3,0.29761702127659573,0.30238297872340425
39,001,,,8684,0.49,0.4142115354849193,0.5657884645150807
39,003,,,37243,0.18100000000000002,0.16398212800006812,0.19801787199993193
39,005,,,19424,0.32300000000000006,0.28450180052771934,0.3614981994722808
39,007,,,32066,0.38,0.34736971997841565,0.41263028002158436
39,009,,,17988,0.267,0.22692980355894413,0.3070701964410559
39,011,,,19477,0.17,0.14783701673801397,0.19216298326198605
39,013,,,23360,0.28400000000000003,0.25402273382881235,0.3139772661711877
39,015,,,15244,0.58,0.5255814054626827,0.6344185945373172
39,017,,,139770,0.342,0.3256197294307962,0.35838027056920385
39,019,,,8359,0.4759999999999999,0.41556200308370594,0.5364379969162939
39,021,,,14847,0.389,0.3513406419046966,0.4266593580953034
39,023,,,45747,0.27699999999999997,0.2547411418134662,0.29925885818653375
39,025,,,80614,0.47200000000000003,0.44908124452226394,0.4949187554777361
39,027,,,15567,0.38099999999999995,0.33835533236520404,0.42364466763479586
39,029,,,36245,0.36,0.3276318148253811,0.39236818517461886
39,031,,,11083,0.32,0.2770402401221312,0.3629597598778688
39,033,,,15789,0.281,0.24791604982522428,0.31408395017477575
39,035,,,414672,0.293,0.2856551662943348,0.30034483370566517
39,037,,,19323,0.308,0.2787659884171244,0.3372340115828756
39,039,,,15236,0.23,0.19532377005072793,0.2646762299492721
39,041,,,80264,0.38699999999999996,0.3650947346083486,0.4089052653916513
39,043,,,28362,0.249,0.22093037176996486,0.2770696282300351
39,045,,,59781,0.461,0.4358372792215149,0.48616272077848516
39,047,,,10637,0.41,0.3541777379228205,0.46582226207717947
39,049,,,469535,0.22599999999999998,0.218278266401897,0.23372173359810297
39,051,,,17769,0.348,0.31148906412857463,0.3845109358714253
39,053,,,9205,0.294,0.24533819744795404,0.3426618025520459
39,055,,,32837,0.44099999999999995,0.40854421470531616,0.47345578529468374
39,057,,,62489,0.253,0.2356926173064957,0.2703073826935043
39,059,,,13507,0.23600000000000002,0.20443115264801964,0.2675688473519804
39,061,,,288972,0.291,0.281847996555731,0.30015200344426896
39,063,,,29050,0.177,0.1522640380520533,0.20173596194794668
39,065,,,11335,0.381,0.3359907106816447,0.4260092893183553
39,067,,,4679,0.48100000000000004,0.408153310928729,0.5538466890712711
39,069,,,11354,0.333,0.28805383734569534,0.3779461626543047
39,071,,,15703,0.435,0.38962943681612994,0.48037056318387006
39,073,,,10085,0.46799999999999997,0.4135162256638531,0.5224837743361469
39,075,,,9585,0.26,0.2142554972789218,0.3057445027210782
39,077,,,21928,0.304,0.26994340715040166,0.3380565928495983
39,079,,,11067,0.36,0.3019339911373083,0.4180660088626917
39,081,,,22382,0.32,0.293118774737447,0.346881225262553
39,083,,,21276,0.35200000000000004,0.31302536488967736,0.3909746351103227
39,085,,,91865,0.31,0.29196949418673174,0.32803050581326826
39,087,,,19830,0.29,0.2553442461257045,0.32465575387429546
39,089,,,63328,0.43,0.406621290537457,0.453378709462543
39,091,,,16101,0.28300000000000003,0.2479167581105198,0.3180832418894803
39,093,,,114723,0.366,0.3497939925853365,0.3822060074146635
39,095,,,154073,0.185,0.17532029466681673,0.19467970533318327
39,097,,,15390,0.43800000000000006,0.3853852544133661,0.49061474558663404
39,099,,,77347,0.23399999999999999,0.21995254759866192,0.24804745240133805
39,101,,,21308,0.29700000000000004,0.2606058994229417,0.33339410057705837
39,103,,,72310,0.43400000000000005,0.4140269987575011,0.453973001242499
39,105,,,7026,0.475,0.40639876480449805,0.543601235195502
39,107,,,18664,0.20099999999999998,0.17451782546446806,0.2274821745355319
39,109,,,43318,0.26599999999999996,0.24380501241338207,0.2881949875866178
39,111,,,4482,0.49599999999999994,0.41559432869336443,0.5764056713066354
39,113,,,191371,0.228,0.2165096927103063,0.23949030728969373
39,115,,,4457,0.54,0.4636795490920065,0.6163204509079936
39,117,,,12367,0.577,0.5190931266985123,0.6349068733014877
39,119,,,31681,0.324,0.2920956613198396,0.3559043386801604
39,121,,,3793,0.37200000000000005,0.29107515124935596,0.45292484875064415
39,123,,,15020,0.349,0.3094289180126266,0.38857108198737333
39,125,,,7414,0.353,0.30158616406034383,0.40441383593965613
39,127,,,13076,0.504,0.4524758338134204,0.5555241661865796
39,129,,,20185,0.479,0.43989808559320726,0.5181019144067927
39,131,,,8810,0.373,0.3114333107885299,0.43456668921147007
39,133,,,59890,0.38299999999999995,0.3592000186403289,0.406799981359671
39,135,,,15900,0.403,0.3618979342384265,0.44410206576157357
39,137,,,14281,0.34600000000000003,0.31186013907293253,0.38013986092706753
39,139,,,43154,0.20600000000000002,0.18329907877739515,0.22870092122260488
39,141,,,26110,0.29,0.258498679671552,0.32150132032844797
39,143,,,22210,0.243,0.21697747954469943,0.26902252045530056
39,145,,,22907,0.34600000000000003,0.3080028830523528,0.38399711694764727
39,147,,,21343,0.271,0.24516912617519124,0.29683087382480877
39,149,,,19343,0.195,0.16903209140018322,0.2209679085998168
39,151,,,137644,0.259,0.24750969271030626,0.27049030728969375
39,153,,,196360,0.29100000000000004,0.2800798196205308,0.30192018037946927
39,155,,,68853,0.257,0.23952933649526703,0.274470663504733
39,157,,,33503,0.26799999999999996,0.24411071258036696,0.291889287419633
39,159,,,24017,0.37699999999999995,0.34265285203819673,0.41134714796180316
39,161,,,11808,0.25699999999999995,0.22161457129040932,0.2923854287095906
39,163,,,4237,0.5920000000000001,0.5005187534524378,0.6834812465475624
39,165,,,92155,0.384,0.36139307885496647,0.40660692114503355
39,167,,,21611,0.28300000000000003,0.25039148075444156,0.3156085192455585
39,169,,,38644,0.243,0.2226049873395122,0.2633950126604878
39,171,,,14589,0.23900000000000002,0.20660989258434817,0.2713901074156519
39,173,,,52759,0.228,0.21040787039631764,0.24559212960368237
39,175,,,9051,0.225,0.18473541557752832,0.2652645844224717
40,000,,,1407146,0.28300000000000003,0.2798476154591571,0.28615238454084296
40,001,,,6074,0.384,0.33789998473018834,0.4301000152698117
40,003,,,1635,0.271,0.20209935246733163,0.3399006475326684
40,005,,,4036,0.361,0.31633901150708454,0.40566098849291543
40,007,,,1750,0.193,0.14088681051901167,0.24511318948098834
40,009,,,6127,0.154,0.09988224364648146,0.20811775635351853
40,011,,,2723,0.218,0.17456371644769114,0.26143628355230886
40,013,,,16090,0.225,0.19865218541064308,0.2513478145893569
40,015,,,8286,0.34,0.3041957942436708,0.3758042057563292
40,017,,,66503,0.386,0.36277359645492335,0.40922640354507667
40,019,,,16705,0.21899999999999997,0.1962990787773951,0.24170092122260484
40,021,,,14981,0.306,0.2757633896908437,0.3362366103091563
40,023,,,4226,0.332,0.2928980855932073,0.37110191440679274
40,025,,,661,0.027999999999999997,0,0.08190748744241384
40,027,,,111397,0.34299999999999997,0.3252072695044295,0.3607927304955704
40,029,,,1523,0.29900000000000004,0.23403377623046195,0.36396622376953813
40,031,,,40332,0.151,0.13621400586860663,0.16578599413139336
40,033,,,1853,0.5060000000000001,0.4193155663531903,0.59268443364681
40,035,,,3926,0.309,0.26662249031269747,0.3513775096873025
40,037,,,24979,0.434,0.40883727922151486,0.45916272077848513
40,039,,,11305,0.18600000000000003,0.1536976708146105,0.21830232918538955
40,041,,,11949,0.435,0.39162913257449905,0.47837086742550095
40,043,,,1370,0.355,0.2990887983342635,0.41091120166573647
40,045,,,1217,0.299,0.22793887124511378,0.37006112875488617
40,047,,,22479,0.127,0.10545412949103389,0.14854587050896612
40,049,,,9054,0.332,0.2935202427800218,0.3704797572199782
40,051,,,20880,0.429,0.3992127659574468,0.45878723404255317
40,053,,,1328,0.375,0.2979483074045459,0.4520516925954541
40,055,,,1551,0.175,0.12041209986540449,0.22958790013459549
40,057,,,749,0.236,0.12112164009891725,0.35087835990108274
40,059,,,1316,0.278,0.19412050291228172,0.3618794970877183
40,061,,,3773,0.36,0.3193319703281252,0.40066802967187476
40,063,,,3406,0.4,0.3362135750125827,0.46378642498741735
40,065,,,9428,0.07200000000000001,0.05220549207134417,0.09179450792865584
40,067,,,1472,0.3990000000000001,0.3347589419799422,0.46324105802005794
40,069,,,3065,0.408,0.34422470411063255,0.4717752958893674
40,071,,,14908,0.184,0.15781432734794018,0.2101856726520598
40,073,,,6114,0.341,0.2775482970622227,0.4044517029377773
40,075,,,2412,0.33299999999999996,0.2739761616779534,0.3920238383220465
40,077,,,2885,0.331,0.27725075405584365,0.3847492459441564
40,079,,,15469,0.3,0.27187984134521137,0.3281201586547886
40,081,,,11266,0.49400000000000005,0.4555018005277193,0.5324981994722807
40,083,,,18480,0.494,0.4446717648301647,0.5433282351698353
40,085,,,3508,0.34,0.2853341356740894,0.39466586432591066
40,087,,,17252,0.461,0.4201751857385251,0.501824814261475
40,089,,,9948,0.289,0.256896049328629,0.321103950671371
40,091,,,4730,0.40399999999999997,0.3450122508518087,0.46298774914819124
40,093,,,2899,0.35900000000000004,0.3014743803016081,0.41652561969839197
40,095,,,4692,0.34,0.2883245143504987,0.39167548564950133
40,097,,,12868,0.38599999999999995,0.3508359210404711,0.4211640789595288
40,099,,,5043,0.30199999999999994,0.246560523663712,0.35743947633628786
40,101,,,20443,0.26,0.23532149681013517,0.2846785031898648
40,103,,,3782,0.273,0.21673444584046084,0.3292655541595392
40,105,,,2913,0.45299999999999996,0.3962320648531055,0.5097679351468943
40,107,,,2906,0.342,0.29528814621705923,0.3887118537829408
40,109,,,291633,0.256,0.24654284637747126,0.26545715362252875
40,111,,,11160,0.39,0.35479557211272883,0.4252044278872712
40,113,,,15014,0.39299999999999996,0.3591734512456004,0.4268265487543995
40,115,,,9905,0.27,0.2506039584386897,0.2893960415613103
40,117,,,5127,0.49,0.43902987320733544,0.5409701267926645
40,119,,,27307,0.192,0.16706397502039244,0.21693602497960757
40,121,,,14007,0.23800000000000002,0.21332149681013518,0.26267850318986485
40,123,,,14482,0.161,0.14029412248870138,0.18170587751129863
40,125,,,23393,0.35200000000000004,0.32775677793265867,0.3762432220673414
40,127,,,3283,0.32400000000000007,0.2736322622247021,0.374367737775298
40,129,,,1209,0.376,0.30288098590776935,0.44911901409223065
40,131,,,36233,0.412,0.3890812445222639,0.43491875547773606
40,133,,,6913,0.34099999999999997,0.30734174357692634,0.3746582564230736
40,135,,,12813,0.366,0.332617028056901,0.39938297194309896
40,137,,,14063,0.254,0.22258894151991543,0.2854110584800846
40,139,,,7175,0.18,0.13228088825140238,0.2277191117485976
40,141,,,2132,0.36200000000000004,0.2953830636667503,0.42861693633324977
40,143,,,245919,0.187,0.18015541471901853,0.19384458528098147
40,145,,,32602,0.39199999999999996,0.36796260646590223,0.4160373935340977
40,147,,,17636,0.254,0.22274752703311387,0.28525247296688616
40,149,,,3522,0.264,0.21739463812450874,0.31060536187549126
40,151,,,3264,0.18600000000000003,0.13732361276231203,0.23467638723768802
40,153,,,7687,0.187,0.14751870955558596,0.22648129044441404
41,000,,,1305634,0.29200000000000004,0.28653990981026545,0.2974600901897346
41,001,,,4438,0.177,0.12975928741746617,0.2242407125825338
41,003,,,26958,0.21299999999999997,0.18487984134521132,0.2411201586547886
41,005,,,137738,0.41600000000000004,0.39970662803093765,0.4322933719690624
41,007,,,12669,0.23199999999999998,0.19177068898282928,0.2722293110171707
41,009,,,16813,0.576,0.5257592577034361,0.6262407422965638
41,011,,,19981,0.213,0.18243649791705036,0.24356350208294963
41,013,,,9224,0.371,0.3058374043253602,0.4361625956746398
41,015,,,5901,0.236,0.1550751512493559,0.3169248487506441
41,017,,,66621,0.21,0.1896049873395122,0.23039501266048779
41,019,,,30125,0.23800000000000002,0.21303552546752363,0.2629644745324764
41,021,,,597,0.193,0.10507971016128488,0.28092028983871514
41,023,,,2040,0.156,0.10462759899194188,0.20737240100805812
41,025,,,2340,0.18299999999999997,0.10706182973011243,0.2589381702698875
41,027,,,7667,0.18899999999999997,0.14721285262391443,0.23078714737608552
41,029,,,70773,0.17900000000000002,0.16112765957446812,0.19687234042553192
41,031,,,7272,0.39,0.3317509134086385,0.44824908659136153
41,033,,,24539,0.26,0.224136368135133,0.295863631864867
41,035,,,20394,0.174,0.1468298622104035,0.20117013778959647
41,037,,,2377,0.142,0.09047583381342039,0.19352416618657958
41,039,,,118771,0.18100000000000002,0.1681120720366394,0.19388792796336066
41,041,,,13663,0.25,0.2095244206773647,0.2904755793226353
41,043,,,44212,0.36,0.333679139703724,0.386320860296276
41,045,,,8729,0.23600000000000002,0.19370632325273468,0.27829367674726535
41,047,,,111691,0.301,0.28227427480535966,0.3197257251946403
41,049,,,3867,0.25299999999999995,0.17817295027965743,0.3278270497203425
41,051,,,228421,0.311,0.29873286621499423,0.32326713378500577
41,053,,,26915,0.385,0.34668662252401883,0.4233133774759812
41,055,,,534,0.26,0.1673621810233354,0.35263781897666463
41,057,,,7100,0.23,0.18242987116808856,0.27757012883191146
41,059,,,26248,0.23600000000000002,0.2047021348915929,0.26729786510840714
41,061,,,8385,0.157,0.12400198230846515,0.18999801769153485
41,063,,,2059,0.135,0.09420997467902441,0.1757900253209756
41,065,,,8540,0.214,0.17568662252401882,0.25231337747598115
41,067,,,193224,0.316,0.30311207203663937,0.32888792796336064
41,069,,,373,0.35600000000000004,0.20803448213472517,0.5039655178652749
41,071,,,34435,0.401,0.36626241424347483,0.4357375857565252
42,000,,,4234548,0.36800000000000005,0.3656170212765958,0.3703829787234043
42,001,,,40123,0.42100000000000004,0.39649468142835376,0.4455053185716463
42,003,,,386064,0.363,0.353847996555731,0.37215200344426896
42,005,,,22788,0.45199999999999996,0.4227417177516048,0.4812582822483951
42,007,,,58750,0.364,0.34486184700775097,0.383138152992249
42,009,,,17045,0.361,0.33164483575717973,0.39035516424282024
42,011,,,153069,0.333,0.319625565085574,0.34637443491442604
42,013,,,43673,0.215,0.19436279888854102,0.23563720111145897
42,015,,,19692,0.358,0.3318414487147743,0.3841585512852257
42,017,,,230744,0.42900000000000005,0.4146031792655044,0.4433968207344957
42,019,,,71338,0.43400000000000005,0.4120947346083487,0.4559052653916514
42,021,,,43560,0.29600000000000004,0.2779301691546006,0.31406983084539947
42,023,,,1496,0.207,0.14534114503451961,0.26865885496548036
42,025,,,22651,0.525,0.48333192879989106,0.566668071200109
42,027,,,45092,0.237,0.21742183198704937,0.2565781680129506
42,029,,,183003,0.414,0.4007321359864476,0.4272678640135524
42,031,,,13252,0.32299999999999995,0.2972516971072646,0.3487483028927353
42,033,,,26410,0.336,0.3125606452748354,0.35943935472516464
42,035,,,12440,0.31300000000000006,0.28008813915964875,0.34591186084035136
42,037,,,22940,0.261,0.23783479920569106,0.28416520079430896
42,039,,,25280,0.3,0.28024138422767,0.31975861577233
42,041,,,92922,0.249,0.23108798729385355,0.26691201270614645
42,043,,,96634,0.245,0.22914826504348076,0.26085173495651925
42,045,,,179199,0.45399999999999996,0.43810354920018985,0.4698964507998101
42,047,,,12196,0.19099999999999998,0.16220635853100865,0.2197936414689913
42,049,,,91108,0.199,0.18383481626731832,0.2141651837326817
42,051,,,41790,0.36700000000000005,0.3412516971072647,0.3927483028927354
42,053,,,1370,0.376,0.30635135712699346,0.44564864287300654
42,055,,,57691,0.32099999999999995,0.2982054663339637,0.3437945336660362
42,057,,,5357,0.499,0.4606125869429416,0.5373874130570584
42,059,,,11015,0.48100000000000004,0.4282909022896468,0.5337090977103532
42,061,,,13334,0.474,0.4377426831036866,0.5102573168963134
42,063,,,26760,0.33,0.3060217391348959,0.35397826086510414
42,065,,,15612,0.28900000000000003,0.26350101414242916,0.3144989858575709
42,067,,,8397,0.44099999999999995,0.3986057436178381,0.48339425638216177
42,069,,,75124,0.22,0.20488169484542185,0.23511830515457816
42,071,,,198500,0.308,0.29573286621499423,0.32026713378500576
42,073,,,28535,0.32299999999999995,0.2951588935765666,0.3508411064234333
42,075,,,50712,0.293,0.27243170459380006,0.3135682954061999
42,077,,,132646,0.306,0.28975025159508067,0.3222497484049193
42,079,,,112006,0.261,0.24926519070424294,0.27273480929575705
42,081,,,40076,0.207,0.19053328940806863,0.22346671059193135
42,083,,,13385,0.258,0.23332149681013517,0.2826785031898648
42,085,,,36623,0.258,0.2384218319870494,0.2775781680129506
42,087,,,16787,0.308,0.26972369401550195,0.34627630598449805
42,089,,,55814,0.4960000000000001,0.46664483575717985,0.5253551642428204
42,091,,,289454,0.4360000000000001,0.42396654730748357,0.44803345269251665
42,093,,,6199,0.22999999999999995,0.1882978723404255,0.2717021276595744
42,095,,,117189,0.3489999999999999,0.3321497958525758,0.36585020414742403
42,097,,,30708,0.3340000000000001,0.31059094826711164,0.3574090517328885
42,099,,,16659,0.601,0.5611607576234541,0.6408392423765459
42,101,,,333901,0.515,0.4992831758795046,0.5307168241204954
42,103,,,18666,0.594,0.5403565077164711,0.6476434922835288
42,105,,,5097,0.324,0.28729516507055475,0.3607048349294453
42,107,,,49381,0.39399999999999996,0.3715506202944821,0.4164493797055178
42,109,,,13793,0.292,0.2643636103716758,0.3196363896283242
42,111,,,25292,0.301,0.27771255455321797,0.324287445446782
42,113,,,1990,0.49200000000000005,0.4288735487641551,0.5551264512358449
42,115,,,12225,0.43,0.4034108263436681,0.4565891736563319
42,117,,,14191,0.35100000000000003,0.32285461015246847,0.3791453898475316
42,119,,,11890,0.198,0.16663416984932178,0.22936583015067824
42,121,,,16676,0.274,0.24861260761384893,0.2993873923861511
42,123,,,12737,0.23199999999999998,0.20862129053745698,0.255378709462543
42,125,,,74600,0.414,0.39478781132320345,0.4332121886767965
42,127,,,15494,0.39299999999999996,0.3553029636980784,0.4306970363019215
42,129,,,129268,0.39799999999999996,0.3824648793748362,0.41353512062516373
42,131,,,9538,0.374,0.341896049328629,0.406103950671371
42,133,,,176597,0.364,0.3507321359864476,0.3772678640135524
44,000,,,396290,0.353,0.34346808510638294,0.362531914893617
44,001,,,18083,0.43,0.38489618634375017,0.4751038136562498
44,003,,,69988,0.354,0.3317730541713628,0.37622694582863714
44,005,,,30033,0.31199999999999994,0.2802517827535933,0.3437482172464066
44,007,,,228610,0.342,0.328839569851862,0.35516043014813803
44,009,,,49576,0.393,0.3619983718063647,0.42400162819363535
45,000,,,1850945,0.36599999999999994,0.3605399098102653,0.3714600901897346
45,001,,,8465,0.368,0.311822824416079,0.424177175583921
45,003,,,60522,0.36,0.3324923320291723,0.3875076679708277
45,005,,,2149,0.501,0.36940109224806256,0.6325989077519374
45,007,,,75185,0.37099999999999994,0.3453899069240114,0.3966100930759885
45,009,,,3570,0.44099999999999995,0.32018861904139034,0.5618113809586096
45,011,,,6980,0.423,0.3531783167537802,0.4928216832462198
45,013,,,64037,0.354,0.32152235159384746,0.3864776484061525
45,015,,,94255,0.496,0.4683636103716758,0.5236363896283243
45,017,,,4796,0.48300000000000004,0.3907922710484283,0.5752077289515718
45,019,,,150237,0.348,0.32993016915460055,0.3660698308453994
45,021,,,19954,0.368,0.3188880861553448,0.4171119138446552
45,023,,,11877,0.53,0.4726969173822112,0.5873030826177889
45,025,,,14862,0.38799999999999996,0.337632262224702,0.4383677377752979
45,027,,,9282,0.5109999999999999,0.45051504270605647,0.5714849572939433
45,029,,,12013,0.505,0.4467509134086385,0.5632490865913615
45,031,,,21105,0.283,0.243053997515002,0.32294600248499794
45,033,,,8713,0.38199999999999995,0.3216913326679786,0.4423086673320213
45,035,,,62467,0.5269999999999999,0.4929225710561614,0.5610774289438384
45,037,,,9302,0.38699999999999996,0.32851983772414894,0.44548016227585097
45,039,,,7104,0.555,0.4770507297793547,0.6329492702206454
45,041,,,47119,0.254,0.2314874714223254,0.2765125285776746
45,043,,,20266,0.391,0.34301388460962867,0.43898611539037136
45,045,,,199710,0.30200000000000005,0.2897908671724737,0.3142091328275264
45,047,,,24578,0.191,0.162354652949379,0.219645347050621
45,049,,,5685,0.49599999999999994,0.4265043976170731,0.5654956023829267
45,051,,,125024,0.29200000000000004,0.2771183026421145,0.30688169735788556
45,053,,,9717,0.516,0.43066074413188776,0.6013392558681123
45,055,,,24616,0.5260000000000001,0.481085433949006,0.5709145660509943
45,057,,,33220,0.483,0.4402721880717318,0.5257278119282681
45,059,,,24145,0.3999999999999999,0.3614649425015919,0.43853505749840793
45,061,,,4648,0.43799999999999994,0.36872946861192135,0.5072705313880785
45,063,,,113708,0.369,0.3544072951493768,0.3835927048506232
45,065,,,2539,0.629,0.47601536424291663,0.7819846357570834
45,067,,,8803,0.509,0.41822758898166035,0.5997724110183397
45,069,,,7172,0.371,0.3007728448013347,0.4412271551986653
45,071,,,13329,0.369,0.3243072356307822,0.4136927643692178
45,073,,,24998,0.29,0.25565285203819677,0.3243471479618032
45,075,,,25859,0.42900000000000005,0.3925085107003252,0.4654914892996749
45,077,,,47416,0.39899999999999997,0.37030513632287787,0.42769486367712206
45,079,,,144943,0.307,0.2866747140826172,0.3273252859173828
45,081,,,6382,0.469,0.4086089999779953,0.5293910000220046
45,083,,,127054,0.332,0.31428723723723756,0.3497127627627625
45,085,,,38272,0.24900000000000003,0.22273313126887828,0.27526686873112177
45,087,,,8699,0.42200000000000004,0.3555217268820812,0.48847827311791886
45,089,,,9678,0.48200000000000004,0.41449395178246334,0.5495060482175368
45,091,,,106490,0.414,0.3940982039796714,0.4339017960203286
46,000,,,352463,0.15900000000000003,0.1535399098102654,0.16446009018973465
46,003,,,1023,0.27699999999999997,0.2181568288857462,0.3358431711142537
46,005,,,7110,0.09,0.06397747954469943,0.11602252045530057
46,007,,,849,0.095,0.027799577487370206,0.16220042251262978
46,009,,,1990,0.279,0.22666933147506924,0.3313306685249308
46,011,,,13720,0.10099999999999999,0.07795769238456238,0.12404230761543761
46,013,,,15393,0.068,0.05228317587950461,0.0837168241204954
46,015,,,1777,0.157,0.10277741496450774,0.21122258503549227
46,017,,,467,0.141,0.037882808058599726,0.24411719194140025
46,019,,,4192,0.289,0.22399008676770982,0.35400991323229014
46,021,,,447,0.153,0.07232112400298799,0.233678875997012
46,023,,,2913,0.14200000000000002,0.107160394682385,0.17683960531761503
46,025,,,1067,0.321,0.23764682415200075,0.40435317584799924
46,027,,,5855,0.254,0.1970946876229332,0.3109053123770668
46,029,,,12819,0.09699999999999999,0.07395769238456237,0.1200423076154376
46,031,,,730,0.337,0.26041957600030646,0.4135804239996936
46,033,,,3028,0.415,0.3249262411794256,0.5050737588205744
46,035,,,8310,0.09899999999999999,0.06761154753830248,0.1303884524616975
46,037,,,1855,0.287,0.22128420382504593,0.352715796174954
46,039,,,1527,0.393,0.31702444938314284,0.4689755506168572
46,041,,,1258,0.205,0.142802429308618,0.267197570691382
46,043,,,1153,0.26899999999999996,0.1964951555606129,0.341504844439387
46,045,,,1218,0.311,0.22214812097871312,0.3998518790212869
46,047,,,2404,0.198,0.11741796157795649,0.27858203842204354
46,049,,,640,0.26899999999999996,0.17222494849896214,0.3657750515010378
46,051,,,2985,0.14,0.09635179111894489,0.18364820888105515
46,053,,,1512,0.196,0.14921222896595643,0.2427877710340436
46,055,,,672,0.267,0.15085575849502111,0.38314424150497894
46,057,,,2294,0.242,0.1922276799933828,0.2917723200066172
46,059,,,1160,0.22500000000000003,0.1516000001233498,0.2983999998766503
46,061,,,1363,0.24900000000000003,0.19527717295443853,0.3027228270455615
46,063,,,411,0.285,0.14659221389036003,0.4234077861096399
46,065,,,7008,0.09,0.05927435618464906,0.12072564381535093
46,067,,,2813,0.226,0.18318920525530152,0.2688107947446985
46,069,,,383,0.21899999999999997,0.06687148936408269,0.37112851063591723
46,071,,,623,0.165,0.0530316930309976,0.27696830696900243
46,073,,,672,0.144,0.08286138466405277,0.2051386153359472
46,075,,,302,0.341,0.18202656166240724,0.4999734383375928
46,077,,,2033,0.293,0.24780185968723928,0.3381981403127607
46,079,,,4442,0.171,0.1252554972789218,0.21674450272107823
46,081,,,11016,0.20800000000000002,0.16895258306137276,0.24704741693862728
46,083,,,31739,0.149,0.12706235430184615,0.17093764569815384
46,085,,,1111,0.179,0.09684769414020943,0.26115230585979055
46,087,,,2243,0.48200000000000004,0.41861545358441354,0.5453845464155865
46,089,,,683,0.28900000000000003,0.16470190185544273,0.4132980981445573
46,091,,,1726,0.20199999999999999,0.13394937043128138,0.2700506295687186
46,093,,,12615,0.239,0.1803622579774979,0.2976377420225021
46,095,,,479,0.311,0.15853125575406282,0.4634687442459372
46,097,,,878,0.28,0.19410526829683072,0.36589473170316933
46,099,,,86186,0.11900000000000001,0.10814501530995574,0.12985498469004428
46,101,,,2324,0.316,0.2546296225921829,0.3773703774078171
46,102,,,1928,0.136,0.06425294670892108,0.20774705329107895
46,103,,,43396,0.137,0.11989891052581256,0.15410108947418746
46,105,,,857,0.149,0.08972415268300987,0.20827584731699011
46,107,,,874,0.185,0.10856802377546393,0.26143197622453607
46,109,,,3167,0.18599999999999997,0.14807768059919083,0.22392231940080912
46,111,,,883,0.34,0.254902298315109,0.425097701684891
46,115,,,1970,0.23200000000000004,0.1703411450345197,0.2936588549654804
46,117,,,1321,0.16899999999999998,0.06590346109988737,0.2720965389001126
46,119,,,600,0.313,0.23504162408804144,0.3909583759119586
46,121,,,1816,0.156,0.08971420097367974,0.22228579902632026
46,123,,,1884,0.138,0.07533626788348396,0.20066373211651606
46,125,,,3659,0.43799999999999994,0.3925981575547902,0.4834018424452097
46,127,,,7369,0.19,0.15782978723404256,0.22217021276595744
46,129,,,1926,0.176,0.10239719728996526,0.2496028027100347
46,135,,,8937,0.11199999999999999,0.08509238177550518,0.1389076182244948
46,137,,,458,0.261,0.14294631048557865,0.37905368951442137
47,000,,,2512992,0.36800000000000005,0.3637040240122132,0.3722959759877869
47,001,,,27183,0.387,0.34806180681920773,0.4259381931807923
47,003,,,18207,0.42599999999999993,0.3713211524499837,0.48067884755001616
47,005,,,5029,0.35100000000000003,0.2813411663824993,0.4206588336175008
47,007,,,4602,0.499,0.3950259112265909,0.6029740887734091
47,009,,,52834,0.39199999999999996,0.36209385437069685,0.42190614562930306
47,011,,,39973,0.308,0.2797790519229654,0.33622094807703456
47,013,,,12740,0.47200000000000003,0.406284203825046,0.537715796174954
47,015,,,5094,0.669,0.560862904110248,0.7771370958897521
47,017,,,9228,0.373,0.3228158032951255,0.4231841967048745
47,019,,,19197,0.341,0.304372601517421,0.37762739848257904
47,021,,,15873,0.6419999999999999,0.5906137836357668,0.693386216364233
47,023,,,6028,0.506,0.42448958663121056,0.5875104133687894
47,025,,,10123,0.345,0.29391858458839754,0.3960814154116024
47,027,,,2182,0.447,0.32236542867487405,0.571634571325126
47,029,,,12346,0.5640000000000001,0.48527148952730387,0.6427285104726963
47,031,,,20658,0.373,0.3266695984113821,0.4193304015886179
47,033,,,5838,0.384,0.32387994506839146,0.44412005493160855
47,035,,,18305,0.274,0.23673856326883977,0.31126143673116025
47,037,,,263601,0.34700000000000003,0.33422270007432425,0.3597772999256758
47,039,,,3737,0.4,0.3241460028617675,0.47585399713823257
47,041,,,7081,0.44400000000000006,0.3623329862690339,0.5256670137309662
47,043,,,20861,0.547,0.49125408479521565,0.6027459152047845
47,045,,,14095,0.23099999999999998,0.1898979342384264,0.2721020657615736
47,047,,,15563,0.627,0.57564141806442,0.67835858193558
47,049,,,5534,0.363,0.27906974375659965,0.4469302562434003
47,051,,,15836,0.37200000000000005,0.32610058825878896,0.41789941174121115
47,053,,,18131,0.4109999999999999,0.36070277568189335,0.4612972243181065
47,055,,,10663,0.47,0.41043744800023835,0.5295625519997617
47,057,,,8153,0.557,0.4917068178303035,0.6222931821696966
47,059,,,23370,0.36700000000000005,0.3282079168773795,0.4057920831226206
47,061,,,4000,0.565,0.48571446242226457,0.6442855375777353
47,063,,,23598,0.264,0.22289793423842644,0.3051020657615736
47,065,,,136033,0.26899999999999996,0.2545539592219787,0.2834460407780212
47,067,,,2059,0.452,0.340680200405311,0.563319799594689
47,069,,,6973,0.522,0.42687466512784034,0.6171253348721597
47,071,,,9058,0.317,0.2598830272684608,0.3741169727315392
47,073,,,17500,0.406,0.3563704989965584,0.45562950100344163
47,075,,,5946,0.45899999999999996,0.3797771564465327,0.5382228435534673
47,077,,,9224,0.43800000000000006,0.37088413294396355,0.5051158670560365
47,079,,,10658,0.21700000000000003,0.17692980355894414,0.2570701964410559
47,081,,,8571,0.55,0.4760220384449855,0.6239779615550146
47,083,,,2738,0.555,0.45498584074891363,0.6550141592510865
47,085,,,6170,0.449,0.371296986791651,0.526703013208349
47,087,,,3831,0.522,0.43099329690042676,0.6130067030995733
47,089,,,22138,0.478,0.4330222629388125,0.5229777370611874
47,091,,,5193,0.39399999999999996,0.29811656390051744,0.4898834360994825
47,093,,,188359,0.269,0.2576965394274833,0.28030346057251676
47,095,,,1390,0.395,0.28672514561381546,0.5032748543861846
47,097,,,7378,0.326,0.27242270975611244,0.3795772902438876
47,099,,,15203,0.355,0.3113030312353206,0.39869696876467936
47,101,,,4840,0.498,0.3943541217167495,0.6016458782832506
47,103,,,13083,0.493,0.43654552906663835,0.5494544709333616
47,105,,,20388,0.36300000000000004,0.31864201760581995,0.40735798239418014
47,107,,,19547,0.3340000000000001,0.29282891308861386,0.3751710869113863
47,109,,,8322,0.361,0.3118014434878509,0.4101985565121491
47,111,,,9076,0.5609999999999999,0.47295062910100677,0.6490493708989931
47,113,,,33804,0.191,0.16583727922151487,0.21616272077848514
47,115,,,8741,0.562,0.48852267589871934,0.6354773241012808
47,117,,,12914,0.5,0.44190954743643074,0.5580904525635693
47,119,,,40851,0.49199999999999994,0.4505368549824213,0.5334631450175785
47,121,,,3703,0.574,0.47500594692539544,0.6729940530746045
47,123,,,15103,0.43599999999999994,0.3849881115233179,0.487011888476682
47,125,,,88898,0.3509999999999999,0.32675677793265856,0.3752432220673413
47,127,,,2463,0.335,0.24950285453183207,0.42049714546816797
47,129,,,6445,0.614,0.5196840020492642,0.7083159979507357
47,131,,,10364,0.22399999999999998,0.1885945172062211,0.25940548279377884
47,133,,,8538,0.359,0.30859000149475974,0.40940999850524024
47,135,,,2493,0.48700000000000004,0.37513951650282884,0.5988604834971712
47,137,,,1491,0.455,0.31372432709863063,0.5962756729013694
47,139,,,5902,0.5389999999999999,0.45298139946589927,0.6250186005341005
47,141,,,30729,0.23,0.1999045730783981,0.2600954269216019
47,143,,,10597,0.415,0.35054934580147085,0.4794506541985291
47,145,,,18957,0.473,0.42734869500436556,0.5186513049956344
47,147,,,29734,0.5479999999999999,0.5053886355078353,0.5906113644921646
47,149,,,139433,0.429,0.40805552837128023,0.44994447162871976
47,151,,,7194,0.34099999999999997,0.28459584500438306,0.3974041549956169
47,153,,,4616,0.5260000000000001,0.4398000471599651,0.6121999528400351
47,155,,,38104,0.38299999999999995,0.35170213489159285,0.41429786510840705
47,157,,,320754,0.281,0.2687908671724737,0.29320913282752636
47,159,,,7675,0.467,0.4015114263246781,0.532488573675322
47,161,,,4375,0.575,0.4890391827077485,0.6609608172922514
47,163,,,55221,0.257,0.23515963924106154,0.2788403607589385
47,165,,,76943,0.47600000000000003,0.44941082634366813,0.5025891736563319
47,167,,,21629,0.5980000000000001,0.548270482627076,0.6477295173729242
47,169,,,4367,0.574,0.44688422204549255,0.7011157779545074
47,171,,,6396,0.311,0.24024920519140447,0.38175079480859553
47,173,,,6491,0.614,0.5333827344556521,0.6946172655443479
47,175,,,1976,0.5680000000000001,0.42398249691405254,0.7120175030859476
47,177,,,14186,0.37,0.3174122432561711,0.42258775674382887
47,179,,,48942,0.24,0.21631961729353827,0.2636803827064617
47,181,,,5179,0.48700000000000004,0.39432387718916745,0.5796761228108327
47,183,,,11086,0.271,0.23003632542512426,0.3119636745748758
47,185,,,9422,0.309,0.25211964062232506,0.36588035937767494
47,187,,,84430,0.44699999999999995,0.4218372792215148,0.4721627207784851
47,189,,,59505,0.535,0.5019589881303713,0.5680410118696287
48,000,,,10200815,0.39399999999999996,0.3916170212765957,0.3963829787234042
48,001,,,17032,0.297,0.24374162503135688,0.3502583749686431
48,003,,,7136,0.368,0.28097232505445036,0.45502767494554963
48,005,,,29545,0.215,0.1864788206212423,0.2435211793787577
48,007,,,6776,0.244,0.18640039233572578,0.3015996076642742
48,009,,,3466,0.23299999999999998,0.18511754244021417,0.2808824575597858
48,011,,,701,0.44,0.3245914768880524,0.5554085231119475
48,013,,,15760,0.498,0.43573399256975154,0.5602660074302485
48,015,,,11390,0.415,0.35506915106061954,0.4749308489393804
48,017,,,2239,0.307,0.19039220438111948,0.4236077956188805
48,019,,,7403,0.6729999999999999,0.5835589005202694,0.7624410994797305
48,021,,,33073,0.615,0.564646357016576,0.665353642983424
48,023,,,1116,0.134,0.05380648123012979,0.21419351876987022
48,025,,,9023,0.252,0.18320245090535192,0.3207975490946481
48,027,,,133618,0.27899999999999997,0.26189891052581254,0.2961010894741874
48,029,,,675116,0.363,0.3544080480244262,0.37159195197557376
48,031,,,3808,0.52,0.4196952764145043,0.6203047235854957
48,033,,,244,0.23800000000000002,0,0.486461959674234
48,035,,,5929,0.40399999999999997,0.34830504085266945,0.4596949591473305
48,037,,,31423,0.175,0.15195769238456236,0.19804230761543762
48,039,,,143693,0.536,0.5115526822636967,0.5604473177363034
48,041,,,85058,0.14100000000000001,0.12861767933312462,0.1533823206668754
48,043,,,3052,0.196,0.10363843755984038,0.28836156244015965
48,045,,,389,0.252,0.1339823923027877,0.3700176076972123
48,047,,,2098,0.207,0.10606038540554485,0.3079396145944551
48,049,,,13096,0.168,0.1413841437743284,0.19461585622567162
48,051,,,5986,0.513,0.4253627378117222,0.6006372621882778
48,053,,,16926,0.458,0.4060505172779093,0.5099494827220907
48,055,,,16602,0.57,0.5104374480002383,0.6295625519997616
48,057,,,7889,0.222,0.15250439761707318,0.2914956023829268
48,059,,,4906,0.297,0.23792807707664082,0.35607192292335915
48,061,,,130269,0.24199999999999997,0.22469261730649567,0.25930738269350423
48,063,,,4235,0.22799999999999998,0.17352925538407676,0.2824707446159232
48,065,,,2499,0.3940000000000001,0.3107746599859049,0.4772253400140952
48,067,,,9241,0.389,0.3301447671512516,0.44785523284874845
48,069,,,2260,0.18,0.11100669559651132,0.24899330440348866
48,071,,,17495,0.47800000000000004,0.41010601292298987,0.5458939870770102
48,073,,,14669,0.374,0.32629576560538787,0.42170423439461213
48,075,,,2276,0.354,0.19855743754743416,0.5094425624525658
48,077,,,3883,0.4040000000000001,0.34058186643390725,0.4674181335660929
48,079,,,761,0.46599999999999997,0.3106442246624288,0.6213557753375711
48,081,,,1146,0.41800000000000004,0.31612243387796435,0.5198775661220357
48,083,,,2173,0.401,0.28468476046561986,0.5173152395343802
48,085,,,377122,0.46,0.4467321359864476,0.4732678640135524
48,087,,,918,0.16699999999999998,0.06701423369746332,0.2669857663025367
48,089,,,7578,0.308,0.242782961508883,0.373217038491117
48,091,,,62618,0.4590000000000001,0.4265442147053163,0.49145578529468387
48,093,,,4889,0.295,0.2348681394610255,0.3551318605389745
48,095,,,929,0.341,0.1710926143683907,0.5109073856316093
48,097,,,16417,0.385,0.33457592245566237,0.43542407754433765
48,099,,,24795,0.303,0.2693628393210377,0.33663716067896227
48,101,,,373,0.267,0.12040322391741026,0.41359677608258977
48,103,,,1439,0.3390000000000001,0.20243535848247102,0.47556464151752914
48,105,,,1097,0.254,0.06123999821327436,0.44676000178672565
48,107,,,1708,0.485,0.3849007102248459,0.5850992897751541
48,109,,,741,0.312,0.10465003897345587,0.5193499610265442
48,111,,,2977,0.16699999999999998,0.04098345262321315,0.29301654737678684
48,113,,,893939,0.42099999999999993,0.41240804802442615,0.4295919519755737
48,115,,,3082,0.32599999999999996,0.24749721540752068,0.40450278459247924
48,117,,,6351,0.183,0.12847715518602018,0.2375228448139798
48,119,,,1871,0.433,0.3177884619228119,0.548211538077188
48,121,,,345598,0.46199999999999997,0.44944688063489885,0.4745531193651011
48,123,,,6272,0.38599999999999995,0.3207611971036413,0.4512388028963586
48,125,,,553,0.381,0.2742635658977171,0.4877364341022829
48,127,,,1966,0.38,0.2119450821615516,0.5480549178384484
48,129,,,987,0.298,0.19093819979598514,0.40506180020401483
48,131,,,2474,0.442,0.2898528267239296,0.5941471732760704
48,133,,,6057,0.272,0.22229903819496188,0.32170096180503815
48,135,,,61932,0.298,0.2651745221454668,0.3308254778545332
48,137,,,378,0.26,0,0.5410753456496957
48,139,,,80581,0.505,0.4773122892696661,0.5326877107303338
48,141,,,289947,0.31299999999999994,0.3007328662149942,0.3252671337850057
48,143,,,15966,0.236,0.2009572465739679,0.27104275342603207
48,145,,,4944,0.441,0.35618637587343044,0.5258136241265696
48,147,,,11438,0.503,0.4465329570876531,0.559467042912347
48,149,,,8968,0.231,0.1891619237233852,0.2728380762766148
48,151,,,1351,0.331,0.25523963824758694,0.4067603617524131
48,153,,,1874,0.15,0.09021144848880977,0.20978855151119022
48,155,,,369,0.287,0.1621776273376181,0.41182237266238186
48,157,,,298981,0.5690000000000001,0.549861847007751,0.5881381529922491
48,159,,,3118,0.273,0.19550737852557368,0.3504926214744264
48,161,,,6183,0.355,0.2959400945567618,0.4140599054432382
48,163,,,5561,0.19299999999999998,0.11043399967762184,0.2755660003223781
48,165,,,6489,0.249,0.18050231389778132,0.3174976861022187
48,167,,,129687,0.424,0.40593016915460056,0.4420698308453994
48,169,,,1394,0.34600000000000003,0.2154353801223911,0.47656461987760895
48,171,,,8910,0.221,0.16548375536983678,0.2765162446301632
48,173,,,405,0.303,0.14012728296109248,0.46587271703890754
48,175,,,2326,0.54,0.42397805424495816,0.6560219457550419
48,177,,,7109,0.395,0.32030587497490903,0.469694125025091
48,179,,,7550,0.243,0.19107785191948717,0.2949221480805128
48,181,,,48899,0.32799999999999996,0.30101335776328747,0.35498664223671245
48,183,,,46188,0.20800000000000005,0.18570927514262336,0.23029072485737673
48,185,,,9362,0.638,0.554222113485121,0.7217778865148791
48,187,,,64594,0.455,0.4283574879276621,0.48164251207233794
48,189,,,10690,0.23600000000000002,0.18554777616402354,0.2864522238359765
48,191,,,851,0.17800000000000002,0.06787260350585539,0.28812739649414465
48,193,,,2772,0.29400000000000004,0.21204666279276702,0.37595333720723306
48,195,,,2092,0.287,0.19302328288886672,0.38097671711113323
48,197,,,1257,0.14900000000000002,0.08539187424321774,0.21260812575678228
48,199,,,20838,0.5479999999999999,0.490474380301608,0.6055256196983919
48,201,,,1614103,0.46699999999999997,0.46036606799322377,0.47363393200677617
48,203,,,24373,0.27899999999999997,0.24583033996611897,0.31216966003388097
48,205,,,1292,0.11999999999999998,0.038038001938084154,0.2019619980619158
48,207,,,1895,0.20199999999999999,0.13365793171206813,0.27034206828793184
48,209,,,96690,0.517,0.488354652949379,0.545645347050621
48,211,,,1260,0.21900000000000003,0.13767266816948384,0.3003273318305162
48,213,,,26503,0.429,0.3907051537838579,0.4672948462161421
48,215,,,258204,0.26799999999999996,0.2557328662149942,0.28026713378500573
48,217,,,12385,0.4709999999999999,0.42400031303380004,0.5179996869661998
48,219,,,7650,0.34299999999999997,0.287765760745195,0.39823423925480494
48,221,,,21905,0.462,0.4191394926841755,0.5048605073158245
48,223,,,13225,0.259,0.225405070550093,0.292594929449907
48,225,,,5951,0.406,0.3301272896513833,0.48187271034861673
48,227,,,10535,0.26099999999999995,0.214746266346733,0.3072537336532669
48,229,,,905,0.6,0.3561955380572455,0.8438044619427545
48,231,,,36714,0.42700000000000005,0.39547615459157087,0.4585238454084292
48,233,,,6958,0.221,0.1712990381949619,0.2707009618050381
48,235,,,521,0.502,0.31644872246264466,0.6875512775373553
48,237,,,2653,0.3559999999999999,0.27339102564654244,0.4386089743534574
48,239,,,4635,0.4730000000000001,0.3748340020641214,0.5711659979358787
48,241,,,9617,0.37800000000000006,0.32108221522555014,0.43491778477445
48,243,,,367,0.136,0,0.33094237056282017
48,245,,,87775,0.23800000000000002,0.21985177472645198,0.2561482252735481
48,247,,,1438,0.214,0.09073986405319004,0.3372601359468099
48,249,,,12233,0.375,0.31570020768210716,0.43429979231789284
48,251,,,76935,0.568,0.5363189274545843,0.5996810725454156
48,253,,,5078,0.368,0.2897145245706714,0.4462854754293286
48,255,,,3901,0.282,0.18238407845954085,0.3816159215404591
48,257,,,62051,0.5940000000000001,0.5593442461257047,0.6286557538742955
48,259,,,14817,0.505,0.4354737625693508,0.5745262374306492
48,261,,,46,0.34700000000000003,0,1
48,263,,,223,0.16599999999999998,0.06787739674594517,0.2641226032540548
48,265,,,16880,0.23,0.1945344229913326,0.2654655770086674
48,267,,,1517,0.28099999999999997,0.15978388966329307,0.4022161103367069
48,269,,,62,0.161,0,0.9669463388661393
48,271,,,1080,0.20400000000000001,0.029606492327454798,0.3783935076725452
48,273,,,10148,0.242,0.17991665818499322,0.30408334181500674
48,275,,,1135,0.138,0.07990954743643075,0.19609045256356927
48,277,,,17393,0.16,0.13045202472392828,0.18954797527607173
48,279,,,4605,0.235,0.17034042903250657,0.2996595709674934
48,281,,,7069,0.44400000000000006,0.3690307924989443,0.5189692075010558
48,283,,,1674,0.207,0.09990505475317872,0.31409494524682124
48,285,,,7350,0.31299999999999994,0.2618075379020984,0.3641924620979015
48,287,,,5692,0.49900000000000005,0.39303110375454364,0.6049688962454565
48,289,,,5015,0.465,0.38126448761484344,0.5487355123851566
48,291,,,29131,0.6459999999999999,0.5920530247089685,0.6999469752910313
48,293,,,6994,0.387,0.3336883400005516,0.44031165999944843
48,295,,,938,0.24700000000000003,0.18580336185955829,0.30819663814044174
48,297,,,3013,0.415,0.31587696439111385,0.5141230356088862
48,299,,,6253,0.4,0.323893762751524,0.47610623724847606
48,301,,,25,0,0,1
48,303,,,121124,0.1,0.09017472701980472,0.10982527298019529
48,305,,,2007,0.40099999999999997,0.3230689443537873,0.47893105564621263
48,307,,,2211,0.237,0.15470093952319736,0.3192990604768026
48,309,,,95770,0.19200000000000003,0.17523425856063118,0.20876574143936888
48,311,,,171,0.292,0,0.5872225974977803
48,313,,,3856,0.41300000000000003,0.30734639822881105,0.518653601771189
48,315,,,2992,0.584,0.4797123454400425,0.6882876545599574
48,317,,,1901,0.291,0.19746998240167996,0.38453001759832
48,319,,,1172,0.33099999999999996,0.20619468850898448,0.45580531149101544
48,321,,,11974,0.371,0.3055764919877131,0.4364235080122869
48,323,,,17572,0.15499999999999997,0.11831450885842225,0.19168549114157768
48,325,,,16154,0.5109999999999999,0.44482137290962254,0.5771786270903773
48,327,,,597,0.237,0.044420521366462684,0.4295794786335373
48,329,,,68588,0.25,0.22631961729353828,0.2736803827064617
48,331,,,8539,0.45099999999999996,0.38294937043128136,0.5190506295687185
48,333,,,1523,0.313,0.22207913389565448,0.4039208661043455
48,335,,,3018,0.35,0.25173282232945915,0.4482671776705408
48,337,,,6273,0.513,0.43849617878737407,0.587503821212626
48,339,,,233313,0.505,0.4850982039796714,0.5249017960203286
48,341,,,7969,0.163,0.11383030741319372,0.2121696925868063
48,343,,,3732,0.375,0.2800539215714344,0.4699460784285656
48,345,,,393,0.226,0.09283540479532351,0.3591645952046765
48,347,,,21152,0.21,0.180260463720701,0.23973953627929898
48,349,,,18285,0.322,0.28647443043025395,0.35752556956974607
48,351,,,3810,0.557,0.45108470461596256,0.6629152953840376
48,353,,,5047,0.22299999999999998,0.17674626634673302,0.26925373365326694
48,355,,,128042,0.18600000000000003,0.17262556508557403,0.19937443491442602
48,357,,,3522,0.18899999999999997,0.12683667593176573,0.2511633240682342
48,359,,,638,0.48100000000000004,0.3602003705497066,0.6017996294502934
48,361,,,31545,0.34,0.307962448470386,0.37203755152961404
48,363,,,8847,0.37200000000000005,0.32050339421452934,0.42349660578547077
48,365,,,7883,0.409,0.33857098420907467,0.4794290157909253
48,367,,,60767,0.535,0.5039754839271351,0.566024516072865
48,369,,,3739,0.22399999999999998,0.17198224351639096,0.276017756483609
48,371,,,5106,0.25,0.17817384298777142,0.3218261570122286
48,373,,,14625,0.36300000000000004,0.3118769138143066,0.4141230861856935
48,375,,,37412,0.165,0.14255062029448215,0.18744937970551787
48,377,,,1571,0.057,0,0.12492534447399117
48,379,,,3841,0.523,0.4259978368957731,0.620002163104227
48,381,,,58463,0.165,0.14806575441278924,0.18193424558721077
48,383,,,1053,0.255,0.1478520440110403,0.3621479559889597
48,385,,,353,0.13899999999999998,0,0.3495061954122163
48,387,,,3379,0.49599999999999994,0.3973219473206962,0.5946780526793037
48,389,,,4305,0.257,0.16479996946037673,0.3492000305396233
48,391,,,2339,0.35,0.2532542920567929,0.44674570794320706
48,393,,,313,0.28,0.163709173361163,0.3962908266388371
48,395,,,5531,0.365,0.304562003083706,0.42543799691629397
48,397,,,44964,0.591,0.5531526259677003,0.6288473740322996
48,399,,,3653,0.363,0.28932972040866384,0.43667027959133614
48,401,,,17753,0.387,0.3423231207439085,0.4316768792560915
48,403,,,2705,0.4710000000000001,0.3410129337492177,0.6009870662507825
48,405,,,2133,0.488,0.3823060954992234,0.5936939045007766
48,407,,,8382,0.633,0.5455898197537405,0.7204101802462595
48,409,,,24867,0.32199999999999995,0.28576226577694674,0.35823773422305316
48,411,,,1691,0.293,0.20363035496293158,0.3823696450370684
48,413,,,758,0.435,0.2729399258533649,0.5970600741466351
48,415,,,5293,0.152,0.09039873247116667,0.21360126752883332
48,417,,,1241,0.38300000000000006,0.27162282727644255,0.4943771727235576
48,419,,,8209,0.3,0.2436336114331206,0.35636638856687936
48,421,,,860,0.264,0.09526642728717388,0.43273357271282614
48,423,,,85821,0.285,0.2654218319870494,0.30457816801295057
48,425,,,3559,0.385,0.29440762325998804,0.475592376740012
48,427,,,16812,0.226,0.1871713378186886,0.2648286621813114
48,429,,,2934,0.32899999999999996,0.21889194163059,0.4391080583694099
48,431,,,439,0.397,0.22474426036549516,0.5692557396345048
48,433,,,509,0.171,0.02854848974120594,0.3134515102587941
48,435,,,1184,0.245,0.10964135461991786,0.38035864538008213
48,437,,,2231,0.34600000000000003,0.24388581649194163,0.44811418350805843
48,439,,,782831,0.419,0.41057489792628793,0.42742510207371204
48,441,,,55954,0.094,0.07960317926550434,0.10839682073449566
48,443,,,239,0.151,0,0.4969179061960671
48,445,,,3525,0.35,0.2522760792338696,0.4477239207661304
48,447,,,516,0.285,0.17478240378612298,0.395217596213877
48,449,,,10354,0.175,0.146503719080269,0.203496280919731
48,451,,,42127,0.138,0.11781489014082011,0.1581851098591799
48,453,,,428544,0.36099999999999993,0.3495096927103062,0.3724903072896937
48,455,,,4264,0.607,0.5102469553330161,0.7037530446669839
48,457,,,4928,0.49400000000000005,0.41844604457027146,0.5695539554297286
48,459,,,13758,0.478,0.4196170212765957,0.5363829787234042
48,461,,,1029,0.405,0.2458614407752124,0.5641385592247876
48,463,,,8353,0.14900000000000002,0.10010536452739327,0.19789463547260677
48,465,,,14897,0.141,0.1062011666159756,0.17579883338402436
48,467,,,20518,0.508,0.4624732554138555,0.5535267445861446
48,469,,,33337,0.244,0.2143560894868517,0.2736439105131483
48,471,,,23100,0.348,0.29636573931569593,0.399634260684304
48,473,,,21094,0.5459999999999999,0.47704786105626407,0.6149521389437358
48,475,,,4270,0.326,0.23529799461979384,0.4167020053802062
48,477,,,12703,0.26899999999999996,0.22171423188735623,0.3162857681126437
48,479,,,90979,0.24,0.22075090026385963,0.25924909973614035
48,481,,,14731,0.355,0.3059893628567074,0.40401063714329255
48,483,,,1785,0.331,0.24050169636608837,0.42149830363391166
48,485,,,45088,0.081,0.06650490631077871,0.0954950936892213
48,487,,,4572,0.14300000000000002,0.0901832776799624,0.19581672232003763
48,489,,,6646,0.265,0.19250494623575573,0.33749505376424427
48,491,,,226632,0.451,0.43410772286786303,0.467892277132137
48,493,,,17871,0.621,0.5634003923357258,0.6785996076642742
48,495,,,3017,0.3940000000000001,0.29484832439178504,0.4931516756082151
48,497,,,26624,0.532,0.4907772230658576,0.5732227769341425
48,499,,,12481,0.45899999999999996,0.40213212122793385,0.5158678787720661
48,501,,,2323,0.36400000000000005,0.22690621714857293,0.5010937828514271
48,503,,,6794,0.16700000000000004,0.12280232887253115,0.21119767112746893
48,505,,,3675,0.192,0.11181533310043325,0.2721846668995668
48,507,,,2874,0.193,0.11366971131096434,0.27233028868903564
49,000,,,1139561,0.26199999999999996,0.2577040240122131,0.2662959759877868
49,001,,,2306,0.214,0.1506378549091688,0.2773621450908312
49,003,,,20791,0.324,0.29119615343470523,0.3568038465652948
49,005,,,47574,0.14100000000000001,0.12488183067076074,0.1571181693292393
49,007,,,6507,0.18899999999999997,0.15151066244838604,0.2264893375516139
49,009,,,226,0.213,0.11836843740483169,0.30763156259516833
49,011,,,130932,0.293,0.2784072951493768,0.3075927048506232
49,013,,,6402,0.27,0.235160394682385,0.30483960531761506
49,015,,,3289,0.233,0.1816137836357669,0.2843862163642331
49,017,,,1594,0.14100000000000001,0.08348672088304329,0.19851327911695674
49,019,,,3628,0.126,0.0706373984078825,0.1813626015921175
49,021,,,20536,0.142,0.11557148747408819,0.1684285125259118
49,023,,,4476,0.36200000000000004,0.29213766365965393,0.43186233634034615
49,025,,,2158,0.11800000000000001,0.057000864576550514,0.1789991354234495
49,027,,,4458,0.18,0.13100384804607162,0.22899615195392836
49,029,,,4222,0.423,0.34106398724855874,0.5049360127514413
49,031,,,377,0.498,0.2602538301346379,0.7357461698653621
49,033,,,778,0.29400000000000004,0.20147718767099904,0.38652281232900104
49,035,,,409578,0.254,0.2452443770896261,0.2627556229103739
49,037,,,3764,0.312,0.2563177871531333,0.3676822128468667
49,039,,,8829,0.21,0.17627853552796788,0.2437214644720321
49,041,,,7380,0.134,0.10615889357656666,0.16184110642343336
49,043,,,14447,0.3440000000000001,0.3060402634027174,0.3819597365972828
49,045,,,27604,0.507,0.4681165337516374,0.5458834662483626
49,047,,,11070,0.207,0.17252907813091878,0.2414709218690812
49,049,,,224141,0.28900000000000003,0.2780798196205308,0.29992018037946927
49,051,,,12407,0.29700000000000004,0.25272210068683093,0.34127789931316915
49,053,,,60422,0.154,0.13689891052581254,0.17110108947418745
49,055,,,785,0.157,0.0569219860669032,0.2570780139330968
49,057,,,98880,0.261,0.24406575441278924,0.2779342455872108
50,000,,,227773,0.327,0.3173202946668167,0.3366797053331833
50,001,,,13030,0.381,0.3504597312933331,0.41154026870666693
50,003,,,12224,0.22700000000000004,0.19177541498088127,0.26222458501911883
50,005,,,10651,0.349,0.3081056966426847,0.38989430335731523
50,007,,,59347,0.256,0.2356049873395122,0.2763950126604878
50,009,,,2062,0.408,0.34745639345607654,0.4685436065439234
50,011,,,18638,0.4710000000000001,0.4285555431782475,0.5134444568217527
50,013,,,2746,0.578,0.5029929292604187,0.6530070707395812
50,015,,,10572,0.38400000000000006,0.3380851261017928,0.4299148738982073
50,017,,,10598,0.43599999999999994,0.39287532680988013,0.47912467319011975
50,019,,,9695,0.34299999999999997,0.30672311100137245,0.3792768889986275
50,021,,,22255,0.29300000000000004,0.2639608840004502,0.3220391159995499
50,023,,,21802,0.33299999999999996,0.3028103774586418,0.3631896225413581
50,025,,,15096,0.281,0.24774485100981447,0.3142551489901856
50,027,,,19057,0.343,0.31056609255431034,0.3754339074456897
51,000,,,2924214,0.39299999999999996,0.389847615459157,0.3961523845408429
51,001,,,10359,0.24100000000000002,0.20077068898282932,0.28122931101717075
51,003,,,35827,0.26799999999999996,0.2451122367683251,0.2908877632316748
51,005,,,5152,0.243,0.18667140318297212,0.29932859681702784
51,007,,,4475,0.7240000000000001,0.6008954483077424,0.8471045516922577
51,009,,,11175,0.322,0.27442987116808853,0.3695701288319115
51,011,,,6241,0.45399999999999996,0.3835609063645942,0.5244390936354056
51,013,,,55534,0.381,0.3556405827103746,0.40635941728962544
51,015,,,31383,0.331,0.3005995044237578,0.3614004955762422
51,017,,,1547,0.258,0.15440892456435262,0.3615910754356474
51,019,,,28864,0.377,0.3462512628752519,0.40774873712474813
51,021,,,1751,0.455,0.32599410634565784,0.5840058936543422
51,023,,,12430,0.311,0.26988066808947686,0.35211933191052314
51,025,,,5327,0.455,0.3669022724634582,0.5430977275365418
51,027,,,4261,0.435,0.35018637587343043,0.5198136241265696
51,029,,,4966,0.653,0.5611161596979837,0.7448838403020164
51,031,,,21359,0.298,0.26160589942294166,0.3343941005770583
51,033,,,11887,0.612,0.5439702352576399,0.6800297647423601
51,035,,,10149,0.42,0.35867590493466933,0.48132409506533064
51,036,,,2581,0.65,0.5814091126792377,0.7185908873207624
51,037,,,4005,0.529,0.44352776507831376,0.6144722349216862
51,041,,,135340,0.401,0.38171405984788587,0.4202859401521142
51,043,,,5012,0.486,0.4106153428283014,0.5613846571716985
51,045,,,1374,0.693,0.475387588562626,0.9106124114373739
51,047,,,18926,0.506,0.4594098711243847,0.5525901288756153
51,049,,,3792,0.58,0.47647061244350686,0.6835293875564931
51,051,,,3888,0.512,0.4194388362445524,0.6045611637554476
51,053,,,10426,0.518,0.4541579586230933,0.5818420413769066
51,057,,,3342,0.49700000000000005,0.40232344260273534,0.5916765573972648
51,059,,,339557,0.4549999999999999,0.4448199104311109,0.4651800895688889
51,061,,,27823,0.5840000000000001,0.5408753268098803,0.6271246731901199
51,063,,,5646,0.498,0.41562335174665177,0.5803766482533482
51,065,,,9195,0.615,0.5284056877111514,0.7015943122888486
51,067,,,18690,0.508,0.4555473957714431,0.5604526042285569
51,069,,,35411,0.42100000000000004,0.3880665788161373,0.45393342118386276
51,071,,,6120,0.469,0.39448665205359523,0.5435133479464047
51,073,,,15586,0.579,0.5191402574913612,0.6388597425086388
51,075,,,9405,0.525,0.45341141637406057,0.5965885836259395
51,077,,,4581,0.452,0.37822380999973515,0.5257761900002649
51,079,,,7522,0.522,0.4420813451137784,0.6019186548862216
51,081,,,3174,0.435,0.3227594254194862,0.5472405745805138
51,083,,,10603,0.33799999999999997,0.28635199400447564,0.3896480059955243
51,085,,,42080,0.38199999999999995,0.3508385096802198,0.4131614903197801
51,087,,,117885,0.264,0.2486487334319871,0.2793512665680129
51,089,,,16632,0.269,0.231208932531038,0.306791067468962
51,091,,,621,0.365,0.2218872968161635,0.5081127031838365
51,093,,,14986,0.4989999999999999,0.4525930571373435,0.5454069428626562
51,095,,,26317,0.364,0.32942627169367544,0.39857372830632454
51,097,,,2454,0.6240000000000001,0.4942534280648344,0.7537465719351658
51,099,,,10245,0.5359999999999999,0.47790954743643066,0.5940904525635692
51,101,,,7713,0.63,0.5409486239405048,0.7190513760594952
51,103,,,3161,0.3390000000000001,0.25002039134724086,0.4279796086527593
51,105,,,5279,0.36900000000000005,0.2948782521838499,0.4431217478161502
51,107,,,134669,0.45299999999999996,0.4344265189996869,0.47157348100031304
51,109,,,14615,0.6309999999999999,0.5605105387545577,0.7014894612454421
51,111,,,3454,0.49800000000000005,0.40213137100987917,0.5938686289901209
51,113,,,5020,0.3940000000000001,0.32504786105626426,0.4629521389437359
51,115,,,2421,0.469,0.3746087719200895,0.5633912280799105
51,117,,,10298,0.365,0.31208928572656286,0.4179107142734371
51,119,,,3152,0.511,0.4068962804346421,0.6151037195653579
51,121,,,31635,0.188,0.16015889357656665,0.21584110642343335
51,125,,,4299,0.563,0.46986545993461126,0.6561345400653886
51,127,,,9805,0.572,0.4941783213278941,0.6498216786721058
51,131,,,3627,0.306,0.2328324630979348,0.37916753690206517
51,133,,,3006,0.433,0.325646874631045,0.540353125368955
51,135,,,4672,0.435,0.3509936625296979,0.5190063374703021
51,137,,,13108,0.595,0.5253411663824992,0.6646588336175008
51,139,,,7892,0.488,0.42408017697565165,0.5519198230243483
51,141,,,5370,0.467,0.3755265130051509,0.5584734869948491
51,143,,,20407,0.386,0.34902541462322373,0.4229745853767763
51,145,,,10868,0.576,0.5042430539748801,0.6477569460251198
51,147,,,6270,0.314,0.2411338253889739,0.3868661746110261
51,149,,,13609,0.405,0.3436180574592417,0.4663819425407584
51,153,,,165726,0.638,0.6206107852535685,0.6553892147464315
51,155,,,12128,0.298,0.2538987953486801,0.3421012046513199
51,157,,,2372,0.603,0.45981787517580425,0.7461821248241958
51,159,,,2625,0.435,0.32513718583743856,0.5448628141625614
51,161,,,35484,0.24499999999999997,0.21705709760105188,0.2729429023989481
51,163,,,7832,0.41200000000000003,0.34283201571683414,0.48116798428316593
51,165,,,32585,0.27299999999999996,0.24617163855510332,0.2998283614448966
51,167,,,7236,0.462,0.39684829834795154,0.5271517016520485
51,169,,,6692,0.466,0.3887459026096128,0.5432540973903873
51,171,,,16213,0.451,0.40437941010192446,0.49762058989807556
51,173,,,9681,0.32299999999999995,0.2752065709477715,0.3707934290522284
51,175,,,6224,0.503,0.4324099113496576,0.5735900886503424
51,177,,,50398,0.513,0.48405882396240413,0.5419411760375958
51,179,,,54307,0.522,0.49501335776328753,0.5489866422367125
51,181,,,2449,0.6990000000000001,0.5727808354443283,0.8252191645556718
51,183,,,3644,0.6410000000000001,0.536515146295315,0.7454848537046852
51,185,,,11371,0.31200000000000006,0.26866187766593624,0.35533812233406387
51,187,,,14062,0.574,0.5201056816032065,0.6278943183967934
51,191,,,19096,0.296,0.26213150882557845,0.3298684911744215
51,193,,,5692,0.638,0.543420958395055,0.732579041604945
51,195,,,9603,0.27899999999999997,0.23013440797247003,0.3278655920275299
51,197,,,9835,0.28700000000000003,0.23569673157743767,0.33830326842256236
51,199,,,26463,0.28600000000000003,0.25755358137729595,0.3144464186227041
51,510,,,47330,0.42300000000000004,0.39593456447959025,0.45006543552040984
51,520,,,5597,0.134,0.08444206284200921,0.1835579371579908
51,530,,,2120,0.155,0.09113572562873071,0.2188642743712693
51,540,,,12424,0.14,0.10691604982522426,0.17308395017477576
51,550,,,94134,0.3940000000000001,0.37308944656621457,0.4149105534337856
51,570,,,6837,0.37199999999999994,0.2992117988458833,0.4447882011541166
51,580,,,1770,0.15,0.06516127194388065,0.23483872805611933
51,590,,,12397,0.16799999999999998,0.1377868744402581,0.19821312555974185
51,595,,,1607,0.259,0.15356160629801208,0.36443839370198794
51,600,,,6876,0.486,0.4082878522458946,0.5637121477541054
51,610,,,3897,0.39599999999999996,0.3004948623036853,0.49150513769631465
51,620,,,2699,0.348,0.23608242054836798,0.459917579451632
51,630,,,9649,0.4,0.3412292512776377,0.45877074872236234
51,640,,,2331,0.20199999999999999,0.12427871877371707,0.2797212812262829
51,650,,,50701,0.264,0.23981540733424833,0.2881845926657517
51,660,,,16215,0.11800000000000001,0.09167913970372399,0.14432086029627603
51,670,,,7895,0.414,0.33302254000829046,0.4949774599917095
51,678,,,1586,0.18200000000000002,0.06459747982743269,0.29940252017256735
51,680,,,24392,0.111,0.0908500865230614,0.1311499134769386
51,683,,,15254,0.527,0.4654909845147356,0.5885090154852645
51,685,,,6671,0.634,0.5440287455996119,0.7239712544003881
51,690,,,4377,0.19299999999999998,0.12819787405194208,0.25780212594805785
51,700,,,67257,0.3,0.277837016738014,0.322162983261986
51,710,,,87873,0.27299999999999996,0.2549694941867317,0.2910305058132682
51,720,,,950,0.187,0.07284064412728593,0.3011593558727141
51,730,,,10655,0.31099999999999994,0.2518320251060112,0.37016797489398867
51,735,,,5095,0.325,0.25415896818834843,0.3958410318116516
51,740,,,32299,0.345,0.3134761545915708,0.37652384540842915
51,750,,,6352,0.20900000000000002,0.15353492242644995,0.2644650775735501
51,760,,,76720,0.21600000000000003,0.19609820397967143,0.23590179602032862
51,770,,,33687,0.162,0.1351451936384366,0.1888548063615634
51,775,,,9326,0.18099999999999997,0.13870632325273463,0.2232936767472653
51,790,,,8944,0.24900000000000003,0.19971495313714896,0.2982850468628511
51,800,,,37682,0.512,0.47991816710643276,0.5440818328935673
51,810,,,177119,0.30700000000000005,0.2933108294380371,0.320689170561963
51,820,,,8295,0.26299999999999996,0.20250330830740235,0.32349669169259754
51,830,,,3679,0.233,0.15410036975795532,0.3118996302420447
51,840,,,9548,0.18899999999999997,0.14233375584920407,0.23566624415079587
53,000,,,2401413,0.361,0.35784761545915705,0.3641523845408429
53,001,,,5532,0.298,0.22016008115919827,0.3758399188408017
53,003,,,7455,0.098,0.0660289855131945,0.1299710144868055
53,005,,,69220,0.23,0.21024138422766997,0.24975861577233005
53,007,,,26105,0.223,0.19515889357656666,0.2508411064234334
53,009,,,20782,0.204,0.17628666435836898,0.231713335641631
53,011,,,170199,0.322,0.3087321359864476,0.3352678640135524
53,013,,,1205,0.425,0.29412586261208695,0.555874137387913
53,015,,,38121,0.345,0.3126318148253811,0.37736818517461884
53,017,,,15801,0.19200000000000003,0.1548339343920424,0.22916606560795766
53,019,,,1477,0.22700000000000004,0.15557023760935967,0.2984297623906404
53,021,,,33341,0.23399999999999999,0.20279298519967265,0.2652070148003273
53,023,,,580,0.429,0.24929828044040475,0.6087017195595952
53,025,,,31962,0.244,0.21180773017778926,0.27619226982221073
53,027,,,22029,0.33,0.2987021348915929,0.3612978651084071
53,029,,,26711,0.312,0.2769572465739679,0.3470427534260321
53,031,,,7429,0.273,0.2229290860506707,0.32307091394932935
53,033,,,618912,0.412,0.4046551662943348,0.41934483370566517
53,035,,,84243,0.319,0.3002742748053597,0.33772572519464034
53,037,,,15907,0.24799999999999997,0.21207704033301467,0.2839229596669853
53,039,,,6138,0.41700000000000004,0.3433393561787125,0.4906606438212876
53,041,,,25978,0.385,0.35397548392713507,0.41602451607286495
53,043,,,3197,0.42,0.35634725261320743,0.48365274738679254
53,045,,,17927,0.551,0.49767502706239947,0.6043249729376007
53,047,,,11126,0.20800000000000002,0.1745108816143366,0.24148911838566345
53,049,,,5794,0.31299999999999994,0.2542896715143595,0.3717103284856404
53,051,,,3816,0.379,0.2959967084924552,0.4620032915075448
53,053,,,319349,0.452,0.4412106049417937,0.4627893950582063
53,055,,,4897,0.08199999999999999,0.0631608990458054,0.10083910095419459
53,057,,,43006,0.359,0.3344368175495118,0.38356318245048815
53,059,,,3945,0.499,0.43027471183663785,0.5677252881633621
53,061,,,277139,0.47700000000000004,0.46508510638297873,0.48891489361702134
53,063,,,177714,0.255,0.24326519070424293,0.26673480929575705
53,065,,,13834,0.435,0.38710272044401955,0.48289727955598044
53,067,,,93180,0.359,0.33709473460834866,0.3809052653916513
53,069,,,964,0.426,0.2775220666383814,0.5744779333616186
53,071,,,19215,0.12399999999999999,0.10235552087283493,0.14564447912716502
53,073,,,78545,0.22699999999999998,0.20981609604885246,0.2441839039511475
53,075,,,14421,0.14,0.12086184700775097,0.15913815299224904
53,077,,,84217,0.196,0.18215614463483307,0.20984385536516695
54,000,,,573056,0.35700000000000004,0.34965516629433485,0.3643448337056652
54,001,,,4395,0.47700000000000004,0.3834623934513979,0.5705376065486022
54,003,,,50213,0.40700000000000003,0.3770938543706969,0.43690614562930313
54,005,,,5720,0.523,0.4397576038652188,0.6062423961347813
54,007,,,2789,0.46799999999999997,0.36642946285762,0.5695705371423799
54,009,,,7520,0.371,0.31364739007597536,0.42835260992402463
54,011,,,30758,0.26999999999999996,0.23763181482538112,0.30236818517461883
54,013,,,1617,0.6,0.45543153301011857,0.7445684669898813
54,015,,,1841,0.507,0.37883317797144245,0.6351668220285576
54,017,,,2043,0.54,0.38650583093608115,0.6934941690639189
54,019,,,11337,0.44,0.3777910179571429,0.502208982042857
54,021,,,1436,0.44799999999999995,0.31349356862408084,0.5825064313759191
54,023,,,3880,0.33299999999999996,0.24231364774017616,0.42368635225982376
54,025,,,10128,0.371,0.30874539346839697,0.433254606531603
54,027,,,7409,0.6719999999999999,0.5712715711057416,0.7727284288942583
54,029,,,9692,0.35,0.29820103631149303,0.4017989636885069
54,031,,,4503,0.36400000000000005,0.2927094964346818,0.4352905035653183
54,033,,,22251,0.248,0.219354652949379,0.276645347050621
54,035,,,8184,0.436,0.3574972154075207,0.5145027845924792
54,037,,,20562,0.5770000000000001,0.533957704484317,0.6200422955156831
54,039,,,58369,0.245,0.22375270102112527,0.2662472989788747
54,041,,,5190,0.406,0.3312393830846932,0.48076061691530686
54,043,,,5088,0.574,0.4626674482660178,0.6853325517339821
54,045,,,8761,0.363,0.29881421262427954,0.42718578737572044
54,047,,,3075,0.561,0.42993075446392437,0.6920692455360757
54,049,,,18920,0.389,0.35177668239567894,0.4262233176043211
54,051,,,9989,0.38599999999999995,0.32787290115843176,0.44412709884156815
54,053,,,7675,0.4100000000000001,0.34030041830436253,0.47969958169563764
54,055,,,18991,0.299,0.2598799366414727,0.3381200633585273
54,057,,,8821,0.324,0.2578320996504485,0.3901679003495515
54,059,,,4333,0.501,0.40029976266209966,0.6017002373379003
54,061,,,39179,0.24100000000000002,0.21377766208967797,0.2682223379103221
54,063,,,3572,0.66,0.5195305291179367,0.8004694708820633
54,065,,,6515,0.586,0.502885610086014,0.669114389913986
54,067,,,6935,0.385,0.3130060361667094,0.4569939638332906
54,069,,,14565,0.22200000000000003,0.18872351308718893,0.25527648691281113
54,071,,,1908,0.46799999999999997,0.34931665435973086,0.5866833456402691
54,073,,,2417,0.503,0.3939087539958836,0.6120912460041165
54,075,,,1847,0.335,0.2527613361789537,0.41723866382104635
54,077,,,10226,0.479,0.4259553004163865,0.5320446995836134
54,079,,,21099,0.4,0.3542554972789218,0.44574450272107824
54,081,,,22083,0.252,0.2157426831036866,0.2882573168963134
54,083,,,8365,0.22699999999999995,0.17790254146510442,0.2760974585348955
54,085,,,2414,0.527,0.43099079567287635,0.6230092043271237
54,087,,,3453,0.48900000000000005,0.4064683950135541,0.571531604986446
54,089,,,2910,0.5670000000000001,0.4393603987255904,0.6946396012744097
54,091,,,5285,0.414,0.32166918375324893,0.506330816246751
54,093,,,1996,0.45399999999999996,0.3666873213794527,0.5413126786205472
54,095,,,2344,0.5409999999999999,0.4387885450152277,0.6432114549847722
54,097,,,7107,0.4040000000000001,0.3377570489413288,0.47024295105867137
54,099,,,11843,0.37599999999999995,0.31793399113730825,0.43406600886269164
54,101,,,2143,0.47,0.3404450491588207,0.5995549508411793
54,103,,,4265,0.44,0.36648404428506115,0.5135159557149389
54,105,,,1363,0.71,0.5442672989334733,0.8757327010665267
54,107,,,28027,0.185,0.16058173434494732,0.20941826565505267
54,109,,,5705,0.485,0.385469622418247,0.584530377581753
55,000,,,2219659,0.277,0.27461702127659576,0.2793829787234043
55,001,,,6557,0.45,0.4111165337516374,0.4888834662483626
55,003,,,5520,0.171,0.14411877473744705,0.19788122526255297
55,005,,,16844,0.239,0.22027427480535966,0.2577257251946403
55,007,,,5030,0.305,0.27733793791873795,0.33266206208126203
55,009,,,107630,0.16400000000000003,0.15133429435078427,0.1766657056492158
55,011,,,5315,0.406,0.3664468600139967,0.4455531399860034
55,013,,,5208,0.37300000000000005,0.34047866946461514,0.40552133053538497
55,015,,,21841,0.259,0.23449468142835372,0.2835053185716463
55,017,,,24737,0.271,0.24589376126979776,0.2961062387302023
55,019,,,10713,0.314,0.2903196172935383,0.3376803827064617
55,021,,,23024,0.41300000000000003,0.3851588935765667,0.4408411064234334
55,023,,,5239,0.285,0.2549990644479662,0.31500093555203373
55,025,,,204411,0.23199999999999998,0.22203128479023226,0.2419687152097677
55,027,,,36220,0.349,0.32487417921375045,0.3731258207862495
55,029,,,10823,0.172,0.14680908568798945,0.19719091431201052
55,031,,,16517,0.299,0.2753496114571992,0.32265038854280076
55,033,,,17981,0.305,0.2779608033956182,0.3320391966043818
55,035,,,44381,0.137,0.12114826504348078,0.15285173495651924
55,037,,,1539,0.168,0.11723919699438791,0.21876080300561213
55,039,,,40892,0.256,0.23686184700775098,0.27513815299224903
55,041,,,2906,0.33799999999999997,0.29497419894574484,0.3810258010542551
55,043,,,18952,0.272,0.2509878562349211,0.29301214376507895
55,045,,,15153,0.38,0.35096088400045017,0.40903911599954984
55,047,,,6596,0.36199999999999993,0.327797821051625,0.39620217894837484
55,049,,,9201,0.41,0.3767875679818333,0.4432124320181666
55,051,,,2218,0.265,0.21619254671051974,0.3138074532894803
55,053,,,7313,0.36,0.3280956613198396,0.3919043386801604
55,055,,,35398,0.3940000000000001,0.36773313126887835,0.4202668687311218
55,057,,,9365,0.34099999999999997,0.3053746673313762,0.37662533266862375
55,059,,,67454,0.34600000000000003,0.32492040134626743,0.36707959865373263
55,061,,,8237,0.40099999999999997,0.36151870955558596,0.440481290444414
55,063,,,48011,0.175,0.15627427480535966,0.19372572519464032
55,065,,,6186,0.365,0.33427435618464907,0.3957256438153509
55,067,,,7062,0.3,0.2548175671213584,0.3451824328786416
55,069,,,10512,0.326,0.29407342057912517,0.35792657942087486
55,071,,,32077,0.221,0.20235024154936346,0.23964975845063655
55,073,,,54160,0.174,0.16015614463483305,0.18784385536516693
55,075,,,15290,0.23200000000000004,0.20717809930348982,0.2568219006965103
55,077,,,5478,0.41600000000000004,0.379566912694487,0.45243308730551307
55,078,,,1140,0.17800000000000002,0.10743002535167598,0.24856997464832406
55,079,,,307631,0.252,0.2432443770896261,0.2607556229103739
55,081,,,16792,0.26,0.23461260761384892,0.2853873923861511
55,083,,,14967,0.45899999999999996,0.42583033996611896,0.49216966003388096
55,085,,,13082,0.21999999999999997,0.19625974265256185,0.2437402573474381
55,087,,,79061,0.221,0.20731082943803703,0.23468917056196298
55,089,,,35675,0.35400000000000004,0.32638930669487826,0.3816106933051218
55,091,,,2519,0.38800000000000007,0.3380000181077444,0.43799998189225575
55,093,,,16876,0.442,0.4048530379993739,0.4791469620006261
55,095,,,16934,0.434,0.4068037496260108,0.4611962503739892
55,097,,,27392,0.228,0.20609473460834865,0.24990526539165137
55,099,,,4622,0.306,0.272617028056901,0.33938297194309897
55,101,,,73747,0.34800000000000003,0.3276049873395122,0.36839501266048785
55,103,,,6334,0.309,0.2693035510663136,0.3486964489336864
55,105,,,65296,0.313,0.2925702132091275,0.3334297867908725
55,107,,,4588,0.35400000000000004,0.32093751200729154,0.38706248799270854
55,109,,,37334,0.43099999999999994,0.40135608948685164,0.46064391051314824
55,111,,,26108,0.315,0.28972469377886384,0.34027530622113616
55,113,,,5422,0.279,0.2417195183216565,0.31628048167834355
55,115,,,15214,0.326,0.29957148747408824,0.3524285125259118
55,117,,,45744,0.157,0.14315614463483306,0.17084385536516694
55,119,,,7142,0.261,0.23508681834952838,0.28691318165047164
55,121,,,12016,0.33199999999999996,0.3077275163383415,0.3562724836616584
55,123,,,10039,0.39899999999999997,0.36716247676214064,0.4308375232378593
55,125,,,7776,0.20799999999999996,0.18026106311906048,0.23573893688093944
55,127,,,42104,0.34,0.3167430554771742,0.36325694452282586
55,129,,,5367,0.304,0.2773841437743284,0.3306158562256716
55,131,,,57186,0.41900000000000004,0.39481540733424836,0.4431845926657517
55,133,,,164665,0.29200000000000004,0.2805096927103063,0.3034903072896938
55,135,,,20151,0.382,0.35083850968021985,0.41316149031978017
55,137,,,8596,0.451,0.4162624142434748,0.4857375857565252
55,139,,,68968,0.18900000000000003,0.1748518477260825,0.20314815227391755
55,141,,,27180,0.23900000000000002,0.21562129053745702,0.262378709462543
56,000,,,214081,0.16399999999999998,0.154847996555731,0.17315200344426895
56,001,,,14043,0.09300000000000001,0.07096549888300452,0.11503450111699551
56,003,,,4039,0.256,0.19383667593176576,0.3181633240682343
56,005,,,18303,0.161,0.12423719477658193,0.19776280522341808
56,007,,,4749,0.19,0.137022250713903,0.242977749286097
56,009,,,5141,0.253,0.1829347520027751,0.3230652479972249
56,011,,,2594,0.405,0.30555523996319506,0.504444760036805
56,013,,,12401,0.177,0.15035748792766207,0.2036425120723379
56,015,,,3697,0.165,0.1171175424402142,0.2128824575597858
56,017,,,1430,0.11299999999999999,0.04968268133507746,0.1763173186649225
56,019,,,2792,0.16899999999999998,0.1115361097106298,0.22646389028937017
56,021,,,40283,0.131,0.11320726950442953,0.14879273049557049
56,023,,,7223,0.306,0.25058613672875957,0.3614138632712404
56,025,,,31358,0.11599999999999999,0.09570966730868342,0.13629033269131655
56,027,,,924,0.237,0.11904255319148936,0.3549574468085106
56,029,,,10629,0.18900000000000003,0.14523810256835792,0.23276189743164213
56,031,,,2743,0.162,0.10016870453289951,0.2238312954671005
56,033,,,12488,0.142,0.10447281353662455,0.17952718646337543
56,035,,,2869,0.36,0.252329964346449,0.467670035653551
56,037,,,15490,0.20900000000000002,0.1733547482173409,0.24464525178265914
56,039,,,8625,0.11600000000000002,0.0715940370808206,0.16040596291917944
56,041,,,7442,0.195,0.14475925770343623,0.24524074229656379
56,043,,,2827,0.113,0.06713152820955197,0.15886847179044805
56,045,,,1991,0.28600000000000003,0.18617053926156674,0.3858294607384333
