statecode,countycode,v141_rawvalue,state,county,fipscode
00,000,62.7777403226904,US,United States,00000
01,000,57.930551950922094,AL,Alabama,01000
01,001,36.14689325669141,AL,Autauga County,01001
01,003,45.75664990466178,AL,Baldwin County,01003
01,005,20.83374681532687,AL,Barbour County,01005
01,007,52.67835145883926,AL,Bibb County,01007
01,009,68.18397341921455,AL,Blount County,01009
01,011,43.385754718536134,AL,Bullock County,01011
01,013,29.38665118650191,AL,Butler County,01013
01,015,48.88876126123454,AL,Calhoun County,01015
01,017,32.931221305525916,AL,Chambers County,01017
01,019,52.581209561796925,AL,Cherokee County,01019
01,021,43.74700314222479,AL,Chilton County,01021
01,023,28.39701191481377,AL,Choctaw County,01023
01,025,23.525610902255643,AL,Clarke County,01025
01,027,31.893926052258376,AL,Clay County,01027
01,029,53.24592487597448,AL,Cleburne County,01029
01,031,44.019192300323255,AL,Coffee County,01031
01,033,28.805645734187667,AL,Colbert County,01033
01,035,12.494052608284266,AL,Conecuh County,01035
01,037,48.924330168072125,AL,Coosa County,01037
01,039,46.58451875202972,AL,Covington County,01039
01,041,25.882160359309626,AL,Crenshaw County,01041
01,043,79.90558730044677,AL,Cullman County,01043
01,045,39.82708515210703,AL,Dale County,01045
01,047,52.09063920187603,AL,Dallas County,01047
01,049,73.06451371132431,AL,DeKalb County,01049
01,051,30.438013930332165,AL,Elmore County,01051
01,053,37.95673406122948,AL,Escambia County,01053
01,055,64.56560608381609,AL,Etowah County,01055
01,057,34.340573244625716,AL,Fayette County,01057
01,059,65.2266836851297,AL,Franklin County,01059
01,061,21.087227607760347,AL,Geneva County,01061
01,063,22.0312507786297,AL,Greene County,01063
01,065,25.467364637260374,AL,Hale County,01065
01,067,41.19300934786318,AL,Henry County,01067
01,069,47.67428232984228,AL,Houston County,01069
01,071,59.876699641949415,AL,Jackson County,01071
01,073,64.19293807379351,AL,Jefferson County,01073
01,075,22.315525775431954,AL,Lamar County,01075
01,077,45.84879400662069,AL,Lauderdale County,01077
01,079,69.37742614171366,AL,Lawrence County,01079
01,081,35.4182476440578,AL,Lee County,01081
01,083,40.79308518200854,AL,Limestone County,01083
01,085,32.70893576900548,AL,Lowndes County,01085
01,087,52.14743050304252,AL,Macon County,01087
01,089,48.757416057746376,AL,Madison County,01089
01,091,24.05802835536442,AL,Marengo County,01091
01,093,43.257904312154,AL,Marion County,01093
01,095,60.2804670198245,AL,Marshall County,01095
01,097,55.14189170968915,AL,Mobile County,01097
01,099,37.68293985841896,AL,Monroe County,01099
01,101,51.229332138288285,AL,Montgomery County,01101
01,103,60.92047251021568,AL,Morgan County,01103
01,105,58.41179352415765,AL,Perry County,01105
01,107,24.2203844742356,AL,Pickens County,01107
01,109,26.380295078337696,AL,Pike County,01109
01,111,43.318316014585676,AL,Randolph County,01111
01,113,37.69062390613069,AL,Russell County,01113
01,115,32.138797136777484,AL,St. Clair County,01115
01,117,30.553594485044535,AL,Shelby County,01117
01,119,23.567654397495062,AL,Sumter County,01119
01,121,33.74338340675455,AL,Talladega County,01121
01,123,35.311629624246024,AL,Tallapoosa County,01123
01,125,53.95724592612326,AL,Tuscaloosa County,01125
01,127,46.59558225215428,AL,Walker County,01127
01,129,39.61538790744417,AL,Washington County,01129
01,131,30.84604430381372,AL,Wilcox County,01131
01,133,,AL,Winston County,01133
02,000,59.253834685886254,AK,Alaska,02000
02,013,,AK,Aleutians East Borough,02013
02,016,,AK,Aleutians West Census Area,02016
02,020,45.963242491038734,AK,Anchorage Borough,02020
02,050,3.939393939393935,AK,Bethel Census Area,02050
02,060,,AK,Bristol Bay Borough,02060
02,063,,AK,Chugach Census Area,02063
02,066,,AK,Copper River Census Area,02066
02,068,,AK,Denali Borough,02068
02,070,,AK,Dillingham Census Area,02070
02,090,59.94381289752915,AK,Fairbanks North Star Borough,02090
02,100,,AK,Haines Borough,02100
02,105,,AK,Hoonah-Angoon Census Area,02105
02,110,52.36101965948641,AK,Juneau Borough,02110
02,122,51.92912083367794,AK,Kenai Peninsula Borough,02122
02,130,,AK,Ketchikan Gateway Borough,02130
02,150,,AK,Kodiak Island Borough,02150
02,158,,AK,Kusilvak Census Area,02158
02,164,,AK,Lake and Peninsula Borough,02164
02,170,47.79473555914714,AK,Matanuska-Susitna Borough,02170
02,180,,AK,Nome Census Area,02180
02,185,15.81227436823105,AK,North Slope Borough,02185
02,188,,AK,Northwest Arctic Borough,02188
02,195,,AK,Petersburg Census Area,02195
02,198,,AK,Prince of Wales-Hyder Census Area,02198
02,220,,AK,Sitka Borough,02220
02,230,,AK,Skagway Municipality,02230
02,240,,AK,Southeast Fairbanks Census Area,02240
02,275,,AK,Wrangell City,02275
02,282,,AK,Yakutat Borough,02282
02,290,,AK,Yukon-Koyukuk Census Area,02290
04,000,52.20129685678047,AZ,Arizona,04000
04,001,97.57187117227465,AZ,Apache County,04001
04,003,51.67713733683348,AZ,Cochise County,04003
04,005,57.94743657817115,AZ,Coconino County,04005
04,007,,AZ,Gila County,04007
04,009,75.75884446305213,AZ,Graham County,04009
04,011,57.12214570496557,AZ,Greenlee County,04011
04,012,56.888844740240394,AZ,La Paz County,04012
04,013,50.17212499846673,AZ,Maricopa County,04013
04,015,64.90621267123731,AZ,Mohave County,04015
04,017,70.86780992403095,AZ,Navajo County,04017
04,019,44.02754020161181,AZ,Pima County,04019
04,021,47.57828525596075,AZ,Pinal County,04021
04,023,,AZ,Santa Cruz County,04023
04,025,78.13766600153929,AZ,Yavapai County,04025
04,027,53.96162929553603,AZ,Yuma County,04027
05,000,65.20758050496786,AR,Arkansas,05000
05,001,41.180557880140675,AR,Arkansas County,05001
05,003,24.977125557060383,AR,Ashley County,05003
05,005,79.13213468314795,AR,Baxter County,05005
05,007,51.438371686724,AR,Benton County,05007
05,009,,AR,Boone County,05009
05,011,27.935518890742863,AR,Bradley County,05011
05,013,19.236491424968914,AR,Calhoun County,05013
05,015,,AR,Carroll County,05015
05,017,57.75650259823437,AR,Chicot County,05017
05,019,21.173864789144464,AR,Clark County,05019
05,021,,AR,Clay County,05021
05,023,,AR,Cleburne County,05023
05,025,13.523834514854396,AR,Cleveland County,05025
05,027,42.65141365898219,AR,Columbia County,05027
05,029,35.89361497239556,AR,Conway County,05029
05,031,45.799305577700785,AR,Craighead County,05031
05,033,66.3681769299164,AR,Crawford County,05033
05,035,48.01408932815332,AR,Crittenden County,05035
05,037,58.845398366658486,AR,Cross County,05037
05,039,39.06664745733961,AR,Dallas County,05039
05,041,26.51386105624986,AR,Desha County,05041
05,043,34.56810872224225,AR,Drew County,05043
05,045,34.944001313120424,AR,Faulkner County,05045
05,047,,AR,Franklin County,05047
05,049,,AR,Fulton County,05049
05,051,44.722906000896465,AR,Garland County,05051
05,053,22.74581805114809,AR,Grant County,05053
05,055,68.61696146580488,AR,Greene County,05055
05,057,33.887602040075635,AR,Hempstead County,05057
05,059,68.47182639982019,AR,Hot Spring County,05059
05,061,43.23788154942459,AR,Howard County,05061
05,063,61.22055706239,AR,Independence County,05063
05,065,,AR,Izard County,05065
05,067,47.077890705337474,AR,Jackson County,05067
05,069,61.73677072877083,AR,Jefferson County,05069
05,071,42.86279691248801,AR,Johnson County,05071
05,073,28.495702316774473,AR,Lafayette County,05073
05,075,,AR,Lawrence County,05075
05,077,61.57767627477898,AR,Lee County,05077
05,079,58.326461579886235,AR,Lincoln County,05079
05,081,42.371665208834465,AR,Little River County,05081
05,083,66.06990622335891,AR,Logan County,05083
05,085,54.991634367475996,AR,Lonoke County,05085
05,087,,AR,Madison County,05087
05,089,,AR,Marion County,05089
05,091,54.41245680562455,AR,Miller County,05091
05,093,55.62392875629922,AR,Mississippi County,05093
05,095,31.3659154267318,AR,Monroe County,05095
05,097,,AR,Montgomery County,05097
05,099,8.537779625371419,AR,Nevada County,05099
05,101,,AR,Newton County,05101
05,103,31.853239489443887,AR,Ouachita County,05103
05,105,43.14586380576324,AR,Perry County,05105
05,107,34.74884749802813,AR,Phillips County,05107
05,109,56.513782311348095,AR,Pike County,05109
05,111,27.728549720250967,AR,Poinsett County,05111
05,113,,AR,Polk County,05113
05,115,47.0124602536107,AR,Pope County,05115
05,117,22.50444726466106,AR,Prairie County,05117
05,119,50.19136962550057,AR,Pulaski County,05119
05,121,64.32355702907364,AR,Randolph County,05121
05,123,52.211929568916446,AR,St. Francis County,05123
05,125,41.62206478285385,AR,Saline County,05125
05,127,,AR,Scott County,05127
05,129,,AR,Searcy County,05129
05,131,53.23995135985376,AR,Sebastian County,05131
05,133,37.21927986283101,AR,Sevier County,05133
05,135,,AR,Sharp County,05135
05,137,,AR,Stone County,05137
05,139,42.29023135000709,AR,Union County,05139
05,141,,AR,Van Buren County,05141
05,143,50.14504822866969,AR,Washington County,05143
05,145,64.08992276746444,AR,White County,05145
05,147,23.680723710023326,AR,Woodruff County,05147
05,149,60.76274986766902,AR,Yell County,05149
06,000,60.09222534016955,CA,California,06000
06,001,52.6051913181688,CA,Alameda County,06001
06,003,,CA,Alpine County,06003
06,005,71.52317880794702,CA,Amador County,06005
06,007,68.05656755986632,CA,Butte County,06007
06,009,80.99159830971911,CA,Calaveras County,06009
06,011,61.43856143856144,CA,Colusa County,06011
06,013,57.78999148637652,CA,Contra Costa County,06013
06,015,,CA,Del Norte County,06015
06,017,75.97953884952045,CA,El Dorado County,06017
06,019,51.200920409140515,CA,Fresno County,06019
06,021,,CA,Glenn County,06021
06,023,64.0724011800186,CA,Humboldt County,06023
06,025,56.649496475155445,CA,Imperial County,06025
06,027,,CA,Inyo County,06027
06,029,49.76647703840262,CA,Kern County,06029
06,031,37.075044654528725,CA,Kings County,06031
06,033,60.39293592939228,CA,Lake County,06033
06,035,65.84956228982423,CA,Lassen County,06035
06,037,61.54319854417232,CA,Los Angeles County,06037
06,039,55.94074606208766,CA,Madera County,06039
06,041,56.67077348655498,CA,Marin County,06041
06,043,,CA,Mariposa County,06043
06,045,56.68461719722595,CA,Mendocino County,06045
06,047,48.22793538420616,CA,Merced County,06047
06,049,,CA,Modoc County,06049
06,051,,CA,Mono County,06051
06,053,58.904712776202814,CA,Monterey County,06053
06,055,63.67911234538922,CA,Napa County,06055
06,057,85.46063767314932,CA,Nevada County,06057
06,059,51.12790478273917,CA,Orange County,06059
06,061,52.99694448264517,CA,Placer County,06061
06,063,69.4341682333677,CA,Plumas County,06063
06,065,43.88451769722569,CA,Riverside County,06065
06,067,47.429565434152146,CA,Sacramento County,06067
06,069,49.744174953525366,CA,San Benito County,06069
06,071,46.064448588934404,CA,San Bernardino County,06071
06,073,55.36189627378925,CA,San Diego County,06073
06,075,61.194758202378296,CA,San Francisco County,06075
06,077,53.58574943980779,CA,San Joaquin County,06077
06,079,59.90384945564035,CA,San Luis Obispo County,06079
06,081,61.01296675345043,CA,San Mateo County,06081
06,083,52.18813074348573,CA,Santa Barbara County,06083
06,085,53.52953785535611,CA,Santa Clara County,06085
06,087,69.4688788825848,CA,Santa Cruz County,06087
06,089,70.19758385845533,CA,Shasta County,06089
06,091,,CA,Sierra County,06091
06,093,43.10402518330408,CA,Siskiyou County,06093
06,095,43.212832352874635,CA,Solano County,06095
06,097,59.140266216237606,CA,Sonoma County,06097
06,099,49.32995368632327,CA,Stanislaus County,06099
06,101,48.699812415964836,CA,Sutter County,06101
06,103,81.70460438637457,CA,Tehama County,06103
06,105,,CA,Trinity County,06105
06,107,54.47025834476263,CA,Tulare County,06107
06,109,48.589818391886546,CA,Tuolumne County,06109
06,111,52.46572609729242,CA,Ventura County,06111
06,113,45.67939425308022,CA,Yolo County,06113
06,115,39.36846794807849,CA,Yuba County,06115
08,000,65.9562251449722,CO,Colorado,08000
08,001,56.38196064873282,CO,Adams County,08001
08,003,47.3737722529159,CO,Alamosa County,08003
08,005,49.51763264417256,CO,Arapahoe County,08005
08,007,,CO,Archuleta County,08007
08,009,,CO,Baca County,08009
08,011,,CO,Bent County,08011
08,013,57.3053225032652,CO,Boulder County,08013
08,014,53.925387121782045,CO,Broomfield County,08014
08,015,,CO,Chaffee County,08015
08,017,,CO,Cheyenne County,08017
08,019,,CO,Clear Creek County,08019
08,021,,CO,Conejos County,08021
08,023,,CO,Costilla County,08023
08,025,,CO,Crowley County,08025
08,027,,CO,Custer County,08027
08,029,74.60097414762082,CO,Delta County,08029
08,031,57.36634798414247,CO,Denver County,08031
08,033,,CO,Dolores County,08033
08,035,49.24154264516174,CO,Douglas County,08035
08,037,81.27457337259169,CO,Eagle County,08037
08,039,,CO,Elbert County,08039
08,041,45.92862471180098,CO,El Paso County,08041
08,043,,CO,Fremont County,08043
08,045,85.65344506088996,CO,Garfield County,08045
08,047,,CO,Gilpin County,08047
08,049,,CO,Grand County,08049
08,051,,CO,Gunnison County,08051
08,053,,CO,Hinsdale County,08053
08,055,,CO,Huerfano County,08055
08,057,,CO,Jackson County,08057
08,059,61.793936529154124,CO,Jefferson County,08059
08,061,,CO,Kiowa County,08061
08,063,,CO,Kit Carson County,08063
08,065,,CO,Lake County,08065
08,067,,CO,La Plata County,08067
08,069,61.97398095737295,CO,Larimer County,08069
08,071,,CO,Las Animas County,08071
08,073,,CO,Lincoln County,08073
08,075,26.538143411592547,CO,Logan County,08075
08,077,69.8958861002496,CO,Mesa County,08077
08,079,,CO,Mineral County,08079
08,081,,CO,Moffat County,08081
08,083,84.04075546719683,CO,Montezuma County,08083
08,085,,CO,Montrose County,08085
08,087,52.08795344602218,CO,Morgan County,08087
08,089,33.1843119977708,CO,Otero County,08089
08,091,25.930680359435176,CO,Ouray County,08091
08,093,47.42221815519766,CO,Park County,08093
08,095,,CO,Phillips County,08095
08,097,,CO,Pitkin County,08097
08,099,,CO,Prowers County,08099
08,101,54.72771778902662,CO,Pueblo County,08101
08,103,,CO,Rio Blanco County,08103
08,105,,CO,Rio Grande County,08105
08,107,,CO,Routt County,08107
08,109,,CO,Saguache County,08109
08,111,,CO,San Juan County,08111
08,113,,CO,San Miguel County,08113
08,115,,CO,Sedgwick County,08115
08,117,,CO,Summit County,08117
08,119,72.70087124878994,CO,Teller County,08119
08,121,,CO,Washington County,08121
08,123,70.93903875320446,CO,Weld County,08123
08,125,,CO,Yuma County,08125
09,000,62.21227746189989,CT,Connecticut,09000
09,001,,CT,Fairfield County,09001
09,003,,CT,Hartford County,09003
09,005,,CT,Litchfield County,09005
09,007,,CT,Middlesex County,09007
09,009,,CT,New Haven County,09009
09,011,,CT,New London County,09011
09,013,,CT,Tolland County,09013
09,015,,CT,Windham County,09015
09,110,63.48913945484546,CT,Capitol Planning Region,09110
09,120,67.62787828899646,CT,Greater Bridgeport Planning Region,09120
09,130,65.2264920682227,CT,Lower Connecticut River Valley Planning Region,09130
09,140,52.908152850732684,CT,Naugatuck Valley Planning Region,09140
09,150,66.50430453774896,CT,Northeastern Connecticut Planning Region,09150
09,160,64.3946340840231,CT,Northwest Hills Planning Region,09160
09,170,62.73648868643114,CT,South Central Connecticut Planning Region,09170
09,180,51.850798382882324,CT,Southeastern Connecticut Planning Region,09180
09,190,56.80316855772176,CT,Western Connecticut Planning Region,09190
10,000,45.60037355671932,DE,Delaware,10000
10,001,31.532752753720985,DE,Kent County,10001
10,003,46.42222508875908,DE,New Castle County,10003
10,005,40.13160167717104,DE,Sussex County,10005
11,000,66.38236203319039,DC,District of Columbia,11000
11,001,66.38236203319039,DC,District of Columbia,11001
12,000,58.110165050696075,FL,Florida,12000
12,001,41.55273472923059,FL,Alachua County,12001
12,003,33.35597735045658,FL,Baker County,12003
12,005,44.939707106883475,FL,Bay County,12005
12,007,22.083334502188034,FL,Bradford County,12007
12,009,49.68698956886289,FL,Brevard County,12009
12,011,56.166615671097276,FL,Broward County,12011
12,013,46.76103838609911,FL,Calhoun County,12013
12,015,50.27145687399486,FL,Charlotte County,12015
12,017,53.298599586029425,FL,Citrus County,12017
12,019,45.88495994158052,FL,Clay County,12019
12,021,59.7195191972463,FL,Collier County,12021
12,023,32.820507726297954,FL,Columbia County,12023
12,027,57.385695737777255,FL,DeSoto County,12027
12,029,58.410346657971225,FL,Dixie County,12029
12,031,47.77540764261987,FL,Duval County,12031
12,033,41.419990240236245,FL,Escambia County,12033
12,035,33.93232645914464,FL,Flagler County,12035
12,037,56.8309501774449,FL,Franklin County,12037
12,039,45.39776652074073,FL,Gadsden County,12039
12,041,48.993952486654365,FL,Gilchrist County,12041
12,043,48.89509181636556,FL,Glades County,12043
12,045,37.56311145643305,FL,Gulf County,12045
12,047,40.235532530356764,FL,Hamilton County,12047
12,049,53.6393549735855,FL,Hardee County,12049
12,051,60.19210294866454,FL,Hendry County,12051
12,053,40.287335594694724,FL,Hernando County,12053
12,055,46.82516674006458,FL,Highlands County,12055
12,057,47.89737631376015,FL,Hillsborough County,12057
12,059,56.4804381925885,FL,Holmes County,12059
12,061,59.88639322221876,FL,Indian River County,12061
12,063,44.47430513832427,FL,Jackson County,12063
12,065,34.56267076894818,FL,Jefferson County,12065
12,067,35.536652424966384,FL,Lafayette County,12067
12,069,40.74066065702813,FL,Lake County,12069
12,071,64.73147089529262,FL,Lee County,12071
12,073,48.62895080826699,FL,Leon County,12073
12,075,51.99468457292107,FL,Levy County,12075
12,077,63.115677321156774,FL,Liberty County,12077
12,079,43.74667977320644,FL,Madison County,12079
12,081,56.03191253475875,FL,Manatee County,12081
12,083,47.71449539239415,FL,Marion County,12083
12,085,71.2021907431159,FL,Martin County,12085
12,086,71.31212099509332,FL,Miami-Dade County,12086
12,087,58.443178223126125,FL,Monroe County,12087
12,089,37.76418130807428,FL,Nassau County,12089
12,091,39.25969118245656,FL,Okaloosa County,12091
12,093,69.36813798628287,FL,Okeechobee County,12093
12,095,54.33025664587967,FL,Orange County,12095
12,097,42.35007368898446,FL,Osceola County,12097
12,099,60.827893605679236,FL,Palm Beach County,12099
12,101,40.7942708778001,FL,Pasco County,12101
12,103,59.16222646894154,FL,Pinellas County,12103
12,105,39.23169362337219,FL,Polk County,12105
12,107,50.23070361072934,FL,Putnam County,12107
12,109,42.428746443263655,FL,St. Johns County,12109
12,111,40.65971604655868,FL,St. Lucie County,12111
12,113,37.007687672051006,FL,Santa Rosa County,12113
12,115,61.955866591399676,FL,Sarasota County,12115
12,117,40.70413838056893,FL,Seminole County,12117
12,119,55.1270216565093,FL,Sumter County,12119
12,121,52.86854251704833,FL,Suwannee County,12121
12,123,46.050893366816254,FL,Taylor County,12123
12,125,17.254517039784083,FL,Union County,12125
12,127,51.35123930089033,FL,Volusia County,12127
12,129,23.00627450777463,FL,Wakulla County,12129
12,131,69.46233603218789,FL,Walton County,12131
12,133,42.64722256611983,FL,Washington County,12133
13,000,55.945263416074695,GA,Georgia,13000
13,001,23.023376058214705,GA,Appling County,13001
13,003,26.375938803894293,GA,Atkinson County,13003
13,005,35.18952141257213,GA,Bacon County,13005
13,007,32.83572109196074,GA,Baker County,13007
13,009,31.613617940033873,GA,Baldwin County,13009
13,011,48.90160601575393,GA,Banks County,13011
13,013,24.924068951177034,GA,Barrow County,13013
13,015,34.2545620081548,GA,Bartow County,13015
13,017,32.185788298337705,GA,Ben Hill County,13017
13,019,22.753668240646117,GA,Berrien County,13019
13,021,51.28590680741356,GA,Bibb County,13021
13,023,40.910496187509295,GA,Bleckley County,13023
13,025,53.70265452618395,GA,Brantley County,13025
13,027,39.79119845934249,GA,Brooks County,13027
13,029,18.411738333680404,GA,Bryan County,13029
13,031,36.78121473090806,GA,Bulloch County,13031
13,033,27.072128516717164,GA,Burke County,13033
13,035,21.179914783214407,GA,Butts County,13035
13,037,16.50217452935464,GA,Calhoun County,13037
13,039,27.35740931436292,GA,Camden County,13039
13,043,27.212821763142802,GA,Candler County,13043
13,045,43.103660117623484,GA,Carroll County,13045
13,047,37.655909029351434,GA,Catoosa County,13047
13,049,42.72878401940538,GA,Charlton County,13049
13,051,47.1455045103394,GA,Chatham County,13051
13,053,17.575836416258376,GA,Chattahoochee County,13053
13,055,46.657476186565155,GA,Chattooga County,13055
13,057,43.22132745013354,GA,Cherokee County,13057
13,059,32.26360428585334,GA,Clarke County,13059
13,061,,GA,Clay County,13061
13,063,35.64406110063686,GA,Clayton County,13063
13,065,2.355957616547044,GA,Clinch County,13065
13,067,45.62792106819141,GA,Cobb County,13067
13,069,28.020135473906606,GA,Coffee County,13069
13,071,46.417853396272214,GA,Colquitt County,13071
13,073,28.245525598165266,GA,Columbia County,13073
13,075,30.390060557571317,GA,Cook County,13075
13,077,36.782455393926874,GA,Coweta County,13077
13,079,50.11165503851789,GA,Crawford County,13079
13,081,24.275536148550845,GA,Crisp County,13081
13,083,,GA,Dade County,13083
13,085,52.06124863417499,GA,Dawson County,13085
13,087,41.10234342304558,GA,Decatur County,13087
13,089,68.74230417139482,GA,DeKalb County,13089
13,091,16.187716343720147,GA,Dodge County,13091
13,093,14.968101124990168,GA,Dooly County,13093
13,095,44.153107055499284,GA,Dougherty County,13095
13,097,29.23263342247189,GA,Douglas County,13097
13,099,35.91489396726627,GA,Early County,13099
13,101,2.377883797937133,GA,Echols County,13101
13,103,25.10783324622946,GA,Effingham County,13103
13,105,31.8872586775124,GA,Elbert County,13105
13,107,23.661356786595668,GA,Emanuel County,13107
13,109,32.82371648261743,GA,Evans County,13109
13,111,,GA,Fannin County,13111
13,113,46.09829029761487,GA,Fayette County,13113
13,115,45.31746249704577,GA,Floyd County,13115
13,117,44.0236484321691,GA,Forsyth County,13117
13,119,50.002997557051245,GA,Franklin County,13119
13,121,70.71107739590236,GA,Fulton County,13121
13,123,,GA,Gilmer County,13123
13,125,,GA,Glascock County,13125
13,127,52.34503891864095,GA,Glynn County,13127
13,129,45.173985795626706,GA,Gordon County,13129
13,131,24.167102211163886,GA,Grady County,13131
13,133,50.82681451763772,GA,Greene County,13133
13,135,37.00018394643189,GA,Gwinnett County,13135
13,137,60.69644881576124,GA,Habersham County,13137
13,139,44.368363944481736,GA,Hall County,13139
13,141,28.706278978897725,GA,Hancock County,13141
13,143,50.585083595242686,GA,Haralson County,13143
13,145,24.62512325910352,GA,Harris County,13145
13,147,37.54769654011645,GA,Hart County,13147
13,149,31.06929522393564,GA,Heard County,13149
13,151,36.16583098953723,GA,Henry County,13151
13,153,26.3214795363238,GA,Houston County,13153
13,155,51.66546799254456,GA,Irwin County,13155
13,157,34.171089648980924,GA,Jackson County,13157
13,159,46.21046596804666,GA,Jasper County,13159
13,161,28.728033923653605,GA,Jeff Davis County,13161
13,163,29.4246630413324,GA,Jefferson County,13163
13,165,4.419016079131987,GA,Jenkins County,13165
13,167,39.98495873353261,GA,Johnson County,13167
13,169,29.540461931646412,GA,Jones County,13169
13,171,38.17901754202826,GA,Lamar County,13171
13,173,27.928675733035536,GA,Lanier County,13173
13,175,44.98603764356375,GA,Laurens County,13175
13,177,14.086174363245279,GA,Lee County,13177
13,179,28.098633556434905,GA,Liberty County,13179
13,181,27.765572560250895,GA,Lincoln County,13181
13,183,11.32844222136948,GA,Long County,13183
13,185,50.95850771947045,GA,Lowndes County,13185
13,187,65.14075083485517,GA,Lumpkin County,13187
13,189,27.49492613787193,GA,McDuffie County,13189
13,191,23.02455038594433,GA,McIntosh County,13191
13,193,4.407726605404819,GA,Macon County,13193
13,195,46.57753922746557,GA,Madison County,13195
13,197,52.476811257368624,GA,Marion County,13197
13,199,18.294136205803436,GA,Meriwether County,13199
13,201,30.783171673971854,GA,Miller County,13201
13,205,48.99946888033715,GA,Mitchell County,13205
13,207,26.966905353966485,GA,Monroe County,13207
13,209,40.13247135804645,GA,Montgomery County,13209
13,211,22.762254836379206,GA,Morgan County,13211
13,213,69.36810525120104,GA,Murray County,13213
13,215,53.24222785186691,GA,Muscogee County,13215
13,217,34.81446015779077,GA,Newton County,13217
13,219,39.21037514639424,GA,Oconee County,13219
13,221,22.995589165776675,GA,Oglethorpe County,13221
13,223,34.875612657771704,GA,Paulding County,13223
13,225,40.98960643017344,GA,Peach County,13225
13,227,69.582952544413,GA,Pickens County,13227
13,229,46.071995243194074,GA,Pierce County,13229
13,231,20.9843426015611,GA,Pike County,13231
13,233,27.169104944481653,GA,Polk County,13233
13,235,47.220491763085576,GA,Pulaski County,13235
13,237,53.08280787655949,GA,Putnam County,13237
13,239,,GA,Quitman County,13239
13,241,,GA,Rabun County,13241
13,243,22.27118477518734,GA,Randolph County,13243
13,245,45.068199296399754,GA,Richmond County,13245
13,247,22.98013192855328,GA,Rockdale County,13247
13,249,38.29921838991076,GA,Schley County,13249
13,251,13.416722858281439,GA,Screven County,13251
13,253,45.85682326621924,GA,Seminole County,13253
13,255,42.53192061386888,GA,Spalding County,13255
13,257,52.310677202666476,GA,Stephens County,13257
13,259,7.986487762402827,GA,Stewart County,13259
13,261,29.740874023315346,GA,Sumter County,13261
13,263,16.54652670728425,GA,Talbot County,13263
13,265,,GA,Taliaferro County,13265
13,267,32.95516487351085,GA,Tattnall County,13267
13,269,11.468295373736433,GA,Taylor County,13269
13,271,18.715888647023917,GA,Telfair County,13271
13,273,38.70449746257228,GA,Terrell County,13273
13,275,34.40922963924644,GA,Thomas County,13275
13,277,49.98107357152003,GA,Tift County,13277
13,279,34.314462609378516,GA,Toombs County,13279
13,281,,GA,Towns County,13281
13,283,23.64506784741337,GA,Treutlen County,13283
13,285,38.94372135762393,GA,Troup County,13285
13,287,52.87525354969574,GA,Turner County,13287
13,289,44.83176486339901,GA,Twiggs County,13289
13,291,,GA,Union County,13291
13,293,42.164778886450534,GA,Upson County,13293
13,295,47.90775522160406,GA,Walker County,13295
13,297,42.452669137311474,GA,Walton County,13297
13,299,49.64550077561306,GA,Ware County,13299
13,301,3.024196277495772,GA,Warren County,13301
13,303,17.676853627229306,GA,Washington County,13303
13,305,31.485099504161802,GA,Wayne County,13305
13,307,13.291387434235425,GA,Webster County,13307
13,309,1.3412946991087193,GA,Wheeler County,13309
13,311,75.65606231662991,GA,White County,13311
13,313,44.550407385636134,GA,Whitfield County,13313
13,315,20.707326038196975,GA,Wilcox County,13315
13,317,30.61867220370048,GA,Wilkes County,13317
13,319,13.658746123353419,GA,Wilkinson County,13319
13,321,25.802384879890443,GA,Worth County,13321
15,000,60.45568671115076,HI,Hawaii,15000
15,001,63.69958225562857,HI,Hawaii County,15001
15,003,51.8380235357465,HI,Honolulu County,15003
15,005,,HI,Kalawao County,15005
15,007,63.58882455527939,HI,Kauai County,15007
15,009,70.57621356509873,HI,Maui County,15009
16,000,74.12853374598946,ID,Idaho,16000
16,001,66.91511426540724,ID,Ada County,16001
16,003,,ID,Adams County,16003
16,005,64.3014101045806,ID,Bannock County,16005
16,007,,ID,Bear Lake County,16007
16,009,,ID,Benewah County,16009
16,011,,ID,Bingham County,16011
16,013,83.60145038557786,ID,Blaine County,16013
16,015,,ID,Boise County,16015
16,017,81.49954116433884,ID,Bonner County,16017
16,019,66.29902958528002,ID,Bonneville County,16019
16,021,,ID,Boundary County,16021
16,023,,ID,Butte County,16023
16,025,,ID,Camas County,16025
16,027,67.4990718636594,ID,Canyon County,16027
16,029,,ID,Caribou County,16029
16,031,74.31554395512856,ID,Cassia County,16031
16,033,,ID,Clark County,16033
16,035,,ID,Clearwater County,16035
16,037,,ID,Custer County,16037
16,039,41.65608751434938,ID,Elmore County,16039
16,041,,ID,Franklin County,16041
16,043,,ID,Fremont County,16043
16,045,,ID,Gem County,16045
16,047,,ID,Gooding County,16047
16,049,,ID,Idaho County,16049
16,051,,ID,Jefferson County,16051
16,053,,ID,Jerome County,16053
16,055,81.34517731621365,ID,Kootenai County,16055
16,057,64.89512012946597,ID,Latah County,16057
16,059,,ID,Lemhi County,16059
16,061,,ID,Lewis County,16061
16,063,,ID,Lincoln County,16063
16,065,65.84186065436658,ID,Madison County,16065
16,067,,ID,Minidoka County,16067
16,069,,ID,Nez Perce County,16069
16,071,,ID,Oneida County,16071
16,073,,ID,Owyhee County,16073
16,075,,ID,Payette County,16075
16,077,,ID,Power County,16077
16,079,,ID,Shoshone County,16079
16,081,,ID,Teton County,16081
16,083,72.2967606889819,ID,Twin Falls County,16083
16,085,,ID,Valley County,16085
16,087,,ID,Washington County,16087
17,000,71.52253564038155,IL,Illinois,17000
17,001,52.34680926598673,IL,Adams County,17001
17,003,67.7725607927536,IL,Alexander County,17003
17,005,45.65860444115896,IL,Bond County,17005
17,007,59.81830460295443,IL,Boone County,17007
17,009,,IL,Brown County,17009
17,011,,IL,Bureau County,17011
17,013,,IL,Calhoun County,17013
17,015,,IL,Carroll County,17015
17,017,62.43706874761856,IL,Cass County,17017
17,019,50.52704252620265,IL,Champaign County,17019
17,021,64.14576931972114,IL,Christian County,17021
17,023,,IL,Clark County,17023
17,025,,IL,Clay County,17025
17,027,59.586352657004824,IL,Clinton County,17027
17,029,55.286239441352,IL,Coles County,17029
17,031,77.23762202554359,IL,Cook County,17031
17,033,,IL,Crawford County,17033
17,035,,IL,Cumberland County,17035
17,037,57.96439106480145,IL,DeKalb County,17037
17,039,64.97315826530784,IL,De Witt County,17039
17,041,58.031422916919105,IL,Douglas County,17041
17,043,49.86230962489827,IL,DuPage County,17043
17,045,,IL,Edgar County,17045
17,047,,IL,Edwards County,17047
17,049,,IL,Effingham County,17049
17,051,83.31580054702293,IL,Fayette County,17051
17,053,,IL,Ford County,17053
17,055,57.326525333287904,IL,Franklin County,17055
17,057,,IL,Fulton County,17057
17,059,,IL,Gallatin County,17059
17,061,,IL,Greene County,17061
17,063,34.55235370465937,IL,Grundy County,17063
17,065,,IL,Hamilton County,17065
17,067,,IL,Hancock County,17067
17,069,,IL,Hardin County,17069
17,071,,IL,Henderson County,17071
17,073,68.7557469476851,IL,Henry County,17073
17,075,71.62060617493555,IL,Iroquois County,17075
17,077,45.36129237963438,IL,Jackson County,17077
17,079,,IL,Jasper County,17079
17,081,58.26728432455849,IL,Jefferson County,17081
17,083,,IL,Jersey County,17083
17,085,51.81539522553792,IL,Jo Daviess County,17085
17,087,60.17311963181977,IL,Johnson County,17087
17,089,54.56637215350838,IL,Kane County,17089
17,091,59.54654880375454,IL,Kankakee County,17091
17,093,33.73519210346369,IL,Kendall County,17093
17,095,57.697594401517804,IL,Knox County,17095
17,097,60.17910872676605,IL,Lake County,17097
17,099,62.234647798762346,IL,La Salle County,17099
17,101,64.28844926611359,IL,Lawrence County,17101
17,103,52.94476331108011,IL,Lee County,17103
17,105,48.08700036367242,IL,Livingston County,17105
17,107,69.10082474363752,IL,Logan County,17107
17,109,45.352368354674255,IL,McDonough County,17109
17,111,58.025372321312474,IL,McHenry County,17111
17,113,39.771368140634706,IL,McLean County,17113
17,115,56.11153872342163,IL,Macon County,17115
17,117,63.41824709148709,IL,Macoupin County,17117
17,119,54.30004208925855,IL,Madison County,17119
17,121,64.93495762068233,IL,Marion County,17121
17,123,,IL,Marshall County,17123
17,125,,IL,Mason County,17125
17,127,26.02304891079178,IL,Massac County,17127
17,129,,IL,Menard County,17129
17,131,,IL,Mercer County,17131
17,133,,IL,Monroe County,17133
17,135,78.8316710767352,IL,Montgomery County,17135
17,137,50.15977343307403,IL,Morgan County,17137
17,139,,IL,Moultrie County,17139
17,141,65.88714429593429,IL,Ogle County,17141
17,143,57.18633730495682,IL,Peoria County,17143
17,145,50.030342800585316,IL,Perry County,17145
17,147,43.323239332954806,IL,Piatt County,17147
17,149,,IL,Pike County,17149
17,151,,IL,Pope County,17151
17,153,34.88065761926254,IL,Pulaski County,17153
17,155,,IL,Putnam County,17155
17,157,76.15330657499348,IL,Randolph County,17157
17,159,,IL,Richland County,17159
17,161,42.922204776200566,IL,Rock Island County,17161
17,163,52.00592900637937,IL,St. Clair County,17163
17,165,59.014995604292196,IL,Saline County,17165
17,167,54.726259882339725,IL,Sangamon County,17167
17,169,,IL,Schuyler County,17169
17,171,,IL,Scott County,17171
17,173,,IL,Shelby County,17173
17,175,,IL,Stark County,17175
17,177,60.10653191792831,IL,Stephenson County,17177
17,179,66.3003588972379,IL,Tazewell County,17179
17,181,,IL,Union County,17181
17,183,63.732617290100016,IL,Vermilion County,17183
17,185,,IL,Wabash County,17185
17,187,52.90751623878751,IL,Warren County,17187
17,189,60.68188181996749,IL,Washington County,17189
17,191,,IL,Wayne County,17191
17,193,,IL,White County,17193
17,195,72.09693091067587,IL,Whiteside County,17195
17,197,54.44214891727627,IL,Will County,17197
17,199,51.06026885375545,IL,Williamson County,17199
17,201,57.04416162842249,IL,Winnebago County,17201
17,203,,IL,Woodford County,17203
18,000,68.17264625779377,IN,Indiana,18000
18,001,,IN,Adams County,18001
18,003,57.17628030479944,IN,Allen County,18003
18,005,36.54027588948877,IN,Bartholomew County,18005
18,007,,IN,Benton County,18007
18,009,,IN,Blackford County,18009
18,011,49.8148103964955,IN,Boone County,18011
18,013,,IN,Brown County,18013
18,015,,IN,Carroll County,18015
18,017,83.43661494335637,IN,Cass County,18017
18,019,47.287541303224586,IN,Clark County,18019
18,021,64.91825889416252,IN,Clay County,18021
18,023,,IN,Clinton County,18023
18,025,,IN,Crawford County,18025
18,027,59.67935849849786,IN,Daviess County,18027
18,029,,IN,Dearborn County,18029
18,031,70.20414776409592,IN,Decatur County,18031
18,033,,IN,De Kalb County,18033
18,035,50.666260463204516,IN,Delaware County,18035
18,037,60.71058896594557,IN,Dubois County,18037
18,039,60.5792978389467,IN,Elkhart County,18039
18,041,44.978898170793144,IN,Fayette County,18041
18,043,57.31463904870694,IN,Floyd County,18043
18,045,,IN,Fountain County,18045
18,047,,IN,Franklin County,18047
18,049,,IN,Fulton County,18049
18,051,68.9757542413759,IN,Gibson County,18051
18,053,53.82727445554132,IN,Grant County,18053
18,055,,IN,Greene County,18055
18,057,35.73077064972001,IN,Hamilton County,18057
18,059,51.67708671010117,IN,Hancock County,18059
18,061,68.80971899180153,IN,Harrison County,18061
18,063,47.53804320899713,IN,Hendricks County,18063
18,065,68.71853658436032,IN,Henry County,18065
18,067,52.04809046657747,IN,Howard County,18067
18,069,,IN,Huntington County,18069
18,071,90.80066729359439,IN,Jackson County,18071
18,073,,IN,Jasper County,18073
18,075,,IN,Jay County,18075
18,077,55.620495904140064,IN,Jefferson County,18077
18,079,83.11346667182484,IN,Jennings County,18079
18,081,52.48956833722419,IN,Johnson County,18081
18,083,73.37856342586828,IN,Knox County,18083
18,085,86.2000882225458,IN,Kosciusko County,18085
18,087,,IN,Lagrange County,18087
18,089,70.26855531812686,IN,Lake County,18089
18,091,62.42439931560651,IN,La Porte County,18091
18,093,,IN,Lawrence County,18093
18,095,57.67080317792826,IN,Madison County,18095
18,097,51.81519109471524,IN,Marion County,18097
18,099,94.18306670315727,IN,Marshall County,18099
18,101,,IN,Martin County,18101
18,103,64.14503807595912,IN,Miami County,18103
18,105,53.756837823649796,IN,Monroe County,18105
18,107,50.2425763785113,IN,Montgomery County,18107
18,109,72.19569810655645,IN,Morgan County,18109
18,111,84.23533235819924,IN,Newton County,18111
18,113,,IN,Noble County,18113
18,115,,IN,Ohio County,18115
18,117,87.62232792083539,IN,Orange County,18117
18,119,,IN,Owen County,18119
18,121,,IN,Parke County,18121
18,123,,IN,Perry County,18123
18,125,,IN,Pike County,18125
18,127,55.69969605561697,IN,Porter County,18127
18,129,,IN,Posey County,18129
18,131,,IN,Pulaski County,18131
18,133,52.53161033378787,IN,Putnam County,18133
18,135,,IN,Randolph County,18135
18,137,,IN,Ripley County,18137
18,139,,IN,Rush County,18139
18,141,49.809844828839296,IN,St. Joseph County,18141
18,143,,IN,Scott County,18143
18,145,59.25356736098371,IN,Shelby County,18145
18,147,,IN,Spencer County,18147
18,149,,IN,Starke County,18149
18,151,,IN,Steuben County,18151
18,153,,IN,Sullivan County,18153
18,155,,IN,Switzerland County,18155
18,157,35.425225616940864,IN,Tippecanoe County,18157
18,159,,IN,Tipton County,18159
18,161,,IN,Union County,18161
18,163,54.62292151117369,IN,Vanderburgh County,18163
18,165,,IN,Vermillion County,18165
18,167,50.471889145605275,IN,Vigo County,18167
18,169,,IN,Wabash County,18169
18,171,,IN,Warren County,18171
18,173,64.27946988073757,IN,Warrick County,18173
18,175,,IN,Washington County,18175
18,177,46.83314353707341,IN,Wayne County,18177
18,179,,IN,Wells County,18179
18,181,62.31959207856501,IN,White County,18181
18,183,,IN,Whitley County,18183
19,000,61.83671675006912,IA,Iowa,19000
19,001,,IA,Adair County,19001
19,003,,IA,Adams County,19003
19,005,80.05679513184585,IA,Allamakee County,19005
19,007,,IA,Appanoose County,19007
19,009,,IA,Audubon County,19009
19,011,,IA,Benton County,19011
19,013,55.094635321439576,IA,Black Hawk County,19013
19,015,81.25352481469547,IA,Boone County,19015
19,017,,IA,Bremer County,19017
19,019,60.863907620053006,IA,Buchanan County,19019
19,021,35.7320237184909,IA,Buena Vista County,19021
19,023,,IA,Butler County,19023
19,025,,IA,Calhoun County,19025
19,027,70.29551451187335,IA,Carroll County,19027
19,029,,IA,Cass County,19029
19,031,,IA,Cedar County,19031
19,033,49.78928652432998,IA,Cerro Gordo County,19033
19,035,,IA,Cherokee County,19035
19,037,,IA,Chickasaw County,19037
19,039,,IA,Clarke County,19039
19,041,,IA,Clay County,19041
19,043,,IA,Clayton County,19043
19,045,53.12652089688389,IA,Clinton County,19045
19,047,,IA,Crawford County,19047
19,049,52.76906499990419,IA,Dallas County,19049
19,051,,IA,Davis County,19051
19,053,,IA,Decatur County,19053
19,055,,IA,Delaware County,19055
19,057,65.37977369232969,IA,Des Moines County,19057
19,059,,IA,Dickinson County,19059
19,061,54.759426711664126,IA,Dubuque County,19061
19,063,,IA,Emmet County,19063
19,065,,IA,Fayette County,19065
19,067,49.95226816784027,IA,Floyd County,19067
19,069,,IA,Franklin County,19069
19,071,,IA,Fremont County,19071
19,073,,IA,Greene County,19073
19,075,,IA,Grundy County,19075
19,077,,IA,Guthrie County,19077
19,079,49.61965616917693,IA,Hamilton County,19079
19,081,,IA,Hancock County,19081
19,083,,IA,Hardin County,19083
19,085,,IA,Harrison County,19085
19,087,38.973148961076966,IA,Henry County,19087
19,089,,IA,Howard County,19089
19,091,,IA,Humboldt County,19091
19,093,,IA,Ida County,19093
19,095,,IA,Iowa County,19095
19,097,,IA,Jackson County,19097
19,099,62.413004961020555,IA,Jasper County,19099
19,101,60.43748102674806,IA,Jefferson County,19101
19,103,52.37728831062468,IA,Johnson County,19103
19,105,60.0574321413184,IA,Jones County,19105
19,107,,IA,Keokuk County,19107
19,109,,IA,Kossuth County,19109
19,111,42.18589918274379,IA,Lee County,19111
19,113,44.58188671342588,IA,Linn County,19113
19,115,,IA,Louisa County,19115
19,117,,IA,Lucas County,19117
19,119,,IA,Lyon County,19119
19,121,,IA,Madison County,19121
19,123,57.21545738150348,IA,Mahaska County,19123
19,125,82.0206245274216,IA,Marion County,19125
19,127,64.61828659499668,IA,Marshall County,19127
19,129,,IA,Mills County,19129
19,131,,IA,Mitchell County,19131
19,133,,IA,Monona County,19133
19,135,,IA,Monroe County,19135
19,137,,IA,Montgomery County,19137
19,139,47.75552505223235,IA,Muscatine County,19139
19,141,37.211972119721196,IA,O'Brien County,19141
19,143,,IA,Osceola County,19143
19,145,,IA,Page County,19145
19,147,,IA,Palo Alto County,19147
19,149,57.90369468676392,IA,Plymouth County,19149
19,151,,IA,Pocahontas County,19151
19,153,43.16411468251888,IA,Polk County,19153
19,155,69.42154862953483,IA,Pottawattamie County,19155
19,157,,IA,Poweshiek County,19157
19,159,,IA,Ringgold County,19159
19,161,,IA,Sac County,19161
19,163,50.313142429850444,IA,Scott County,19163
19,165,,IA,Shelby County,19165
19,167,,IA,Sioux County,19167
19,169,58.16615688733242,IA,Story County,19169
19,171,,IA,Tama County,19171
19,173,,IA,Taylor County,19173
19,175,52.23851252668239,IA,Union County,19175
19,177,,IA,Van Buren County,19177
19,179,61.70760240457507,IA,Wapello County,19179
19,181,79.80140325841361,IA,Warren County,19181
19,183,61.42573319555162,IA,Washington County,19183
19,185,,IA,Wayne County,19185
19,187,54.969625387029254,IA,Webster County,19187
19,189,,IA,Winnebago County,19189
19,191,,IA,Winneshiek County,19191
19,193,40.232601696609585,IA,Woodbury County,19193
19,195,,IA,Worth County,19195
19,197,,IA,Wright County,19197
20,000,58.93979279636009,KS,Kansas,20000
20,001,57.76623376623377,KS,Allen County,20001
20,003,,KS,Anderson County,20003
20,005,51.65254179247295,KS,Atchison County,20005
20,007,,KS,Barber County,20007
20,009,64.31040358307774,KS,Barton County,20009
20,011,16.426444661653793,KS,Bourbon County,20011
20,013,24.1178751454052,KS,Brown County,20013
20,015,65.89317231063168,KS,Butler County,20015
20,017,,KS,Chase County,20017
20,019,,KS,Chautauqua County,20019
20,021,81.05813115541676,KS,Cherokee County,20021
20,023,,KS,Cheyenne County,20023
20,025,,KS,Clark County,20025
20,027,45.48691960005479,KS,Clay County,20027
20,029,,KS,Cloud County,20029
20,031,,KS,Coffey County,20031
20,033,,KS,Comanche County,20033
20,035,50.71291004764578,KS,Cowley County,20035
20,037,60.40283146259139,KS,Crawford County,20037
20,039,,KS,Decatur County,20039
20,041,,KS,Dickinson County,20041
20,043,,KS,Doniphan County,20043
20,045,37.64344469684462,KS,Douglas County,20045
20,047,,KS,Edwards County,20047
20,049,,KS,Elk County,20049
20,051,69.97790405954785,KS,Ellis County,20051
20,053,,KS,Ellsworth County,20053
20,055,57.14200346748941,KS,Finney County,20055
20,057,59.96170695678084,KS,Ford County,20057
20,059,48.97621742884971,KS,Franklin County,20059
20,061,17.962543604661043,KS,Geary County,20061
20,063,,KS,Gove County,20063
20,065,,KS,Graham County,20065
20,067,,KS,Grant County,20067
20,069,,KS,Gray County,20069
20,071,,KS,Greeley County,20071
20,073,,KS,Greenwood County,20073
20,075,,KS,Hamilton County,20075
20,077,,KS,Harper County,20077
20,079,31.370494908717273,KS,Harvey County,20079
20,081,,KS,Haskell County,20081
20,083,,KS,Hodgeman County,20083
20,085,,KS,Jackson County,20085
20,087,,KS,Jefferson County,20087
20,089,,KS,Jewell County,20089
20,091,44.754984103765935,KS,Johnson County,20091
20,093,,KS,Kearny County,20093
20,095,,KS,Kingman County,20095
20,097,,KS,Kiowa County,20097
20,099,54.84163148719451,KS,Labette County,20099
20,101,,KS,Lane County,20101
20,103,45.604822972387744,KS,Leavenworth County,20103
20,105,,KS,Lincoln County,20105
20,107,,KS,Linn County,20107
20,109,,KS,Logan County,20109
20,111,57.6948149469396,KS,Lyon County,20111
20,113,,KS,McPherson County,20113
20,115,,KS,Marion County,20115
20,117,,KS,Marshall County,20117
20,119,,KS,Meade County,20119
20,121,58.082440540312795,KS,Miami County,20121
20,123,,KS,Mitchell County,20123
20,125,59.57240311345362,KS,Montgomery County,20125
20,127,,KS,Morris County,20127
20,129,,KS,Morton County,20129
20,131,,KS,Nemaha County,20131
20,133,58.216338110133115,KS,Neosho County,20133
20,135,,KS,Ness County,20135
20,137,,KS,Norton County,20137
20,139,,KS,Osage County,20139
20,141,,KS,Osborne County,20141
20,143,,KS,Ottawa County,20143
20,145,8.147968231064763,KS,Pawnee County,20145
20,147,,KS,Phillips County,20147
20,149,55.32981629990831,KS,Pottawatomie County,20149
20,151,,KS,Pratt County,20151
20,153,,KS,Rawlins County,20153
20,155,59.51127735054127,KS,Reno County,20155
20,157,,KS,Republic County,20157
20,159,,KS,Rice County,20159
20,161,41.483695730993944,KS,Riley County,20161
20,163,,KS,Rooks County,20163
20,165,,KS,Rush County,20165
20,167,,KS,Russell County,20167
20,169,52.048065603457275,KS,Saline County,20169
20,171,,KS,Scott County,20171
20,173,52.57902152922793,KS,Sedgwick County,20173
20,175,20.172305744712514,KS,Seward County,20175
20,177,44.30460446419569,KS,Shawnee County,20177
20,179,,KS,Sheridan County,20179
20,181,,KS,Sherman County,20181
20,183,,KS,Smith County,20183
20,185,,KS,Stafford County,20185
20,187,,KS,Stanton County,20187
20,189,,KS,Stevens County,20189
20,191,59.21387514369971,KS,Sumner County,20191
20,193,,KS,Thomas County,20193
20,195,,KS,Trego County,20195
20,197,,KS,Wabaunsee County,20197
20,199,,KS,Wallace County,20199
20,201,,KS,Washington County,20201
20,203,,KS,Wichita County,20203
20,205,,KS,Wilson County,20205
20,207,,KS,Woodson County,20207
20,209,47.99441471819145,KS,Wyandotte County,20209
21,000,63.18452186050902,KY,Kentucky,21000
21,001,84.36562662823829,KY,Adair County,21001
21,003,65.31935808197026,KY,Allen County,21003
21,005,67.6805061161637,KY,Anderson County,21005
21,007,6.603580593740946,KY,Ballard County,21007
21,009,45.112956594979345,KY,Barren County,21009
21,011,41.72593512289631,KY,Bath County,21011
21,013,60.160385094622946,KY,Bell County,21013
21,015,51.18216717947123,KY,Boone County,21015
21,017,51.24462588429643,KY,Bourbon County,21017
21,019,52.84083901687598,KY,Boyd County,21019
21,021,41.209433595170914,KY,Boyle County,21021
21,023,,KY,Bracken County,21023
21,025,,KY,Breathitt County,21025
21,027,39.430038510911416,KY,Breckinridge County,21027
21,029,73.61144342626046,KY,Bullitt County,21029
21,031,,KY,Butler County,21031
21,033,48.055064995008,KY,Caldwell County,21033
21,035,51.90255671231543,KY,Calloway County,21035
21,037,43.33942459472945,KY,Campbell County,21037
21,039,,KY,Carlisle County,21039
21,041,50.16790189203982,KY,Carroll County,21041
21,043,,KY,Carter County,21043
21,045,,KY,Casey County,21045
21,047,37.65693309121679,KY,Christian County,21047
21,049,60.624032838233624,KY,Clark County,21049
21,051,71.45974204091812,KY,Clay County,21051
21,053,,KY,Clinton County,21053
21,055,,KY,Crittenden County,21055
21,057,,KY,Cumberland County,21057
21,059,41.2796959412063,KY,Daviess County,21059
21,061,,KY,Edmonson County,21061
21,063,,KY,Elliott County,21063
21,065,,KY,Estill County,21065
21,067,42.894543885304955,KY,Fayette County,21067
21,069,70.04319353490315,KY,Fleming County,21069
21,071,,KY,Floyd County,21071
21,073,48.409077143387364,KY,Franklin County,21073
21,075,2.399305016195191,KY,Fulton County,21075
21,077,23.254941744289713,KY,Gallatin County,21077
21,079,48.03318531934633,KY,Garrard County,21079
21,081,59.97469955724226,KY,Grant County,21081
21,083,49.91310936580945,KY,Graves County,21083
21,085,,KY,Grayson County,21085
21,087,,KY,Green County,21087
21,089,74.86765365634814,KY,Greenup County,21089
21,091,28.237843042850265,KY,Hancock County,21091
21,093,40.86340146764725,KY,Hardin County,21093
21,095,49.928147429926526,KY,Harlan County,21095
21,097,39.71124021310939,KY,Harrison County,21097
21,099,38.92079391217078,KY,Hart County,21099
21,101,43.57855024992012,KY,Henderson County,21101
21,103,34.040316665402024,KY,Henry County,21103
21,105,,KY,Hickman County,21105
21,107,29.818533879645102,KY,Hopkins County,21107
21,109,,KY,Jackson County,21109
21,111,51.85583608667955,KY,Jefferson County,21111
21,113,30.03552278404542,KY,Jessamine County,21113
21,115,,KY,Johnson County,21115
21,117,55.3334538195267,KY,Kenton County,21117
21,119,73.73543838136113,KY,Knott County,21119
21,121,84.0816326530612,KY,Knox County,21121
21,123,34.47235315641075,KY,Larue County,21123
21,125,,KY,Laurel County,21125
21,127,,KY,Lawrence County,21127
21,129,43.761798524111896,KY,Lee County,21129
21,131,,KY,Leslie County,21131
21,133,57.62202501008471,KY,Letcher County,21133
21,135,,KY,Lewis County,21135
21,137,61.96322542822252,KY,Lincoln County,21137
21,139,,KY,Livingston County,21139
21,141,40.13576762170842,KY,Logan County,21141
21,143,56.996979720983745,KY,Lyon County,21143
21,145,48.77220739882997,KY,McCracken County,21145
21,147,,KY,McCreary County,21147
21,149,,KY,McLean County,21149
21,151,40.955391255353426,KY,Madison County,21151
21,153,,KY,Magoffin County,21153
21,155,47.4879772350315,KY,Marion County,21155
21,157,,KY,Marshall County,21157
21,159,,KY,Martin County,21159
21,161,41.99052990253037,KY,Mason County,21161
21,163,57.45020322650593,KY,Meade County,21163
21,165,,KY,Menifee County,21165
21,167,57.55589337577626,KY,Mercer County,21167
21,169,61.26151501691819,KY,Metcalfe County,21169
21,171,37.69514369441494,KY,Monroe County,21171
21,173,46.90832157174288,KY,Montgomery County,21173
21,175,,KY,Morgan County,21175
21,177,69.90982538526247,KY,Muhlenberg County,21177
21,179,61.14884433174678,KY,Nelson County,21179
21,181,,KY,Nicholas County,21181
21,183,70.46540649660487,KY,Ohio County,21183
21,185,41.53585429140112,KY,Oldham County,21185
21,187,,KY,Owen County,21187
21,189,,KY,Owsley County,21189
21,191,,KY,Pendleton County,21191
21,193,86.08019575341383,KY,Perry County,21193
21,195,91.38298276976911,KY,Pike County,21195
21,197,68.58695652173914,KY,Powell County,21197
21,199,73.7931060053181,KY,Pulaski County,21199
21,201,,KY,Robertson County,21201
21,203,,KY,Rockcastle County,21203
21,205,82.60153331832453,KY,Rowan County,21205
21,207,61.80383845519839,KY,Russell County,21207
21,209,34.643376478158075,KY,Scott County,21209
21,211,52.30489145267521,KY,Shelby County,21211
21,213,39.06350909356055,KY,Simpson County,21213
21,215,56.79879227497837,KY,Spencer County,21215
21,217,62.226687725507546,KY,Taylor County,21217
21,219,33.87009767621358,KY,Todd County,21219
21,221,36.15717618304167,KY,Trigg County,21221
21,223,,KY,Trimble County,21223
21,225,38.66378021821206,KY,Union County,21225
21,227,47.99142334365565,KY,Warren County,21227
21,229,47.6417191802049,KY,Washington County,21229
21,231,66.25611055978241,KY,Wayne County,21231
21,233,55.46718888913538,KY,Webster County,21233
21,235,80.82498526812022,KY,Whitley County,21235
21,237,,KY,Wolfe County,21237
21,239,27.09408855814266,KY,Woodford County,21239
22,000,56.352509950206354,LA,Louisiana,22000
22,001,55.012895584707664,LA,Acadia Parish,22001
22,003,36.36529031327215,LA,Allen Parish,22003
22,005,45.80839790038371,LA,Ascension Parish,22005
22,007,54.984547655591854,LA,Assumption Parish,22007
22,009,45.60397849553401,LA,Avoyelles Parish,22009
22,011,56.131348209389195,LA,Beauregard Parish,22011
22,013,38.59381809358529,LA,Bienville Parish,22013
22,015,36.375348973065016,LA,Bossier Parish,22015
22,017,58.39639819111474,LA,Caddo Parish,22017
22,019,56.9293222329819,LA,Calcasieu Parish,22019
22,021,53.76533276091191,LA,Caldwell Parish,22021
22,023,26.169461606354815,LA,Cameron Parish,22023
22,025,41.549813157043246,LA,Catahoula Parish,22025
22,027,34.67065032608984,LA,Claiborne Parish,22027
22,029,44.94137945081543,LA,Concordia Parish,22029
22,031,55.491785890074105,LA,De Soto Parish,22031
22,033,58.42118471998635,LA,East Baton Rouge Parish,22033
22,035,54.35723114956736,LA,East Carroll Parish,22035
22,037,24.43422192346153,LA,East Feliciana Parish,22037
22,039,62.90958338565945,LA,Evangeline Parish,22039
22,041,52.44542965574678,LA,Franklin Parish,22041
22,043,82.59920419987283,LA,Grant Parish,22043
22,045,48.57253431781212,LA,Iberia Parish,22045
22,047,33.30091604047122,LA,Iberville Parish,22047
22,049,33.91999204762549,LA,Jackson Parish,22049
22,051,58.97955333474394,LA,Jefferson Parish,22051
22,053,39.10369963396925,LA,Jefferson Davis Parish,22053
22,055,48.179777987847444,LA,Lafayette Parish,22055
22,057,49.61996202736674,LA,Lafourche Parish,22057
22,059,47.0673440280893,LA,LaSalle Parish,22059
22,061,54.276770733896264,LA,Lincoln Parish,22061
22,063,46.679677434702384,LA,Livingston Parish,22063
22,065,60.339971672528826,LA,Madison Parish,22065
22,067,54.15275661374406,LA,Morehouse Parish,22067
22,069,43.970878147931884,LA,Natchitoches Parish,22069
22,071,66.47697874935808,LA,Orleans Parish,22071
22,073,63.29711972226101,LA,Ouachita Parish,22073
22,075,41.62791513152553,LA,Plaquemines Parish,22075
22,077,56.08933238298883,LA,Pointe Coupee Parish,22077
22,079,59.06972058986817,LA,Rapides Parish,22079
22,081,55.19764890690981,LA,Red River Parish,22081
22,083,54.388031368187626,LA,Richland Parish,22083
22,085,53.08691494567089,LA,Sabine Parish,22085
22,087,34.649020543830225,LA,St. Bernard Parish,22087
22,089,48.06644823568752,LA,St. Charles Parish,22089
22,091,1.745620124221682,LA,St. Helena Parish,22091
22,093,42.577086146688735,LA,St. James Parish,22093
22,095,44.63665967254618,LA,St. John the Baptist Parish,22095
22,097,44.327088303998444,LA,St. Landry Parish,22097
22,099,34.44445466474797,LA,St. Martin Parish,22099
22,101,38.495688682494624,LA,St. Mary Parish,22101
22,103,50.17678651877241,LA,St. Tammany Parish,22103
22,105,34.633261499982865,LA,Tangipahoa Parish,22105
22,107,35.66623231385236,LA,Tensas Parish,22107
22,109,37.66965192718128,LA,Terrebonne Parish,22109
22,111,56.08405133262322,LA,Union Parish,22111
22,113,55.64885646296924,LA,Vermilion Parish,22113
22,115,46.70688432023736,LA,Vernon Parish,22115
22,117,40.847764044750015,LA,Washington Parish,22117
22,119,40.54376773859642,LA,Webster Parish,22119
22,121,16.087161837510735,LA,West Baton Rouge Parish,22121
22,123,12.196413471150567,LA,West Carroll Parish,22123
22,125,43.55679408964054,LA,West Feliciana Parish,22125
22,127,49.28192488908939,LA,Winn Parish,22127
23,000,74.22420323338098,ME,Maine,23000
23,001,73.27668715876513,ME,Androscoggin County,23001
23,003,74.78681011868832,ME,Aroostook County,23003
23,005,66.15980670889248,ME,Cumberland County,23005
23,007,67.2959247031418,ME,Franklin County,23007
23,009,70.99755823205027,ME,Hancock County,23009
23,011,65.3855747327984,ME,Kennebec County,23011
23,013,,ME,Knox County,23013
23,015,,ME,Lincoln County,23015
23,017,,ME,Oxford County,23017
23,019,60.78074028482339,ME,Penobscot County,23019
23,021,56.54496895912992,ME,Piscataquis County,23021
23,023,69.4853271859493,ME,Sagadahoc County,23023
23,025,,ME,Somerset County,23025
23,027,,ME,Waldo County,23027
23,029,76.36873177931471,ME,Washington County,23029
23,031,68.8802387571142,ME,York County,23031
24,000,62.91457864659801,MD,Maryland,24000
24,001,54.38378730213221,MD,Allegany County,24001
24,003,49.71214235817052,MD,Anne Arundel County,24003
24,005,57.504363005408486,MD,Baltimore County,24005
24,009,19.6335602926,MD,Calvert County,24009
24,011,34.617333923611206,MD,Caroline County,24011
24,013,43.690538222754085,MD,Carroll County,24013
24,015,45.97837366042024,MD,Cecil County,24015
24,017,40.98896041063332,MD,Charles County,24017
24,019,48.30278448590688,MD,Dorchester County,24019
24,021,44.229964401175266,MD,Frederick County,24021
24,023,,MD,Garrett County,24023
24,025,51.587745609794545,MD,Harford County,24025
24,027,39.207553442908775,MD,Howard County,24027
24,029,19.32012884980132,MD,Kent County,24029
24,031,48.821631889041825,MD,Montgomery County,24031
24,033,48.35648050984632,MD,Prince George's County,24033
24,035,15.77298913677678,MD,Queen Anne's County,24035
24,037,43.8044241658539,MD,St. Mary's County,24037
24,039,51.94177594710615,MD,Somerset County,24039
24,041,27.220681715603046,MD,Talbot County,24041
24,043,40.19849544632771,MD,Washington County,24043
24,045,36.444801435173275,MD,Wicomico County,24045
24,047,51.277536221465446,MD,Worcester County,24047
24,510,67.16227718024786,MD,Baltimore city,24510
25,000,63.378839717940316,MA,Massachusetts,25000
25,001,62.80987327340737,MA,Barnstable County,25001
25,003,63.726879398790594,MA,Berkshire County,25003
25,005,46.9810306973487,MA,Bristol County,25005
25,007,47.934045234657,MA,Dukes County,25007
25,009,57.93418387829477,MA,Essex County,25009
25,011,54.84688918633578,MA,Franklin County,25011
25,013,64.93610394074973,MA,Hampden County,25013
25,015,53.10931841608162,MA,Hampshire County,25015
25,017,53.72941231834892,MA,Middlesex County,25017
25,019,68.94403792843359,MA,Nantucket County,25019
25,021,57.59708848966903,MA,Norfolk County,25021
25,023,82.4155951756673,MA,Plymouth County,25023
25,025,68.76768545304421,MA,Suffolk County,25025
25,027,55.15233483312927,MA,Worcester County,25027
26,000,73.0741948943328,MI,Michigan,26000
26,001,,MI,Alcona County,26001
26,003,,MI,Alger County,26003
26,005,56.778658721123854,MI,Allegan County,26005
26,007,80.94971652350509,MI,Alpena County,26007
26,009,,MI,Antrim County,26009
26,011,,MI,Arenac County,26011
26,013,,MI,Baraga County,26013
26,015,,MI,Barry County,26015
26,017,53.95474730380387,MI,Bay County,26017
26,019,,MI,Benzie County,26019
26,021,72.42260186337971,MI,Berrien County,26021
26,023,,MI,Branch County,26023
26,025,61.18688795013032,MI,Calhoun County,26025
26,027,53.50462566595987,MI,Cass County,26027
26,029,,MI,Charlevoix County,26029
26,031,,MI,Cheboygan County,26031
26,033,,MI,Chippewa County,26033
26,035,73.532532429749807,MI,Clare County,26035
26,037,64.67530800409827,MI,Clinton County,26037
26,039,,MI,Crawford County,26039
26,041,,MI,Delta County,26041
26,043,,MI,Dickinson County,26043
26,045,68.97589108002641,MI,Eaton County,26045
26,047,80.88752653252592,MI,Emmet County,26047
26,049,68.22673623370662,MI,Genesee County,26049
26,051,,MI,Gladwin County,26051
26,053,,MI,Gogebic County,26053
26,055,74.72263325459213,MI,Grand Traverse County,26055
26,057,,MI,Gratiot County,26057
26,059,51.913710823468925,MI,Hillsdale County,26059
26,061,69.367208458261,MI,Houghton County,26061
26,063,,MI,Huron County,26063
26,065,48.36892935349082,MI,Ingham County,26065
26,067,81.55081808988682,MI,Ionia County,26067
26,069,56.28205128205127,MI,Iosco County,26069
26,071,,MI,Iron County,26071
26,073,52.821363137818,MI,Isabella County,26073
26,075,62.20472423208045,MI,Jackson County,26075
26,077,51.414479934689524,MI,Kalamazoo County,26077
26,079,,MI,Kalkaska County,26079
26,081,60.00699192864848,MI,Kent County,26081
26,083,,MI,Keweenaw County,26083
26,085,34.703641122486175,MI,Lake County,26085
26,087,90.09601245566992,MI,Lapeer County,26087
26,089,,MI,Leelanau County,26089
26,091,64.18180650681582,MI,Lenawee County,26091
26,093,73.03745900833209,MI,Livingston County,26093
26,095,,MI,Luce County,26095
26,097,85.72877059569075,MI,Mackinac County,26097
26,099,51.05033394032874,MI,Macomb County,26099
26,101,,MI,Manistee County,26101
26,103,75.60587641977874,MI,Marquette County,26103
26,105,,MI,Mason County,26105
26,107,49.60342741859027,MI,Mecosta County,26107
26,109,,MI,Menominee County,26109
26,111,56.49107541179039,MI,Midland County,26111
26,113,,MI,Missaukee County,26113
26,115,58.28907730407698,MI,Monroe County,26115
26,117,76.81024983141724,MI,Montcalm County,26117
26,119,,MI,Montmorency County,26119
26,121,72.05378355262991,MI,Muskegon County,26121
26,123,50.71769465194319,MI,Newaygo County,26123
26,125,65.39747555811853,MI,Oakland County,26125
26,127,,MI,Oceana County,26127
26,129,,MI,Ogemaw County,26129
26,131,,MI,Ontonagon County,26131
26,133,,MI,Osceola County,26133
26,135,,MI,Oscoda County,26135
26,137,,MI,Otsego County,26137
26,139,59.5665091282191,MI,Ottawa County,26139
26,141,,MI,Presque Isle County,26141
26,143,,MI,Roscommon County,26143
26,145,65.24983534726421,MI,Saginaw County,26145
26,147,61.961522078243945,MI,St. Clair County,26147
26,149,59.82330297974556,MI,St. Joseph County,26149
26,151,,MI,Sanilac County,26151
26,153,,MI,Schoolcraft County,26153
26,155,79.41870621067918,MI,Shiawassee County,26155
26,157,52.84708454726727,MI,Tuscola County,26157
26,159,56.98983691008378,MI,Van Buren County,26159
26,161,59.76202425633311,MI,Washtenaw County,26161
26,163,76.10003775297741,MI,Wayne County,26163
26,165,72.89213180083405,MI,Wexford County,26165
27,000,61.82176021922946,MN,Minnesota,27000
27,001,,MN,Aitkin County,27001
27,003,44.19368284642699,MN,Anoka County,27003
27,005,66.38272669117089,MN,Becker County,27005
27,007,73.07842638439391,MN,Beltrami County,27007
27,009,74.04705019428015,MN,Benton County,27009
27,011,,MN,Big Stone County,27011
27,013,37.97246023824051,MN,Blue Earth County,27013
27,015,74.59573370032685,MN,Brown County,27015
27,017,78.19309939293855,MN,Carlton County,27017
27,019,54.8669592816711,MN,Carver County,27019
27,021,,MN,Cass County,27021
27,023,,MN,Chippewa County,27023
27,025,74.41993695536515,MN,Chisago County,27025
27,027,45.432304192753406,MN,Clay County,27027
27,029,,MN,Clearwater County,27029
27,031,,MN,Cook County,27031
27,033,78.42058952925647,MN,Cottonwood County,27033
27,035,64.92998498297574,MN,Crow Wing County,27035
27,037,44.89007255871121,MN,Dakota County,27037
27,039,74.01258121068372,MN,Dodge County,27039
27,041,,MN,Douglas County,27041
27,043,,MN,Faribault County,27043
27,045,,MN,Fillmore County,27045
27,047,68.64006377879491,MN,Freeborn County,27047
27,049,57.95819535643728,MN,Goodhue County,27049
27,051,,MN,Grant County,27051
27,053,54.93281205769056,MN,Hennepin County,27053
27,055,,MN,Houston County,27055
27,057,,MN,Hubbard County,27057
27,059,75.2334911130774,MN,Isanti County,27059
27,061,71.01693212078581,MN,Itasca County,27061
27,063,,MN,Jackson County,27063
27,065,,MN,Kanabec County,27065
27,067,76.17061737098287,MN,Kandiyohi County,27067
27,069,,MN,Kittson County,27069
27,071,,MN,Koochiching County,27071
27,073,,MN,Lac qui Parle County,27073
27,075,,MN,Lake County,27075
27,077,,MN,Lake of the Woods County,27077
27,079,72.40270791573691,MN,Le Sueur County,27079
27,081,,MN,Lincoln County,27081
27,083,47.1040574941324,MN,Lyon County,27083
27,085,75.79877130213727,MN,McLeod County,27085
27,087,,MN,Mahnomen County,27087
27,089,,MN,Marshall County,27089
27,091,,MN,Martin County,27091
27,093,,MN,Meeker County,27093
27,095,,MN,Mille Lacs County,27095
27,097,60.12890516562198,MN,Morrison County,27097
27,099,50.671168884456094,MN,Mower County,27099
27,101,,MN,Murray County,27101
27,103,45.79567677832,MN,Nicollet County,27103
27,105,64.89305030541195,MN,Nobles County,27105
27,107,,MN,Norman County,27107
27,109,48.90415155831011,MN,Olmsted County,27109
27,111,73.0151250382466,MN,Otter Tail County,27111
27,113,,MN,Pennington County,27113
27,115,44.72454666591983,MN,Pine County,27115
27,117,61.45481814773153,MN,Pipestone County,27117
27,119,55.5290722823983,MN,Polk County,27119
27,121,,MN,Pope County,27121
27,123,50.16630055324065,MN,Ramsey County,27123
27,125,,MN,Red Lake County,27125
27,127,,MN,Redwood County,27127
27,129,53.881296463640496,MN,Renville County,27129
27,131,76.33538061779959,MN,Rice County,27131
27,133,,MN,Rock County,27133
27,135,49.2446465239073,MN,Roseau County,27135
27,137,64.59245205199736,MN,St. Louis County,27137
27,139,46.53268090061945,MN,Scott County,27139
27,141,73.17975266018661,MN,Sherburne County,27141
27,143,41.48889832630972,MN,Sibley County,27143
27,145,66.94223772830978,MN,Stearns County,27145
27,147,47.043336897972154,MN,Steele County,27147
27,149,29.663648124191468,MN,Stevens County,27149
27,151,,MN,Swift County,27151
27,153,,MN,Todd County,27153
27,155,,MN,Traverse County,27155
27,157,,MN,Wabasha County,27157
27,159,55.73174928394826,MN,Wadena County,27159
27,161,,MN,Waseca County,27161
27,163,47.05900568899571,MN,Washington County,27163
27,165,,MN,Watonwan County,27165
27,167,,MN,Wilkin County,27167
27,169,61.277290987716746,MN,Winona County,27169
27,171,63.37023118932456,MN,Wright County,27171
27,173,,MN,Yellow Medicine County,27173
28,000,51.63996407018405,MS,Mississippi,28000
28,001,45.335117480503484,MS,Adams County,28001
28,003,58.00856868713276,MS,Alcorn County,28003
28,005,20.441776710684273,MS,Amite County,28005
28,007,35.54725857150272,MS,Attala County,28007
28,009,46.13967030541738,MS,Benton County,28009
28,011,60.041276671206376,MS,Bolivar County,28011
28,013,34.82510601594989,MS,Calhoun County,28013
28,015,22.56400134965952,MS,Carroll County,28015
28,017,25.352989060791614,MS,Chickasaw County,28017
28,019,34.56037980999686,MS,Choctaw County,28019
28,021,22.023141533548447,MS,Claiborne County,28021
28,023,34.23682346461036,MS,Clarke County,28023
28,025,25.366537111215482,MS,Clay County,28025
28,027,42.650574846632914,MS,Coahoma County,28027
28,029,39.66666423879837,MS,Copiah County,28029
28,031,29.23587262811367,MS,Covington County,28031
28,033,33.14824247876821,MS,DeSoto County,28033
28,035,53.17822561017543,MS,Forrest County,28035
28,037,30.388593646425406,MS,Franklin County,28037
28,039,60.914601129311706,MS,George County,28039
28,041,46.493148293619626,MS,Greene County,28041
28,043,41.738556130308766,MS,Grenada County,28043
28,045,55.086704566807,MS,Hancock County,28045
28,047,40.79803043733276,MS,Harrison County,28047
28,049,59.515595194329364,MS,Hinds County,28049
28,051,22.41313389424423,MS,Holmes County,28051
28,053,31.922707616480494,MS,Humphreys County,28053
28,055,,MS,Issaquena County,28055
28,057,64.78617955924614,MS,Itawamba County,28057
28,059,54.834967819159075,MS,Jackson County,28059
28,061,36.23441891808972,MS,Jasper County,28061
28,063,40.23692247899183,MS,Jefferson County,28063
28,065,15.23584421057031,MS,Jefferson Davis County,28065
28,067,49.20727105702439,MS,Jones County,28067
28,069,19.083391826303394,MS,Kemper County,28069
28,071,27.952651347489027,MS,Lafayette County,28071
28,073,39.7926135552082,MS,Lamar County,28073
28,075,50.52676136734547,MS,Lauderdale County,28075
28,077,36.102622049313894,MS,Lawrence County,28077
28,079,39.17238975806042,MS,Leake County,28079
28,081,41.295839661981354,MS,Lee County,28081
28,083,64.39369935492674,MS,Leflore County,28083
28,085,49.76563824179245,MS,Lincoln County,28085
28,087,48.561691927708345,MS,Lowndes County,28087
28,089,50.29757624718801,MS,Madison County,28089
28,091,27.768148174600615,MS,Marion County,28091
28,093,43.02246142986791,MS,Marshall County,28093
28,095,50.85415880462719,MS,Monroe County,28095
28,097,16.969494806791722,MS,Montgomery County,28097
28,099,43.37865613959971,MS,Neshoba County,28099
28,101,41.257801269554925,MS,Newton County,28101
28,103,28.999933985795156,MS,Noxubee County,28103
28,105,23.85518966247667,MS,Oktibbeha County,28105
28,107,37.15237545686158,MS,Panola County,28107
28,109,65.98622815530956,MS,Pearl River County,28109
28,111,22.513340993613145,MS,Perry County,28111
28,113,32.998997000401395,MS,Pike County,28113
28,115,35.1396000571258,MS,Pontotoc County,28115
28,117,62.868525674421974,MS,Prentiss County,28117
28,119,27.469281108871158,MS,Quitman County,28119
28,121,25.604585329828318,MS,Rankin County,28121
28,123,19.821664621748692,MS,Scott County,28123
28,125,23.50158117174185,MS,Sharkey County,28125
28,127,30.026252698471644,MS,Simpson County,28127
28,129,36.089090236059384,MS,Smith County,28129
28,131,53.709603245379746,MS,Stone County,28131
28,133,31.634455442033232,MS,Sunflower County,28133
28,135,46.96975113123135,MS,Tallahatchie County,28135
28,137,24.811946815344516,MS,Tate County,28137
28,139,33.76380064247794,MS,Tippah County,28139
28,141,64.29264069264069,MS,Tishomingo County,28141
28,143,33.93520608974499,MS,Tunica County,28143
28,145,35.31134543745147,MS,Union County,28145
28,147,19.862667545594377,MS,Walthall County,28147
28,149,39.02175610119906,MS,Warren County,28149
28,151,46.64301983274432,MS,Washington County,28151
28,153,48.67483853448883,MS,Wayne County,28153
28,155,27.978403734434774,MS,Webster County,28155
28,157,8.080483615516739,MS,Wilkinson County,28157
28,159,25.676602712278974,MS,Winston County,28159
28,161,21.600021574842522,MS,Yalobusha County,28161
28,163,62.93582954264083,MS,Yazoo County,28163
29,000,70.53162943610147,MO,Missouri,29000
29,001,53.8378882394862,MO,Adair County,29001
29,003,30.63479008771087,MO,Andrew County,29003
29,005,,MO,Atchison County,29005
29,007,49.22500423653084,MO,Audrain County,29007
29,009,,MO,Barry County,29009
29,011,,MO,Barton County,29011
29,013,73.04868098993744,MO,Bates County,29013
29,015,,MO,Benton County,29015
29,017,,MO,Bollinger County,29017
29,019,41.943614236542025,MO,Boone County,29019
29,021,45.78862489253867,MO,Buchanan County,29021
29,023,46.55105136326266,MO,Butler County,29023
29,025,,MO,Caldwell County,29025
29,027,47.52396922418674,MO,Callaway County,29027
29,029,78.86073105946161,MO,Camden County,29029
29,031,51.58069589169354,MO,Cape Girardeau County,29031
29,033,,MO,Carroll County,29033
29,035,,MO,Carter County,29035
29,037,50.74003287319514,MO,Cass County,29037
29,039,,MO,Cedar County,29039
29,041,9.380582575737497,MO,Chariton County,29041
29,043,48.52341237064186,MO,Christian County,29043
29,045,14.667025515462228,MO,Clark County,29045
29,047,39.91927857277207,MO,Clay County,29047
29,049,80.64304792622083,MO,Clinton County,29049
29,051,47.63438489616621,MO,Cole County,29051
29,053,43.79583622326576,MO,Cooper County,29053
29,055,,MO,Crawford County,29055
29,057,,MO,Dade County,29057
29,059,,MO,Dallas County,29059
29,061,,MO,Daviess County,29061
29,063,,MO,DeKalb County,29063
29,065,78.81069573030197,MO,Dent County,29065
29,067,41.3165394869909,MO,Douglas County,29067
29,069,43.403628160671346,MO,Dunklin County,29069
29,071,70.269424446252,MO,Franklin County,29071
29,073,,MO,Gasconade County,29073
29,075,,MO,Gentry County,29075
29,077,49.03232470898882,MO,Greene County,29077
29,079,,MO,Grundy County,29079
29,081,,MO,Harrison County,29081
29,083,,MO,Henry County,29083
29,085,,MO,Hickory County,29085
29,087,,MO,Holt County,29087
29,089,26.471856380047633,MO,Howard County,29089
29,091,,MO,Howell County,29091
29,093,,MO,Iron County,29093
29,095,57.53972913319379,MO,Jackson County,29095
29,097,55.69832417635432,MO,Jasper County,29097
29,099,64.65064339277905,MO,Jefferson County,29099
29,101,47.72404615485218,MO,Johnson County,29101
29,103,,MO,Knox County,29103
29,105,,MO,Laclede County,29105
29,107,62.96898828205708,MO,Lafayette County,29107
29,109,,MO,Lawrence County,29109
29,111,35.87459321595497,MO,Lewis County,29111
29,113,37.46640869332607,MO,Lincoln County,29113
29,115,,MO,Linn County,29115
29,117,88.36556206370858,MO,Livingston County,29117
29,119,83.02324199013256,MO,McDonald County,29119
29,121,61.112230067010344,MO,Macon County,29121
29,123,,MO,Madison County,29123
29,125,,MO,Maries County,29125
29,127,40.77798264811022,MO,Marion County,29127
29,129,,MO,Mercer County,29129
29,131,79.52449445807599,MO,Miller County,29131
29,133,70.26040075242534,MO,Mississippi County,29133
29,135,,MO,Moniteau County,29135
29,137,40.293925462228415,MO,Monroe County,29137
29,139,42.23606294668586,MO,Montgomery County,29139
29,141,,MO,Morgan County,29141
29,143,17.450654184525156,MO,New Madrid County,29143
29,145,72.65645929070415,MO,Newton County,29145
29,147,51.417790643836625,MO,Nodaway County,29147
29,149,,MO,Oregon County,29149
29,151,,MO,Osage County,29151
29,153,,MO,Ozark County,29153
29,155,43.39265069535064,MO,Pemiscot County,29155
29,157,,MO,Perry County,29157
29,159,49.39896353481226,MO,Pettis County,29159
29,161,74.9507376607817,MO,Phelps County,29161
29,163,41.80158955215184,MO,Pike County,29163
29,165,41.32662408255736,MO,Platte County,29165
29,167,,MO,Polk County,29167
29,169,31.47799814646037,MO,Pulaski County,29169
29,171,,MO,Putnam County,29171
29,173,,MO,Ralls County,29173
29,175,50.74919814256307,MO,Randolph County,29175
29,177,59.054321328365766,MO,Ray County,29177
29,179,,MO,Reynolds County,29179
29,181,,MO,Ripley County,29181
29,183,32.71867066501974,MO,St. Charles County,29183
29,185,,MO,St. Clair County,29185
29,186,,MO,Ste. Genevieve County,29186
29,187,64.59477604095935,MO,St. Francois County,29187
29,189,73.26903999027918,MO,St. Louis County,29189
29,195,45.767468987176805,MO,Saline County,29195
29,197,,MO,Schuyler County,29197
29,199,,MO,Scotland County,29199
29,201,60.470930698811884,MO,Scott County,29201
29,203,,MO,Shannon County,29203
29,205,,MO,Shelby County,29205
29,207,74.54280826540807,MO,Stoddard County,29207
29,209,,MO,Stone County,29209
29,211,61.52710398650074,MO,Sullivan County,29211
29,213,68.53237030998694,MO,Taney County,29213
29,215,63.59426272890866,MO,Texas County,29215
29,217,,MO,Vernon County,29217
29,219,65.0778868672603,MO,Warren County,29219
29,221,,MO,Washington County,29221
29,223,,MO,Wayne County,29223
29,225,88.43792088042187,MO,Webster County,29225
29,227,,MO,Worth County,29227
29,229,76.33378133582657,MO,Wright County,29229
29,510,61.806883002854505,MO,St. Louis city,29510
30,000,80.16290732310279,MT,Montana,30000
30,001,,MT,Beaverhead County,30001
30,003,,MT,Big Horn County,30003
30,005,,MT,Blaine County,30005
30,007,,MT,Broadwater County,30007
30,009,,MT,Carbon County,30009
30,011,,MT,Carter County,30011
30,013,63.24872210361669,MT,Cascade County,30013
30,015,,MT,Chouteau County,30015
30,017,,MT,Custer County,30017
30,019,,MT,Daniels County,30019
30,021,,MT,Dawson County,30021
30,023,,MT,Deer Lodge County,30023
30,025,,MT,Fallon County,30025
30,027,74.12883782256546,MT,Fergus County,30027
30,029,,MT,Flathead County,30029
30,031,81.63993665264006,MT,Gallatin County,30031
30,033,,MT,Garfield County,30033
30,035,,MT,Glacier County,30035
30,037,,MT,Golden Valley County,30037
30,039,,MT,Granite County,30039
30,041,,MT,Hill County,30041
30,043,,MT,Jefferson County,30043
30,045,,MT,Judith Basin County,30045
30,047,76.60358475116004,MT,Lake County,30047
30,049,64.45323824330099,MT,Lewis and Clark County,30049
30,051,,MT,Liberty County,30051
30,053,,MT,Lincoln County,30053
30,055,,MT,McCone County,30055
30,057,,MT,Madison County,30057
30,059,,MT,Meagher County,30059
30,061,,MT,Mineral County,30061
30,063,83.44139508833217,MT,Missoula County,30063
30,065,,MT,Musselshell County,30065
30,067,,MT,Park County,30067
30,069,,MT,Petroleum County,30069
30,071,,MT,Phillips County,30071
30,073,,MT,Pondera County,30073
30,075,,MT,Powder River County,30075
30,077,,MT,Powell County,30077
30,079,,MT,Prairie County,30079
30,081,,MT,Ravalli County,30081
30,083,,MT,Richland County,30083
30,085,,MT,Roosevelt County,30085
30,087,,MT,Rosebud County,30087
30,089,,MT,Sanders County,30089
30,091,,MT,Sheridan County,30091
30,093,,MT,Silver Bow County,30093
30,095,,MT,Stillwater County,30095
30,097,,MT,Sweet Grass County,30097
30,099,,MT,Teton County,30099
30,101,,MT,Toole County,30101
30,103,,MT,Treasure County,30103
30,105,,MT,Valley County,30105
30,107,,MT,Wheatland County,30107
30,109,,MT,Wibaux County,30109
30,111,77.33477447292745,MT,Yellowstone County,30111
31,000,65.56226845593132,NE,Nebraska,31000
31,001,83.5512013486437,NE,Adams County,31001
31,003,,NE,Antelope County,31003
31,005,,NE,Arthur County,31005
31,007,,NE,Banner County,31007
31,009,,NE,Blaine County,31009
31,011,,NE,Boone County,31011
31,013,,NE,Box Butte County,31013
31,015,,NE,Boyd County,31015
31,017,,NE,Brown County,31017
31,019,59.53560065478436,NE,Buffalo County,31019
31,021,,NE,Burt County,31021
31,023,,NE,Butler County,31023
31,025,61.95477870429763,NE,Cass County,31025
31,027,,NE,Cedar County,31027
31,029,,NE,Chase County,31029
31,031,,NE,Cherry County,31031
31,033,,NE,Cheyenne County,31033
31,035,,NE,Clay County,31035
31,037,58.52785408298018,NE,Colfax County,31037
31,039,,NE,Cuming County,31039
31,041,64.89452264701197,NE,Custer County,31041
31,043,69.337260649148,NE,Dakota County,31043
31,045,,NE,Dawes County,31045
31,047,78.57875921660539,NE,Dawson County,31047
31,049,,NE,Deuel County,31049
31,051,,NE,Dixon County,31051
31,053,77.03708147702594,NE,Dodge County,31053
31,055,55.62838448727828,NE,Douglas County,31055
31,057,,NE,Dundy County,31057
31,059,,NE,Fillmore County,31059
31,061,,NE,Franklin County,31061
31,063,,NE,Frontier County,31063
31,065,,NE,Furnas County,31065
31,067,,NE,Gage County,31067
31,069,,NE,Garden County,31069
31,071,,NE,Garfield County,31071
31,073,,NE,Gosper County,31073
31,075,,NE,Grant County,31075
31,077,,NE,Greeley County,31077
31,079,55.243099968401765,NE,Hall County,31079
31,081,,NE,Hamilton County,31081
31,083,,NE,Harlan County,31083
31,085,,NE,Hayes County,31085
31,087,,NE,Hitchcock County,31087
31,089,,NE,Holt County,31089
31,091,,NE,Hooker County,31091
31,093,,NE,Howard County,31093
31,095,,NE,Jefferson County,31095
31,097,,NE,Johnson County,31097
31,099,,NE,Kearney County,31099
31,101,,NE,Keith County,31101
31,103,,NE,Keya Paha County,31103
31,105,,NE,Kimball County,31105
31,107,,NE,Knox County,31107
31,109,47.33546732256383,NE,Lancaster County,31109
31,111,59.37816532346852,NE,Lincoln County,31111
31,113,,NE,Logan County,31113
31,115,,NE,Loup County,31115
31,117,,NE,McPherson County,31117
31,119,57.356253147185946,NE,Madison County,31119
31,121,,NE,Merrick County,31121
31,123,,NE,Morrill County,31123
31,125,,NE,Nance County,31125
31,127,,NE,Nemaha County,31127
31,129,,NE,Nuckolls County,31129
31,131,,NE,Otoe County,31131
31,133,,NE,Pawnee County,31133
31,135,,NE,Perkins County,31135
31,137,,NE,Phelps County,31137
31,139,,NE,Pierce County,31139
31,141,65.2664481207593,NE,Platte County,31141
31,143,,NE,Polk County,31143
31,145,,NE,Red Willow County,31145
31,147,,NE,Richardson County,31147
31,149,,NE,Rock County,31149
31,151,,NE,Saline County,31151
31,153,43.32810217060277,NE,Sarpy County,31153
31,155,,NE,Saunders County,31155
31,157,86.48531169630891,NE,Scotts Bluff County,31157
31,159,,NE,Seward County,31159
31,161,,NE,Sheridan County,31161
31,163,,NE,Sherman County,31163
31,165,,NE,Sioux County,31165
31,167,,NE,Stanton County,31167
31,169,,NE,Thayer County,31169
31,171,,NE,Thomas County,31171
31,173,,NE,Thurston County,31173
31,175,,NE,Valley County,31175
31,177,,NE,Washington County,31177
31,179,,NE,Wayne County,31179
31,181,,NE,Webster County,31181
31,183,,NE,Wheeler County,31183
31,185,,NE,York County,31185
32,000,50.73091760585457,NV,Nevada,32000
32,001,42.38365093020215,NV,Churchill County,32001
32,003,40.28555567011768,NV,Clark County,32003
32,005,,NV,Douglas County,32005
32,007,76.32950701491711,NV,Elko County,32007
32,009,,NV,Esmeralda County,32009
32,011,,NV,Eureka County,32011
32,013,,NV,Humboldt County,32013
32,015,,NV,Lander County,32015
32,017,,NV,Lincoln County,32017
32,019,74.39834157268699,NV,Lyon County,32019
32,021,12.369831807281015,NV,Mineral County,32021
32,023,48.74246363357212,NV,Nye County,32023
32,027,,NV,Pershing County,32027
32,029,,NV,Storey County,32029
32,031,56.586282610893775,NV,Washoe County,32031
32,033,,NV,White Pine County,32033
32,510,71.52300798166321,NV,Carson City,32510
33,000,69.94647129608784,NH,New Hampshire,33000
33,001,70.2257207252666,NH,Belknap County,33001
33,003,,NH,Carroll County,33003
33,005,75.82813431642016,NH,Cheshire County,33005
33,007,,NH,Coos County,33007
33,009,74.61797828969733,NH,Grafton County,33009
33,011,58.87326541133571,NH,Hillsborough County,33011
33,013,83.32272025168474,NH,Merrimack County,33013
33,015,70.40534557109325,NH,Rockingham County,33015
33,017,51.40695859533623,NH,Strafford County,33017
33,019,,NH,Sullivan County,33019
34,000,65.86779585419785,NJ,New Jersey,34000
34,001,57.21128444624628,NJ,Atlantic County,34001
34,003,52.04210856293325,NJ,Bergen County,34003
34,005,54.41743509134508,NJ,Burlington County,34005
34,007,57.869958591476966,NJ,Camden County,34007
34,009,65.14138991251812,NJ,Cape May County,34009
34,011,45.28724358444973,NJ,Cumberland County,34011
34,013,78.10634794161444,NJ,Essex County,34013
34,015,37.387838254894774,NJ,Gloucester County,34015
34,017,56.69508565587497,NJ,Hudson County,34017
34,019,46.286649821060024,NJ,Hunterdon County,34019
34,021,60.77524464165306,NJ,Mercer County,34021
34,023,48.308790103311324,NJ,Middlesex County,34023
34,025,62.644394076394065,NJ,Monmouth County,34025
34,027,54.7300266847198,NJ,Morris County,34027
34,029,50.08850777754316,NJ,Ocean County,34029
34,031,74.1137992397394,NJ,Passaic County,34031
34,033,57.63007978881185,NJ,Salem County,34033
34,035,62.09152553987957,NJ,Somerset County,34035
34,037,56.74453966552364,NJ,Sussex County,34037
34,039,63.59854967659723,NJ,Union County,34039
34,041,47.009070799163666,NJ,Warren County,34041
35,000,56.67982380946967,NM,New Mexico,35000
35,001,48.277888629475086,NM,Bernalillo County,35001
35,003,,NM,Catron County,35003
35,005,58.57344539443836,NM,Chaves County,35005
35,006,78.03764955562494,NM,Cibola County,35006
35,007,,NM,Colfax County,35007
35,009,35.34266453330602,NM,Curry County,35009
35,011,,NM,DeBaca County,35011
35,013,57.78029584857246,NM,Dona Ana County,35013
35,015,58.171436680119626,NM,Eddy County,35015
35,017,52.35353475396214,NM,Grant County,35017
35,019,,NM,Guadalupe County,35019
35,021,,NM,Harding County,35021
35,023,,NM,Hidalgo County,35023
35,025,52.75017645916098,NM,Lea County,35025
35,027,78.52574890609223,NM,Lincoln County,35027
35,028,69.8003279851077,NM,Los Alamos County,35028
35,029,35.30597963627032,NM,Luna County,35029
35,031,62.203465347985784,NM,McKinley County,35031
35,033,,NM,Mora County,35033
35,035,46.973599602857604,NM,Otero County,35035
35,037,,NM,Quay County,35037
35,039,54.97501608576189,NM,Rio Arriba County,35039
35,041,,NM,Roosevelt County,35041
35,043,41.906775546709966,NM,Sandoval County,35043
35,045,73.28319825634834,NM,San Juan County,35045
35,047,66.75692752053436,NM,San Miguel County,35047
35,049,66.79776094826117,NM,Santa Fe County,35049
35,051,,NM,Sierra County,35051
35,053,,NM,Socorro County,35053
35,055,,NM,Taos County,35055
35,057,,NM,Torrance County,35057
35,059,,NM,Union County,35059
35,061,69.43609505459214,NM,Valencia County,35061
36,000,75.44733801991529,NY,New York,36000
36,001,54.94016151199253,NY,Albany County,36001
36,003,46.94359152599114,NY,Allegany County,36003
36,005,56.86021797229767,NY,Bronx County,36005
36,007,59.824423654166594,NY,Broome County,36007
36,009,52.830766942861075,NY,Cattaraugus County,36009
36,011,58.398998551553774,NY,Cayuga County,36011
36,013,63.695657119394156,NY,Chautauqua County,36013
36,015,56.30295627683449,NY,Chemung County,36015
36,017,57.871768620151734,NY,Chenango County,36017
36,019,64.35895325485252,NY,Clinton County,36019
36,021,51.028433081391114,NY,Columbia County,36021
36,023,59.58515138896433,NY,Cortland County,36023
36,025,64.18155881744883,NY,Delaware County,36025
36,027,47.20346940850971,NY,Dutchess County,36027
36,029,72.77029865393823,NY,Erie County,36029
36,031,,NY,Essex County,36031
36,033,,NY,Franklin County,36033
36,035,66.09682044398672,NY,Fulton County,36035
36,037,72.96319168625305,NY,Genesee County,36037
36,039,65.57372960806418,NY,Greene County,36039
36,041,,NY,Hamilton County,36041
36,043,62.586757437176644,NY,Herkimer County,36043
36,045,56.00981756034157,NY,Jefferson County,36045
36,047,75.15004072517183,NY,Kings County,36047
36,049,,NY,Lewis County,36049
36,051,60.51907418045002,NY,Livingston County,36051
36,053,61.66433993543321,NY,Madison County,36053
36,055,65.34750713541631,NY,Monroe County,36055
36,057,66.12914129974664,NY,Montgomery County,36057
36,059,78.59849718454642,NY,Nassau County,36059
36,061,69.07893905828404,NY,New York County,36061
36,063,63.384094376404256,NY,Niagara County,36063
36,065,75.6994726021275,NY,Oneida County,36065
36,067,66.24590207155416,NY,Onondaga County,36067
36,069,64.3393762347697,NY,Ontario County,36069
36,071,46.96063513543986,NY,Orange County,36071
36,073,56.129437090567194,NY,Orleans County,36073
36,075,75.11987907665272,NY,Oswego County,36075
36,077,63.069711284167006,NY,Otsego County,36077
36,079,45.00869770550073,NY,Putnam County,36079
36,081,80.49329012341525,NY,Queens County,36081
36,083,59.37882263046889,NY,Rensselaer County,36083
36,085,75.52412313105539,NY,Richmond County,36085
36,087,57.70572088949755,NY,Rockland County,36087
36,089,70.02827410621182,NY,St. Lawrence County,36089
36,091,52.61433537599455,NY,Saratoga County,36091
36,093,57.23045097933883,NY,Schenectady County,36093
36,095,27.62374321200065,NY,Schoharie County,36095
36,097,54.247792986041645,NY,Schuyler County,36097
36,099,45.08711657831713,NY,Seneca County,36099
36,101,61.60126845608275,NY,Steuben County,36101
36,103,58.52773603055831,NY,Suffolk County,36103
36,105,45.91678228598837,NY,Sullivan County,36105
36,107,46.91619522903405,NY,Tioga County,36107
36,109,59.70617773344037,NY,Tompkins County,36109
36,111,48.07180941659169,NY,Ulster County,36111
36,113,69.20411338331274,NY,Warren County,36113
36,115,59.36857187594512,NY,Washington County,36115
36,117,51.37253738518819,NY,Wayne County,36117
36,119,63.13725427203796,NY,Westchester County,36119
36,121,,NY,Wyoming County,36121
36,123,,NY,Yates County,36123
37,000,52.69986770024673,NC,North Carolina,37000
37,001,41.48266315042965,NC,Alamance County,37001
37,003,51.558478696025155,NC,Alexander County,37003
37,005,33.56404855050657,NC,Alleghany County,37005
37,007,26.83528503245266,NC,Anson County,37007
37,009,78.85005525408634,NC,Ashe County,37009
37,011,,NC,Avery County,37011
37,013,39.48071992505549,NC,Beaufort County,37013
37,015,29.874071721711935,NC,Bertie County,37015
37,017,22.650210378439912,NC,Bladen County,37017
37,019,46.08402816124945,NC,Brunswick County,37019
37,021,52.439860009270035,NC,Buncombe County,37021
37,023,47.86363636067812,NC,Burke County,37023
37,025,31.91856154007632,NC,Cabarrus County,37025
37,027,55.95887011601995,NC,Caldwell County,37027
37,029,8.530585927586687,NC,Camden County,37029
37,031,55.34824339557368,NC,Carteret County,37031
37,033,24.019962916983644,NC,Caswell County,37033
37,035,41.12816442928685,NC,Catawba County,37035
37,037,39.69671348592685,NC,Chatham County,37037
37,039,53.469845746910806,NC,Cherokee County,37039
37,041,35.922440169078506,NC,Chowan County,37041
37,043,30.193791473644673,NC,Clay County,37043
37,045,30.908518842435946,NC,Cleveland County,37045
37,047,23.054946537361452,NC,Columbus County,37047
37,049,41.81193425649642,NC,Craven County,37049
37,051,33.5891522638832,NC,Cumberland County,37051
37,053,30.951737948303244,NC,Currituck County,37053
37,055,79.33230661060911,NC,Dare County,37055
37,057,53.835418319595554,NC,Davidson County,37057
37,059,24.891813957179167,NC,Davie County,37059
37,061,40.31072024836114,NC,Duplin County,37061
37,063,41.75085279658132,NC,Durham County,37063
37,065,49.923188046438476,NC,Edgecombe County,37065
37,067,48.73448243279595,NC,Forsyth County,37067
37,069,27.895203521318233,NC,Franklin County,37069
37,071,43.62047679515272,NC,Gaston County,37071
37,073,10.039818054806249,NC,Gates County,37073
37,075,,NC,Graham County,37075
37,077,31.649468411631627,NC,Granville County,37077
37,079,13.55853761300055,NC,Greene County,37079
37,081,49.88252140463585,NC,Guilford County,37081
37,083,36.415400786260484,NC,Halifax County,37083
37,085,25.387875372879687,NC,Harnett County,37085
37,087,58.28611988999084,NC,Haywood County,37087
37,089,44.42353563147575,NC,Henderson County,37089
37,091,11.326357553007773,NC,Hertford County,37091
37,093,19.159917602646182,NC,Hoke County,37093
37,095,8.084013318972575,NC,Hyde County,37095
37,097,39.36697270361406,NC,Iredell County,37097
37,099,50.05505360541949,NC,Jackson County,37099
37,101,27.907604373170102,NC,Johnston County,37101
37,103,23.36945492504532,NC,Jones County,37103
37,105,38.13251069722833,NC,Lee County,37105
37,107,47.00425254336348,NC,Lenoir County,37107
37,109,45.6528780227984,NC,Lincoln County,37109
37,111,53.75460932894119,NC,McDowell County,37111
37,113,51.29093483565812,NC,Macon County,37113
37,115,,NC,Madison County,37115
37,117,31.154625691218207,NC,Martin County,37117
37,119,55.285703139755014,NC,Mecklenburg County,37119
37,121,,NC,Mitchell County,37121
37,123,46.40789190338056,NC,Montgomery County,37123
37,125,50.6215464726725,NC,Moore County,37125
37,127,32.80014020991743,NC,Nash County,37127
37,129,50.52703442030041,NC,New Hanover County,37129
37,131,32.54302781859621,NC,Northampton County,37131
37,133,34.375991021226675,NC,Onslow County,37133
37,135,26.25696531207605,NC,Orange County,37135
37,137,49.80956320894836,NC,Pamlico County,37137
37,139,24.087975095576994,NC,Pasquotank County,37139
37,141,40.766447196221364,NC,Pender County,37141
37,143,24.795787338856428,NC,Perquimans County,37143
37,145,28.739255067940533,NC,Person County,37145
37,147,35.85313969126847,NC,Pitt County,37147
37,149,37.79027177230614,NC,Polk County,37149
37,151,45.82528527344018,NC,Randolph County,37151
37,153,34.18885806855367,NC,Richmond County,37153
37,155,32.72985859389577,NC,Robeson County,37155
37,157,33.05514641807457,NC,Rockingham County,37157
37,159,50.28992963266553,NC,Rowan County,37159
37,161,46.93744853667945,NC,Rutherford County,37161
37,163,34.92268383574103,NC,Sampson County,37163
37,165,30.452926144904303,NC,Scotland County,37165
37,167,50.42874377523952,NC,Stanly County,37167
37,169,47.50984091558614,NC,Stokes County,37169
37,171,43.46205142971402,NC,Surry County,37171
37,173,61.98605433998557,NC,Swain County,37173
37,175,54.33024520728835,NC,Transylvania County,37175
37,177,,NC,Tyrrell County,37177
37,179,32.484585061454794,NC,Union County,37179
37,181,28.02687419580927,NC,Vance County,37181
37,183,45.80388980996684,NC,Wake County,37183
37,185,35.74872440369173,NC,Warren County,37185
37,187,14.264314750071838,NC,Washington County,37187
37,189,60.6409982505644,NC,Watauga County,37189
37,191,41.91668064564269,NC,Wayne County,37191
37,193,47.74103273447646,NC,Wilkes County,37193
37,195,47.164515353959366,NC,Wilson County,37195
37,197,50.64813882739324,NC,Yadkin County,37197
37,199,50.21337946943484,NC,Yancey County,37199
38,000,58.63345272364643,ND,North Dakota,38000
38,001,,ND,Adams County,38001
38,003,,ND,Barnes County,38003
38,005,,ND,Benson County,38005
38,007,,ND,Billings County,38007
38,009,,ND,Bottineau County,38009
38,011,,ND,Bowman County,38011
38,013,,ND,Burke County,38013
38,015,60.18343022347599,ND,Burleigh County,38015
38,017,42.34499803778135,ND,Cass County,38017
38,019,,ND,Cavalier County,38019
38,021,,ND,Dickey County,38021
38,023,,ND,Divide County,38023
38,025,,ND,Dunn County,38025
38,027,,ND,Eddy County,38027
38,029,,ND,Emmons County,38029
38,031,,ND,Foster County,38031
38,033,,ND,Golden Valley County,38033
38,035,56.90298531463655,ND,Grand Forks County,38035
38,037,,ND,Grant County,38037
38,039,,ND,Griggs County,38039
38,041,,ND,Hettinger County,38041
38,043,,ND,Kidder County,38043
38,045,,ND,LaMoure County,38045
38,047,,ND,Logan County,38047
38,049,,ND,McHenry County,38049
38,051,,ND,McIntosh County,38051
38,053,78.12484627115307,ND,McKenzie County,38053
38,055,,ND,McLean County,38055
38,057,,ND,Mercer County,38057
38,059,68.39043414591964,ND,Morton County,38059
38,061,62.21591035665753,ND,Mountrail County,38061
38,063,,ND,Nelson County,38063
38,065,,ND,Oliver County,38065
38,067,,ND,Pembina County,38067
38,069,,ND,Pierce County,38069
38,071,38.30819337894809,ND,Ramsey County,38071
38,073,,ND,Ransom County,38073
38,075,,ND,Renville County,38075
38,077,,ND,Richland County,38077
38,079,,ND,Rolette County,38079
38,081,57.003319108582275,ND,Sargent County,38081
38,083,,ND,Sheridan County,38083
38,085,,ND,Sioux County,38085
38,087,,ND,Slope County,38087
38,089,61.76204216146831,ND,Stark County,38089
38,091,,ND,Steele County,38091
38,093,53.08852523858245,ND,Stutsman County,38093
38,095,,ND,Towner County,38095
38,097,,ND,Traill County,38097
38,099,,ND,Walsh County,38099
38,101,39.82009456230243,ND,Ward County,38101
38,103,,ND,Wells County,38103
38,105,47.75970223660529,ND,Williams County,38105
39,000,69.79386318937948,OH,Ohio,39000
39,001,,OH,Adams County,39001
39,003,53.59658562051411,OH,Allen County,39003
39,005,55.50287424607304,OH,Ashland County,39005
39,007,60.13437311909039,OH,Ashtabula County,39007
39,009,42.93555266433798,OH,Athens County,39009
39,011,55.4099940347818,OH,Auglaize County,39011
39,013,52.932182278213205,OH,Belmont County,39013
39,015,49.83948311497119,OH,Brown County,39015
39,017,46.51093265092932,OH,Butler County,39017
39,019,70.72079145728644,OH,Carroll County,39019
39,021,58.62780237468033,OH,Champaign County,39021
39,023,59.03710706322911,OH,Clark County,39023
39,025,56.140467765772165,OH,Clermont County,39025
39,027,52.06943631015818,OH,Clinton County,39027
39,029,75.86451873845004,OH,Columbiana County,39029
39,031,,OH,Coshocton County,39031
39,033,,OH,Crawford County,39033
39,035,71.32254763421433,OH,Cuyahoga County,39035
39,037,77.44966439803633,OH,Darke County,39037
39,039,62.4223693892568,OH,Defiance County,39039
39,041,42.17507166823862,OH,Delaware County,39041
39,043,65.49778582495384,OH,Erie County,39043
39,045,64.97593914980261,OH,Fairfield County,39045
39,047,56.68432792459674,OH,Fayette County,39047
39,049,56.05620409911517,OH,Franklin County,39049
39,051,,OH,Fulton County,39051
39,053,44.226730234262526,OH,Gallia County,39053
39,055,57.0324219458319,OH,Geauga County,39055
39,057,44.65614153231536,OH,Greene County,39057
39,059,60.932631301904884,OH,Guernsey County,39059
39,061,61.33713250244469,OH,Hamilton County,39061
39,063,47.748747346963036,OH,Hancock County,39063
39,065,77.98574490524955,OH,Hardin County,39065
39,067,67.92791280073615,OH,Harrison County,39067
39,069,,OH,Henry County,39069
39,071,72.23759889325207,OH,Highland County,39071
39,073,,OH,Hocking County,39073
39,075,,OH,Holmes County,39075
39,077,64.51090451892682,OH,Huron County,39077
39,079,60.926854351459056,OH,Jackson County,39079
39,081,59.283844087653335,OH,Jefferson County,39081
39,083,51.54466108515005,OH,Knox County,39083
39,085,51.53057427074826,OH,Lake County,39085
39,087,58.07794943109622,OH,Lawrence County,39087
39,089,63.19128341219259,OH,Licking County,39089
39,091,48.398084271419165,OH,Logan County,39091
39,093,59.5062880412915,OH,Lorain County,39093
39,095,60.180002387039465,OH,Lucas County,39095
39,097,57.91570061305285,OH,Madison County,39097
39,099,69.51970386454607,OH,Mahoning County,39099
39,101,66.04413674343854,OH,Marion County,39101
39,103,56.65942112775274,OH,Medina County,39103
39,105,,OH,Meigs County,39105
39,107,81.14679012651335,OH,Mercer County,39107
39,109,42.916919981950365,OH,Miami County,39109
39,111,,OH,Monroe County,39111
39,113,62.39432269253561,OH,Montgomery County,39113
39,115,48.88175342249166,OH,Morgan County,39115
39,117,,OH,Morrow County,39117
39,119,53.369223175735584,OH,Muskingum County,39119
39,121,,OH,Noble County,39121
39,123,61.04147893285274,OH,Ottawa County,39123
39,125,,OH,Paulding County,39125
39,127,,OH,Perry County,39127
39,129,64.63348633749322,OH,Pickaway County,39129
39,131,62.35766651068475,OH,Pike County,39131
39,133,53.63580873152938,OH,Portage County,39133
39,135,83.34245141747735,OH,Preble County,39135
39,137,,OH,Putnam County,39137
39,139,52.98414661055104,OH,Richland County,39139
39,141,56.47439560241775,OH,Ross County,39141
39,143,69.42129316854111,OH,Sandusky County,39143
39,145,67.2152984198787,OH,Scioto County,39145
39,147,68.99388355706462,OH,Seneca County,39147
39,149,63.40417573069806,OH,Shelby County,39149
39,151,56.542011173978814,OH,Stark County,39151
39,153,59.65093393501012,OH,Summit County,39153
39,155,64.21844957243334,OH,Trumbull County,39155
39,157,57.072227484380065,OH,Tuscarawas County,39157
39,159,50.725878882937906,OH,Union County,39159
39,161,,OH,Van Wert County,39161
39,163,60.0959550004136,OH,Vinton County,39163
39,165,37.536978571326465,OH,Warren County,39165
39,167,67.9081971017508,OH,Washington County,39167
39,169,78.51041480067899,OH,Wayne County,39169
39,171,,OH,Williams County,39171
39,173,50.10177790853147,OH,Wood County,39173
39,175,,OH,Wyandot County,39175
40,000,56.86182551563584,OK,Oklahoma,40000
40,001,,OK,Adair County,40001
40,003,,OK,Alfalfa County,40003
40,005,63.52619045956956,OK,Atoka County,40005
40,007,,OK,Beaver County,40007
40,009,22.072171759177532,OK,Beckham County,40009
40,011,69.4068930826649,OK,Blaine County,40011
40,013,43.59172413021383,OK,Bryan County,40013
40,015,77.22598106559472,OK,Caddo County,40015
40,017,43.95905841476201,OK,Canadian County,40017
40,019,43.47832447126994,OK,Carter County,40019
40,021,49.20164573029282,OK,Cherokee County,40021
40,023,40.03280877835611,OK,Choctaw County,40023
40,025,,OK,Cimarron County,40025
40,027,36.98482845892329,OK,Cleveland County,40027
40,029,,OK,Coal County,40029
40,031,28.63709111782857,OK,Comanche County,40031
40,033,,OK,Cotton County,40033
40,035,52.104686505973,OK,Craig County,40035
40,037,51.560319455196,OK,Creek County,40037
40,039,50.03104437045391,OK,Custer County,40039
40,041,87.69305198913325,OK,Delaware County,40041
40,043,,OK,Dewey County,40043
40,045,,OK,Ellis County,40045
40,047,40.135175403377595,OK,Garfield County,40047
40,049,50.898836373637266,OK,Garvin County,40049
40,051,68.35394872628578,OK,Grady County,40051
40,053,,OK,Grant County,40053
40,055,,OK,Greer County,40055
40,057,,OK,Harmon County,40057
40,059,,OK,Harper County,40059
40,061,,OK,Haskell County,40061
40,063,47.213612672607255,OK,Hughes County,40063
40,065,48.6348896552247,OK,Jackson County,40065
40,067,,OK,Jefferson County,40067
40,069,,OK,Johnston County,40069
40,071,54.63281677916656,OK,Kay County,40071
40,073,,OK,Kingfisher County,40073
40,075,28.424715281774017,OK,Kiowa County,40075
40,077,,OK,Latimer County,40077
40,079,51.34033743378434,OK,Le Flore County,40079
40,081,50.995040276258685,OK,Lincoln County,40081
40,083,53.63398191713786,OK,Logan County,40083
40,085,18.882213121002334,OK,Love County,40085
40,087,44.015751618072,OK,McClain County,40087
40,089,33.65633451290801,OK,McCurtain County,40089
40,091,29.068642354054308,OK,McIntosh County,40091
40,093,,OK,Major County,40093
40,095,,OK,Marshall County,40095
40,097,65.15680144624649,OK,Mayes County,40097
40,099,,OK,Murray County,40099
40,101,48.601211849085935,OK,Muskogee County,40101
40,103,,OK,Noble County,40103
40,105,30.69784211088559,OK,Nowata County,40105
40,107,44.704261114816276,OK,Okfuskee County,40107
40,109,46.76809415614297,OK,Oklahoma County,40109
40,111,42.814402843023544,OK,Okmulgee County,40111
40,113,85.62913114705663,OK,Osage County,40113
40,115,50.636670143325546,OK,Ottawa County,40115
40,117,,OK,Pawnee County,40117
40,119,41.78240398524154,OK,Payne County,40119
40,121,45.66828888983217,OK,Pittsburg County,40121
40,123,55.95410492253753,OK,Pontotoc County,40123
40,125,36.23871816791584,OK,Pottawatomie County,40125
40,127,28.41539074939876,OK,Pushmataha County,40127
40,129,,OK,Roger Mills County,40129
40,131,46.40324061101715,OK,Rogers County,40131
40,133,40.85000426830327,OK,Seminole County,40133
40,135,53.50829217691745,OK,Sequoyah County,40135
40,137,62.921329057405295,OK,Stephens County,40137
40,139,67.37092771716387,OK,Texas County,40139
40,141,31.240822789758198,OK,Tillman County,40141
40,143,50.39637346962193,OK,Tulsa County,40143
40,145,46.26928877465746,OK,Wagoner County,40145
40,147,37.753450151633,OK,Washington County,40147
40,149,,OK,Washita County,40149
40,151,,OK,Woods County,40151
40,153,,OK,Woodward County,40153
41,000,64.80487917229134,OR,Oregon,41000
41,001,,OR,Baker County,41001
41,003,59.71500500031731,OR,Benton County,41003
41,005,56.01598753951823,OR,Clackamas County,41005
41,007,64.08226820556719,OR,Clatsop County,41007
41,009,51.552046508533856,OR,Columbia County,41009
41,011,74.86758522778982,OR,Coos County,41011
41,013,,OR,Crook County,41013
41,015,,OR,Curry County,41015
41,017,79.06768694010212,OR,Deschutes County,41017
41,019,76.64976201858126,OR,Douglas County,41019
41,021,,OR,Gilliam County,41021
41,023,,OR,Grant County,41023
41,025,67.02375407545411,OR,Harney County,41025
41,027,,OR,Hood River County,41027
41,029,73.8860477525749,OR,Jackson County,41029
41,031,,OR,Jefferson County,41031
41,033,67.28901236664912,OR,Josephine County,41033
41,035,75.81228872172619,OR,Klamath County,41035
41,037,,OR,Lake County,41037
41,039,66.2460325706007,OR,Lane County,41039
41,041,84.02191442937102,OR,Lincoln County,41041
41,043,57.1788586735841,OR,Linn County,41043
41,045,79.91917559102849,OR,Malheur County,41045
41,047,56.935574065074576,OR,Marion County,41047
41,049,,OR,Morrow County,41049
41,051,45.7480637266915,OR,Multnomah County,41051
41,053,66.5960245086734,OR,Polk County,41053
41,055,,OR,Sherman County,41055
41,057,84.0467580171416,OR,Tillamook County,41057
41,059,89.11090276963944,OR,Umatilla County,41059
41,061,62.6000447875295,OR,Union County,41061
41,063,,OR,Wallowa County,41063
41,065,,OR,Wasco County,41065
41,067,49.09365319579912,OR,Washington County,41067
41,069,,OR,Wheeler County,41069
41,071,79.9631483883481,OR,Yamhill County,41071
42,000,72.20588442004573,PA,Pennsylvania,42000
42,001,49.30581782213829,PA,Adams County,42001
42,003,63.649923497146396,PA,Allegheny County,42003
42,005,61.26169023992421,PA,Armstrong County,42005
42,007,62.56123401771929,PA,Beaver County,42007
42,009,42.42348443137704,PA,Bedford County,42009
42,011,60.26665324183852,PA,Berks County,42011
42,013,64.66427511441005,PA,Blair County,42013
42,015,55.26719056538452,PA,Bradford County,42015
42,017,59.71828252090269,PA,Bucks County,42017
42,019,57.33557018308778,PA,Butler County,42019
42,021,75.6023090480331,PA,Cambria County,42021
42,023,,PA,Cameron County,42023
42,025,76.33363808542057,PA,Carbon County,42025
42,027,56.299961674429696,PA,Centre County,42027
42,029,55.15677032097398,PA,Chester County,42029
42,031,72.29889990526188,PA,Clarion County,42031
42,033,57.539918653510746,PA,Clearfield County,42033
42,035,58.13364937839,PA,Clinton County,42035
42,037,57.42557709288762,PA,Columbia County,42037
42,039,72.0240154525554,PA,Crawford County,42039
42,041,47.80471194859031,PA,Cumberland County,42041
42,043,58.51757801422993,PA,Dauphin County,42043
42,045,72.5597285676256,PA,Delaware County,42045
42,047,76.53139091224419,PA,Elk County,42047
42,049,67.51856078567151,PA,Erie County,42049
42,051,60.76349321455814,PA,Fayette County,42051
42,053,,PA,Forest County,42053
42,055,50.424146980827814,PA,Franklin County,42055
42,057,40.34426582870583,PA,Fulton County,42057
42,059,,PA,Greene County,42059
42,061,69.66187592481515,PA,Huntingdon County,42061
42,063,65.29212075018424,PA,Indiana County,42063
42,065,77.07384823055287,PA,Jefferson County,42065
42,067,,PA,Juniata County,42067
42,069,59.566761945521506,PA,Lackawanna County,42069
42,071,61.3918988550089,PA,Lancaster County,42071
42,073,61.34360254814193,PA,Lawrence County,42073
42,075,48.9492776751087,PA,Lebanon County,42075
42,077,55.531825216341666,PA,Lehigh County,42077
42,079,56.29385163452413,PA,Luzerne County,42079
42,081,63.67564062077427,PA,Lycoming County,42081
42,083,,PA,Mc Kean County,42083
42,085,72.07097733063999,PA,Mercer County,42085
42,087,58.26439766298803,PA,Mifflin County,42087
42,089,44.61735134358676,PA,Monroe County,42089
42,091,51.235971208792165,PA,Montgomery County,42091
42,093,25.942216580176204,PA,Montour County,42093
42,095,55.52442508304246,PA,Northampton County,42095
42,097,65.6603953928052,PA,Northumberland County,42097
42,099,60.76510122009407,PA,Perry County,42099
42,101,69.81949276799712,PA,Philadelphia County,42101
42,103,53.702521752156485,PA,Pike County,42103
42,105,,PA,Potter County,42105
42,107,66.40992555377103,PA,Schuylkill County,42107
42,109,,PA,Snyder County,42109
42,111,87.538639372995,PA,Somerset County,42111
42,113,,PA,Sullivan County,42113
42,115,,PA,Susquehanna County,42115
42,117,71.57788353047575,PA,Tioga County,42117
42,119,61.73294900735408,PA,Union County,42119
42,121,76.73108050141839,PA,Venango County,42121
42,123,85.47537677180794,PA,Warren County,42123
42,125,56.583498512355526,PA,Washington County,42125
42,127,62.479474034903916,PA,Wayne County,42127
42,129,60.35721957812438,PA,Westmoreland County,42129
42,131,,PA,Wyoming County,42131
42,133,55.61704532281644,PA,York County,42133
44,000,59.62738340603091,RI,Rhode Island,44000
44,001,75.21447121654586,RI,Bristol County,44001
44,003,51.35979248558699,RI,Kent County,44003
44,005,49.00204187115833,RI,Newport County,44005
44,007,52.95018551892652,RI,Providence County,44007
44,009,66.15855972628493,RI,Washington County,44009
45,000,48.03716566262861,SC,South Carolina,45000
45,001,45.449148834847804,SC,Abbeville County,45001
45,003,30.436773319457195,SC,Aiken County,45003
45,005,16.989209682123064,SC,Allendale County,45005
45,007,42.48421905994206,SC,Anderson County,45007
45,009,41.93916432129454,SC,Bamberg County,45009
45,011,29.865966121666975,SC,Barnwell County,45011
45,013,55.10426531238106,SC,Beaufort County,45013
45,015,33.11328486472154,SC,Berkeley County,45015
45,017,21.42223453851283,SC,Calhoun County,45017
45,019,51.521004883409226,SC,Charleston County,45019
45,021,54.67250297849271,SC,Cherokee County,45021
45,023,33.22314295204695,SC,Chester County,45023
45,025,26.576113918815835,SC,Chesterfield County,45025
45,027,26.490669860586586,SC,Clarendon County,45027
45,029,31.073288496371266,SC,Colleton County,45029
45,031,33.542006649164804,SC,Darlington County,45031
45,033,25.17394684351657,SC,Dillon County,45033
45,035,26.90319228880118,SC,Dorchester County,45035
45,037,34.961037396118634,SC,Edgefield County,45037
45,039,29.437481043303883,SC,Fairfield County,45039
45,041,36.66550700496202,SC,Florence County,45041
45,043,56.92513128119558,SC,Georgetown County,45043
45,045,43.20647696522982,SC,Greenville County,45045
45,047,33.57849111553928,SC,Greenwood County,45047
45,049,25.438584353271633,SC,Hampton County,45049
45,051,41.185763468765856,SC,Horry County,45051
45,053,37.522361092874945,SC,Jasper County,45053
45,055,18.974730142510012,SC,Kershaw County,45055
45,057,35.73718607296608,SC,Lancaster County,45057
45,059,33.63870440357972,SC,Laurens County,45059
45,061,26.87250903975782,SC,Lee County,45061
45,063,38.969407406206294,SC,Lexington County,45063
45,065,44.55778164403709,SC,McCormick County,45065
45,067,19.00779841549804,SC,Marion County,45067
45,069,20.758281743763142,SC,Marlboro County,45069
45,071,33.93273058732284,SC,Newberry County,45071
45,073,64.0581493757443,SC,Oconee County,45073
45,075,35.13257441073652,SC,Orangeburg County,45075
45,077,46.10132559646926,SC,Pickens County,45077
45,079,47.72282320722931,SC,Richland County,45079
45,081,32.98159827275181,SC,Saluda County,45081
45,083,41.231403602076334,SC,Spartanburg County,45083
45,085,34.48110959155989,SC,Sumter County,45085
45,087,38.83599616905918,SC,Union County,45087
45,089,39.90191755722216,SC,Williamsburg County,45089
45,091,37.48740550116169,SC,York County,45091
46,000,66.41556090539366,SD,South Dakota,46000
46,003,,SD,Aurora County,46003
46,005,,SD,Beadle County,46005
46,007,,SD,Bennett County,46007
46,009,,SD,Bon Homme County,46009
46,011,72.14472611360013,SD,Brookings County,46011
46,013,78.45794392523364,SD,Brown County,46013
46,015,,SD,Brule County,46015
46,017,,SD,Buffalo County,46017
46,019,,SD,Butte County,46019
46,021,,SD,Campbell County,46021
46,023,,SD,Charles Mix County,46023
46,025,,SD,Clark County,46025
46,027,26.668612252521477,SD,Clay County,46027
46,029,62.80733216339812,SD,Codington County,46029
46,031,,SD,Corson County,46031
46,033,,SD,Custer County,46033
46,035,,SD,Davison County,46035
46,037,,SD,Day County,46037
46,039,,SD,Deuel County,46039
46,041,,SD,Dewey County,46041
46,043,,SD,Douglas County,46043
46,045,,SD,Edmunds County,46045
46,047,,SD,Fall River County,46047
46,049,,SD,Faulk County,46049
46,051,,SD,Grant County,46051
46,053,,SD,Gregory County,46053
46,055,,SD,Haakon County,46055
46,057,,SD,Hamlin County,46057
46,059,,SD,Hand County,46059
46,061,,SD,Hanson County,46061
46,063,,SD,Harding County,46063
46,065,,SD,Hughes County,46065
46,067,,SD,Hutchinson County,46067
46,069,,SD,Hyde County,46069
46,071,,SD,Jackson County,46071
46,073,,SD,Jerauld County,46073
46,075,,SD,Jones County,46075
46,077,,SD,Kingsbury County,46077
46,079,,SD,Lake County,46079
46,081,,SD,Lawrence County,46081
46,083,54.19697273489338,SD,Lincoln County,46083
46,085,,SD,Lyman County,46085
46,087,,SD,McCook County,46087
46,089,,SD,McPherson County,46089
46,091,,SD,Marshall County,46091
46,093,28.70942806112606,SD,Meade County,46093
46,095,,SD,Mellette County,46095
46,097,,SD,Miner County,46097
46,099,46.55410171715138,SD,Minnehaha County,46099
46,101,,SD,Moody County,46101
46,102,,SD,Oglala Lakota County,46102
46,103,54.621297017361705,SD,Pennington County,46103
46,105,,SD,Perkins County,46105
46,107,,SD,Potter County,46107
46,109,,SD,Roberts County,46109
46,111,,SD,Sanborn County,46111
46,115,,SD,Spink County,46115
46,117,,SD,Stanley County,46117
46,119,,SD,Sully County,46119
46,121,,SD,Todd County,46121
46,123,,SD,Tripp County,46123
46,125,,SD,Turner County,46125
46,127,63.638495613654136,SD,Union County,46127
46,129,,SD,Walworth County,46129
46,135,60.726628114791524,SD,Yankton County,46135
46,137,,SD,Ziebach County,46137
47,000,66.91591796603676,TN,Tennessee,47000
47,001,55.12161093468034,TN,Anderson County,47001
47,003,39.46519928266924,TN,Bedford County,47003
47,005,53.63935058097996,TN,Benton County,47005
47,007,72.3008305136881,TN,Bledsoe County,47007
47,009,60.13524171131899,TN,Blount County,47009
47,011,48.0118342016536,TN,Bradley County,47011
47,013,89.65939655401986,TN,Campbell County,47013
47,015,61.526728646135965,TN,Cannon County,47015
47,017,21.33267349052621,TN,Carroll County,47017
47,019,60.981847572538626,TN,Carter County,47019
47,021,29.78524010451771,TN,Cheatham County,47021
47,023,43.72145630627193,TN,Chester County,47023
47,025,,TN,Claiborne County,47025
47,027,33.047632429394405,TN,Clay County,47027
47,029,50.0879390020064,TN,Cocke County,47029
47,031,36.60402662557261,TN,Coffee County,47031
47,033,21.215430062706147,TN,Crockett County,47033
47,035,85.38442385788979,TN,Cumberland County,47035
47,037,49.97650351398837,TN,Davidson County,47037
47,039,40.761918618749704,TN,Decatur County,47039
47,041,38.17832559628622,TN,DeKalb County,47041
47,043,44.59561143645552,TN,Dickson County,47043
47,045,41.165211297413066,TN,Dyer County,47045
47,047,11.298808289001286,TN,Fayette County,47047
47,049,,TN,Fentress County,47049
47,051,40.98070688395149,TN,Franklin County,47051
47,053,49.94307822676763,TN,Gibson County,47053
47,055,37.43799878385315,TN,Giles County,47055
47,057,44.7120217635858,TN,Grainger County,47057
47,059,81.25366172998635,TN,Greene County,47059
47,061,,TN,Grundy County,47061
47,063,45.93868894094239,TN,Hamblen County,47063
47,065,54.89304813531437,TN,Hamilton County,47065
47,067,,TN,Hancock County,47067
47,069,41.74005724265293,TN,Hardeman County,47069
47,071,43.65941779543383,TN,Hardin County,47071
47,073,66.2520443489629,TN,Hawkins County,47073
47,075,38.57474098082926,TN,Haywood County,47075
47,077,29.161887936099422,TN,Henderson County,47077
47,079,52.665632590597824,TN,Henry County,47079
47,081,47.822822426140895,TN,Hickman County,47081
47,083,21.926534787294276,TN,Houston County,47083
47,085,44.13667362261472,TN,Humphreys County,47085
47,087,,TN,Jackson County,47087
47,089,46.612610315916726,TN,Jefferson County,47089
47,091,,TN,Johnson County,47091
47,093,53.54477360879197,TN,Knox County,47093
47,095,11.809713314501275,TN,Lake County,47095
47,097,51.32468579741507,TN,Lauderdale County,47097
47,099,75.31359061529838,TN,Lawrence County,47099
47,101,,TN,Lewis County,47101
47,103,43.666798721117736,TN,Lincoln County,47103
47,105,34.747685414583316,TN,Loudon County,47105
47,107,43.229229545636535,TN,McMinn County,47107
47,109,49.89836153273405,TN,McNairy County,47109
47,111,,TN,Macon County,47111
47,113,42.6044841928311,TN,Madison County,47113
47,115,43.106279850722224,TN,Marion County,47115
47,117,39.99006725518227,TN,Marshall County,47117
47,119,37.95803246962507,TN,Maury County,47119
47,121,23.961855223233634,TN,Meigs County,47121
47,123,63.60628021874235,TN,Monroe County,47123
47,125,34.69917595060667,TN,Montgomery County,47125
47,127,28.597823413674373,TN,Moore County,47127
47,129,,TN,Morgan County,47129
47,131,50.69706421067674,TN,Obion County,47131
47,133,,TN,Overton County,47133
47,135,,TN,Perry County,47135
47,137,,TN,Pickett County,47137
47,139,,TN,Polk County,47139
47,141,60.537906797031674,TN,Putnam County,47141
47,143,40.29942900887231,TN,Rhea County,47143
47,145,65.89045799323769,TN,Roane County,47145
47,147,59.69302114269228,TN,Robertson County,47147
47,149,33.15358328490349,TN,Rutherford County,47149
47,151,,TN,Scott County,47151
47,153,,TN,Sequatchie County,47153
47,155,76.54872802519692,TN,Sevier County,47155
47,157,67.63222811492497,TN,Shelby County,47157
47,159,41.29144865249976,TN,Smith County,47159
47,161,,TN,Stewart County,47161
47,163,62.107971281779875,TN,Sullivan County,47163
47,165,39.851248564750264,TN,Sumner County,47165
47,167,43.078066754895175,TN,Tipton County,47167
47,169,30.651541500505985,TN,Trousdale County,47169
47,171,,TN,Unicoi County,47171
47,173,,TN,Union County,47173
47,175,,TN,Van Buren County,47175
47,177,47.18061728907905,TN,Warren County,47177
47,179,52.004691991509866,TN,Washington County,47179
47,181,,TN,Wayne County,47181
47,183,46.11746447985895,TN,Weakley County,47183
47,185,67.43486210574432,TN,White County,47185
47,187,37.406656643694156,TN,Williamson County,47187
47,189,35.317681668161356,TN,Wilson County,47189
48,000,55.99850662807321,TX,Texas,48000
48,001,48.043732437992496,TX,Anderson County,48001
48,003,65.86164990185921,TX,Andrews County,48003
48,005,49.77681184325418,TX,Angelina County,48005
48,007,75.76925110220697,TX,Aransas County,48007
48,009,,TX,Archer County,48009
48,011,,TX,Armstrong County,48011
48,013,48.73602692580749,TX,Atascosa County,48013
48,015,34.515448740527994,TX,Austin County,48015
48,017,,TX,Bailey County,48017
48,019,,TX,Bandera County,48019
48,021,51.741890411441524,TX,Bastrop County,48021
48,023,,TX,Baylor County,48023
48,025,57.431884546202795,TX,Bee County,48025
48,027,46.636529583909535,TX,Bell County,48027
48,029,42.890954404436044,TX,Bexar County,48029
48,031,57.184551026364424,TX,Blanco County,48031
48,033,,TX,Borden County,48033
48,035,30.664160432130284,TX,Bosque County,48035
48,037,45.682894384028835,TX,Bowie County,48037
48,039,46.519983863431705,TX,Brazoria County,48039
48,041,47.50963536546532,TX,Brazos County,48041
48,043,,TX,Brewster County,48043
48,045,,TX,Briscoe County,48045
48,047,,TX,Brooks County,48047
48,049,45.026708591528404,TX,Brown County,48049
48,051,35.16287629954535,TX,Burleson County,48051
48,053,70.09737362419618,TX,Burnet County,48053
48,055,39.114286531528194,TX,Caldwell County,48055
48,057,57.20808871493803,TX,Calhoun County,48057
48,059,69.52620545073376,TX,Callahan County,48059
48,061,80.51879723008282,TX,Cameron County,48061
48,063,18.802389825259013,TX,Camp County,48063
48,065,,TX,Carson County,48065
48,067,29.297883410568957,TX,Cass County,48067
48,069,,TX,Castro County,48069
48,071,23.91642666956474,TX,Chambers County,48071
48,073,43.809270487106645,TX,Cherokee County,48073
48,075,,TX,Childress County,48075
48,077,,TX,Clay County,48077
48,079,,TX,Cochran County,48079
48,081,,TX,Coke County,48081
48,083,17.67114313789715,TX,Coleman County,48083
48,085,30.494445637181695,TX,Collin County,48085
48,087,,TX,Collingsworth County,48087
48,089,25.634727634070387,TX,Colorado County,48089
48,091,38.42634543367488,TX,Comal County,48091
48,093,,TX,Comanche County,48093
48,095,,TX,Concho County,48095
48,097,55.836641732443596,TX,Cooke County,48097
48,099,41.25326014352822,TX,Coryell County,48099
48,101,,TX,Cottle County,48101
48,103,,TX,Crane County,48103
48,105,,TX,Crockett County,48105
48,107,38.659766554602804,TX,Crosby County,48107
48,109,,TX,Culberson County,48109
48,111,,TX,Dallam County,48111
48,113,56.06454260048359,TX,Dallas County,48113
48,115,48.72460562314454,TX,Dawson County,48115
48,117,84.65299470324597,TX,Deaf Smith County,48117
48,119,56.058109280138765,TX,Delta County,48119
48,121,43.99425298317526,TX,Denton County,48121
48,123,48.0084349787413,TX,DeWitt County,48123
48,125,,TX,Dickens County,48125
48,127,,TX,Dimmit County,48127
48,129,,TX,Donley County,48129
48,131,,TX,Duval County,48131
48,133,47.29047319447664,TX,Eastland County,48133
48,135,51.96994838940071,TX,Ector County,48135
48,137,,TX,Edwards County,48137
48,139,39.223975875338034,TX,Ellis County,48139
48,141,48.66098018828339,TX,El Paso County,48141
48,143,64.36647537745606,TX,Erath County,48143
48,145,61.952790793276904,TX,Falls County,48145
48,147,59.27650299487788,TX,Fannin County,48147
48,149,44.16167960091995,TX,Fayette County,48149
48,151,57.05270972531551,TX,Fisher County,48151
48,153,40.25403817914832,TX,Floyd County,48153
48,155,,TX,Foard County,48155
48,157,50.113565278387895,TX,Fort Bend County,48157
48,159,68.43335939192623,TX,Franklin County,48159
48,161,26.408931600747458,TX,Freestone County,48161
48,163,61.393176615520396,TX,Frio County,48163
48,165,76.64621202460773,TX,Gaines County,48165
48,167,53.444812471827596,TX,Galveston County,48167
48,169,74.98875393612236,TX,Garza County,48169
48,171,,TX,Gillespie County,48171
48,173,,TX,Glasscock County,48173
48,175,23.742275552517253,TX,Goliad County,48175
48,177,31.127334244546194,TX,Gonzales County,48177
48,179,56.7066604327779,TX,Gray County,48179
48,181,40.593044831217355,TX,Grayson County,48181
48,183,39.21257912999329,TX,Gregg County,48183
48,185,64.19171394076777,TX,Grimes County,48185
48,187,42.275554691575564,TX,Guadalupe County,48187
48,189,43.06283782003846,TX,Hale County,48189
48,191,,TX,Hall County,48191
48,193,,TX,Hamilton County,48193
48,195,,TX,Hansford County,48195
48,197,,TX,Hardeman County,48197
48,199,76.16848546780184,TX,Hardin County,48199
48,201,54.88423178511055,TX,Harris County,48201
48,203,46.78110336629092,TX,Harrison County,48203
48,205,,TX,Hartley County,48205
48,207,9.409174628755611,TX,Haskell County,48207
48,209,47.822663227612914,TX,Hays County,48209
48,211,,TX,Hemphill County,48211
48,213,54.23516483579033,TX,Henderson County,48213
48,215,75.86193968073825,TX,Hidalgo County,48215
48,217,51.333858398620436,TX,Hill County,48217
48,219,48.485424770835984,TX,Hockley County,48219
48,221,74.10208137360551,TX,Hood County,48221
48,223,47.5942956150873,TX,Hopkins County,48223
48,225,47.264548228867724,TX,Houston County,48225
48,227,48.683058675147926,TX,Howard County,48227
48,229,,TX,Hudspeth County,48229
48,231,44.239754962341905,TX,Hunt County,48231
48,233,90.24159283633352,TX,Hutchinson County,48233
48,235,,TX,Irion County,48235
48,237,,TX,Jack County,48237
48,239,25.22079886816504,TX,Jackson County,48239
48,241,60.583177970706956,TX,Jasper County,48241
48,243,,TX,Jeff Davis County,48243
48,245,62.3535231652678,TX,Jefferson County,48245
48,247,,TX,Jim Hogg County,48247
48,249,88.72984099407033,TX,Jim Wells County,48249
48,251,48.1039953491864,TX,Johnson County,48251
48,253,61.94963573012354,TX,Jones County,48253
48,255,51.4021344755475,TX,Karnes County,48255
48,257,45.380275028783416,TX,Kaufman County,48257
48,259,66.29978764178794,TX,Kendall County,48259
48,261,,TX,Kenedy County,48261
48,263,,TX,Kent County,48263
48,265,50.68222448517764,TX,Kerr County,48265
48,267,,TX,Kimble County,48267
48,269,,TX,King County,48269
48,271,,TX,Kinney County,48271
48,273,34.018213518926785,TX,Kleberg County,48273
48,275,,TX,Knox County,48275
48,277,48.96928506393608,TX,Lamar County,48277
48,279,21.045639262269457,TX,Lamb County,48279
48,281,54.772357714623844,TX,Lampasas County,48281
48,283,,TX,La Salle County,48283
48,285,39.32655969675351,TX,Lavaca County,48285
48,287,49.11347536050986,TX,Lee County,48287
48,289,38.44137891348644,TX,Leon County,48289
48,291,47.29216581542876,TX,Liberty County,48291
48,293,30.729450190528034,TX,Limestone County,48293
48,295,,TX,Lipscomb County,48295
48,297,,TX,Live Oak County,48297
48,299,,TX,Llano County,48299
48,301,,TX,Loving County,48301
48,303,47.003650882622864,TX,Lubbock County,48303
48,305,64.05076431963873,TX,Lynn County,48305
48,307,,TX,McCulloch County,48307
48,309,53.57045927666573,TX,McLennan County,48309
48,311,,TX,McMullen County,48311
48,313,44.65707694403864,TX,Madison County,48313
48,315,33.65760124495164,TX,Marion County,48315
48,317,70.07153075822603,TX,Martin County,48317
48,319,,TX,Mason County,48319
48,321,53.87365905982586,TX,Matagorda County,48321
48,323,,TX,Maverick County,48323
48,325,61.16171409289116,TX,Medina County,48325
48,327,,TX,Menard County,48327
48,329,47.01793766139186,TX,Midland County,48329
48,331,32.59488567049873,TX,Milam County,48331
48,333,,TX,Mills County,48333
48,335,4.161927224786358,TX,Mitchell County,48335
48,337,,TX,Montague County,48337
48,339,39.36746731793113,TX,Montgomery County,48339
48,341,53.83776279254264,TX,Moore County,48341
48,343,14.602949499815285,TX,Morris County,48343
48,345,,TX,Motley County,48345
48,347,42.881953593524386,TX,Nacogdoches County,48347
48,349,27.31324213536645,TX,Navarro County,48349
48,351,26.96337108910825,TX,Newton County,48351
48,353,67.19920119820269,TX,Nolan County,48353
48,355,51.81186903078287,TX,Nueces County,48355
48,357,,TX,Ochiltree County,48357
48,359,,TX,Oldham County,48359
48,361,72.47527695459829,TX,Orange County,48361
48,363,71.31489357626822,TX,Palo Pinto County,48363
48,365,27.596596420284484,TX,Panola County,48365
48,367,51.31877012074712,TX,Parker County,48367
48,369,,TX,Parmer County,48369
48,371,38.75922300858304,TX,Pecos County,48371
48,373,56.94725227353119,TX,Polk County,48373
48,375,64.90737145372664,TX,Potter County,48375
48,377,,TX,Presidio County,48377
48,379,35.00520037956555,TX,Rains County,48379
48,381,53.3531731646932,TX,Randall County,48381
48,383,,TX,Reagan County,48383
48,385,,TX,Real County,48385
48,387,54.56486865436243,TX,Red River County,48387
48,389,,TX,Reeves County,48389
48,391,54.060090729144996,TX,Refugio County,48391
48,393,,TX,Roberts County,48393
48,395,52.55438091911776,TX,Robertson County,48395
48,397,36.19304267924391,TX,Rockwall County,48397
48,399,32.842205323193916,TX,Runnels County,48399
48,401,25.141330351570623,TX,Rusk County,48401
48,403,34.309806663129336,TX,Sabine County,48403
48,405,63.47538114123342,TX,San Augustine County,48405
48,407,28.548611922751675,TX,San Jacinto County,48407
48,409,40.4732435836924,TX,San Patricio County,48409
48,411,,TX,San Saba County,48411
48,413,,TX,Schleicher County,48413
48,415,29.786214169303037,TX,Scurry County,48415
48,417,,TX,Shackelford County,48417
48,419,29.58874294439844,TX,Shelby County,48419
48,421,,TX,Sherman County,48421
48,423,36.216099112691545,TX,Smith County,48423
48,425,,TX,Somervell County,48425
48,427,91.91096889558138,TX,Starr County,48427
48,429,65.4752008866722,TX,Stephens County,48429
48,431,,TX,Sterling County,48431
48,433,,TX,Stonewall County,48433
48,435,,TX,Sutton County,48435
48,437,26.43551357918251,TX,Swisher County,48437
48,439,49.52743349322213,TX,Tarrant County,48439
48,441,34.37890702298019,TX,Taylor County,48441
48,443,,TX,Terrell County,48443
48,445,30.328600113638405,TX,Terry County,48445
48,447,,TX,Throckmorton County,48447
48,449,46.6936348642967,TX,Titus County,48449
48,451,41.36374642359567,TX,Tom Green County,48451
48,453,49.59591617419564,TX,Travis County,48453
48,455,60.326125141318464,TX,Trinity County,48455
48,457,60.807397090851545,TX,Tyler County,48457
48,459,32.25612080549378,TX,Upshur County,48459
48,461,,TX,Upton County,48461
48,463,,TX,Uvalde County,48463
48,465,57.124804481223514,TX,Val Verde County,48465
48,467,57.6119187553098,TX,Van Zandt County,48467
48,469,37.98545351714202,TX,Victoria County,48469
48,471,31.304211041797902,TX,Walker County,48471
48,473,54.149640608101315,TX,Waller County,48473
48,475,47.92656707550324,TX,Ward County,48475
48,477,40.1229441350481,TX,Washington County,48477
48,479,74.99835062349831,TX,Webb County,48479
48,481,30.177965561181825,TX,Wharton County,48481
48,483,59.16951609814809,TX,Wheeler County,48483
48,485,41.40643808730024,TX,Wichita County,48485
48,487,55.454491772301395,TX,Wilbarger County,48487
48,489,,TX,Willacy County,48489
48,491,38.61057125611435,TX,Williamson County,48491
48,493,40.54596165518806,TX,Wilson County,48493
48,495,70.5831648990684,TX,Winkler County,48495
48,497,45.649175085131446,TX,Wise County,48497
48,499,74.07683797160367,TX,Wood County,48499
48,501,,TX,Yoakum County,48501
48,503,,TX,Young County,48503
48,505,,TX,Zapata County,48505
48,507,,TX,Zavala County,48507
49,000,68.76048584979986,UT,Utah,49000
49,001,,UT,Beaver County,49001
49,003,,UT,Box Elder County,49003
49,005,85.25598169082461,UT,Cache County,49005
49,007,48.628501760856345,UT,Carbon County,49007
49,009,,UT,Daggett County,49009
49,011,57.136937977768284,UT,Davis County,49011
49,013,,UT,Duchesne County,49013
49,015,,UT,Emery County,49015
49,017,,UT,Garfield County,49017
49,019,,UT,Grand County,49019
49,021,74.79420619186953,UT,Iron County,49021
49,023,,UT,Juab County,49023
49,025,,UT,Kane County,49025
49,027,,UT,Millard County,49027
49,029,,UT,Morgan County,49029
49,031,,UT,Piute County,49031
49,033,,UT,Rich County,49033
49,035,63.335572972416834,UT,Salt Lake County,49035
49,037,,UT,San Juan County,49037
49,039,,UT,Sanpete County,49039
49,041,,UT,Sevier County,49041
49,043,82.03398032152268,UT,Summit County,49043
49,045,61.35461735691803,UT,Tooele County,49045
49,047,,UT,Uintah County,49047
49,049,75.78892529466732,UT,Utah County,49049
49,051,,UT,Wasatch County,49051
49,053,68.42140096419173,UT,Washington County,49053
49,055,,UT,Wayne County,49055
49,057,56.23781827504981,UT,Weber County,49057
50,000,62.757880931484465,VT,Vermont,50000
50,001,49.10401530034197,VT,Addison County,50001
50,003,89.90689675621184,VT,Bennington County,50003
50,005,52.0826084693338,VT,Caledonia County,50005
50,007,47.31113145680469,VT,Chittenden County,50007
50,009,,VT,Essex County,50009
50,011,,VT,Franklin County,50011
50,013,,VT,Grand Isle County,50013
50,015,73.17916115543798,VT,Lamoille County,50015
50,017,,VT,Orange County,50017
50,019,56.532861849218364,VT,Orleans County,50019
50,021,60.73672226319331,VT,Rutland County,50021
50,023,59.53782032765237,VT,Washington County,50023
50,025,54.793935050103535,VT,Windham County,50025
50,027,74.78445883441258,VT,Windsor County,50027
51,000,51.40915508912648,VA,Virginia,51000
51,001,36.07610137918243,VA,Accomack County,51001
51,003,48.32765317948454,VA,Albemarle County,51003
51,005,41.94644242133255,VA,Alleghany County,51005
51,007,20.51109668687594,VA,Amelia County,51007
51,009,28.22999113836549,VA,Amherst County,51009
51,011,20.658533432863525,VA,Appomattox County,51011
51,013,51.7585453164252,VA,Arlington County,51013
51,015,46.457042667632074,VA,Augusta County,51015
51,017,,VA,Bath County,51017
51,019,37.10632076118784,VA,Bedford County,51019
51,021,,VA,Bland County,51021
51,023,21.546543864605965,VA,Botetourt County,51023
51,025,27.90324510966536,VA,Brunswick County,51025
51,027,86.6784047268442,VA,Buchanan County,51027
51,029,23.50898215922787,VA,Buckingham County,51029
51,031,18.911600015298173,VA,Campbell County,51031
51,033,20.881857534464356,VA,Caroline County,51033
51,035,,VA,Carroll County,51035
51,036,19.435732650890035,VA,Charles City County,51036
51,037,7.965989838710684,VA,Charlotte County,51037
51,041,37.92441536303211,VA,Chesterfield County,51041
51,043,19.912540996407934,VA,Clarke County,51043
51,045,,VA,Craig County,51045
51,047,29.728166092871465,VA,Culpeper County,51047
51,049,14.61337621625518,VA,Cumberland County,51049
51,051,,VA,Dickenson County,51051
51,053,24.3029015186936,VA,Dinwiddie County,51053
51,057,31.254749192180466,VA,Essex County,51057
51,059,44.34287186921552,VA,Fairfax County,51059
51,061,28.638165532833625,VA,Fauquier County,51061
51,063,27.541252346846534,VA,Floyd County,51063
51,065,31.39393189315993,VA,Fluvanna County,51065
51,067,51.205466565381705,VA,Franklin County,51067
51,069,30.48816733830677,VA,Frederick County,51069
51,071,22.01503354503827,VA,Giles County,51071
51,073,34.05545520184046,VA,Gloucester County,51073
51,075,22.264585629484962,VA,Goochland County,51075
51,077,35.92488767548874,VA,Grayson County,51077
51,079,10.061780086726973,VA,Greene County,51079
51,081,33.77753162860609,VA,Greensville County,51081
51,083,30.533779553223766,VA,Halifax County,51083
51,085,29.661760057843665,VA,Hanover County,51085
51,087,56.16153330771413,VA,Henrico County,51087
51,089,22.62390913626144,VA,Henry County,51089
51,091,,VA,Highland County,51091
51,093,23.160228697196146,VA,Isle of Wight County,51093
51,095,39.41335188259037,VA,James City County,51095
51,097,10.215791234526597,VA,King and Queen County,51097
51,099,14.027469575828361,VA,King George County,51099
51,101,14.478850044917602,VA,King William County,51101
51,103,24.949091239725966,VA,Lancaster County,51103
51,105,,VA,Lee County,51105
51,107,31.552802560818577,VA,Loudoun County,51107
51,109,20.416834440571428,VA,Louisa County,51109
51,111,15.227039146200486,VA,Lunenburg County,51111
51,113,19.358029608829376,VA,Madison County,51113
51,115,26.91658321001224,VA,Mathews County,51115
51,117,27.7574076212918,VA,Mecklenburg County,51117
51,119,32.33977167918744,VA,Middlesex County,51119
51,121,42.981548298374584,VA,Montgomery County,51121
51,125,23.378855747521015,VA,Nelson County,51125
51,127,18.14254067910491,VA,New Kent County,51127
51,131,11.619303674138576,VA,Northampton County,51131
51,133,25.509045650734652,VA,Northumberland County,51133
51,135,24.803342445483487,VA,Nottoway County,51135
51,137,24.913728672223986,VA,Orange County,51137
51,139,35.463587487781034,VA,Page County,51139
51,141,27.825481112719274,VA,Patrick County,51141
51,143,19.026496020348898,VA,Pittsylvania County,51143
51,145,28.698885787446077,VA,Powhatan County,51145
51,147,18.633977342383485,VA,Prince Edward County,51147
51,149,23.517923223793982,VA,Prince George County,51149
51,153,42.49331118178835,VA,Prince William County,51153
51,155,49.85261887075479,VA,Pulaski County,51155
51,157,13.214153115736138,VA,Rappahannock County,51157
51,159,15.428325992017337,VA,Richmond County,51159
51,161,38.58887682553867,VA,Roanoke County,51161
51,163,60.95718044693418,VA,Rockbridge County,51163
51,165,43.98842621508734,VA,Rockingham County,51165
51,167,51.00542480727659,VA,Russell County,51167
51,169,67.19727686839866,VA,Scott County,51169
51,171,56.69819995771975,VA,Shenandoah County,51171
51,173,44.482201946146496,VA,Smyth County,51173
51,175,16.043271528262803,VA,Southampton County,51175
51,177,25.616333982607525,VA,Spotsylvania County,51177
51,179,32.603290926937376,VA,Stafford County,51179
51,181,0.41371644897296445,VA,Surry County,51181
51,183,24.470956522176508,VA,Sussex County,51183
51,185,68.56792797236767,VA,Tazewell County,51185
51,187,46.27732751766483,VA,Warren County,51187
51,191,65.70712666046744,VA,Washington County,51191
51,193,29.777777777777782,VA,Westmoreland County,51193
51,195,61.98259868210607,VA,Wise County,51195
51,197,44.44683835360334,VA,Wythe County,51197
51,199,30.10769424455556,VA,York County,51199
51,510,48.00821337957562,VA,Alexandria city,51510
51,520,36.4535790588664,VA,Bristol city,51520
51,530,,VA,Buena Vista city,51530
51,540,44.75366585695498,VA,Charlottesville city,51540
51,550,45.0887108904757,VA,Chesapeake city,51550
51,570,13.916604423342422,VA,Colonial Heights city,51570
51,580,37.429470717766975,VA,Covington city,51580
51,590,33.32838751432543,VA,Danville city,51590
51,595,54.92664324052319,VA,Emporia city,51595
51,600,47.96579228094607,VA,Fairfax city,51600
51,610,36.405840234644586,VA,Falls Church city,51610
51,620,79.61922690256922,VA,Franklin city,51620
51,630,24.06582611965664,VA,Fredericksburg city,51630
51,640,28.754993576437965,VA,Galax city,51640
51,650,33.19890204751333,VA,Hampton city,51650
51,660,22.572957341064185,VA,Harrisonburg city,51660
51,670,26.814493565854725,VA,Hopewell city,51670
51,678,7.351321585903083,VA,Lexington city,51678
51,680,38.968884562679115,VA,Lynchburg city,51680
51,683,15.106341994780175,VA,Manassas city,51683
51,685,34.651884903769506,VA,Manassas Park city,51685
51,690,34.356540058024024,VA,Martinsville city,51690
51,700,38.49661359746456,VA,Newport News city,51700
51,710,52.41603920973572,VA,Norfolk city,51710
51,720,,VA,Norton city,51720
51,730,21.691903197728138,VA,Petersburg city,51730
51,735,,VA,Poquoson city,51735
51,740,45.276606156459344,VA,Portsmouth city,51740
51,750,26.648266708587165,VA,Radford city,51750
51,760,58.36007934145847,VA,Richmond city,51760
51,770,56.840863248842496,VA,Roanoke city,51770
51,775,42.66477778586587,VA,Salem city,51775
51,790,31.718903005202293,VA,Staunton city,51790
51,800,37.5420029045625,VA,Suffolk city,51800
51,810,40.01578101717298,VA,Virginia Beach city,51810
51,820,26.155532499327876,VA,Waynesboro city,51820
51,830,23.01556401896364,VA,Williamsburg city,51830
51,840,23.615700744570155,VA,Winchester city,51840
53,000,59.257701779532766,WA,Washington,53000
53,001,,WA,Adams County,53001
53,003,,WA,Asotin County,53003
53,005,54.82527731555989,WA,Benton County,53005
53,007,86.52957528673208,WA,Chelan County,53007
53,009,69.30793757592129,WA,Clallam County,53009
53,011,48.63214961158033,WA,Clark County,53011
53,013,,WA,Columbia County,53013
53,015,67.21986363427294,WA,Cowlitz County,53015
53,017,72.41028959581887,WA,Douglas County,53017
53,019,,WA,Ferry County,53019
53,021,59.457949955909996,WA,Franklin County,53021
53,023,,WA,Garfield County,53023
53,025,70.26148205764163,WA,Grant County,53025
53,027,72.84777035963046,WA,Grays Harbor County,53027
53,029,56.58402198553997,WA,Island County,53029
53,031,,WA,Jefferson County,53031
53,033,54.60146135236703,WA,King County,53033
53,035,48.772141283595126,WA,Kitsap County,53035
53,037,68.021010526445,WA,Kittitas County,53037
53,039,,WA,Klickitat County,53039
53,041,75.83595855558798,WA,Lewis County,53041
53,043,,WA,Lincoln County,53043
53,045,60.55947235511625,WA,Mason County,53045
53,047,,WA,Okanogan County,53047
53,049,72.86966801300365,WA,Pacific County,53049
53,051,,WA,Pend Oreille County,53051
53,053,44.94120151448698,WA,Pierce County,53053
53,055,,WA,San Juan County,53055
53,057,59.33661355114099,WA,Skagit County,53057
53,059,,WA,Skamania County,53059
53,061,50.830664828673946,WA,Snohomish County,53061
53,063,56.440892472517724,WA,Spokane County,53063
53,065,,WA,Stevens County,53065
53,067,42.81820670452692,WA,Thurston County,53067
53,069,,WA,Wahkiakum County,53069
53,071,44.04246011506812,WA,Walla Walla County,53071
53,073,61.685888567399296,WA,Whatcom County,53073
53,075,44.048190334511325,WA,Whitman County,53075
53,077,65.88234417868827,WA,Yakima County,53077
54,000,62.7777403226904,WV,West Virginia,54000
54,001,,WV,Barbour County,54001
54,003,35.49721382935364,WV,Berkeley County,54003
54,005,,WV,Boone County,54005
54,007,39.388926729590345,WV,Braxton County,54007
54,009,,WV,Brooke County,54009
54,011,63.23489113011315,WV,Cabell County,54011
54,013,,WV,Calhoun County,54013
54,015,,WV,Clay County,54015
54,017,,WV,Doddridge County,54017
54,019,43.66046501869219,WV,Fayette County,54019
54,021,,WV,Gilmer County,54021
54,023,31.98357367968676,WV,Grant County,54023
54,025,48.676806081621336,WV,Greenbrier County,54025
54,027,56.92458331988336,WV,Hampshire County,54027
54,029,60.44791943485768,WV,Hancock County,54029
54,031,53.701409323215124,WV,Hardy County,54031
54,033,60.99044020828232,WV,Harrison County,54033
54,035,,WV,Jackson County,54035
54,037,37.54199017467962,WV,Jefferson County,54037
54,039,53.08707301212865,WV,Kanawha County,54039
54,041,,WV,Lewis County,54041
54,043,,WV,Lincoln County,54043
54,045,59.15230851526457,WV,Logan County,54045
54,047,45.49485237490329,WV,McDowell County,54047
54,049,62.1526714700514,WV,Marion County,54049
54,051,,WV,Marshall County,54051
54,053,83.89046027256363,WV,Mason County,54053
54,055,51.88606790963265,WV,Mercer County,54055
54,057,46.8095511155095,WV,Mineral County,54057
54,059,64.97769406084504,WV,Mingo County,54059
54,061,39.78020198197403,WV,Monongalia County,54061
54,063,43.94462972383949,WV,Monroe County,54063
54,065,,WV,Morgan County,54065
54,067,72.76287122681155,WV,Nicholas County,54067
54,069,47.4453741166,WV,Ohio County,54069
54,071,52.69813000890472,WV,Pendleton County,54071
54,073,,WV,Pleasants County,54073
54,075,,WV,Pocahontas County,54075
54,077,,WV,Preston County,54077
54,079,49.10978597219709,WV,Putnam County,54079
54,081,60.340364055561714,WV,Raleigh County,54081
54,083,72.50235425049225,WV,Randolph County,54083
54,085,,WV,Ritchie County,54085
54,087,,WV,Roane County,54087
54,089,43.08633733541254,WV,Summers County,54089
54,091,,WV,Taylor County,54091
54,093,,WV,Tucker County,54093
54,095,,WV,Tyler County,54095
54,097,,WV,Upshur County,54097
54,099,89.00503582374864,WV,Wayne County,54099
54,101,,WV,Webster County,54101
54,103,,WV,Wetzel County,54103
54,105,,WV,Wirt County,54105
54,107,57.25677248170592,WV,Wood County,54107
54,109,79.182131495228,WV,Wyoming County,54109
55,000,77.10418587024583,WI,Wisconsin,55000
55,001,,WI,Adams County,55001
55,003,,WI,Ashland County,55003
55,005,68.20834905774757,WI,Barron County,55005
55,007,,WI,Bayfield County,55007
55,009,58.556422562510335,WI,Brown County,55009
55,011,,WI,Buffalo County,55011
55,013,,WI,Burnett County,55013
55,015,54.7430155162681,WI,Calumet County,55015
55,017,61.617835230814656,WI,Chippewa County,55017
55,019,58.50150912433912,WI,Clark County,55019
55,021,58.676962386803446,WI,Columbia County,55021
55,023,,WI,Crawford County,55023
55,025,54.58213199572937,WI,Dane County,55025
55,027,69.72961979390698,WI,Dodge County,55027
55,029,,WI,Door County,55029
55,031,74.2765228376739,WI,Douglas County,55031
55,033,51.92171125155623,WI,Dunn County,55033
55,035,58.65837084785996,WI,Eau Claire County,55035
55,037,,WI,Florence County,55037
55,039,66.37759204526317,WI,Fond du Lac County,55039
55,041,,WI,Forest County,55041
55,043,63.70025476711583,WI,Grant County,55043
55,045,54.9288931298225,WI,Green County,55045
55,047,,WI,Green Lake County,55047
55,049,,WI,Iowa County,55049
55,051,,WI,Iron County,55051
55,053,,WI,Jackson County,55053
55,055,69.88692864023821,WI,Jefferson County,55055
55,057,,WI,Juneau County,55057
55,059,49.554438313450525,WI,Kenosha County,55059
55,061,,WI,Kewaunee County,55061
55,063,63.260190594592736,WI,La Crosse County,55063
55,065,,WI,Lafayette County,55065
55,067,,WI,Langlade County,55067
55,069,70.40735864696745,WI,Lincoln County,55069
55,071,71.87196286959262,WI,Manitowoc County,55071
55,073,76.69766610402978,WI,Marathon County,55073
55,075,,WI,Marinette County,55075
55,077,,WI,Marquette County,55077
55,078,,WI,Menominee County,55078
55,079,74.96058941657573,WI,Milwaukee County,55079
55,081,52.09395542728876,WI,Monroe County,55081
55,083,,WI,Oconto County,55083
55,085,,WI,Oneida County,55085
55,087,51.1187685145336,WI,Outagamie County,55087
55,089,45.03614926356077,WI,Ozaukee County,55089
55,091,,WI,Pepin County,55091
55,093,71.4643431083486,WI,Pierce County,55093
55,095,,WI,Polk County,55095
55,097,86.24945291252664,WI,Portage County,55097
55,099,,WI,Price County,55099
55,101,58.32635396379492,WI,Racine County,55101
55,103,,WI,Richland County,55103
55,105,63.34146557292235,WI,Rock County,55105
55,107,53.5907386186061,WI,Rusk County,55107
55,109,75.68953497346821,WI,St. Croix County,55109
55,111,64.77969408050062,WI,Sauk County,55111
55,113,,WI,Sawyer County,55113
55,115,,WI,Shawano County,55115
55,117,57.39430209895783,WI,Sheboygan County,55117
55,119,,WI,Taylor County,55119
55,121,70.93223278767624,WI,Trempealeau County,55121
55,123,,WI,Vernon County,55123
55,125,,WI,Vilas County,55125
55,127,53.195017736353186,WI,Walworth County,55127
55,129,,WI,Washburn County,55129
55,131,68.98848446368918,WI,Washington County,55131
55,133,59.76141553273888,WI,Waukesha County,55133
55,135,69.36156904440473,WI,Waupaca County,55135
55,137,54.834234014816815,WI,Waushara County,55137
55,139,57.628411063999486,WI,Winnebago County,55139
55,141,59.81944628232838,WI,Wood County,55141
56,000,71.78834934004713,WY,Wyoming,56000
56,001,71.88527231711247,WY,Albany County,56001
56,003,,WY,Big Horn County,56003
56,005,,WY,Campbell County,56005
56,007,,WY,Carbon County,56007
56,009,,WY,Converse County,56009
56,011,,WY,Crook County,56011
56,013,67.26675732365501,WY,Fremont County,56013
56,015,,WY,Goshen County,56015
56,017,,WY,Hot Springs County,56017
56,019,,WY,Johnson County,56019
56,021,52.29202672283195,WY,Laramie County,56021
56,023,,WY,Lincoln County,56023
56,025,73.12242437834655,WY,Natrona County,56025
56,027,,WY,Niobrara County,56027
56,029,,WY,Park County,56029
56,031,,WY,Platte County,56031
56,033,76.33129157996542,WY,Sheridan County,56033
56,035,,WY,Sublette County,56035
56,037,72.56941114688219,WY,Sweetwater County,56037
56,039,,WY,Teton County,56039
56,041,,WY,Uinta County,56041
56,043,,WY,Washakie County,56043
56,045,,WY,Weston County,56045
