statecode,countycode,v149_flag_CT,v149_numerator,v149_denominator,v149_rawvalue,v149_cilow,v149_cihigh
00,000,,1215928,17593720,0.0691114784138886,0.06841690119595267,0.06980605563182452
01,000,,21029,276561,0.0760374745535343,0.07046742801240086,0.08160752109466773
01,001,,,,,,
01,003,,915,10758,0.08505298382598996,0.04542156614085686,0.12468440151112306
01,005,,,,,,
01,007,,,,,,
01,009,,,,,,
01,011,,,,,,
01,013,,,,,,
01,015,,433,7364,0.05879956545355785,0.02521090329947341,0.09238822760764229
01,017,,,,,,
01,019,,,,,,
01,021,,366,1985,0.18438287153652394,0.0645356573098073,0.30423008576324057
01,023,,,,,,
01,025,,288,1103,0.2611060743427017,0.09466795943749737,0.42754418924790605
01,027,,,,,,
01,029,,,,,,
01,031,,236,2872,0.08217270194986072,0.027224398614648225,0.1371210052850732
01,033,,,,,,
01,035,,,,,,
01,037,,,,,,
01,039,,,,,,
01,041,,,,,,
01,043,,404,4452,0.09074573225516622,0.04264341078420728,0.13884805372612516
01,045,,207,2447,0.08459337964854924,0.04128272341710867,0.1279040358799898
01,047,,304,1836,0.1655773420479303,0.08076628791104486,0.25038839618481573
01,049,,277,3602,0.07690172126596335,0.03357553944193247,0.12022790308999423
01,051,,453,4180,0.10837320574162679,0.05440242776780514,0.16234398371544845
01,053,,530,1955,0.2710997442455243,0.10092738039134636,0.44127210809970224
01,055,,311,4551,0.06833662931223906,0.03628316674930722,0.10039009187517091
01,057,,,,,,
01,059,,,,,,
01,061,,,,,,
01,063,,,,,,
01,065,,,,,,
01,067,,,,,,
01,069,,322,5025,0.06407960199004975,0.04479940678592266,0.08335979719417684
01,071,,,,,,
01,073,,2921,35930,0.08129696632340662,0.06595228945529234,0.0966416431915209
01,075,,,,,,
01,077,,,,,,
01,079,,,,,,
01,081,,441,14181,0.03109794795853607,0.013749260029667941,0.0484466358874042
01,083,,451,5517,0.081747326445532,0.02759076962675673,0.13590388326430725
01,085,,,,,,
01,087,,,,,,
01,089,,757,21666,0.03493953660112619,0.02106667026006588,0.0488124029421865
01,091,,,,,,
01,093,,,,,,
01,095,,483,5139,0.09398715703444249,0.06160660833470168,0.1263677057341833
01,097,,1772,20317,0.0872176010237732,0.0670572449883365,0.1073779570592099
01,099,,,,,,
01,101,,1071,12606,0.08495954307472632,0.05670483191422358,0.11321425423522906
01,103,,776,6049,0.12828566705240535,0.08052734473321527,0.17604398937159543
01,105,,,,,,
01,107,,,,,,
01,109,,,,,,
01,111,,,,,,
01,113,,,,,,
01,115,,502,4729,0.10615352082892789,0.05870732261410787,0.15359971904374792
01,117,,556,12377,0.04492203280277935,0.02741827512243927,0.06242579048311943
01,119,,,,,,
01,121,,212,3218,0.06587942821628341,0.02315048426906964,0.10860837216349718
01,123,,,,,,
01,125,,778,21739,0.03578821472928838,0.021925284367612763,0.049651145090963994
01,127,,256,3209,0.07977563103770645,0.038679484586652,0.1208717774887609
01,129,,,,,,
01,131,,,,,,
01,133,,,,,,
02,000,,3873,36372,0.10648300890795118,0.09195379468851031,0.12101222312739204
02,013,,,,,,
02,016,,,,,,
02,020,,1158,13728,0.08435314685314685,0.05804717821348183,0.11065911549281188
02,050,,233,1174,0.19846678023850084,0.15225091389796952,0.24468264657903216
02,060,,,,,,
02,063,,,,,,
02,066,,,,,,
02,068,,,,,,
02,070,,47,259,0.18146718146718147,0.08440288678059595,0.278531476153767
02,090,,471,4446,0.10593792172739541,0.05070286904026782,0.161172974414523
02,100,,,,,,
02,105,,,,,,
02,110,,142,1581,0.08981657179000632,0.0337386528586379,0.14589449072137475
02,122,,288,2739,0.10514786418400876,0.0585404219347344,0.1517553064332831
02,130,,,,,,
02,150,,,,,,
02,158,,162,566,0.2862190812720848,0.21899990943358305,0.3534382531105865
02,164,,,,,,
02,170,,635,6250,0.1016,0.07459065130971691,0.12860934869028307
02,180,,141,637,0.22135007849293564,0.15087074601762207,0.2918294109682492
02,185,,141,691,0.2040520984081042,0.0991583024004859,0.3089458944157225
02,188,,96,523,0.1835564053537285,0.1195111779815053,0.2476016327259517
02,195,,,,,,
02,198,,,,,,
02,220,,,,,,
02,230,,,,,,
02,240,,,,,,
02,275,,,,,,
02,282,,,,,,
02,290,,,,,,
04,000,,31727,387899,0.08179190974970289,0.07654998377900744,0.08703383572039834
04,001,,740,4234,0.1747756258856873,0.13679553737923492,0.21275571439213967
04,003,,446,6024,0.07403718459495352,0.03944270831545871,0.10863166087444834
04,005,,404,13500,0.029925925925925925,0.018860348878249993,0.04099150297360186
04,007,,254,1932,0.13146997929606624,0.05084191067509511,0.21209804791703737
04,009,,282,2301,0.12255541069100391,0.052537584026033604,0.1925732373559742
04,011,,,,,,
04,012,,,,,,
04,013,,18134,241878,0.07497167993781989,0.06857438547193152,0.08136897440370826
04,015,,1149,7601,0.15116432048414682,0.09947710628550949,0.20285153468278416
04,017,,874,5629,0.15526736542902825,0.11374184804190267,0.1967928828161538
04,019,,4214,57033,0.07388704784949064,0.061239251497774774,0.08653484420120651
04,021,,2463,21834,0.1128057158560044,0.08913919325264547,0.13647223845936332
04,023,,,,,,
04,025,,874,10132,0.08626135017765496,0.05942697023905991,0.11309573011625002
04,027,,1472,11956,0.12311809969889595,0.08591646870828683,0.16031973068950506
05,000,,15991,166614,0.09597632851981226,0.08747859772736724,0.10447405931225728
05,001,,,,,,
05,003,,,,,,
05,005,,236,1891,0.12480169222633528,0.053433112936784405,0.19617027151588615
05,007,,1234,16098,0.0766554851534352,0.05157251577804284,0.10173845452882757
05,009,,,,,,
05,011,,,,,,
05,013,,,,,,
05,015,,,,,,
05,017,,,,,,
05,019,,,,,,
05,021,,,,,,
05,023,,,,,,
05,025,,,,,,
05,027,,,,,,
05,029,,,,,,
05,031,,409,6930,0.05901875901875902,0.02638070386936444,0.0916568141681536
05,033,,287,2835,0.10123456790123457,0.03773117112341566,0.1647379646790535
05,035,,358,2544,0.14072327044025157,0.07729379068740906,0.2041527501930941
05,037,,,,,,
05,039,,,,,,
05,041,,,,,,
05,043,,,,,,
05,045,,605,7848,0.07708970438328236,0.047286459898580074,0.10689294886798464
05,047,,,,,,
05,049,,,,,,
05,051,,509,4702,0.10825180774138664,0.058083674699133676,0.1584199407836396
05,053,,,,,,
05,055,,,,,,
05,057,,,,,,
05,059,,,,,,
05,061,,,,,,
05,063,,,,,,
05,065,,,,,,
05,067,,,,,,
05,069,,575,3892,0.14773895169578624,0.07944870145960845,0.21602920193196404
05,071,,,,,,
05,073,,,,,,
05,075,,,,,,
05,077,,,,,,
05,079,,,,,,
05,081,,,,,,
05,083,,,,,,
05,085,,328,4284,0.0765639589169001,0.03605377377839268,0.11707414405540752
05,087,,,,,,
05,089,,,,,,
05,091,,459,2481,0.18500604594921402,0.07643859618416073,0.29357349571426733
05,093,,137,1936,0.07076446280991736,0.023508719954080846,0.11802020566575386
05,095,,,,,,
05,097,,,,,,
05,099,,,,,,
05,101,,,,,,
05,103,,,,,,
05,105,,,,,,
05,107,,,,,,
05,109,,,,,,
05,111,,,,,,
05,113,,,,,,
05,115,,240,4460,0.053811659192825115,0.02314670982619675,0.08447660855945348
05,117,,,,,,
05,119,,2665,19240,0.13851351351351351,0.10074509870155288,0.17628192832547415
05,121,,,,,,
05,123,,,,,,
05,125,,867,6207,0.13968100531657807,0.08953171685867178,0.18983029377448435
05,127,,,,,,
05,129,,,,,,
05,131,,771,6828,0.11291739894551846,0.06520510003427979,0.16062969785675713
05,133,,,,,,
05,135,,131,789,0.16603295310519645,0.06290351724892801,0.2691623889614649
05,137,,,,,,
05,139,,,,,,
05,141,,,,,,
05,143,,1259,18986,0.06631201938270305,0.04744212013550686,0.08518191862989924
05,145,,266,4927,0.05398822813070834,0.02678765512127757,0.08118880114013911
05,147,,,,,,
05,149,,,,,,
06,000,,138353,2078726,0.06655663132129969,0.06471465190108443,0.06839861074151495
06,001,,4068,78203,0.052018464764778845,0.04386128426275815,0.06017564526679954
06,003,,,,,,
06,005,,,,,,
06,007,,958,12240,0.07826797385620915,0.05153722499396578,0.10499872271845252
06,009,,,,,,
06,011,,,,,,
06,013,,3461,59920,0.05776034712950601,0.047487633064841196,0.06803306119417082
06,015,,,,,,
06,017,,688,8732,0.0787906550618415,0.04264365088904908,0.11493765923463392
06,019,,5333,62782,0.08494472938103279,0.07208327403494895,0.09780618472711662
06,021,,206,1641,0.125533211456429,0.04424172223404965,0.20682470067880837
06,023,,834,7429,0.11226275407188047,0.06232991664782264,0.1621955914959383
06,025,,753,11005,0.0684234438891413,0.03859774348601894,0.09824914429226367
06,027,,,,,,
06,029,,6879,57277,0.12010056392618329,0.10299476509178221,0.13720636276058437
06,031,,1121,8969,0.12498606310625487,0.085385089128128,0.16458703708438174
06,033,,394,2702,0.14581791265729088,0.0720924900711309,0.21954333524345088
06,035,,,,,,
06,037,,33961,488187,0.06956555582184695,0.06610231957799464,0.07302879206569926
06,039,,960,10081,0.09522864795159211,0.06268113262032154,0.12777616328286268
06,041,,469,12509,0.03749300503637381,0.016021692875244735,0.058964317197502884
06,043,,,,,,
06,045,,490,4035,0.12143742255266418,0.06904514719158633,0.17382969791374203
06,047,,2133,21852,0.09761120263591433,0.07196080653732834,0.12326159873450032
06,049,,,,,,
06,051,,,,,,
06,053,,1868,26253,0.07115377290214452,0.054346892480132705,0.08796065332415633
06,055,,221,7056,0.03132086167800453,0.01060363222622987,0.052038091129779196
06,057,,365,3733,0.0977765871952853,0.04783061426238315,0.14772256012818746
06,059,,7917,167303,0.04732132717285404,0.04152449837474764,0.05311815597096044
06,061,,1332,20142,0.06613047363717604,0.047830593178745204,0.08443035409560688
06,063,,,,,,
06,065,,11593,144039,0.08048514638396545,0.07323253746407672,0.08773775530385418
06,067,,5290,77947,0.0678666273236943,0.0588725314109804,0.0768607232364082
06,069,,,,,,
06,071,,10671,127660,0.0835892213692621,0.07543592682552316,0.09174251591300103
06,073,,8298,169876,0.048847394570157056,0.043690987428446085,0.05400380171186803
06,075,,780,26361,0.029589165813133037,0.02141815384488559,0.03776017778138048
06,077,,4456,47143,0.09452092569416456,0.08009295564892853,0.1089488957394006
06,079,,390,19854,0.01964339679661529,0.008580883308118799,0.030705910285111784
06,081,,1677,33033,0.05076741440377804,0.03786650173082873,0.06366832707672736
06,083,,2001,31994,0.06254297680815153,0.044632076418138975,0.08045387719816409
06,085,,3472,96572,0.035952449985503045,0.029233708506437573,0.04267119146456851
06,087,,412,18823,0.02188811560325134,0.012766278207228605,0.031009952999274077
06,089,,753,8405,0.08958953004164188,0.059719771590912504,0.11945928849237127
06,091,,,,,,
06,093,,,,,,
06,095,,1457,21605,0.0674380930340199,0.04725327078757399,0.08762291528046581
06,097,,1727,23143,0.07462299615434473,0.053996424680100893,0.09524956762858856
06,099,,2451,32919,0.07445548163674473,0.058728389760376476,0.09018257351311298
06,101,,364,5651,0.06441337816315697,0.03167442174918894,0.097152334577125
06,103,,,,,,
06,105,,,,,,
06,107,,2860,31343,0.09124844462878473,0.07552394276639415,0.10697294649117531
06,109,,,,,,
06,111,,2576,44450,0.05795275590551181,0.048385990844858395,0.06751952096616523
06,113,,944,20039,0.04710813912869904,0.027389184472894967,0.0668270937845031
06,115,,432,4480,0.09642857142857143,0.049178704736823425,0.14367843812031944
08,000,,19837,300799,0.06594769264525481,0.06116458629673246,0.07073079899377716
08,001,,3016,28877,0.10444298230425599,0.08294825951677444,0.12593770509173752
08,003,,,,,,
08,005,,2219,32988,0.06726688492785256,0.05085836137324274,0.08367540848246238
08,007,,,,,,
08,009,,,,,,
08,011,,,,,,
08,013,,1329,24918,0.05333493859860342,0.031676927501356256,0.07499294969585059
08,014,,258,3695,0.06982408660351827,0.02677265614752186,0.11287551705951468
08,015,,,,,,
08,017,,,,,,
08,019,,,,,,
08,021,,,,,,
08,023,,,,,,
08,025,,,,,,
08,027,,,,,,
08,029,,,,,,
08,031,,2317,27672,0.0837308470656259,0.06464945820579257,0.10281223592545924
08,033,,,,,,
08,035,,569,20998,0.027097818839889515,0.014929899594382916,0.039265738085396115
08,037,,,,,,
08,039,,,,,,
08,041,,2478,39272,0.06309839071093909,0.051083610685386784,0.0751131707364914
08,043,,,,,,
08,045,,,,,,
08,047,,,,,,
08,049,,,,,,
08,051,,,,,,
08,053,,,,,,
08,055,,,,,,
08,057,,,,,,
08,059,,1561,25985,0.06007311910717722,0.04585946901684722,0.07428676919750722
08,061,,,,,,
08,063,,,,,,
08,065,,,,,,
08,067,,,,,,
08,069,,1181,23626,0.04998730212477779,0.0311679976860548,0.06880660656350078
08,071,,,,,,
08,073,,,,,,
08,075,,,,,,
08,077,,420,8731,0.04810445538884435,0.027579615248752014,0.06862929552893668
08,079,,,,,,
08,081,,,,,,
08,083,,,,,,
08,085,,,,,,
08,087,,,,,,
08,089,,,,,,
08,091,,,,,,
08,093,,,,,,
08,095,,,,,,
08,097,,,,,,
08,099,,,,,,
08,101,,858,8208,0.10453216374269006,0.07693169645622397,0.13213263102915615
08,103,,,,,,
08,105,,,,,,
08,107,,,,,,
08,109,,,,,,
08,111,,,,,,
08,113,,,,,,
08,115,,,,,,
08,117,,,,,,
08,119,,,,,,
08,121,,,,,,
08,123,,1334,19795,0.06739075524122252,0.04927208721906912,0.08550942326337593
08,125,,,,,,
09,000,,9774,192192,0.05085539460539461,0.045572968784810916,0.0561378204259783
09,001,U,,,,,
09,003,U,,,,,
09,005,U,,,,,
09,007,U,,,,,
09,009,U,,,,,
09,011,U,,,,,
09,013,U,,,,,
09,015,U,,,,,
09,110,A,2211,53444,0.041370406406706084,0.03307322822928781,0.04966758458412436
09,120,A,1001,20805,0.048113434270608026,0.032398968379711145,0.06382790016150491
09,130,A,302,8671,0.03482873947641564,0.013816828670701477,0.055840650282129804
09,140,A,1506,21932,0.06866678825460515,0.04856689619187993,0.08876668031733037
09,150,A,315,4231,0.07445048451902624,0.03885497933034031,0.11004598970771216
09,160,A,271,4799,0.056470097937070224,0.027339168038714348,0.0856010278354261
09,170,A,1682,32833,0.05122894648676636,0.03827699851414811,0.0641808944593846
09,180,A,987,14163,0.06968862529125186,0.04828326195571967,0.09109398862678406
09,190,A,1499,31314,0.04786996231717443,0.03336063288647349,0.06237929174787536
10,000,,2855,52350,0.05453677172874881,0.044249164909030116,0.0648243785484675
10,001,,604,10937,0.05522538173173631,0.03373890125601309,0.07671186220745953
10,003,,1349,31673,0.04259148170365927,0.030155164160220894,0.05502779924709765
10,005,,902,9740,0.09260780287474332,0.06156325665395773,0.12365234909552891
11,000,,1546,29820,0.051844399731723674,0.03793518647580943,0.06575361298763792
11,001,,1546,29820,0.051844399731723674,0.03793518647580943,0.06575361298763792
12,000,,73996,1037269,0.07133732908242703,0.06821071925892626,0.0744639389059278
12,001,,559,23081,0.024219054633681382,0.012404302019966802,0.036033807247395966
12,003,,,,,,
12,005,,505,7873,0.06414327448240822,0.04078567304395886,0.08750087592085759
12,007,,,,,,
12,009,,2224,27046,0.08223027434740812,0.06199539035501937,0.10246515833979687
12,011,,5814,88322,0.06582731369307761,0.05484831388191613,0.07680631350423908
12,013,,,,,,
12,015,,911,6132,0.1485649054142205,0.08553197838239772,0.21159783244604324
12,017,,640,5405,0.11840888066604996,0.06665686332026229,0.17016089801183765
12,019,,556,12097,0.04596180871290403,0.026506967692610028,0.06541664973319802
12,021,,1340,15007,0.08929166389018459,0.060763262235448506,0.11782006554492067
12,023,,463,3287,0.14085792515972012,0.08011202536901305,0.2016038249504272
12,027,,,,,,
12,029,,,,,,
12,031,,5021,49489,0.10145688940976783,0.08234632748095139,0.12056745133858426
12,033,,1965,18745,0.10482795412109897,0.07646044014397624,0.1331954680982217
12,035,,417,4593,0.09079033311561072,0.04523134168716377,0.13634932454405765
12,037,,,,,,
12,039,,283,1971,0.14358193810248604,0.0539642170076248,0.23319965919734728
12,041,,,,,,
12,043,,,,,,
12,045,,,,,,
12,047,,,,,,
12,049,,,,,,
12,051,,475,2507,0.18946948544076586,0.08176856214323931,0.2971704087382924
12,053,,614,8642,0.07104836843323305,0.04440146346360086,0.09769527340286524
12,055,,344,3799,0.09055014477494078,0.04448778125873514,0.1366125082911464
12,057,,4723,79808,0.05917953087409784,0.04943667389409873,0.06892238785409693
12,059,,,,,,
12,061,,434,5639,0.07696400070934563,0.03667708053567699,0.11725092088301427
12,063,,258,2390,0.10794979079497909,0.03827634505877521,0.17762323653118295
12,065,,,,,,
12,067,,,,,,
12,069,,1242,17141,0.07245784960037337,0.04700755173579856,0.09790814746494816
12,071,,2347,34504,0.06802109900301415,0.05528128298951448,0.08076091501651382
12,073,,564,25542,0.022081277895231382,0.011555376328495667,0.0326071794619671
12,075,,326,1573,0.20724729815638906,0.07380097151310461,0.3406936247996735
12,077,,,,,,
12,079,,316,1089,0.29017447199265384,0.1136390930580167,0.466709850927291
12,081,,1256,16535,0.07596008466888418,0.05171439290651082,0.10020577643125754
12,083,,1969,16277,0.12096823739018246,0.09165403064565322,0.1502824441347117
12,085,,422,5944,0.07099596231493943,0.02698728515352468,0.11500463947635418
12,086,,9511,128835,0.07382310707494082,0.06473171384659598,0.08291450030328565
12,087,,,,,,
12,089,,320,3757,0.08517434122970455,0.03278908531366897,0.13755959714574012
12,091,,491,9625,0.05101298701298701,0.02695971983356989,0.07506625419240413
12,093,,,,,,
12,095,,3487,78908,0.04419070309727784,0.03569673329218965,0.05268467290236604
12,097,,1524,24586,0.06198649638005369,0.03921572091793299,0.0847572718421744
12,099,,4698,67073,0.07004308738240425,0.057550994087194905,0.08253518067761359
12,101,,1944,27734,0.07009446888295955,0.05383875673544507,0.08635018103047402
12,103,,2580,34679,0.07439660889875717,0.05960930721374243,0.08918391058377191
12,105,,4073,39976,0.10188613167900741,0.08443503621951645,0.11933722713849837
12,107,,543,3258,0.16666666666666666,0.09752618578183099,0.23580714755150234
12,109,,626,14560,0.042994505494505494,0.02327433580109999,0.062714675187911
12,111,,1292,16009,0.08070460366044101,0.0516197832341815,0.1097894240867005
12,113,,544,9329,0.05831278808018008,0.03344758470182204,0.08317799145853813
12,115,,805,15375,0.052357723577235775,0.0318424530365223,0.07287299411794926
12,117,,814,22768,0.035751932536893884,0.02211103125269238,0.04939283382109538
12,119,,,,,,
12,121,,,,,,
12,123,,,,,,
12,125,,,,,,
12,127,,1813,25484,0.07114267775859363,0.05358831846094037,0.0886970370562469
12,129,,312,1678,0.18593563766388557,0.08504887777091702,0.2868223975568541
12,131,,,,,,
12,133,,,,,,
13,000,,46978,612531,0.07669489380945617,0.07235864585683649,0.08103114176207585
13,001,,,,,,
13,003,,,,,,
13,005,,,,,,
13,007,,,,,,
13,009,,,,,,
13,011,,,,,,
13,013,,578,4505,0.12830188679245283,0.07979851072646583,0.17680526285843984
13,015,,407,5863,0.06941838649155722,0.0340735314907492,0.10476324149236524
13,017,,,,,,
13,019,,,,,,
13,021,,723,8348,0.08660757067561092,0.05196198993414166,0.12125315141708018
13,023,,,,,,
13,025,,,,,,
13,027,,,,,,
13,029,,,,,,
13,031,,321,8587,0.03738208920461162,0.01219968922752826,0.06256448918169498
13,033,,,,,,
13,035,,253,1254,0.20175438596491227,0.06572971427936877,0.3377790576504558
13,037,,,,,,
13,039,,,,,,
13,043,,,,,,
13,045,,727,8359,0.08697212585237468,0.048793616925561965,0.1251506347791874
13,047,,210,3584,0.05859375,0.020296229878144653,0.09689127012185535
13,049,,628,1818,0.34543454345434543,0.16805321776975804,0.5228158691389329
13,051,,1179,16353,0.0720968629609246,0.03976822702018735,0.10442549890166186
13,053,,,,,,
13,055,,246,1128,0.21808510638297873,0.0882197904170019,0.34795042234895557
13,057,,967,14789,0.06538643586449389,0.03895423497838279,0.09181863675060498
13,059,,383,12145,0.0315356113627007,0.012167353877541774,0.05090386884785963
13,061,,,,,,
13,063,,2067,17550,0.11777777777777777,0.08465712086009813,0.1508984346954574
13,065,,,,,,
13,067,,1581,41977,0.03766348238320985,0.02739183428995688,0.04793513047646282
13,069,,,,,,
13,071,,212,2612,0.08116385911179173,0.029766334914391783,0.13256138330919168
13,073,,629,8649,0.07272517053994682,0.037203663136788204,0.10824667794310543
13,075,,,,,,
13,077,,384,7832,0.049029622063329927,0.024691279029995624,0.07336796509666423
13,079,,,,,,
13,081,,,,,,
13,083,,,,,,
13,085,,,,,,
13,087,,,,,,
13,089,,2774,37287,0.0743959020570172,0.05503642373247876,0.09375538038155563
13,091,,,,,,
13,093,,,,,,
13,095,,838,5083,0.16486326972260476,0.10364584609318127,0.22608069335202824
13,097,,1027,8881,0.11564013061592163,0.07286390869856359,0.15841635253327968
13,099,,,,,,
13,101,,,,,,
13,103,,,,,,
13,105,,,,,,
13,107,,,,,,
13,109,,,,,,
13,111,,,,,,
13,113,,,,,,
13,115,,477,6283,0.07591914690434506,0.037264362156567074,0.11457393165212305
13,117,,648,15593,0.04155710895914833,0.023007020723109662,0.06010719719518701
13,119,,,,,,
13,121,,3720,57235,0.06499519524766315,0.048306083156390414,0.08168430733893588
13,123,,,,,,
13,125,,,,,,
13,127,,412,4154,0.0991815117958594,0.042898712843628305,0.1554643107480905
13,129,,441,2790,0.15806451612903225,0.07676267754387568,0.23936635471418882
13,131,,,,,,
13,133,,,,,,
13,135,,3370,59152,0.056971869083040305,0.04534200442615856,0.06860173373992205
13,137,,198,2645,0.07485822306238185,0.023542526100145247,0.12617392002461847
13,139,,1175,11531,0.10189922816754834,0.06321131497639043,0.14058714135870626
13,141,,,,,,
13,143,,383,1606,0.23848069738480698,0.10286603541643569,0.3740953593531783
13,145,,,,,,
13,147,,,,,,
13,149,,,,,,
13,151,,1094,15438,0.07086410156756057,0.04391123412363362,0.09781696901148751
13,153,,636,9545,0.06663174436877947,0.03512116642646111,0.09814232231109783
13,155,,,,,,
13,157,,,,,,
13,159,,,,,,
13,161,,,,,,
13,163,,,,,,
13,165,,,,,,
13,167,,,,,,
13,169,,,,,,
13,171,,,,,,
13,173,,,,,,
13,175,,408,2395,0.17035490605427975,0.07856910592705167,0.2621407061815078
13,177,,,,,,
13,179,,,,,,
13,181,,,,,,
13,183,,,,,,
13,185,,478,7954,0.06009554940910234,0.029570639135846646,0.09062045968235803
13,187,,,,,,
13,189,,,,,,
13,191,,144,293,0.49146757679180886,0.2714613661429109,0.7114737874407069
13,193,,,,,,
13,195,,,,,,
13,197,,,,,,
13,199,,,,,,
13,201,,,,,,
13,205,,,,,,
13,207,,,,,,
13,209,,,,,,
13,211,,,,,,
13,213,,,,,,
13,215,,1544,10366,0.14894848543314682,0.11332163439840365,0.18457533646788998
13,217,,705,7126,0.09893348301992702,0.05218274839483195,0.1456842176450221
13,219,,,,,,
13,221,,,,,,
13,223,,958,10308,0.09293752425300737,0.05980880480528457,0.12606624370073016
13,225,,290,2045,0.14180929095354522,0.07492599824820542,0.20869258365888502
13,227,,,,,,
13,229,,145,1121,0.12934879571810884,0.04974363946870558,0.2089539519675121
13,231,,188,1111,0.1692169216921692,0.09277145436588365,0.24566238901845477
13,233,,,,,,
13,235,,,,,,
13,237,,,,,,
13,239,,,,,,
13,241,,,,,,
13,243,,,,,,
13,245,,1149,11456,0.10029678770949721,0.06993401837791072,0.1306595570410837
13,247,,572,5858,0.09764424718333903,0.04985526329447438,0.14543323107220368
13,249,,,,,,
13,251,,,,,,
13,253,,,,,,
13,255,,,,,,
13,257,,,,,,
13,259,,,,,,
13,261,,,,,,
13,263,,,,,,
13,265,,,,,,
13,267,,,,,,
13,269,,,,,,
13,271,,,,,,
13,273,,,,,,
13,275,,,,,,
13,277,,,,,,
13,279,,,,,,
13,281,,,,,,
13,283,,,,,,
13,285,,,,,,
13,287,,,,,,
13,289,,,,,,
13,291,,,,,,
13,293,,,,,,
13,295,,257,3005,0.08552412645590682,0.02925554057502143,0.1417927123367922
13,297,,171,5845,0.029255774165953808,0.009994580356578346,0.04851696797532927
13,299,,,,,,
13,301,,,,,,
13,303,,,,,,
13,305,,,,,,
13,307,,,,,,
13,309,,186,880,0.21136363636363636,0.10041533519131846,0.3223119375359543
13,311,,,,,,
13,313,,673,5870,0.11465076660988074,0.06831803724475377,0.16098349597500772
13,315,,,,,,
13,317,,,,,,
13,319,,,,,,
13,321,,,,,,
15,000,,4896,60962,0.08031232571109871,0.07036020567257464,0.09026444574962278
15,001,,966,8609,0.11220815425717273,0.08067171711242152,0.14374459140192394
15,003,,3217,42583,0.07554657962097551,0.06415599962639938,0.08693715961555164
15,005,,,,,,
15,007,,,,,,
15,009,,559,6755,0.08275351591413768,0.05239110270210244,0.11311592912617292
16,000,,8539,117657,0.07257536738145627,0.0650370400254604,0.08011369473745214
16,001,,1521,27989,0.0543427775197399,0.042944889772441604,0.0657406652670382
16,003,,,,,,
16,005,,499,5529,0.0902514017001266,0.05279569215049435,0.12770711124975886
16,007,,,,,,
16,009,,,,,,
16,011,,204,3200,0.06375,0.024624346590982678,0.10287565340901733
16,013,,,,,,
16,015,,,,,,
16,017,,203,2270,0.08942731277533039,0.03707374190740315,0.14178088364325764
16,019,,709,7388,0.09596643205197618,0.059158402741747,0.13277446136220536
16,021,,,,,,
16,023,,,,,,
16,025,,,,,,
16,027,,1697,14179,0.1196840397771352,0.0864241875807059,0.1529438919735645
16,029,,,,,,
16,031,,,,,,
16,033,,,,,,
16,035,,,,,,
16,037,,,,,,
16,039,,315,1634,0.19277845777233782,0.07165978906190303,0.3138971264827726
16,041,,,,,,
16,043,,,,,,
16,045,,,,,,
16,047,,,,,,
16,049,,,,,,
16,051,,,,,,
16,053,,,,,,
16,055,,585,7766,0.07532835436518157,0.04421544071196824,0.10644126801839489
16,057,,,,,,
16,059,,,,,,
16,061,,,,,,
16,063,,,,,,
16,065,,,,,,
16,067,,,,,,
16,069,,,,,,
16,071,,,,,,
16,073,,,,,,
16,075,,,,,,
16,077,,,,,,
16,079,,,,,,
16,081,,,,,,
16,083,,670,5414,0.12375323236054674,0.06732706345045426,0.1801794012706392
16,085,,,,,,
16,087,,,,,,
17,000,,44115,671765,0.06567028648411274,0.06228486055193613,0.06905571241628936
17,001,,,,,,
17,003,,,,,,
17,005,,,,,,
17,007,,367,3389,0.10829153142519918,0.04102978021696689,0.17555328263343145
17,009,,,,,,
17,011,,82,1539,0.05328135152696556,0.01700983487367299,0.08955286818025812
17,013,,,,,,
17,015,,,,,,
17,017,,,,,,
17,019,,1053,18937,0.05560542852616571,0.028995579910459507,0.0822152771418719
17,021,,,,,,
17,023,,,,,,
17,025,,,,,,
17,027,,166,1768,0.09389140271493213,0.03756128593030158,0.15022151949956267
17,029,,,,,,
17,031,,17709,255505,0.06930979824269584,0.06313577131049726,0.07548382517489442
17,033,,,,,,
17,035,,,,,,
17,037,,,,,,
17,039,,,,,,
17,041,,,,,,
17,043,,1588,48538,0.032716634389550456,0.02428973207420896,0.04114353670489195
17,045,,,,,,
17,047,,,,,,
17,049,,,,,,
17,051,,,,,,
17,053,,135,717,0.18828451882845187,0.06480684438743373,0.31176219326947
17,055,,233,1794,0.12987736900780378,0.07279889719497443,0.18695584082063313
17,057,,198,1376,0.1438953488372093,0.07479320930021238,0.21299748837420623
17,059,,,,,,
17,061,,,,,,
17,063,,,,,,
17,065,,,,,,
17,067,,,,,,
17,069,,,,,,
17,071,,,,,,
17,073,,271,2234,0.12130707251566697,0.06460679837706869,0.17800734665426526
17,075,,56,1362,0.041116005873715125,0.013310911138572093,0.06892110060885816
17,077,,,,,,
17,079,,,,,,
17,081,,204,1773,0.11505922165820642,0.06582790906626482,0.16429053425014803
17,083,,,,,,
17,085,,,,,,
17,087,,,,,,
17,089,,1788,29912,0.05977534100026745,0.045595510303560384,0.07395517169697452
17,091,,286,6471,0.04419718745170762,0.024014946372483092,0.06437942853093215
17,093,,672,8279,0.0811692233361517,0.04361144308845618,0.11872700358384722
17,095,,,,,,
17,097,,2095,43953,0.04766455077014083,0.036369901211215395,0.05895920032906627
17,099,,310,5404,0.057364914877868246,0.033363970495919534,0.08136585925981696
17,101,,,,,,
17,103,,,,,,
17,105,,,,,,
17,107,,121,1398,0.08655221745350501,0.02765118306924378,0.14545325183776625
17,109,,,,,,
17,111,,775,16840,0.04602137767220903,0.03030767588827884,0.061735079456139215
17,113,,171,12643,0.013525270900893775,0.006802097898643656,0.020248443903143894
17,115,,419,4947,0.08469779664443097,0.04964184168640869,0.11975375160245325
17,117,,257,2198,0.11692447679708826,0.051537450158144774,0.18231150343603175
17,119,,1262,14475,0.08718480138169257,0.061500561729782244,0.1128690410336029
17,121,,180,1730,0.10404624277456648,0.04270699310931099,0.16538549243982198
17,123,,,,,,
17,125,,,,,,
17,127,,,,,,
17,129,,,,,,
17,131,,,,,,
17,133,,,,,,
17,135,,155,1219,0.12715340442986053,0.05562786393009772,0.19867894492962335
17,137,,,,,,
17,139,,,,,,
17,141,,168,2561,0.0655993752440453,0.02128799100612691,0.10991075948196369
17,143,,834,9273,0.08993853121967,0.061766032519995656,0.11811102991934436
17,145,,,,,,
17,147,,,,,,
17,149,,,,,,
17,151,,,,,,
17,153,,,,,,
17,155,,,,,,
17,157,,,,,,
17,159,,,,,,
17,161,,540,7661,0.07048688160814515,0.042546601113647414,0.09842716210264288
17,163,,1070,13072,0.08185434516523868,0.05513092755449366,0.10857776277598369
17,165,,,,,,
17,167,,774,9248,0.08369377162629758,0.05351702400211823,0.11387051925047693
17,169,,,,,,
17,171,,,,,,
17,173,,,,,,
17,175,,,,,,
17,177,,143,2036,0.07023575638506876,0.023221187287562894,0.11725032548257464
17,179,,500,6161,0.08115565654926149,0.0440803037396356,0.11823100935888739
17,181,,112,900,0.12444444444444444,0.03918986586436403,0.20969902302452487
17,183,,402,3537,0.11365564037319763,0.06786987979891182,0.15944140094748344
17,185,,,,,,
17,187,,,,,,
17,189,,,,,,
17,191,,,,,,
17,193,,,,,,
17,195,,101,2465,0.040973630831643,0.013723225864660925,0.06822403579862507
17,197,,2802,40311,0.06950956314653568,0.05566965510875899,0.08334947118431238
17,199,,298,2913,0.10230003432887058,0.05609093867925738,0.14850912997848378
17,201,,1520,14825,0.10252951096121417,0.07778286244051587,0.12727615948191245
17,203,,,,,,
18,000,,22720,379192,0.059916875883457454,0.056101201865253573,0.06373254990166133
18,001,,282,2013,0.14008941877794337,0.07402095051408386,0.20615788704180288
18,003,,1291,21403,0.060318646918656266,0.04364863083376473,0.0769886630035478
18,005,,,,,,
18,007,,,,,,
18,009,,,,,,
18,011,,,,,,
18,013,,,,,,
18,015,,,,,,
18,017,,,,,,
18,019,,277,5761,0.048081930220447835,0.02144175759640203,0.07472210284449364
18,021,,,,,,
18,023,,,,,,
18,025,,,,,,
18,027,,196,1937,0.10118740320082602,0.032114043819471,0.17026076258218104
18,029,,,,,,
18,031,,,,,,
18,033,,159,2213,0.07184816990510619,0.030567319252926342,0.11312902055728603
18,035,,296,8670,0.03414071510957324,0.01632898016921377,0.05195245004993271
18,037,,,,,,
18,039,,992,12061,0.08224856977033414,0.05579916730479715,0.10869797223587113
18,041,,,,,,
18,043,,,,,,
18,045,,,,,,
18,047,,,,,,
18,049,,,,,,
18,051,,,,,,
18,053,,,,,,
18,055,,,,,,
18,057,,912,19184,0.0475396163469558,0.025694174819773864,0.06938505787413773
18,059,,201,4160,0.048317307692307694,0.016454192947256724,0.08018042243735866
18,061,,,,,,
18,063,,300,9427,0.03182348573247056,0.013795320185770135,0.04985165127917099
18,065,,215,2064,0.10416666666666667,0.04660033827875934,0.161732995054574
18,067,,224,3687,0.06075400054244643,0.025766671559950646,0.09574132952494221
18,069,,,,,,
18,071,,182,2301,0.07909604519774012,0.026382731922296183,0.13180935847318406
18,073,,,,,,
18,075,,,,,,
18,077,,,,,,
18,079,,,,,,
18,081,,468,8511,0.05498766302432147,0.025405035116882323,0.0845702909317606
18,083,,,,,,
18,085,,,,,,
18,087,,286,2742,0.10430342815463166,0.05189415781660607,0.15671269849265723
18,089,,2098,26020,0.08063028439661798,0.06194577353461318,0.09931479525862279
18,091,,393,4677,0.08402822322001283,0.050241679964839824,0.11781476647518582
18,093,,,,,,
18,095,,411,6715,0.061206254653760235,0.03582750368733751,0.08658500562018295
18,097,,4032,51774,0.07787692664271642,0.06267472024572734,0.0930791330397055
18,099,,,,,,
18,101,,,,,,
18,103,,204,1810,0.112707182320442,0.054720270441126435,0.17069409419975756
18,105,,257,15132,0.01698387523129791,0.008435459746678054,0.02553229071591777
18,107,,,,,,
18,109,,214,3880,0.05515463917525773,0.024796685637783727,0.08551259271273173
18,111,,,,,,
18,113,,,,,,
18,115,,,,,,
18,117,,,,,,
18,119,,,,,,
18,121,,,,,,
18,123,,,,,,
18,125,,,,,,
18,127,,477,9029,0.052829770738730755,0.02537679446757038,0.08028274700989113
18,129,,,,,,
18,131,,,,,,
18,133,,254,2308,0.11005199306759099,0.04618229381250452,0.17392169232267746
18,135,,,,,,
18,137,,,,,,
18,139,,,,,,
18,141,,1161,17293,0.06713699184641184,0.05005953465084695,0.08421444904197672
18,143,,,,,,
18,145,,,,,,
18,147,,,,,,
18,149,,,,,,
18,151,,,,,,
18,153,,,,,,
18,155,,,,,,
18,157,,365,18503,0.01972653083283792,0.007915797146942955,0.031537264518732885
18,159,,,,,,
18,161,,,,,,
18,163,,378,9438,0.040050858232676415,0.024697727959070128,0.0554039885062827
18,165,,,,,,
18,167,,283,7009,0.04037665858182337,0.02574840285977708,0.05500491430386966
18,169,,,,,,
18,171,,,,,,
18,173,,,,,,
18,175,,182,1408,0.12926136363636365,0.05484264609794044,0.20368008117478686
18,177,,277,3480,0.07959770114942528,0.03831248619479667,0.1208829161040539
18,179,,,,,,
18,181,,,,,,
18,183,,,,,,
19,000,,9707,182737,0.0531200577879685,0.0485204077845683,0.0577197077913687
19,001,,,,,,
19,003,,,,,,
19,005,,,,,,
19,007,,,,,,
19,009,,,,,,
19,011,,,,,,
19,013,,309,7622,0.04054054054054054,0.022647409029382008,0.05843367205169908
19,015,,,,,,
19,017,,,,,,
19,019,,106,1221,0.08681408681408681,0.033713470848459125,0.1399147027797145
19,021,,,,,,
19,023,,,,,,
19,025,,,,,,
19,027,,,,,,
19,029,,,,,,
19,031,,,,,,
19,033,,,,,,
19,035,,,,,,
19,037,,,,,,
19,039,,,,,,
19,041,,,,,,
19,043,,,,,,
19,045,,125,2333,0.053579082726103726,0.020735433238026388,0.08642273221418106
19,047,,,,,,
19,049,,179,4721,0.03791569582715527,0.013060807050568293,0.06277058460374224
19,051,,120,475,0.25263157894736843,0.10629410322030539,0.39896905467443144
19,053,,,,,,
19,055,,,,,,
19,057,,,,,,
19,059,,,,,,
19,061,,308,5758,0.05349079541507468,0.028795182399586956,0.0781864084305624
19,063,,,,,,
19,065,,,,,,
19,067,,,,,,
19,069,,,,,,
19,071,,,,,,
19,073,,,,,,
19,075,,,,,,
19,077,,,,,,
19,079,,,,,,
19,081,,,,,,
19,083,,,,,,
19,085,,,,,,
19,087,,,,,,
19,089,,,,,,
19,091,,,,,,
19,093,,,,,,
19,095,,,,,,
19,097,,,,,,
19,099,,155,1883,0.08231545406266595,0.032927299968831605,0.13170360815650028
19,101,,,,,,
19,103,,,,,,
19,105,,,,,,
19,107,,81,459,0.17647058823529413,0.06938767566866763,0.28355350080192065
19,109,,,,,,
19,111,,,,,,
19,113,,544,12382,0.04393474398320142,0.024435878544174654,0.06343360942222818
19,115,,,,,,
19,117,,,,,,
19,119,,,,,,
19,121,,,,,,
19,123,,,,,,
19,125,,,,,,
19,127,,,,,,
19,129,,,,,,
19,131,,,,,,
19,133,,,,,,
19,135,,,,,,
19,137,,,,,,
19,139,,273,2328,0.1172680412371134,0.04855348832899398,0.18598259414523283
19,141,,,,,,
19,143,,,,,,
19,145,,,,,,
19,147,,,,,,
19,149,,,,,,
19,151,,,,,,
19,153,,1370,26263,0.052164642272398434,0.03684698489569157,0.06748229964910529
19,155,,367,5146,0.07131752817722503,0.03704588262267628,0.10558917373177379
19,157,,,,,,
19,159,,,,,,
19,161,,,,,,
19,163,,499,9044,0.055174701459531184,0.033049818731268485,0.07729958418779388
19,165,,,,,,
19,167,,,,,,
19,169,,154,12587,0.012234845475490586,0.005128390479891038,0.01934130047109013
19,171,,131,875,0.14971428571428572,0.06869458901293349,0.23073398241563794
19,173,,,,,,
19,175,,,,,,
19,177,,,,,,
19,179,,,,,,
19,181,,,,,,
19,183,,,,,,
19,185,,,,,,
19,187,,,,,,
19,189,,,,,,
19,191,,,,,,
19,193,,417,6500,0.06415384615384616,0.034664287107484426,0.09364340520020789
19,195,,,,,,
19,197,,,,,,
20,000,,8994,167515,0.053690714264394236,0.048239555110715183,0.05914187341807329
20,001,,,,,,
20,003,,,,,,
20,005,,,,,,
20,007,,,,,,
20,009,,,,,,
20,011,,,,,,
20,013,,,,,,
20,015,,,,,,
20,017,,,,,,
20,019,,,,,,
20,021,,,,,,
20,023,,,,,,
20,025,,,,,,
20,027,,,,,,
20,029,,,,,,
20,031,,,,,,
20,033,,,,,,
20,035,,,,,,
20,037,,,,,,
20,039,,,,,,
20,041,,,,,,
20,043,,,,,,
20,045,,,,,,
20,047,,,,,,
20,049,,,,,,
20,051,,,,,,
20,053,,,,,,
20,055,,,,,,
20,057,,,,,,
20,059,,,,,,
20,061,,,,,,
20,063,,,,,,
20,065,,,,,,
20,067,,,,,,
20,069,,,,,,
20,071,,,,,,
20,073,,,,,,
20,075,,,,,,
20,077,,,,,,
20,079,,,,,,
20,081,,,,,,
20,083,,,,,,
20,085,,,,,,
20,087,,,,,,
20,089,,,,,,
20,091,,912,31555,0.028901917287276185,0.021039631022803117,0.03676420355174925
20,093,,,,,,
20,095,,,,,,
20,097,,,,,,
20,099,,129,972,0.13271604938271606,0.043879812044315306,0.22155228672111682
20,101,,,,,,
20,103,,271,3927,0.06900942195059842,0.02414505651465098,0.11387378738654585
20,105,,,,,,
20,107,,,,,,
20,109,,,,,,
20,111,,,,,,
20,113,,,,,,
20,115,,,,,,
20,117,,,,,,
20,119,,,,,,
20,121,,,,,,
20,123,,,,,,
20,125,,,,,,
20,127,,,,,,
20,129,,,,,,
20,131,,,,,,
20,133,,,,,,
20,135,,,,,,
20,137,,,,,,
20,139,,,,,,
20,141,,,,,,
20,143,,,,,,
20,145,,,,,,
20,147,,,,,,
20,149,,,,,,
20,151,,,,,,
20,153,,,,,,
20,155,,206,3359,0.061327776123846385,0.028949141477499607,0.09370641077019316
20,157,,,,,,
20,159,,,,,,
20,161,,165,6717,0.02456453774006253,0.008261924784091119,0.040867150696033944
20,163,,,,,,
20,165,,,,,,
20,167,,,,,,
20,169,,,,,,
20,171,,,,,,
20,173,,2529,28576,0.0885008398656215,0.06926258578420373,0.10773909394703927
20,175,,,,,,
20,177,,677,9674,0.06998139342567707,0.04567598301733422,0.09428680383401991
20,179,,,,,,
20,181,,,,,,
20,183,,,,,,
20,185,,,,,,
20,187,,,,,,
20,189,,,,,,
20,191,,,,,,
20,193,,,,,,
20,195,,,,,,
20,197,,,,,,
20,199,,,,,,
20,201,,,,,,
20,203,,,,,,
20,205,,,,,,
20,207,,,,,,
20,209,,662,9444,0.07009741634900465,0.04103121467841398,0.09916361801959533
21,000,,18164,231755,0.07837587107074281,0.07274587554580318,0.08400586659568245
21,001,,,,,,
21,003,,,,,,
21,005,,,,,,
21,007,,,,,,
21,009,,145,2180,0.06651376146788991,0.022894694469475993,0.11013282846630383
21,011,,,,,,
21,013,,155,1127,0.13753327417923691,0.04844857559626106,0.22661797276221277
21,015,,396,6764,0.058545239503252515,0.02871454436183013,0.0883759346446749
21,017,,,,,,
21,019,,,,,,
21,021,,,,,,
21,023,,,,,,
21,025,,,,,,
21,027,,,,,,
21,029,,305,4172,0.07310642377756471,0.03097508413664829,0.11523776341848113
21,031,,,,,,
21,033,,,,,,
21,035,,,,,,
21,037,,211,4303,0.049035556588426676,0.01972448136798863,0.07834663180886473
21,039,,,,,,
21,041,,,,,,
21,043,,,,,,
21,045,,,,,,
21,047,,653,3679,0.17749388420766513,0.10686982989102463,0.24811793852430564
21,049,,155,1749,0.08862206975414523,0.030092958038581794,0.14715118146970868
21,051,,,,,,
21,053,,,,,,
21,055,,,,,,
21,057,,,,,,
21,059,,371,5308,0.06989449886963074,0.0318785444784387,0.10791045326082278
21,061,,,,,,
21,063,,,,,,
21,065,,,,,,
21,067,,820,19331,0.04241891262738606,0.02536934200581441,0.05946848324895772
21,069,,,,,,
21,071,,243,1631,0.1489883507050889,0.06502680213576928,0.2329498992744085
21,073,,,,,,
21,075,,,,,,
21,077,,,,,,
21,079,,,,,,
21,081,,,,,,
21,083,,,,,,
21,085,,,,,,
21,087,,,,,,
21,089,,160,1852,0.08639308855291576,0.031498986668864054,0.14128719043696747
21,091,,,,,,
21,093,,610,5504,0.11082848837209303,0.06378662377799606,0.15787035296619
21,095,,311,1152,0.2699652777777778,0.15329187252086157,0.386638683034694
21,097,,,,,,
21,099,,,,,,
21,101,,,,,,
21,103,,,,,,
21,105,,,,,,
21,107,,144,2439,0.05904059040590406,0.019157710233083977,0.09892347057872414
21,109,,,,,,
21,111,,2773,36752,0.0754516760992599,0.060309361324736466,0.09059399087378334
21,113,,254,2905,0.08743545611015491,0.03759308703986095,0.13727782518044887
21,115,,,,,,
21,117,,430,8281,0.05192609588213984,0.030771631252281526,0.07308056051199815
21,119,,,,,,
21,121,,232,1472,0.15760869565217392,0.051952503879643605,0.2632648874247042
21,123,,,,,,
21,125,,252,3084,0.08171206225680934,0.03835399848688051,0.12507012602673817
21,127,,,,,,
21,129,,,,,,
21,131,,,,,,
21,133,,,,,,
21,135,,125,589,0.21222410865874364,0.07124939689262974,0.3531988204248575
21,137,,170,1098,0.15482695810564662,0.04991726686559811,0.2597366493456951
21,139,,,,,,
21,141,,,,,,
21,143,,,,,,
21,145,,,,,,
21,147,,,,,,
21,149,,,,,,
21,151,,368,6783,0.05425328025947221,0.027155398994275142,0.08135116152466927
21,153,,,,,,
21,155,,,,,,
21,157,,169,1349,0.12527798369162343,0.043513896525448154,0.20704207085779872
21,159,,,,,,
21,161,,,,,,
21,163,,,,,,
21,165,,,,,,
21,167,,,,,,
21,169,,,,,,
21,171,,,,,,
21,173,,,,,,
21,175,,,,,,
21,177,,,,,,
21,179,,,,,,
21,181,,,,,,
21,183,,,,,,
21,185,,,,,,
21,187,,,,,,
21,189,,,,,,
21,191,,,,,,
21,193,,,,,,
21,195,,,,,,
21,197,,,,,,
21,199,,348,3087,0.11273080660835763,0.06624918330090679,0.15921242991580847
21,201,,,,,,
21,203,,,,,,
21,205,,,,,,
21,207,,,,,,
21,209,,177,3096,0.05717054263565891,0.019790048352285997,0.09455103691903183
21,211,,281,2367,0.1187156738487537,0.04832557474103463,0.18910577295647277
21,213,,291,962,0.3024948024948025,0.13950565213323102,0.46548395285637395
21,215,,,,,,
21,217,,,,,,
21,219,,,,,,
21,221,,,,,,
21,223,,,,,,
21,225,,,,,,
21,227,,499,8907,0.05602335241944538,0.030120631720554118,0.08192607311833663
21,229,,,,,,
21,231,,,,,,
21,233,,,,,,
21,235,,,,,,
21,237,,,,,,
21,239,,,,,,
22,000,,22625,238388,0.09490830075339363,0.08800305868711626,0.10181354281967099
22,001,,420,3122,0.13452914798206278,0.06888345367651375,0.20017484228761181
22,003,,,,,,
22,005,,283,6273,0.045113980551570225,0.014178118828955526,0.07604984227418493
22,007,,,,,,
22,009,,229,1953,0.11725550435227855,0.04191005271488113,0.19260095598967597
22,011,,170,1820,0.09340659340659341,0.0366858149115797,0.15012737190160713
22,013,,,,,,
22,015,,663,6187,0.10716017455956037,0.06503396687046681,0.14928638224865393
22,017,,1626,11857,0.13713418233954627,0.09894483655585451,0.17532352812323804
22,019,,880,10047,0.08758833482631631,0.05338765910175663,0.12178901055087599
22,021,,,,,,
22,023,,,,,,
22,025,,,,,,
22,027,,,,,,
22,029,,296,938,0.31556503198294245,0.15450852790020486,0.47662153606568003
22,031,,,,,,
22,033,,1976,30540,0.06470203012442698,0.04344758625730816,0.0859564739915458
22,035,,,,,,
22,037,,,,,,
22,039,,251,1934,0.1297828335056877,0.055408881216966716,0.20415678579440869
22,041,,,,,,
22,043,,174,929,0.18729817007534985,0.08997696998252934,0.28461937016817035
22,045,,277,2959,0.09361270699560663,0.047704405061584104,0.13952100892962915
22,047,,,,,,
22,049,,165,668,0.2470059880239521,0.08061848621639667,0.41339348983150753
22,051,,2010,19018,0.10568934693448312,0.07690927450949137,0.13446941935947487
22,053,,,,,,
22,055,,955,11211,0.08518419409508518,0.057394281036630274,0.11297410715354009
22,057,,471,5153,0.09140306617504367,0.04459486930759929,0.13821126304248804
22,059,,,,,,
22,061,,,,,,
22,063,,926,7722,0.11991711991711991,0.07282421163661465,0.16701002819762517
22,065,,,,,,
22,067,,,,,,
22,069,,,,,,
22,071,,1411,17524,0.08051814654188541,0.057166116987661025,0.1038701760961098
22,073,,667,8447,0.07896294542441103,0.040491222934920586,0.11743466791390147
22,075,,,,,,
22,077,,,,,,
22,079,,557,6464,0.08616955445544554,0.04775834894489708,0.12458075996599399
22,081,,,,,,
22,083,,151,980,0.1540816326530612,0.059649847243824536,0.24851341806229788
22,085,,,,,,
22,087,,479,2445,0.19591002044989775,0.11440085121379152,0.277419189686004
22,089,,,,,,
22,091,,,,,,
22,093,,,,,,
22,095,,,,,,
22,097,,540,4287,0.12596221133659902,0.07703207320212674,0.1748923494710713
22,099,,272,2507,0.10849621061029119,0.05456320456481186,0.1624292166557705
22,101,,502,2425,0.2070103092783505,0.11275318902002349,0.3012674295366775
22,103,,873,13754,0.06347244437981678,0.040221680805101044,0.0867232079545325
22,105,,359,8263,0.043446690064141355,0.017930764220903502,0.0689626159073792
22,107,,,,,,
22,109,,643,5517,0.11654884901214428,0.05741862022500032,0.17567907779928824
22,111,,,,,,
22,113,,,,,,
22,115,,506,2384,0.21224832214765102,0.13559989315682622,0.2888967511384758
22,117,,308,2117,0.14548889938592346,0.06797153257696806,0.22300626619487887
22,119,,142,1781,0.07973048848961257,0.025145989931208854,0.1343149870480163
22,121,,,,,,
22,123,,,,,,
22,125,,,,,,
22,127,,,,,,
23,000,,4234,65562,0.06458009212653672,0.05497639990353122,0.07418378434954222
23,001,,562,6414,0.0876208294356096,0.0406280788125361,0.1346135800586831
23,003,,237,2858,0.08292512246326102,0.042416909601009814,0.12343333532551222
23,005,,643,14188,0.04531998872286439,0.027598131634231308,0.06304184581149748
23,007,,,,,,
23,009,,,,,,
23,011,,246,6111,0.04025527736867943,0.018883901315890142,0.061626653421468724
23,013,,,,,,
23,015,,,,,,
23,017,,200,2678,0.07468259895444361,0.04272229667859752,0.1066429012302897
23,019,,329,9170,0.03587786259541985,0.020436127639014742,0.051319597551824955
23,021,,166,579,0.2867012089810017,0.09427657693480143,0.479125841027202
23,023,,,,,,
23,025,,232,2082,0.11143131604226705,0.0628642448234197,0.15999838726111443
23,027,,143,1808,0.0790929203539823,0.02888129187055561,0.129304548837409
23,029,,97,1463,0.06630211893369788,0.040926943728834035,0.09167729413856171
23,031,,446,8943,0.04987140780498714,0.028482115343794464,0.07126070026617981
24,000,,19438,316753,0.06136642746872169,0.05656652359735882,0.06616633134008455
24,001,,230,3167,0.07262393432270288,0.027198639482463198,0.11804922916294255
24,003,,1396,28191,0.0495193501472101,0.034182112753881284,0.06485658754053891
24,005,,2547,45822,0.05558465365981406,0.04373337546955025,0.06743593185007787
24,009,,199,4737,0.0420097107874182,0.014200076326204677,0.06981934524863172
24,011,,,,,,
24,013,,435,9383,0.04636043909197485,0.0257135011339272,0.06700737705002249
24,015,,664,5326,0.1246714232069095,0.060535390043692294,0.18880745637012672
24,017,,685,9268,0.0739102287440656,0.043769006114869245,0.10405145137326194
24,019,,,,,,
24,021,,602,14594,0.04124982869672468,0.025193324556302896,0.057306332837146465
24,023,,,,,,
24,025,,1021,12224,0.08352421465968586,0.055991135179858986,0.11105729413951274
24,027,,663,17426,0.03804659703890738,0.022833021860935963,0.053260172216878794
24,029,,,,,,
24,031,,2437,52926,0.046045421909836376,0.03603570327384984,0.05605514054582291
24,033,,3628,50533,0.07179466883026933,0.05989461364539097,0.0836947240151477
24,035,,228,2376,0.09595959595959595,0.0387084772046754,0.1532107147145165
24,037,,316,6328,0.04993678887484197,0.020471808855438017,0.07940176889424592
24,039,,,,,,
24,041,,,,,,
24,043,,591,7230,0.08174273858921162,0.050082848878784864,0.11340262829963837
24,045,,311,7031,0.044232683828758355,0.015678090743848187,0.07278727691366853
24,047,,207,2165,0.09561200923787529,0.039101974748953126,0.15212204372679744
24,510,,2570,28607,0.08983815150138078,0.0706220817367806,0.10905422126598095
25,000,,17726,377793,0.04691987411095494,0.0432980704571374,0.05054167776477248
25,001,,828,8748,0.09465020576131687,0.062182997278376444,0.1271174142442573
25,003,,305,7020,0.04344729344729345,0.019744867116120012,0.06714971977846688
25,005,,1487,28838,0.05156390873153478,0.03889987642560786,0.06422794103746171
25,007,,,,,,
25,009,,2447,41827,0.058502880914241995,0.04648925009431492,0.07051651173416908
25,011,,184,2763,0.06659428157799493,0.026813757864177203,0.10637480529181267
25,013,,2086,25581,0.0815448966029475,0.06259861457208246,0.10049117863381254
25,015,,254,17956,0.0141456894631321,0.004891899718746262,0.023399479207517938
25,017,,3020,85307,0.0354015496969768,0.028449356583255325,0.04235374281069827
25,019,,,,,,
25,021,,1617,36907,0.04381282683501775,0.029493018624082462,0.058132635045953035
25,023,,1377,26635,0.05169889243476628,0.03692500276141759,0.06647278210811497
25,025,,1824,48443,0.037652498813038004,0.028619626087239218,0.04668537153883679
25,027,,2275,46279,0.04915836556537522,0.03922819360214165,0.05908853752860879
26,000,,37907,520537,0.0728228733019939,0.06944294239378179,0.076202804210206
26,001,,,,,,
26,003,,,,,,
26,005,,405,6308,0.06420418516169943,0.038860024172380436,0.08954834615101842
26,007,,,,,,
26,009,,130,962,0.13513513513513514,0.07143009311820613,0.19884017715206415
26,011,,,,,,
26,013,,,,,,
26,015,,205,3161,0.06485289465359063,0.02342056235177263,0.10628522695540864
26,017,,261,4623,0.05645684620376379,0.03099773554778656,0.08191595685974101
26,019,,,,,,
26,021,,556,7616,0.07300420168067227,0.045722424895724825,0.10028597846561972
26,023,,172,2163,0.07951918631530282,0.03860049985876336,0.12043787277184227
26,025,,716,7209,0.09932029407684838,0.06789731490663863,0.13074327324705814
26,027,,199,2608,0.0763036809815951,0.04222163223529794,0.11038572972789225
26,029,,82,1160,0.0706896551724138,0.033092553828440514,0.10828675651638708
26,031,,172,1019,0.16879293424926398,0.0691650541768026,0.2684208143217254
26,033,,170,1763,0.09642654566080544,0.03952569072739847,0.1533274005942124
26,035,,208,1185,0.17552742616033756,0.10224045882258417,0.24881439349809095
26,037,,193,3579,0.05392567756356524,0.025793539697313232,0.08205781542981724
26,039,,,,,,
26,041,,,,,,
26,043,,,,,,
26,045,,337,4959,0.06795724944545271,0.04208959669524637,0.09382490219565906
26,047,,,,,,
26,049,,1458,19431,0.07503473830477073,0.056866870911267624,0.09320260569827382
26,051,,123,1139,0.10798946444249341,0.03984712715050888,0.17613180173447796
26,053,,,,,,
26,055,,,,,,
26,057,,150,2416,0.062086092715231786,0.022738204188550923,0.10143398124191265
26,059,,243,2540,0.09566929133858268,0.056252372247750274,0.1350862104294151
26,061,,135,3823,0.035312581742087366,0.011938122492727441,0.058687040991447295
26,063,,,,,,
26,065,,762,22078,0.034513995832955884,0.022619392011658322,0.046408599654253445
26,067,,201,3596,0.05589543937708565,0.024711786022053588,0.08707909273211772
26,069,,,,,,
26,071,,,,,,
26,073,,498,6298,0.07907272149888854,0.05164484232013251,0.10650060067764458
26,075,,480,7646,0.0627779230970442,0.0387918396969203,0.08676400649716812
26,077,,983,14986,0.06559455491792339,0.04116576285742887,0.0900233469784179
26,079,,,,,,
26,081,,2384,35704,0.06677123011427291,0.05278027473751299,0.08076218549103284
26,083,,,,,,
26,085,,,,,,
26,087,,515,4207,0.12241502258141193,0.07564350236879175,0.1691865427940321
26,089,,,,,,
26,091,,204,5352,0.03811659192825112,0.020528762565468428,0.05570442129103381
26,093,,491,9104,0.0539323374340949,0.03391706060466611,0.0739476142635237
26,095,,,,,,
26,097,,,,,,
26,099,,2752,40452,0.06803124690991792,0.056525104970058235,0.07953738884977761
26,101,,131,891,0.14702581369248036,0.0670571428488412,0.2269944845361195
26,103,,,,,,
26,105,,,,,,
26,107,,254,2739,0.0927345746622855,0.050100979217190394,0.13536817010738061
26,109,,95,1169,0.08126603934987169,0.025601640540598804,0.13693043815914457
26,111,,243,3937,0.061722123444246886,0.03654691663792186,0.08689733025057192
26,113,,119,710,0.1676056338028169,0.08236964913019205,0.25284161847544173
26,115,,310,7513,0.0412618128577133,0.019006135253157908,0.06351749046226869
26,117,,192,2856,0.06722689075630252,0.03255768451427172,0.10189609699833332
26,119,,,,,,
26,121,,547,8555,0.06393921683226184,0.04318966579925493,0.08468876786526874
26,123,,308,2532,0.12164296998420221,0.0765911703339296,0.16669476963447483
26,125,,3474,59307,0.05857655925944661,0.049484438160887184,0.06766868035800604
26,127,,112,1232,0.09090909090909091,0.0322053772966101,0.14961280452157172
26,129,,209,878,0.23804100227790434,0.11702821108779948,0.3590537934680092
26,131,,,,,,
26,133,,168,1092,0.15384615384615385,0.09335802723457876,0.21433428045772895
26,135,,,,,,
26,137,,,,,,
26,139,,573,21208,0.027018106374952847,0.01344805455788158,0.04058815819202411
26,141,,,,,,
26,143,,,,,,
26,145,,696,10326,0.0674026728646136,0.043195255359652414,0.09161009036957479
26,147,,637,7896,0.08067375886524823,0.05719478005823164,0.10415273767226482
26,149,,262,2983,0.08783104257458935,0.04919789137675843,0.12646419377242027
26,151,,300,1964,0.15274949083503056,0.10843801621795268,0.19706096545210844
26,153,,,,,,
26,155,,212,3381,0.0627033422064478,0.030868839416367137,0.09453784499652845
26,157,,120,2441,0.04916018025399427,0.02658156659697647,0.07173879391101207
26,159,,310,3487,0.08890163464295957,0.04992221464367611,0.12788105464224303
26,161,,980,29023,0.033766323260862076,0.020358592934919338,0.047174053586804814
26,163,,10460,88113,0.11871120039040778,0.10660015574721188,0.13082224503360368
26,165,,264,1613,0.16367017978921264,0.09005673372951821,0.23728362584890705
27,000,,14306,302424,0.04730444673703145,0.04382489572403663,0.05078399775002627
27,001,,,,,,
27,003,,950,18672,0.0508783204798629,0.0344410925305084,0.06731554842921739
27,005,,143,1899,0.07530279094260137,0.03882058675493081,0.11178499513027193
27,007,,205,3156,0.06495564005069708,0.025996104906247472,0.10391517519514669
27,009,,,,,,
27,011,,,,,,
27,013,,145,5982,0.024239384821130056,0.008354197187240335,0.040124572455019776
27,015,,,,,,
27,017,,193,1750,0.11028571428571429,0.041831257269712194,0.17874017130171638
27,019,,276,6153,0.04485616772306192,0.02017426247267644,0.0695380729734474
27,021,,99,1373,0.0721048798252003,0.03726624414595138,0.10694351550444921
27,023,,,,,,
27,025,,,,,,
27,027,,,,,,
27,029,,,,,,
27,031,,,,,,
27,033,,,,,,
27,035,,163,3051,0.05342510652245166,0.02263188092368253,0.08421833212122079
27,037,,674,21873,0.03081424587390847,0.021245073746741082,0.04038341800107586
27,039,,,,,,
27,041,,,,,,
27,043,,,,,,
27,045,,,,,,
27,047,,143,1342,0.10655737704918032,0.04590939106550564,0.167205363032855
27,049,,199,2161,0.0920869967607589,0.033061078754452515,0.1511129147670653
27,051,,,,,,
27,053,,2814,61732,0.04558413788634744,0.037288225737789754,0.05388005003490512
27,055,,,,,,
27,057,,,,,,
27,059,,,,,,
27,061,,204,2128,0.09586466165413533,0.04869930092669756,0.1430300223815731
27,063,,,,,,
27,065,,,,,,
27,067,,,,,,
27,069,,,,,,
27,071,,,,,,
27,073,,,,,,
27,075,,,,,,
27,077,,,,,,
27,079,,,,,,
27,081,,,,,,
27,083,,,,,,
27,085,,,,,,
27,087,,59,322,0.18322981366459629,0.119859133143817,0.24660049418537555
27,089,,,,,,
27,091,,,,,,
27,093,,,,,,
27,095,,,,,,
27,097,,61,1576,0.038705583756345176,0.0170507664768698,0.06036040103582055
27,099,,,,,,
27,101,,,,,,
27,103,,213,2907,0.07327141382868937,0.023837538201309384,0.12270528945606937
27,105,,,,,,
27,107,,,,,,
27,109,,486,8208,0.05921052631578947,0.030363577771620257,0.08805747485995868
27,111,,140,2705,0.051756007393715345,0.022997246611981794,0.08051476817544889
27,113,,,,,,
27,115,,94,1458,0.0644718792866941,0.026272595079731807,0.10267116349365638
27,117,,,,,,
27,119,,107,1866,0.05734190782422294,0.022374428700177827,0.09230938694826804
27,121,,,,,,
27,123,,1803,29071,0.0620205703278181,0.04888765435574922,0.075153486299887
27,125,,,,,,
27,127,,,,,,
27,129,,,,,,
27,131,,,,,,
27,133,,,,,,
27,135,,101,761,0.13272010512483573,0.0595406265929031,0.20589958365676836
27,137,,536,11627,0.04609959576846994,0.028733361802440772,0.0634658297344991
27,139,,197,8845,0.02227247032221594,0.008634197520372379,0.0359107431240595
27,141,,,,,,
27,143,,,,,,
27,145,,455,11031,0.041247393708639286,0.02360693097573467,0.0588878564415439
27,147,,,,,,
27,149,,,,,,
27,151,,,,,,
27,153,,171,1134,0.15079365079365079,0.10164202402089019,0.1999452775664114
27,155,,,,,,
27,157,,,,,,
27,159,,,,,,
27,161,,,,,,
27,163,,414,14309,0.02893283947166119,0.01714950875405029,0.040716170189272094
27,165,,,,,,
27,167,,,,,,
27,169,,277,3855,0.07185473411154344,0.024437066947861977,0.11927240127522491
27,171,,328,8466,0.03874320812662414,0.02130622768764083,0.056180188565607456
27,173,,,,,,
28,000,,15076,170468,0.08843888589060704,0.08083487518388799,0.0960428965973261
28,001,,487,1766,0.2757644394110985,0.15877353528638882,0.3927553435358082
28,003,,,,,,
28,005,,,,,,
28,007,,,,,,
28,009,,,,,,
28,011,,135,2039,0.06620892594409024,0.021939285422114582,0.1104785664660659
28,013,,,,,,
28,015,,,,,,
28,017,,,,,,
28,019,,,,,,
28,021,,,,,,
28,023,,,,,,
28,025,,,,,,
28,027,,,,,,
28,029,,,,,,
28,031,,,,,,
28,033,,721,10460,0.06892925430210325,0.03614397337763831,0.1017145352265682
28,035,,,,,,
28,037,,,,,,
28,039,,233,1203,0.1936824605153782,0.060866237817249896,0.3264986832135065
28,041,,,,,,
28,043,,,,,,
28,045,,,,,,
28,047,,786,11095,0.0708427219468229,0.04633208463004717,0.09535335926359861
28,049,,1089,12982,0.08388537975658604,0.048286787227207695,0.11948397228596438
28,051,,,,,,
28,053,,,,,,
28,055,,,,,,
28,057,,438,1744,0.2511467889908257,0.11371765449421664,0.38857592348743475
28,059,,710,7295,0.09732693625771076,0.06007792964363948,0.13457594287178204
28,061,,,,,,
28,063,,,,,,
28,065,,163,552,0.29528985507246375,0.12899072209980217,0.4615889880451253
28,067,,496,4243,0.11689842092858826,0.05187239098062611,0.1819244508765504
28,069,,,,,,
28,071,,,,,,
28,073,,469,3477,0.1348863963186655,0.06587721135115268,0.20389558128617832
28,075,,236,3616,0.06526548672566372,0.03254286415867024,0.0979881092926572
28,077,,,,,,
28,079,,187,1321,0.14155942467827404,0.047418230157211486,0.2357006191993366
28,081,,,,,,
28,083,,,,,,
28,085,,,,,,
28,087,,,,,,
28,089,,324,6153,0.05265724037055095,0.020860347448803662,0.08445413329229824
28,091,,,,,,
28,093,,,,,,
28,095,,,,,,
28,097,,,,,,
28,099,,,,,,
28,101,,,,,,
28,103,,,,,,
28,105,,,,,,
28,107,,,,,,
28,109,,,,,,
28,111,,,,,,
28,113,,,,,,
28,115,,,,,,
28,117,,,,,,
28,119,,,,,,
28,121,,683,7970,0.08569636135508156,0.05178134886414168,0.11961137384602144
28,123,,286,1554,0.18404118404118405,0.08783938436904563,0.28024298371332246
28,125,,,,,,
28,127,,,,,,
28,129,,237,739,0.32070365358592695,0.10141244752363249,0.5399948596482214
28,131,,,,,,
28,133,,,,,,
28,135,,,,,,
28,137,,,,,,
28,139,,,,,,
28,141,,,,,,
28,143,,,,,,
28,145,,,,,,
28,147,,,,,,
28,149,,340,2101,0.1618277010947168,0.07763992791244241,0.24601547427699122
28,151,,223,2431,0.09173179761415055,0.04034740517561336,0.14311619005268775
28,153,,,,,,
28,155,,,,,,
28,157,,,,,,
28,159,,,,,,
28,161,,,,,,
28,163,,,,,,
29,000,,22759,326613,0.06968185589673405,0.06503710900920194,0.07432660278426616
29,001,,,,,,
29,003,,,,,,
29,005,,,,,,
29,007,,238,1310,0.18167938931297709,0.07477453980507125,0.2885842388208829
29,009,,165,1802,0.09156492785793563,0.04355952777655283,0.13957032793931842
29,011,,,,,,
29,013,,,,,,
29,015,,,,,,
29,017,,,,,,
29,019,,584,14839,0.039355751735292134,0.021194787124325175,0.05751671634625909
29,021,,517,4523,0.1143046650453239,0.06269764537144873,0.16591168471919907
29,023,,,,,,
29,025,,,,,,
29,027,,,,,,
29,029,,335,1725,0.19420289855072465,0.08327722184190683,0.30512857525954246
29,031,,,,,,
29,033,,,,,,
29,035,,,,,,
29,037,,368,5919,0.06217266430140227,0.03678767786751874,0.08755765073528579
29,039,,,,,,
29,041,,,,,,
29,043,,199,4808,0.04138935108153078,0.014758925477050829,0.06801977668601072
29,045,,,,,,
29,047,,617,12980,0.0475346687211094,0.029417350888373394,0.0656519865538454
29,049,,,,,,
29,051,,,,,,
29,053,,,,,,
29,055,,,,,,
29,057,,,,,,
29,059,,,,,,
29,061,,,,,,
29,063,,,,,,
29,065,,,,,,
29,067,,,,,,
29,069,,130,1486,0.08748317631224764,0.028403948824971714,0.14656240379952357
29,071,,465,4963,0.09369333064678621,0.05200827456042425,0.13537838673314817
29,073,,,,,,
29,075,,,,,,
29,077,,1179,16544,0.07126450676982592,0.04890374485453472,0.09362526868511711
29,079,,,,,,
29,081,,,,,,
29,083,,,,,,
29,085,,,,,,
29,087,,,,,,
29,089,,,,,,
29,091,,,,,,
29,093,,,,,,
29,095,,2561,35179,0.07279911310725148,0.05807343499236272,0.08752479122214024
29,097,,399,6706,0.059498956158663886,0.02977282273482948,0.0892250895824983
29,099,,463,10795,0.0428902269569245,0.02522719484754263,0.060553259066306375
29,101,,250,3892,0.06423432682425488,0.03316011630757086,0.0953085373409389
29,103,,,,,,
29,105,,183,1821,0.10049423393739704,0.03781271068544159,0.16317575718935248
29,107,,,,,,
29,109,,188,2224,0.08453237410071943,0.03430254694810261,0.13476220125333624
29,111,,,,,,
29,113,,485,3225,0.15038759689922482,0.06800828878869011,0.23276690500975952
29,115,,,,,,
29,117,,,,,,
29,119,,202,1338,0.15097159940209268,0.07082916616657982,0.23111403263760555
29,121,,,,,,
29,123,,,,,,
29,125,,,,,,
29,127,,199,1554,0.12805662805662807,0.061904575897187314,0.19420868021606882
29,129,,,,,,
29,131,,,,,,
29,133,,,,,,
29,135,,,,,,
29,137,,,,,,
29,139,,,,,,
29,141,,357,1052,0.33935361216730037,0.17123295592070467,0.5074742684138961
29,143,,119,738,0.16124661246612465,0.06206675376728879,0.26042647116496054
29,145,,332,3125,0.10624,0.05731950574717762,0.15516049425282238
29,147,,,,,,
29,149,,94,401,0.2344139650872818,0.08423045327017636,0.3845974769043872
29,151,,,,,,
29,153,,,,,,
29,155,,,,,,
29,157,,,,,,
29,159,,,,,,
29,161,,,,,,
29,163,,,,,,
29,165,,,,,,
29,167,,,,,,
29,169,,827,6493,0.1273679346989065,0.06879659287074597,0.18593927652706704
29,171,,,,,,
29,173,,,,,,
29,175,,127,1210,0.10495867768595041,0.04223326111453747,0.16768409425736336
29,177,,,,,,
29,179,,,,,,
29,181,,,,,,
29,183,,824,21264,0.03875094055680963,0.02616165874059722,0.05134022237302204
29,185,,,,,,
29,186,,,,,,
29,187,,215,3328,0.06460336538461539,0.022648758025211824,0.10655797274401896
29,189,,3060,50413,0.060698629321801915,0.04809804457240939,0.07329921407119444
29,195,,,,,,
29,197,,,,,,
29,199,,,,,,
29,201,,218,1948,0.11190965092402463,0.03919260483793684,0.18462669701011242
29,203,,,,,,
29,205,,,,,,
29,207,,,,,,
29,209,,,,,,
29,211,,,,,,
29,213,,175,3311,0.052854122621564484,0.017107088675596092,0.08860115656753287
29,215,,,,,,
29,217,,274,1240,0.22096774193548388,0.11433828897944018,0.3275971948915276
29,219,,,,,,
29,221,,,,,,
29,223,,,,,,
29,225,,251,2204,0.11388384754990925,0.04784555750818108,0.17992213759163744
29,227,,,,,,
29,229,,,,,,
29,510,,814,12185,0.06680344686089454,0.04403448643274918,0.0895724072890399
30,000,,4427,55365,0.07996026370450646,0.06938004562919212,0.0905404817798208
30,001,,,,,,
30,003,,165,1016,0.1624015748031496,0.05255177642888399,0.2722513731774152
30,005,,83,413,0.2009685230024213,0.08761454036986828,0.3143225056349743
30,007,,,,,,
30,009,,,,,,
30,011,,,,,,
30,013,,360,3899,0.09233136701718389,0.049757147348544715,0.13490558668582306
30,015,,,,,,
30,017,,,,,,
30,019,,,,,,
30,021,,,,,,
30,023,,,,,,
30,025,,,,,,
30,027,,,,,,
30,029,,480,5047,0.09510600356647514,0.053895827502337776,0.1363161796306125
30,031,,289,7633,0.0378619153674833,0.015562831319424555,0.06016099941554204
30,033,,,,,,
30,035,,199,789,0.2522179974651457,0.1231781424464368,0.3812578524838547
30,037,,,,,,
30,039,,,,,,
30,041,,137,1042,0.13147792706333974,0.044159264955884986,0.2187965891707945
30,043,,,,,,
30,045,,,,,,
30,047,,,,,,
30,049,,172,3655,0.047058823529411764,0.016695729991110634,0.0774219170677129
30,051,,,,,,
30,053,,,,,,
30,055,,,,,,
30,057,,,,,,
30,059,,,,,,
30,061,,,,,,
30,063,,274,6504,0.04212792127921279,0.01852723534707607,0.06572860721134952
30,065,,143,259,0.5521235521235521,0.18971616875239045,0.9145309354947138
30,067,,,,,,
30,069,,,,,,
30,071,,,,,,
30,073,,,,,,
30,075,,,,,,
30,077,,,,,,
30,079,,,,,,
30,081,,,,,,
30,083,,,,,,
30,085,,,,,,
30,087,,,,,,
30,089,,173,784,0.22066326530612246,0.13148626370478272,0.3098402669074622
30,091,,,,,,
30,093,,140,1611,0.08690254500310367,0.02784195799501815,0.14596313201118918
30,095,,,,,,
30,097,,,,,,
30,099,,,,,,
30,101,,,,,,
30,103,,,,,,
30,105,,,,,,
30,107,,,,,,
30,109,,,,,,
30,111,,564,8125,0.06941538461538461,0.039095776472248836,0.0997349927585204
31,000,,4990,110797,0.04503732050506783,0.03861605923148236,0.05145858177865329
31,001,,,,,,
31,003,,,,,,
31,005,,,,,,
31,007,,,,,,
31,009,,,,,,
31,011,,,,,,
31,013,,,,,,
31,015,,,,,,
31,017,,,,,,
31,019,,,,,,
31,021,,,,,,
31,023,,,,,,
31,025,,,,,,
31,027,,,,,,
31,029,,,,,,
31,031,,,,,,
31,033,,,,,,
31,035,,,,,,
31,037,,,,,,
31,039,,,,,,
31,041,,,,,,
31,043,,,,,,
31,045,,,,,,
31,047,,,,,,
31,049,,,,,,
31,051,,,,,,
31,053,,,,,,
31,055,,1731,31612,0.05475768695432114,0.039464359127128104,0.07005101478151418
31,057,,,,,,
31,059,,,,,,
31,061,,,,,,
31,063,,,,,,
31,065,,,,,,
31,067,,,,,,
31,069,,,,,,
31,071,,,,,,
31,073,,,,,,
31,075,,,,,,
31,077,,,,,,
31,079,,,,,,
31,081,,,,,,
31,083,,,,,,
31,085,,,,,,
31,087,,,,,,
31,089,,,,,,
31,091,,,,,,
31,093,,,,,,
31,095,,,,,,
31,097,,,,,,
31,099,,,,,,
31,101,,,,,,
31,103,,,,,,
31,105,,,,,,
31,107,,,,,,
31,109,,684,20581,0.03323453670861474,0.0199945582242907,0.04647451519293878
31,111,,,,,,
31,113,,,,,,
31,115,,,,,,
31,117,,,,,,
31,119,,,,,,
31,121,,,,,,
31,123,,,,,,
31,125,,,,,,
31,127,,,,,,
31,129,,,,,,
31,131,,,,,,
31,133,,,,,,
31,135,,,,,,
31,137,,,,,,
31,139,,,,,,
31,141,,,,,,
31,143,,,,,,
31,145,,,,,,
31,147,,,,,,
31,149,,,,,,
31,151,,,,,,
31,153,,588,11418,0.051497635312664214,0.028706842660851366,0.07428842796447706
31,155,,,,,,
31,157,,,,,,
31,159,,,,,,
31,161,,,,,,
31,163,,,,,,
31,165,,,,,,
31,167,,,,,,
31,169,,,,,,
31,171,,,,,,
31,173,,,,,,
31,175,,,,,,
31,177,,,,,,
31,179,,,,,,
31,181,,,,,,
31,183,,,,,,
31,185,,,,,,
32,000,,15686,151631,0.10344850327439639,0.09496537872596988,0.1119316278228229
32,001,,,,,,
32,003,,12296,111167,0.11060836399291156,0.10067762256118974,0.12053910542463338
32,005,,,,,,
32,007,,,,,,
32,009,,,,,,
32,011,,,,,,
32,013,,,,,,
32,015,,,,,,
32,017,,,,,,
32,019,,,,,,
32,021,,,,,,
32,023,,,,,,
32,027,,,,,,
32,029,,,,,,
32,031,,2043,24241,0.0842787013737057,0.06495588761770561,0.10360151512970579
32,033,,,,,,
32,510,,,,,,
33,000,,2858,70082,0.04078079963471362,0.033132613723009935,0.04842898554641731
33,001,,,,,,
33,003,,,,,,
33,005,,,,,,
33,007,,,,,,
33,009,,,,,,
33,011,,920,19974,0.04605987784119355,0.029053926930888704,0.0630658287514984
33,013,,380,8209,0.04629065659641857,0.025253853397609518,0.06732745979522761
33,015,,290,13810,0.020999275887038378,0.01134924192196793,0.030649309852108828
33,017,,378,10160,0.03720472440944882,0.014783558972507143,0.05962588984639049
33,019,,,,,,
34,000,,23861,467001,0.05109410900619057,0.04754976086356269,0.054638457148818445
34,001,,1028,14282,0.0719787144657611,0.045344011981905075,0.09861341694961712
34,003,,1790,46066,0.03885729171189163,0.028823358547729515,0.04889122487605375
34,005,,1323,22063,0.05996464669355935,0.04453348589880245,0.07539580748831626
34,007,,1436,25419,0.05649317439710453,0.039278035287237695,0.07370831350697137
34,009,,,,,,
34,011,,1172,7888,0.14858012170385396,0.10128826007570761,0.1958719833320003
34,013,,2882,45935,0.0627408294328943,0.05070498712708249,0.07477667173870611
34,015,,658,16467,0.03995870528936661,0.027069911663654724,0.0528474989150785
34,017,,2278,28077,0.08113402429034441,0.06078401273028687,0.10148403585040196
34,019,,343,6576,0.05215936739659367,0.02810413397455479,0.07621460081863256
34,021,,966,22510,0.04291426032874278,0.025915487992234938,0.05991303266525062
34,023,,1489,49146,0.03029748097505392,0.022294102480023587,0.038300859470084256
34,025,,1270,33010,0.038473189942441685,0.02700990794042521,0.04993647194445816
34,027,,723,25461,0.02839637092023094,0.01733847283260738,0.0394542690078545
34,029,,1177,30560,0.03851439790575916,0.0280978836107361,0.04893091220078222
34,031,,1429,28163,0.05074033306110855,0.0393668675710881,0.062113798551128994
34,033,,189,3006,0.06287425149700598,0.023065225016430456,0.1026832779775815
34,035,,790,17842,0.044277547360161415,0.028374057902775925,0.060181036817546905
34,037,,347,6652,0.05216476247745039,0.029198814666345704,0.07513071028855507
34,039,,2067,29016,0.07123655913978495,0.05636982924496654,0.08610328903460336
34,041,,349,5570,0.06265709156193895,0.02308396204738404,0.10223022107649386
35,000,,10270,113567,0.09043119920399412,0.0813934510188296,0.09946894738915864
35,001,,2541,33932,0.07488506424613933,0.05693306946241367,0.092837059029865
35,003,,,,,,
35,005,,290,4085,0.07099143206854346,0.02787066734701269,0.11411219679007423
35,006,,,,,,
35,007,,,,,,
35,009,,385,2942,0.13086335825968728,0.07621982653485336,0.1855068899845212
35,011,,,,,,
35,013,,1068,15148,0.07050435701082651,0.048671442912581006,0.09233727110907201
35,015,,,,,,
35,017,,,,,,
35,019,,,,,,
35,021,,,,,,
35,023,,,,,,
35,025,,370,4990,0.07414829659318638,0.03407370520620954,0.11422288798016322
35,027,,,,,,
35,028,,,,,,
35,029,,432,1729,0.2498554077501446,0.10270548512050715,0.39700533037978203
35,031,,705,4542,0.15521796565389695,0.11492235856164923,0.19551357274614467
35,033,,,,,,
35,035,,492,3665,0.13424283765347886,0.07554829813129868,0.19293737717565904
35,037,,,,,,
35,039,,341,2030,0.16798029556650246,0.08130524230887043,0.2546553488241345
35,041,,,,,,
35,043,,557,8160,0.06825980392156862,0.04477099186522966,0.09174861597790758
35,045,,927,7224,0.12832225913621262,0.09228483531776005,0.1643596829546652
35,047,,,,,,
35,049,,587,6519,0.09004448535051389,0.0529224864895824,0.12716648421144539
35,051,,,,,,
35,053,,275,1276,0.21551724137931033,0.06832790781166695,0.3627065749469537
35,055,,,,,,
35,057,,,,,,
35,059,,,,,,
35,061,,309,3905,0.07912932138284251,0.032689938134413184,0.12556870463127184
36,000,,65958,983133,0.06708960028805869,0.06436463533581978,0.0698145652402976
36,001,,666,19752,0.03371810449574727,0.019338899081529613,0.04809730990996493
36,003,,186,4508,0.041259982253771074,0.02244998486658947,0.060069979640952675
36,005,,7990,75257,0.10616952575840122,0.09156077580064562,0.12077827571615682
36,007,,692,13733,0.05038957256244084,0.03447014402221814,0.06630900110266354
36,009,,412,4136,0.09961315280464217,0.06809773934104187,0.13112856626824249
36,011,,210,3287,0.06388804380894432,0.03362457197978956,0.09415151563809908
36,013,,710,6753,0.10513845698208203,0.07177134072803455,0.1385055732361295
36,015,,470,4017,0.11700273836196166,0.07308393505363003,0.1609215416702933
36,017,,296,2014,0.14697120158887786,0.075642778319963,0.21829962485779272
36,019,,222,4624,0.04801038062283737,0.015211050112713655,0.08080971113296109
36,021,,198,2290,0.08646288209606987,0.03094731851306829,0.14197844567907145
36,023,,,,,,
36,025,,182,2789,0.06525636428827537,0.030218381510118797,0.10029434706643195
36,027,,815,16950,0.04808259587020649,0.03303996026479005,0.06312523147562292
36,029,,2613,46957,0.05564665545073152,0.044397580874034545,0.06689573002742849
36,031,,,,,,
36,033,,,,,,
36,035,,,,,,
36,037,,143,2450,0.05836734693877551,0.02543305358534289,0.09130164029220814
36,039,,185,1580,0.11708860759493671,0.04063524325400926,0.19354197193586414
36,041,,,,,,
36,043,,397,2953,0.13443955299695226,0.0613620892309613,0.2075170167629432
36,045,,422,5183,0.08142002701138337,0.04184906876011815,0.12099098526264859
36,047,,8816,110452,0.07981747727519646,0.0704852609029264,0.08914969364746653
36,049,,132,1216,0.10855263157894737,0.035548032677750335,0.1815572304801444
36,051,,231,4218,0.05476529160739687,0.028068895712530323,0.08146168750226342
36,053,,255,5248,0.048589939024390245,0.029547234759429376,0.06763264328935112
36,055,,2650,42746,0.06199410471155196,0.05050418328180814,0.07348402614129577
36,057,,392,2330,0.1682403433476395,0.09517006680057175,0.24131061989470723
36,059,,2630,69026,0.0381015849100339,0.03022394121416932,0.04597922860589849
36,061,,3142,60158,0.05222912995777785,0.04106522202832293,0.06339303788723277
36,063,,661,10203,0.06478486719592277,0.03965001784331741,0.08991971654852814
36,065,,974,11832,0.08231913455037188,0.058655890180604804,0.10598237892013895
36,067,,1246,27359,0.04554260024123689,0.03273720932803903,0.058347991154434745
36,069,,263,5821,0.045181240336711906,0.019632915481610624,0.07072956519181318
36,071,,1828,25470,0.0717707106399686,0.05143874955276216,0.09210267172717503
36,073,,201,1599,0.12570356472795496,0.04542980758235528,0.20597732187355466
36,075,,608,7972,0.07626693426994481,0.050186489672200636,0.10234737886768899
36,077,,534,5718,0.09338929695697797,0.05203148587058578,0.13474710804337015
36,079,,226,4248,0.0532015065913371,0.021269298446735654,0.08513371473593855
36,081,,7326,94940,0.07716452496313461,0.06681006073341691,0.08751898919285231
36,083,,575,9077,0.06334692078880687,0.033335228878748936,0.0933586126988648
36,085,,1317,24714,0.05328963340616655,0.03884069439204053,0.06773857242029256
36,087,,1215,19971,0.06083821541234791,0.04485735682933696,0.07681907399535885
36,089,,694,8523,0.08142672767804764,0.053411751516534225,0.10944170383956105
36,091,,506,10743,0.04710043749418226,0.029045618453741717,0.0651552565346228
36,093,,685,8681,0.07890795991245249,0.04815187443433453,0.10966404539057045
36,095,,,,,,
36,097,,,,,,
36,099,,188,1355,0.13874538745387455,0.07159351803106226,0.20589725687668683
36,101,,382,4237,0.0901581307528912,0.058665320815094714,0.12165094069068769
36,103,,4461,79998,0.05576389409735243,0.046610849724630296,0.06491693847007457
36,105,,712,3797,0.18751646036344483,0.09198141813073857,0.2830515025961511
36,107,,250,2243,0.11145786892554614,0.04348263418352237,0.17943310366756993
36,109,,521,14260,0.03653576437587658,0.012435602198697479,0.06063592655305568
36,111,,833,9248,0.0900735294117647,0.057443166446800746,0.12270389237672866
36,113,,,,,,
36,115,,234,2535,0.09230769230769231,0.04798572901893166,0.13662965559645296
36,117,,386,3772,0.10233297985153765,0.05034785419347031,0.154318105509605
36,119,,3084,51688,0.05966568642624981,0.04658052191607187,0.07275085093642775
36,121,,150,1505,0.09966777408637874,0.04091588537778316,0.15841966279497433
36,123,,,,,,
37,000,,39906,573857,0.06953997250186023,0.06572487739943074,0.07335506760428971
37,001,,525,10495,0.050023820867079564,0.0280757311623049,0.07197191057185423
37,003,,,,,,
37,005,,,,,,
37,007,,,,,,
37,009,,,,,,
37,011,,,,,,
37,013,,,,,,
37,015,,,,,,
37,017,,,,,,
37,019,,420,4435,0.09470124013528748,0.050128099661996516,0.13927438060857844
37,021,,535,12185,0.043906442347148134,0.0203840414943135,0.06742884319998277
37,023,,502,3784,0.13266384778012685,0.07221939329343187,0.19310830226682185
37,025,,1172,12748,0.09193598995920929,0.05661315850293925,0.12725882141547934
37,027,,496,3662,0.13544511196067724,0.057877571110348525,0.21301265281100595
37,029,,,,,,
37,031,,,,,,
37,033,,,,,,
37,035,,722,8738,0.08262760357061112,0.053280513134359546,0.11197469400686269
37,037,,,,,,
37,039,,,,,,
37,041,,,,,,
37,043,,,,,,
37,045,,544,5368,0.10134128166915052,0.05844938661803995,0.1442331767202611
37,047,,352,2177,0.16169039963252183,0.08705696595305991,0.23632383331198376
37,049,,,,,,
37,051,,1455,18807,0.0773648109746371,0.05823901536349043,0.09649060658578376
37,053,,,,,,
37,055,,,,,,
37,057,,730,8368,0.08723709369024857,0.05628373447201883,0.11819045290847831
37,059,,212,2167,0.09783110290724505,0.039318019798604956,0.15634418601588512
37,061,,266,2734,0.09729334308705194,0.04527147347776204,0.14931521269634185
37,063,,823,17810,0.04620999438517687,0.024110792475468015,0.06830919629488572
37,065,,216,2529,0.08540925266903915,0.03166372387002809,0.13915478146805021
37,067,,1291,22948,0.05625762593690082,0.03680454313496736,0.07571070873883429
37,069,,254,3601,0.07053596223271313,0.028974374924509903,0.11209754954091636
37,071,,928,11246,0.08251822870353903,0.05616627240340944,0.10887018500366863
37,073,,,,,,
37,075,,,,,,
37,077,,,,,,
37,079,,,,,,
37,081,,1790,37507,0.04772442477404218,0.03458381935795908,0.06086503019012528
37,083,,401,2299,0.17442366246193997,0.10679606025128574,0.2420512646725942
37,085,,616,7145,0.08621413575927221,0.05465659652779385,0.11777167499075057
37,087,,235,2530,0.09288537549407115,0.03474189377917044,0.15102885720897186
37,089,,385,4672,0.08240582191780822,0.03462233953451203,0.13018930430110442
37,091,,,,,,
37,093,,301,2348,0.12819420783645655,0.06898047032445895,0.18740794534845415
37,095,,,,,,
37,097,,728,9684,0.0751755472945064,0.04756960534640112,0.10278148924261168
37,099,,,,,,
37,101,,816,12595,0.06478761413259229,0.03467302869780634,0.09490219956737825
37,103,,,,,,
37,105,,342,3242,0.10549043800123381,0.05643278080661918,0.15454809519584845
37,107,,264,2714,0.09727339719970524,0.04147121832302812,0.15307557607638234
37,109,,,,,,
37,111,,,,,,
37,113,,,,,,
37,115,,,,,,
37,117,,,,,,
37,119,,4789,58631,0.08168033975200832,0.06728889913108321,0.09607178037293343
37,121,,,,,,
37,123,,,,,,
37,125,,258,4140,0.06231884057971015,0.01966960459591318,0.10496807656350712
37,127,,376,4567,0.08232975695204729,0.04070547681114673,0.12395403709294786
37,129,,603,12118,0.049760686581944213,0.0230811769596675,0.07644019620422093
37,131,,132,624,0.21153846153846154,0.06746808535962778,0.3556088377172953
37,133,,830,14048,0.05908314350797267,0.034288560680810126,0.08387772633513521
37,135,,282,14020,0.020114122681883024,0.009161823228435319,0.03106642213533073
37,137,,,,,,
37,139,,170,2518,0.06751389992057188,0.022225110939282235,0.11280268890186154
37,141,,,,,,
37,143,,,,,,
37,145,,,,,,
37,147,,657,14393,0.0456471896060585,0.02707340577530404,0.06422097343681296
37,149,,,,,,
37,151,,624,7301,0.08546774414463772,0.05043181834832607,0.12050366994094935
37,153,,,,,,
37,155,,834,7271,0.11470224178242333,0.08724708833907158,0.14215739522577509
37,157,,523,4312,0.12128942486085344,0.05998501984340457,0.1825938298783023
37,159,,652,6903,0.09445168767202665,0.056208841822852205,0.13269453352120109
37,161,,329,2877,0.11435523114355231,0.06101238418887646,0.16769807809822818
37,163,,317,3256,0.09735872235872235,0.045955405771906675,0.14876203894553802
37,165,,261,1843,0.14161692892023875,0.07928473146203127,0.20394912637844623
37,167,,224,3109,0.07204889031843037,0.024663077350578398,0.11943470328628233
37,169,,169,1890,0.08941798941798942,0.029771909452863496,0.14906406938311534
37,171,,385,3312,0.11624396135265701,0.055746086566909464,0.17674183613840455
37,173,,,,,,
37,175,,,,,,
37,177,,,,,,
37,179,,768,17135,0.04482054274875985,0.029254647038990257,0.060386438458529444
37,181,,467,1980,0.23585858585858585,0.10945602245956998,0.3622611492576017
37,183,,3156,64158,0.04919105957168241,0.03788171805040828,0.06050040109295654
37,185,,,,,,
37,187,,,,,,
37,189,,,,,,
37,191,,413,6263,0.0659428388950982,0.034180892153167476,0.09770478563702892
37,193,,277,2805,0.09875222816399287,0.04545266907336635,0.1520517872546194
37,195,,631,4252,0.14840075258701788,0.08446348437763862,0.21233802079639713
37,197,,,,,,
37,199,,,,,,
38,000,,2199,44586,0.04932041447988158,0.04078997098990059,0.05785085796986257
38,001,,,,,,
38,003,,,,,,
38,005,,,,,,
38,007,,,,,,
38,009,,,,,,
38,011,,,,,,
38,013,,,,,,
38,015,,,,,,
38,017,,364,12031,0.030255174133488487,0.013223131303829093,0.04728721696314788
38,019,,,,,,
38,021,,,,,,
38,023,,,,,,
38,025,,,,,,
38,027,,,,,,
38,029,,,,,,
38,031,,,,,,
38,033,,,,,,
38,035,,244,5443,0.04482821973176557,0.016122665994674906,0.07353377346885623
38,037,,,,,,
38,039,,,,,,
38,041,,,,,,
38,043,,,,,,
38,045,,,,,,
38,047,,,,,,
38,049,,,,,,
38,051,,,,,,
38,053,,,,,,
38,055,,,,,,
38,057,,,,,,
38,059,,,,,,
38,061,,,,,,
38,063,,,,,,
38,065,,,,,,
38,067,,,,,,
38,069,,,,,,
38,071,,,,,,
38,073,,,,,,
38,075,,,,,,
38,077,,,,,,
38,079,,236,915,0.25792349726775954,0.1455986975251742,0.3702482970103449
38,081,,,,,,
38,083,,,,,,
38,085,,65,312,0.20833333333333334,0.07986073920123732,0.33680592746542937
38,087,,,,,,
38,089,,145,1770,0.08192090395480225,0.03078945704573998,0.13305235086386452
38,091,,,,,,
38,093,,,,,,
38,095,,,,,,
38,097,,,,,,
38,099,,,,,,
38,101,,,,,,
38,103,,,,,,
38,105,,,,,,
39,000,,39122,611809,0.06394479322795187,0.06083192525066225,0.06705766120524148
39,001,,,,,,
39,003,,386,5318,0.07258367807446409,0.041760760208148326,0.10340659594077985
39,005,,,,,,
39,007,,500,4594,0.108837614279495,0.0606142276025044,0.1570610009564856
39,009,,226,7291,0.030997119736661638,0.01341228272160909,0.048581956751714186
39,011,,,,,,
39,013,,,,,,
39,015,,,,,,
39,017,,1393,24849,0.056058593907199486,0.039968945900889785,0.07214824191350919
39,019,,,,,,
39,021,,,,,,
39,023,,440,6617,0.06649539066042014,0.041545354119844655,0.09144542720099562
39,025,,691,10586,0.06527489136595503,0.04264860364916393,0.08790117908274614
39,027,,,,,,
39,029,,285,4835,0.05894519131334023,0.027599034499991605,0.09029134812668885
39,031,,,,,,
39,033,,,,,,
39,035,,4763,58266,0.08174578656506368,0.07022199074103981,0.09326958238908754
39,037,,,,,,
39,039,,,,,,
39,041,,,,,,
39,043,,457,3324,0.1374849578820698,0.056123469254333064,0.21884644650980653
39,045,,381,8718,0.04370268410185822,0.02421246992259498,0.06319289828112146
39,047,,,,,,
39,049,,4243,70699,0.06001499313993126,0.04916535026625671,0.0708646360136058
39,051,,,,,,
39,053,,,,,,
39,055,,343,5044,0.06800158604282315,0.03430615363646601,0.10169701844918029
39,057,,455,10502,0.04332508093696439,0.020946988892537557,0.06570317298139122
39,059,,,,,,
39,061,,3091,45423,0.0680492261629571,0.05312662739457637,0.08297182493133783
39,063,,,,,,
39,065,,,,,,
39,067,,,,,,
39,069,,,,,,
39,071,,167,2062,0.08098933074684772,0.026805195143435427,0.13517346635026
39,073,,,,,,
39,075,,339,2774,0.12220620043258831,0.060066858001631494,0.18434554286354513
39,077,,261,3091,0.08443869297961824,0.04094908941814114,0.12792829654109533
39,079,,,,,,
39,081,,187,3475,0.05381294964028777,0.018326961779925946,0.0892989375006496
39,083,,344,3914,0.08788962698007154,0.03798037322293237,0.1377988807372107
39,085,,746,10680,0.0698501872659176,0.04272999259294806,0.09697038193888714
39,087,,202,2738,0.07377647918188458,0.025885375123516782,0.12166758324025238
39,089,,598,10008,0.05975219824140687,0.037712936740965874,0.08179145974184787
39,091,,,,,,
39,093,,1005,15434,0.06511597771154594,0.04431149420030088,0.085920461222791
39,095,,1810,23045,0.07854198307658929,0.061268441808610644,0.09581552434456793
39,097,,,,,,
39,099,,791,10433,0.0758171187577878,0.052016159961101566,0.09961807755447402
39,101,,139,3014,0.04611811546118116,0.015416646479689145,0.07681958444267317
39,103,,410,8836,0.04640108646446356,0.022853944588511147,0.06994822834041597
39,105,,,,,,
39,107,,,,,,
39,109,,,,,,
39,111,,,,,,
39,113,,1662,26225,0.06337464251668255,0.04845914158130993,0.07829014345205518
39,115,,,,,,
39,117,,,,,,
39,119,,318,3946,0.08058793715154587,0.04081467464212399,0.12036119966096775
39,121,,,,,,
39,123,,,,,,
39,125,,,,,,
39,127,,302,1761,0.17149346961953435,0.0921221437829092,0.2508647954561595
39,129,,249,3103,0.08024492426683855,0.03505523156220215,0.12543461697147495
39,131,,,,,,
39,133,,241,10340,0.023307543520309476,0.010513421565409143,0.03610166547520981
39,135,,149,2050,0.07268292682926829,0.02782492427991827,0.1175409293786183
39,137,,,,,,
39,139,,511,5871,0.08703798330778402,0.04774074341934188,0.12633522319622614
39,141,,286,3481,0.08216029876472278,0.03774896311699299,0.12657163441245256
39,143,,268,2715,0.0987108655616943,0.03414480336918284,0.16327692775420577
39,145,,359,3658,0.09814106068890104,0.04021958157179252,0.15606253980600954
39,147,,208,3765,0.055245683930942896,0.017847273068739358,0.09264409479314643
39,149,,166,2659,0.06242948476871004,0.025380878178954056,0.09947809135846603
39,151,,1049,18218,0.05758041497420134,0.04067623185733548,0.0744845980910672
39,153,,1706,24802,0.06878477542133699,0.052486673717934834,0.08508287712473914
39,155,,927,8995,0.10305725403001667,0.06686474776567641,0.13924976029435693
39,157,,310,4393,0.07056681083541999,0.03512720141533917,0.1060064202555008
39,159,,,,,,
39,161,,,,,,
39,163,,,,,,
39,165,,340,13944,0.02438324727481354,0.013883703455395002,0.03488279109423208
39,167,,,,,,
39,169,,433,6628,0.06532890766445383,0.035916320251143205,0.09474149507776446
39,171,,,,,,
39,173,,484,9204,0.05258583224684919,0.0241869877420922,0.08098467675160619
39,175,,,,,,
40,000,,17760,225379,0.07880059810363876,0.07436269452550218,0.08323850168177535
40,001,,218,1161,0.18776916451335057,0.12124359832034937,0.2542947307063518
40,003,,,,,,
40,005,,,,,,
40,007,,,,,,
40,009,,,,,,
40,011,,,,,,
40,013,,191,2487,0.07679935665460394,0.033876686723392786,0.1197220265858151
40,015,,162,1350,0.12,0.0713287891251633,0.1686712108748367
40,017,,804,8914,0.09019519856405654,0.058509264209384404,0.12188113291872868
40,019,,175,2372,0.07377740303541315,0.03710966385239258,0.11044514221843371
40,021,,211,2956,0.07138024357239513,0.036374676310062797,0.10638581083472745
40,023,,83,685,0.12116788321167883,0.044705140057617054,0.1976306263657406
40,025,,,,,,
40,027,,1108,19886,0.05571759026450769,0.0400528471549861,0.07138233337402927
40,029,,,,,,
40,031,,778,7364,0.10564910374796306,0.07539609999660608,0.13590210749932002
40,033,,,,,,
40,035,,,,,,
40,037,,294,3547,0.08288694671553426,0.05015230163903167,0.11562159179203685
40,039,,,,,,
40,041,,197,1827,0.10782703886152162,0.06374972661978473,0.1519043511032585
40,043,,,,,,
40,045,,,,,,
40,047,,260,3572,0.07278835386338185,0.024589550093182977,0.12098715763358073
40,049,,138,1359,0.10154525386313466,0.05436764674468679,0.14872286098158255
40,051,,228,3231,0.07056638811513463,0.04349458170130744,0.09763819452896183
40,053,,,,,,
40,055,,,,,,
40,057,,,,,,
40,059,,,,,,
40,061,,59,579,0.10189982728842832,0.03245044782810118,0.17134920674875548
40,063,,80,580,0.13793103448275862,0.04769125710703062,0.22817081185848662
40,065,,149,1280,0.11640625,0.044667512590658404,0.1881449874093416
40,067,,,,,,
40,069,,,,,,
40,071,,241,2478,0.09725585149313963,0.052464861304597814,0.14204684168168144
40,073,,,,,,
40,075,,,,,,
40,077,,78,508,0.15354330708661418,0.05253377956591117,0.2545528346073172
40,079,,432,2820,0.15319148936170213,0.10655925983126216,0.1998237188921421
40,081,,173,1788,0.09675615212527965,0.05013565118670027,0.14337665306385902
40,083,,266,3211,0.08284023668639054,0.030312330915827024,0.13536814245695405
40,085,,91,635,0.14330708661417324,0.053259167032543756,0.23335500619580274
40,087,,,,,,
40,089,,114,1577,0.07228915662650602,0.03650263892506216,0.10807567432794987
40,091,,,,,,
40,093,,,,,,
40,095,,,,,,
40,097,,179,1884,0.09501061571125266,0.046633464862847265,0.14338776655965807
40,099,,,,,,
40,101,,351,3446,0.10185722576900755,0.05923691121502373,0.14447754032299137
40,103,,,,,,
40,105,,,,,,
40,107,,86,518,0.16602316602316602,0.06836288380187254,0.2636834482444595
40,109,,3796,44099,0.08607904941155128,0.07308994447846595,0.09906815434463662
40,111,,251,2187,0.11476909007773205,0.07464851244345681,0.1548896677120073
40,113,,123,2267,0.054256726951918834,0.03044261286236744,0.07807084104147023
40,115,,124,1831,0.06772255598033862,0.03387723341095897,0.10156787854971827
40,117,,66,738,0.08943089430894309,0.035338709930295316,0.14352307868759087
40,119,,284,9475,0.029973614775725594,0.01292971087916418,0.04701751867228701
40,121,,226,2049,0.11029770619814544,0.06572693150127787,0.154868480895013
40,123,,,,,,
40,125,,295,4350,0.067816091954023,0.042452618713568535,0.09317956519447745
40,127,,,,,,
40,129,,,,,,
40,131,,366,5049,0.07248960190136661,0.04720091378719467,0.09777829001553855
40,133,,128,1306,0.09800918836140889,0.05789003756889528,0.13812833915392247
40,135,,282,2097,0.13447782546494993,0.0874135746649079,0.18154207626499197
40,137,,236,2099,0.1124344926155312,0.05466681120157712,0.1702021740294853
40,139,,,,,,
40,141,,,,,,
40,143,,2133,36863,0.05786289775655807,0.049641002872471446,0.0660847926406447
40,145,,339,4109,0.08250182526162084,0.05052615721075504,0.11447749331248663
40,147,,414,2743,0.15092963908129786,0.08855743886645329,0.21330183929614244
40,149,,,,,,
40,151,,,,,,
40,153,,,,,,
41,000,,16402,204301,0.0802835032623433,0.07356544279115512,0.08700156373353149
41,001,,,,,,
41,003,,,,,,
41,005,,1543,19687,0.07837659369126836,0.05637700215399665,0.10037618522854005
41,007,,,,,,
41,009,,234,2363,0.09902666102412187,0.044723372535734336,0.15332994951250942
41,011,,325,2544,0.12775157232704404,0.06738182683614985,0.18812131781793823
41,013,,,,,,
41,015,,,,,,
41,017,,936,8320,0.1125,0.06672300010222669,0.15827699989777333
41,019,,341,4774,0.07142857142857142,0.03453488240170138,0.10832226045544147
41,021,,,,,,
41,023,,,,,,
41,025,,,,,,
41,027,,,,,,
41,029,,701,10146,0.06909126749457914,0.04317086288180412,0.09501167210735416
41,031,,,,,,
41,033,,458,3769,0.12151764393738392,0.07165498871435583,0.171380299160412
41,035,,528,3473,0.15202994529225453,0.08950423828213153,0.21455565230237753
41,037,,,,,,
41,039,,1965,22428,0.08761369716425896,0.06741991191649391,0.10780748241202401
41,041,,245,1894,0.1293558606124604,0.0529465768771592,0.2057651443477616
41,043,,461,5608,0.0822039942938659,0.04946139373033287,0.11494659485739894
41,045,,,,,,
41,047,,2224,19812,0.1122551988693721,0.08397216981184505,0.14053822792689916
41,049,,,,,,
41,051,,2051,32945,0.06225527394141751,0.04896642048934,0.07554412739349503
41,053,,490,5603,0.0874531500981617,0.042999567562244594,0.1319067326340788
41,055,,,,,,
41,057,,,,,,
41,059,,415,4440,0.09346846846846847,0.043597749141041336,0.1433391877958956
41,061,,,,,,
41,063,,,,,,
41,065,,,,,,
41,067,,1792,28887,0.06203482535396545,0.045906297062079916,0.07816335364585097
41,069,,,,,,
41,071,,549,6004,0.09143904063957362,0.05229026090553421,0.13058782037361302
42,000,,41223,683064,0.060350128245669515,0.057268354804691515,0.06343190168664752
42,001,,187,6163,0.030342365730975176,0.016603583737045114,0.044081147724905234
42,003,,2336,61230,0.03815123305569165,0.03112671402042886,0.045175752090954445
42,005,,185,2742,0.0674690007293946,0.03802365172800809,0.09691434973078111
42,007,,127,7149,0.017764722338788643,0.007463724746290328,0.02806571993128696
42,009,,186,2102,0.08848715509039011,0.048559491899396436,0.1284148182813838
42,011,,1678,25338,0.06622464282895256,0.04996006864587055,0.08248921701203457
42,013,,359,6911,0.051946172768050934,0.02356631721052344,0.08032602832557843
42,015,,289,2808,0.10292022792022792,0.04951033317715633,0.15633012266329951
42,017,,2287,30498,0.0749885238376287,0.058120113899150214,0.0918569337761072
42,019,,527,10706,0.04922473379413413,0.030263419089510274,0.06818604849875799
42,021,,423,6933,0.06101254868022501,0.038460630392987874,0.08356446696746214
42,023,,,,,,
42,025,,320,2935,0.10902896081771721,0.053969893595970105,0.16408802803946432
42,027,,260,17067,0.01523407745942462,0.007458726528113694,0.023009428390735547
42,029,,1435,32412,0.0442737257805751,0.02971807043035222,0.05882938113079798
42,031,,124,2617,0.047382499044707684,0.01722892872768971,0.07753606936172566
42,033,,326,3211,0.10152600436001245,0.05908483693403666,0.14396717178598825
42,035,,188,2458,0.07648494711147275,0.041932001491909766,0.11103789273103573
42,037,,329,4679,0.07031416969437915,0.03150456885269898,0.10912377053605932
42,039,,478,4298,0.11121451838064216,0.0682353689419463,0.15419366781933802
42,041,,771,15875,0.048566929133858266,0.027799524608226114,0.06933433365949042
42,043,,820,13804,0.05940307157345697,0.03886660201149882,0.07993954113541513
42,045,,1989,32620,0.060974862047823424,0.04594316008132897,0.07600656401431788
42,047,,,,,,
42,049,,954,15574,0.061255939386156415,0.042070352899588645,0.08044152587272418
42,051,,502,5125,0.09795121951219513,0.06088546354222415,0.1350169754821661
42,053,,,,,,
42,055,,566,7017,0.08066125124697164,0.04541416012945555,0.11590834236448773
42,057,,,,,,
42,059,,,,,,
42,061,,176,2289,0.07688947138488422,0.045449566936169444,0.108329375833599
42,063,,390,6840,0.05701754385964912,0.036743572340778664,0.07729151537851958
42,065,,193,2070,0.09323671497584542,0.05419466572009846,0.13227876423159238
42,067,,132,1179,0.11195928753180662,0.0501786501931756,0.17373992487043763
42,069,,932,11954,0.0779655345491049,0.05190202683286014,0.10402904226534967
42,071,,1488,29132,0.05107785253329672,0.038330383901699225,0.06382532116489421
42,073,,258,4404,0.05858310626702997,0.03239044245560795,0.084775770078452
42,075,,535,6767,0.07906014482045219,0.043583310886112704,0.11453697875479169
42,077,,1149,19700,0.0583248730964467,0.04202578813066911,0.07462395806222429
42,079,,1586,16268,0.09749200885173347,0.07552285941684604,0.11946115828662089
42,081,,537,6270,0.08564593301435407,0.04514267680474623,0.1261491892239619
42,083,,,,,,
42,085,,425,5622,0.07559587335467804,0.04942561537146466,0.10176613133789143
42,087,,272,1973,0.13786112519006588,0.08161842372660645,0.19410382665352532
42,089,,461,9096,0.0506816182937555,0.02688581386536493,0.07447742272214607
42,091,,2000,43145,0.04635531347780739,0.036312228605459795,0.05639839835015499
42,093,,,,,,
42,095,,557,19606,0.02840967050902785,0.016361970004455904,0.040457371013599794
42,097,,284,4098,0.06930209858467545,0.033344079575183046,0.10526011759416787
42,099,,120,1959,0.06125574272588055,0.022155034322054415,0.10035645112970669
42,101,,6761,82825,0.08162994265016602,0.06835569941367371,0.09490418588665832
42,103,,302,2765,0.10922242314647378,0.050181009057148875,0.16826383723579869
42,105,,,,,,
42,107,,476,6530,0.07289433384379786,0.04597528159871529,0.09981338608888042
42,109,,111,2838,0.039112050739957716,0.016565362705163043,0.06165873877475239
42,111,,273,2823,0.09670563230605739,0.05739162192861643,0.13601964268349834
42,113,,,,,,
42,115,,134,1497,0.0895123580494322,0.04449743803036078,0.13452727806850362
42,117,,133,2186,0.060841720036596526,0.030689144131898518,0.09099429594129453
42,119,,276,3435,0.08034934497816594,0.031483792336082506,0.12921489762024937
42,121,,,,,,
42,123,,,,,,
42,125,,410,9854,0.041607469048102294,0.024911930593662153,0.058303007502542435
42,127,,209,1931,0.108234075608493,0.0594933793301326,0.1569747718868534
42,129,,700,15225,0.04597701149425287,0.032945488456828265,0.05900853453167748
42,131,,,,,,
42,133,,1700,23109,0.07356441213380069,0.05442130500270889,0.09270751926489249
44,000,,2416,60980,0.03961954739258773,0.03047246492747908,0.04876662985769638
44,001,,,,,,
44,003,,417,7384,0.05647345612134345,0.02991357990759022,0.08303333233509667
44,005,,,,,,
44,007,,1553,37196,0.04175180126895365,0.028880018390847008,0.05462358414706029
44,009,,,,,,
45,000,,22187,281544,0.07880473389594522,0.0732829125061292,0.08432655528576125
45,001,,,,,,
45,003,,516,7956,0.06485671191553545,0.03782097111940461,0.0918924527116663
45,005,,,,,,
45,007,,1098,10845,0.1012448132780083,0.06959196664907122,0.13289765990694538
45,009,,,,,,
45,011,,,,,,
45,013,,797,10264,0.07765003897116134,0.04195663114076647,0.1133434468015562
45,015,,579,13444,0.04306753942279084,0.023587583615524352,0.06254749523005733
45,017,,,,,,
45,019,,1206,18824,0.06406714832129197,0.039565960721632,0.08856833592095194
45,021,,289,3017,0.0957905203844879,0.052094071239894554,0.13948696952908124
45,023,,247,1514,0.16314398943196828,0.06645995380568534,0.2598280250582512
45,025,,350,1793,0.19520356943669828,0.09384288315839526,0.29656425571500133
45,027,,258,1508,0.17108753315649866,0.09728611981459824,0.2448889464983991
45,029,,348,1769,0.19672131147540983,0.07310615112957913,0.32033647182124053
45,031,,547,3549,0.15412792335869258,0.08067583176889596,0.22758001494848917
45,033,,206,1347,0.15293244246473645,0.04877416723664174,0.25709071769283115
45,035,,892,8607,0.10363657488091088,0.055521677562944606,0.15175147219887716
45,037,,,,,,
45,039,,,,,,
45,041,,757,6929,0.1092509741665464,0.07453470953438326,0.14396723879870954
45,043,,235,2791,0.08419921175206019,0.030812177383792667,0.13758624612032772
45,045,,2008,27791,0.07225360728293333,0.05555450410196196,0.0889527104639047
45,047,,494,4016,0.12300796812749004,0.05752623913695118,0.1884896971180289
45,049,,,,,,
45,051,,1324,19923,0.06645585504191136,0.04324159727552321,0.089670112808299507
45,053,,,,,,
45,055,,383,3390,0.11297935103244838,0.05435239795187374,0.17160630411302302
45,057,,575,4620,0.12445887445887446,0.06207878857502565,0.1868389603427233
45,059,,210,3389,0.06196518146946002,0.024247443552885384,0.09968291938603466
45,061,,,,,,
45,063,,911,14281,0.06379105104684546,0.046258733705296706,0.08132336838839421
45,065,,,,,,
45,067,,258,1226,0.21044045676998369,0.08948486702532801,0.3313960465146394
45,069,,,,,,
45,071,,,,,,
45,073,,377,4138,0.09110681488641856,0.042942052904804705,0.1392715768680324
45,075,,680,5138,0.13234721681588166,0.07713887031461394,0.18755556331714937
45,077,,375,12897,0.029076529425447778,0.015002605547615438,0.043150453303280115
45,079,,1467,29995,0.04890815135855976,0.03441597481997615,0.06340032789714337
45,081,,,,,,
45,083,,1600,18890,0.08470089994706194,0.0625178657746031,0.10688393411952078
45,085,,269,5190,0.051830443159922926,0.020657932636893837,0.08300295368295202
45,087,,,,,,
45,089,,,,,,
45,091,,1358,15517,0.0875169169298189,0.061807454738397126,0.11322637912124067
46,000,,3062,49840,0.061436597110754415,0.0530383502572895,0.06983484396421934
46,003,,,,,,
46,005,,,,,,
46,007,,,,,,
46,009,,,,,,
46,011,,,,,,
46,013,,,,,,
46,015,,,,,,
46,017,,,,,,
46,019,,,,,,
46,021,,,,,,
46,023,,110,594,0.18518518518518517,0.09007998531549283,0.2802903850548775
46,025,,,,,,
46,027,,,,,,
46,029,,,,,,
46,031,,48,330,0.14545454545454545,0.05945501170457425,0.23145407920451666
46,033,,,,,,
46,035,,,,,,
46,037,,,,,,
46,039,,,,,,
46,041,,54,346,0.15606936416184972,0.05431629263060839,0.25782243569309105
46,043,,,,,,
46,045,,,,,,
46,047,,,,,,
46,049,,,,,,
46,051,,,,,,
46,053,,,,,,
46,055,,,,,,
46,057,,,,,,
46,059,,,,,,
46,061,,,,,,
46,063,,,,,,
46,065,,,,,,
46,067,,,,,,
46,069,,,,,,
46,071,,,,,,
46,073,,,,,,
46,075,,,,,,
46,077,,,,,,
46,079,,112,728,0.15384615384615385,0.049633382462324085,0.25805892522998364
46,081,,,,,,
46,083,,,,,,
46,085,,,,,,
46,087,,,,,,
46,089,,,,,,
46,091,,,,,,
46,093,,,,,,
46,095,,,,,,
46,097,,,,,,
46,099,,611,9627,0.06346733146359199,0.04102437704376502,0.08591028588341895
46,101,,,,,,
46,102,,210,1223,0.17170891251022077,0.07141384950008084,0.2720039755203607
46,103,,272,5536,0.049132947976878616,0.02428255583583467,0.07398334011792257
46,105,,,,,,
46,107,,,,,,
46,109,,,,,,
46,111,,,,,,
46,115,,,,,,
46,117,,,,,,
46,119,,,,,,
46,121,,152,675,0.22518518518518518,0.08802131684007672,0.3623490535302937
46,123,,,,,,
46,125,,,,,,
46,127,,,,,,
46,129,,,,,,
46,135,,,,,,
46,137,,52,145,0.3586206896551724,0.13391327809159279,0.583328101218752
47,000,,26285,358460,0.07332756792947609,0.0684181020684814,0.07823703379047078
47,001,,213,3532,0.060305775764439414,0.02103842127607331,0.09957313025280551
47,003,,,,,,
47,005,,,,,,
47,007,,,,,,
47,009,,587,6684,0.08782166367444644,0.041798252759683116,0.13384507458920974
47,011,,640,6061,0.105593136446131,0.03853870113937438,0.1726475717528876
47,013,,,,,,
47,015,,,,,,
47,017,,,,,,
47,019,,251,2520,0.0996031746031746,0.036582590526596445,0.16262375867975276
47,021,,,,,,
47,023,,,,,,
47,025,,,,,,
47,027,,,,,,
47,029,,,,,,
47,031,,,,,,
47,033,,,,,,
47,035,,248,2117,0.11714690599905526,0.04521557701998305,0.18907823497812748
47,037,,2005,34146,0.05871844432730042,0.042657903191385224,0.07477898546321561
47,039,,,,,,
47,041,,,,,,
47,043,,,,,,
47,045,,,,,,
47,047,,,,,,
47,049,,,,,,
47,051,,,,,,
47,053,,,,,,
47,055,,,,,,
47,057,,,,,,
47,059,,,,,,
47,061,,,,,,
47,063,,,,,,
47,065,,1055,18310,0.0576187875477881,0.037249875886307834,0.07798769920926836
47,067,,,,,,
47,069,,,,,,
47,071,,,,,,
47,073,,339,2827,0.11991510435090201,0.044529762420811234,0.1953004462809928
47,075,,,,,,
47,077,,273,1534,0.17796610169491525,0.0637565386632354,0.2921756647265951
47,079,,247,1345,0.18364312267657992,0.08900165989571557,0.2782845854574443
47,081,,,,,,
47,083,,,,,,
47,085,,,,,,
47,087,,,,,,
47,089,,,,,,
47,091,,,,,,
47,093,,1118,27883,0.04009611591292185,0.025251250514475708,0.054940981311367994
47,095,,,,,,
47,097,,,,,,
47,099,,203,2300,0.08826086956521739,0.03245399225560325,0.14406774687483154
47,101,,,,,,
47,103,,214,1778,0.1203599550056243,0.046522844756137396,0.1941970652551112
47,105,,,,,,
47,107,,,,,,
47,109,,,,,,
47,111,,,,,,
47,113,,406,6164,0.06586632057105775,0.03459471755093251,0.09713792359118298
47,115,,207,1403,0.14754098360655737,0.05754614540562697,0.23753582180748778
47,117,,310,2034,0.15240904621435594,0.059803330582819655,0.24501476184589221
47,119,,371,5041,0.07359650862924023,0.024375759323915704,0.12281725793456477
47,121,,,,,,
47,123,,310,2121,0.14615747289014616,0.0709242259236658,0.2213907198566265
47,125,,994,11972,0.0830270631473438,0.05169986872546622,0.11435425756922138
47,127,,,,,,
47,129,,,,,,
47,131,,,,,,
47,133,,,,,,
47,135,,,,,,
47,137,,,,,,
47,139,,,,,,
47,141,,255,5985,0.042606516290726815,0.015327463749145991,0.06988556883230763
47,143,,,,,,
47,145,,332,2378,0.13961312026913372,0.06441988497990733,0.2148063555583601
47,147,,265,3427,0.07732710825795155,0.0315456193764062,0.1231085971394969
47,149,,1091,21019,0.05190541890670346,0.03483901997919777,0.06897181783420914
47,151,,,,,,
47,153,,,,,,
47,155,,250,4371,0.057195149851292613,0.01892285507058359,0.09546744463200163
47,157,,5324,48138,0.11059869541734181,0.09451561287781328,0.12668177795687036
47,159,,,,,,
47,161,,,,,,
47,163,,745,7193,0.10357291811483386,0.07060940642592253,0.1365364298037452
47,165,,618,9810,0.06299694189602446,0.03309235155829407,0.09290153223375486
47,167,,,,,,
47,169,,,,,,
47,171,,,,,,
47,173,,,,,,
47,175,,,,,,
47,177,,200,2129,0.09394081728511038,0.030061036336625754,0.157820598233595
47,179,,324,7749,0.041811846689895474,0.01381155006100834,0.0698121433187826
47,181,,,,,,
47,183,,,,,,
47,185,,177,1224,0.14460784313725492,0.05082318061388094,0.2383925056606289
47,187,,560,15578,0.035948131980998846,0.018300733307619853,0.05359553065437784
47,189,,314,7871,0.03989327912590522,0.015576794277486858,0.06420976397432358
48,000,,141082,1726131,0.08173307819626668,0.07910186010905561,0.08436429628347776
48,001,,,,,,
48,003,,,,,,
48,005,,518,4873,0.10630002052123948,0.04649889732525099,0.16610114371722795
48,007,,,,,,
48,009,,,,,,
48,011,,,,,,
48,013,,681,3220,0.21149068322981365,0.11655001744801458,0.30643134901161273
48,015,,,,,,
48,017,,,,,,
48,019,,,,,,
48,021,,,,,,
48,023,,,,,,
48,025,,,,,,
48,027,,1856,22137,0.08384153227627954,0.06088283893999835,0.10680022561256072
48,029,,11313,118033,0.09584607694458329,0.08528866720798021,0.10640348668118636
48,031,,,,,,
48,033,,,,,,
48,035,,157,940,0.16702127659574467,0.05306421058087292,0.28097834261061644
48,037,,392,4743,0.08264811300864432,0.05087869145862178,0.11441753455866685
48,039,,1483,22012,0.06737234235871344,0.046170293672289774,0.08857439104513709
48,041,,1088,25014,0.04349564244023347,0.02727638732121183,0.059714897559255103
48,043,,,,,,
48,045,,,,,,
48,047,,,,,,
48,049,,157,2007,0.07822620827105133,0.02980750439649856,0.12664491214560408
48,051,,,,,,
48,053,,,,,,
48,055,,,,,,
48,057,,,,,,
48,059,,,,,,
48,061,,3172,28976,0.10946990612921038,0.0880873113455678,0.13085250091285297
48,063,,,,,,
48,065,,,,,,
48,067,,,,,,
48,069,,,,,,
48,071,,,,,,
48,073,,,,,,
48,075,,,,,,
48,077,,,,,,
48,079,,,,,,
48,081,,,,,,
48,083,,,,,,
48,085,,3803,67254,0.05654682249382936,0.04525624402174529,0.06783740096591344
48,087,,,,,,
48,089,,,,,,
48,091,,556,8920,0.06233183856502242,0.02579032440150019,0.09887335272854464
48,093,,,,,,
48,095,,,,,,
48,097,,,,,,
48,099,,428,4375,0.09782857142857143,0.056984262596612115,0.13867288026053076
48,101,,,,,,
48,103,,,,,,
48,105,,,,,,
48,107,,,,,,
48,109,,,,,,
48,111,,,,,,
48,113,,12896,145500,0.08863230240549828,0.07896591637788909,0.09829868843310748
48,115,,,,,,
48,117,,,,,,
48,119,,,,,,
48,121,,2484,52926,0.046933454256886976,0.03408481431639354,0.05978209419738041
48,123,,,,,,
48,125,,,,,,
48,127,,,,,,
48,129,,,,,,
48,131,,,,,,
48,133,,,,,,
48,135,,1335,9677,0.137955978092384,0.06890676432870249,0.2070051918560655
48,137,,,,,,
48,139,,1188,12492,0.09510086455331412,0.06738391735573322,0.12281781175089503
48,141,,4141,52090,0.07949702438087924,0.06531952544523388,0.09367452331652461
48,143,,,,,,
48,145,,,,,,
48,147,,167,1889,0.0884065643197459,0.029703043064214035,0.14711008557527777
48,149,,,,,,
48,151,,,,,,
48,153,,,,,,
48,155,,,,,,
48,157,,2991,51198,0.05842025079104653,0.04423149633899902,0.07260900524309404
48,159,,,,,,
48,161,,,,,,
48,163,,,,,,
48,165,,,,,,
48,167,,1181,18328,0.06443692710606722,0.04616426091227781,0.08270959329985662
48,169,,,,,,
48,171,,,,,,
48,173,,,,,,
48,175,,,,,,
48,177,,,,,,
48,179,,,,,,
48,181,,774,7856,0.0985234215885947,0.06584250344911095,0.13120433972807843
48,183,,751,7267,0.10334388330810514,0.06303965493108438,0.1436481116851259
48,185,,,,,,
48,187,,810,10190,0.07948969578017664,0.04920184149868016,0.10977755006167313
48,189,,265,1880,0.14095744680851063,0.05426839898486244,0.22764649463215883
48,191,,,,,,
48,193,,,,,,
48,195,,,,,,
48,197,,,,,,
48,199,,,,,,
48,201,,24722,273418,0.0904183338331785,0.08329975111071761,0.0975369165556394
48,203,,,,,,
48,205,,,,,,
48,207,,,,,,
48,209,,1013,17558,0.057694498234423054,0.0309888735417554,0.0844001229270907
48,211,,,,,,
48,213,,452,4063,0.11124784641890229,0.061666123471000395,0.16082956936680418
48,215,,6320,62633,0.10090527357782639,0.08680014689399423,0.11501040026165854
48,217,,144,1682,0.08561236623067776,0.04108063407381299,0.13014409838754254
48,219,,,,,,
48,221,,373,3066,0.12165688193085453,0.05961195053222466,0.1837018133294844
48,223,,,,,,
48,225,,,,,,
48,227,,,,,,
48,229,,,,,,
48,231,,410,6556,0.06253813300793166,0.03461324245996887,0.09046302355589446
48,233,,,,,,
48,235,,,,,,
48,237,,,,,,
48,239,,,,,,
48,241,,,,,,
48,243,,,,,,
48,245,,1472,12177,0.12088363307875503,0.08570529113867602,0.15606197501883406
48,247,,,,,,
48,249,,406,2262,0.1794871794871795,0.07423909371387684,0.28473526526048215
48,251,,1394,10942,0.12739901297751782,0.09209067490191374,0.1627073510531219
48,253,,,,,,
48,255,,,,,,
48,257,,398,9488,0.04194772344013491,0.018981529114152115,0.0649139177661177
48,259,,,,,,
48,261,,,,,,
48,263,,,,,,
48,265,,,,,,
48,267,,,,,,
48,269,,,,,,
48,271,,,,,,
48,273,,,,,,
48,275,,,,,,
48,277,,,,,,
48,279,,,,,,
48,281,,,,,,
48,283,,,,,,
48,285,,,,,,
48,287,,,,,,
48,289,,,,,,
48,291,,568,6065,0.09365210222588623,0.04198187789409645,0.14532232655767602
48,293,,,,,,
48,295,,,,,,
48,297,,,,,,
48,299,,,,,,
48,301,,,,,,
48,303,,1024,22926,0.04466544534589549,0.029194698841111956,0.060136191850679026
48,305,,,,,,
48,307,,,,,,
48,309,,1550,18245,0.08495478213209098,0.06018528737965202,0.10972427688452994
48,311,,,,,,
48,313,,,,,,
48,315,,,,,,
48,317,,,,,,
48,319,,,,,,
48,321,,,,,,
48,323,,319,3685,0.08656716417910448,0.03263254573236013,0.14050178262584884
48,325,,,,,,
48,327,,,,,,
48,329,,622,9458,0.0657644322266864,0.026066902937765195,0.1054619615156076
48,331,,,,,,
48,333,,,,,,
48,335,,,,,,
48,337,,,,,,
48,339,,2871,37771,0.07601069603664187,0.05582365303366098,0.09619773903962277
48,341,,,,,,
48,343,,,,,,
48,345,,,,,,
48,347,,191,5371,0.035561347979892015,0.012050153497493575,0.059072542462290455
48,349,,298,3402,0.08759553203997648,0.041581412016228364,0.1336096520637246
48,351,,,,,,
48,353,,,,,,
48,355,,2499,19457,0.12843706635144164,0.09432848529188487,0.16254564741099842
48,357,,,,,,
48,359,,,,,,
48,361,,438,4104,0.1067251461988304,0.0462630325737358,0.16718725982392502
48,363,,430,1458,0.29492455418381347,0.15638676804075893,0.43346234032686803
48,365,,,,,,
48,367,,345,8279,0.041671699480613604,0.021814044609939576,0.06152935435128763
48,369,,,,,,
48,371,,,,,,
48,373,,428,2014,0.21251241310824232,0.09562384896676353,0.3294009772497211
48,375,,969,6405,0.15128805620608898,0.08505461588451485,0.21752149652766312
48,377,,,,,,
48,379,,,,,,
48,381,,368,8595,0.042815590459569515,0.01405469296665118,0.07157648795248785
48,383,,,,,,
48,385,,,,,,
48,387,,,,,,
48,389,,,,,,
48,391,,,,,,
48,393,,,,,,
48,395,,,,,,
48,397,,425,7140,0.05952380952380952,0.02785639396379965,0.09119122508381938
48,399,,,,,,
48,401,,266,2714,0.09801031687546058,0.05033320968029013,0.14568742407063104
48,403,,,,,,
48,405,,,,,,
48,407,,,,,,
48,409,,563,3974,0.14167086059386008,0.0776840770650576,0.20565764412266258
48,411,,,,,,
48,413,,,,,,
48,415,,,,,,
48,417,,,,,,
48,419,,,,,,
48,421,,,,,,
48,423,,1261,13858,0.09099437148217636,0.06065285235281165,0.12133589061154107
48,425,,,,,,
48,427,,299,4648,0.06432874354561102,0.024484018450820245,0.1041734686404018
48,429,,,,,,
48,431,,,,,,
48,433,,,,,,
48,435,,,,,,
48,437,,,,,,
48,439,,9208,126219,0.07295256657080154,0.06460778354396812,0.08129734959763496
48,441,,594,9386,0.06328574472618793,0.04085552654344862,0.08571596290892725
48,443,,,,,,
48,445,,,,,,
48,447,,,,,,
48,449,,,,,,
48,451,,456,6926,0.06583886803349696,0.02703516131661976,0.10464257475037417
48,453,,3412,64430,0.05295669719074965,0.040082279225426246,0.06583111515607305
48,455,,,,,,
48,457,,,,,,
48,459,,306,2443,0.12525583299222268,0.05001996668088374,0.20049169930356162
48,461,,,,,,
48,463,,,,,,
48,465,,358,2793,0.12817758682420335,0.052508572331194436,0.20384660131721227
48,467,,278,3053,0.09105797576154602,0.03220079278733009,0.14991515873576194
48,469,,428,4592,0.09320557491289198,0.03684623543158937,0.1495649143941946
48,471,,793,6089,0.13023484972901955,0.06221786562352154,0.19825183383451755
48,473,,309,4913,0.06289436189700794,0.020338306430485842,0.10545041736353003
48,475,,,,,,
48,477,,,,,,
48,479,,1508,18912,0.07973773265651438,0.06075258499716015,0.0987228803158686
48,481,,,,,,
48,483,,,,,,
48,485,,561,8549,0.06562171014153702,0.0368985912308788,0.09434482905219524
48,487,,,,,,
48,489,,,,,,
48,491,,1848,33354,0.05540564849793128,0.03673041457505276,0.0740808824208098
48,493,,220,2444,0.09001636661211129,0.03767728264875377,0.1423554505754688
48,495,,,,,,
48,497,,459,3941,0.1164679015478305,0.06944839206558905,0.16348741103007197
48,499,,,,,,
48,501,,,,,,
48,503,,,,,,
48,505,,,,,,
48,507,,,,,,
49,000,,14061,221536,0.06347049689440994,0.05814969363807784,0.06879130015074203
49,001,,,,,,
49,003,,182,3906,0.04659498207885305,0.02250006886579933,0.07068989529190677
49,005,,607,11256,0.05392679459843639,0.032119961782792555,0.07573362741408023
49,007,,,,,,
49,009,,,,,,
49,011,,1019,23963,0.042523890998622874,0.03194276610974954,0.05310501588749621
49,013,,124,1272,0.09748427672955975,0.043519387520217404,0.15144916593890212
49,015,,,,,,
49,017,,,,,,
49,019,,,,,,
49,021,,430,4536,0.09479717813051146,0.05583672008087573,0.1337576361801472
49,023,,,,,,
49,025,,,,,,
49,027,,,,,,
49,029,,,,,,
49,031,,,,,,
49,033,,,,,,
49,035,,5178,69285,0.07473479108032041,0.06248163617781693,0.08698794598282389
49,037,,,,,,
49,039,,,,,,
49,041,,,,,,
49,043,,,,,,
49,045,,554,5268,0.10516324981017464,0.06715180828846046,0.14317469133188881
49,047,,166,2476,0.06704361873990307,0.021157192435947977,0.11293004504385816
49,049,,3098,55525,0.05579468707789284,0.04606686065484761,0.06552251350093807
49,051,,,,,,
49,053,,533,11501,0.04634379619163551,0.026135418017863066,0.06655217436540796
49,055,,,,,,
49,057,,1162,15592,0.07452539763981529,0.0534593743812794,0.09559142089835118
50,000,,2080,36298,0.05730343269601631,0.045223724739397515,0.0693831406526351
50,001,,,,,,
50,003,,,,,,
50,005,,,,,,
50,007,,421,12956,0.03249459709786971,0.016166706055135285,0.04882248814060414
50,009,,,,,,
50,011,,154,2211,0.06965174129353234,0.028533575034731216,0.11076990755233346
50,013,,,,,,
50,015,,,,,,
50,017,,,,,,
50,019,,,,,,
50,021,,150,2967,0.05055611729019211,0.019655777941678935,0.0814564566387053
50,023,,420,2912,0.14423076923076922,0.05423117930257841,0.23423035915896
50,025,,,,,,
50,027,,214,2352,0.09098639455782313,0.03015324639068305,0.15181954272496323
51,000,,28610,461400,0.06200693541395752,0.05820737561478223,0.06580649521313281
51,001,,312,1839,0.16965742251223492,0.09167954695538044,0.2476352980690894
51,003,,250,9039,0.027657926761809934,0.01116006195236863,0.04415579157125124
51,005,,,,,,
51,007,,,,,,
51,009,,,,,,
51,011,,,,,,
51,013,,355,8212,0.04322942036044813,0.021096277380636203,0.06536256334026005
51,015,,197,3643,0.054076310732912435,0.017317346199267697,0.09083527526655717
51,017,,,,,,
51,019,,249,3959,0.06289467037130589,0.025036831303331654,0.10075250943928013
51,021,,,,,,
51,023,,,,,,
51,025,,,,,,
51,027,,456,818,0.5574572127139364,0.3787731072445094,0.7361413181833635
51,029,,269,768,0.3502604166666667,0.1570580351582037,0.5434627981751297
51,031,,213,2516,0.08465818759936407,0.04297668262582921,0.12633969257289893
51,033,,,,,,
51,035,,,,,,
51,036,,,,,,
51,037,,,,,,
51,041,,1767,20485,0.086258237734928,0.05723889044416365,0.11527758502569234
51,043,,,,,,
51,045,,,,,,
51,047,,309,3156,0.0979087452471483,0.03689130930864278,0.1589261811856538
51,049,,,,,,
51,051,,,,,,
51,053,,,,,,
51,057,,308,510,0.6039215686274509,0.285885036233247,0.9219581010216549
51,059,,2261,59146,0.038227437189328105,0.03013364240471204,0.046321231973944166
51,061,,246,3914,0.0628513030148186,0.01983245150747015,0.10587015452216705
51,063,,,,,,
51,065,,,,,,
51,067,,201,2624,0.07660060975609756,0.025367062593348817,0.1278341569188463
51,069,,275,4436,0.06199278629395852,0.022448026998341163,0.10153754558957587
51,071,,,,,,
51,073,,310,1592,0.19472361809045227,0.09306730618673933,0.2963799299941652
51,075,,,,,,
51,077,,,,,,
51,079,,,,,,
51,081,,,,,,
51,083,,,,,,
51,085,,,,,,
51,087,,1060,16139,0.06567941012454304,0.04434941123649053,0.08700940901259555
51,089,,382,2404,0.1589018302828619,0.07901824970976777,0.238785410855956
51,091,,,,,,
51,093,,,,,,
51,095,,,,,,
51,097,,,,,,
51,099,,173,1393,0.12419239052404882,0.04473331974212748,0.20365146130597017
51,101,,,,,,
51,103,,,,,,
51,105,,,,,,
51,107,,771,24953,0.03089808840620366,0.01815711000899322,0.0436390668034141
51,109,,,,,,
51,111,,,,,,
51,113,,,,,,
51,115,,,,,,
51,117,,,,,,
51,119,,,,,,
51,121,,,,,,
51,125,,,,,,
51,127,,,,,,
51,131,,,,,,
51,133,,,,,,
51,135,,,,,,
51,137,,,,,,
51,139,,,,,,
51,141,,,,,,
51,143,,297,2486,0.11946902654867257,0.05488508529548766,0.18405296780185748
51,145,,,,,,
51,147,,,,,,
51,149,,,,,,
51,153,,1197,28152,0.04251918158567775,0.030942223327183233,0.054096139844172275
51,155,,,,,,
51,157,,,,,,
51,159,,,,,,
51,161,,197,4339,0.04540216639778751,0.01493456088138886,0.07586977191418616
51,163,,,,,,
51,165,,179,4693,0.038141913488173876,0.013408934117888363,0.06287489285845939
51,167,,231,927,0.24919093851132687,0.12044523711970845,0.3779366399029453
51,169,,270,802,0.33665835411471323,0.17740160393359386,0.49591510429583263
51,171,,,,,,
51,173,,140,1232,0.11363636363636363,0.045235597004584766,0.1820371302681425
51,175,,,,,,
51,177,,359,7845,0.04576163161249203,0.026725010353757607,0.06479825287122645
51,179,,588,9587,0.061333055178888075,0.03607522859073348,0.08659088176704267
51,181,,,,,,
51,183,,,,,,
51,185,,241,1938,0.12435500515995872,0.05086466844179739,0.19784534187812003
51,187,,,,,,
51,191,,246,2566,0.09586905689789556,0.04002774088700977,0.15171037290878134
51,193,,,,,,
51,195,,,,,,
51,197,,,,,,
51,199,,,,,,
51,510,,,,,,
51,520,,,,,,
51,530,,,,,,
51,540,,,,,,
51,550,,661,13062,0.05060480783953453,0.031163160443566044,0.07004645523550301
51,570,,149,807,0.18463444857496902,0.07193687869999277,0.2973320184499453
51,580,,,,,,
51,590,,,,,,
51,595,,,,,,
51,600,,,,,,
51,610,,,,,,
51,620,,,,,,
51,630,,,,,,
51,640,,,,,,
51,650,,694,7285,0.09526424159231298,0.04457171753339289,0.14595676565123306
51,660,,,,,,
51,670,,,,,,
51,678,,,,,,
51,680,,167,8850,0.01887005649717514,0.006366585338465836,0.03137352765588444
51,683,,,,,,
51,685,,,,,,
51,690,,,,,,
51,700,,1079,10452,0.10323383084577115,0.07163028238193342,0.13483737930960887
51,710,,927,13023,0.07118175535590877,0.046632409936674404,0.09573110077514314
51,720,,,,,,
51,730,,,,,,
51,735,,,,,,
51,740,,503,4168,0.12068138195777352,0.06994567647875606,0.17141708743679096
51,750,,,,,,
51,760,,587,11990,0.04895746455379483,0.02962203036365637,0.0682928987439333
51,770,,529,4074,0.12984781541482573,0.06932668322437163,0.19036894760527984
51,775,,,,,,
51,790,,,,,,
51,800,,335,4997,0.06704022413448069,0.03155508729745983,0.10252536097150154
51,810,,1430,21006,0.06807578787013234,0.0507970605476961,0.08535451519256858
51,820,,,,,,
51,830,,,,,,
51,840,,,,,,
53,000,,28048,370387,0.07572619989362478,0.07117411637866415,0.08027828340858541
53,001,,,,,,
53,003,,186,1046,0.17782026768642448,0.06956767766678393,0.28607285770606505
53,005,,920,12129,0.07585126556187649,0.052036344605394566,0.09966618651835842
53,007,,296,3809,0.07771068521921765,0.03952965719646569,0.1158917132419696
53,009,,181,2704,0.0669378698224852,0.0282408956035995,0.10563484404137091
53,011,,2381,25093,0.0948870202845415,0.07569562550251022,0.11407841506657279
53,013,,,,,,
53,015,,841,5216,0.16123466257668712,0.10683831813847039,0.21563100701490384
53,017,,,,,,
53,019,,,,,,
53,021,,694,6812,0.10187903699354081,0.062114776782170235,0.1416432972049114
53,023,,,,,,
53,025,,539,6473,0.08326896338637417,0.05093510739622218,0.11560281937652617
53,027,,453,3466,0.13069821119446048,0.07328713189063549,0.18810929049828548
53,029,,204,3171,0.06433301797540208,0.023050243671492797,0.10561579227931137
53,031,,,,,,
53,033,,5186,98939,0.05241613519441272,0.044464205401059914,0.06036806498776552
53,035,,1044,11503,0.09075893245240373,0.06513121486390669,0.11638665004090076
53,037,,427,3523,0.12120351972750497,0.04803499495431081,0.19437204450069911
53,039,,,,,,
53,041,,289,3855,0.07496757457846952,0.04008040790948699,0.10985474124745204
53,043,,,,,,
53,045,,170,2984,0.05697050938337802,0.02137018902322947,0.09257082974352657
53,047,,,,,,
53,049,,,,,,
53,051,,,,,,
53,053,,3815,43646,0.08740778078174403,0.07303001419543045,0.10178554736805762
53,055,,,,,,
53,057,,393,6169,0.06370562489868699,0.037608400130431846,0.08980284966694213
53,059,,106,585,0.1811965811965812,0.06499701579524306,0.29739614659791935
53,061,,2790,38334,0.07278134293316638,0.06007262967603515,0.0854900561902976
53,063,,2052,26507,0.07741351341155167,0.061365215618510875,0.09346181120459246
53,065,,,,,,
53,067,,1380,13300,0.1037593984962406,0.07203445716745371,0.1354843398250275
53,069,,,,,,
53,071,,349,4443,0.07855052892189962,0.035042381810962676,0.12205867603283657
53,073,,685,12635,0.05421448357736446,0.034624240406575496,0.07380472674815343
53,075,,,,,,
53,077,,1587,15915,0.0997172478793591,0.07221896060707142,0.12721553515164677
54,000,,7447,89334,0.08336131819911792,0.07421829727807482,0.09250433912016102
54,001,,,,,,
54,003,,522,6223,0.08388237184637634,0.041682263376838696,0.126082480315914
54,005,,,,,,
54,007,,,,,,
54,009,,,,,,
54,011,,239,5120,0.0466796875,0.01903606801605478,0.07432330698394521
54,013,,,,,,
54,015,,,,,,
54,017,,,,,,
54,019,,171,1712,0.09988317757009346,0.035046016699182586,0.16472033844100434
54,021,,,,,,
54,023,,,,,,
54,025,,,,,,
54,027,,,,,,
54,029,,,,,,
54,031,,,,,,
54,033,,195,2856,0.06827731092436974,0.02446683138305252,0.11208779046568695
54,035,,,,,,
54,037,,211,3348,0.0630227001194743,0.028438008444625004,0.09760739179432361
54,039,,531,8072,0.06578295341922696,0.033037682677801536,0.09852822416065239
54,041,,,,,,
54,043,,135,1136,0.11883802816901408,0.04146095585777376,0.1962151004802544
54,045,,,,,,
54,047,,221,779,0.28369704749679076,0.1031436334859735,0.464250461507608
54,049,,291,2885,0.10086655112651646,0.054513634605303576,0.14721946764772936
54,051,,,,,,
54,053,,,,,,
54,055,,204,2540,0.08031496062992126,0.02855888609165099,0.13207103516819152
54,057,,,,,,
54,059,,,,,,
54,061,,,,,,
54,063,,,,,,
54,065,,,,,,
54,067,,,,,,
54,069,,,,,,
54,071,,,,,,
54,073,,,,,,
54,075,,,,,,
54,077,,,,,,
54,079,,239,3102,0.07704706640876853,0.031053620959537967,0.1230405118579991
54,081,,624,3499,0.1783366676193198,0.10257859364293818,0.2540947415957014
54,083,,,,,,
54,085,,,,,,
54,087,,,,,,
54,089,,,,,,
54,091,,,,,,
54,093,,,,,,
54,095,,,,,,
54,097,,,,,,
54,099,,,,,,
54,101,,,,,,
54,103,,,,,,
54,105,,,,,,
54,107,,504,3902,0.1291645310097386,0.08948255195747022,0.16884651006200696
54,109,,,,,,
55,000,,16845,311454,0.0540850334238764,0.05040801241205337,0.05776205443569942
55,001,,,,,,
55,003,,,,,,
55,005,,86,2008,0.04282868525896414,0.021907320160289075,0.0637500503576392
55,007,,,,,,
55,009,,854,14816,0.05764038876889849,0.03757473067805864,0.07770604685973834
55,011,,,,,,
55,013,,,,,,
55,015,,,,,,
55,017,,129,3074,0.04196486662329213,0.015741458855243015,0.06818827439134124
55,019,,244,2006,0.12163509471585245,0.09086910681595256,0.15240108261575233
55,021,,162,2769,0.05850487540628386,0.030027778517031423,0.0869819722955363
55,023,,,,,,
55,025,,961,32928,0.02918488824101069,0.020225011527533657,0.03814476495448772
55,027,,230,4283,0.05370067709549381,0.025335960429051257,0.08206539376193636
55,029,,,,,,
55,031,,,,,,
55,033,,62,4040,0.015346534653465346,0.006086403886892517,0.024606665420038178
55,035,,242,7149,0.03385088823611694,0.015379629171919859,0.05232214730031402
55,037,,,,,,
55,039,,169,5357,0.0315475079335449,0.009916200738277987,0.053178815128811806
55,041,,,,,,
55,043,,151,3817,0.03955986376735656,0.018647493836074672,0.06047223369863845
55,045,,,,,,
55,047,,,,,,
55,049,,,,,,
55,051,,,,,,
55,053,,118,1027,0.11489776046738072,0.056707209074242426,0.173088311860519
55,055,,404,5691,0.07098928132138464,0.040926600113451506,0.10105196252931778
55,057,,115,1121,0.10258697591436218,0.035643710753476734,0.1695302410752476
55,059,,603,9527,0.06329379657814632,0.034554560302476375,0.09203303285381627
55,061,,,,,,
55,063,,296,7878,0.03757298806803757,0.018199097392603558,0.05694687874347158
55,065,,89,888,0.10022522522522523,0.04674148686065652,0.15370896358979394
55,067,,,,,,
55,069,,,,,,
55,071,,321,3794,0.08460727464417502,0.04883474059921944,0.12037980868913059
55,073,,368,6545,0.05622612681436211,0.03447861067882643,0.07797364294989778
55,075,,,,,,
55,077,,85,714,0.11904761904761904,0.043481770037391385,0.19461346805784668
55,078,,,,,,
55,079,,3771,50018,0.07539285857091448,0.06368061988699283,0.08710509725483612
55,081,,226,2349,0.09621115368241805,0.05678307649942332,0.13563923086541277
55,083,,77,1669,0.046135410425404436,0.015910121939071993,0.07636069891173689
55,085,,,,,,
55,087,,415,9840,0.04217479674796748,0.027468163310778806,0.05688143018515615
55,089,,,,,,
55,091,,,,,,
55,093,,,,,,
55,095,,100,2158,0.04633920296570899,0.01471368931274538,0.0779647166186726
55,097,,,,,,
55,099,,,,,,
55,101,,871,9743,0.08939751616545212,0.057919821070219264,0.12087521126068498
55,103,,98,874,0.11212814645308924,0.053061262724226566,0.17119503018195192
55,105,,433,8608,0.050302044609665426,0.031172525667282593,0.06943156355204826
55,107,,,,,,
55,109,,113,5038,0.022429535529972212,0.009749020856434892,0.03511005020350953
55,111,,312,3015,0.10348258706467661,0.056138111037706065,0.15082706309164717
55,113,,,,,,
55,115,,,,,,
55,117,,380,5685,0.06684256816182937,0.032443593969330664,0.10124154235432808
55,119,,143,1075,0.1330232558139535,0.0750854001481546,0.1909611114797524
55,121,,171,1499,0.11407605070046697,0.056637771483422826,0.17151432991751112
55,123,,354,1678,0.21096543504171633,0.14905223528030886,0.2728786348031238
55,125,,,,,,
55,127,,269,6484,0.04148673658235657,0.021767182002473982,0.061206291162239156
55,129,,,,,,
55,131,,268,6494,0.041268863566368955,0.017051799158592926,0.06548592797414499
55,133,,732,20083,0.0364487377383857,0.02484452438973883,0.04805295108703257
55,135,,92,2274,0.040457343887423045,0.01614893709884654,0.06476575067599954
55,137,,119,1015,0.11724137931034483,0.05870582161190232,0.17577693700878733
55,139,,248,9138,0.0271394178157146,0.013321752589146998,0.0409570830422822
55,141,,180,3413,0.0527395253442719,0.02433195038825225,0.08114710030029154
56,000,,1978,30530,0.0647887323943662,0.051191965366883946,0.07838549942184844
56,001,,,,,,
56,003,,,,,,
56,005,,,,,,
56,007,,,,,,
56,009,,,,,,
56,011,,,,,,
56,013,,284,2187,0.12985825331504344,0.08257231962389078,0.1771441870061961
56,015,,,,,,
56,017,,,,,,
56,019,,,,,,
56,021,,383,4912,0.07797231270358307,0.04055721832929095,0.11538740707787519
56,023,,,,,,
56,025,,281,4067,0.06909269731989182,0.029543935763468004,0.10864145887631563
56,027,,,,,,
56,029,,,,,,
56,031,,,,,,
56,033,,,,,,
56,035,,,,,,
56,037,,,,,,
56,039,,,,,,
56,041,,,,,,
56,043,,,,,,
56,045,,,,,,
