statecode,countycode,v168_flag_CT,v168_numerator,v168_denominator,v168_rawvalue,v168_cilow,v168_cihigh
00,000,,206814893,230807303,0.8960500396298119,0.8952386571000601,0.8968614221595637
01,000,,3078391,3473706,0.8861979108191654,0.8841139529739224,0.8882818686644085
01,001,,37799,41392,0.9131957866254349,0.8978683846698838,0.9285231885809859
01,003,,163080,177628,0.918098497984552,0.9098962833645661,0.926300712604538
01,005,,13763,17615,0.7813227363042862,0.7559350646952535,0.8067104079133188
01,007,,13133,15965,0.8226119636705292,0.792793033547919,0.8524308937931395
01,009,,34260,41174,0.8320784961383397,0.8157007956330803,0.8484561966435992
01,011,,5438,7269,0.7481084055578484,0.7015599106400913,0.7946569004756056
01,013,,11395,13103,0.8696481721743112,0.8498155614742057,0.8894807828744168
01,015,,67821,78486,0.8641158932803302,0.8510632942762463,0.8771684922844142
01,017,,20333,24289,0.8371279179875664,0.8126064727490997,0.861649363226033
01,019,,15677,19019,0.824280982175719,0.7930220371825552,0.8555399271688828
01,021,,26566,31095,0.8543495738864769,0.8326729596206109,0.8760261881523429
01,023,,7759,9003,0.8618238364989448,0.8349116759841209,0.8887359970137687
01,025,,13629,15834,0.8607427055702918,0.8325362901645333,0.8889491209760502
01,027,,8515,10235,0.8319491939423547,0.7990882436881976,0.8648101441965117
01,029,,9452,11005,0.8588823262153567,0.8303256586216596,0.8874389938090537
01,031,,32498,37306,0.8711199270894763,0.856923028416298,0.8853168257626546
01,033,,35969,41177,0.8735216261505209,0.8534708326900993,0.8935724196109425
01,035,,7210,8071,0.8933217692974849,0.862736908413797,0.9239066301811727
01,037,,6544,7807,0.8382221083642885,0.8020112054801916,0.8744330112483854
01,039,,22524,26425,0.8523746452223273,0.8320259675513834,0.8727233228932713
01,041,,7838,9117,0.8597126247669189,0.8360485915857595,0.8833766579480783
01,043,,54605,63243,0.8634157139920624,0.8465508785507108,0.880280549433414
01,045,,29121,33641,0.8656401414940103,0.8432343642335177,0.8880459187545028
01,047,,22063,25176,0.8763504925325707,0.8550393139712928,0.8976616710938485
01,049,,38619,48738,0.7923796626861996,0.7737817690510655,0.8109775563213337
01,051,,56157,62596,0.8971340021726628,0.8854865379161289,0.9087814664291968
01,053,,21630,25637,0.843702461286422,0.8231430672318497,0.8642618553409943
01,055,,62378,72481,0.8606117465266759,0.8467478609624217,0.8744756320909302
01,057,,9719,11345,0.8566769501983252,0.829582283401602,0.8837716169950485
01,059,,17095,21249,0.8045084474563509,0.7786091164685119,0.8304077784441898
01,061,,16001,19064,0.8393306756189677,0.808692575528618,0.8699687757093174
01,063,,4471,5143,0.8693369628621427,0.8222536100734302,0.9164203156508551
01,065,,8325,10178,0.8179406563175476,0.7723643749993842,0.8635169376357111
01,067,,10758,12865,0.8362223085891954,0.8080432020898505,0.8644014150885404
01,069,,65901,74980,0.8789143771672446,0.8710914441317765,0.8867373102027127
01,071,,31450,37972,0.8282418624249447,0.8112687653555086,0.8452149594943807
01,073,,413070,453037,0.9117798325523081,0.9067705347128213,0.9167891303917949
01,075,,8109,9714,0.8347745521927116,0.7998518775137445,0.8696972268716786
01,077,,59419,65584,0.9059984142473774,0.893905686908305,0.9180911415864498
01,079,,19929,23444,0.8500682477392937,0.8272837288861172,0.8728527665924701
01,081,,103927,112781,0.9214938686480879,0.9116606572136252,0.9313270800825506
01,083,,67806,78232,0.8667297269659474,0.8496369599190768,0.883822494012818
01,085,,5699,6897,0.826301290416123,0.7895357178577833,0.8630668629744627
01,087,,9675,11437,0.8459386202675527,0.8173571767481295,0.874520063786976
01,089,,258757,278833,0.9279999139269742,0.9202571532318957,0.9357426746220527
01,091,,11050,12882,0.8577860580655178,0.8225927386656573,0.8929793774653783
01,093,,17304,20856,0.8296892980437284,0.8055164177428398,0.853862178344617
01,095,,55645,65581,0.8484927036794193,0.8345861597675436,0.862399247591295
01,097,,250599,280484,0.8934520329145335,0.8871453751912864,0.8997586906377805
01,099,,11302,13443,0.8407349549951648,0.8120191179698324,0.8694507920204972
01,101,,134128,150322,0.892271257700137,0.8828961741396967,0.9016463412605774
01,103,,73306,85362,0.8587661957311216,0.8434129931841622,0.8741193982780809
01,105,,4381,5271,0.831151584139632,0.7839076579339765,0.8783955103452874
01,107,,11527,13516,0.8528410772417875,0.8263369688678238,0.8793451856157511
01,109,,16777,19373,0.8659990708718319,0.8446984416795447,0.8872997000641192
01,111,,13466,15868,0.8486261658684144,0.8193968808649681,0.8778554508718608
01,113,,34721,39900,0.8702005012531329,0.851626302610408,0.8887746998958578
01,115,,58225,66307,0.878112416486947,0.8636866985497609,0.8925381344241332
01,117,,149914,158564,0.9454478948563356,0.9397728828478132,0.951122906864858
01,119,,6036,6991,0.8633957945930482,0.8193047759215804,0.907486813264516
01,121,,49993,58163,0.8595326926052645,0.8446518427559582,0.8744135424545709
01,123,,25990,29852,0.8706284336057886,0.8512810094421428,0.8899758577694343
01,125,,131986,144243,0.9150253391845705,0.9076023421271223,0.9224483362420187
01,127,,37706,44765,0.8423098402770022,0.8231633692361909,0.8614563113178134
01,129,,9561,10671,0.8959797582232218,0.8638394500608791,0.9281200663855645
01,131,,5659,6951,0.8141274636742915,0.7677903247024069,0.860464602646176
01,133,,13228,17059,0.7754264611055748,0.7460201303825125,0.8048327918286371
02,000,,458914,490552,0.9355053083057454,0.9317270863850176,0.9392835302264733
02,013,,2253,2594,0.8685427910562837,0.7337050902691672,1
02,016,,3808,4201,0.906450845036896,0.870977519707189,0.941924170366603
02,020,,181512,192864,0.9411398705823792,,
02,050,,8329,10133,0.8219678278890753,0.8068330773262558,0.8371025784518948
02,060,,715,736,0.9714673913043478,0.9529518950527132,0.9899828875559824
02,063,,4634,4811,0.9632093119933486,0.9431985557219,0.9832200682647971
02,066,,1661,1835,0.9051771117166213,0.8753712197148159,0.9349830037184267
02,068,,1447,1563,0.925783749200256,0.7253667429587312,1
02,070,,2533,2849,0.8890838890838891,0.8660860080042436,0.9120817701635346
02,090,,58271,61502,0.9474651230854281,0.935149155631595,0.9597810905392612
02,100,,1555,1583,0.9823120656980417,0.964130824223599,1
02,105,,1665,1771,0.9401468097120271,0.9140262996380435,0.9662673197860108
02,110,,21657,22748,0.9520397397573414,0.9364577179300612,0.9676217615846215
02,122,,40650,42942,0.9466256811513204,0.9381803913438336,0.9550709709588072
02,130,,9538,9970,0.9566700100300902,0.9445185614168383,0.9688214586433421
02,150,,7810,8425,0.9270029673590504,0.8765570215644061,0.9774489131536948
02,158,,3144,3930,0.8,0.7515941098751905,0.8484058901248096
02,164,,637,692,0.9205202312138728,0.8629364727494865,0.9781039896782592
02,170,,70426,74849,0.9409076941575706,0.9340189385032788,0.9477964498118624
02,180,,4955,5513,0.8987846907309994,0.8799112027689584,0.9176581786930404
02,185,,6229,7135,0.87302032235459,0.8442788367880165,0.9017618079211636
02,188,,3419,4007,0.8532568005989518,0.837219159634436,0.8692944415634676
02,195,,2264,2502,0.9048760991207034,0.8469846195320705,0.9627675787093364
02,198,,3777,4113,0.9183078045222466,0.9026761984239597,0.9339394106205334
02,220,,5808,6125,0.9482448979591837,0.9302731307085117,0.9662166652098556
02,230,,905,968,0.9349173553719008,0.855587640624366,1
02,240,,4427,4748,0.9323925863521483,0.907866358638363,0.9569188140659336
02,275,,1449,1548,0.936046511627907,0.9220494058184684,0.9500436174373456
02,282,,398,425,0.9364705882352942,0.8390291827935308,1
02,290,,3038,3470,0.8755043227665706,0.8285414340783409,0.9224672114548004
04,000,,4547940,5088675,0.8937375642971893,0.8921352213455066,0.895339907248872
04,001,,36004,42350,0.8501534828807557,0.8389494746333837,0.8613574911281277
04,003,,80164,89778,0.8929136314019025,0.8841903249060251,0.9016369378977799
04,005,,81146,88196,0.9200644020136968,0.9122396217050939,0.9278891823222997
04,007,,36538,40390,0.9046298588759594,0.8898392611895158,0.9194204565624029
04,009,,21438,25235,0.8495343768575392,0.8290359769860878,0.8700327767289906
04,011,,5449,6374,0.8548791967367431,0.812522445010534,0.8972359484629522
04,012,,11435,13434,0.8511984516897424,0.8186515284668303,0.8837453749126545
04,013,,2794889,3113890,0.8975554692041144,,
04,015,,151850,172400,0.880800464037123,0.8726885008949584,0.8889124271792875
04,017,,62829,72679,0.8644725436508482,0.8537462412410495,0.875198846060647
04,019,,660828,730009,0.9052326752135933,0.9017363272779861,0.9087290231492005
04,021,,296139,332152,0.891576747994894,0.8856655965262679,0.89748789946352
04,023,,24379,31825,0.7660329929300864,0.7447419193440938,0.787324066516079
04,025,,177970,192027,0.9267967525400074,0.9193915735460212,0.9342019315339936
04,027,,106882,137936,0.7748666048022271,0.7622537273877708,0.7874794822166835
05,000,,1827162,2059172,0.8873284990277646,0.8846305219517945,0.8900264761037346
05,001,,9765,11422,0.8549290842234285,0.8255172101919157,0.8843409582549413
05,003,,11247,12831,0.8765489829319617,0.852606195817771,0.9004917700461524
05,005,,29038,32363,0.8972592157710966,0.8806871494165772,0.9138312821256159
05,007,,182116,201229,0.9050186603322583,0.8984537357472279,0.9115835849172887
05,009,,24691,26726,0.9238569183566564,0.9078171919213726,0.9398966447919402
05,011,,5935,6878,0.862896190753126,0.832946952711151,0.8928454287951009
05,013,,2979,3420,0.8710526315789474,0.8257281128848365,0.9163771502730583
05,015,,17327,20424,0.8483646690168429,0.8249849993666047,0.8717443386670811
05,017,,5690,6836,0.8323581041544763,0.7908042393029899,0.8739119690059627
05,019,,11055,12380,0.8929725363489499,0.8684106554078965,0.9175344172900033
05,021,,8954,10227,0.8755255695707441,0.8507639163526631,0.9002872227888251
05,023,,16702,18816,0.8876488095238095,0.8676360776833032,0.9076615413643159
05,025,,4941,5333,0.9264954059628727,0.8969972547172593,0.9559935572084861
05,027,,12401,13977,0.8872433283251056,0.8719668425206056,0.9025198141296055
05,029,,13171,14626,0.9005196225899084,0.8750314408837251,0.9260078042960916
05,031,,65439,72548,0.9020097039201632,0.888665919681264,0.9153534881590625
05,033,,36112,41689,0.8662237040946053,0.8463731674269512,0.8860742407622593
05,035,,25935,30358,0.8543052902035707,0.8359129092344753,0.8726976711726662
05,037,,9776,11496,0.8503827418232429,0.8176652184914811,0.8831002651550047
05,039,,3882,4520,0.8588495575221239,0.8165513871988281,0.9011477278454196
05,041,,5733,7357,0.7792578496669839,0.7387284323498756,0.8197872669840921
05,043,,9819,11055,0.8881953867028494,0.8603864305644312,0.9160043428412675
05,045,,74538,79837,0.9336272655535653,0.9240769147439962,0.9431776163631345
05,047,,10652,12200,0.8731147540983607,0.8405494916025004,0.905680016594221
05,049,,7990,9046,0.8832633208047755,0.8470472323693298,0.9194794092402213
05,051,,66264,73124,0.9061867512718123,0.8948730839775692,0.9175004185660554
05,053,,11662,12851,0.9074780172749203,0.8873096885131464,0.9276463460366942
05,055,,27301,31462,0.8677452164515924,0.8491953162814024,0.8862951166217824
05,057,,10834,13149,0.8239409841052552,0.8014081127529893,0.8464738554575211
05,059,,21591,24053,0.8976427056915978,0.880393514461678,0.9148918969215175
05,061,,7294,8315,0.8772098616957306,0.8495788890569225,0.9048408343345387
05,063,,22268,25236,0.88239023617055,0.859363753687414,0.905416718653686
05,065,,9045,10548,0.8575085324232082,0.8317334481517248,0.8832836166946917
05,067,,10107,11899,0.8493991091688378,0.8171454525653371,0.8816527657723384
05,069,,39266,44396,0.8844490494639157,0.8695430015316764,0.8993550973961549
05,071,,14546,17252,0.8431486204498029,0.8176868983724551,0.8686103425271506
05,073,,3662,4494,0.8148642634623943,0.7641710763655026,0.8655574505592859
05,075,,9103,10946,0.8316279919605335,0.8047405019084124,0.8585154820126546
05,077,,4721,5913,0.7984102824285473,0.7591875219843152,0.8376330428727794
05,079,,8071,9818,0.8220615196577714,0.7888487515184042,0.8552742877971387
05,081,,7606,8330,0.9130852340936375,0.887881177954258,0.938289290233017
05,083,,13480,15243,0.8843403529488946,0.8617821136367926,0.9068985922609966
05,085,,45971,50693,0.9068510445229124,0.8925195366443495,0.9211825524014754
05,087,,10540,12220,0.8625204582651391,0.8317548425345306,0.8932860739957477
05,089,,11231,13125,0.8556952380952381,0.828902824383368,0.8824876518071081
05,091,,24801,28806,0.8609664653197251,0.8381368300567995,0.8837961005826507
05,093,,22000,25607,0.85914007888468,0.8410928523489707,0.8771873054203894
05,095,,3774,4617,0.8174139051332033,0.7716376706912869,0.8631901395751198
05,097,,5725,6437,0.8893894671430791,0.8605665725729851,0.9182123617131731
05,099,,4983,5556,0.8968682505399568,0.8652243286163918,0.9285121724635218
05,101,,4312,5173,0.8335588633288228,0.7885156975136323,0.8786020291440133
05,103,,13800,15565,0.8866045615162222,0.8668216884661499,0.9063874345662946
05,105,,6373,7238,0.880491848576955,0.8498719905931565,0.9111117065607534
05,107,,8234,10188,0.8082057322340008,0.7709828713775905,0.8454285930904112
05,109,,6161,7048,0.8741486946651532,0.8435840460077862,0.9047133433225202
05,111,,12502,15389,0.8123984664370655,0.7854919124241461,0.8393050204499849
05,113,,11674,13532,0.8626958321016849,0.8379912903769684,0.8874003738264014
05,115,,36543,41919,0.8717526658555786,0.8536895380095156,0.8898157937016417
05,117,,5072,5803,0.8740306737894192,0.8370159212070073,0.9110454263718312
05,119,,250377,271489,0.9222362600326348,0.9167234567592419,0.9277490633060277
05,121,,10887,12860,0.8465785381026438,0.8224339022653838,0.8707231739399038
05,123,,13684,15925,0.8592778649921508,0.834890849054612,0.8836648809296895
05,125,,82634,88552,0.9331692113108682,0.9253098997583526,0.9410285228633837
05,127,,5764,6838,0.8429365311494589,0.79943203979038,0.8864410225085377
05,129,,4786,5771,0.8293190088372899,0.7877016404571343,0.8709363772174455
05,131,,74221,86709,0.8559780414951158,0.8406326398032266,0.871323443187005
05,133,,7096,9660,0.734575569358178,0.6804422641166024,0.7887088745997537
05,135,,11117,12894,0.8621839615324958,0.837313847756996,0.8870540753079955
05,137,,8057,9273,0.8688666019626874,0.8217197820435073,0.9160134218818675
05,139,,22934,25911,0.8851067114352977,0.8652074428552315,0.9050059800153639
05,141,,10431,11950,0.8728870292887029,0.8313810705183196,0.9143929880590862
05,143,,139038,158346,0.8780644916827707,0.8702936371920916,0.8858353461734497
05,145,,44818,51455,0.8710135069478184,0.8547813842024521,0.8872456296931848
05,147,,3539,4263,0.8301665493783721,0.7851877864459091,0.875145312310835
05,149,,11374,13737,0.8279828201208416,0.7968138870876479,0.8591517531540352
06,000,,22936996,27073960,0.8471976762911668,0.8460992238292658,0.8482961287530678
06,001,,1058892,1192437,0.8880066619871742,,
06,003,,1071,1112,0.9631294964028777,0.9296555213717915,0.9966034714339639
06,005,,29807,32875,0.9066768060836502,0.8932079719987236,0.9201456401685768
06,007,,122458,135188,0.9058348374116045,0.8979525718588225,0.9137171029643866
06,009,,33198,35917,0.9242976863323774,0.9107115044011508,0.937883868263604
06,011,,10439,14077,0.7415642537472473,0.6986495425027165,0.7844789649917782
06,013,,731246,816152,0.8959679079387173,0.8920197083882051,0.8999161074892295
06,015,,17017,19816,0.858750504642713,0.8360158151921135,0.8814851940933124
06,017,,135543,142436,0.9516063354769861,0.94581624650947,0.9573964244445022
06,019,,503235,636203,0.7909975275187322,0.7856551557185842,0.7963398993188802
06,021,,14369,18378,0.7818587441506148,0.7564077677374114,0.8073097205638183
06,023,,85533,93031,0.9194032096827939,0.9106188849518654,0.9281875344137224
06,025,,79682,111419,0.7151563018874698,0.6986033784911811,0.7317092252837585
06,027,,12809,13770,0.9302106027596224,0.9151735492999853,0.9452476562192595
06,029,,433910,563569,0.7699323419137675,0.7636580552853183,0.7762066285422167
06,031,,73002,96271,0.7582968910679229,0.7436412486014061,0.7729525335344396
06,033,,42822,48884,0.8759921446690123,0.8593458671958789,0.8926384221421457
06,035,,17212,22345,0.7702841799060193,0.7506498208997809,0.7899185389122576
06,037,,5593822,6917487,0.8086494416252608,,
06,039,,74210,101462,0.7314068321144862,0.7168559525472146,0.7459577116817578
06,041,,176004,189753,0.9275426475470744,0.9205097557624186,0.9345755393317302
06,043,,12043,13344,0.9025029976019184,0.8743518379184116,0.9306541572854252
06,045,,56842,65093,0.8732428986219717,0.858834456189135,0.8876513410548084
06,047,,125865,174127,0.72283448287744,0.7106519530056451,0.7350170127492349
06,049,,5559,6415,0.8665627435697584,0.8045921804934467,0.92853330664607
06,051,,9069,10217,0.887638249975531,0.8376880220358138,0.9375884779152481
06,053,,206159,281390,0.7326450833362949,0.7244629002702222,0.7408272664023675
06,055,,82961,97520,0.8507075471698113,0.8388035753753212,0.8626115189643014
06,057,,75385,79518,0.9480243466888,0.9386446782933401,0.9574040150842599
06,059,,1930844,2217917,0.8705663917991521,,
06,061,,282945,297631,0.950657021614012,0.9462886057345098,0.9550254374935142
06,063,,14217,15180,0.9365612648221344,0.9152046038374746,0.9579179258067942
06,065,,1377536,1649835,0.834953798410144,,
06,067,,968924,1097404,0.8829236999318392,,
06,069,,37005,44349,0.8344043834133802,0.8190193548694161,0.8497894119573443
06,071,,1172655,1421562,0.8249059836996205,,
06,073,,2033091,2281385,0.8911652351532073,,
06,075,,588821,661758,0.8897829720230054,0.8857535260783265,0.8938124179676843
06,077,,415473,513773,0.8086703660955324,0.8026203311015772,0.8147204010894877
06,079,,175497,190352,0.9219603681600403,0.9154229351930772,0.9284978011270035
06,081,,489863,542805,0.9024658947504168,0.8978825850174653,0.9070492044833683
06,083,,227962,278364,0.8189349197453694,0.8118219655027857,0.826047873987953
06,085,,1202486,1347266,0.8925379249532015,,
06,087,,158482,178903,0.8858543456509952,0.8775655836400147,0.8941431076619757
06,089,,118713,128897,0.9209911790033903,0.9137545572477371,0.9282278007590435
06,091,,1939,2096,0.9250954198473282,0.8766705816658473,0.9735202580288091
06,093,,29483,32155,0.9169025034986783,0.9046951199917921,0.9291098870055645
06,095,,279602,315641,0.8858228176947862,0.879298628837228,0.8923470065523444
06,097,,314707,354661,0.8873459444370821,0.8814153475369431,0.8932765413372212
06,099,,283008,354367,0.7986296692412104,0.7913823504203656,0.8058769880620551
06,101,,52267,65188,0.8017886727618581,0.7846516944775241,0.818925651046192
06,103,,38904,44633,0.8716420585665315,0.8558998719135156,0.8873842452195475
06,105,,11485,12461,0.9216756279592329,0.8904424340415292,0.9529088218769365
06,107,,215131,287690,0.7477875490979874,0.739400537114346,0.7561745610816288
06,109,,38892,41675,0.9332213557288542,0.9197024013140315,0.946740310143677
06,111,,494554,580810,0.8514901602933834,0.847067842452762,0.8559124781340048
06,113,,116262,131208,0.8860892628498263,0.8771110791263477,0.8950674465733048
06,115,,46084,53788,0.8567710269948687,0.838865469081422,0.8746765849083155
08,000,,3804007,4095727,0.9287745496709131,0.9273087483815885,0.9302403509602377
08,001,,298175,349914,0.8521379538972433,0.8453639045470899,0.8589120032473968
08,003,,9042,10209,0.885689097854834,0.836595079696261,0.9347831160134069
08,005,,419983,456918,0.9191649267483444,0.9152002674920219,0.9231295860046669
08,007,,10547,11052,0.9543069127759681,0.932041947277742,0.9765718782741942
08,009,,2202,2510,0.8772908366533865,0.8330404199967617,0.9215412533100112
08,011,,3557,4289,0.8293308463511307,0.7881287352238256,0.8705329574784358
08,013,,211412,220629,0.9582239868738923,0.9535365030351346,0.96291147071265
08,014,,52564,54521,0.9641055739990095,0.9575712336490942,0.9706399143489248
08,015,,15631,16499,0.9473907509546033,0.9301532833786028,0.9646282185306039
08,017,,1165,1263,0.9224069675376089,0.9091756679592344,0.9356382671159833
08,019,,6929,7411,0.9349615436513291,0.9059556646346169,0.9639674226680414
08,021,,4652,5131,0.9066458779964919,0.8851306497872125,0.9281611062057713
08,023,,2476,2752,0.8997093023255814,0.8611613699817829,0.9382572346693799
08,025,,3593,4414,0.8140009062075215,0.7812046256296903,0.8467971867853528
08,027,,3975,4173,0.9525521207764198,0.9256364219551831,0.9794678195976565
08,029,,21250,23409,0.9077705156136529,0.8910792348540408,0.9244617963732649
08,031,,485010,532052,0.91158383015194,0.9073541562420685,0.9158135040618115
08,033,,1941,2032,0.9552165354330708,0.8958031714487994,1
08,035,,253858,259400,0.9786353122590594,0.975344764730027,0.9819258597880919
08,037,,38134,40108,0.9507828862072405,0.9323433393146096,0.9692224330998714
08,039,,19462,20179,0.964468011298875,0.9544513952280299,0.9744846273697202
08,041,,469268,493667,0.9505759955597599,0.9469956784613395,0.95415631265818035
08,043,,35175,38745,0.907859078590786,0.8927385868874224,0.9229795702941496
08,045,,37468,41932,0.8935419250214633,0.8790838246366376,0.9080000254062891
08,047,,4426,4737,0.9343466328900147,0.8624293434624103,1
08,049,,11898,12437,0.9566615743346466,0.9385857815241234,0.9747373671451698
08,051,,11391,11668,0.9762598560164553,0.961636169871672,0.9908835421612385
08,053,,778,778,1,1,1
08,055,,5067,5442,0.9310915104740904,0.9030145027302827,0.9591685182178982
08,057,,1001,1094,0.9149908592321755,0.8423124418892534,0.9876692765750976
08,059,,411128,429259,0.9577620970090318,0.954369729948196,0.9611544640698676
08,061,,916,989,0.9261880687563195,0.8737397205082081,0.9786364170044309
08,063,,4337,4759,0.9113259088043707,0.8849101849274099,0.9377416326813315
08,065,,4833,5150,0.9384466019417476,0.8853397291918628,0.9915534746916324
08,067,,39901,41347,0.9650276924565264,0.9567958116317951,0.9732595732812578
08,069,,239087,247787,0.9648891991912408,0.960991576631151,0.9687868217513307
08,071,,9657,10701,0.9024390243902439,0.8833173780993324,0.9215606706811554
08,073,,3605,4184,0.8616156787762906,0.8158712081628573,0.907360149389724
08,075,,13581,15104,0.899165783898305,0.8784422655613848,0.9198893022352252
08,077,,104549,112574,0.9287135573045285,0.9189513000815975,0.9384758145274595
08,079,,615,625,0.984,0.9513928974002936,1
08,081,,8313,9149,0.9086238933216745,0.8763960450751758,0.9408517415681732
08,083,,17578,19214,0.9148537524721557,0.8953599032799332,0.9343476016643782
08,085,,29248,31946,0.9155449821573906,0.8995898055060075,0.9315001588087736
08,087,,16824,19651,0.8561396366597119,0.8281990033011234,0.8840802700183005
08,089,,11138,12561,0.8867128413342886,0.8554736067694916,0.9179520758990857
08,091,,4234,4347,0.9740050609615827,0.9529496576263553,0.99506046429681
08,093,,14384,14699,0.9785699707463092,0.9671493920724431,0.9899905494201754
08,095,,2821,3142,0.8978357733927435,0.8382965488271721,0.9573749979583148
08,097,,13303,13802,0.9638458194464571,0.9409998841717775,0.9866917547211367
08,099,,6577,7599,0.8655086195552046,0.8317020170439531,0.8993152220664562
08,101,,107553,118414,0.9082794264191734,0.9005882771635513,0.9159705756747955
08,103,,4254,4442,0.9576767221972085,0.9380120231581485,0.9773414212362684
08,105,,7245,8190,0.8846153846153846,0.845219302663972,0.9240114665667971
08,107,,18547,19040,0.9741071428571428,0.9620724191408617,0.986141866573424
08,109,,4816,5238,0.9194348988163421,0.8873248099589758,0.9515449876737084
08,111,,589,589,1,1,1
08,113,,6119,6229,0.9823406646331675,0.8937062590499579,1
08,115,,1547,1625,0.952,0.9261389166123791,0.9778610833876208
08,117,,23067,24059,0.9587680285963672,0.9419555269103137,0.9755805302824208
08,119,,19032,19775,0.9624273072060683,0.9492323028697888,0.9756223115423478
08,121,,3092,3438,0.8993600930773705,0.8704941961565976,0.9282259899981434
08,123,,204129,230156,0.8869158310015816,0.8790729920347454,0.8947586699684177
08,125,,5358,6578,0.8145332927941623,0.7858799697711435,0.8431866158171811
09,000,,2338239,2554584,0.9153110643455059,0.9133452431910795,0.9172768854999324
09,001,U,,,,,
09,003,U,,,,,
09,005,U,,,,,
09,007,U,,,,,
09,009,U,,,,,
09,011,U,,,,,
09,013,U,,,,,
09,015,U,,,,,
09,110,A,622824,681319,0.9141444756421001,0.9105964952176435,0.9176924560665567
09,120,A,193827,222251,0.8721085619412287,0.8632236254905082,0.8809934983919491
09,130,A,125363,131296,0.9548120277845479,0.9485901661596272,0.9610338894094685
09,140,A,295394,326360,0.9051170486579238,0.8996692509192996,0.9105648463965479
09,150,A,66337,71710,0.9250732115465068,0.9174723311863192,0.9326740919066944
09,160,A,80155,85120,0.941670582706767,0.9324972236310111,0.9508439417825229
09,170,A,368222,399673,0.9213081694285078,0.9166470823925009,0.9259692564645147
09,180,A,184063,198368,0.9278865542829489,,
09,190,A,402054,438487,0.9169120179161526,0.912186485121629,0.9216375507106762
10,000,,662711,723044,0.9165569453587886,0.9133115941025112,0.9198022966150661
10,001,,115066,126457,0.9099219497536712,0.9013393582045651,0.9185045413027774
10,003,,372982,402879,0.925791614852102,0.921052990176324,0.93053023952788
10,005,,174663,193708,0.9016819129824272,0.8949976715632875,0.9083661544015669
11,000,,453024,488919,0.9265829309149368,0.9219518509562621,0.9312140108736116
11,001,,453024,488919,0.9265829309149368,0.9219518509562621,0.9312140108736116
12,000,,14597205,16228400,0.8994851618150896,0.8982749209159322,0.9006954027142471
12,001,,164816,174336,0.9453928046989721,0.9397903050995935,0.9509953042983508
12,003,,16569,19020,0.8711356466876972,0.8498745696456739,0.8923967237297205
12,005,,121510,132943,0.9140007371580301,0.9047475049499074,0.9232539693661528
12,007,,16769,20118,0.8335321602544985,0.8084531773379088,0.8586111431710882
12,009,,442411,474168,0.9330258473789881,0.9284458343663713,0.9376058603916049
12,011,,1282789,1418380,0.9044043204218898,0.901258534759567,0.9075501060842126
12,013,,8155,9871,0.8261574308580691,0.8005883868781938,0.8517264748379445
12,015,,154958,167479,0.925238388096418,0.9175219527933859,0.9329548233994501
12,017,,118849,129981,0.9143567136735369,0.9067696630055947,0.9219437643414791
12,019,,146385,158246,0.9250470785991431,0.9163402950128764,0.9337538621854099
12,021,,277348,308251,0.8997472838693142,0.892253679293683,0.9072408884449454
12,023,,43207,50225,0.8602687904430065,0.8403601133156388,0.8801774675703743
12,027,,19264,26215,0.7348464619492657,0.702439726312158,0.7672531975863734
12,029,,10829,12792,0.8465447154471545,0.813955360993634,0.879134069900675
12,031,,643396,704962,0.9126676331490208,0.9078075769395694,0.9175276893584722
12,033,,202329,222619,0.9088577345150234,0.9018711361404751,0.9158443328895717
12,035,,91914,98433,0.9337722105391485,0.9238176632322681,0.9437267578460289
12,037,,8344,9889,0.8437658003842653,0.8139573722939194,0.8735742284746112
12,039,,25149,30782,0.817003443570918,0.7926882810957798,0.8413186060460562
12,041,,11627,13395,0.8680104516610676,0.8385218665454818,0.8974990367766534
12,043,,7433,9875,0.7527088607594937,0.7097904944208894,0.7956272270980981
12,045,,10174,11974,0.8496742943043261,0.8201710635782025,0.8791775250304497
12,047,,8030,9839,0.816139851610936,0.7856072793078513,0.8466724239140208
12,049,,12825,16675,0.7691154422788605,0.7374573633417695,0.8007735212159516
12,051,,18497,27183,0.6804620534893132,0.6406443366327437,0.7202797703458828
12,053,,140324,155161,0.9043767441560702,0.8952317237116246,0.9135217646005157
12,055,,71204,82181,0.8664289799345347,0.8526093595264755,0.8802486003425939
12,057,,946713,1054856,0.897480793586992,0.8935338650949546,0.9014277220790293
12,059,,12429,14200,0.8752816901408451,0.85046406566992,0.9000993146117702
12,061,,121257,131802,0.9199936268038421,0.9110856283839199,0.9289016252237643
12,063,,29601,35299,0.8385789965721409,0.8183703554005316,0.8587876377437501
12,065,,9970,11276,0.8841787868038311,0.8635643500724905,0.9047932235351717
12,067,,4937,6008,0.8217376830892144,0.7824954574118876,0.8609799087665411
12,069,,281113,307619,0.9138349711818841,0.9081681460892317,0.9195017962745364
12,071,,558327,618547,0.9026428064480144,0.8974571308694199,0.9078284820266089
12,073,,167690,178707,0.9383516034626511,0.9325987623853121,0.9441044445399901
12,075,,29729,33735,0.8812509263376316,0.8627979650445851,0.8997038876306781
12,077,,4546,5702,0.7972641178533848,0.7595377407137629,0.8349904949930067
12,079,,10859,13552,0.8012839433293979,0.7683777574274091,0.8341901292313867
12,081,,297240,326931,0.9091826715729007,0.9030298138832162,0.9153355292625851
12,083,,268066,299128,0.8961581664036801,0.8895026005670081,0.902813732240352
12,085,,117309,126101,0.9302781104035655,0.9227913911599964,0.9377648296471345
12,086,,1649424,1964800,0.8394869706840391,0.8360850149582169,0.8428889264098613
12,087,,60186,64618,0.9314122999783342,0.9206260133117824,0.942198586644886
12,089,,67688,72891,0.928619445473378,0.9172507855398265,0.9399881054069296
12,091,,139441,149498,0.9327281970327362,0.9254969694045896,0.9399594246608829
12,093,,23245,28995,0.8016899465425074,0.7817313637629268,0.8216485293220879
12,095,,911944,1007057,0.905553508887779,0.901527154662004,0.909579863113554
12,097,,257115,287367,0.8947269519464657,0.8848354317749562,0.9046184721179752
12,099,,1008838,1131157,0.8918638173127161,0.8874386339705039,0.8962890006549283
12,101,,406034,443636,0.9152413239682984,0.9108716019202794,0.9196110460163174
12,103,,699731,753975,0.9280559700255313,0.9243775072807957,0.9317344327702669
12,105,,482030,548366,0.8790296991425435,0.8735562501942902,0.8845031480907968
12,107,,44356,53876,0.8232979434256441,0.8008059162303529,0.8457899706209353
12,109,,210802,220153,0.9575249939814583,0.9514131416650329,0.9636368462978837
12,111,,236051,264508,0.8924153522766797,0.8826693156479941,0.9021613889053652
12,113,,130802,140549,0.9306505204590569,0.9215345574110102,0.9397664835071037
12,115,,350002,369342,0.947636607805232,0.94246717418684,0.9528060414236239
12,117,,323244,343922,0.9398759020940795,0.934217664418208,0.9455341397699509
12,119,,119704,129083,0.9273413230247205,0.9183766826672883,0.9363059633821527
12,121,,27341,32088,0.8520630765395163,0.8283534948227254,0.8757726582563072
12,123,,13301,15620,0.8515364916773367,0.8239227360103342,0.8791502473443392
12,125,,8786,11177,0.7860785541737496,0.7567631242835917,0.8153939840639075
12,127,,398285,432641,0.920590050411311,0.9160779041772152,0.9251021966454068
12,129,,22619,25584,0.8841072545340838,0.8632114902710617,0.9050030187971059
12,131,,55590,60359,0.9209894133434947,0.9075869462728361,0.9343918804141533
12,133,,15755,18682,0.84332512578953,0.8219250032624115,0.8647252483166485
13,000,,6568251,7359821,0.8924471125045025,0.8906020983668866,0.8942921266421183
13,001,,10634,12596,0.8442362654811051,0.8119576480753741,0.8765148828868361
13,003,,3849,5610,0.686096256684492,0.6304412704868709,0.7417512428821131
13,005,,6293,7329,0.8586437440305635,0.8171918706063203,0.9000956174548068
13,007,,1922,2140,0.8981308411214953,0.8657851862711956,0.930476495971795
13,009,,24191,27781,0.8707749901011482,0.8515640547186268,0.8899859254836696
13,011,,11322,13644,0.8298153034300791,0.7953693703351756,0.8642612365249827
13,013,,53032,59830,0.8863780712017383,0.8741755391161387,0.8985806032873379
13,015,,68684,77530,0.885902231394299,0.873917543485984,0.897886919302614
13,017,,9776,11647,0.8393577745342148,0.8025142168781899,0.8762013321902397
13,019,,10647,12759,0.8344697860333882,0.8090330503472876,0.8599065217194888
13,021,,90510,103509,0.8744167173868939,0.8606738917941451,0.8881595429796426
13,023,,7073,8184,0.864247311827957,0.8350968970476895,0.8933977266082245
13,025,,10880,12979,0.8382772170429155,0.8020983647006734,0.8744560693851575
13,027,,9735,11518,0.8451988192394513,0.8059172937350092,0.8844803447438934
13,029,,28156,30382,0.9267329339740636,0.9064931449393177,0.9469727230088096
13,031,,42441,47184,0.8994786368260427,0.8856891226975433,0.9132681509545421
13,033,,13016,15891,0.8190799823799635,0.7833929048735484,0.8547670598863786
13,035,,15603,18478,0.8444095681350795,0.8227980162350932,0.8660211200350658
13,037,,3295,4178,0.7886548587841072,0.7390575807777914,0.8382521367904231
13,039,,34762,37101,0.9369558772000754,0.9248278695182207,0.9490838848819302
13,043,,6031,7280,0.828434065934066,0.7850254431743316,0.8718426886938003
13,045,,68435,79764,0.857968507095933,0.8430384000304975,0.8728986141613685
13,047,,43347,48318,0.8971190860548863,0.8833297900853411,0.9109083820244316
13,049,,6733,8262,0.8149358508835634,0.7632062284950983,0.8666654732720284
13,051,,188680,207006,0.9114711650870023,0.9030137032953351,0.9199286268786695
13,053,,4087,4234,0.9652810581010864,0.9345662868884002,0.9959958293137727
13,055,,13296,17623,0.754468592180673,0.7197746224732966,0.7891625618880493
13,057,,179100,193718,0.9245397949596836,0.9160228883090001,0.9330567016103671
13,059,,66905,74614,0.8966815879057549,,
13,061,,1705,1977,0.8624178047546788,0.8159327376427388,0.9089028718666188
13,063,,162376,189995,0.8546330166583331,0.843485163626127,0.8657808696905392
13,065,,3602,4606,0.7820234476769431,0.7002502841773529,0.8637966111765333
13,067,,492575,529840,0.9296674467763854,0.9245399681867011,0.9347949253660696
13,069,,23146,28768,0.8045745272525028,0.7734156027060027,0.8357334517990028
13,071,,24351,30193,0.8065114430497136,0.7826910393549256,0.8303318467445016
13,073,,101116,109322,0.9249373410658422,0.9129855756579782,0.9368891064737063
13,075,,9615,11496,0.8363778705636743,0.7979652259814842,0.8747905151458644
13,077,,96863,105229,0.9204972013418354,0.9117271276341765,0.9292672750494944
13,079,,7317,8603,0.8505172614204347,0.8153595572571318,0.8856749655837376
13,081,,11278,13454,0.8382637133937862,0.8070083367556539,0.8695190900319186
13,083,,10064,11363,0.8856815981694975,0.8579208619716805,0.9134423343673146
13,085,,19485,21652,0.899916866802143,0.8775746410020576,0.9222590926022284
13,087,,16324,19522,0.8361848171293925,0.8067851997477673,0.8655844345110177
13,089,,477915,526378,0.9079311825342244,0.9023796123650281,0.9134827527034208
13,091,,12193,14469,0.8426981823208238,0.8059099651974119,0.8794863994442358
13,093,,7222,8584,0.8413327120223671,0.8024336917140619,0.8802317323306724
13,095,,46779,54415,0.8596710465864192,0.844076765189702,0.8752653279831365
13,097,,88266,96624,0.9134997516145057,0.9023510902330228,0.9246484129959885
13,099,,5877,7060,0.8324362606232295,0.7948187351477194,0.8700537860987396
13,101,,1812,2194,0.8258887876025525,0.7791172770002233,0.8726602982048817
13,103,,41371,45665,0.9059673710719369,0.8904542533967976,0.9214804887470762
13,105,,12150,14154,0.8584145824501908,0.8177363534275163,0.8990928114728652
13,107,,12248,15361,0.7973439229216848,0.7631401994842794,0.8315476463590902
13,109,,5812,7072,0.8218325791855203,0.7778574939046522,0.8658076644663885
13,111,,17784,20072,0.8860103626943006,0.8563942773779321,0.9156264480106691
13,113,,80112,84438,0.9487671427556313,0.9407087628942632,0.9568255226169995
13,115,,56241,66421,0.8467352192830581,0.8304460116662881,0.8630244268998281
13,117,,167480,177353,0.9443313617474753,0.9376433661892092,0.9510193573057415
13,119,,13724,16519,0.8308008959380108,0.8004966401943915,0.86110515168163
13,121,,701280,747549,0.9381057295240847,0.9343656999340184,0.9418457591141509
13,123,,21259,24384,0.8718421916010499,0.8521937989199087,0.8914905842821912
13,125,,1655,2048,0.80810546875,0.7442934393407741,0.8719174981592259
13,127,,55018,61129,0.9000310818105972,0.8843864008527316,0.9156757627684629
13,129,,32552,40360,0.8065411298315164,0.7794409621632739,0.8336412974997589
13,131,,14232,17678,0.8050684466568616,0.7766552937502057,0.8334815995635175
13,133,,13603,15398,0.8834264190154566,0.8582194059764298,0.9086334320544834
13,135,,555843,632663,0.8785767462298254,0.8736470091534587,0.8835064833061921
13,137,,26973,32671,0.82559456398641,0.8059622127781809,0.845226915194639
13,139,,115473,142481,0.8104449014254532,0.8004203929188423,0.8204694099320642
13,141,,5111,6712,0.761471990464839,0.7074959773640357,0.8154480035656424
13,143,,18181,21479,0.8464546766609247,0.8250881959185458,0.8678211574033036
13,145,,23786,25303,0.940046634786389,0.9247245806406469,0.955368688932131
13,147,,16911,19797,0.8542203364146083,0.8281325094375172,0.8803081633916994
13,149,,7154,8135,0.8794099569760295,0.8489804403631618,0.9098394735888973
13,151,,152335,163743,0.9303298461613626,0.9226181146685978,0.9380415776541274
13,153,,103396,111817,0.9246894479372546,0.915616899114383,0.9337619967601262
13,155,,5319,6240,0.8524038461538461,0.8079285663789297,0.8968791259287625
13,157,,50640,57117,0.8866011870371343,0.8719336854773235,0.9012686885969451
13,159,,9797,10937,0.8957666636189083,0.8685159676365499,0.9230173596012667
13,161,,7445,9634,0.7727838903882084,0.7212913634869116,0.8242764172895052
13,163,,8748,10456,0.8366488140780414,0.8051024069728616,0.8681952211832211
13,165,,5288,6597,0.801576474154919,0.7675587537901046,0.8355941945197333
13,167,,5238,6827,0.7672476929837411,0.7235792693786214,0.8109161165888608
13,169,,18494,20107,0.919779181379619,0.8988944417991177,0.9406639209601203
13,171,,11986,13373,0.8962835564196515,0.8734118377382909,0.9191552751010121
13,173,,6037,6858,0.8802857976086322,0.8359308237683727,0.9246407714488918
13,175,,29131,33532,0.8687522366694501,0.848464655506899,0.8890398178320013
13,177,,20443,22130,0.9237686398553999,0.8981366867859519,0.9494005929248479
13,179,,36330,39222,0.9262658711947377,0.9121899234076123,0.9403418189818631
13,181,,5114,5820,0.8786941580756014,0.8436316218046221,0.9137566943465806
13,183,,9888,11577,0.8541072816791915,0.8163708845851804,0.8918436787732026
13,185,,64731,71859,0.900805744583142,0.8906893815250914,0.9109221076411926
13,187,,19315,21534,0.8969536546856135,0.8744297049218613,0.9194776044493657
13,189,,12972,14901,0.8705456009663781,0.8456240045535582,0.895467197379198
13,191,,7549,9035,0.8355285002767017,0.794702628860089,0.8763543716933143
13,193,,6780,8757,0.7742377526550188,0.7253533483090505,0.8231221570009871
13,195,,18066,21654,0.8343031310612358,0.8031973172017182,0.8654089449207534
13,197,,4257,5438,0.7828245678558293,0.7262776813856467,0.8393714543260119
13,199,,12481,15032,0.8302953698775944,0.7966624786207092,0.8639282611344797
13,201,,3479,4134,0.8415578132559265,0.7959556522676428,0.8871599742442102
13,205,,11905,14360,0.8290389972144847,0.7995034944875428,0.8585744999414266
13,207,,18770,20597,0.9112977618099724,0.8931700537703272,0.9294254698496175
13,209,,5036,5807,0.8672292061305321,0.8421144092893169,0.8923440029717473
13,211,,13674,14960,0.9140374331550802,0.8945182888697908,0.9335565774403697
13,213,,21661,27461,0.7887913768617312,0.760641592192978,0.81694116153048435
13,215,,120537,134657,0.8951409878431867,0.8850206202840688,0.9052613554023047
13,217,,69476,77040,0.9018172377985462,0.8884448784100829,0.9151895971870094
13,219,,27466,28501,0.9636854847198344,0.9545042365551715,0.9728667328844973
13,221,,9737,11028,0.8829343489299963,0.8547468616776495,0.9111218361823432
13,223,,109356,118289,0.9244815663333024,0.9154144279403461,0.9335487047262586
13,225,,16457,18488,0.8901449588922544,0.8715318986161598,0.9087580191683491
13,227,,23416,26052,0.8988177491171503,0.8788805361102917,0.9187549621240089
13,229,,12023,13642,0.8813223867468113,0.8523409977676769,0.9103037757259457
13,231,,12177,13647,0.8922840184655968,0.871324708417814,0.9132433285133796
13,233,,24748,29295,0.8447857996245093,0.8220786801906291,0.8674929190583894
13,235,,6467,7637,0.8467984810789577,0.7927780250067405,0.9008189371511749
13,237,,14505,16749,0.8660218520508687,0.8332964315716805,0.8987472725300568
13,239,,1352,1671,0.8090963494913226,0.7158594425485232,0.902333256434122
13,241,,12146,13448,0.9031826293872695,0.8845592384526103,0.9218060203219286
13,243,,3566,4112,0.8672178988326849,0.8336757084215745,0.9007600892437952
13,245,,119919,136506,0.8784888576326315,0.8673115067154568,0.8896662085498063
13,247,,58539,64112,0.9130739955078613,0.8998494884152957,0.9262985026004269
13,249,,2680,3101,0.8642373427926475,0.8155396691270292,0.9129350164582658
13,251,,9010,10460,0.861376673040153,0.8321219980439613,0.8906313480363447
13,253,,6015,6817,0.8823529411764706,0.8426285821717442,0.9220773001811969
13,255,,40500,47347,0.8553868249308298,0.8376665491066707,0.873107100754989
13,257,,15853,18632,0.8508480034349506,0.8197343554063242,0.881961651463577
13,259,,3166,3959,0.799696893154837,0.7081640876213381,0.891229698688336
13,261,,15708,18529,0.8477521722704949,0.8174378506038263,0.8780664939371635
13,263,,3582,4346,0.8242061665899678,0.7878391021355534,0.8605732310443822
13,265,,1004,1150,0.8730434782608696,0.8121742130137787,0.9339127435079605
13,267,,13908,16802,0.8277586001666468,0.8015156081442075,0.8540015921890861
13,269,,4547,5716,0.7954863540937719,0.7500982307143756,0.8408744774731681
13,271,,6763,8685,0.7786989061600461,0.729024682837643,0.8283731294824492
13,273,,4938,6174,0.7998056365403304,0.7428692534858035,0.8567420195948574
13,275,,27875,31271,0.8914009785424195,0.8734587377578661,0.9093432193269729
13,277,,23574,27242,0.8653549665956978,0.8443543947158684,0.8863555384755272
13,279,,14737,17439,0.8450599231607316,0.8169693021090375,0.8731505442124258
13,281,,9167,9916,0.9244655102864058,0.9030594032598469,0.9458716173129647
13,283,,3194,4290,0.7445221445221445,0.6796965818686035,0.8093477071756855
13,285,,41970,47141,0.8903078000042426,0.8722883369141458,0.9083272630943394
13,287,,4517,5897,0.7659827030693573,0.7038990779797604,0.8280663281589543
13,289,,4656,5957,0.7816014772536511,0.7299339179198548,0.8332690365874474
13,291,,18428,20871,0.8829476306837238,0.8570976013174721,0.9087976600499755
13,293,,16571,19346,0.8565594955029463,0.8240812770197282,0.8890377139861644
13,295,,42619,48971,0.8702905801392661,0.8527282750633045,0.8878528852152276
13,297,,61118,69731,0.876482482683455,0.8597769573294729,0.893188008037437
13,299,,20078,24219,0.8290185391634667,0.8020855930077201,0.8559514853192133
13,301,,2886,3771,0.7653142402545744,0.7160311173166386,0.8145973631925102
13,303,,11791,14007,0.8417933890197759,0.8132426095095676,0.8703441685299841
13,305,,18101,20890,0.8664911440880804,0.8435458923047018,0.889436395871459
13,307,,1593,1794,0.8879598662207357,0.8381651773212235,0.937754555120248
13,309,,3695,4672,0.7908818493150684,0.7400070266172363,0.8417566720129006
13,311,,17416,20542,0.847823970402103,0.8197484332695238,0.8758995075346822
13,313,,51357,67893,0.7564402810304449,0.736740109200074,0.7761404528608158
13,315,,5146,6501,0.7915705276111368,0.7558557823603768,0.8272852728618968
13,317,,5874,7125,0.8244210526315789,0.7731135148758025,0.8757285903873554
13,319,,5376,6081,0.8840651208682783,0.8562158090199721,0.9119144327165845
13,321,,12377,14471,0.8552968004975469,0.8312746468883968,0.8793189541066969
15,000,,959722,1030197,0.9315907540014191,0.929137226464715,0.9340442815381232
15,001,,139379,149578,0.9318148390806135,0.9252422882445541,0.9383873899166728
15,003,,659511,708001,0.9315113961703444,,
15,005,,54,67,0.8059701492537313,0.43506422021525304,1
15,007,,49696,53395,0.9307238505478042,0.9207862383626936,0.9406614627329147
15,009,,111082,119156,0.9322400886233173,0.9250230014512587,0.9394571757953759
16,000,,1174076,1278185,0.9185493492726013,0.9157186805218035,0.9213800180233992
16,001,,341520,358861,0.9516776690696398,0.9481419117526212,0.9552134263866584
16,003,,3387,3647,0.928708527556896,0.8934338744645102,0.9639831806492819
16,005,,54143,57776,0.937119219052894,0.92753599422274835,0.9467024438830396
16,007,,4006,4337,0.9236799631081393,0.897947282452436,0.9494126437638425
16,009,,6314,7206,0.8762142658895365,0.8442526959157651,0.908175835863308
16,011,,27245,30650,0.8889070146818924,0.8743206774371791,0.9034933519266056
16,013,,16669,18213,0.9152253884587932,0.8911550140639626,0.9392957628536238
16,015,,6264,6531,0.9591180523656407,0.9474832706116056,0.9707528341196758
16,017,,35383,38336,0.9229705759599333,0.9081016177267066,0.9378395341931599
16,019,,73562,80020,0.9192951762059485,0.910126060705494,0.928464291706403
16,021,,7934,9211,0.8613614156986212,0.8169758325098545,0.905746998887388
16,023,,1650,1852,0.8909287257019438,0.8510523547844969,0.9308050966193907
16,025,,688,791,0.8697850821744627,0.7902690231244455,0.94930114122448
16,027,,140683,160382,0.8771744958910601,0.8686551314837732,0.8856938602983471
16,029,,4299,4727,0.9094563147873915,0.8760828586205782,0.9428297709542048
16,031,,12852,15054,0.8537265842965325,0.8284254996464131,0.8790276689466519
16,033,,374,503,0.7435387673956262,0.6113384755829321,0.8757390592083203
16,035,,6593,7169,0.919654066118008,0.9036324300152303,0.9356757022207858
16,037,,3454,3678,0.9390973355084284,0.8958685434751378,0.9823261275417191
16,039,,16470,18726,0.8795257930150593,0.8557554963121342,0.9032960897179844
16,041,,8700,9093,0.9567799406136589,0.9362684972201855,0.9772913840071323
16,043,,8602,9472,0.9081503378378378,0.8873842745638509,0.9289164011118247
16,045,,13129,14664,0.8953218767048554,0.8723261712070333,0.9183175822026776
16,047,,8340,10327,0.8075917497821246,0.7790357790602088,0.8361477205040403
16,049,,11847,12894,0.9187994416007446,0.8998270237422,0.9377718594592891
16,051,,18222,19538,0.9326440782065718,0.9149534984205763,0.9503346579925673
16,053,,11409,15515,0.7353528843055108,0.7033045272182263,0.7674012413927953
16,055,,121520,128268,0.947391399257804,0.940471802364051,0.954310996151557
16,057,,23276,24130,0.9646083713220058,0.9550861117995332,0.9741306308444785
16,059,,5575,6139,0.9081283596676983,0.8744909378828708,0.9417657814525259
16,061,,2458,2689,0.9140944589066567,0.8879265088600331,0.9402624089532804
16,063,,2992,3560,0.8404494382022472,0.8044860966382115,0.8764127797662828
16,065,,17911,18417,0.9725253841559429,0.9624145884744923,0.9826361798373935
16,067,,11619,13991,0.8304624401400901,0.7971374604431986,0.8637874198369816
16,069,,28041,29893,0.9380456963168635,0.9224675920961181,0.953623800537609
16,071,,2998,3133,0.9569103096074051,0.9262964269954621,0.9875241922193481
16,073,,6578,8408,0.7823501427212178,0.7419400742214622,0.8227602112209734
16,075,,15730,18239,0.8624376336421953,0.8420436711512197,0.8828315961331709
16,077,,4499,5127,0.8775112151355569,0.8371478824176091,0.9178745478535046
16,079,,8979,9986,0.8991588223512919,0.8737971556628815,0.9245204890397022
16,081,,8178,8839,0.925217784817287,0.9046526214739482,0.9457829481606258
16,083,,54352,60892,0.8925967286343034,0.8788796353433096,0.9063138219252972
16,085,,8607,9463,0.9095424284053683,0.8661483766977813,0.9529364801129552
16,087,,7024,7838,0.8961469762694565,0.8761517406473802,0.9161422118915328
17,000,,7931250,8767004,0.904670512298158,0.9034840632697445,0.9058569613265715
17,001,,42244,45024,0.9382551528073916,0.925947861921779,0.9505624436930041
17,003,,3058,3497,0.8744638261366886,0.8433239661395591,0.9056036861338181
17,005,,10283,11415,0.900832238282961,0.8817111209669934,0.9199533555989285
17,007,,30756,35680,0.8619955156950673,0.8418622533339105,0.882128778056224
17,009,,3683,4801,0.7671318475317642,0.7272876892306943,0.8069760058328341
17,011,,21529,23539,0.9146097965079231,0.9029394250454549,0.9262801679703913
17,013,,2926,3102,0.9432624113475178,0.9151984906121586,0.9713263320828769
17,015,,10313,11599,0.8891283731356151,0.870053882545107,0.9082028637261232
17,017,,7478,8657,0.8638096338223403,0.8321136677503786,0.895505599894302
17,019,,115306,121243,0.9510322245407983,0.9432565010415664,0.9588079480400301
17,021,,22260,24493,0.9088310945984567,0.8952026378379089,0.9224595513590045
17,023,,9969,10776,0.9251113585746102,0.9040548467382081,0.9461678704110124
17,025,,8158,9011,0.9053379203196094,0.8822861537791766,0.9283896868600421
17,027,,24376,26425,0.9224597918637654,0.9121670012358242,0.9327525824917066
17,029,,27607,30304,0.9110018479408659,0.8918870558531949,0.9301166400285369
17,031,,3224913,3641534,0.8855918961624414,0.8835028558906052,0.8876809364342776
17,033,,12119,13385,0.9054165110197983,0.8803025634188798,0.9305304586207167
17,035,,6866,7294,0.9413216342199068,0.9243851961960603,0.9582580722437533
17,037,,55925,60637,0.9222916701024128,0.9120577573287659,0.9325255828760596
17,039,,10326,10991,0.9394959512328268,0.9222664966486709,0.9567254058169827
17,041,,11660,13326,0.874981239681825,0.8539100758294866,0.8960524035341633
17,043,,601377,646941,0.9295700844435583,0.9261503133702618,0.9329898555168548
17,045,,10860,12180,0.8916256157635468,0.8630659887886365,0.9201852427384571
17,047,,3962,4309,0.9194708749129729,0.9014814319583173,0.9374603178676284
17,049,,22179,23843,0.9302101245648619,0.9159503492433708,0.9444698998863529
17,051,,13175,15091,0.8730369094162084,0.8482820924296954,0.8977917264027213
17,053,,8495,9276,0.9158042259594653,0.8969741745719217,0.9346342773470089
17,055,,23685,26433,0.8960390421064578,0.8797658184872786,0.912312265725637
17,057,,21851,24116,0.9060789517332891,0.8936140659154559,0.9185438375511223
17,059,,3077,3545,0.8679830747531735,0.8332363369684891,0.9027298125378579
17,061,,7547,8276,0.9119139681005317,0.8960861626773511,0.9277417735237123
17,063,,33386,35595,0.9379407220115185,0.9269283586989583,0.9489530853240786
17,065,,5149,5618,0.9165183339266643,0.8862002532107661,0.9468364146425624
17,067,,11698,12498,0.9359897583613378,0.922390907702111,0.9495886090205646
17,069,,2665,2899,0.9192825112107623,0.8971157367766648,0.9414492856448599
17,071,,4260,4686,0.9090909090909091,0.8815063883479708,0.9366754298338473
17,073,,32129,34788,0.9235655973324135,0.9107652895758058,0.9363659050890212
17,075,,16663,18700,0.8910695187165776,0.8778295027564565,0.9043095346766986
17,077,,29348,31605,0.9285872488530296,0.9160404128586055,0.9411340848474536
17,079,,5905,6434,0.9177805408765931,0.8904517281516441,0.9451093536015421
17,081,,23802,25775,0.9234529582929195,0.9144999076279331,0.9324060089579059
17,083,,14089,14966,0.9414005078177201,0.920819331920458,0.9619816837149823
17,085,,15470,16604,0.9317032040472175,0.9167493926116402,0.9466570154827948
17,087,,8106,9495,0.8537124802527646,0.826074323460387,0.8813506370451422
17,089,,303349,346933,0.8743734380989989,0.8685675952015567,0.8801792809964412
17,091,,65819,71873,0.9157680909381827,0.9059768085766187,0.9255593732997467
17,093,,83272,88608,0.939779703864211,0.9298298754733679,0.949729532255054
17,095,,30837,34285,0.8994312381507948,0.8848389471005756,0.914023529201014
17,097,,430584,475309,0.9059033176312672,0.901552171031685,0.9102544642308494
17,099,,70832,77134,0.9182980268104857,0.9107490718675793,0.9258469817533921
17,101,,9566,10992,0.870269286754003,0.8509608515462526,0.8895777219617533
17,103,,22758,24965,0.9115962347286201,0.8965259541801689,0.9266665152770712
17,105,,22262,25134,0.8857324739396834,0.8670867409127748,0.9043782069665919
17,107,,18364,19810,0.9270065623422514,0.9146788826304156,0.9393342420540872
17,109,,15514,16476,0.9416120417577082,0.9292675271674435,0.9539565563479728
17,111,,202590,216281,0.9366980918342341,0.9310905741627331,0.9423056095057352
17,113,,101857,106224,0.9588887633679771,0.953425162857333,0.9643523638786212
17,115,,65348,70226,0.9305385469769032,0.9219159565678271,0.9391611373859793
17,117,,29059,31806,0.9136326479280639,0.8992350187142185,0.9280302771419092
17,119,,173416,184756,0.9386217497672606,0.9325952749635805,0.9446482245709408
17,121,,23316,25698,0.9073079617090825,0.8935981217752827,0.9210178016428822
17,123,,7792,8514,0.9151984965938454,0.8969436087852279,0.933453384402463
17,125,,8571,9219,0.9297103807354377,0.9134515566277613,0.945969204843114
17,127,,9063,9995,0.9067533766883442,0.885748705463692,0.9277580479129964
17,129,,8188,8621,0.9497738081429069,0.9315725823074978,0.967975033978316
17,131,,10441,11123,0.9386856064011507,0.9216502871163201,0.9557209256859813
17,133,,24055,25059,0.9599345544514944,0.9475764139918145,0.9722926949111744
17,135,,18363,20365,0.9016940829855143,0.8849089398201817,0.918479226150847
17,137,,20496,22910,0.8946311654299433,0.8755027120849981,0.9137596187748884
17,139,,8314,9715,0.8557900154400412,0.8335414457299779,0.8780385851501045
17,141,,32859,36064,0.9111302129547472,0.8996982591210761,0.9225621667884182
17,143,,112966,120926,0.9341746191885947,0.9270281572444697,0.9413210811327196
17,145,,12794,14896,0.8588882921589689,0.8370231722772252,0.8807534120407126
17,147,,11535,11985,0.9624530663329162,0.948621894082906,0.9762842385829263
17,149,,9289,10166,0.9137320480031478,0.8987221271095491,0.9287419688967464
17,151,,2732,2949,0.9264157341471685,0.8910200129903412,0.9618114553039958
17,153,,3013,3439,0.8761267810410003,0.8332888344703279,0.9189647276116727
17,155,,3888,4129,0.9416323565027852,0.9221026510687493,0.9611620619368211
17,157,,19099,21928,0.8709868661072602,0.8576182556299327,0.8843554765845877
17,159,,9983,10914,0.9146967198094191,0.8956320225518586,0.9337614170669797
17,161,,88890,98032,0.9067447364126,0.8986389954001898,0.9148504774250102
17,163,,163227,174645,0.9346216610839131,0.9272671154042017,0.9419762067636245
17,165,,15190,16931,0.8971708700017719,0.8743378592382768,0.920003880765267
17,167,,128622,136639,0.9413271467150667,0.9347894062492558,0.9478648871808776
17,169,,4905,5290,0.9272211720226843,0.9021835539172615,0.9522587901281071
17,171,,3261,3531,0.923534409515718,0.8970774940739058,0.9499913249575301
17,173,,14239,15001,0.949203386440904,0.9380059863211714,0.9604007865606365
17,175,,3506,3780,0.9275132275132275,0.9086487040131906,0.9463777510132644
17,177,,28906,31205,0.9263259093094055,0.9153387404439799,0.9373130781748311
17,179,,86836,92090,0.942947116950809,0.9352270435913961,0.950667190310222
17,181,,10674,12204,0.8746312684365781,0.8504167913508645,0.8988457455222918
17,183,,45371,49879,0.9096212835060847,0.9000314707230255,0.919211096289144
17,185,,7215,7775,0.9279742765273312,0.9077298854970643,0.9482186675575981
17,187,,9339,10726,0.8706880477344769,0.8501535583961033,0.8912225370728506
17,189,,9129,9824,0.9292548859934854,0.9117283529734543,0.9467814190135164
17,191,,10071,11235,0.8963951935914553,0.873179478434596,0.9196109087483145
17,193,,8728,9813,0.8894323856109243,0.8647257483183673,0.9141390229034813
17,195,,35536,38673,0.9188839759004991,0.906248941908272,0.9315190098927262
17,197,,433737,472441,0.91807654289107,0.9143269515809814,0.9218261342011586
17,199,,44798,48287,0.9277445275125811,0.9182425003215549,0.9372465547036073
17,201,,171668,193227,0.8884265656455879,0.8810397205346862,0.8958134107564896
17,203,,24585,25943,0.947654473268319,0.9347054565751954,0.9606034899614425
18,000,,4153503,4596004,0.903720492845524,0.9019145934064321,0.905526392284616
18,001,,19289,21694,0.8891398543376049,0.8663372704308414,0.9119424382443684
18,003,,232568,257531,0.9030679801654946,0.8974217760658241,0.9087141842651651
18,005,,51904,56413,0.9200716146987397,0.9047209522704345,0.9354222771270448
18,007,,5251,5907,0.8889453191129169,0.8590646258620391,0.9188260123637946
18,009,,7603,8416,0.903398288973384,0.8756921305344085,0.9311044474123595
18,011,,47467,49995,0.9494349434943494,0.9393616102659923,0.9595082767227066
18,013,,11432,12135,0.942068397198187,0.9276179713805272,0.9565188230158469
18,015,,13022,14538,0.8957215572981153,0.8748841745319357,0.916558940064295
18,017,,22288,26031,0.856209903576505,0.837536950160059,0.8748828569929509
18,019,,79786,87525,0.9115795487003713,0.9003140228962355,0.922845074504507
18,021,,16690,18501,0.9021133992757149,0.8780271268584844,0.9261996716929454
18,023,,18488,21285,0.8685929058022082,0.8495666759979401,0.8876191356064762
18,025,,6504,7555,0.8608868299139643,0.8304690760892537,0.8913045837386748
18,027,,16014,20916,0.7656339644291451,0.7425150399947512,0.788752888863539
18,029,,33318,35955,0.9266583229036295,0.9126399865302447,0.9406766592770143
18,031,,16441,18116,0.9075402958710532,0.886761023906714,0.9283195678353925
18,033,,27730,29855,0.9288226427734048,0.9152817947789424,0.9423634907678671
18,035,,63840,70560,0.9047619047619048,0.8932856361653998,0.9162381733584097
18,037,,26716,29878,0.8941696231340786,0.8746302088582858,0.9137090374098713
18,039,,107936,131311,0.8219874953355012,0.810531579250023,0.8334434114209794
18,041,,14029,16358,0.8576231813180095,0.8341714537086894,0.8810749089273296
18,043,,52163,56178,0.9285307415714337,0.9167157607702004,0.9403457223726669
18,045,,10661,11700,0.9111965811965812,0.886389638361797,0.9360035240313654
18,047,,14633,16231,0.9015464235105662,0.8831699822169701,0.9199228648041624
18,049,,12444,14127,0.8808664259927798,0.8505606112963946,0.9111722406891649
18,051,,20508,22629,0.9062707145697998,0.8902643946285548,0.9222770345110448
18,053,,39152,43823,0.8934121351801565,0.8783108071013052,0.9085134632590078
18,055,,19782,22136,0.8936573906758222,0.8768263789834714,0.910488402368173
18,057,,236725,243378,0.9726639219650092,0.9688932507694332,0.9764345931605851
18,059,,55060,58456,0.9419050225810867,0.9320358216262941,0.9517742235358793
18,061,,25948,28217,0.919587482723181,0.9039629058226751,0.9352120596236869
18,063,,115483,123795,0.9328567389636092,0.9235490034998841,0.9421644744273343
18,065,,31880,35221,0.9051418188012833,0.8942179694688904,0.9160656681336762
18,067,,53254,58020,0.9178559117545674,0.9065270079827673,0.9291848155263674
18,069,,23553,25406,0.9270644729591435,0.9134342485677456,0.9406946973505415
18,071,,27162,30885,0.879456046624575,0.8572929596011971,0.9016191336479529
18,073,,21300,22986,0.9266510049595406,0.9102909908163981,0.943011019102683
18,075,,11510,13385,0.8599178184534927,0.8348993641937962,0.8849362727131892
18,077,,20880,23212,0.8995347234189213,0.8783124386582524,0.9207570081795902
18,079,,16760,19108,0.8771195310864559,0.85149293717532,0.9027461249975918
18,081,,103899,112528,0.923316863358453,0.9146962914781223,0.9319374352387837
18,083,,21665,24200,0.8952479338842976,0.8740166025721117,0.9164792651964835
18,085,,47658,54244,0.8785856500258094,0.8622983471153817,0.894872952936237
18,087,,14166,24041,0.589243375899505,0.5592011600491291,0.619285591749881
18,089,,309096,342844,0.901564559974799,0.8962403383116588,0.9068887816379392
18,091,,72030,79325,0.9080365584620234,0.8993494837874783,0.9167236331365685
18,093,,28927,32168,0.8992476995772196,0.882862047543745,0.9156333516106943
18,095,,84386,92905,0.9083041816909746,0.8997277555427148,0.9168806078392344
18,097,,563385,639741,0.8806454487050228,0.8751012866657245,0.8861896107443211
18,099,,26535,31055,0.854451779101594,0.83566223220265,0.8732413260005379
18,101,,6159,6882,0.8949433304272014,0.8693953465160045,0.9204913143383984
18,103,,22306,25173,0.8861081317284392,0.8672884100046571,0.9049278534522213
18,105,,78954,83279,0.948066139122708,0.9402282900189003,0.9559039882265157
18,107,,23394,26104,0.8961844927980386,0.8772113879114121,0.9151575976846651
18,109,,46011,50950,0.9030618253189402,0.8890014735583168,0.9171221770795636
18,111,,9066,10055,0.9016409746394829,0.879248369227032,0.9240335800519338
18,113,,26690,32067,0.8323198303551939,0.8166818252657717,0.847957835444616
18,115,,4180,4449,0.9395369746010339,0.9119671007434944,0.9671068484585734
18,117,,11805,13761,0.8578591672116852,0.8287264744421696,0.8869918599812008
18,119,,13760,15704,0.8762098828323994,0.851475286766279,0.9009444788985198
18,121,,9606,11574,0.8299637117677553,0.7999880206798847,0.8599394028556259
18,123,,12709,13866,0.9165584883888649,0.9008322362580471,0.9322847405196827
18,125,,7790,8609,0.9048669996515275,0.8804300778674328,0.9293039214356222
18,127,,115036,122392,0.9398980325511471,0.9329538412414825,0.9468422238608117
18,129,,16748,17999,0.9304961386743708,0.914036664303194,0.9469556130455475
18,131,,7762,8760,0.8860730593607306,0.8507399997905596,0.9214061189309015
18,133,,23559,25447,0.9258065783785908,0.9108016898043759,0.9408114669528057
18,135,,15522,17078,0.9088886286450404,0.8914772535689441,0.9263000037211366
18,137,,18030,19894,0.9063034080627325,0.8897327247111453,0.9228740914143196
18,139,,10710,11769,0.9100178434871272,0.8895069217593056,0.9305287652149489
18,141,,163596,178751,0.915217257525832,0.908512752344043,0.921921762707621
18,143,,14458,16977,0.851622783766272,0.8209447684475536,0.8823007990849904
18,145,,28854,31748,0.9088446516315989,0.8959896086898972,0.9216996945733006
18,147,,13285,14262,0.9314962838311597,0.9173418277716753,0.9456507398906441
18,149,,14301,16429,0.8704729441840647,0.8444164053576009,0.8965294830105286
18,151,,22231,24033,0.9250197644904923,0.9093064689877844,0.9407330599932001
18,153,,13591,15268,0.8901624312287136,0.8713552869519565,0.9089695755054708
18,155,,5500,6854,0.8024511234315728,0.7553916584374237,0.8495105884257218
18,157,,97538,105698,0.9227989176711007,0.911903101864754,0.9336947334774474
18,159,,10043,11060,0.9080470162748644,0.886003128867878,0.9300909036818508
18,161,,4386,4996,0.877902321857486,0.8389211482458079,0.916883495469164
18,163,,113280,123784,0.915142506301299,0.9062545844308766,0.9240304281717214
18,165,,10141,10894,0.9308793831466863,0.9095633356389867,0.9521954306543858
18,167,,62047,68425,0.9067884545122397,0.8958351230072524,0.9177417860172269
18,169,,19859,21686,0.9157520981278244,0.8968694457516577,0.9346347505039911
18,171,,5656,6090,0.9287356321839081,0.9075039981989824,0.9499672661688338
18,173,,43010,45207,0.9514013316521778,0.9432746218489966,0.959528041455359
18,175,,17354,19759,0.8782833139328914,0.8578106332420649,0.8987559946237179
18,177,,39820,45348,0.8780982623268943,0.8604470226234878,0.8957495020303007
18,179,,17782,19149,0.9286124601806883,0.9155235291371893,0.9417013912241874
18,181,,15543,17152,0.906191697761194,0.8904971889780762,0.9218862065443119
18,183,,22510,24203,0.9300499938024211,0.9122864381275921,0.9478135494772502
19,000,,2008851,2154149,0.932549698279924,0.9311783347690958,0.9339210617907521
19,001,,4972,5240,0.9488549618320611,0.9325596000325259,0.9651503236315963
19,003,,2444,2602,0.9392774788624135,0.9134835465454759,0.9650714111793511
19,005,,8965,9686,0.9255626677679124,0.9082606965804044,0.9428646389554204
19,007,,7724,8606,0.8975133627701604,0.8730117232080958,0.9220150023322249
19,009,,3755,4069,0.9228311624477759,0.8924951292274287,0.953167195668123
19,011,,17157,18015,0.9523730224812657,0.9398507290474964,0.9648953159150349
19,013,,77387,83288,0.9291494573047738,0.9221560527750196,0.9361428618345281
19,015,,18176,19121,0.9505778986454684,0.9388184582151851,0.9623373390757517
19,017,,15995,16629,0.961873834866799,0.9508941015835934,0.9728535681500046
19,019,,13119,13946,0.9406998422486734,0.9251092704968149,0.9562904140005319
19,021,,10616,13051,0.813424258677496,0.778263443642524,0.848585073712468
19,023,,9507,10120,0.9394268774703557,0.9255304292780951,0.9533233256626162
19,025,,6516,7012,0.9292641186537365,0.9078373445063468,0.9506908928011262
19,027,,13365,14039,0.9519908825414916,0.9388881237843586,0.9650936412986245
19,029,,8718,9224,0.9451431049436253,0.9241084885196766,0.966177721367574
19,031,,12657,13222,0.9572681893813342,0.9457721597070998,0.9687642190555685
19,033,,29077,30683,0.9476583124205586,0.9354967935640398,0.9598198312770775
19,035,,7753,8321,0.931738973681048,0.9107288752773095,0.9527490720847864
19,037,,7658,8177,0.936529289470466,0.9147520733786082,0.9583065055623238
19,039,,5642,6321,0.8925802879291251,0.8586493911169955,0.9265111847412548
19,041,,10688,11452,0.9332867621376179,0.915407665545671,0.9511658587295647
19,043,,11277,12184,0.9255581089954038,0.9070481548046816,0.944068063186126
19,045,,30108,32266,0.9331184528605962,0.9224928323235293,0.9437440733976632
19,047,,8872,10612,0.8360346777233321,0.8076720534260651,0.8643973020205991
19,049,,67953,71218,0.9541548484933584,0.9437594524518051,0.9645502445349117
19,051,,4638,5732,0.8091416608513607,0.7682354432701908,0.8500478784325307
19,053,,4289,4779,0.897468089558485,0.8749327939840237,0.9200033851329463
19,055,,11466,12233,0.9373007438894793,0.9174498063426267,0.9571516814363318
19,057,,25348,27038,0.9374953768769879,0.9244431162132706,0.9505476375407053
19,059,,13102,13520,0.9690828402366863,0.9559436236067962,0.9822220568665765
19,061,,62937,67015,0.9391479519510557,0.9313279895134385,0.9469679143886729
19,063,,5898,6549,0.9005955107650023,0.8799978030489413,0.9211932184810634
19,065,,12554,13485,0.9309603262884687,0.9196420208328993,0.9422786317440381
19,067,,10087,10617,0.9500800602806819,0.934313861096579,0.9658462594647849
19,069,,6175,6821,0.9052924791086351,0.8808765987432617,0.9297083594740084
19,071,,4390,4716,0.9308736217133163,0.9124733886316753,0.9492738547949574
19,073,,5765,6157,0.9363326295273672,0.9145219817326877,0.9581432773220466
19,075,,8371,8643,0.9685294457942843,0.9574699057299542,0.9795889858586145
19,077,,7415,7732,0.9590015519917227,0.9482305502706945,0.9697725537127508
19,079,,9755,10339,0.9435148466969726,0.9232488747066235,0.9637808186873217
19,081,,6943,7599,0.913672851691012,0.8898755249308861,0.9374701784511379
19,083,,11379,12229,0.930493090195437,0.9149759936095466,0.9460101867813274
19,085,,9579,10207,0.9384735965513863,0.9212830489942386,0.955664144108534
19,087,,12710,13864,0.9167628390075014,0.9001000926890146,0.9334255853259883
19,089,,5841,6315,0.9249406175771971,0.9007373042058997,0.9491439309484946
19,091,,6200,6650,0.9323308270676691,0.9193821828261103,0.945279471309228
19,093,,4448,4707,0.9449755683025282,0.9264803816874211,0.9634707549176352
19,095,,11084,11604,0.9551878662530162,0.9406896827546034,0.969686049751429
19,097,,13008,13816,0.9415170816444702,0.9291525451099446,0.9538816181789959
19,099,,25134,26726,0.9404325376038315,0.929408267230923,0.95145680797674
19,101,,11177,11758,0.9505868344956625,0.9386921818172324,0.9624814871740927
19,103,,90327,93834,0.9626254875631435,0.9569044259090284,0.9683465492172586
19,105,,14422,15150,0.951947194719472,0.9408950266755309,0.962999362763413
19,107,,6565,6957,0.9436538737961765,0.9291335398719055,0.9581742077204475
19,109,,9870,10374,0.951417004048583,0.9391583282051797,0.9636756798919862
19,111,,21845,23621,0.9248126666948902,0.911089033427502,0.9385362999622783
19,113,,149918,157534,0.9516548808511178,0.9462327955116997,0.957076966190536
19,115,,6461,7539,0.8570102135561746,0.8361027864350983,0.8779176406772509
19,117,,5595,6098,0.9175139389963922,0.894631027652684,0.9403968503401005
19,119,,7420,7784,0.9532374100719424,0.944964654895387,0.9615101652484979
19,121,,11077,11468,0.9659051273107778,0.9544680845560511,0.9773421700655045
19,123,,13684,14642,0.9345717798115012,0.9212316434581429,0.9479119161648595
19,125,,21264,22422,0.9483542948889484,0.9368163735670832,0.9598922162108136
19,127,,23022,26501,0.86872193502132,0.8534985308557433,0.8839453391868967
19,129,,9892,10243,0.9657326954993655,0.9515477265288949,0.9799176644698361
19,131,,6796,7301,0.9308313929598685,0.913127514404547,0.94853527151519
19,133,,5643,6098,0.9253853722531977,0.906126881031775,0.9446438634746205
19,135,,4979,5217,0.9543799118267203,0.9329314127318541,0.9758284109215866
19,137,,6618,7217,0.9170015241790218,0.8945871161758278,0.9394159321822159
19,139,,25904,28892,0.8965803682680327,0.8782817533287162,0.9148789832073492
19,141,,8728,9643,0.9051125168516022,0.8764797221610665,0.9337453115421379
19,143,,3752,4295,0.8735739231664726,0.8470584939091513,0.900089352423794
19,145,,10544,11288,0.9340892983699504,0.9176782284039465,0.9505003683359542
19,147,,5646,6049,0.9333774177550008,0.9136623093516537,0.9530925261583479
19,149,,16590,17506,0.9476750828287445,0.9352731950584773,0.9600769705990116
19,151,,4418,4877,0.9058847652245233,0.8770039174455803,0.9347656130034664
19,153,,311012,336387,0.9245660504121741,0.9197594030943146,0.9293726977300336
19,155,,58078,64060,0.9066187948798002,0.8970768385506428,0.9161607512089577
19,157,,11591,12218,0.9486822720576199,0.9321298406729329,0.9652347034423069
19,159,,3037,3231,0.9399566697616837,0.9182227845335164,0.961690554989851
19,161,,6425,6926,0.9276638752526711,0.907338780271801,0.9479889702335412
19,163,,112429,119426,0.9414114179491903,0.9352602586509736,0.9475625772474069
19,165,,7805,8186,0.9534571219154654,0.9422882684697663,0.9646259753611645
19,167,,19527,21486,0.9088243507400168,0.8895309080647806,0.9281177934152529
19,169,,51753,53152,0.9736792594822397,0.9674492195547341,0.9799092994097452
19,171,,10576,11553,0.915433220808448,0.8983807125672989,0.9324857290495971
19,173,,3800,4103,0.9261515963928832,0.9135774637108947,0.9387257290748718
19,175,,7494,8190,0.915018315018315,0.8911178583763308,0.9389187716602991
19,177,,4321,5042,0.8570011900039667,0.8266895370693031,0.8873128429386302
19,179,,21264,24009,0.8856678745470449,0.8685357283802699,0.9028000207138198
19,181,,35069,36256,0.9672605913503972,0.9604203968815426,0.9741007858192519
19,183,,14387,15390,0.9348278102664067,0.920933836052778,0.9487217844800354
19,185,,3986,4384,0.9092153284671532,0.8825123919832041,0.9359182649511024
19,187,,23050,24781,0.9301480973326339,0.9186917876785186,0.9416044069867493
19,189,,6948,7338,0.946852003270646,0.9319026200716717,0.9618013864696203
19,191,,12977,13490,0.9619718309859155,0.9518920232778373,0.9720516386939938
19,193,,59676,68108,0.8761966288835379,0.8649414548460155,0.8874518029210603
19,195,,5019,5360,0.9363805970149254,0.9147389243299441,0.9580222696999067
19,197,,7853,8568,0.9165499533146592,0.8987915132943008,0.9343083933350175
20,000,,1789971,1946678,0.9195002974297752,0.9173097675492258,0.9216908273103247
20,001,,7981,8477,0.9414887342220125,0.9234030788443279,0.9595743895996971
20,003,,4586,5214,0.8795550441120061,0.8372539467913724,0.9218561414326398
20,005,,9300,9846,0.9445460085313833,0.9327922111277058,0.9562998059350607
20,007,,2659,2774,0.9585436193222783,0.93585942187977,0.9812278167647865
20,009,,15403,17024,0.9047814849624061,0.8857665681161461,0.9237964018086661
20,011,,8484,9348,0.9075738125802311,0.8727448434000834,0.9424027817603787
20,013,,6093,6456,0.9437732342007435,0.9280616710856652,0.9594847973158219
20,015,,42997,45517,0.9446360700397654,0.9371080268776952,0.9521641132018355
20,017,,1747,1895,0.9218997361477572,0.897370677833282,0.9464287944622325
20,019,,2177,2414,0.9018227009113504,0.8715927374761476,0.9320526643465532
20,021,,11919,13325,0.894484052532833,0.8655804065605206,0.9233876985051455
20,023,,1710,1917,0.892018779342723,0.8491869879787229,0.9348505707067231
20,025,,1241,1351,0.9185788304959289,0.8780562503940709,0.959101410597787
20,027,,5319,5691,0.9346336320506062,0.9055768776256539,0.9636903864755586
20,029,,5656,5945,0.9513877207737594,0.9337846146255468,0.968990826921972
20,031,,5499,5960,0.9226510067114094,0.9039899186859324,0.9413120947368865
20,033,,1229,1280,0.96015625,0.92711858315183,0.99319391684817
20,035,,20569,22708,0.9058041218953673,0.8909827129603713,0.9206255308303632
20,037,,21577,23380,0.9228828058169376,0.9114389282002863,0.9343266834335889
20,039,,2003,2129,0.9408172851103804,0.9049017044566746,0.9767328657640862
20,041,,12204,13015,0.9376872839031887,0.9225431514383228,0.9528314163680546
20,043,,4606,4975,0.9258291457286432,0.8992645194853436,0.9523937719719427
20,045,,68565,71726,0.9559295095223489,0.9475258874524384,0.9643331315922594
20,047,,1714,1966,0.8718209562563581,0.8429293898056079,0.9007125227071083
20,049,,1579,1741,0.9069500287191269,0.8811040070745249,0.9327960503637289
20,051,,16489,17374,0.9490618165074249,0.9329483026036807,0.9651753304111692
20,053,,4711,5000,0.9422,0.9220145356355073,0.9623854643644928
20,055,,16315,22709,0.7184376238495751,0.691554663818353,0.7453205838807972
20,057,,15497,20254,0.7651328132714525,0.731228125412326,0.7990375011305791
20,059,,16477,17770,0.9272369161508159,0.9121699238191329,0.942303908482499
20,061,,18361,19738,0.9302360928158881,0.9144184824314439,0.9460537032003324
20,063,,1785,1887,0.9459459459459459,0.9178091588958497,0.9740827329960422
20,065,,1619,1708,0.9478922716627635,0.9282236803730268,0.9675608629525001
20,067,,3501,4498,0.7783459315251223,0.7253024049725756,0.8313894580776691
20,069,,2820,3580,0.7877094972067039,0.751112848445481,0.8243061459679268
20,071,,744,839,0.8867699642431466,0.8316323724818175,0.9419075560044756
20,073,,4017,4316,0.9307228915662651,0.9073986018388258,0.9540471812937044
20,075,,1119,1400,0.7992857142857143,0.6940455010141475,0.904525927557281
20,077,,3290,3623,0.9080872205354679,0.8839138533208362,0.9322605877500996
20,079,,21276,22986,0.9256068911511355,0.9082925323458576,0.9429212499564134
20,081,,1739,2310,0.7528138528138528,0.6928084640451712,0.8128192415825345
20,083,,1118,1170,0.9555555555555556,0.9189140744839047,0.9921970366272065
20,085,,8401,8964,0.9371932173136992,0.9251514726785233,0.9492349619488751
20,087,,12359,13097,0.9436512178361457,0.9292786248441737,0.9580238108281177
20,089,,2033,2163,0.9398982894128525,0.909973867128759,0.9698227116969459
20,091,,410888,425294,0.9661269615842217,0.963032680583637,0.9692212425848065
20,093,,2057,2512,0.8188694267515924,0.761846155905232,0.8758926975979527
20,095,,4605,5031,0.915324985092427,0.8883643077602449,0.9422856624246091
20,097,,1441,1623,0.8878619839802834,0.8582258691298329,0.9174980988307339
20,099,,12137,13524,0.8974415853297841,0.8743708795660728,0.9205122910934954
20,101,,1002,1057,0.9479659413434248,0.8903075320386474,1
20,103,,53461,56974,0.9383402955734195,0.926546862346933,0.950133728799906
20,105,,2027,2096,0.9670801526717557,0.9509384275812559,0.9832218777622556
20,107,,6572,6979,0.9416821894254191,0.9184397106954029,0.9649246681554354
20,109,,1800,1922,0.9365244536940687,0.9026981272569715,0.9703507801311658
20,111,,17526,19609,0.8937732673772247,0.8737015541847977,0.9138449805696518
20,113,,18636,20109,0.9267492167686111,0.9068370677310612,0.946661365806161
20,115,,7367,8005,0.9202998126171144,0.9049808063329541,0.9356188189012746
20,117,,6592,7110,0.9271448663853727,0.9058026964377722,0.9484870363329733
20,119,,2255,2541,0.8874458874458875,0.8464935050602317,0.9283982698315433
20,121,,22416,23791,0.9422050355176327,0.9277158333625825,0.9566942376726829
20,123,,3736,3974,0.9401107196779064,0.9151960668756535,0.9650253724801593
20,125,,18937,20829,0.9091651063421191,0.8935491356371401,0.9247810770470981
20,127,,3734,3966,0.9415027735753908,0.92268059440569306,0.9603249527450886
20,129,,1486,1823,0.8151398793198025,0.7596957392207342,0.8705840194188708
20,131,,6299,6684,0.9423997606223818,0.9279525773566154,0.9568469438881483
20,133,,9655,10409,0.9275626861369969,0.9064994996796835,0.9486258725943103
20,135,,1699,1839,0.9238716693855357,0.9206366051894204,0.927106733581651
20,137,,3756,3951,0.9506454062262718,0.9146291544998733,0.9866616579526704
20,139,,10341,11032,0.9373640319071791,0.9222206166956062,0.952507447118752
20,141,,2336,2488,0.9389067524115756,0.9130780967913014,0.9647354080318499
20,143,,3846,4053,0.9489267209474463,0.9361703533754173,0.9616830885194754
20,145,,4176,4794,0.8710888610763454,0.8270439245201794,0.9151337976325115
20,147,,3202,3406,0.9401056958308867,0.9248099157558065,0.9554014759059668
20,149,,16114,16710,0.9643327348892878,0.9552630195021505,0.9734024502764251
20,151,,5365,5927,0.9051796861818795,0.8768216779000085,0.9335376944637505
20,153,,1759,1847,0.9523551705468327,0.936902077105458,0.9678082639882074
20,155,,38430,42501,0.9042140184936825,0.8895857839676462,0.9188422530197189
20,157,,3046,3246,0.9383857054836722,0.9132271815962255,0.9635442293711188
20,159,,5519,6071,0.9090759347718662,0.8810357358862912,0.9371161336574412
20,161,,35794,36911,0.9697380184768768,0.9613028961416062,0.9781731408121473
20,163,,3334,3541,0.9415419373058458,0.9197079803935604,0.9633758942181312
20,165,,1922,2136,0.899812734082397,0.8660704274385435,0.9335550407262506
20,167,,4487,4761,0.9424490653224112,0.9173773802509829,0.9675207503938396
20,169,,34245,36662,0.9340734275271398,0.9235427177084035,0.9446041373458762
20,171,,2913,3249,0.8965835641735919,0.831183597106698,0.9619835312404857
20,173,,310430,346783,0.8951707551984959,0.8888453978622162,0.9014961125347756
20,175,,9059,12602,0.7188541501348992,0.6741694161184065,0.7635388841513918
20,177,,113381,121584,0.9325322410843532,0.9265579436270291,0.9385065385416772
20,179,,1577,1645,0.9586626139817629,0.9350372130430271,0.9822880149204987
20,181,,3409,3764,0.9056854410201913,0.8632011266197983,0.9481697554205843
20,183,,2506,2620,0.9564885496183206,0.9351997739557318,0.9777773252809094
20,185,,2556,2749,0.9297926518734085,0.908746071916015,0.9508392318308021
20,187,,1092,1377,0.7930283224400871,0.6928075430139511,0.8932491018662232
20,189,,2484,3306,0.7513611615245009,0.6996190496912869,0.803103273357715
20,191,,14367,15176,0.9466921454928835,0.9312108560651722,0.9621734349205948
20,193,,4685,4917,0.9528167581858857,0.94100449435185,0.9646290220199215
20,195,,2045,2123,0.9632595383890721,0.9386783821672156,0.9878406946109286
20,197,,4618,4849,0.9523613116106414,0.933751011810676,0.9709716114106068
20,199,,918,986,0.9310344827586207,0.8894845141476072,0.9725844513696341
20,201,,3636,3828,0.9498432601880877,0.9342851059768296,0.9654014143993459
20,203,,1163,1396,0.8330945558739254,0.7477022427521315,0.9184868689957194
20,205,,5345,5921,0.9027191352812025,0.8803022899911108,0.9251359805712942
20,207,,2074,2290,0.9056768558951965,0.866094535521238,0.945259176269155
20,209,,87225,106315,0.8204392606875793,0.8094661104650567,0.831412410910102
21,000,,2753821,3098758,0.8886854023450685,0.8865866621251042,0.8907841425650329
21,001,,10810,12822,0.8430822024645142,0.8155427844869715,0.8706216204420568
21,003,,12930,14812,0.872940858763165,0.8450571702913341,0.9008245472349958
21,005,,15344,16960,0.9047169811320754,0.8819540062692459,0.927479955994905
21,007,,5204,5544,0.9386724386724387,0.9238137986866947,0.9535310786581827
21,009,,26990,31070,0.8686836176375925,0.8479114561914722,0.8894557790837128
21,011,,7067,8568,0.824813258636788,0.7937242996479841,0.8559022176255919
21,013,,13277,16627,0.7985204787393998,0.7693911292613671,0.8276498282174325
21,015,,86325,92388,0.9343745941031303,0.9250770892617318,0.9436720989445287
21,017,,12165,13844,0.8787200231147068,0.8558723714477313,0.9015676747816822
21,019,,30763,34246,0.8982946913508147,0.8798239824986627,0.9167654002029668
21,021,,19164,20918,0.9161487713930586,0.901603817181409,0.9306937256047082
21,023,,5247,5884,0.8917403127124405,0.8610629533232624,0.9224176721016185
21,025,,7673,9559,0.8026990270948844,0.7728369755727496,0.8325610786170192
21,027,,12400,14440,0.8587257617728532,0.828462621054418,0.8889889024912884
21,029,,54133,60074,0.9011053034590671,0.8888722630075003,0.913338343910634
21,031,,7052,8691,0.8114141065470026,0.7740192254105823,0.8488089876834229
21,033,,8081,8856,0.9124887082204155,0.8791218560262745,0.9458555604145565
21,035,,21524,23637,0.9106062529085756,0.8920088621516598,0.9292036436654914
21,037,,62124,66137,0.9393229206042004,0.931976268177197,0.9466695730312038
21,039,,3012,3280,0.9182926829268293,0.8936646722061841,0.9429206936474746
21,041,,6013,7192,0.8360678531701891,0.7995286273893909,0.8726070789509872
21,043,,15333,18200,0.8424725274725274,0.8059874105620577,0.8789576443829972
21,045,,8755,11139,0.7859771972349403,0.745591320797853,0.8263630736720277
21,047,,36299,41395,0.8768933446068365,0.8596689262861641,0.894117762927509
21,049,,23272,26130,0.8906238040566399,0.8699234557191485,0.9113241523941312
21,051,,10654,14446,0.7375051917485809,0.6973352447862357,0.7776751387109261
21,053,,5136,6574,0.7812595071493763,0.7386867458970487,0.8238322684017039
21,055,,5294,6276,0.8435309114085404,0.8029502299110988,0.8841115929059821
21,057,,3547,4293,0.8262287444677382,0.7704180011858428,0.8820394877496336
21,059,,63968,69609,0.918961628525047,0.908063979974059,0.9298592770760351
21,061,,7829,9304,0.8414660361134996,0.7983735891913485,0.8845584830356507
21,063,,4327,5489,0.7883038804882492,0.7411128885894918,0.8354948723870066
21,065,,7970,10137,0.7862286672585578,0.7355749010617159,0.8368824334553997
21,067,,194889,211551,0.9212388502063332,0.9151510594120416,0.9273266410006249
21,069,,8890,10490,0.8474737845567207,0.8082242817692765,0.886723287344165
21,071,,20325,24942,0.8148905460668752,0.788639701127668,0.8411413910060823
21,073,,33831,36460,0.9278935820076797,0.9155980242125633,0.9401891398027961
21,075,,3839,4471,0.8586445985238201,0.806942764778401,0.9103464322692393
21,077,,5072,5996,0.8458972648432288,0.8141084015677573,0.8776861281187003
21,079,,10762,12524,0.8593101245608432,0.8289750519856295,0.8896451971360569
21,081,,14807,16491,0.8978836941361955,0.8750409599578135,0.9207264283145775
21,083,,22262,24924,0.8931953137538116,0.8736147022631476,0.9127759252444755
21,085,,15680,18376,0.8532868959512407,0.8306562162282474,0.8759175756742341
21,087,,7197,8239,0.8735283408180604,0.8476114975161367,0.8994451841199841
21,089,,22833,25525,0.8945347698334966,0.8786445012485183,0.9104250384184748
21,091,,5456,6190,0.881421647819063,0.8470347419604585,0.9158085536776674
21,093,,69234,74893,0.9244388661156583,0.9145279204900174,0.9343498117412992
21,095,,14669,17958,0.8168504287782604,0.7887827555412404,0.8449181020152804
21,097,,12073,13316,0.9066536497446681,0.8862492593415241,0.9270580401478121
21,099,,10826,13327,0.8123358595332784,0.7839835131155292,0.8406882059510276
21,101,,27783,30980,0.8968043899289865,0.8800312223609896,0.9135775574969833
21,103,,9503,10948,0.8680124223602484,0.8402155806407224,0.8958092640797745
21,105,,2865,3346,0.856246264196055,0.8149116326346805,0.8975808957574295
21,107,,27711,31383,0.8829939776312016,0.8656852678663833,0.9003026873960198
21,109,,6817,9074,0.7512673572845493,0.7050961114958142,0.7974386030732844
21,111,,495567,543045,0.9125707814269536,0.9085913199832879,0.9165502428706193
21,113,,33143,36672,0.9037685427574171,0.8830428098520982,0.9244942756627361
21,115,,13007,15736,0.8265760040671073,0.795550652563799,0.8576013555704156
21,117,,109243,117534,0.9294587098201371,0.9200941740716885,0.9388232455685858
21,119,,7061,9683,0.7292161520190024,0.6825947292674973,0.7758375747705074
21,121,,15639,20327,0.7693707876223742,0.737363633256313,0.8013779419884354
21,123,,9163,10586,0.8655771774041187,0.8361276970067876,0.8950266578014497
21,125,,36990,43794,0.8446362515413071,0.826736003998974,0.8625364990836402
21,127,,9170,11223,0.8170720841129823,0.7754133470930128,0.8587308211329517
21,129,,4123,5493,0.7505916621154196,0.6864258807444583,0.8147574434863809
21,131,,5780,7232,0.7992256637168141,0.7542489237770641,0.8442024036565642
21,133,,12281,14909,0.8237306325038567,0.791419434830539,0.8560418301771744
21,135,,7340,9130,0.8039430449069004,0.7711613374564766,0.8367247523573241
21,137,,13893,16772,0.8283448604817553,0.8001773152984951,0.8565124056650154
21,139,,5809,6367,0.9123606093921784,0.885154323423146,0.9395668953612109
21,141,,16722,19282,0.8672336894513017,0.8400637268272997,0.8944036520753038
21,143,,6298,7088,0.8885440180586908,0.8661819686929827,0.9109060674243988
21,145,,44516,47802,0.9312581063553826,0.9208839918985057,0.9416322208122596
21,147,,9218,11910,0.7739714525608732,0.7310659138830945,0.8168769912386519
21,149,,5816,6343,0.9169162856692417,0.8912171717058501,0.9426153996326332
21,151,,54832,60118,0.9120729232509398,0.8991968805817159,0.9249489659201637
21,153,,5804,8014,0.7242325929623159,0.6739811475156681,0.7744840384089637
21,155,,11865,13614,0.871529308065227,0.8475544974655728,0.8955041186648812
21,157,,21123,23116,0.9137826613600969,0.8959515072662151,0.9316138154539787
21,159,,6074,8115,0.74849044978435,0.7051393902449248,0.7918415093237752
21,161,,10328,11963,0.8633285965058932,0.8302441138635148,0.8964130791482716
21,163,,19301,21203,0.9102957128708201,0.8939770227710933,0.926614402970547
21,165,,3568,4428,0.8057813911472448,0.7754409998896589,0.8361217824048307
21,167,,14786,16065,0.920385932150638,0.904670104934661,0.936101759366615
21,169,,6249,7211,0.866592705588684,0.8341665885622005,0.8990188226151674
21,171,,6595,7715,0.8548282566429034,0.8273888470470516,0.8822676662387552
21,173,,16793,19416,0.8649052327976926,0.8434188710637841,0.8863915945316011
21,175,,8354,10321,0.8094176920841004,0.7815178670372849,0.837317517130916
21,177,,18462,21893,0.8432832412186544,0.8166481614105762,0.8699183210267326
21,179,,30414,32949,0.9230629154147318,0.9076486740632782,0.9384771567661855
21,181,,4546,5184,0.876929012345679,0.8316633469319911,0.9221946777593669
21,183,,13642,16217,0.8412160078929518,0.8131090652843129,0.8693229505015907
21,185,,43811,46361,0.944996872371174,0.9372897242319844,0.9527040205103636
21,187,,6833,7898,0.8651557356292733,0.8253065936444659,0.9050048776140807
21,189,,2087,2963,0.7043536955788052,0.6245765025577643,0.7841308885998461
21,191,,8626,10192,0.8463500784929356,0.8136317391995622,0.8790684177863091
21,193,,15482,19251,0.8042179627032362,0.7722431998503625,0.8361927255561099
21,195,,33593,40716,0.8250564888495923,0.8057368380572032,0.8443761396419813
21,197,,7223,8807,0.8201430680140797,0.7792792286215114,0.8610069074066479
21,199,,40178,46570,0.8627442559587717,0.8467696167073018,0.8787188952102416
21,201,,1284,1575,0.8152380952380952,0.7488641566613002,0.8816120338148902
21,203,,9594,11507,0.8337533675154254,0.8071237451651045,0.8603829898657462
21,205,,12581,14409,0.8731348462766326,0.8415643430539435,0.9047053494993218
21,207,,10275,12567,0.8176175698257341,0.7840814022853844,0.8511537373660838
21,209,,37094,39383,0.941878475484346,0.9308920001816489,0.9528649507870431
21,211,,30761,34252,0.8980789442952236,0.8765023607299651,0.9196555278604821
21,213,,12405,13641,0.9093908071255773,0.8849668789818034,0.9338147352693512
21,215,,13171,14164,0.9298926856820108,0.9065858776483786,0.9531994937156429
21,217,,15316,17336,0.8834794646977389,0.8566706488907925,0.9102882805046852
21,219,,6703,8137,0.8237679734545902,0.7849751758467423,0.8625607710624381
21,221,,9035,10216,0.884397024275646,0.853521137436671,0.9152729111146211
21,223,,5375,6136,0.8759778357235984,0.8248167548415544,0.9271389166056425
21,225,,8656,9478,0.9132728423718084,0.8918803948205408,0.934665289923076
21,227,,76578,86583,0.8844461383874432,0.8724961607933334,0.8963961159815531
21,229,,7608,8566,0.8881625029185151,0.8591125899631156,0.9172124158739146
21,231,,11488,14197,0.8091850390927661,0.7781390956913526,0.8402309824941795
21,233,,7536,8741,0.862143919460016,0.8294745262539813,0.8948133126660507
21,235,,19494,23131,0.8427651204011932,0.8186780370301974,0.8668522037721891
21,237,,3162,4512,0.7007978723404256,0.6203054650999796,0.7812902795808715
21,239,,17351,19054,0.9106224414821035,0.89148164771104,0.929763235253167
22,000,,2711692,3107436,0.8726461301214249,0.8698592108810487,0.8754330493618011
22,001,,30741,37615,0.8172537551508706,0.795338203945807,0.8391693063559342
22,003,,12611,15627,0.8070007039098995,0.7717163394660235,0.8422850683537756
22,005,,76280,85426,0.8929365766862548,0.876167632819781,0.9097055205527286
22,007,,11725,14681,0.7986513180301069,0.7643054495434664,0.8329971865167475
22,009,,20254,26404,0.7670807453416149,0.7432279738717471,0.7909335168114826
22,011,,21500,24531,0.8764420529126411,0.8575861331260539,0.8952979726992283
22,013,,7673,8819,0.8700532940242658,0.8425729885888321,0.8975335994596995
22,015,,78909,86786,0.9092365128016039,0.8976899926242485,0.9207830329789592
22,017,,138651,157669,0.8793802205887017,0.8707931180421928,0.8879673231352105
22,019,,124285,138340,0.8984024866271505,0.8860973645756166,0.9107076086786844
22,021,,5500,6781,0.811089809762572,0.7597624088859086,0.8624172106392353
22,023,,3309,3589,0.9219838395096127,0.8753131587007902,0.9686545203184352
22,025,,4718,6069,0.7773933102652826,0.7373102808107783,0.8174763397197868
22,027,,8003,10260,0.780019493177388,0.7400079958568289,0.820030990497947
22,029,,10020,12038,0.8323641800963615,0.7971285054064674,0.8675998547862556
22,031,,15761,18347,0.8590505259715485,0.8349300857102865,0.8831709662328106
22,033,,257565,283608,0.9081725480240331,0.900283711690464,0.9160613843576023
22,035,,3519,4857,0.7245213094502779,0.6538743367404237,0.7951682821601321
22,037,,12196,14389,0.8475919104871777,0.8189852397957785,0.876198581178577
22,039,,15913,20724,0.7678536961976452,0.7387112514552732,0.7969961409400173
22,041,,10527,13045,0.8069758528171713,0.7771155700447964,0.8368361355895463
22,043,,13082,15748,0.8307086614173228,0.806510684057913,0.8549066387767326
22,045,,37676,45398,0.8299044010749372,0.8126376117764695,0.8471711903734049
22,047,,17549,21206,0.8275488069414316,0.796900666482489,0.8581969474003742
22,049,,8909,10495,0.8488804192472607,0.8133025594439325,0.8844582790505888
22,051,,261123,302446,0.863370651289817,0.8561892741081562,0.870552028471478
22,053,,18073,21340,0.8469072164948453,0.822978330307947,0.8708361026817437
22,055,,151326,167840,0.9016086749285034,0.893674722813113,0.9095426270438938
22,057,,55039,65877,0.8354812757107943,0.8185199218580432,0.8524426295635454
22,059,,8346,10069,0.8288807230112225,0.7798181832820383,0.8779432627404067
22,061,,23900,26490,0.9022272555681389,0.8816241543799433,0.9228303567563344
22,063,,86578,97807,0.8851922664022003,0.8723151265848681,0.8980694062195325
22,065,,4899,6266,0.7818384934567507,0.7382580369172221,0.8254189499962793
22,067,,14053,16795,0.8367371241440905,0.8065951600261713,0.8668790882620098
22,069,,19183,21896,0.8760960906101571,0.8607040267003783,0.891488154519936
22,071,,237622,265201,0.8960071794601077,0.8902791506083797,0.9017352083118356
22,073,,92226,104362,0.8837124623905253,0.8733131327343318,0.8941117920467188
22,075,,13436,15337,0.8760513790180608,0.8488123157883946,0.9032904422477271
22,077,,11983,14285,0.8388519425971298,0.8032898703562278,0.8744140148380318
22,079,,74883,85151,0.8794142170966871,0.8665279058792549,0.8923005283141193
22,081,,4135,5015,0.8245264207377866,0.7759530498788894,0.8730997915966838
22,083,,10805,13426,0.8047817667212871,0.7764413740048292,0.833122159437745
22,085,,12978,15144,0.856973058637084,0.8387741422150506,0.8751719750591173
22,087,,24104,29306,0.8224936872995291,0.7944684231123893,0.8505189514866689
22,089,,31152,34914,0.8922495274102079,0.8752801033522469,0.9092189514681689
22,091,,6420,7796,0.8234992303745511,0.7912042217747288,0.8557942389743733
22,093,,12054,13733,0.8777397509648293,0.8529411555033214,0.9025383464263371
22,095,,23407,27369,0.855237677664511,0.8252494867997625,0.8852258685292594
22,097,,43289,53184,0.8139478038507821,0.7925245506537006,0.8353710570478636
22,099,,29106,34998,0.8316475227155837,0.8092644098419041,0.8540306355892634
22,101,,26107,32517,0.802872343697143,0.7799065734034653,0.8258381139908207
22,103,,172300,187382,0.9195120128934476,0.9125212223337678,0.9265028034531275
22,105,,75066,89724,0.8366323391734652,0.8173865767106488,0.8558781016362816
22,107,,2283,2835,0.8052910052910053,0.7528236363900148,0.8577583741919957
22,109,,59642,70944,0.840691249436175,0.8264776223977733,0.8549048764745767
22,111,,12845,14678,0.8751192260525957,0.8542992976153868,0.8959391544898047
22,113,,32015,38050,0.8413929040735874,0.824716573122897,0.8580692350242777
22,115,,26488,29774,0.8896352522334923,0.8770275092960812,0.9022429951709033
22,117,,26010,30848,0.8431664937759336,0.8209840353580793,0.8653489521937878
22,119,,21313,24792,0.8596724749919329,0.8378099738754563,0.8815349761084095
22,121,,17706,19663,0.9004729695366933,0.8689349602635414,0.9320109788098452
22,123,,5433,6650,0.8169924812030075,0.783981859655387,0.850003102750628
22,125,,9463,11373,0.8320583838916733,0.7998946620589609,0.8642221057243857
22,127,,8025,9707,0.8267229834140312,0.7936171220366763,0.859828844791386
23,000,,972438,1026250,0.9475644336175396,0.9453095033479979,0.9498193638870813
23,001,,73426,78846,0.9312584024554195,0.9210992292493739,0.941417575661465
23,003,,45633,50111,0.9106383827902057,0.901867157468683,0.9194096081117284
23,005,,220132,227438,0.9678769598747791,0.9646952817664494,0.9710586379831088
23,007,,20620,21908,0.9412086908891729,0.9289000362283161,0.9535173455500298
23,009,,41343,43250,0.9559075144508671,0.946508840547081,0.9653061883546532
23,011,,86811,91526,0.9484845836155846,0.9413516253408889,0.9556175418902804
23,013,,29947,31595,0.9478398480772274,0.9333492974759541,0.9623303986785008
23,015,,26607,28013,0.9498090172419947,0.939030540612824,0.9605874938711655
23,017,,41773,45112,0.9259842170597624,0.9136074692872725,0.9383609648322523
23,019,,105698,111532,0.9476921421654771,0.9418371820112051,0.9535471023197492
23,021,,12442,13606,0.9144495075701896,0.8970557983431202,0.931843216797259
23,023,,27310,28531,0.9572044442886685,0.9492480182809973,0.9651608702963397
23,025,,35723,38312,0.9324232616412612,0.9233421081678096,0.9415044151147128
23,027,,28292,30224,0.9360772895712017,0.9247324116552107,0.9474221674871928
23,029,,21211,23294,0.9105778312011676,0.89963574102725,0.9215199213750853
23,031,,155470,162952,0.9540846384211301,0.9489765636994929,0.9591927131427673
24,000,,3920643,4301335,0.9114944546286211,0.9097468305168507,0.9132420787403915
24,001,,43176,47738,0.9044367170807324,0.8921793664812888,0.9166940676801759
24,003,,388272,414741,0.9361794469319407,0.93160169051874675,0.9407572033451346
24,005,,540635,589409,0.9172493124468748,0.913473461155428,0.9210251637383216
24,009,,61911,65208,0.9494387191755613,0.9411533130889332,0.9577241252621894
24,011,,19273,23007,0.837701569087669,0.817553503973268,0.85784963420207
24,013,,116557,122327,0.952831345492001,0.9468286205367178,0.9588340704472842
24,015,,67336,73333,0.9182223555561616,0.9077490917845249,0.9286956193277983
24,017,,109356,115693,0.9452257267077524,0.9385931156663844,0.9518583377491204
24,019,,20227,23451,0.8625218540787173,0.8377225325122438,0.8873211756451908
24,021,,183533,196490,0.9340577128607054,0.9277612279306425,0.9403541977907682
24,023,,19404,21509,0.9021339904226138,0.8828856209406359,0.9213823599045916
24,025,,176009,185051,0.9511377944458554,0.9454703601357244,0.9568052287559865
24,027,,218336,229908,0.9496668232510396,0.9437975936128606,0.9555360528892185
24,029,,12985,13984,0.9285612128146453,0.9137132467708108,0.9434091788584799
24,031,,675966,740021,0.9134416455749229,0.9096050258568008,0.917278265293045
24,033,,571607,660235,0.8657629480412278,0.8613670828264084,0.8701588132560472
24,035,,34991,37411,0.9353131431931785,0.9243068610218087,0.9463194253645483
24,037,,71997,77645,0.9272586773134136,0.9146738476065094,0.9398435070203178
24,039,,15105,17423,0.8669574700109052,0.8458745612490519,0.8880403787727584
24,041,,26420,28694,0.9207499825747543,0.9060796431233097,0.9354203220261988
24,043,,96784,109209,0.886227325586719,0.8767499930600716,0.8957046581133664
24,045,,60360,66496,0.9077237728585178,0.8957118302421674,0.9197357154748682
24,047,,38348,40803,0.939832855427297,0.9278908308916384,0.9517748799629556
24,510,,352055,401549,0.8767423153836768,0.8707155432735783,0.8827690874937753
25,000,,4556673,4987302,0.9136549180298286,0.9121316293303007,0.9151782067293565
25,001,,176819,183732,0.9623745455337122,0.956832872440931,0.9679162186264934
25,003,,90419,96087,0.9410117913973794,0.9328071755774583,0.9492164072173006
25,005,,357621,412523,0.8669116631072692,0.8618278122759954,0.871995513938543
25,007,,15763,16542,0.9529077499697739,0.9256199173632462,0.9801955825763016
25,009,,515161,572037,0.9005728650419466,0.8963205351546956,0.9048251949291976
25,011,,51386,54405,0.9445087767668413,0.936939663672783,0.9520778898608996
25,013,,279909,320931,0.8721781317479458,0.8653044524423724,0.8790518110535191
25,015,,96227,100832,0.9543299746112345,0.9471798313176424,0.9614801179048266
25,017,,1081524,1160120,0.9322518360169637,0.92961810549882,0.9348855665351075
25,019,,9809,10529,0.9316174375534239,0.8751788016651226,0.9880560734417251
25,021,,489336,518103,0.9444762913937962,0.9412004239090724,0.9477521588785199
25,023,,353952,380311,0.930690934524639,0.925392922183542,0.9359889468657361
25,025,,483269,552101,0.8753271593422218,0.870728735065521,0.8799255836189227
25,027,,555478,609049,0.9120415598744929,0.9076604821789003,0.9164226375700855
26,000,,6452696,7008507,0.9206948070395021,0.9196042277622971,0.9217853863167071
26,001,,8035,8649,0.929009134003931,0.9200999144539903,0.9379183535538718
26,003,,6406,6825,0.9386080586080586,0.9253107765854518,0.9519053406306655
26,005,,77696,84097,0.9238855131574254,0.9147009312531517,0.9330700950616991
26,007,,20086,21702,0.9255368168832365,0.912259242129583,0.9388143916368901
26,009,,17542,18527,0.9468343498677606,0.936301205166589,0.9573674945689322
26,011,,10037,11376,0.8822960618846695,0.8690827849874098,0.8955093387819292
26,013,,5758,6269,0.9184877970968256,0.9012614556489493,0.9357141385447019
26,015,,42005,44987,0.9337141840976282,0.9246809564831577,0.9427474117120986
26,017,,69237,75312,0.9193355640535373,0.9094008597654898,0.9292702683415849
26,019,,13208,14033,0.941210004988242,0.9291050145491564,0.9533149954273277
26,021,,99826,108207,0.9225466004971952,0.9153026255733159,0.9297905754210745
26,023,,27634,31177,0.8863585335343362,0.8705663228207313,0.9021507442479412
26,025,,83998,91914,0.9138760145353265,0.9043498753507934,0.9234021537198597
26,027,,33474,37178,0.9003711872612835,0.8888044813775078,0.9119378931450592
26,029,,18824,19802,0.9506110493889506,0.9411271445130087,0.9600949542648924
26,031,,18306,20104,0.9105650616792678,0.8944192056070278,0.9267109177515077
26,033,,23778,25680,0.9259345794392523,0.914693041748816,0.9371761171296885
26,035,,20571,23203,0.8865663922768607,0.8714493184292788,0.9016834661244427
26,037,,53488,56125,0.9530155902004455,0.944996138069493,0.9610350423313979
26,039,,9419,10316,0.9130476929042265,0.8924093968523887,0.93368598895606425
26,041,,25387,27317,0.9293480250393528,0.9163520386137053,0.9423440114650002
26,043,,18405,19085,0.9643699240241027,0.9513485431044807,0.9773913049437247
26,045,,73500,78050,0.9417040358744395,0.9354582529507784,0.9479498187981006
26,047,,24468,25406,0.963079587499016,0.956851749380647,0.969307425617385
26,049,,257130,280648,0.9162010775063425,0.9111537317510437,0.9212484232616412
26,051,,17170,19280,0.8905601659751037,0.873974542254544,0.9071457896956634
26,053,,10757,11204,0.9601035344519815,0.9460098141468627,0.9741972547571003
26,055,,67177,70229,0.9565421691893662,0.9499066296566392,0.9631777087220932
26,057,,26269,28638,0.9172777428591382,0.9073660730641099,0.9271894126541665
26,059,,28811,31627,0.9109621525911404,0.9002914428795292,0.9216328623027517
26,061,,20713,21930,0.9445052439580484,0.933962889605461,0.9550475983106357
26,063,,21411,23141,0.925240914394365,0.9160968056029352,0.9343850231857947
26,065,,164858,176028,0.936544186152203,0.9309552856427665,0.9421330866616395
26,067,,42485,46711,0.9095288047783178,0.8987384440363178,0.9203191655203178
26,069,,17655,19566,0.9023305734437289,0.8896689134260473,0.9149922334614106
26,071,,8534,9009,0.9472749472749473,0.9349740070561294,0.9595758874937652
26,073,,33544,36489,0.9192907451560745,0.9090174943669059,0.929563995945243
26,075,,104125,112708,0.9238474642438869,0.9165116462054275,0.9311832822823463
26,077,,158304,167183,0.9468905331283684,0.9420707963871251,0.9517102698696116
26,079,,12163,13436,0.905254540041679,0.8914244935889987,0.9190845864943594
26,081,,411338,445698,0.9229074395667021,0.9187055716873126,0.9271093074460915
26,083,,1692,1760,0.9613636363636363,0.9593355836796919,0.9633916890475808
26,085,,8296,9685,0.856582343830666,0.830702192162686,0.882462495498646
26,087,,59540,64531,0.9226573274860145,0.9133380201752777,0.9319766347967513
26,089,,17489,18008,0.9711794757885385,0.9628058614127667,0.9795530901643102
26,091,,63438,69411,0.9139473570471539,0.9020204805052883,0.9258742335890195
26,093,,136064,141138,0.9640493701200243,0.9599651188720308,0.9681336213680178
26,095,,4368,4716,0.926208651399491,0.905757036731314,0.9466602660676681
26,097,,8005,8686,0.9215979737508635,0.9066732170293721,0.9365227304723549
26,099,,571443,629501,0.9077713935323375,0.9037354570052369,0.911807330059438
26,101,,17956,19477,0.9219078913590388,0.9102767730018072,0.9335390097162705
26,103,,42807,44729,0.9570301146906929,0.9504670179742891,0.9635932114070966
26,105,,20319,21582,0.9414790102863497,0.9301427202783067,0.9528153002943928
26,107,,24772,27114,0.9136239581028252,0.9010066681661463,0.926241248039504
26,109,,16237,17491,0.9283059859356241,0.9151944037246739,0.9414175681465743
26,111,,57259,59935,0.9553516309335113,0.948854510187155,0.9618487516798675
26,113,,9890,10855,0.9111008751727314,0.893662252647536,0.9285394976979269
26,115,,102169,111168,0.9190504461715602,0.9093380043961122,0.9287628879470081
26,117,,42697,48259,0.8847468865911022,0.8734851293114725,0.896008643870732
26,119,,6914,7610,0.9085413929040735,0.8823253818837059,0.9347574039244412
26,121,,112763,122392,0.9213265572913262,0.9130053100213746,0.9296478045612777
26,123,,32257,36099,0.8935704590154852,0.8811535823034268,0.9059873357275435
26,125,,875046,920268,0.9508599668792135,0.948160745517038,0.953559188241389
26,127,,17342,19212,0.902665001041016,0.8920105529574149,0.913319449124617
26,129,,14420,15905,0.9066331342345174,0.8939454840803623,0.9193207843886725
26,131,,4626,4895,0.9450459652706844,0.9312873625284497,0.9588045680129191
26,133,,14859,16476,0.9018572469045885,0.8848159135039794,0.9188985803051976
26,135,,5439,6331,0.8591059864160481,0.8349340384728816,0.8832779343592145
26,137,,17449,18471,0.9446700232797358,0.931690246990372,0.9576497995690997
26,139,,182257,192975,0.9444591268299003,0.939225956881536,0.9496922967782646
26,141,,9695,10492,0.9240373617994663,0.9112935004131513,0.9367812231857813
26,143,,17566,19141,0.9177158978109816,0.9029342264355196,0.9324975691864437
26,145,,120120,131086,0.9163449948888516,0.9086618900836022,0.9240280996941009
26,147,,106414,115640,0.9202179176755448,0.9137248376145799,0.9267109977365098
26,149,,35957,41475,0.866955997588909,0.8518854704719199,0.882026524705898
26,151,,26321,29043,0.9062768997693076,0.8970822190554373,0.9154715804831779
26,153,,5690,6220,0.9147909967845659,0.8902772780380684,0.9393047155310633
26,155,,45119,48650,0.927420349434738,0.9178896339747188,0.9369510648947571
26,157,,35778,38632,0.9261234209981363,0.9171553670581526,0.93509147493812
26,159,,47316,52835,0.8955427273587584,0.8841929392326049,0.9068925154849119
26,161,,227856,237324,0.9601051726753299,0.9559255699202995,0.9642847754303603
26,163,,1061981,1206499,0.8802170577845485,0.8775166559860801,0.8829174595830169
26,165,,21538,23924,0.90026751379368,0.8851325874729609,0.9154024401143991
27,000,,3685922,3923744,0.9393890121271928,0.9381972426732464,0.9405807815811392
27,001,,11992,12673,0.9462637102501381,0.9383800180569022,0.954147402443374
27,003,,239920,254255,0.9436195945015831,0.9391274886908128,0.9481117003123534
27,005,,22889,24568,0.9316590687072615,0.917418676162396,0.9458994612521269
27,007,,26771,29008,0.9228833425261996,0.9104484058549013,0.935318279197498
27,009,,25460,27499,0.9258518491581512,0.9114135711734399,0.9402901271428625
27,011,,3474,3700,0.9389189189189189,0.9166783087942019,0.9611595290436359
27,013,,38719,40881,0.9471147966047797,0.9372661955080493,0.9569633977015101
27,015,,16533,17816,0.9279860799281545,0.9168410650139488,0.9391310948423602
27,017,,24348,26026,0.9355260124490894,0.9216892908114005,0.9493627340867783
27,019,,71347,73557,0.9699552727816523,0.9602119295675011,0.9796986159958034
27,021,,21624,22923,0.9433320246041094,0.9361653445637745,0.9504987046444442
27,023,,7699,8400,0.91654761904761906,0.9000156381348376,0.9330795999604005
27,025,,39273,40943,0.9592115868402413,0.9513990572610748,0.9670241164194079
27,027,,38719,40629,0.952989244135962,0.946341549354348,0.959636938917576
27,029,,5187,5867,0.884097494460542,0.8640315753354081,0.9041634135856759
27,031,,4380,4536,0.9656084656084656,0.9517430682237824,0.9794738629931488
27,033,,7193,7615,0.9445830597504925,0.9352236800918884,0.9539424394090966
27,035,,46657,49339,0.945641379030787,0.9383299333418677,0.9529528247197064
27,037,,289704,304436,0.9516088767425666,0.9471549956240943,0.9560627578610388
27,039,,13534,14180,0.9544428772919605,0.9447931223271987,0.9640926322567224
27,041,,27262,28410,0.9595916930658219,0.951516327605555,0.9676670585260888
27,043,,9111,9899,0.9203959995959188,0.9068813286816163,0.9339106705102213
27,045,,13760,14744,0.9332609875203473,0.9231675560717381,0.9433544189689564
27,047,,19883,21752,0.914076866495035,0.9004596003130751,0.9276941326769947
27,049,,31766,34018,0.9337997530719031,0.9238948578500769,0.9437046482937294
27,051,,4111,4333,0.9487652896376645,0.9353550771891664,0.9621755020861625
27,053,,835791,888421,0.9407600675805727,0.9380390866608531,0.9434810485002924
27,055,,12810,13430,0.9538346984363366,0.9408298722091849,0.9668395246634883
27,057,,15035,15959,0.942101635440817,0.9304673651017378,0.9537359057798963
27,059,,27577,29587,0.9320647581708182,0.9198272552060784,0.944302261135558
27,061,,31600,33202,0.9517498945846635,0.9445622052138664,0.9589375839554607
27,063,,6762,7126,0.9489194499017681,0.938788240509447,0.9590506592940893
27,065,,10634,11712,0.9079576502732241,0.8898319825736929,0.9260833179727552
27,067,,27150,29740,0.9129119031607263,0.9010214314836161,0.9248023748378366
27,069,,2798,2918,0.9588759424263193,0.9238066889582184,0.9939451958944203
27,071,,8534,9011,0.9470646987015869,0.9281505840047513,0.9659788133984226
27,073,,4589,4821,0.9518772038996058,0.9400131218465795,0.9637412859526322
27,075,,7778,8207,0.9477275496527354,0.9265540145476554,0.9689010847578154
27,077,,2795,2887,0.9681330100450295,0.9442669401876398,0.9919990799024192
27,079,,19254,20356,0.9458636274317155,0.9378686114312692,0.9538586434321618
27,081,,3746,3977,0.9419160170983153,0.9253418825285399,0.9584901516680907
27,083,,15258,16509,0.9242231510085408,0.9084392613752895,0.9400070406417921
27,085,,24148,25777,0.93680412771075,0.9262072415300394,0.9474010138914605
27,087,,2862,3249,0.8808864265927978,0.8621507337670044,0.8996221194185913
27,089,,5848,6291,0.9295819424574789,0.9157208844202017,0.9434430004947562
27,091,,13328,14004,0.951728077692088,0.9371977298290831,0.9662584255550929
27,093,,15217,16222,0.938047096535569,0.929619710932044,0.9464744821390939
27,095,,17325,18908,0.916278823778295,0.8984762306988777,0.9340814168577122
27,097,,22279,24006,0.9280596517537283,0.9167509336186828,0.9393683698887738
27,099,,23707,26756,0.8860442517566154,0.8708689890859393,0.9012195144272914
27,101,,5334,5801,0.9194966385106016,0.9067728560165373,0.9322204210046658
27,103,,21109,22327,0.9454472163747929,0.9306969895087474,0.9601974432408384
27,105,,10846,13649,0.794636969741373,0.7653464619523094,0.8239274775304366
27,107,,4160,4441,0.9367259626210312,0.923411442350532,0.9500404828915305
27,109,,106414,111919,0.9508126412852153,0.9440505394719138,0.9575747430985168
27,111,,41063,43482,0.9443677843705441,0.9374697542540297,0.9512658144870586
27,113,,9141,9641,0.9481381599419147,0.9282581939269934,0.9680181259568361
27,115,,20177,22042,0.9153888031939026,0.9041305150323786,0.9266470913554266
27,117,,5725,6217,0.9208621521634228,0.8994654496750643,0.9422588546517814
27,119,,19441,20733,0.937683885593016,0.9274363008448231,0.9479314703412088
27,121,,7922,8279,0.9568788501026694,0.944619391597475,0.9691383086078638
27,123,,336377,366857,0.9169158554968284,0.9122127048120457,0.9216190061816111
27,125,,2600,2730,0.9523809523809523,0.9396472135018307,0.965114691260074
27,127,,9764,10444,0.9348908464189966,0.924531420517249,0.9452502723207441
27,129,,9325,10176,0.9163718553459119,0.9023469968182799,0.930396713873544
27,131,,40571,43777,0.9267651963359755,0.9189913423639637,0.9345390503079873
27,133,,6085,6515,0.9339984650805833,0.9167559141925637,0.9512410159686028
27,135,,9904,10570,0.9369914853358562,0.9231384511354767,0.9508445195362357
27,137,,131618,138424,0.9508322256256141,0.9455599987023056,0.9561044525489226
27,139,,96258,101776,0.9457828957711052,0.9386742501202894,0.952891541421921
27,141,,62793,66512,0.9440852778445995,0.9332788251449848,0.9548917305442142
27,143,,9942,10579,0.9397863692220436,0.9293542619686502,0.950218476475437
27,145,,92317,99770,0.925298185827403,0.9190822637124936,0.9315141079423124
27,147,,24016,25638,0.9367345346750917,0.9271849647050167,0.9462841046451668
27,149,,5451,5894,0.9248388191381065,0.9005412419295049,0.9491363963467081
27,151,,6264,6674,0.9385675756667665,0.9186359017772885,0.9584992495562445
27,153,,15882,17691,0.8977446159063931,0.8852457446516788,0.9102434871611074
27,155,,2133,2261,0.9433878814683768,0.9185574694291151,0.96821829350763855
27,157,,14783,15546,0.9509198507654703,0.9408539431497623,0.9609857583811782
27,159,,8816,9518,0.926245009455768,0.9050212637554856,0.9474687551560504
27,161,,12214,13064,0.9349357011635028,0.9190847037514653,0.9507866985755402
27,163,,181238,188684,0.9605371944626996,0.954977939446561,0.9660964494788382
27,165,,6362,7379,0.8621764466729909,,
27,167,,4160,4452,0.9344115004492363,0.9125677294934782,0.9562552714049943
27,169,,29562,31414,0.9410453937734768,0.9320076127291899,0.9500831748177638
27,171,,91863,97157,0.9455108741521455,0.9382729482100572,0.9527488000942338
27,173,,6151,6628,0.9280325890162945,0.9121896147658212,0.9438755632667678
28,000,,1718821,1972266,0.871495528493621,0.8685436439985555,0.8744474129886864
28,001,,17366,20333,0.8540795750750012,0.8267965005864182,0.8813626495635842
28,003,,20342,23932,0.8499916429884673,0.8302776249411002,0.8697056610358344
28,005,,7919,9124,0.8679307321350285,0.8345914929472448,0.9012699713228122
28,007,,10240,11605,0.8823782852218871,0.8568969603584774,0.9078596100852968
28,009,,4453,5458,0.8158666178087212,0.7732104214868047,0.8585228141306376
28,011,,16306,19212,0.8487403706017073,0.8261403328743089,0.8713404083291056
28,013,,7076,9071,0.780068349685812,0.7442243644053343,0.8159123349662896
28,015,,6241,7483,0.8340237872511025,0.7808124713491288,0.8872351031530762
28,017,,9100,11302,0.8051672270394621,0.7739954375392711,0.836339016539653
28,019,,4985,5743,0.8680132335016542,0.8350908841030902,0.9009355829002181
28,021,,4161,5149,0.8081180811808119,0.7671075979838474,0.8491285643777763
28,023,,9484,10687,0.8874333302142791,0.8572871123457632,0.917579548082795
28,025,,10423,12587,0.8280765869547946,0.7967368701524967,0.8594163037570924
28,027,,10787,13026,0.8281130047597114,0.7970832342764916,0.8591427752429311
28,029,,16282,18704,0.8705089820359282,0.8466742947977215,0.8943436692741349
28,031,,10161,12235,0.8304863097670617,0.788311958119703,0.8726606614144204
28,033,,116116,126660,0.9167535133428075,0.9088951313264211,0.924611895359194
28,035,,43572,47489,0.917517740950536,0.9031369734612708,0.9318985084398012
28,037,,4634,5284,0.8769871309613929,0.8238422144393269,0.9301320474834589
28,039,,14382,16463,0.8735953349936221,0.8462762432060031,0.900914426781241
28,041,,8541,10105,0.8452251360712518,0.8167908720161896,0.873659400126314
28,043,,12475,14333,0.8703690783506594,0.8360849040557246,0.9046532526455942
28,045,,30227,34132,0.8855912340325794,0.8664865266652919,0.904695941399867
28,047,,127425,142604,0.8935583854590334,0.8845230533309081,0.9025937175871588
28,049,,127999,144238,0.8874152442490884,0.8782001894604484,0.8966302990377283
28,051,,8800,10498,0.8382549056963231,0.8053265705562542,0.871183240836392
28,053,,3964,4869,0.8141302115424112,0.7646749912489422,0.8635854318358801
28,055,,577,804,0.7176616915422885,0.6425729771045898,0.7927504059799872
28,057,,13894,16061,0.8650768943403275,0.8374937332991449,0.8926600553815102
28,059,,89527,100644,0.889541353682286,0.8764014937324972,0.9026812136320749
28,061,,10020,11036,0.9079376585719463,0.8818236859835068,0.9340516311603858
28,063,,3958,4841,0.8175996694897748,0.7555585331673333,0.8796408058122163
28,065,,6919,8002,0.8646588352911772,0.8272396638710985,0.9020780067112558
28,067,,38052,43592,0.8729124610020187,0.8580236563280712,0.8878012656759662
28,069,,5046,5983,0.8433896038776534,0.8094263405293088,0.8773528672259979
28,071,,31424,33974,0.9249426031671278,0.9061577585957792,0.9437274477384765
28,073,,40739,44293,0.9197615876097803,0.9037966987784074,0.9357264764411533
28,075,,42354,48897,0.8661881096999816,0.849439693073096,0.8829365263268673
28,077,,6597,7883,0.8368641380185209,0.7984506955991713,0.8752775804378705
28,079,,11456,14039,0.8160125365054491,0.780214696816115,0.8518103761947833
28,081,,48574,55433,0.8762650406797395,0.8604155974272781,0.8921144839322009
28,083,,13946,17047,0.8180911597348507,0.7887470236833006,0.8474352957864008
28,085,,21077,24161,0.8723562766441786,0.8450763346207031,0.8996362186676541
28,087,,34473,38593,0.8932448889695023,0.8772559331413523,0.9092338447976522
28,089,,69481,75293,0.922808229184652,0.9131341205275624,0.9324823378417416
28,091,,13930,16742,0.8320391828933222,0.8029739288111033,0.8611044369755412
28,093,,19349,23766,0.8141462593621139,0.7811895411472642,0.8471029775769636
28,095,,19874,23532,0.8445520992690804,0.8250437925690687,0.8640604059690921
28,097,,5656,6746,0.8384227690483249,0.7869772143635888,0.889868323733061
28,099,,15674,18475,0.8483897158322057,0.8223733301103388,0.8744061015540726
28,101,,11690,13622,0.8581706063720452,0.8197286504496606,0.8966125622944299
28,103,,5098,6660,0.7654654654654655,0.7087578319312523,0.8221730989996786
28,105,,24184,26526,0.9117092663801554,0.8971472748574765,0.9262712579028343
28,107,,18033,21849,0.8253466977893725,0.7939988781354761,0.856694517443269
28,109,,34785,39335,0.8843269352993517,0.8629644986752839,0.9056893719234195
28,111,,7229,7952,0.909079476861167,0.8793074832209726,0.9388514705013613
28,113,,21607,25680,0.8413940809968847,0.8117233737618191,0.8710647882319503
28,115,,16228,20683,0.784605714838273,0.7507325451543977,0.8184788845221483
28,117,,14053,16745,0.8392355927142431,0.8130650841843554,0.8654061012441308
28,119,,3219,3969,0.8110355253212396,0.7740215574771562,0.848049493165323
28,121,,99879,110654,0.9026243967683049,0.8916990276888961,0.9135497658477136
28,123,,13971,17706,0.7890545577770247,0.7530520561300916,0.8250570594239578
28,125,,2009,2508,0.80103668261563,0.741016063094482,0.861057302136778
28,127,,14588,17486,0.8342674139311449,0.8044909747693171,0.8640438530929727
28,129,,8341,9793,0.8517308281425509,0.8223234407424865,0.8811382155426152
28,131,,10785,12373,0.8716560252161966,0.8470145091198324,0.8962975413125607
28,133,,12561,16645,0.7546410333433463,0.7262127022024968,0.7830693644841958
28,135,,6609,8152,0.8107212953876349,0.7565557023764538,0.8648868883988161
28,137,,15725,18601,0.845384656738885,0.8109706010326856,0.8797987124450843
28,139,,11582,14290,0.8104968509447166,0.7769768793067516,0.8440168225826815
28,141,,11326,13349,0.8484530676455165,0.8203874380661954,0.8765186972248377
28,143,,4966,6107,0.8131652202390699,0.7639290792600874,0.8624013612180524
28,145,,14792,18528,0.7983592400690847,0.7655079072195725,0.8312105729185968
28,147,,7596,9441,0.8045757864632984,0.756449265528381,0.8527023073982158
28,149,,26032,29482,0.8829794450851367,0.8629049036264984,0.903053986543775
28,151,,23081,28207,0.8182720601269189,0.7943809667972183,0.8421631534566195
28,153,,11076,12979,0.8533785345558209,0.8215776911829986,0.8851793779286432
28,155,,5808,6751,0.8603169900755444,0.8227890084849129,0.8978449716661759
28,157,,5076,5890,0.8617996604414262,0.8191119423533318,0.9044873785295205
28,159,,10376,12190,0.8511894995898277,0.8253268383017431,0.8770521608779123
28,161,,7351,8818,0.8336357450669086,0.7948297589973421,0.8724417311364752
28,163,,13107,17132,0.7650595377072146,0.7314300047230584,0.7986890706913707
29,000,,3897379,4243115,0.9185183526725059,0.9170507606861895,0.9199859446588223
29,001,,13200,14136,0.933786078098472,0.9179805819166736,0.9495915742802704
29,003,,12184,12773,0.9538871056134033,0.9397888698728373,0.9679853413539693
29,005,,3475,3798,0.9149552395997894,0.8948786951398288,0.9350317840597501
29,007,,15004,17031,0.8809817391814926,0.855512645128707,0.9064508332342782
29,009,,21126,24550,0.8605295315682281,0.8424477596587006,0.8786113034777556
29,011,,7065,8077,0.8747059551813793,0.841362257907063,0.9080496524556956
29,013,,10167,11271,0.9020495075858398,0.8834658302853033,0.9206331848863762
29,015,,13696,15411,0.8887158523132828,0.8664194502099094,0.9110122544166561
29,017,,6866,7560,0.9082010582010582,0.8783634016544061,0.9380387147477104
29,019,,109352,114662,0.9536899757548273,0.9469156414697957,0.9604643100398589
29,021,,51600,57137,0.9030925669881162,0.8942000282850697,0.9119851056911628
29,023,,24410,28761,0.8487187510865408,0.8246189087181768,0.8728185934549049
29,025,,5669,6170,0.9188006482982172,0.8981806190238685,0.9394206775725659
29,027,,28410,31173,0.9113656048503512,0.8957084193541406,0.9270227903465619
29,029,,31322,33636,0.9312046616720181,0.919250568486665,0.9431587548573712
29,031,,49946,53914,0.9264013057832845,0.9163293660027004,0.9364732455638686
29,033,,5364,5948,0.9018157363819771,0.8697786094711294,0.9338528632928248
29,035,,2871,3562,0.8060078607523863,0.7523727865845657,0.8596429349202068
29,037,,71949,76406,0.941666884799623,0.9332670618104821,0.9500667077887639
29,039,,9055,10148,0.8922940480882933,0.8603945108887597,0.9241935852878268
29,041,,4754,5150,0.9231067961165048,0.9058660887276861,0.9403475035053235
29,043,,59161,63018,0.9387952648449649,0.9291059457286074,0.9484845839613224
29,045,,4253,4658,0.9130528123658223,0.8864359099436651,0.9396697147879794
29,047,,166966,177160,0.942458794310228,0.9367989870659442,0.9481186015545119
29,049,,13790,14908,0.9250067078078884,0.9085979265825702,0.9414154890332066
29,051,,50130,53203,0.9422400992425239,0.9336940826617076,0.9507861158233403
29,053,,10509,11633,0.9033783202957105,0.8856279335738222,0.9211287070175989
29,055,,13890,16163,0.8593701664294995,0.8357199862544188,0.8830203466045802
29,057,,5065,5581,0.9075434509944454,0.8832410312457777,0.9318458707431132
29,059,,10953,12267,0.8928833455612619,0.863889872039029,0.9218768190834948
29,061,,4817,5711,0.8434599894939591,0.8162136278752044,0.8707063511127138
29,063,,7111,7950,0.8944654088050314,0.8724174588375516,0.9165133587725113
29,065,,8581,10262,0.8361917754823621,0.8046168731649508,0.8677666777997735
29,067,,7329,8461,0.8662096678879565,0.8336854255457928,0.8987339102301202
29,069,,14759,18193,0.81124608365855,0.7893957664628715,0.8330964008542285
29,071,,67749,74651,0.9075431005612785,0.8971819534583539,0.9179042476642031
29,073,,9746,10713,0.9097358349668627,0.8920475594125666,0.9274241105211588
29,075,,3758,4196,0.8956148713060057,0.8664958732074816,0.9247338694045298
29,077,,188795,200831,0.9400690132499465,0.934654500311506,0.945483526188387
29,079,,5733,6615,0.8666666666666667,0.8381706376281891,0.8951626957051443
29,081,,5066,5598,0.9049660593068953,0.8811607735533435,0.9287713450604471
29,083,,14209,15767,0.901186021437179,0.8799042633893178,0.9224677794850401
29,085,,5731,6568,0.872563946406821,0.8470477769106097,0.8980801159030323
29,087,,2854,3075,0.928130081300813,0.9072686108959971,0.9489915517056289
29,089,,5906,6499,0.9087551931066318,0.8872093922745636,0.9303009939386999
29,091,,23902,27491,0.8694481830417228,0.8510996145708438,0.8877967515126017
29,093,,5857,6839,0.8564117561046937,0.8254926510748279,0.8873308611345594
29,095,,450755,491772,0.9165934620108506,0.9114438072537193,0.9217431167679818
29,097,,73093,81997,0.8914106613656597,0.8814312670924817,0.9013900556388378
29,099,,147887,160812,0.9196266447777529,0.9118124824151579,0.9274408071403479
29,101,,30195,32392,0.9321746110150655,0.9194616358099504,0.9448875862201805
29,103,,1971,2431,0.8107774578362814,0.7553913174747471,0.8661635981978157
29,105,,21073,24689,0.85353801288023,0.831419555352385,0.875656470408075
29,107,,21261,23207,0.9161459904339208,0.8993870812360809,0.9329048996317606
29,109,,22471,25731,0.8733045742489604,0.8513971014572035,0.8952120470407172
29,111,,5553,6276,0.8847992351816444,0.8617367366876186,0.9078617336756701
29,113,,38756,42591,0.9099575027587988,0.8985014410006451,0.9214135645169526
29,115,,7528,8231,0.9145911796865508,0.8932489591900158,0.9359334001830858
29,117,,8870,10203,0.8693521513280408,0.8439877633369539,0.8947165393191276
29,119,,13077,15769,0.8292853066142432,0.8004660251482595,0.8581045880802268
29,121,,9721,10548,0.9215965111869548,0.905724544216155,0.9374684781577547
29,123,,7793,8866,0.8789758628468306,0.8440320714489019,0.9139196542447593
29,125,,5349,6085,0.8790468364831553,0.8468440697895004,0.9112496031768101
29,127,,17318,19120,0.9057531380753138,0.88893835063005755,0.92256792552057
29,129,,2147,2364,0.9082064297800339,0.8725138001995228,0.9438990593605449
29,131,,15456,17520,0.8821917808219178,0.8612556383609223,0.9031279232829134
29,133,,6873,8218,0.8363348746653687,0.7966353554640812,0.8760343938666563
29,135,,8626,10239,0.8424650844809063,0.8131917382212386,0.871738430740574
29,137,,5714,6209,0.9202770172330488,0.8960578424247931,0.9444961920413044
29,139,,7166,8076,0.8873204556711243,0.8662587807254568,0.9083821306167917
29,141,,12357,15294,0.8079639074146724,0.7817387412123766,0.8341890736169681
29,143,,9426,10856,0.8682756079587325,0.8433515135119691,0.8931997024054958
29,145,,36401,40656,0.8953414010232192,0.8830152279579067,0.9076675740885318
29,147,,11852,12448,0.952120822622108,0.9398907597287129,0.964350885515503
29,149,,5188,6087,0.8523081977985871,0.8181531358368712,0.886463259760303
29,151,,8263,9061,0.9119302505242247,0.8872525787616486,0.9366079222868008
29,153,,5691,6691,0.8505455088925422,0.8054164057212296,0.8956746120638548
29,155,,8409,9920,0.8476814516129032,0.8128941264848216,0.8824687767409848
29,157,,11426,13212,0.8648198607326673,0.8377792049251679,0.8918605165401666
29,159,,25287,28868,0.8759526118885964,0.8624884380057277,0.8894167857714651
29,161,,25684,28524,0.9004347216379189,0.882428352828826,0.9184410904470118
29,163,,10825,12382,0.8742529478274915,0.8527070044360338,0.8957988912189493
29,165,,73658,76182,0.9668688141555748,0.961401462024641,0.9723361662865085
29,167,,18738,21286,0.8802969087663253,0.8569160866044483,0.9036777309282022
29,169,,27757,29551,0.9392913945382559,0.9261163892035208,0.9524663998729911
29,171,,3199,3361,0.9518000595060994,0.9223298790451094,0.9812702399670893
29,173,,6915,7528,0.9185706695005313,0.8925921514345708,0.9445491875664919
29,175,,15261,16995,0.8979699911738747,0.8797325712167404,0.9162074111310089
29,177,,14520,16182,0.8972932888394513,0.8764988654891861,0.9180877121897164
29,179,,3637,4471,0.813464549317826,0.7739049086400015,0.8530241899956504
29,181,,6104,7392,0.8257575757575758,0.7889121436632697,0.8626030078518819
29,183,,275099,287433,0.957089130336461,0.9527750533569175,0.9614032073160046
29,185,,5981,6957,0.8597096449619088,0.8287475241325182,0.8906717657912995
29,186,,12379,13190,0.9385140257771039,0.9201839332151978,0.95684411833901
29,187,,41094,47231,0.8700641527810125,0.8564822037742018,0.8836461017878231
29,189,,655172,693174,0.9451768242894281,0.9422908988093648,0.9480627497694913
29,195,,12789,14816,0.863188444924406,0.8329772410610385,0.8933996487877736
29,197,,2438,2622,0.9298245614035088,0.8993474227518702,0.9603017000551474
29,199,,2182,2944,0.7411684782608695,0.6867714406096804,0.7955655159120586
29,201,,22531,25710,0.8763516141579152,0.8593006934004261,0.8934025349154042
29,203,,4249,5090,0.8347740667976424,0.7888253191141796,0.8807228144811052
29,205,,3718,4114,0.9037433155080213,0.8779788108116486,0.929507820204394
29,207,,16764,20030,0.8369445831253121,0.8156340112650691,0.858255154985555
29,209,,22935,24971,0.918465419887069,0.9036445065272589,0.933286333246879
29,211,,3610,4093,0.88199364769118,0.8609909580515867,0.9029963373307734
29,213,,35710,39109,0.913089058784423,0.9008358768063545,0.9253422407624916
29,215,,15451,17881,0.8641015603154186,0.8467481721401223,0.8814549484907149
29,217,,11907,13386,0.8895114298520843,0.8672069700658416,0.911815889638327
29,219,,23344,25802,0.9047360669715526,0.8875830648774782,0.9218890690656271
29,221,,13915,16279,0.8547822347810062,0.8326659307620538,0.8768985387999587
29,223,,6573,8048,0.8167246520874751,0.7809400856254328,0.8525092185495174
29,225,,22921,26015,0.8810686142610032,0.8622640612526614,0.8998731672693451
29,227,,1316,1385,0.9501805054151624,0.9239222886218065,0.9764387222085184
29,229,,10592,12572,0.8425071587655106,0.8086959025377358,0.8763184149932854
29,510,,191353,210685,0.9082421624700382,0.902188809219845,0.9142955157202314
30,000,,739351,781264,0.9463523213664011,0.9443055558744601,0.9483990868583422
30,001,,6363,6862,0.9272806761877004,0.9012885000842907,0.95327285229111
30,003,,6714,7486,0.896874165108202,0.8691690771860974,0.9245792530303065
30,005,,3913,4313,0.9072571296081614,0.8827597911864615,0.9317544680298613
30,007,,5258,5736,0.9166666666666666,0.8724814501285918,0.9608518832047415
30,009,,8289,8582,0.9658587741785132,0.9526894052490701,0.9790281431079563
30,011,,933,996,0.9367469879518072,0.8608812743901588,1
30,013,,55009,58253,0.9443118809331709,0.9363589901202839,0.9522647717460578
30,015,,3935,4209,0.9349014017581373,0.9115417542109641,0.9582610493053105
30,017,,8293,8668,0.9567374250115367,0.9409097171094087,0.9725651329136646
30,019,,1098,1160,0.946551724137931,0.9030520135787328,0.9900514346971292
30,021,,5735,6161,0.9308553806200293,0.9072749987341484,0.9544357625059101
30,023,,7066,7649,0.9237808863903778,0.8865496654642797,0.9610121073164759
30,025,,1853,1860,0.9962365591397849,0.859245346382496,1
30,027,,8071,8486,0.9510959226962055,0.9288285262306701,0.9733633191617408
30,029,,75850,79424,0.9550010072522159,0.9463548441072982,0.9636471703971337
30,031,,78775,81048,0.9719548909288322,0.9652790065181568,0.9786307753395077
30,033,,743,772,0.9624352331606217,0.8994700770934841,1
30,035,,6988,8226,0.849501580354972,0.800800924363676,0.8982022363462681
30,037,,585,676,0.8653846153846154,0.7838002669354701,0.9469689638337607
30,039,,2528,2700,0.9362962962962963,0.904051061981129,0.9685415306114636
30,041,,9089,9999,0.908990899089909,0.8882303501813615,0.9297514479984565
30,043,,8855,9426,0.9394228729047316,0.9188349559910375,0.9600107898184257
30,045,,1389,1491,0.93158953722334,0.9118164029084889,0.9513626715381912
30,047,,21439,23089,0.9285373987613149,0.9148104734709923,0.9422643240516375
30,049,,49707,52407,0.9484801648634724,0.9363363858645709,0.9606239438623739
30,051,,1141,1361,0.8383541513592946,0.745373707484024,0.9313345952345652
30,053,,14748,16303,0.9046187818192971,0.8828577358628475,0.9263798277757467
30,055,,1269,1299,0.976905311778291,0.9533867234615103,1
30,057,,6753,7194,0.9386989157631359,0.9192324052497789,0.9581654262764929
30,059,,1448,1578,0.917617237008872,0.8661191745220718,0.9691152994956722
30,061,,3472,3744,0.9273504273504274,0.9060002521114912,0.9487006025893636
30,063,,80402,83214,0.9662076092965126,0.9601202494390496,0.9722949691539756
30,065,,3420,3829,0.893183598850875,0.8521991696319211,0.9341680280698288
30,067,,13308,13786,0.9653271434788916,0.9542837845624451,0.9763705023953381
30,069,,353,357,0.988795518207283,0.9474440437908223,1
30,071,,2852,3000,0.9506666666666667,0.9230791477076966,0.9782541856256367
30,073,,3622,4157,0.8713014192927592,0.8460504199045201,0.8965524186809982
30,075,,1227,1355,0.9055350553505535,0.8475789873742052,0.9634911233269017
30,077,,5287,5651,0.935586621836843,0.9148285449145257,0.9563446987591604
30,079,,960,995,0.964824120603015,0.9121741714834174,1
30,081,,32970,35301,0.9339678762641285,0.9174597811656602,0.9504759713625968
30,083,,7159,7532,0.950477960701009,0.928530202469314,0.972425718932704
30,085,,5526,6041,0.91474921370634,0.8908548932952185,0.9386435341174615
30,087,,4711,5195,0.9068334937439846,0.8808771094409186,0.9327898780470506
30,089,,9238,10073,0.9171051325325127,0.8992876700444368,0.9349225950205886
30,091,,2380,2625,0.9066666666666666,0.8546627174718744,0.9586706158614589
30,093,,23223,24695,0.9403927920631707,0.9270041627843207,0.9537814213420207
30,095,,6379,6675,0.9556554307116105,0.9395935702401623,0.9717172911830587
30,097,,2621,2700,0.9707407407407408,0.9583278347709551,0.9831536467105265
30,099,,3986,4354,0.915480018373909,0.8915980881902251,0.9393619485575929
30,101,,3098,3590,0.8629526462395544,0.8188197298414462,0.9070855626376625
30,103,,553,582,0.9501718213058419,0.6963366526859179,1
30,105,,5085,5369,0.9471037437139133,0.9283503293853553,0.9658571580424712
30,107,,1377,1471,0.9360978925900748,0.9113112333922558,0.9608845517878938
30,109,,760,792,0.9595959595959596,0.887435543108281,1
30,111,,111545,116767,0.9552784605239494,0.9496040908687955,0.9609528301791033
31,000,,1198824,1300410,0.921881560430941,0.9195037441769373,0.9242593766849448
31,001,,18799,20311,0.9255575796366501,0.9101844418029981,0.9409307174703021
31,003,,3999,4276,0.9352198316183349,0.9164288880353971,0.9540107752012726
31,005,,329,333,0.987987987987988,0.9487308132413435,1
31,007,,506,564,0.8971631205673759,0.847188036684639,0.9471382044501128
31,009,,317,328,0.9664634146341463,0.9390511348283482,0.9938756944399444
31,011,,3488,3713,0.9394021007271748,0.9146017873879425,0.964202414066407
31,013,,6995,7401,0.9451425483042832,0.9175214078547348,0.9727636887538317
31,015,,1266,1313,0.9642041127189642,0.931372019744376,0.9970362056935524
31,017,,1892,2049,0.9233772571986335,0.8922254399414162,0.9545290744558508
31,019,,29776,31737,0.9382109210070265,0.9270223163138133,0.9493995257002398
31,021,,4422,4803,0.9206745783885072,0.9032904261892885,0.9380587305877259
31,023,,5297,5798,0.9135908934115212,0.8933477886607887,0.9338339981622538
31,025,,18141,18897,0.9599936497856802,0.9505785755209333,0.9694087240504272
31,027,,5363,5566,0.9635285662953648,0.9503527409588004,0.9767043916319291
31,029,,2296,2573,0.8923435678196657,0.8338328408356852,0.9508542948036462
31,031,,3753,3902,0.9618144541260892,0.9421906810073337,0.9814382272448448
31,033,,6218,6738,0.9228257643217572,0.8973958511302735,0.9482556775132409
31,035,,3901,4174,0.9345951126018208,0.9164818407501562,0.9527083844534855
31,037,,5188,6535,0.7938791124713084,0.7357689597058095,0.8519892652368073
31,039,,5533,6045,0.9153019023986766,0.8978942107266606,0.9327095940706925
31,041,,6882,7246,0.9497653878001656,0.9379204537725099,0.9616103218278214
31,043,,10218,12976,0.7874537607891492,0.7582173039691213,0.816690217609177
31,045,,4975,5186,0.9593135364442731,0.9257994288753525,0.9928276440131937
31,047,,12047,15460,0.7792367399741268,0.7505330339056161,0.8079404460426375
31,049,,1259,1382,0.9109985528219972,0.8859344051566359,0.9360627004873584
31,051,,3184,3708,0.8586839266450917,0.8356767438634158,0.8816911094267676
31,053,,21832,24706,0.883671982514369,0.8664625335943563,0.9008814314343816
31,055,,354012,387230,0.9142163572037291,0.9094881020028781,0.91894461240458
31,057,,1141,1225,0.9314285714285714,0.87953877529052,0.9833183675666227
31,059,,3949,4122,0.9580300824842309,0.9436477797386358,0.9724123852298261
31,061,,1983,2117,0.9367028814359943,0.9152586571591881,0.9581471057128006
31,063,,1655,1766,0.9371460928652322,0.9206665622683999,0.9536256234620645
31,065,,2906,3235,0.8982998454404946,0.8743523394292773,0.9222473514517119
31,067,,14200,15192,0.9347024749868352,0.9189904602435991,0.9504144897300714
31,069,,1221,1291,0.9457784663051898,0.933737438846392,0.9578194937639876
31,071,,1168,1220,0.9573770491803278,0.9321921473444207,0.982561951016235
31,073,,1467,1498,0.979305740987984,0.8602117430178966,1
31,075,,406,440,0.9227272727272727,0.705986697410214,1
31,077,,1456,1562,0.9321382842509603,0.9033230536460829,0.9609535148558378
31,079,,34183,40125,0.8519127725856698,0.8353895613274047,0.8684359838439348
31,081,,6331,6519,0.9711612210461728,0.9609873546614001,0.9813350874309454
31,083,,1920,2045,0.9388753056234719,0.9127679271491643,0.9649826840977794
31,085,,610,642,0.9501557632398754,0.9031386525582167,0.9971728739215341
31,087,,1698,1825,0.9304109589041096,0.9046548566494736,0.9561670611587456
31,089,,6466,6847,0.9443551920549146,0.9231601172338953,0.9655502668759338
31,091,,415,435,0.9540229885057471,0.9233259608340163,0.9847200161774778
31,093,,4283,4468,0.9585944494180841,0.9467692846483088,0.9704196141878595
31,095,,4695,5012,0.9367517956903432,0.9112352071895651,0.9622683841911213
31,097,,3291,3790,0.8683377308707124,0.8402043407452019,0.896471120996223
31,099,,4349,4633,0.9387006259443126,0.9126821581387575,0.9647190937498676
31,101,,5488,6089,0.9012974215798982,0.8762754259278837,0.9263194172319128
31,103,,534,554,0.9638989169675091,0.9480558025326713,0.9797420314023468
31,105,,2152,2436,0.8834154351395731,0.8684434669481634,0.8983874033309828
31,107,,5308,5734,0.9257063132193931,0.9084876180139101,0.9429250084248761
31,109,,192473,205622,0.9360525624689965,0.9304632285940582,0.9416418963439348
31,111,,22192,23546,0.9424955406438461,0.9273501000474474,0.9576409812402448
31,113,,523,535,0.9775700934579439,0.9392858188912655,1
31,115,,411,415,0.9903614457831326,0.9641157596724291,1
31,117,,288,303,0.9504950495049505,0.8997950027086883,1
31,119,,21203,23287,0.9105080087602525,0.8982113951962407,0.9228046223242643
31,121,,4994,5468,0.9133138258961229,0.8875950190516881,0.9390326327405576
31,123,,2817,3102,0.9081237911025145,0.8878686962909659,0.9283788859140631
31,125,,2114,2282,0.9263803680981595,0.8984104066045031,0.9543503295918159
31,127,,4226,4641,0.9105796164619694,0.8740687244720738,0.9470905084518649
31,129,,2878,3116,0.923620025673941,0.8899517282973192,0.9572883230505628
31,131,,10392,11140,0.9328545780969479,0.914929451984684,0.9507797042092119
31,133,,1507,1760,0.85625,0.7988813423285749,0.913618657671425
31,135,,1852,1994,0.9287863590772317,0.9022372634099607,0.9553354547445028
31,137,,5677,6101,0.9305031961973447,0.9138347121791037,0.9471716802155856
31,139,,4698,4968,0.9456521739130435,0.9305136512536811,0.9607906965724058
31,141,,20370,22552,0.9032458318552679,0.8854665912336563,0.9210250724768794
31,143,,3459,3679,0.9402011416145691,0.9215090244733899,0.9588932587557484
31,145,,6775,7274,0.9313995050866098,0.9035696676252403,0.9592293425479794
31,147,,5195,5558,0.9346887369557395,0.918569615824372,0.950807858087107
31,149,,867,945,0.9174603174603174,0.8721683732768241,0.9627522616438108
31,151,,7492,9105,0.8228445908841296,0.7860680660009418,0.8596211157673175
31,153,,122723,128382,0.95592061192379,0.9509997595625206,0.9608414642850593
31,155,,15319,15792,0.9700481256332321,0.9630330609269901,0.977063190339474
31,157,,22110,24342,0.908306630515159,0.8930184010669427,0.9235948599633753
31,159,,10531,11125,0.9466067415730337,0.9349862255695547,0.9582272575765127
31,161,,3243,3589,0.90359431596545,0.8777596539163992,0.9294289780145009
31,163,,1974,2146,0.9198508853681268,0.8832283049286491,0.9564734658076044
31,165,,815,863,0.944380069524913,0.8806724860781311,1
31,167,,3704,3937,0.9408178816357633,0.9219523894453266,0.9596833738262
31,169,,3298,3476,0.9487917146144994,0.9310966438802234,0.9664867853487754
31,171,,442,481,0.918918918918919,0.91339654866465,0.9244412891731879
31,173,,3439,3661,0.9393608303742147,0.9221009903875751,0.9566206703608543
31,175,,2774,2918,0.9506511309115833,0.9259089691462216,0.975393292676945
31,177,,13886,14488,0.9584483710657096,0.9469868603067932,0.9699098818246259
31,179,,5208,5462,0.9534968875869645,0.9362800716976049,0.9707137034763241
31,181,,2295,2413,0.9510982179859097,0.9357052630429193,0.9664911729289
31,183,,632,653,0.9678407350689127,0.7685956511345552,1
31,185,,8865,9517,0.9314910160764946,0.9127204679045642,0.9502615642484251
32,000,,1957058,2236952,0.8748770648632603,0.872126261957328,0.8776278677691927
32,001,,16350,17797,0.9186941619374052,0.8956827034416784,0.9417056204331319
32,003,,1412110,1625416,0.8687683645294497,,
32,005,,37355,39611,0.9430461235515387,0.9316310651766988,0.9544611819263786
32,007,,30718,35210,0.8724226072138597,0.8540709162803479,0.8907742981473714
32,009,,745,895,0.8324022346368715,0.7206563739045899,0.944148095369153
32,011,,1042,1107,0.941282746160795,0.8501487590819166,1
32,013,,10003,11271,0.8874988909590986,0.859483898083302,0.9155138838348953
32,015,,3271,3714,0.8807215939687668,0.8143701666111623,0.9470730213263713
32,017,,3070,3261,0.9414290095062864,0.9062447874881783,0.9766132315243945
32,019,,39761,45243,0.8788320845213624,0.8632922943163575,0.8943718747263674
32,021,,3120,3366,0.9269162210338681,0.9076050202321648,0.9462274218355713
32,023,,36993,42423,0.8720033943851213,0.85231303978812,0.8916937489821226
32,027,,4251,4879,0.8712850994056159,0.8316370277347999,0.910933171076432
32,029,,3009,3323,0.9055070719229612,0.8495379377210168,0.9614762061249056
32,031,,312113,350857,0.8895732449402464,0.8835699703352139,0.8955765195452788
32,033,,5493,6376,0.8615119196988708,0.828241178966699,0.8947826604310425
32,510,,37654,42203,0.8922114541620264,0.8774274423195417,0.9069954660045111
33,000,,962216,1019229,0.9440626198822836,0.9412761669458805,0.9468490728186867
33,001,,46312,49359,0.9382686034968294,0.924059787706166,0.9524774192874927
33,003,,39297,41127,0.9555036837114305,0.9433640098609274,0.9676433575619335
33,005,,52671,55786,0.944161617610153,0.9354794109466688,0.9528438242736373
33,007,,22035,24369,0.9042225778653207,0.8901165598688721,0.9183285958617693
33,009,,62911,66413,0.9472693599144746,0.9377561718143246,0.9567825480146246
33,011,,287474,307804,0.933951475614352,0.9288239445609553,0.9390790066677487
33,013,,107062,113343,0.9445841384117237,0.9386222682075238,0.9505460086159236
33,015,,228616,237837,0.9612297497866186,0.9563662536543813,0.9660932459188558
33,017,,85357,90096,0.9474005505238856,0.9407973081272358,0.9540037929205354
33,019,,30481,33095,0.9210152591025834,0.9026582896824805,0.9393722285226863
34,000,,5915947,6523202,0.9069084477224528,0.9056236990636277,0.9081931963812779
34,001,,173623,194449,0.8928973664045585,,
34,003,,636401,684999,0.9290539110276074,0.9252814579674804,0.9328263640877343
34,005,,316413,335486,0.9431481492521298,0.9387139129262648,0.9475823855779947
34,007,,328520,365433,0.8989883234409591,0.8938236486551743,0.904152998226744
34,009,,68973,72841,0.9468980381927761,0.9396109829275706,0.9541850934579815
34,011,,84049,103026,0.8158037776871857,0.8026724921517446,0.8289350632226268
34,013,,504923,582478,0.8668533403836711,0.8612975703570384,0.8724091104103039
34,015,,199023,211800,0.9396742209631728,0.9341042733836814,0.9452441685426641
34,017,,458235,521013,0.8795078049875915,0.8742530045894916,0.8847626053856914
34,019,,91554,95073,0.9629863368148686,0.9575993655566105,0.9683733080731266
34,021,,233936,261611,0.8942131638195642,0.8871376446425897,0.9012886829965386
34,023,,536965,601905,0.8921092198935048,0.8876534563722771,0.8965649834147325
34,025,,431368,458044,0.9417610535232424,0.9379431287132437,0.945578978333241
34,027,,347957,366541,0.9492989870164593,0.9453329672259653,0.9532650068069534
34,029,,414462,443137,0.9352908919814865,0.9312464312157247,0.9393353527472483
34,031,,296665,349460,0.8489240542551365,0.842821521497236,0.855026587013037
34,033,,41564,45940,0.904745319982586,0.8919691670997151,0.9175214728654569
34,035,,233031,247882,0.9400884291719447,0.9345189244216316,0.9456579339222577
34,037,,101402,106277,0.9541293036122586,0.9492330784974938,0.9590255287270233
34,039,,340861,394992,0.8629567181107466,0.856471904901388,0.8694415313201052
34,041,,76022,80815,0.9406917032729073,0.9338866331436064,0.9474967734022082
35,000,,1286568,1461438,0.8803438804793635,0.8770807661826866,0.8836069947760404
35,001,,432131,476949,0.9060318818154561,0.9016689691159525,0.9103947945149597
35,003,,3193,3259,0.9797483890764038,0.950799732503616,1
35,005,,33946,41958,0.8090471423804757,0.7873574747275606,0.8307368100333908
35,006,,15693,18519,0.8473999676008424,0.8155506956464871,0.8792492395551976
35,007,,8378,9281,0.9027044499515139,0.8792098781273618,0.9261990217756659
35,009,,24627,29647,0.8306742672108477,0.8017271630148548,0.8596213714068406
35,011,,1097,1219,0.8999179655455292,0.8015546303914022,0.9982813006996561
35,013,,116920,140141,0.834302595243362,0.8243573931774644,0.8442477973092597
35,015,,33283,39901,0.8341394952507456,0.8113906422614584,0.8568883482400328
35,017,,18654,20577,0.9065461437527337,0.885450695330114,0.9276415921753534
35,019,,2524,3070,0.8221498371335505,0.7804454596997075,0.8638542145673935
35,021,,458,498,0.9196787148594378,0.8518296466715894,0.9875277830472861
35,023,,2572,2956,0.8700947225981055,0.838086813162228,0.902102632033983
35,025,,33011,44215,0.7466018319574805,0.7243545098103263,0.7688491541046347
35,027,,15028,15872,0.9468245967741935,0.9278689348007085,0.9657802587476785
35,028,,13797,14040,0.9826923076923076,0.9729872626460265,0.9923973527385888
35,029,,12439,16514,0.7532396754269105,0.7167231791923393,0.7897561716614817
35,031,,36834,45002,0.8184969556908582,0.8049141197992036,0.8320797915825129
35,033,,3069,3276,0.9368131868131868,0.8857058985947039,0.9879204750316697
35,035,,40244,45839,0.877942363489605,0.8617564162318739,0.894128310747336
35,037,,5776,6274,0.9206248007650621,0.8942711771929474,0.9469784243371769
35,039,,24381,27797,0.8771090405439436,0.8539006346183771,0.9003174464695101
35,041,,9600,11112,0.8639308855291576,0.8257023045315439,0.9021594665267714
35,043,,100790,108375,0.9300115340253748,0.9220709104104241,0.9379521576403256
35,045,,69955,80496,0.869049393758696,0.857195419672404,0.8809033678449881
35,047,,17289,19991,0.8648391776299335,0.8357233549638052,0.8939550002960617
35,049,,110150,120004,0.9178860704643178,0.9101190705336855,0.9256530703949502
35,051,,8255,9259,0.891564963818987,0.8516361257230044,0.9314938019149696
35,053,,8612,10099,0.8527576987820576,0.8194948382239977,0.8860205593401176
35,055,,25082,27201,0.9220984522627844,0.897606540022112,0.9465903645034568
35,057,,9689,11155,0.8685791125056028,0.840440453049936,0.8967177719612697
35,059,,2618,2943,0.889568467550119,0.8545819216360221,0.9245550134642159
35,061,,46473,53999,0.860627048649049,0.8451350833320851,0.876119013966013
36,000,,12332714,14017184,0.8798282165661805,0.8787342926826708,0.8809221404496902
36,001,,200836,214344,0.9369798081588474,0.9314483841458955,0.9425112321717993
36,003,,27244,29722,0.9166274140367404,0.907378684602127,0.9258761434713538
36,005,,702132,930631,0.7544687421760075,0.749125575778793,0.7598119085732219
36,007,,119458,130653,0.9143150176421514,0.9065436040825273,0.9220864312017755
36,009,,47235,52793,0.8947208910272195,0.8845160407612475,0.9049257412931916
36,011,,49123,54962,0.893762963502056,0.8841629584637243,0.9033629685403877
36,013,,79135,88242,0.896795176899889,0.8881846570482544,0.9054056967515235
36,015,,53000,58412,0.9073478052454975,0.8978162139196303,0.9168793965713647
36,017,,30163,33596,0.8978152160971544,0.884119495787168,0.9115109364071409
36,019,,48311,54834,0.8810409599883284,0.8676672342874605,0.8944146856891964
36,021,,43611,47481,0.9184937132747836,0.9055628506705574,0.9314245758790097
36,023,,26930,29317,0.9185796636763652,0.9054387635444829,0.9317205638082475
36,025,,30230,33206,0.9103776425947118,0.9007056228800758,0.9200496623093477
36,027,,195659,212816,0.9193810615743178,0.9132434833938493,0.9255186397547862
36,029,,623605,674034,0.9251832993587861,0.9221261052296699,0.9282404934879023
36,031,,26785,29098,0.9205100006873325,0.9069602848450115,0.9340597165296535
36,033,,29199,33658,0.8675203517737239,0.8562235356371679,0.8788171679102799
36,035,,34136,38073,0.8965933863893047,0.8818420488204871,0.9113447239581224
36,037,,38747,41686,0.9294967135249245,0.9182315720167343,0.9407618550331146
36,039,,32522,36522,0.8904769727835278,0.8764042731076731,0.9045496724593824
36,041,,3765,4184,0.8998565965583174,0.8751088213192497,0.9246043717973851
36,043,,39284,42910,0.9154975530179446,0.9053754763947734,0.9256196296411157
36,045,,68159,74083,0.9200356357058974,0.9101528791343736,0.9299183922774212
36,047,,1558104,1846499,0.8438152417087689,0.8404347281650775,0.8471957552524603
36,049,,17160,18594,0.9228783478541465,0.9113126999131373,0.9344439957951556
36,051,,38628,41720,0.9258868648130393,0.9169993630872593,0.9347743665388193
36,053,,42672,46025,0.9271482889733841,0.9203383443724089,0.9339582335743593
36,055,,485730,527287,0.9211871333827688,0.9175957820009539,0.9247784847645837
36,057,,30346,34301,0.8846972391475467,0.8709836170890946,0.8984108612059989
36,059,,898980,975442,0.9216129713504237,0.9181121823844047,0.9251137603164428
36,061,,1129003,1261727,0.8948076723411641,0.8911446908017291,0.8984706538805991
36,063,,140345,152398,0.9209110355778948,0.913397038345843,0.9284250328099466
36,065,,141554,159063,0.889924118116721,0.8826043599449247,0.8972438762885173
36,067,,298540,325131,0.9182145043074945,0.9132385730851768,0.9231904355298123
36,069,,75876,81153,0.934974677461092,0.9273030480331949,0.9426463068889891
36,071,,234337,260987,0.8978876342499817,0.8918811952111257,0.9038940732888378
36,073,,25204,29318,0.8596766491575142,0.8401315173269265,0.8792217809881019
36,075,,72433,80607,0.8985944148771199,0.8895219128849897,0.90766691686925
36,077,,36476,39271,0.9288278882636042,0.9192524876842761,0.9384032888429322
36,079,,66574,71435,0.9319521243088122,0.9210373548833476,0.9428668937342769
36,081,,1403023,1698409,0.8260807614655834,0.8230641077246925,0.8290974152064743
36,083,,105352,113756,0.926122578149724,0.9176868503655917,0.9345583059338562
36,085,,307269,347481,0.8842756870159807,0.8781676030640195,0.8903837709679419
36,087,,182434,209276,0.8717387564747032,0.8638488593176834,0.879628653631723
36,089,,63962,71171,0.89870874372989,0.8893361337115853,0.9080813537481947
36,091,,164762,174204,0.9457991779752474,0.940009750208026,0.9515886057424687
36,093,,101563,110701,0.9174533202048762,0.9101769853875952,0.9247296550221573
36,095,,19926,21699,0.9182911654914973,0.904475578534648,0.9321067524483465
36,097,,11842,13099,0.9040384762195588,0.8831229451255702,0.9249540073135474
36,099,,20113,23742,0.8471485131833881,0.8306799350610247,0.8636170913057516
36,101,,60478,65996,0.9163888720528517,0.9089670277422001,0.9238107163635033
36,103,,972852,1075649,0.9044325797727697,0.9012305413851731,0.9076346181603663
36,105,,49339,56129,0.8790286661084288,0.8650194327113353,0.8930378995055223
36,107,,31679,34648,0.9143096282613715,0.900003521452879,0.9286157350698641
36,109,,58473,61195,0.9555192417681183,0.9491769031317978,0.9618615804044388
36,111,,124395,134979,0.9215878025470629,0.9137616186000457,0.92941398649408
36,113,,46291,49635,0.9326281857560189,0.9217712609646684,0.9434851105473694
36,115,,40910,45378,0.9015381903124863,0.8899920511302641,0.9130843294947084
36,117,,59508,65509,0.9083942664366729,0.8990770655302518,0.917711467343094
36,119,,627149,701750,0.8936929105806911,0.8893244679977487,0.8980613531636336
36,121,,25866,29707,0.8707038745076918,0.8578095241566558,0.8835982248587279
36,123,,14297,16856,0.8481846226862838,0.8255838496324056,0.870785395740162
37,000,,6653293,7380330,0.9014899062779036,0.8999150375554987,0.9030647750003085
37,001,,106496,119714,0.8895868486559634,0.8806564484984797,0.8985172488134471
37,003,,22972,26780,0.8578043315907393,0.835064850107047,0.8805438130744316
37,005,,7241,8699,0.8323945281066789,0.7932646157838541,0.8715244404295037
37,007,,13419,16147,0.8310522078404657,0.807546030241437,0.8545583854394945
37,009,,18349,20676,0.8874540530083188,0.8680712995097156,0.906836806506922
37,011,,11883,13532,0.878140703517588,0.8518823792641841,0.9043990277709919
37,013,,29247,32768,0.892547607421875,0.8745354981768195,0.9105597166669305
37,015,,10699,13075,0.8182791586998088,0.7864656679694974,0.8500926494301203
37,017,,18853,21282,0.8858659900385302,0.8646075227318574,0.907124457345203
37,019,,115102,123153,0.9346260342825591,0.9265931491906058,0.9426589193745124
37,021,,189827,204952,0.9262022327179047,0.9178498841961832,0.9345545812396262
37,023,,55867,64993,0.859584878371517,0.8436766814635654,0.8754930752794685
37,025,,144803,157298,0.9205647878548996,0.9131995976844852,0.927929978025314
37,027,,49711,58577,0.8486436656025402,0.8336290006664604,0.8636583305386201
37,029,,7036,7556,0.9311805187930122,0.8967938799142523,0.9655671576717721
37,031,,49925,53254,0.9374882637923911,0.9289515006459238,0.9460250269388585
37,033,,13929,16517,0.8433129502936368,0.8171246823919068,0.8695012181953669
37,035,,100833,114373,0.8816154162258575,0.8690648720849576,0.8941659603667573
37,037,,53956,59347,0.9091613729421875,0.8953865706567811,0.9229361752275939
37,039,,21359,23155,0.9224357590153315,0.9090839444030817,0.9357875736275812
37,041,,9411,10437,0.901695889623455,0.8719241811316834,0.9314675981152267
37,043,,8348,9027,0.9247812119197961,0.8967777662127918,0.9527846576268004
37,045,,61641,69701,0.8843632085622875,0.8707417614511216,0.8979846556734533
37,047,,30841,35543,0.867709534929522,0.8523225989003789,0.8830964709586651
37,049,,64290,69624,0.9233884867287142,0.9123603142341077,0.9344166592233207
37,051,,195788,210772,0.928908963239899,0.9246356051908949,0.9331823212889031
37,053,,20466,21968,0.9316278222869628,0.9175090762490853,0.9457465683248404
37,055,,27351,28880,0.9470567867036012,0.9335000504797479,0.9606135229274544
37,057,,108212,122305,0.8847716773639671,0.8730752836370705,0.8964680710908637
37,059,,28814,31534,0.9137438954778969,0.8992594396637168,0.928228351292077
37,061,,27548,33416,0.824395499162078,0.8076977118900073,0.8410932864341487
37,063,,212581,232419,0.9146455324220482,0.9078173741891408,0.9214736906549555
37,065,,28798,33862,0.850451833914122,0.8337832286624518,0.8671204391657923
37,067,,237731,262936,0.9041401709921806,0.8987207634559692,0.909559578528392
37,069,,46040,52067,0.8842452993258686,0.8680919384103227,0.9003986602414145
37,071,,144379,163523,0.8829277838591513,0.873583521936043,0.8922720457822595
37,073,,6842,7595,0.9008558262014483,0.8759264739839558,0.9257851784189408
37,075,,5154,6013,0.8571428571428571,0.8179360419345005,0.8963496723512137
37,077,,38437,43516,0.8832843092195974,0.8654895284499511,0.9010790899892438
37,079,,11617,14705,0.7900034002040123,0.7631178596959416,0.816888940712083
37,081,,329699,363230,0.9076865897640614,0.9025467822069518,0.9128263973211709
37,083,,28003,34064,0.8220702207609206,0.8014660498742573,0.842674391647584
37,085,,81656,92116,0.8864475226887837,0.8766785024536419,0.8962165429239255
37,087,,43408,47569,0.9125270659463096,0.89823208185025,0.9268220500423692
37,089,,81347,88826,0.9158016796883796,0.905539957480463,0.9260634018962961
37,091,,11654,13865,0.8405337179949514,0.8139908643808352,0.8670765716090675
37,093,,31071,35039,0.8867547589828477,0.8738752194268752,0.8996342985388203
37,095,,3211,3630,0.884573002754821,0.8191509627849394,0.9499950427247026
37,097,,125677,137284,0.9154526383263891,0.9056048073545042,0.925300469298274
37,099,,25600,28269,0.9055856238282217,0.8822288135558023,0.9289424341006411
37,101,,141994,156985,0.9045068000127401,0.8953011282728519,0.9137124717526283
37,103,,6238,7004,0.8906339234723015,0.860855951271793,0.92041189567281
37,105,,38022,44766,0.8493499530893982,0.8315162859584462,0.8671836202203502
37,107,,31659,38187,0.8290517715452903,0.8056388035289793,0.8524647395616013
37,109,,59899,66838,0.896181812741255,0.8830355514966659,0.909328073985844
37,111,,28082,32913,0.8532190927596998,0.8337377409474829,0.8727004445719166
37,113,,25809,28732,0.8982667409160517,0.8802584329143568,0.9162750489177467
37,115,,14436,15946,0.9053054057443873,0.8794213317398156,0.931189479748959
37,117,,13338,15812,0.8435365545155578,0.8191311533166212,0.8679419557144943
37,119,,712415,784974,0.9075650913278657,0.903390192365836,0.9117399902898954
37,121,,10179,11218,0.9073809948297379,0.8842764062648069,0.9304855833946689
37,123,,15814,18939,0.8349965679286129,0.8077808087237905,0.8622123271334352
37,125,,71022,75766,0.9373861626587123,0.9274907111992945,0.9472816141181302
37,127,,58656,67324,0.871249480125958,0.855494737311509,0.887004222940407
37,129,,154469,164254,0.9404276303773424,0.9340164173943709,0.946838843360314
37,131,,10928,12846,0.850692822668535,0.8239624406789172,0.8774232046581527
37,133,,106628,114320,0.9327151854443667,0.9234684082779673,0.9419619626107661
37,135,,88157,94433,0.9335401819279278,0.9229882938330969,0.9440920700227586
37,137,,9011,10003,0.9008297510746776,0.8806473469088267,0.9210121552405284
37,139,,25105,28086,0.8938617104607277,0.8726009635912974,0.9151224573301581
37,141,,42116,46364,0.9083771891985161,0.8964178165767498,0.9203365618202823
37,143,,8777,9949,0.8821992160016082,0.8454217125449585,0.918976719458258
37,145,,24961,28089,0.88863968101392,0.8685947292006087,0.9086846328272313
37,147,,97615,107483,0.9081901323930296,0.8984233960149198,0.9179568687711394
37,149,,14789,15827,0.9344158716118026,0.9177952311340205,0.9510365120895847
37,151,,86027,101918,0.844080535332326,0.8303667047765179,0.8577943658881341
37,153,,24123,28881,0.8352550119455697,0.8114846330814705,0.859025390809669
37,155,,59905,74911,0.7996822896503851,0.7878252159257435,0.8115393633750267
37,157,,57063,66720,0.8552607913669065,0.8385370040446427,0.8719845786891702
37,159,,92089,103579,0.8890701783179988,0.8772532848358571,0.9008870718001406
37,161,,41223,47251,0.8724259804025312,0.8558826792829632,0.8889692815220991
37,163,,33486,39810,0.841145440844009,0.8208788365291239,0.8614120451588941
37,165,,18852,22661,0.8319138608181457,0.8130752996134162,0.8507524220228752
37,167,,40146,45338,0.8854823768141515,0.8688817526116924,0.9020830010166107
37,169,,30653,33541,0.9138964252705644,0.8990811945296933,0.9287116560114355
37,171,,42541,50797,0.8374707167746127,0.8191742304278025,0.855767203121423
37,173,,8594,9916,0.8666801129487697,0.8379616235949243,0.895398602302615
37,175,,24339,25917,0.939113323301308,0.9272359911303814,0.9509906554722347
37,177,,2289,2740,0.8354014598540146,0.7792882982899185,0.8915146214181107
37,179,,148118,162928,0.9091009525680055,0.9023177562706398,0.9158841488653712
37,181,,24299,28532,0.8516402635637179,0.8268651911046937,0.8764153360227421
37,183,,754819,802678,0.9403758418693424,0.9371477235237823,0.9436039602149026
37,185,,11992,14234,0.8424898131235071,0.8176698398665098,0.8673097863805045
37,187,,6797,7897,0.8607065974420666,0.8229953787136606,0.8984178161704726
37,189,,28817,31109,0.9263235719566685,0.9109032392562783,0.9417439046570587
37,191,,68329,79122,0.8635904046914891,0.8538802220503239,0.8733005873326543
37,193,,39024,47784,0.8166750376695128,0.7935816394479354,0.8397684358910902
37,195,,46313,54277,0.853271183005693,0.8384116001902923,0.8681307658210938
37,197,,23246,26847,0.8658695571199762,0.8431940121396624,0.8885451021002899
37,199,,12968,14301,0.9067897349835676,0.8844720025666872,0.929107467400448
38,000,,482677,513405,0.9401486156153525,0.9367891576019547,0.9435080736287502
38,001,,1387,1508,0.919761273209549,0.8935266654435279,0.9459958809755702
38,003,,7110,7530,0.9442231075697212,0.9278295567516337,0.9606166583878086
38,005,,2914,3325,0.876390977443609,0.8483977736952342,0.9043841811919839
38,007,,701,736,0.9524456521739131,0.7961296522877107,1
38,009,,4218,4484,0.940677966101695,0.9226464158572408,0.9587095163461491
38,011,,1811,1982,0.91372351160444,0.8888538803580579,0.9385931428508221
38,013,,1386,1480,0.9364864864864865,0.8981825480367012,0.9747904249362718
38,015,,64528,67961,0.9494857344653551,0.9402550393998219,0.9587164295308883
38,017,,116974,121988,0.9588975964849001,,
38,019,,2364,2559,0.9237983587338804,0.8902242034856478,0.957372513982113
38,021,,3015,3305,0.9122541603630863,0.8779156523102288,0.9465926684159437
38,023,,1494,1631,0.9160024524831392,0.8719963937267974,0.9600085112394809
38,025,,2640,2816,0.9375,0.9242751453113652,0.9507248546886348
38,027,,1631,1740,0.9373563218390805,0.92305282753186,0.9516598161463009
38,029,,2176,2447,0.8892521454842665,0.859333283667932,0.9191710073006009
38,031,,2336,2506,0.9321628092577813,0.8982422836402303,0.9660833348753323
38,033,,1167,1210,0.9644628099173553,0.9415672684276791,0.9873583514070315
38,035,,41745,43548,0.9585974097547534,0.9503804384415584,0.9668143810679484
38,037,,1537,1728,0.8894675925925926,0.8620447988482982,0.9168903863368869
38,039,,1545,1661,0.930162552679109,0.9032976003810846,0.9570275049771333
38,041,,1678,1797,0.9337785197551475,0.9065270749633543,0.9610299645469407
38,043,,1511,1661,0.909692956050572,0.877132735420379,0.942253176680765
38,045,,2666,2901,0.9189934505342985,0.8887625869910001,0.9492243140775969
38,047,,1219,1336,0.9124251497005988,0.8727444906409006,0.952105808760297
38,049,,3334,3657,0.9116762373530216,0.8908646495749717,0.9324878251310715
38,051,,1730,1924,0.8991683991683992,0.8798026114847582,0.9185341868520401
38,053,,7996,8974,0.8910184978827724,0.8501221954978735,0.9319148002676714
38,055,,6780,7222,0.9387981168651343,0.9235965927531377,0.9539996409771309
38,057,,5401,5913,0.9134111280230002,0.883326094722099,0.94349616132390135
38,059,,22051,23271,0.9475742340251816,0.9276443813578152,0.967504086692548
38,061,,5270,5952,0.8854166666666666,0.8516314906623887,0.9192018426709445
38,063,,2098,2253,0.931202840656902,0.8934818205136219,0.968923860800182
38,065,,1224,1293,0.9466357308584686,0.9406162539950931,0.9526552077218442
38,067,,4492,4874,0.9216249487074272,0.9052077461018433,0.938042151313011
38,069,,2582,2791,0.9251164457183805,0.9004236680576836,0.9498092233790774
38,071,,7329,7898,0.9279564446695366,0.9036263439877616,0.9522865453513116
38,073,,3682,3989,0.9230383554775633,0.9018949048618665,0.9441818060932601
38,075,,1485,1620,0.9166666666666666,0.8869332681934635,0.9464000651398697
38,077,,10219,10814,0.9449787312742741,0.934653408107684,0.9553040544408642
38,079,,5965,7060,0.8449008498583569,0.8133530303032267,0.8764486694134871
38,081,,2603,2794,0.9316392269148175,0.9116187020463018,0.9516597517833332
38,083,,908,1007,0.9016881827209533,0.8607599302876398,0.9426164351542669
38,085,,1725,1962,0.8792048929663608,0.8427028150958497,0.915706970836872
38,087,,559,601,0.930116472545757,0.732976739133794,1
38,089,,19972,21588,0.9251435982953493,0.9042977986619456,0.945989397928753
38,091,,1256,1317,0.9536826119969628,0.9327272988593466,0.974637925134579
38,093,,14020,15068,0.9304486328643483,0.9105723746378721,0.9503248910908245
38,095,,1351,1485,0.9097643097643098,0.8614735213440197,0.9580550981845999
38,097,,5077,5373,0.9449097338544574,0.9324381539320429,0.957381313776872
38,099,,6394,7201,0.8879322316344952,0.8650157686112336,0.9108486946577568
38,101,,42075,44405,0.9475284314829411,0.9349581011980046,0.9600987617678776
38,103,,2510,2718,0.9234731420161884,0.9050456283057549,0.9419006557266218
38,105,,22836,24541,0.9305244285073958,0.901144213629428,0.9599046433853636
39,000,,7495699,8162216,0.9183411710741298,0.9170566720884457,0.919625670059814
39,001,,16104,18748,0.8589716236398549,0.8331990910938308,0.884744156185879
39,003,,63216,68305,0.9254959373398727,0.9165104636013702,0.9344814110783751
39,005,,32931,36027,0.914064451661254,0.8987041275511596,0.9294247757713485
39,007,,59997,68512,0.875715203176086,0.864832715001863,0.886597691350309
39,009,,33393,36401,0.9173649075574847,0.9000391050516826,0.9346907100632867
39,011,,29907,31536,0.9483447488584474,0.9382750619543351,0.9584144357625598
39,013,,44301,48063,0.9217277323512889,0.9098986694249981,0.9335567952775797
39,015,,26825,30715,0.8733517825166857,0.8507815255014665,0.8959220395319049
39,017,,231700,253984,0.9122621897442359,0.9059541570817298,0.918570222406742
39,019,,17504,19291,0.9073661292830854,0.8848066400878151,0.9299256184783556
39,021,,25025,27444,0.9118568721760676,0.898864111899345,0.9248496324527902
39,023,,83385,93713,0.8897911709154547,0.8783786417924654,0.901203700038444
39,025,,136238,147938,0.9209128148278333,0.9129220178418311,0.9289036118138354
39,027,,26228,28395,0.9236837471385807,0.9079176852472403,0.9394498090299211
39,029,,65556,73031,0.8976462050362175,0.8834761583285065,0.9118162517439286
39,031,,21116,25292,0.8348885022932152,0.8134746648070024,0.856302339779428
39,033,,26952,29503,0.9135342168593025,0.9009400970391516,0.9261283366794534
39,035,,812854,888313,0.9150535903448447,0.911865996937689,0.9182411837520004
39,037,,32209,35460,0.9083192329385222,0.8968908662488493,0.9197475996281952
39,039,,24491,26401,0.9276542555206242,0.9146632100247416,0.9406453010165068
39,041,,147659,152109,0.9707446633664017,0.9655114550063795,0.975977871726424
39,043,,50326,54022,0.9315834289733812,0.9235725339546778,0.9395943239920846
39,045,,104640,111346,0.9397733192032044,0.9323102867451469,0.9472363516612619
39,047,,17260,19877,0.8683402928007244,0.8456126462655075,0.8910679393359414
39,049,,817496,896440,0.9119361028066575,0.9083104633039893,0.9155617423093256
39,051,,27590,29187,0.9452838592524069,0.9325210880643349,0.9580466304404789
39,053,,17277,19843,0.8706848762787885,0.8505087208428672,0.8908610317147099
39,055,,61246,66748,0.9175705639120273,0.9080348344686581,0.9271062933553965
39,057,,108723,115464,0.9416181667013095,0.9355987380192886,0.9476375953833304
39,059,,23407,26959,0.8682443710820135,0.8457936743017718,0.8906950678622552
39,061,,521598,562883,0.9266543846589789,0.92270566441861,0.9306031048993477
39,063,,49274,51458,0.957557619806444,0.9497675603321779,0.9653476792807102
39,065,,17202,18572,0.9262330389834159,0.9110871013322688,0.941378976634563
39,067,,9238,10320,0.8951550387596899,0.8683659205393679,0.921944156980012
39,069,,17804,19129,0.9307334413717392,0.916990810983684,0.9444760717597944
39,071,,26133,29841,0.8757414295767568,0.8562349250661139,0.8952479340873998
39,073,,17733,19819,0.8947474645542156,0.871700807106425,0.9177941220020063
39,075,,15644,26621,0.5876563615191015,0.5592216536326788,0.6160910694055242
39,077,,36212,39828,0.9092096012855277,0.896628567686149,0.9217906348849065
39,079,,19326,22344,0.8649301825993555,0.8395726303839646,0.8902877348147464
39,081,,42219,45793,0.9219531369423274,0.9103722883839325,0.9335339855007223
39,083,,37985,41724,0.9103873070654779,0.895629377628224,0.9251452365027317
39,085,,159740,169134,0.9444582402119029,0.9387364556673592,0.9501800247564467
39,087,,36393,40401,0.9007945347887428,0.8861257296622217,0.915463339915264
39,089,,116228,124267,0.9353086499231493,0.9289760256842241,0.9416412741620745
39,091,,29801,32259,0.9238042096779193,0.9081422239404724,0.9394661954153662
39,093,,204668,222831,0.918489797200569,0.9132332346464274,0.9237463597547106
39,095,,267712,292536,0.915142067984795,0.9100192462078092,0.9202648897617809
39,097,,28893,32247,0.8959903246813657,0.8796481946016982,0.9123324547610333
39,099,,149125,162303,0.9188061834963002,0.9127862748614831,0.9248260921311172
39,101,,40925,45833,0.8929155848406171,0.8780072590025703,0.9078239106786639
39,103,,123313,130761,0.9430411208234871,0.9368519683392034,0.9492302733077709
39,105,,13587,15732,0.8636536994660564,0.839146437346824,0.8881609615852888
39,107,,26887,28245,0.9519206939281288,0.9396666161987197,0.964174771657538
39,109,,71306,76876,0.9275456579426609,0.9170583276774783,0.9380329882078434
39,111,,8728,9586,0.9104944711036929,0.8879729468127326,0.9330159953946531
39,113,,341639,368749,0.9264811565590686,0.9217141500593875,0.9312481630587497
39,115,,8624,9817,0.8784761128654375,0.8509819401094462,0.9059702856214288
39,117,,22672,25169,0.9007906551710437,0.8762422020398745,0.925339108302213
39,119,,53909,59472,0.9064601829432338,0.8945254290963232,0.9183949367901445
39,121,,9324,11062,0.8428855541493401,0.8107981995239507,0.8749729087747294
39,123,,28772,30466,0.9443970327578284,0.9312166414669346,0.9575774240487221
39,125,,11788,13020,0.9053763440860215,0.8859100216645107,0.9248426665075323
39,127,,21826,24705,0.883464885650678,0.8654407217328182,0.9014890495685379
39,129,,37679,41955,0.8980812775592897,0.88292462167888,0.9132379334396994
39,131,,16216,18656,0.8692109777015438,0.8382109918636468,0.9002109635394407
39,133,,100735,108400,0.929289667896679,0.922003138020825,0.936576197772533
39,135,,26536,28702,0.9245348756184238,0.9129898462322126,0.9360799050046351
39,137,,22004,23085,0.9531730560970327,0.9424010589110074,0.963945053283058
39,139,,78794,87570,0.8997830307182825,0.8891217290771593,0.9104443323594057
39,141,,48619,54609,0.8903111208775111,0.8783731361125674,0.9022491056424548
39,143,,39030,41683,0.9363529496437396,0.9251392793327115,0.9475666199547678
39,145,,44982,50649,0.8881123023159391,0.8763159725457286,0.8999086320861496
39,147,,34679,37157,0.9333100088812337,0.9237520236418406,0.9428679941206268
39,149,,29321,32068,0.9143382811525508,0.8977402569352315,0.93093630536987
39,151,,244794,262599,0.9321969999885757,0.9270868400907684,0.9373071598863831
39,153,,355907,383673,0.9276310816763234,0.9231399476202312,0.9321222157324155
39,155,,130529,144304,0.9045418006430869,0.8963172328950624,0.9127663683911114
39,157,,56820,63934,0.8887290017830888,0.8763365667633909,0.9011214368027867
39,159,,44116,46052,0.9579605663163381,0.9511228413155296,0.9647982913171466
39,161,,18888,20068,0.9411999202710783,0.9279123721781964,0.9544874683639603
39,163,,7516,9069,0.8287573051053038,0.7896231751274686,0.8678914350831389
39,165,,162330,170768,0.9505879321652768,0.9455979575072492,0.9555779068233045
39,167,,39678,42289,0.938258175884982,0.9296860507298392,0.9468303010401247
39,169,,66821,77070,0.8670169975347087,0.8535301961619918,0.8805037989074257
39,171,,23714,25830,0.9180797522260937,0.9018996290766884,0.934259875375499
39,173,,79765,83929,0.9503866363235592,0.9442081895630914,0.9565650830840271
39,175,,14442,15227,0.9484468378538123,0.9378234392816359,0.9590702364259888
40,000,,2386427,2668805,0.8941930939128186,0.8927485116612193,0.895637676164418
40,001,,10761,12779,0.8420846701619845,0.8188771943198984,0.8652921460040707
40,003,,3775,4397,0.8585399135774392,0.8284509902887052,0.8886288368661732
40,005,,8711,10243,0.8504344430342673,0.8275092762207904,0.8733596098477442
40,007,,2835,3320,0.8539156626506024,0.8236025140728046,0.8842288112284001
40,009,,12652,15287,0.8276313207300321,0.7958298270190062,0.859432814441058
40,011,,5019,5841,0.8592706728299949,0.827409191830326,0.8911321538296638
40,013,,28427,32255,0.8813207254689196,0.864508053583927,0.8981333973539122
40,015,,15809,18063,0.8752145269335105,0.8610896003769691,0.889339453490052
40,017,,104430,112639,0.9271211569704987,0.9180482534823045,0.9361940604586929
40,019,,28574,32464,0.8801749630359783,0.8664214570228533,0.8939284690491033
40,021,,27572,30907,0.8920956417640017,0.8775377373994432,0.9066535461285602
40,023,,8509,9735,0.8740626605033385,0.8504769584676662,0.8976483625390107
40,025,,1330,1534,0.8670143415906127,0.7958052233858937,0.9382234597953318
40,027,,178927,193725,0.923613369467028,,
40,029,,3021,3528,0.8562925170068028,0.8269161548012419,0.8856688792123636
40,031,,71760,78868,0.9098747273926053,0.8999820916412982,0.9197673631439125
40,033,,3326,3766,0.8831651619755709,0.8517491667443047,0.9145811572068372
40,035,,8491,9951,0.8532810772786654,0.8307704221704051,0.8757917323869258
40,037,,45535,50079,0.9092633638850616,0.9027810171502975,0.9157457106198257
40,039,,14831,16708,0.8876586066554943,0.8666144841308578,0.9087027291801308
40,041,,26799,30282,0.8849811769367941,0.8710271845465622,0.898935169327026
40,043,,2594,2822,0.9192062367115521,0.8985741878271752,0.939838285595929
40,045,,2337,2570,0.9093385214007782,0.8900381655760541,0.9286388772255023
40,047,,35591,40402,0.8809217365476957,0.8626017869239727,0.8992416861714186
40,049,,15115,17364,0.8704791522690625,0.8572924883168814,0.8836658162212435
40,051,,35052,38588,0.9083652949103348,0.8979073460594695,0.9188232437612001
40,053,,2642,2889,0.914503288335064,0.889188417178044,0.939818159492084
40,055,,3128,3907,0.8006142820578449,0.7579502565770924,0.8432783075385974
40,057,,1325,1652,0.8020581113801453,0.7545806380521939,0.8495355847080966
40,059,,2016,2280,0.8842105263157894,0.8360808201917712,0.9323402324398077
40,061,,6827,8030,0.850186799501868,0.8291841390033694,0.8711894600003667
40,063,,7970,9424,0.8457130730050934,0.8241057322872802,0.8673204137229065
40,065,,13811,15940,0.8664366373902133,0.8467055245173996,0.886167750263027
40,067,,3092,3642,0.8489840746842394,0.8281030453984627,0.8698651039700162
40,069,,5982,6814,0.8778984443792193,0.8541012462269743,0.9016956425314643
40,071,,26172,28907,0.9053862386273221,0.8911853359772854,0.9195871412773589
40,073,,9015,10110,0.8916913946587537,0.8678246836309387,0.9155581056865687
40,075,,5179,5783,0.8955559398236209,0.8696683622785698,0.921443517368672
40,077,,5537,6533,0.8475432420021429,0.8198792315863056,0.8752072524179803
40,079,,28156,32936,0.8548700510080155,0.8415243990167176,0.8682157029993134
40,081,,21075,23661,0.8907062254342589,0.8771170054258708,0.9042954454426471
40,083,,32343,35348,0.9149881181396401,0.9014034570386995,0.9285727792405807
40,085,,6009,6948,0.864853195164076,0.8460107184544509,0.8836956718737011
40,087,,27263,30460,0.8950426789231779,0.880908620484436,0.9091767373619198
40,089,,17393,20212,0.8605283989709084,0.8437982942301656,0.8772585037116511
40,091,,12400,14189,0.8739164141236169,0.855111284674045,0.8927215435731888
40,093,,4792,5309,0.9026181955170465,0.8791251500104926,0.9261112410236003
40,095,,9434,10922,0.8637612158945248,0.845683291302114,0.8818391404869357
40,097,,24472,27333,0.8953279918047781,0.88291808409417,0.9077378995153861
40,099,,8222,9477,0.8675741268333861,0.8422453547942569,0.8929028988725153
40,101,,38819,44286,0.8765524093392946,0.865010104738704,0.8880947139398851
40,103,,6758,7528,0.8977151965993624,0.8785215008505511,0.9169088923481736
40,105,,5997,6539,0.9171127083651934,0.9014826967574198,0.9327427199729671
40,107,,6742,7894,0.854066379528756,0.8353437249134208,0.8727890341440911
40,109,,465639,526085,0.8851022173222959,0.8812988549595523,0.8889055796850395
40,111,,21978,24776,0.8870681304488215,0.8761837174207638,0.8979525434768791
40,113,,29605,32871,0.9006419031973472,0.8911491569969279,0.9101346493977664
40,115,,17228,19639,0.877234075054738,0.8675450747162198,0.8869230753932563
40,117,,9551,10944,0.8727156432748538,0.8540373809746243,0.8913939055750834
40,119,,42310,45211,0.9358341996416801,0.9230902376322899,0.9485781616510703
40,121,,26671,30395,0.8774798486593189,0.8652943749170023,0.8896653224016355
40,123,,22862,25247,0.9055333306927555,0.8931381841076979,0.9179284772778132
40,125,,43584,49160,0.8865744507729861,0.8762351438172309,0.8969137577287414
40,127,,6793,7740,0.8776485788113695,0.8546310661940586,0.9006660914286804
40,129,,2206,2338,0.9435414884516681,0.9270170113311654,0.9600659655721707
40,131,,62431,67335,0.9271701195514962,0.920470393432457,0.9338698456705354
40,133,,13524,15636,0.8649270913277053,0.8503239183259806,0.8795302643294299
40,135,,23045,27153,0.8487091665745958,0.8350225415669917,0.8623957915821999
40,137,,27228,30321,0.8979914910458099,0.8856078578973231,0.9103751241942967
40,139,,9582,12592,0.7609593392630242,0.7161661104883171,0.8057525680377312
40,141,,3828,4656,0.8221649484536082,0.7915578272317647,0.8527720696754517
40,143,,402388,447730,0.8987291447970875,0.8955552249336117,0.9019030646605634
40,145,,54863,59465,0.9226099386193559,0.914681909391605,0.9305379678471069
40,147,,33496,36163,0.9262505876171778,0.9148811950681679,0.9376199801661877
40,149,,6557,7435,0.8819098856758575,0.8603349722442615,0.9034847991074535
40,151,,4657,5193,0.8967841324860389,0.8594496646984116,0.9341186002736663
40,153,,12047,13650,0.8825641025641026,0.8558472300938752,0.9092809750343299
41,000,,2796561,3044782,0.9184765937265787,0.9165943664496753,0.9203588210034822
41,001,,11635,12616,0.9222415979708307,0.8992874291473145,0.9451957667943469
41,003,,57494,60295,0.9535450700721453,0.94447306587717,0.9626170742671206
41,005,,289453,305498,0.9474791978998226,0.9427299734149268,0.9522284223847184
41,007,,29197,31338,0.9316803880273151,0.9169724358641779,0.9463883401904524
41,009,,34960,38975,0.8969852469531752,0.874805781955578,0.9191647119507723
41,011,,44887,48972,0.9165849873397043,0.9041373768095984,0.9290325978698102
41,013,,17509,19599,0.8933619062197051,0.8693520500606836,0.9173717623787266
41,015,,17520,19187,0.9131182571532809,0.8841034554818862,0.9421330588246756
41,017,,146905,154015,0.9538356653572704,0.9483201770158955,0.9593511536986452
41,019,,76105,83392,0.9126175172678435,0.9022117015564924,0.9230233329791945
41,021,,1329,1498,0.8871829105473965,0.8375494572138656,0.9368163638809274
41,023,,5139,5610,0.9160427807486631,0.8930025197248156,0.9390830417725106
41,025,,5001,5518,0.9063066328379847,0.8720698447889608,0.9405434208870087
41,027,,14643,16924,0.865220987946112,0.8428381037250473,0.8876038721671767
41,029,,148368,161295,0.9198549242071979,0.911977536347491,0.9277323120669049
41,031,,15639,17575,0.8898435277382646,0.8703012372975022,0.909385818179027
41,033,,59529,65847,0.9040502984190624,0.8921315552446167,0.915969041593508
41,035,,44253,49500,0.894,0.8824717824678313,0.9055282175321687
41,037,,5695,6263,0.9093086380328916,0.8809519704511428,0.9376653056146405
41,039,,249839,267847,0.9327675874659788,0.9277099137618654,0.9378252611700921
41,041,,36759,39853,0.9223646902366196,0.9114634240386982,0.933265956434541
41,043,,84862,92020,0.922212562486416,0.9135623834689418,0.9308627415038903
41,045,,17521,20945,0.8365242301265219,0.8114931943955742,0.8615552658574696
41,047,,201983,234674,0.8606961146100548,0.8541861008934967,0.8672061283266129
41,049,,5967,7831,0.7619716511301239,0.7227118035041362,0.8012314987561115
41,051,,553202,598249,0.9247019217750468,0.9203560294568786,0.9290478140932151
41,053,,54675,59597,0.917411950265953,0.9053961720609401,0.9294277284709659
41,055,,1228,1347,0.9116555308092057,0.8646156672901808,0.9586953943282306
41,057,,19022,20984,0.9065001906214258,0.8864595115357614,0.9265408697070903
41,059,,44790,53183,0.8421864129515071,0.8248221466647112,0.859550679238303
41,061,,16457,17593,0.9354288637526289,0.9214059891261603,0.9494517383790975
41,063,,5357,5707,0.9386718065533556,0.9161940140136136,0.9611495990930976
41,065,,16291,18909,0.8615474112856312,0.8380467736495724,0.88504804892169
41,067,,394958,425846,0.9274667368015668,0.922437219597405,0.9324962540057286
41,069,,1127,1239,0.9096045197740112,0.8584235798712205,0.960785459676802
41,071,,67262,75041,0.8963366692874561,0.8850134648702531,0.9076598737046592
42,000,,8466554,9189697,0.9213093750533886,0.9201669290346227,0.9224518210721545
42,001,,68410,74849,0.9139734665793798,0.9056729714882804,0.9222739616704793
42,003,,860893,899968,0.9565817895747404,0.95420140125669,0.9589621778927908
42,005,,44852,48205,0.930442900114096,0.9224563762739323,0.9384294239542598
42,007,,116701,122331,0.9539773238181655,0.9482567311882865,0.9596979164480445
42,009,,31653,34994,0.9045264902554724,0.8962937593463314,0.9127592211646134
42,011,,262321,296613,0.8843880746966586,0.8787900279825451,0.889986121410772
42,013,,81448,86786,0.9384923835641693,0.931869462667452,0.9451153044608867
42,015,,38546,42489,0.9071995104615312,0.8965854054021929,0.9178136155208696
42,017,,445561,468949,0.9501267728473672,0.9462878201874655,0.953965725507269
42,019,,135824,141938,0.9569248545139427,0.9525878204737341,0.9612618885541513
42,021,,88125,94666,0.9309044429890352,0.9240984733260619,0.9377104126520085
42,023,,3148,3400,0.9258823529411765,0.8999739772456827,0.9517907286366702
42,025,,43840,48424,0.9053361969271435,0.8922577220645194,0.9184146717897677
42,027,,92418,97777,0.9451916094787117,,
42,029,,357578,376883,0.9487772067193266,0.9451949470802457,0.9523594663584076
42,031,,23078,25273,0.9131484192616627,0.9025889443706651,0.9237078941526603
42,033,,53348,58829,0.906831664655187,0.8941403166873112,0.9195230126230629
42,035,,22656,25078,0.9034213254645506,0.8896417108022227,0.9172009401268785
42,037,,40770,44011,0.9263593192610938,0.9168259491768602,0.9358926893453274
42,039,,53200,58650,0.907075873827792,0.8985281966864231,0.9156235509691608
42,041,,175063,186743,0.9374541482143909,0.931248412236946,0.9436598841918358
42,043,,183513,201254,0.9118477148280283,0.9039453255416864,0.9197501041143702
42,045,,371014,395146,0.9389289022285434,0.9347097423654495,0.9431480620916374
42,047,,21357,22648,0.9429971741434122,0.9323617997896155,0.9536325484972089
42,049,,173205,186383,0.9292961267926796,0.9234708586028709,0.9351213949824883
42,051,,83841,92959,0.9019137469206855,0.8929492098816191,0.9108782839597519
42,053,,5021,5890,0.8524617996604414,0.8275050676203912,0.8774185317004917
42,055,,101578,111277,0.9128391311771525,0.9038080817148544,0.9218701806394507
42,057,,9514,10656,0.8928303303303303,0.8769914897001648,0.9086691709604958
42,059,,22536,25071,0.8988871604642814,0.8810958743000175,0.9166784466285454
42,061,,29023,31749,0.9141390280008819,0.9037660661040301,0.9245119898977336
42,063,,50302,54359,0.9253665446384224,0.9175020710378679,0.9332310182389769
42,065,,28928,31376,0.9219785823559409,0.9141507781496256,0.9298063865622561
42,067,,13765,16432,0.8376947419668939,0.818803510120216,0.8565859738135717
42,069,,139884,152596,0.9166950640908018,0.910135311893973,0.9232548162876306
42,071,,332692,380042,0.8754085074807522,0.8696487761877879,0.8811682387737164
42,073,,56691,61342,0.9241791920706857,0.9162782615116811,0.9320801226296902
42,075,,88260,99692,0.8853268065642178,0.8745470337630067,0.8961065793654289
42,077,,235901,260701,0.9048718647032424,0.8979125309126526,0.9118311984938323
42,079,,210469,233287,0.9021891489881562,0.8960636668416708,0.9083146311346415
42,081,,73096,79894,0.9149122587428342,0.9071027613004642,0.9227217561852042
42,083,,26303,28513,0.9224914951074948,0.9086972850457602,0.9362857051692295
42,085,,71989,78478,0.9173144065852851,0.908721128111892,0.9259076850586782
42,087,,27423,32414,0.8460233232553834,0.8269769451177591,0.8650697013930078
42,089,,108649,120121,0.9044962995646056,0.8958149016438074,0.9131776974854039
42,091,,584004,614025,0.9511078539147428,0.9482590604919452,0.9539566473375405
42,093,,12517,13360,0.9369011976047904,0.9226507266301444,0.9511516685794364
42,095,,208006,223899,0.9290171014609265,0.9230365375930571,0.9349976653287959
42,097,,60085,66545,0.9029228341723645,0.8927822263454704,0.9130634419992586
42,099,,29939,33452,0.894983857467416,0.8822455420443291,0.9077221728905029
42,101,,955907,1089070,0.8777277860927213,0.8727366480062533,0.8827189241791893
42,103,,43009,46149,0.9319595224165204,0.9203115134801575,0.9436075313528832
42,105,,10920,11904,0.9173387096774194,0.9074725648433678,0.9272048545114709
42,107,,94102,104280,0.902397391637898,0.8949943479569079,0.9098004353188881
42,109,,22452,26746,0.8394526284304195,0.8240508457161472,0.8548544111446917
42,111,,49581,54558,0.9087759815242494,0.8995897841288308,0.917962178919668
42,113,,4509,4872,0.9254926108374384,0.9140247411042375,0.9369604805706393
42,115,,25945,28516,0.9098400897741619,0.9021838411747587,0.917496338373565
42,117,,27094,29393,0.9217840982546864,0.9134561093839042,0.9301120871254687
42,119,,25113,29150,0.8615094339622642,0.8429049576398664,0.880113910284662
42,121,,33923,37096,0.9144651714470563,0.9036380345562057,0.9252923083379069
42,123,,26071,27966,0.9322391475362941,0.923749717514339,0.9407285775582492
42,125,,144345,152583,0.9460097127465051,0.9410376186699135,0.9509818068230967
42,127,,36607,39682,0.9225089461216672,0.9104023428985465,0.934615549344788
42,129,,251468,263183,0.9554872465166823,0.9519592167119054,0.9590152763214591
42,131,,17395,18767,0.9268929503916449,0.9172732510372499,0.9365126497460399
42,133,,299175,325365,0.9195057858097828,0.9147485732061428,0.9242629984134229
44,000,,703088,783801,0.8970236067573274,0.8927507940348614,0.9012964194797934
44,001,,33584,35864,0.9364265001115325,0.9212347088138163,0.9516182914092487
44,003,,119819,128639,0.9314360341731512,0.921821287872325,0.9410507804739775
44,005,,60930,63743,0.9558696641199818,0.9492928760443843,0.9624464521955792
44,007,,400728,463552,0.8644725942289107,0.8583991153025762,0.8705460731552451
44,009,,88027,92003,0.9567840179124594,0.9481455397087858,0.965422496116133
45,000,,3313276,3677078,0.9010622021072167,0.8990506826921684,0.903073721522265
45,001,,15114,17302,0.8735406311409085,0.8504912754321692,0.8965899868496479
45,003,,111807,123582,0.9047191338544448,0.8942941188220733,0.9151441488868163
45,005,,4491,5646,0.7954303931987248,0.7499831861227664,0.8408776002746832
45,007,,127859,145156,0.8808385461159028,0.8702380046657312,0.8914390875660745
45,009,,7015,9009,0.7786657786657787,0.730390506341581,0.8269410509899764
45,011,,11793,14055,0.8390608324439701,0.8115251268776771,0.8665965380102632
45,013,,134682,142290,0.9465317309719586,0.9389826643125416,0.9540807976313757
45,015,,151263,165909,0.9117226913548994,0.9011157832504665,0.9223295994593322
45,017,,9236,10617,0.8699255910332485,0.8299220091945206,0.9099291728719764
45,019,,283840,303597,0.9349235993768055,0.929410126003419,0.940437072750192
45,021,,33071,38809,0.8521476976989873,0.833246276841797,0.8710491185561777
45,023,,19174,22483,0.852822132277721,0.8338432852680598,0.8718009792873821
45,025,,25343,30678,0.8260968772410197,0.8060921746648531,0.8461015798171863
45,027,,19168,22744,0.8427717200140696,0.8229549424383713,0.862588497589768
45,029,,23036,27192,0.8471609296852015,0.8239685087416639,0.8703533506287391
45,031,,37574,43166,0.8704535977389612,0.8540824991050787,0.8868246963728438
45,033,,14948,18496,0.808174740484429,0.7825257033958638,0.8338237775729943
45,035,,104917,113866,0.9214076194825497,0.9111553288784241,0.9316599100866753
45,037,,16800,20085,0.8364451082897685,0.8167629555613748,0.8561272610181622
45,039,,12938,15198,0.8512962231872615,0.8223335236929538,0.8802589226815692
45,041,,81737,92877,0.8800564187043078,0.8689423230304287,0.891170514378187
45,043,,45299,49072,0.9231129768503423,0.9104841083176575,0.9357418453830272
45,045,,342184,375874,0.9103689002165619,0.9046995656352792,0.9160382347978446
45,047,,41664,47049,0.8855448574890008,0.8685775232029529,0.9025121917750487
45,049,,10684,12631,0.8458554350407727,0.8144871329034586,0.8772237371780867
45,051,,264858,288090,0.9193585337915234,0.9134392432984524,0.9252778242845945
45,053,,21732,23850,0.9111949685534592,0.8909022000536917,0.9314877370532266
45,055,,42334,47496,0.8913171635506147,0.8765693673405909,0.9060649597606386
45,057,,67679,75197,0.900022607284865,0.8836935210473758,0.9163516935223543
45,059,,40204,47915,0.839069185015131,0.8181222208977137,0.8600161491325482
45,061,,9199,11427,0.8050231906887197,0.7710800246453087,0.8389663567321308
45,063,,194885,211803,0.9201238887079031,,
45,065,,6971,8123,0.8581804751938938,0.8259934782692161,0.8903674721185716
45,067,,17407,20191,0.8621167847060571,0.8363025444026636,0.8879310250094506
45,069,,14845,18769,0.7909318557195375,0.7650595370171047,0.8168041744219703
45,071,,22744,26216,0.8675617943240769,0.8478250420736183,0.8872985465745354
45,073,,51675,59158,0.8735082321917577,0.8566701531312653,0.89034631125225006
45,075,,47475,56404,0.8416956244237997,0.8250445413133078,0.8583467075342917
45,077,,75101,85533,0.8780353781581378,0.8665296570017191,0.8895410993145565
45,079,,247857,268711,0.9223924588126277,0.916251122407061,0.9285337952181943
45,081,,11295,13429,0.8410901779730434,0.8151887523475742,0.8669916035985127
45,083,,208292,235642,0.8839341034280815,0.8764961454951901,0.891372061360973
45,085,,62443,69673,0.8962295293729278,0.883352803285417,0.9091062554604386
45,087,,15903,19376,0.8207576383154418,0.7895721882782408,0.8519430883526428
45,089,,18950,22122,0.8566133261007142,0.8386831436559351,0.8745435085454932
45,091,,185790,200570,0.9263100164531086,0.9192302253174474,0.9333898075887699
46,000,,562448,603746,0.9315970623407857,0.928543211857012,0.9346509128245593
46,003,,1609,1749,0.9199542595769011,0.8805691678360268,0.9593393513177755
46,005,,10899,12450,0.875421686746988,0.8508468364263421,0.8999965370676338
46,007,,1496,1734,0.8627450980392157,0.8234171281387299,0.9020730679397015
46,009,,4708,5194,0.9064304967269927,0.8922305174444708,0.9206304760095146
46,011,,18639,19194,0.9710847139731166,0.96033038123837,0.98183904670786315
46,013,,23345,24919,0.9368353465227337,0.9203964607714641,0.9532742322740033
46,015,,3233,3560,0.9081460674157303,0.8722093668109618,0.9440827680204988
46,017,,747,848,0.8808962264150944,0.8479972520726813,0.9137952007575074
46,019,,6481,7252,0.893684500827358,0.8550868351936022,0.9322821664611137
46,021,,1128,1224,0.9215686274509803,0.8764766324788223,0.9666606224231383
46,023,,5192,5708,0.9096005606166784,0.8902462873742011,0.9289548338591557
46,025,,2324,2566,0.9056897895557288,0.847720868505496,0.9636587106059615
46,027,,7008,7594,0.9228338161706611,0.8993132296908503,0.9463544026504719
46,029,,18433,19626,0.9392132884948537,0.9263070761637787,0.9521195008259288
46,031,,1804,2096,0.8606870229007634,0.8344295384642982,0.8869445073372285
46,033,,6938,7323,0.9474259183394783,0.9186657698701031,0.9761860668088536
46,035,,12408,13561,0.9149767716245115,0.8925272064833419,0.9374263367656811
46,037,,3615,3870,0.9341085271317829,0.911148412897147,0.9570686413664189
46,039,,2744,2942,0.9326988443235894,0.9039346718732749,0.9614630167739039
46,041,,2379,2745,0.8666666666666667,0.8261233310470022,0.9072100022863312
46,043,,1733,1912,0.9063807531380753,0.8768916605594043,0.9358698457167464
46,045,,2661,2889,0.9210799584631361,0.8964058530622774,0.9457540638639947
46,047,,5280,5792,0.9116022099447514,0.8806716420402406,0.9425327778492621
46,049,,1302,1427,0.9124036440084092,0.8715848219772296,0.9532224660395888
46,051,,4825,5267,0.9160812606797039,0.8801794304358417,0.951983090923566
46,053,,2575,2785,0.9245960502692998,0.9004373315923966,0.948754768946203
46,055,,1222,1267,0.9644830307813733,0.9228916514715059,1
46,057,,3386,3686,0.9186109603906674,0.8942271269944524,0.9429947937868823
46,059,,2038,2142,0.9514472455648926,0.9144024097623255,0.9884920813674597
46,061,,2064,2215,0.9318284424379233,0.8859772141868847,0.9776796706889619
46,063,,765,816,0.9375,0.879350893692888,0.995649106307112
46,065,,11902,12308,0.9670133246668833,0.9530021160542516,0.981024533279515
46,067,,4648,4981,0.9331459546275849,0.9167774198636156,0.9495144893915541
46,069,,830,922,0.9002169197396963,0.8452898661091321,0.9551439733702605
46,071,,1542,1697,0.9086623453152622,0.8439352060786004,0.9733894845519241
46,073,,1237,1321,0.9364118092354277,0.8997382556133761,0.9730853628574793
46,075,,589,632,0.9319620253164557,0.7261959021389679,1
46,077,,3342,3607,0.9265317438314389,0.908483013806173,0.9445804738567047
46,079,,7182,7687,0.9343046702224534,0.9043143460776353,0.9642949943672716
46,081,,18927,19838,0.9540780320596834,0.9425784321583514,0.9655776319610155
46,083,,44867,46485,0.9651930730343121,0.9571050805094127,0.9732810655592116
46,085,,2116,2367,0.8939585973806506,0.8656215565966267,0.9222956381646746
46,087,,3525,3731,0.9447869203966764,0.9153809182526391,0.9741929225407138
46,089,,1317,1579,0.8340721975934136,0.7215501935522672,0.9465942016345599
46,091,,2726,2950,0.9240677966101695,0.8678568778276796,0.9802787153926593
46,093,,19962,21019,0.9497121651838812,0.935562646083063,0.9638616842846994
46,095,,1055,1264,0.8346518987341772,0.7570902121105301,0.9122135853578244
46,097,,1570,1659,0.9463532248342374,0.9201778797150154,0.9725285699534595
46,099,,124836,134665,0.9270114729142688,0.9201772319108896,0.9338457139176479
46,101,,4076,4284,0.9514472455648926,0.9313084761790832,0.971586014950702
46,102,,5300,7128,0.7435465768799102,0.6823397254248288,0.8047534283349916
46,103,,74883,79182,0.9457073577328181,0.9365139368709725,0.9549007785946637
46,105,,2045,2156,0.9485157699443414,0.9202141370241368,0.976817402864546
46,107,,1695,1761,0.9625212947189097,0.9343623367833128,0.9906802526545065
46,109,,6011,6572,0.914637857577602,0.897508195783686,0.9317675193715179
46,111,,1428,1606,0.8891656288916563,0.8380307457668867,0.9403005120164258
46,115,,4226,4511,0.936821103968078,0.9106538717986539,0.9629883361375022
46,117,,2077,2199,0.9445202364711233,0.9104302214530515,0.978610251489195
46,119,,1047,1089,0.9614325068870524,0.9361547248345098,0.986710288939595
46,121,,3915,4687,0.8352890975037337,0.782729866785313,0.8878483282221544
46,123,,3513,3987,0.8811136192626035,0.8466993602792516,0.9155278782459553
46,125,,5627,6048,0.9303902116402116,0.9088922191748668,0.9518882041055564
46,127,,11329,11842,0.9566796149299105,0.9456801963021226,0.9676790335576984
46,129,,3479,3799,0.9157673071861016,0.8674871032567156,0.9640475111154875
46,135,,15320,16359,0.9364875603643255,0.9167308590746288,0.9562442616540221
46,137,,1323,1471,0.8993881713120326,0.8536059653086978,0.9451703773153675
47,000,,4385619,4870330,0.9004767644081613,0.8986858641050179,0.9022676647113046
47,001,,51648,56554,0.913251052091806,0.9005437559272103,0.9259583482564018
47,003,,29420,34479,0.8532730067577365,0.8343031321579488,0.8722428813575243
47,005,,10343,11685,0.8851519041506205,0.8591361677186797,0.9111676405825613
47,007,,9537,11874,0.8031834259727135,0.7627512160229658,0.8436156359224612
47,009,,92434,101321,0.9122886667127249,0.902357987012619,0.9222193464128308
47,011,,67660,76308,0.8866698118152749,0.8751873820488114,0.8981522415817385
47,013,,24140,28912,0.8349474266740454,0.8140629751763284,0.8558318781717624
47,015,,9009,10473,0.8602119736465196,0.8296558737387891,0.89076807355425
47,017,,17514,19625,0.8924331210191083,0.8743128709859032,0.9105533710523135
47,019,,37794,42210,0.8953802416488984,0.8798765339795004,0.9108839493182964
47,021,,26871,29885,0.8991467291283253,0.882267374801515,0.9160260834551356
47,023,,10253,11607,0.8833462565693116,0.8587905928058478,0.9079019203327755
47,025,,19605,23398,0.8378921275322677,0.8138873644496685,0.861896890614867
47,027,,4826,5692,0.8478566408995081,0.7967684981593283,0.8989447836396879
47,029,,22758,26814,0.8487357350637726,0.8256766452056103,0.8717948249219349
47,031,,35852,40582,0.8834458626977477,0.8666737673949226,0.9002179580005728
47,033,,8441,9564,0.8825805102467587,0.856860369776479,0.9083006507170384
47,035,,44957,49349,0.9110012360939431,0.8979712604718791,0.9240312117160071
47,037,,452368,497686,0.9089425862893471,0.9035059687355327,0.9143792038431615
47,039,,7196,8555,0.84114552893045,0.8071463062813696,0.8751447515795304
47,041,,12532,14826,0.845271819776069,0.8121553059634486,0.8783883335886894
47,043,,34971,39136,0.8935762469337695,0.8770601982251476,0.9100922956423914
47,045,,22296,24967,0.8930187847959307,0.8740996466795723,0.911937922912289
47,047,,29964,32665,0.9173121077606,0.9045784024164647,0.9300458131047353
47,049,,11495,13977,0.822422551334335,0.7934777175471504,0.8513673851215195
47,051,,27845,30336,0.9178863396624473,0.9022320467700696,0.9335406325548249
47,053,,30830,34616,0.8906286110469147,0.8758732882015449,0.9053839338922846
47,055,,19108,21733,0.8792159388947683,0.8572009369632776,0.9012309408262591
47,057,,15492,18044,0.8585679450232765,0.8323870089927154,0.8847488810538375
47,059,,45763,51956,0.8808029871429671,0.8633892653145319,0.8982167089714024
47,061,,8135,9838,0.8268957105102663,0.7982574294797227,0.85553399154081
47,063,,39637,44843,0.8839060722966795,0.8639809632562057,0.9038311813371533
47,065,,242508,265105,0.9147620754040852,0.9090296918445326,0.9204944589636377
47,067,,3773,4863,0.7758585235451367,0.732420813614745,0.8192962334755285
47,069,,15243,18383,0.8291900125115595,0.7858766435980196,0.8725033814250995
47,071,,16364,19673,0.8317999288364764,0.80111416343849,0.8624856942344628
47,073,,37283,42637,0.8744283134366865,0.8573998729319142,0.8914567539414587
47,075,,10248,12323,0.8316156780004869,0.8024546208149869,0.8607767351859869
47,077,,17263,19476,0.8863729718628055,0.8616142831422713,0.9111316605833397
47,079,,20985,23538,0.8915370889625287,0.8695347272618189,0.9135394506632385
47,081,,15746,18200,0.8651648351648351,0.8429325280366776,0.8873971422929926
47,083,,5352,6000,0.892,0.8628299981657093,0.9211700018342908
47,085,,11971,13698,0.8739232004672215,0.8470605534826828,0.9007858474517602
47,087,,7617,9032,0.8433348095659876,0.8074081886315431,0.8792614305004322
47,089,,36676,41208,0.8900213550766841,0.8738318937095891,0.9062108164437791
47,091,,11415,13900,0.8212230215827339,0.7867315055121937,0.855714537653274
47,093,,306659,331823,0.9241643888458606,0.9181707445349443,0.9301580331567769
47,095,,3764,5153,0.7304482825538521,0.6943122664781001,0.7665842986296041
47,097,,14200,16989,0.8358349520277827,0.8087427115803202,0.8629271924752452
47,099,,26417,30553,0.8646286780348902,0.8473612775790228,0.8818960784907576
47,101,,7977,9194,0.8676310637372199,0.8269386516925921,0.9083234757818477
47,103,,22075,25171,0.8770013110325374,0.8561369993360585,0.8978656227290164
47,105,,39267,43814,0.896220386177934,0.8836576813580825,0.9087830909977854
47,107,,33740,38683,0.8722177700798801,0.8561079983926911,0.8883275417670691
47,109,,16202,18325,0.8841473396998636,0.8626099520557444,0.9056847273439828
47,111,,14634,17671,0.8281364948220248,0.7915571247499166,0.864715864894133
47,113,,60520,66863,0.9051343792530996,0.8938979794691583,0.9163707790370409
47,115,,17698,21278,0.8317511044271078,0.8015117553923754,0.8619904534618401
47,117,,22359,24613,0.9084223784179092,0.8864786159282942,0.9303661409075241
47,119,,70071,75113,0.9328744691331727,0.9224236468344258,0.9433252914319197
47,121,,8244,9666,0.8528864059590316,0.8195909772972239,0.8861818346208394
47,123,,29616,34614,0.8556075576356388,0.8369296310016484,0.8742854842696292
47,125,,138850,147099,0.9439221204766858,0.9372784499355558,0.9505657910178158
47,127,,4426,4864,0.9099506578947368,0.8722000476119672,0.9477012681775064
47,129,,13421,15701,0.854786319342717,0.8307619624623795,0.8788106762230544
47,131,,18395,21567,0.8529234478601567,0.831136671121683,0.8747102245986305
47,133,,13667,16514,0.8276008235436599,0.7937020920128851,0.8614995550744348
47,135,,5504,6225,0.8841767068273092,0.8478642038959603,0.9204892097586581
47,137,,3293,3853,0.8546587075006489,0.801740920657211,0.9075764943440867
47,139,,11495,13282,0.8654570094865232,0.8429271074689496,0.8879869115040967
47,141,,47420,53260,0.8903492301915134,0.875576353740065,0.9051221066429617
47,143,,19770,23726,0.8332630869088763,0.7997107550243154,0.8668154187934372
47,145,,36771,41011,0.8966131038014191,0.8797874661532813,0.913438741449557
47,147,,46640,51642,0.9031408543433639,0.8884380228349911,0.9178436858517367
47,149,,212262,229632,0.9243572324414716,0.9173450190576711,0.9313694458252721
47,151,,12328,15174,0.8124423355740081,0.777149545057019,0.8477351260909972
47,153,,10150,12197,0.8321718455357875,0.79501492026124,0.869328770810335
47,155,,63462,71666,0.8855245165071303,0.873246571664514,0.8978024613497465
47,157,,544082,605447,0.8986451332651744,0.8941297741906014,0.9031604923397474
47,159,,12624,14351,0.8796599540101735,0.8598777894709657,0.8994421185493813
47,161,,9018,10092,0.8935790725326992,0.8674482454938447,0.9197098995715537
47,163,,106212,118080,0.8994918699186992,0.8896133067338728,0.9093704331035256
47,165,,130731,141642,0.9229677637988732,0.9144616653935448,0.9314738622042017
47,167,,37812,42091,0.8983393124420898,0.8842933693950794,0.9123852554891001
47,169,,7455,8669,0.8599607797900565,0.813970839068967,0.905950720511146
47,171,,11456,13197,0.8680760778964917,0.8338737882223577,0.9022783675706256
47,173,,12543,14600,0.8591095890410959,0.8320895819656053,0.8861295961165865
47,175,,4041,4683,0.8629083920563742,0.8267292230332195,0.8990875610795288
47,177,,25106,29105,0.8626009276756571,0.84376504756892,0.8814368077823942
47,179,,86017,94288,0.91227939928729,0.901344189013498,0.9232146095610819
47,181,,10383,12368,0.8395051746442432,0.8010111616642404,0.8779991876242461
47,183,,18443,21141,0.8723806820869401,0.8561206433428052,0.8886407208310749
47,185,,17069,20245,0.8431217584588787,0.8104816239502219,0.8757618929675355
47,187,,165683,172103,0.9626967571744828,0.9568825003771344,0.9685110139718311
47,189,,102509,109746,0.9340568221165236,0.9246891099601721,0.9434245342728752
48,000,,16951277,19717474,0.8597083480368732,0.8583089770267391,0.8611077190470073
48,001,,36206,42299,0.8559540414667013,0.8392588009826167,0.8726492819507858
48,003,,8633,11259,0.76676436628475,0.721875358750966,0.811653373818534
48,005,,49132,57523,0.8541279140517706,0.8401646309537255,0.8680911971498156
48,007,,18003,19444,0.9258897346225057,0.911357354227656,0.9404221150173554
48,009,,5830,6339,0.919703423252879,0.8969495047537719,0.9424573417519861
48,011,,1228,1299,0.945342571208622,0.8964619438875999,0.994223198529644
48,013,,26650,32769,0.813268638042052,0.7894996037908842,0.8370376722932197
48,015,,18519,21482,0.8620705707103622,0.8405893283741138,0.8835518130466106
48,017,,3154,4243,0.7433419750176762,0.6425609331700703,0.844123016865282
48,019,,15954,17205,0.9272885789014821,0.8987723964360239,0.9558047613669403
48,021,,56805,69598,0.8161872467599643,0.7966379543621742,0.8357365391577545
48,023,,2203,2556,0.8618935837245696,0.8112940142790455,0.9124931531700937
48,025,,17342,21261,0.8156718874935328,0.7865848123458639,0.8447589626412018
48,027,,217397,239452,0.907893857641615,0.9012189441848699,0.9145687710983601
48,029,,1168246,1349274,0.8658330331719132,0.8618292092976207,0.8698368570462056
48,031,,8974,9702,0.924963924963925,0.9102790626741882,0.9396487872536617
48,033,,407,431,0.9443155452436195,0.8831886088815591,1
48,035,,11815,13479,0.8765487053935752,0.8574117251698496,0.8956856856173008
48,037,,56868,62425,0.9109811774128955,0.8994655526547621,0.9224968021710289
48,039,,230625,258565,0.8919420648579661,0.8843641375620875,0.8995199921538447
48,041,,114615,129071,0.8879996281116594,0.8777060612318238,0.8982931949914951
48,043,,6436,7214,0.8921541447186028,0.8562375809029221,0.9280707085342834
48,045,,809,978,0.8271983640081799,0.7561400916602917,0.8982566363560681
48,047,,3951,4964,0.7959307010475423,0.7213060503360997,0.8705553517589848
48,049,,23924,27106,0.8826090164539216,0.863432211844482,0.9017858210633612
48,051,,11700,13559,0.862895493767977,0.832310741624573,0.8934802459113811
48,053,,33865,38017,0.8907857011337034,0.8728289056704673,0.9087424965969394
48,055,,26731,32591,0.8201957595655243,0.7956251379439118,0.8447663811871368
48,057,,11818,13846,0.8535317059078434,0.8216743101612861,0.8853891016544008
48,059,,9236,10018,0.921940507087243,0.8982418707893408,0.9456391433851451
48,061,,186703,257360,0.7254546161019584,0.714258937818498,0.7366502943854187
48,063,,7080,8329,0.8500420218513627,0.8090245049867117,0.8910595387160136
48,065,,3682,3926,0.9378502292409577,0.9023982334321157,0.9733022250497998
48,067,,17786,20234,0.8790155184343185,0.8580401760284689,0.899990860840168
48,069,,3316,4468,0.7421665174574754,0.6734272793898326,0.8109057555251182
48,071,,28938,32652,0.8862550532892319,0.8664305597583803,0.9060795468200835
48,073,,28431,34679,0.8198333285273508,0.8009251198016969,0.8387415372530047
48,075,,3788,4770,0.7941299790356394,0.7361036598905718,0.852156298180707
48,077,,7326,7755,0.9446808510638298,0.9274932962586766,0.961868405868983
48,079,,1051,1591,0.6605908233815211,0.5871678366340223,0.7340138101290199
48,081,,2173,2464,0.8818993506493507,0.8402617409175982,0.9235369603811031
48,083,,4950,5694,0.8693361433087461,0.8330808677706145,0.9055914188468777
48,085,,733577,775100,0.9464288478905948,0.942932615124182,0.9499250806570075
48,087,,1298,1735,0.7481268011527378,0.6888032476607513,0.8074503546447243
48,089,,12998,14508,0.8959194926936862,0.8696621198579232,0.9221768655294492
48,091,,122913,129685,0.9477811620464973,0.9420240807379103,0.9535382433550843
48,093,,8242,9703,0.8494280119550655,0.8205529937619943,0.8783030301481366
48,095,,2218,2675,0.8291588785046728,0.7761576017449677,0.882160155264378
48,097,,25786,29120,0.8855082417582417,0.8664161363377798,0.9046003471787036
48,099,,49533,54395,0.9106167846309403,0.8991659472362297,0.922067622025651
48,101,,741,921,0.8045602605863192,0.6921245168912726,0.9169960042813659
48,103,,2017,2792,0.7224212034383954,0.6280268566481464,0.8168155502286445
48,105,,1280,2070,0.6183574879227053,0.47702924586698414,0.7596857299784264
48,107,,2663,3295,0.8081942336874052,0.769163827177662,0.8472246401971484
48,109,,1092,1472,0.7418478260869565,0.6347446807318774,0.8489509714420357
48,111,,3334,4284,0.7782446311858077,0.6777450751031613,0.878744187268454
48,113,,1400245,1709388,0.8191498945821546,0.815420457829335,0.8228793313349742
48,115,,5637,7818,0.7210283960092095,0.6823126293834917,0.7597441626349274
48,117,,7525,10722,0.7018280171609774,0.6609469799251534,0.7427090543968015
48,119,,3476,3887,0.8942629277077437,0.8513254196091479,0.9372004358063396
48,121,,620244,662975,0.9355465892379049,0.93161478922321606,0.9394783892525937
48,123,,11879,13895,0.854911838790932,0.8321751043188245,0.8776485732630396
48,125,,1069,1261,0.8477398889770024,0.8085663619000018,0.886913416054003
48,127,,3914,5340,0.7329588014981273,0.6635756821260723,0.8023419208701823
48,129,,1879,2168,0.8666974169741697,0.8286532117297898,0.9047416222185496
48,131,,4984,6517,0.7647690655209453,0.7010046406082118,0.8285334904336787
48,133,,10455,12336,0.8475194552529183,0.8177840813695466,0.8772548291362899
48,135,,77278,98717,0.7828236271361569,0.7642516170441347,0.8013956372281792
48,137,,565,716,0.7891061452513967,0.6886043618986686,0.8896079286041247
48,139,,121756,138018,0.8821747887956644,0.8707618514405929,0.8935877261507358
48,141,,445111,549086,0.8106398633365265,0.8038202839311607,0.8174594427418923
48,143,,22691,25895,0.8762695501061981,0.8616560504712224,0.8908830497411738
48,145,,10535,12103,0.8704453441295547,0.8426850197827153,0.898205668476394
48,147,,23261,26524,0.8769793394661438,0.8594605663708899,0.8944981125613978
48,149,,16855,18428,0.9146407640546994,0.8979643675170973,0.9313171605923015
48,151,,2456,2689,0.9133506879880997,0.8781337367276258,0.9485676392485736
48,153,,2744,3568,0.7690582959641256,0.7131454257919887,0.8249711661362624
48,155,,615,747,0.8232931726907631,0.770364047810273,0.8762222975712531
48,157,,534206,581016,0.9194342324479876,0.9141719355932929,0.9246965293026823
48,159,,6742,7459,0.9038745140099209,0.8652587503123771,0.9424902777074647
48,161,,12404,14211,0.8728449792414327,0.8508709675113973,0.894818990971468
48,163,,8430,11793,0.7148308318494022,0.6688503624665942,0.7608113012322102
48,165,,6782,11793,0.5750869159670992,0.5208654639274003,0.629308368006798
48,167,,219762,244454,0.8989912212522602,0.8915537798365971,0.9064286626679232
48,169,,2465,3523,0.6996877661084303,0.6347793345116559,0.7645961977052047
48,171,,18638,20683,0.9011265290335058,0.8762048990325406,0.9260481590344709
48,173,,693,783,0.8850574712643678,0.7656192942783275,1
48,175,,4601,5234,0.8790599923576614,0.835682898890081,0.9224370858252419
48,177,,9899,13151,0.7527184244544141,0.7179953996343895,0.7874414492744386
48,179,,11713,14001,0.8365831012070566,0.8126406807678557,0.8605255216462575
48,181,,87160,96958,0.898945935353452,0.888642499795962,0.909249370910942
48,183,,70411,81092,0.8682854042322301,0.855750133784745,0.8808206746797153
48,185,,17453,21682,0.8049534175814039,0.7807644559281341,0.8291423792346737
48,187,,111319,123845,0.8988574427712059,0.8889929401876158,0.9087219453547961
48,189,,14881,20040,0.742564870259481,0.7100413462508076,0.7750883942681545
48,191,,1732,2075,0.8346987951807229,0.7851841932615162,0.8842133970999295
48,193,,5242,5899,0.8886251907102899,0.8475063826095109,0.9297439988110688
48,195,,2441,3135,0.7786283891547049,0.7254016816398234,0.8318550966695863
48,197,,2104,2428,0.8665568369028006,0.8268817592117675,0.9062319145938337
48,199,,35782,39160,0.9137385086823289,0.8970917973540398,0.930385220010618
48,201,,2583939,3131200,0.8252232370975984,0.8226150518878321,0.8278314223073646
48,203,,41363,46241,0.8945092017906188,0.8810177506346883,0.9080006529465492
48,205,,3189,3962,0.8048965169106512,0.7506471519809519,0.8591458818403506
48,207,,3362,3876,0.8673890608875129,0.8247471148153045,0.9100310069597213
48,209,,154879,168291,0.9203047102934797,0.910447095827937,0.9301623247590224
48,211,,1905,2361,0.806861499364676,0.727358394020518,0.8863646047088339
48,213,,52929,60088,0.880858074823592,0.8676749563952897,0.8940411932518944
48,215,,362400,516001,0.7023242203018987,0.6934810105317795,0.7111674300720179
48,217,,22234,25652,0.8667550288476532,0.8495943095455419,0.8839157481497645
48,219,,11086,13616,0.8141891891891891,0.7875794322027666,0.8407989461756117
48,221,,44418,48057,0.9242774205630814,0.913671689616148,0.9348831515100148
48,223,,21719,25476,0.8525278693672476,0.8341973284321442,0.8708584103023509
48,225,,13536,16314,0.8297168076498713,0.8070031246638072,0.8524304906359355
48,227,,17947,22132,0.8109072835712995,0.7893238358689082,0.8324907312736908
48,229,,1296,2222,0.5832583258325833,0.47781768562750926,0.6886989660376573
48,231,,61868,71523,0.8650084588174434,0.8538874478673697,0.876129469767517
48,233,,11479,13356,0.8594639113507038,0.8264163739454679,0.8925114487559397
48,235,,922,1017,0.9065880039331367,0.8463069422939626,0.9668690655723107
48,237,,5005,6166,0.8117093739863769,0.7702329368344655,0.8531858111382883
48,239,,8781,10505,0.8358876725368872,0.8006531022156179,0.8711222428581565
48,241,,20309,22691,0.8950244590366224,0.870481947522764,0.9195669705504809
48,243,,1413,1529,0.9241334205362982,0.666438643411936,1
48,245,,144263,169590,0.8506574680110855,0.8412440094090307,0.8600709266131404
48,247,,2089,2674,0.781226626776365,0.6793748460255155,0.8830784075272146
48,249,,19731,24780,0.7962469733656174,0.7651543003272534,0.8273396464039815
48,251,,112059,128247,0.8737748251421086,0.8635545484197582,0.883995101864459
48,253,,12142,14941,0.8126631416906499,0.7877891546003548,0.837537128780945
48,255,,8341,10685,0.7806270472625175,0.737055027344678,0.8241990671803571
48,257,,93747,108495,0.8640674685469376,0.8512862188364042,0.876848718257471
48,259,,32239,34029,0.9473978077522114,0.931052305580586,0.9637433099238367
48,261,,65,123,0.5284552845528455,0.42679609595196677,0.6301144731537243
48,263,,531,605,0.8776859504132232,0.8080368057990287,0.9473350950274176
48,265,,35680,39521,0.9028111636851294,0.8842400057454819,0.9213823216247768
48,267,,2685,3372,0.7962633451957295,0.7553467573194834,0.8371799330719756
48,269,,160,180,0.8888888888888888,0.7936014120272183,0.9841763657505593
48,271,,2118,2556,0.8286384976525821,0.738071843443884,0.9192051518612803
48,273,,14533,17099,0.8499327446049476,0.8238257325320874,0.8760397566778079
48,275,,1942,2273,0.8543774747030356,0.8241018219110179,0.8846531274950533
48,277,,30541,34480,0.8857598607888632,0.8678951665580166,0.9036245550197097
48,279,,6407,8134,0.787681337595279,0.7480316666425455,0.8273310085480126
48,281,,14807,16111,0.9190615107690397,0.901812071737459,0.9363109498006205
48,283,,2922,4277,0.6831891512742576,0.6413119310234673,0.7250663715250479
48,285,,12680,14339,0.8843015551991074,0.8653572265914811,0.9032458838067337
48,287,,10425,12498,0.8341334613538166,0.7984736956068107,0.8697932271008225
48,289,,10085,11541,0.8738410882939087,0.8485967068559553,0.8990854697318621
48,291,,48998,62964,0.7781907121529763,0.7580013638619406,0.798380060444012
48,293,,13490,15718,0.8582516859651355,0.836581299815945,0.8799220721143259
48,295,,1513,1794,0.8433667781493869,0.7936570693600097,0.8930764869387641
48,297,,6796,8534,0.796344035622217,0.7653526810333382,0.8273353902110958
48,299,,16082,17742,0.9064367038665314,0.885339003612586,0.9275344041204768
48,301,,28,31,0.9032258064516129,0.4248696006877649,1
48,303,,171081,191721,0.8923435617381508,0.8861900939642878,0.8984970295120137
48,305,,3203,3754,0.8532232285562067,0.8214683790070372,0.8849780781053762
48,307,,4638,5366,0.8643309727916512,0.8337868363006556,0.8948751092826467
48,309,,144682,164313,0.8805267994620024,0.8715514848470128,0.889502114076992
48,311,,333,389,0.8560411311053985,0.7200677469990682,0.9920145152117288
48,313,,7667,9197,0.833641404805915,0.7761211021965685,0.8911617074152615
48,315,,6348,7329,0.8661481784690954,0.8337305074844296,0.8985658494537613
48,317,,2777,3372,0.8235468564650059,0.7625373751700921,0.8845563377599197
48,319,,2427,2963,0.8191022612217347,0.7372344905098963,0.9009700319335731
48,321,,19638,24238,0.8102153643039854,0.7796816710971316,0.8407490575108393
48,323,,22810,33789,0.6750717689188789,0.6451828122381087,0.7049607255996491
48,325,,31378,36480,0.8601425438596492,0.835806401337358,0.8844786863819404
48,327,,1244,1514,0.821664464993395,0.7375774487834381,0.9057514812033518
48,329,,93271,109040,0.8553833455612619,0.839815788251179,0.8709509028713449
48,331,,15771,17756,0.8882068033340843,0.8610218332212195,0.9153917734469491
48,333,,2913,3295,0.8840667678300456,0.8651155932049183,0.9030179424551729
48,335,,5092,6070,0.8388797364085667,0.8067560751514168,0.8710033976657167
48,337,,13062,14873,0.8782357291736704,0.8576685598742869,0.898802898473054
48,339,,406426,450020,0.9031287498333408,0.8966964403004807,0.9095610593662009
48,341,,8677,12720,0.6821540880503144,0.6437489996886672,0.7205591764119617
48,343,,7097,8173,0.8683469962070232,0.8341977828917254,0.9024962095223209
48,345,,773,903,0.8560354374307863,0.7606166763110291,0.9514541985505434
48,347,,32758,38116,0.8594291111344318,0.8432964304202678,0.8755617918485957
48,349,,27571,34818,0.7918605319087828,0.7708730801932446,0.812847983624321
48,351,,7582,8875,0.8543098591549296,0.8134472431276927,0.8951724751821666
48,353,,7954,9458,0.8409811799534785,0.8123498605853083,0.8696124993216487
48,355,,200263,234725,0.8531813824688466,0.8451222330901214,0.8612405318475718
48,357,,4636,5938,0.7807342539575615,0.7311591729428693,0.8303093349722537
48,359,,1086,1270,0.8551181102362204,0.693233566656658,1
48,361,,51840,56827,0.9122424199764196,0.8995686711334858,0.9249161688193535
48,363,,17625,20182,0.8733029432167277,0.8566555244066483,0.8899503620268072
48,365,,13455,15534,0.8661645422943222,0.8400262868018935,0.8923027977867508
48,367,,102737,112004,0.9172618835041606,0.9072459746701335,0.9272777923381877
48,369,,4238,6178,0.6859825186144384,0.6301326756076522,0.7418323616212246
48,371,,8577,10309,0.8319914637695218,0.7977424660799994,0.8662404614590442
48,373,,32032,38342,0.8354285118147201,0.814693771864115,0.8561632517653253
48,375,,58090,74421,0.7805592507491165,0.7656880132899344,0.7954304882082985
48,377,,2634,3915,0.6727969348659004,0.5677468629889402,0.7778470067428607
48,379,,8629,9560,0.9026150627615063,0.8722538044619053,0.9329763210611073
48,381,,91016,96955,0.9387447785054922,0.9299880844004762,0.9475014726105082
48,383,,1619,1854,0.8732470334412082,0.8096945339163798,0.9367995329660367
48,385,,1849,2031,0.9103889709502708,0.7641149300049204,1
48,387,,7424,8504,0.8730009407337723,0.8399934191783414,0.9060084622892033
48,389,,5522,7867,0.7019194101944833,0.6555869599089024,0.7482518604800643
48,391,,4061,4845,0.8381836945304437,0.8006497660062949,0.8757176230545926
48,393,,517,551,0.9382940108892922,0.8747271182858475,1
48,395,,10300,11825,0.8710359408033826,0.840429030837491,0.9016428507692743
48,397,,76401,80968,0.9435950004940223,0.9350422438123264,0.9521477571757183
48,399,,5956,6831,0.8719074806031327,0.8395062169432712,0.9043087442629942
48,401,,30845,36376,0.8479491972729272,0.83572861247266506,0.8601697820731893
48,403,,6857,7806,0.8784268511401486,0.8445694153016722,0.9122842869786251
48,405,,4881,5759,0.8475429762111477,0.8075077578475656,0.8875781945747299
48,407,,16614,20035,0.8292488145744946,0.8022636407406095,0.8562339884083797
48,409,,38801,46086,0.84192596450115,0.8241743174841558,0.8596776115181441
48,411,,3475,4124,0.8426285160038798,0.7940717681025662,0.8911852639051934
48,413,,1368,1720,0.7953488372093023,0.735302429268374,0.8553952451502306
48,415,,9010,10993,0.819612480669517,0.7803491780913357,0.8588757832476982
48,417,,2118,2271,0.9326287978863936,0.8981314677957032,0.9671261279770841
48,419,,13075,15894,0.8226374732603499,0.8012747671830981,0.8440001793376016
48,421,,1174,1532,0.7663185378590078,0.6767444884733957,0.8558925872446199
48,423,,142229,160294,0.887300834716209,0.8765108309377043,0.8980908384947137
48,425,,6408,6925,0.9253429602888087,0.8974319501496977,0.9532539704279197
48,427,,22473,37199,0.6041291432565391,0.5765431574746969,0.6317151290383813
48,429,,5386,6429,0.8377663711308135,0.7964334771699147,0.8790992650917123
48,431,,703,837,0.8399044205495818,0.7286764410649413,0.9511324000342223
48,433,,766,848,0.9033018867924528,0.8361311367181039,0.9704726368668017
48,435,,1884,2299,0.8194867333623315,0.7403539530594253,0.8986195136652376
48,437,,3716,4648,0.7994836488812392,0.739272813982106,0.8596944837803725
48,439,,1232921,1412762,0.8727025500402757,0.8691446579278886,0.8762604421526629
48,441,,80730,89663,0.9003713906516624,0.8900540360348198,0.910688745268505
48,443,,631,670,0.9417910447761194,0.8787602307055653,1
48,445,,5809,7428,0.7820409262250942,0.7334235421209562,0.8306583103292323
48,447,,1098,1173,0.9360613810741688,0.9036801089591664,0.9684426531891712
48,449,,15311,19569,0.7824109561040421,0.7584937413560308,0.8063281708520534
48,451,,68446,78620,0.8705927244975833,0.8575517187957908,0.8836337301993757
48,453,,865937,941975,0.9192781124764458,0.9151221258274738,0.9234340991254177
48,455,,9131,10292,0.8871939370384765,0.8595648143850345,0.9148230596919185
48,457,,12646,14869,0.8504943170354429,0.8216000113958273,0.8793886226750585
48,459,,25515,29223,0.8731136433631044,0.854496420228963,0.8917308664972458
48,461,,1761,2217,0.7943166441136671,0.7173707768877657,0.8712625113395684
48,463,,12102,15561,0.7777135145556198,0.7354392681686045,0.819987760942635
48,465,,22307,29064,0.7675130745939994,0.7460882777403708,0.7889378714476281
48,467,,38007,43691,0.8699045570025864,0.8487795972340721,0.8910295167711006
48,469,,51078,60159,0.8490500174537475,0.8325221323644787,0.8655779025430164
48,471,,45604,53973,0.8449409890130251,0.825119114869103,0.8647628631569471
48,473,,29956,35538,0.8429286960436716,0.8140110357531593,0.871846356334184
48,475,,5655,7237,0.7814011330661876,0.7281584447845331,0.8346438213478422
48,477,,22389,24835,0.9015099657741091,0.8853173526661458,0.9177025788820725
48,479,,109442,154265,0.7094415453926685,0.6982545931329807,0.7206284976523563
48,481,,23382,27334,0.85541816053267,0.8354771160627256,0.8753592050026143
48,483,,3029,3402,0.8903586125808348,0.8533865419496819,0.9273306832119877
48,485,,73727,84302,0.8745581362245262,0.8619478382570213,0.8871684341920311
48,487,,7131,8754,0.8145990404386566,0.776761654275025,0.8524364266022882
48,489,,9293,13061,0.7115075415358701,0.6746336880859252,0.7483813949858151
48,491,,431293,458124,0.9414328871659201,0.9365707125416995,0.9462950617901407
48,493,,32627,36318,0.8983699542926372,0.8799179394080047,0.9168219691772698
48,495,,3394,4668,0.7270779777206512,0.66935435456728265,0.7848016008740197
48,497,,44228,50855,0.869688329564448,0.8570087828062378,0.8823678763226581
48,499,,30369,34578,0.8782752038868645,0.8573025151686641,0.899247892605065
48,501,,3254,4345,0.7489067894131185,0.6696979263591839,0.8281156524670531
48,503,,11106,12548,0.8850812878546382,0.853593743231073,0.9165688324782035
48,505,,5328,8090,0.6585908529048208,0.5995474401277368,0.7176342656819048
48,507,,4073,5790,0.703454231433506,0.6283448611249988,0.7785636017420133
49,000,,1918440,2054893,0.9335960558530298,0.9319708982448345,0.9352212134612252
49,001,,4232,4540,0.93215859030837,0.8934459387668781,0.970871241849862
49,003,,34150,36976,0.923572046733016,0.9109311463968526,0.9362129470691793
49,005,,68942,72944,0.9451359947356877,0.9367894739088589,0.9534825155625164
49,007,,12541,13558,0.9249889364213011,0.907121661582175,0.9428562112604272
49,009,,521,562,0.9270462633451957,0.8611862112647135,0.9929063154256779
49,011,,214194,223978,0.9563171382903678,0.9513891267547395,0.9612451498259961
49,013,,11054,12057,0.9168118105664759,0.9002344204081331,0.9333892007248187
49,015,,6103,6441,0.9475236764477566,0.9343598469339656,0.9606875059615476
49,017,,3637,3813,0.953842119066352,0.9224873709156082,0.9851968672170958
49,019,,6609,6978,0.9471195184866724,0.940787581913519,0.9534514550598259
49,021,,33205,35634,0.93183476455071,0.9192868760035946,0.9443826530978254
49,023,,6743,7155,0.9424178895877009,0.9230671274247536,0.9617686517506482
49,025,,5682,6054,0.9385530227948464,0.8837352966239556,0.9933707489657373
49,027,,7423,8099,0.9165329052969502,0.8981640122079387,0.9349017983859617
49,029,,7187,7345,0.9784887678692988,0.9625731889727677,0.99440434676583
49,031,,979,1157,0.8461538461538461,0.7855403283268968,0.9067673639807955
49,033,,1689,1722,0.980836236933798,0.9743433194397559,0.98732915442784
49,035,,712422,775244,0.918964867835159,,
49,037,,7778,8836,0.8802625622453599,0.8634832619806277,0.8970418625100921
49,039,,16577,18133,0.9141895990735124,0.8997486263909891,0.9286305717560357
49,041,,13081,14049,0.9310982988113033,0.9169456539675348,0.9452509436550719
49,043,,28167,29438,0.9568245125348189,0.9458063290282999,0.967842696041338
49,045,,43547,47262,0.9213956243916889,0.9095422681806337,0.9332489806027441
49,047,,19943,22196,0.8984952243647504,0.8788790376080824,0.9181114111214184
49,049,,346110,363946,0.9509927296906684,,
49,051,,21863,22837,0.957349914612252,0.9432875953803668,0.9714122338441373
49,053,,123609,130298,0.948663832138636,0.9424413201677653,0.9548863441095068
49,055,,1896,1963,0.9658685685175752,0.9322816172240556,0.9994555198110948
49,057,,158556,171678,0.9235662111627582,0.9174626102064578,0.9296698121190585
50,000,,442737,466428,0.9492075947413106,0.946403883041866,0.9520113064407552
50,001,,25328,26525,0.9548727615457115,0.9468380385438803,0.9629074845475428
50,003,,25523,27047,0.9436536399600695,0.9321573633309094,0.9551499165892295
50,005,,20928,22336,0.9369627507163324,0.9226788766506016,0.9512466247820632
50,007,,110371,114817,0.9612775111699488,0.9550011920193883,0.9675538303205092
50,009,,4118,4589,0.8973632599694923,0.8728515337365803,0.9218749862024043
50,011,,33772,36167,0.9337794121713164,0.9194860256227052,0.9480727987199277
50,013,,5509,5749,0.9582536093233606,0.9451405511873647,0.9713666674593564
50,015,,17669,18864,0.9366518235793045,0.92125041073056,0.9520532364280491
50,017,,21128,22280,0.948294434470377,0.9382641187885271,0.9583247501522268
50,019,,18769,20349,0.9223549068750307,0.9094473516698527,0.9352624620802088
50,021,,42466,45098,0.9416382101201827,0.9323234646512961,0.9509529555890692
50,023,,42709,44302,0.9640422554286489,0.9567462409911506,0.9713382698661471
50,025,,32654,34265,0.9529840945571283,0.943876637298421,0.9620915518158356
50,027,,41793,44040,0.9489782016348773,0.9392621472476398,0.9586942560221149
51,000,,5501058,6007678,0.9156712460288318,0.9140394385724846,0.9173030534851789
51,001,,20278,24260,0.8358615004122012,0.8154056048156401,0.8563173960087623
51,003,,74512,79091,0.9421046642475124,0.9333057722930007,0.950903556202024
51,005,,9913,11059,0.8963739940320101,0.8710788918972278,0.9216690961667925
51,007,,8523,9854,0.8649279480414045,0.829067880927699,0.90078801515511
51,009,,20088,22406,0.896545568151388,0.8759427095472401,0.9171484267555359
51,011,,10862,11746,0.9247403371360463,0.9059451786699785,0.9435354956021141
51,013,,165559,173940,0.9518167184086467,0.9446256640953233,0.95900777272197
51,015,,53148,57803,0.9194678476895662,0.9050871951475958,0.9338485002315366
51,017,,2652,3158,0.8397720075997467,0.7399336650654644,0.9396103501340289
51,019,,55190,59416,0.9288743772721153,0.9198175466314255,0.9379312079128052
51,021,,4589,4968,0.9237117552334944,0.8882301249784442,0.9591933854885445
51,023,,23893,25338,0.9429710316520641,0.9292813572514191,0.956660706052709
51,025,,9970,12106,0.8235585660003304,0.7951566680141468,0.851960463986514
51,027,,11718,14909,0.7859682071232141,0.7514035444964343,0.820532869749994
51,029,,11050,12848,0.8600560398505604,0.8319832548460001,0.8881288248551208
51,031,,36350,40335,0.9012024296516673,0.8872492773242419,0.9151555819790927
51,033,,20333,22716,0.8950959675999296,0.8742305375757515,0.9159613976241077
51,035,,18854,22061,0.85463034313947694,0.8288077276056878,0.8804529586732661
51,036,,4606,5243,0.8785046728971962,0.8562901947388639,0.9007191510555286
51,037,,6783,8142,0.8330876934414149,0.7971234476414056,0.8690519392414241
51,041,,238608,256373,0.9307064316445179,0.924709741307445,0.9367031219815909
51,043,,10405,11200,0.9290178571428571,0.9085090347716087,0.9495266795141055
51,045,,3019,3462,0.8720392836510688,0.8055217843398815,0.938556782962256
51,047,,31929,36346,0.878473559676443,0.858644277397648,0.898302841955238
51,049,,6305,7299,0.8638169612275655,0.8300064830510824,0.8976274394040485
51,051,,8662,10208,0.8485501567398119,0.8263793219507214,0.8707209915289025
51,053,,18540,20412,0.908289241622575,0.8821433415008558,0.9344351417442941
51,057,,6656,7840,0.8489795918367347,0.8154042751124536,0.8825549085610157
51,059,,736613,790570,0.9317492442161984,0.9278788677577461,0.9356196206746508
51,061,,47339,51216,0.9243009996875976,0.9130238924785496,0.9355781068966456
51,063,,10632,11678,0.9104298681281041,0.8863893885991415,0.9344703476570667
51,065,,19482,20806,0.9363645102374315,0.9168628214307514,0.9558661990441116
51,067,,36823,40329,0.9130650400456247,0.8977913102998747,0.9283387697913748
51,069,,59823,66519,0.8993370315248275,0.8867778869437822,0.9118961761058727
51,071,,11115,12100,0.9185950413223141,0.894186986598171,0.9430030960464572
51,073,,26686,29103,0.9169501425969832,0.8962588613066401,0.9376414238873262
51,075,,19343,20271,0.9542203147353362,0.9409774445973561,0.9674631848733163
51,077,,10067,11755,0.8564015312632922,0.8254576105688749,0.8873454519577095
51,079,,13641,14928,0.9137861736334405,0.8907606053737993,0.9368117418930817
51,081,,6793,8392,0.809461391801716,0.7703389962216246,0.8485837873818073
51,083,,20419,24341,0.8388726839488928,0.8192232406539387,0.8585221272438469
51,085,,74870,79261,0.944600749422793,0.9365804746558181,0.952621024189768
51,087,,220425,236135,0.9334702606559807,0.9274958180053771,0.9394447033065844
51,089,,30735,36690,0.8376941946034342,0.8213253798451008,0.8540630093617676
51,091,,1552,1748,0.8878718535469108,0.8494066403823926,0.926337066711429
51,093,,26460,28726,0.9211167583373947,0.9084297798163987,0.9338037368583907
51,095,,56781,59644,0.9519985245791698,0.9433457454457096,0.96065130371263
51,097,,4776,5271,0.9060899260102447,0.8768174500357127,0.9353624019847768
51,099,,17256,18732,0.9212043561819346,0.9016762221295559,0.9407324902343134
51,101,,12197,13085,0.9321360336262896,0.9113513793970572,0.952920687855522
51,103,,7731,8878,0.8708042351881055,0.8278075014663631,0.9138009689098479
51,105,,13823,16494,0.8380623256941918,0.8161381275366706,0.859986523851713
51,107,,266656,283980,0.9389957039228115,0.9336911298282523,0.9443002780173707
51,109,,26531,29489,0.8996914103564041,0.8861537520924824,0.9132290686203258
51,111,,7086,8799,0.8053187862257075,0.7705331669358708,0.8401044055155442
51,113,,9080,10171,0.8927342444204109,0.8662203096383583,0.9192481792024636
51,115,,6071,6687,0.9078809630626589,0.8629719372545449,0.9527899888707728
51,117,,19653,22904,0.858059727558505,0.8378189424068367,0.8783005127101733
51,119,,7911,8664,0.9130886426592798,0.8806239196172129,0.9455533657013467
51,121,,53851,56201,0.9581857974057401,0.9488523027081852,0.9675192921032949
51,125,,10068,11224,0.8970064148253742,0.8690071269146202,0.9250057027361283
51,127,,17468,18555,0.9414174077068176,0.9228739886698172,0.959960826743818
51,131,,8009,9165,0.8738679759956356,0.8540499968410624,0.8936859551502088
51,133,,8715,9740,0.8947638603696099,0.871238402260782,0.9182893184784378
51,135,,9672,11300,0.855929203539823,0.8300486934507865,0.8818097136288596
51,137,,24748,27059,0.9145940352562918,0.8987726376295456,0.930415432883038
51,139,,14481,17422,0.831190448857766,0.8027596943352898,0.8596212033802423
51,141,,11381,13469,0.8449773554087163,0.8194292282634756,0.870525482553957
51,143,,38443,44774,0.8586009737794256,0.845468178237139,0.8717337693217121
51,145,,21751,23766,0.9152150130438441,0.8968310574344196,0.9335989686532686
51,147,,11388,12856,0.8858120721841941,0.8589334377717174,0.9126907065966708
51,149,,25002,27481,0.9097922200793276,0.8983989100929543,0.9211855300657009
51,153,,284948,316245,0.9010355894954861,0.894955018006265,0.9071161609847073
51,155,,23243,25355,0.9167028199566161,0.9013370870178543,0.9320685528953778
51,157,,5239,5729,0.9144702391342293,0.869139237383908,0.9598012408845507
51,159,,5687,6904,0.8237253765932793,0.7809495166240108,0.8665012365625477
51,161,,66913,70781,0.9453525663666803,0.9371378202551558,0.9535673124782048
51,163,,15539,17054,0.9111645361791955,0.8953749598864139,0.926954112471977
51,165,,51395,58774,0.8744512879844829,0.8608776225341591,0.8880249534348067
51,167,,15691,18954,0.8278463648834019,0.8023622026183513,0.8533305271484525
51,169,,13727,16190,0.8478690549722051,0.8262183904656173,0.8695197194787929
51,171,,28829,32115,0.8976802117390628,0.8789947711755255,0.9163656523026
51,173,,18799,21648,0.8683943089430894,0.84764005265887,0.8891485652273089
51,175,,11722,13434,0.8725621557242816,0.8503647843282783,0.894759527120285
51,177,,89591,98752,0.9072322585871678,0.8976228537545814,0.9168416634197543
51,179,,97909,105652,0.9267122250406996,0.9161028297192868,0.9373216203621124
51,181,,4506,4930,0.9139959432048681,0.885740719997363,0.9422511664123732
51,183,,6825,8134,0.8390705679862306,0.799786842322793,0.8783542936496682
51,185,,25078,28710,0.873493556252177,0.8510335565326953,0.8959535559716586
51,187,,26150,29321,0.891852256062208,0.8757742000918108,0.9079303120326051
51,191,,36396,40265,0.9039115857444431,0.8904148631492185,0.9174083083396677
51,193,,12646,14398,0.8783164328378942,0.85073782966675,0.9058950360090383
51,195,,20850,25719,0.8106847078035694,0.7874990227059327,0.833870392901206
51,197,,18713,20755,0.9016140688990605,0.8833307617162496,0.9198973760818714
51,199,,46200,48542,0.9517531210086111,0.9418126108468988,0.9616936311703234
51,510,,111036,119341,0.9304094988310807,0.9213877960283323,0.9394312016338291
51,520,,11071,12256,0.9033126631853786,0.8791439373841653,0.9274813889865919
51,530,,3580,4073,0.878958998281365,0.8348568895151437,0.9230611070475864
51,540,,27174,29062,0.9350354414699608,0.9200692218670076,0.950001661072914
51,550,,161379,171369,0.9417047423979833,0.9362381883551542,0.9471712964408124
51,570,,11427,12582,0.9082021936099189,0.8861955755601257,0.9302088116597121
51,580,,3316,3839,0.8637666058869498,0.8140292272532318,0.9135039845206677
51,590,,25293,29046,0.870791158851477,0.8516921370682459,0.889890180634708
51,595,,2921,3625,0.8057931034482758,0.7310601872738444,0.8805260196227073
51,600,,14813,16333,0.9069368762627809,0.885340097344809,0.9285336551807527
51,610,,9676,10140,0.954240631163708,0.9292174197905652,0.979263842536851
51,620,,4821,5591,0.862278662135575,0.8088561678473342,0.9157011564238159
51,630,,16112,17471,0.9222139545532597,0.902072340930444,0.9423555681760755
51,640,,3764,4462,0.8435679067682653,0.7912818367044344,0.8958539768320962
51,650,,86875,93424,0.9299002397670834,0.9206218175695813,0.9391786619645854
51,660,,21691,25732,0.8429581843618841,0.8210718337583561,0.864844534965412
51,670,,13358,15057,0.8871621172876403,0.8617791465798582,0.9125450879954223
51,678,,3066,3367,0.9106029106029107,0.8294699623431055,0.9917358588627158
51,680,,40626,44667,0.9095305258915978,0.8934947660906954,0.9255662856925001
51,683,,22500,27764,0.8104019593718484,0.7824517857195002,0.8383521330241966
51,685,,8681,11243,0.772124877701681,0.7294792242150199,0.8147705311883422
51,690,,7872,8873,0.8871858446973966,0.8557564446320337,0.9186152447627595
51,700,,110512,120123,0.9199903432315211,0.9110061362344942,0.9289745502285479
51,710,,136807,151600,0.9024208443271767,0.8942455462217967,0.9105961424325567
51,720,,2364,2509,0.9422080510163412,0.9036513307335231,0.9807647712991593
51,730,,19703,22713,0.8674767754149606,0.8454008745786671,0.8895526762512541
51,735,,8703,8928,0.9747983870967742,0.9590573743463618,0.9905393998471866
51,740,,58672,65901,0.8903051547017496,0.8788110147263353,0.901799294677164
51,750,,7027,7492,0.9379337960491191,0.9229042786532826,0.9529633134449556
51,760,,147113,163087,0.9020522788450336,0.8929932317521276,0.9111113259379395
51,770,,61688,68787,0.8967973599662727,0.8846957540451579,0.9088989658873876
51,775,,16115,17116,0.9415167095115681,0.9262556445069842,0.956777774516152
51,790,,17372,18506,0.9387225764616881,0.9252164753700077,0.9522286775533685
51,800,,61743,67698,0.9120358060799433,0.9009755175477012,0.9230960946121853
51,810,,301170,317944,0.9472422816596633,0.9432516694453246,0.951232893874002
51,820,,14411,16166,0.891438822219473,0.8649853771590721,0.9178922672798739
51,830,,7170,7668,0.935054773082942,0.9072088659855021,0.962900680180382
51,840,,16498,18845,0.8754576810825152,0.8511236024072323,0.8997917597577981
53,000,,5060127,5484391,0.92264154762124,0.9214130508555548,0.9238700443869251
53,001,,7488,11369,0.6586331251649221,0.6246502656730811,0.6926159846567631
53,003,,15194,16492,0.9212951734174145,0.9041118630781637,0.9384784837566653
53,005,,124419,139198,0.8938274975215161,0.8843821532782503,0.903272841764782
53,007,,48434,55826,0.8675885787984093,0.8531559518810344,0.8820212057157842
53,009,,57340,61116,0.9382158518227632,0.929128120417573,0.9473035832279535
53,011,,331641,358275,0.9256604563533598,,
53,013,,2743,3058,0.8969914977109221,0.8703108842101062,0.9236721112117381
53,015,,70959,78946,0.898829579712715,0.888316479117819,0.9093426803076111
53,017,,24599,29806,0.8253036301415823,0.8069117267328487,0.8436955335503158
53,019,,5179,5687,0.9106734657991912,0.8862972241043003,0.935049707494082
53,021,,44909,58009,0.7741729731593373,0.7549981742535166,0.793347772065158
53,023,,1637,1734,0.9440599769319492,0.9023913169952592,0.9857286368686392
53,025,,51433,63192,0.8139163185213318,0.7950961874889964,0.8327364495536673
53,027,,50831,56642,0.8974082836058049,0.8862351301642224,0.9085814370473875
53,029,,61947,64643,0.9582940148198568,0.9510055939075882,0.9655824357321253
53,031,,27252,28552,0.9544690389464836,0.943716963351914,0.9652211145410532
53,033,,1555020,1657996,0.937891285624332,,
53,035,,189265,198424,0.9538412692013063,0.9495598603189702,0.9581226780836424
53,037,,27897,29857,0.9343537528887698,0.9225448276844544,0.9461626780930851
53,039,,15880,17714,0.8964660720334199,0.8740531507424817,0.9188789933243581
53,041,,55492,60791,0.9128324916517248,0.9014975262948656,0.9241674570085839
53,043,,7589,8218,0.9234606960330981,0.9087997342152789,0.9381216578509173
53,045,,45488,50192,0.9062798852406758,0.8924663433112275,0.9200934271701241
53,047,,26686,31265,0.8535422996961458,0.8336049270326383,0.8734796723596533
53,049,,17460,19202,0.9092802833038225,0.8935215041726918,0.9250390624349532
53,051,,9746,10390,0.9380173243503369,0.9212488701170147,0.9547857785836591
53,053,,587797,635580,0.9248198495862048,,
53,055,,14710,15340,0.9589308996088657,0.9492737213583139,0.9685880778594175
53,057,,86747,94631,0.9166869207764897,0.9068059600133154,0.9265678815396641
53,059,,8929,9574,0.9326300396908294,0.9137369233515037,0.951523156030155
53,061,,555198,596438,0.9308561828723186,0.9270204645385158,0.9346919012061214
53,063,,362160,382006,0.9480479364198469,,
53,065,,32033,34909,0.9176143687874188,0.9068808495765046,0.9283478879983329
53,067,,202844,214184,0.9470548687110149,0.9416097609571037,0.952499976464926
53,069,,3347,3579,0.9351774238614138,0.9038307500250337,0.9665240976977939
53,071,,36849,41195,0.8945017599223206,0.879176810026507,0.9098267098181342
53,073,,148061,157791,0.938336153519529,0.9318613855089961,0.944810921530062
53,075,,23579,24572,0.9595881491128113,0.9472394953440005,0.9719368028816221
53,077,,121345,157998,0.7680160508360865,0.7573906961814124,0.7786414054907606
54,000,,1131078,1266322,0.8931993600363889,0.8898173409896023,0.8965813790831755
54,001,,9380,10596,0.8852397130992827,0.856200143506701,0.9142792826918644
54,003,,81862,90016,0.9094161038037682,0.8989893730067625,0.919842834600774
54,005,,13080,15104,0.8659957627118644,0.8372356095846893,0.8947559158390395
54,007,,7723,9142,0.8447823233428133,0.8140371720031767,0.87552747468245
54,009,,15047,16045,0.9377999376752882,0.9214081069025706,0.9541917684480059
54,011,,55971,61766,0.906178156267202,0.8934507322096504,0.9189055803247536
54,013,,3830,4620,0.829004329004329,0.7833682902147483,0.8746403677939096
54,015,,4585,5401,0.8489168672468062,0.8050521737456123,0.892781560748
54,017,,4928,5829,0.8454280322525305,0.8149673323621626,0.8758887321428984
54,019,,24987,28751,0.8690828145107996,0.8505854237012657,0.8875802053203335
54,021,,4560,5343,0.8534531162268388,0.8173880169647845,0.8895182154888932
54,023,,7276,8119,0.8961694789998769,0.8659568323972147,0.9263821256025391
54,025,,20904,23941,0.8731464851092269,0.8551202592221223,0.8911727109963314
54,027,,15712,17746,0.8853826214358165,0.8580397516571829,0.91272549121445
54,029,,19300,21225,0.9093050647820966,0.8925201675679554,0.9260899619962378
54,031,,8920,10505,0.849119466920514,0.8192529780662301,0.8789859557747979
54,033,,41719,46451,0.8981292114270952,0.8822039937000107,0.9140544291541798
54,035,,17724,19772,0.8964191786364556,0.8740772934886989,0.9187610637842123
54,037,,37468,41599,0.9006947282386596,0.8848213760767639,0.9165680804005553
54,039,,117235,128199,0.914476711986833,0.9059249121473967,0.9230285118262693
54,041,,10550,11927,0.8845476649618512,0.8565930374455674,0.9125022924781351
54,043,,11539,14071,0.8200554331604009,0.7858811447043175,0.85422972161648425
54,045,,18968,22624,0.8384016973125884,0.8125396507377637,0.8642637438874131
54,047,,10152,13450,0.7547955390334572,0.7169042440647905,0.7926868340021239
54,049,,35945,38741,0.9278283988539273,0.9165098641209874,0.9391469335868672
54,051,,20574,22244,0.9249235748966014,0.9051325022222848,0.9447146475709179
54,053,,15902,18233,0.8721548840015356,0.8426737026426269,0.9016360653604444
54,055,,36825,41567,0.8859191185315274,0.8679780069933395,0.9038602300697153
54,057,,18365,19488,0.9423747947454844,0.924700615592925,0.9600489738980437
54,059,,12617,15963,0.7903902775167575,0.7557708985160866,0.8250096565174284
54,061,,62948,66507,0.9464868359721533,0.9379951855501797,0.954978486394127
54,063,,7837,8946,0.8760339816677845,0.8321875511510771,0.9198804121844918
54,065,,11854,13319,0.8900067572640589,0.8625369071524996,0.9174766073756181
54,067,,15969,17687,0.9028665121275513,0.8808205528757723,0.9249124713793303
54,069,,27216,29362,0.926912335671957,0.9133227936335919,0.940501877710322
54,071,,3978,4459,0.892128279883382,0.8609206889192778,0.9233358708474861
54,073,,4907,5489,0.8939697576972127,0.8510088718075445,0.9369306435868808
54,075,,5053,5897,0.8568763778192301,0.821457454592677,0.8922953010457831
54,077,,22277,25831,0.8624133792729666,0.8452818393115517,0.8795449192343815
54,079,,38160,40602,0.9398551795478055,0.9300444881332091,0.949665870962402
54,081,,44766,52099,0.8592487379796158,0.8379702718266164,0.8805272041326151
54,083,,17906,20279,0.8829823955816362,0.8621262776689571,0.9038385134943152
54,085,,5194,6092,0.8525935653315824,0.813884677556114,0.8913024531070507
54,087,,8552,10121,0.8449757929058394,0.8142865202576026,0.8756650655540761
54,089,,7673,9221,0.8321223294653508,0.7942168402091936,0.870027818721508
54,091,,10594,12051,0.8790971703593062,0.841455401612097,0.9167389391065155
54,093,,4737,5228,0.9060826319816373,0.8796352906370337,0.9325299733262409
54,095,,5414,5984,0.9047459893048129,0.8772075632762226,0.9322844153334031
54,097,,14549,16434,0.8852987708409396,0.8579790271410397,0.9126185145408394
54,099,,24095,27532,0.8751634461717275,0.85261490322082,0.897711989122635
54,101,,4890,5991,0.8162243365047571,0.7699419501593686,0.8625067228501456
54,103,,9193,10095,0.9106488360574542,0.886398069510322,0.9348996026045864
54,105,,3233,3598,0.8985547526403558,0.8607939772830856,0.936315527997626
54,107,,54744,60017,0.9121415598913641,0.900379515058365,0.9239036047243633
54,109,,11691,15003,0.7792441511697661,0.7405075009806958,0.8179808013588363
55,000,,3835965,4099973,0.9356073808290932,0.9343990357108324,0.9368157259473541
55,001,,15397,17220,0.8941347270615563,0.8810119347283918,0.9072575193947208
55,003,,10771,11281,0.954791241911178,0.944452361527041,0.965130122295315
55,005,,30728,33522,0.9166517510888372,0.9083262091151546,0.9249772930625199
55,007,,12449,12972,0.9596823928461301,0.9532357699660384,0.9661290157262218
55,009,,171896,183605,0.9362272269273713,0.9306156083557782,0.9418388454989643
55,011,,9128,9849,0.9267945984363894,0.9108081594157224,0.9427810374570565
55,013,,12523,13383,0.9357393708436076,0.9275660940011736,0.9439126476860416
55,015,,35432,37260,0.9509393451422437,0.9418626284823469,0.9600160618021404
55,017,,44897,47892,0.9374634594504301,0.928466355656987,0.9464605632438732
55,019,,17888,21569,0.8293384023366869,0.8181591247265251,0.8405176799468487
55,021,,39651,42187,0.9398866949534217,0.9306543936046071,0.9491189963022363
55,023,,10972,11824,0.9279431664411367,0.913510942300886,0.9423753905813874
55,025,,368220,381793,0.964449322014809,0.9612680819730091,0.967630562056609
55,027,,59879,64592,0.9270343076541987,0.9185606069159188,0.9355080083924786
55,029,,22995,23857,0.9638680471140546,0.9556741389576492,0.97206195527046
55,031,,30312,32095,0.9444461754167316,0.9365426710228321,0.9523496798106311
55,033,,27054,28594,0.9461425473875639,0.9361692358400778,0.9561158589350499
55,035,,66107,68922,0.9591567278953019,0.9546511104408234,0.9636623453497805
55,037,,3434,3717,0.9238633306429916,0.8978639352423455,0.9498627260436378
55,039,,68193,73265,0.9307718555927114,0.9213237052006842,0.9402200059847385
55,041,,6269,6945,0.9026637868970482,0.8795947016443337,0.9257328721497626
55,043,,30559,32699,0.9345545735343589,0.9268462630551484,0.9422628840135694
55,045,,25003,26629,0.9389387509857674,0.9306431074259677,0.9472343945455671
55,047,,12505,13679,0.9141750127933328,0.8990069737510862,0.9293430518355794
55,049,,16306,17120,0.9524532710280373,0.942535061544468,0.9623714805116067
55,051,,4739,4979,0.9517975497087768,0.9374059711393387,0.966189128278215
55,053,,13920,15108,0.9213661636219221,0.9114138358964569,0.9313184913473874
55,055,,55901,60143,0.9294681010258883,0.919300207792862,0.9396359942589145
55,057,,17867,19792,0.9027384801940178,0.888411749302641,0.9170652110853946
55,059,,106295,115540,0.9199844209797473,0.9115988270082751,0.9283700149512195
55,061,,14002,14824,0.9445493793847815,0.9331260096447439,0.955972749124819
55,063,,76079,78820,0.965224562293834,0.9597926239879394,0.9706565005997286
55,065,,10443,11410,0.9152497808939527,0.9070376256983146,0.9234619360895908
55,067,,13157,14455,0.9102040816326531,0.8940888055230586,0.9263193577422476
55,069,,19997,21637,0.9242039099690346,0.9097919303829839,0.9386158895550852
55,071,,54551,59083,0.923294348628201,0.9127076272680552,0.9338810699883469
55,073,,90664,97134,0.9333909856486915,0.9267170899864685,0.9400648813109145
55,075,,29327,31486,0.9314298418344661,0.9223063682021352,0.940553315466797
55,077,,10951,11882,0.9216461875105201,0.9103055709514712,0.9329868040695689
55,078,,2462,2597,0.948016942626107,0.9209104093088609,0.9751234759433531
55,079,,554792,619605,0.8953962605208157,0.8921487544378104,0.898643766603821
55,081,,28337,31202,0.9081789628869944,0.8966211755964781,0.9197367501775107
55,083,,27545,29450,0.9353140916808149,0.9262982986530179,0.9443298847086119
55,085,,28450,29646,0.9596572893476354,0.9504150163150097,0.9688995623802611
55,087,,125846,132505,0.9497452926304668,0.944104851776766,0.9553857334841677
55,089,,64277,65716,0.9781027451457788,0.9725789881210845,0.9836265021704731
55,091,,5011,5328,0.940503003003003,0.9246773596398148,0.9563286463661913
55,093,,26681,27710,0.9628653915553952,0.9529789068173838,0.9727518762934065
55,095,,31575,33560,0.9408522050059595,0.9324411850292982,0.9492632249826207
55,097,,43974,46544,0.9447834307322104,0.9358934370346426,0.9536734244297782
55,099,,10157,10820,0.938724584103512,0.9292245277960243,0.9482246404109997
55,101,,126287,136564,0.9247459066811166,0.9176237690199842,0.9318680443422489
55,103,,11485,12384,0.927406330749354,0.9144413383866858,0.9403713231120221
55,105,,105368,113735,0.9264342550666022,0.9198953633699839,0.9329731467632204
55,107,,9712,10457,0.9287558573204552,0.9183808409969714,0.939130873643939
55,109,,64101,66152,0.9689956463901318,0.9633871919249738,0.9746041008552898
55,111,,43081,46519,0.9260947139878329,0.9163566993674346,0.9358327286082313
55,113,,13393,14286,0.9374912501749965,0.9273748811523308,0.9476076191976621
55,115,,27638,29556,0.9351062390039248,0.9257248607565234,0.9444876172513261
55,117,,77513,82942,0.9345446215427649,0.9270830367418476,0.9420062063436822
55,119,,12817,14018,0.9143244400057069,0.9053579066225174,0.9232909733888964
55,121,,18578,20479,0.907173201816495,0.8981770645782069,0.916169339054783
55,123,,18820,20839,0.9031143528960123,0.8907137230561056,0.9155149827359189
55,125,,18079,18717,0.9659133408131645,0.9595324619763981,0.9722942196499309
55,127,,66623,71642,0.9299433293319561,0.9216737328621772,0.938212925801735
55,129,,12038,12807,0.9399547122667291,0.9312802918058233,0.9486291327276349
55,131,,94869,99019,0.9580888516345348,0.9517549910238202,0.9644227122452494
55,133,,286784,295060,0.971951467498136,0.9690632506820148,0.9748396843142572
55,135,,34847,37688,0.9246179155168754,0.9124688243472772,0.9367670066864737
55,137,,17062,18930,0.9013206550449022,0.8906769362072443,0.9119643738825601
55,139,,111060,117593,0.9444439720051364,0.9390178650868296,0.9498700789234432
55,141,,50242,53139,0.9454826022318824,0.9381648660850008,0.952800338378764
56,000,,375593,398785,0.9418433491731133,0.9387372874201408,0.9449494109260858
56,001,,21029,21635,0.9719898312918881,0.9639651793971221,0.9800144831866541
56,003,,7255,8149,0.8902932875199411,0.8601940982969691,0.920392476742913
56,005,,28644,31127,0.9202300253798953,0.9028713522791855,0.9375886984806051
56,007,,9282,10234,0.9069767441860465,0.8824594744811136,0.9314940138909793
56,009,,9044,9549,0.9471148811393864,0.9203729127814376,0.9738568494973351
56,011,,4846,5212,0.929777436684574,0.9043125949061133,0.9552422784630348
56,013,,24986,26654,0.9374202746304494,0.9265714641271978,0.948269085133701
56,015,,8408,8930,0.941545352743561,0.9183253588384784,0.9647653466486436
56,017,,3116,3266,0.9540722596448254,0.9225054411263551,0.9856390781632958
56,019,,6038,6414,0.9413782351106954,0.9291342428166579,0.9536222274047329
56,021,,65970,69419,0.9503161958541609,0.9402878863325448,0.9603445053757771
56,023,,13335,13955,0.9555714797563597,0.9397919461681773,0.9713510133445421
56,025,,51302,54860,0.9351440029165148,0.9259327774649964,0.9443552283680332
56,027,,1908,2008,0.950199203187251,0.9357582110090784,0.9646401953654237
56,029,,20795,21880,0.9504113345521024,0.9329507960913702,0.9678718730128345
56,031,,6112,6581,0.9287342349187053,0.9133283666240043,0.9441401032134064
56,033,,21997,22866,0.9619959765590833,0.9525169362645837,0.971475016853583
56,035,,6233,6508,0.9577443146896127,0.9345411491664943,0.9809474802127311
56,037,,25514,27494,0.9279842874809049,0.9145296095690703,0.9414389653927395
56,039,,17451,18008,0.9690693025322079,0.9533139763951857,0.9848246286692302
56,041,,12687,13470,0.9418708240534521,0.9268995679471808,0.9568420801597235
56,043,,5036,5500,0.9156363636363636,0.8862861246761483,0.9449866025965789
56,045,,4605,5066,0.909001184366364,0.8765945759044022,0.9414077928283259
